solid 
 facet normal -1.000000e+00  0.000000e+00  0.000000e+00
   outer loop
     vertex -1.550000e+02 -9.200000e+01  2.200000e+01
     vertex -1.550000e+02 -5.000000e+01  0.000000e+00
     vertex -1.550000e+02 -9.200000e+01  0.000000e+00
   endloop
 endfacet
 facet normal -1.000000e+00  0.000000e+00  0.000000e+00
   outer loop
     vertex -1.550000e+02 -9.200000e+01  2.200000e+01
     vertex -1.550000e+02 -5.000000e+01  2.200000e+01
     vertex -1.550000e+02 -5.000000e+01  0.000000e+00
   endloop
 endfacet
 facet normal  0.000000e+00 -1.000000e+00  0.000000e+00
   outer loop
     vertex -8.700000e+01 -9.200000e+01  0.000000e+00
     vertex -1.550000e+02 -9.200000e+01  2.200000e+01
     vertex -1.550000e+02 -9.200000e+01  0.000000e+00
   endloop
 endfacet
 facet normal -0.000000e+00 -1.000000e+00 -0.000000e+00
   outer loop
     vertex -8.700000e+01 -9.200000e+01  2.200000e+01
     vertex -1.550000e+02 -9.200000e+01  2.200000e+01
     vertex -8.700000e+01 -9.200000e+01  0.000000e+00
   endloop
 endfacet
 facet normal  0.000000e+00  0.000000e+00  1.000000e+00
   outer loop
     vertex -1.428977e+02 -8.504029e+01  2.200000e+01
     vertex -1.429800e+02 -8.495965e+01  2.200000e+01
     vertex -1.550000e+02 -9.200000e+01  2.200000e+01
   endloop
 endfacet
 facet normal  0.000000e+00  0.000000e+00  1.000000e+00
   outer loop
     vertex -1.430601e+02 -8.487678e+01  2.200000e+01
     vertex -1.550000e+02 -9.200000e+01  2.200000e+01
     vertex -1.429800e+02 -8.495965e+01  2.200000e+01
   endloop
 endfacet
 facet normal  0.000000e+00  0.000000e+00  1.000000e+00
   outer loop
     vertex -1.428132e+02 -8.511864e+01  2.200000e+01
     vertex -1.428977e+02 -8.504029e+01  2.200000e+01
     vertex -1.550000e+02 -9.200000e+01  2.200000e+01
   endloop
 endfacet
 facet normal  0.000000e+00  0.000000e+00  1.000000e+00
   outer loop
     vertex -1.431379e+02 -8.479174e+01  2.200000e+01
     vertex -1.550000e+02 -9.200000e+01  2.200000e+01
     vertex -1.430601e+02 -8.487678e+01  2.200000e+01
   endloop
 endfacet
 facet normal  0.000000e+00  0.000000e+00  1.000000e+00
   outer loop
     vertex -1.427266e+02 -8.519464e+01  2.200000e+01
     vertex -1.428132e+02 -8.511864e+01  2.200000e+01
     vertex -1.550000e+02 -9.200000e+01  2.200000e+01
   endloop
 endfacet
 facet normal  0.000000e+00  0.000000e+00  1.000000e+00
   outer loop
     vertex -1.432133e+02 -8.470461e+01  2.200000e+01
     vertex -1.550000e+02 -9.200000e+01  2.200000e+01
     vertex -1.431379e+02 -8.479174e+01  2.200000e+01
   endloop
 endfacet
 facet normal  0.000000e+00  0.000000e+00  1.000000e+00
   outer loop
     vertex -1.426379e+02 -8.526824e+01  2.200000e+01
     vertex -1.427266e+02 -8.519464e+01  2.200000e+01
     vertex -1.550000e+02 -9.200000e+01  2.200000e+01
   endloop
 endfacet
 facet normal  0.000000e+00  0.000000e+00  1.000000e+00
   outer loop
     vertex -1.432863e+02 -8.461544e+01  2.200000e+01
     vertex -1.550000e+02 -9.200000e+01  2.200000e+01
     vertex -1.432133e+02 -8.470461e+01  2.200000e+01
   endloop
 endfacet
 facet normal  0.000000e+00  0.000000e+00  1.000000e+00
   outer loop
     vertex -1.425473e+02 -8.533938e+01  2.200000e+01
     vertex -1.426379e+02 -8.526824e+01  2.200000e+01
     vertex -1.550000e+02 -9.200000e+01  2.200000e+01
   endloop
 endfacet
 facet normal  0.000000e+00  0.000000e+00  1.000000e+00
   outer loop
     vertex -1.433568e+02 -8.452430e+01  2.200000e+01
     vertex -1.550000e+02 -9.200000e+01  2.200000e+01
     vertex -1.432863e+02 -8.461544e+01  2.200000e+01
   endloop
 endfacet
 facet normal  0.000000e+00  0.000000e+00  1.000000e+00
   outer loop
     vertex -1.424547e+02 -8.540800e+01  2.200000e+01
     vertex -1.425473e+02 -8.533938e+01  2.200000e+01
     vertex -1.550000e+02 -9.200000e+01  2.200000e+01
   endloop
 endfacet
 facet normal  0.000000e+00  0.000000e+00  1.000000e+00
   outer loop
     vertex -1.434248e+02 -8.443126e+01  2.200000e+01
     vertex -1.550000e+02 -9.200000e+01  2.200000e+01
     vertex -1.433568e+02 -8.452430e+01  2.200000e+01
   endloop
 endfacet
 facet normal  0.000000e+00  0.000000e+00  1.000000e+00
   outer loop
     vertex -1.423603e+02 -8.547406e+01  2.200000e+01
     vertex -1.424547e+02 -8.540800e+01  2.200000e+01
     vertex -1.550000e+02 -9.200000e+01  2.200000e+01
   endloop
 endfacet
 facet normal  0.000000e+00  0.000000e+00  1.000000e+00
   outer loop
     vertex -1.434902e+02 -8.433639e+01  2.200000e+01
     vertex -1.550000e+02 -9.200000e+01  2.200000e+01
     vertex -1.434248e+02 -8.443126e+01  2.200000e+01
   endloop
 endfacet
 facet normal  0.000000e+00  0.000000e+00  1.000000e+00
   outer loop
     vertex -1.422641e+02 -8.553751e+01  2.200000e+01
     vertex -1.423603e+02 -8.547406e+01  2.200000e+01
     vertex -1.550000e+02 -9.200000e+01  2.200000e+01
   endloop
 endfacet
 facet normal  0.000000e+00  0.000000e+00  1.000000e+00
   outer loop
     vertex -1.435530e+02 -8.423976e+01  2.200000e+01
     vertex -1.550000e+02 -9.200000e+01  2.200000e+01
     vertex -1.434902e+02 -8.433639e+01  2.200000e+01
   endloop
 endfacet
 facet normal  0.000000e+00  0.000000e+00  1.000000e+00
   outer loop
     vertex -1.421662e+02 -8.559829e+01  2.200000e+01
     vertex -1.422641e+02 -8.553751e+01  2.200000e+01
     vertex -1.550000e+02 -9.200000e+01  2.200000e+01
   endloop
 endfacet
 facet normal  0.000000e+00  0.000000e+00  1.000000e+00
   outer loop
     vertex -1.436131e+02 -8.414144e+01  2.200000e+01
     vertex -1.550000e+02 -9.200000e+01  2.200000e+01
     vertex -1.435530e+02 -8.423976e+01  2.200000e+01
   endloop
 endfacet
 facet normal  0.000000e+00  0.000000e+00  1.000000e+00
   outer loop
     vertex -1.420666e+02 -8.565636e+01  2.200000e+01
     vertex -1.421662e+02 -8.559829e+01  2.200000e+01
     vertex -1.550000e+02 -9.200000e+01  2.200000e+01
   endloop
 endfacet
 facet normal  0.000000e+00  0.000000e+00  1.000000e+00
   outer loop
     vertex -1.436705e+02 -8.404152e+01  2.200000e+01
     vertex -1.550000e+02 -9.200000e+01  2.200000e+01
     vertex -1.436131e+02 -8.414144e+01  2.200000e+01
   endloop
 endfacet
 facet normal  0.000000e+00  0.000000e+00  1.000000e+00
   outer loop
     vertex -1.419656e+02 -8.571168e+01  2.200000e+01
     vertex -1.420666e+02 -8.565636e+01  2.200000e+01
     vertex -1.550000e+02 -9.200000e+01  2.200000e+01
   endloop
 endfacet
 facet normal  0.000000e+00  0.000000e+00  1.000000e+00
   outer loop
     vertex -1.437251e+02 -8.394005e+01  2.200000e+01
     vertex -1.550000e+02 -9.200000e+01  2.200000e+01
     vertex -1.436705e+02 -8.404152e+01  2.200000e+01
   endloop
 endfacet
 facet normal  0.000000e+00  0.000000e+00  1.000000e+00
   outer loop
     vertex -1.418630e+02 -8.576421e+01  2.200000e+01
     vertex -1.419656e+02 -8.571168e+01  2.200000e+01
     vertex -1.550000e+02 -9.200000e+01  2.200000e+01
   endloop
 endfacet
 facet normal  0.000000e+00  0.000000e+00  1.000000e+00
   outer loop
     vertex -1.437769e+02 -8.383713e+01  2.200000e+01
     vertex -1.550000e+02 -9.200000e+01  2.200000e+01
     vertex -1.437251e+02 -8.394005e+01  2.200000e+01
   endloop
 endfacet
 facet normal  0.000000e+00  0.000000e+00  1.000000e+00
   outer loop
     vertex -1.417590e+02 -8.581390e+01  2.200000e+01
     vertex -1.418630e+02 -8.576421e+01  2.200000e+01
     vertex -1.550000e+02 -9.200000e+01  2.200000e+01
   endloop
 endfacet
 facet normal  0.000000e+00  0.000000e+00  1.000000e+00
   outer loop
     vertex -1.438259e+02 -8.373282e+01  2.200000e+01
     vertex -1.550000e+02 -9.200000e+01  2.200000e+01
     vertex -1.437769e+02 -8.383713e+01  2.200000e+01
   endloop
 endfacet
 facet normal  0.000000e+00  0.000000e+00  1.000000e+00
   outer loop
     vertex -1.416537e+02 -8.586072e+01  2.200000e+01
     vertex -1.417590e+02 -8.581390e+01  2.200000e+01
     vertex -1.550000e+02 -9.200000e+01  2.200000e+01
   endloop
 endfacet
 facet normal  0.000000e+00  0.000000e+00  1.000000e+00
   outer loop
     vertex -1.438720e+02 -8.362721e+01  2.200000e+01
     vertex -1.550000e+02 -9.200000e+01  2.200000e+01
     vertex -1.438259e+02 -8.373282e+01  2.200000e+01
   endloop
 endfacet
 facet normal  0.000000e+00  0.000000e+00  1.000000e+00
   outer loop
     vertex -1.415472e+02 -8.590464e+01  2.200000e+01
     vertex -1.416537e+02 -8.586072e+01  2.200000e+01
     vertex -1.550000e+02 -9.200000e+01  2.200000e+01
   endloop
 endfacet
 facet normal  0.000000e+00  0.000000e+00  1.000000e+00
   outer loop
     vertex -1.439152e+02 -8.352037e+01  2.200000e+01
     vertex -1.550000e+02 -9.200000e+01  2.200000e+01
     vertex -1.438720e+02 -8.362721e+01  2.200000e+01
   endloop
 endfacet
 facet normal  0.000000e+00  0.000000e+00  1.000000e+00
   outer loop
     vertex -1.414395e+02 -8.594561e+01  2.200000e+01
     vertex -1.415472e+02 -8.590464e+01  2.200000e+01
     vertex -1.550000e+02 -9.200000e+01  2.200000e+01
   endloop
 endfacet
 facet normal  0.000000e+00  0.000000e+00  1.000000e+00
   outer loop
     vertex -1.439554e+02 -8.341239e+01  2.200000e+01
     vertex -1.550000e+02 -9.200000e+01  2.200000e+01
     vertex -1.439152e+02 -8.352037e+01  2.200000e+01
   endloop
 endfacet
 facet normal  0.000000e+00  0.000000e+00  1.000000e+00
   outer loop
     vertex -1.413307e+02 -8.598362e+01  2.200000e+01
     vertex -1.414395e+02 -8.594561e+01  2.200000e+01
     vertex -1.550000e+02 -9.200000e+01  2.200000e+01
   endloop
 endfacet
 facet normal  0.000000e+00  0.000000e+00  1.000000e+00
   outer loop
     vertex -1.439927e+02 -8.330335e+01  2.200000e+01
     vertex -1.550000e+02 -9.200000e+01  2.200000e+01
     vertex -1.439554e+02 -8.341239e+01  2.200000e+01
   endloop
 endfacet
 facet normal  0.000000e+00  0.000000e+00  1.000000e+00
   outer loop
     vertex -1.412209e+02 -8.601863e+01  2.200000e+01
     vertex -1.413307e+02 -8.598362e+01  2.200000e+01
     vertex -1.550000e+02 -9.200000e+01  2.200000e+01
   endloop
 endfacet
 facet normal  0.000000e+00  0.000000e+00  1.000000e+00
   outer loop
     vertex -1.440269e+02 -8.319332e+01  2.200000e+01
     vertex -1.550000e+02 -9.200000e+01  2.200000e+01
     vertex -1.439927e+02 -8.330335e+01  2.200000e+01
   endloop
 endfacet
 facet normal  0.000000e+00  0.000000e+00  1.000000e+00
   outer loop
     vertex -1.411102e+02 -8.605061e+01  2.200000e+01
     vertex -1.412209e+02 -8.601863e+01  2.200000e+01
     vertex -1.550000e+02 -9.200000e+01  2.200000e+01
   endloop
 endfacet
 facet normal  0.000000e+00  0.000000e+00  1.000000e+00
   outer loop
     vertex -1.440581e+02 -8.308240e+01  2.200000e+01
     vertex -1.550000e+02 -9.200000e+01  2.200000e+01
     vertex -1.440269e+02 -8.319332e+01  2.200000e+01
   endloop
 endfacet
 facet normal  0.000000e+00  0.000000e+00  1.000000e+00
   outer loop
     vertex -1.409987e+02 -8.607954e+01  2.200000e+01
     vertex -1.411102e+02 -8.605061e+01  2.200000e+01
     vertex -1.550000e+02 -9.200000e+01  2.200000e+01
   endloop
 endfacet
 facet normal  0.000000e+00  0.000000e+00  1.000000e+00
   outer loop
     vertex -1.440863e+02 -8.297066e+01  2.200000e+01
     vertex -1.550000e+02 -9.200000e+01  2.200000e+01
     vertex -1.440581e+02 -8.308240e+01  2.200000e+01
   endloop
 endfacet
 facet normal  0.000000e+00  0.000000e+00  1.000000e+00
   outer loop
     vertex -1.408864e+02 -8.610540e+01  2.200000e+01
     vertex -1.409987e+02 -8.607954e+01  2.200000e+01
     vertex -1.550000e+02 -9.200000e+01  2.200000e+01
   endloop
 endfacet
 facet normal  0.000000e+00  0.000000e+00  1.000000e+00
   outer loop
     vertex -1.441114e+02 -8.285819e+01  2.200000e+01
     vertex -1.550000e+02 -9.200000e+01  2.200000e+01
     vertex -1.440863e+02 -8.297066e+01  2.200000e+01
   endloop
 endfacet
 facet normal  0.000000e+00  0.000000e+00  1.000000e+00
   outer loop
     vertex -1.407734e+02 -8.612818e+01  2.200000e+01
     vertex -1.408864e+02 -8.610540e+01  2.200000e+01
     vertex -1.550000e+02 -9.200000e+01  2.200000e+01
   endloop
 endfacet
 facet normal  0.000000e+00  0.000000e+00  1.000000e+00
   outer loop
     vertex -1.441334e+02 -8.274508e+01  2.200000e+01
     vertex -1.550000e+02 -9.200000e+01  2.200000e+01
     vertex -1.441114e+02 -8.285819e+01  2.200000e+01
   endloop
 endfacet
 facet normal  0.000000e+00  0.000000e+00  1.000000e+00
   outer loop
     vertex -1.406599e+02 -8.614784e+01  2.200000e+01
     vertex -1.407734e+02 -8.612818e+01  2.200000e+01
     vertex -1.550000e+02 -9.200000e+01  2.200000e+01
   endloop
 endfacet
 facet normal  0.000000e+00  0.000000e+00  1.000000e+00
   outer loop
     vertex -1.441523e+02 -8.263140e+01  2.200000e+01
     vertex -1.550000e+02 -9.200000e+01  2.200000e+01
     vertex -1.441334e+02 -8.274508e+01  2.200000e+01
   endloop
 endfacet
 facet normal  0.000000e+00  0.000000e+00  1.000000e+00
   outer loop
     vertex -1.405458e+02 -8.616438e+01  2.200000e+01
     vertex -1.406599e+02 -8.614784e+01  2.200000e+01
     vertex -1.550000e+02 -9.200000e+01  2.200000e+01
   endloop
 endfacet
 facet normal  0.000000e+00  0.000000e+00  1.000000e+00
   outer loop
     vertex -1.441680e+02 -8.251725e+01  2.200000e+01
     vertex -1.550000e+02 -9.200000e+01  2.200000e+01
     vertex -1.441523e+02 -8.263140e+01  2.200000e+01
   endloop
 endfacet
 facet normal  0.000000e+00  0.000000e+00  1.000000e+00
   outer loop
     vertex -1.404314e+02 -8.617779e+01  2.200000e+01
     vertex -1.405458e+02 -8.616438e+01  2.200000e+01
     vertex -1.550000e+02 -9.200000e+01  2.200000e+01
   endloop
 endfacet
 facet normal  0.000000e+00  0.000000e+00  1.000000e+00
   outer loop
     vertex -1.441806e+02 -8.240271e+01  2.200000e+01
     vertex -1.550000e+02 -9.200000e+01  2.200000e+01
     vertex -1.441680e+02 -8.251725e+01  2.200000e+01
   endloop
 endfacet
 facet normal  0.000000e+00  0.000000e+00  1.000000e+00
   outer loop
     vertex -1.403166e+02 -8.618805e+01  2.200000e+01
     vertex -1.404314e+02 -8.617779e+01  2.200000e+01
     vertex -1.550000e+02 -9.200000e+01  2.200000e+01
   endloop
 endfacet
 facet normal  0.000000e+00  0.000000e+00  1.000000e+00
   outer loop
     vertex -1.441901e+02 -8.228787e+01  2.200000e+01
     vertex -1.550000e+02 -9.200000e+01  2.200000e+01
     vertex -1.441806e+02 -8.240271e+01  2.200000e+01
   endloop
 endfacet
 facet normal  0.000000e+00  0.000000e+00  1.000000e+00
   outer loop
     vertex -1.402016e+02 -8.619516e+01  2.200000e+01
     vertex -1.403166e+02 -8.618805e+01  2.200000e+01
     vertex -1.550000e+02 -9.200000e+01  2.200000e+01
   endloop
 endfacet
 facet normal  0.000000e+00  0.000000e+00  1.000000e+00
   outer loop
     vertex -1.441964e+02 -8.217281e+01  2.200000e+01
     vertex -1.550000e+02 -9.200000e+01  2.200000e+01
     vertex -1.441901e+02 -8.228787e+01  2.200000e+01
   endloop
 endfacet
 facet normal  0.000000e+00  0.000000e+00  1.000000e+00
   outer loop
     vertex -1.400864e+02 -8.619911e+01  2.200000e+01
     vertex -1.402016e+02 -8.619516e+01  2.200000e+01
     vertex -1.550000e+02 -9.200000e+01  2.200000e+01
   endloop
 endfacet
 facet normal  0.000000e+00  0.000000e+00  1.000000e+00
   outer loop
     vertex -1.441996e+02 -8.205762e+01  2.200000e+01
     vertex -1.550000e+02 -9.200000e+01  2.200000e+01
     vertex -1.441964e+02 -8.217281e+01  2.200000e+01
   endloop
 endfacet
 facet normal  0.000000e+00  0.000000e+00  1.000000e+00
   outer loop
     vertex -1.399712e+02 -8.619990e+01  2.200000e+01
     vertex -1.400864e+02 -8.619911e+01  2.200000e+01
     vertex -1.550000e+02 -9.200000e+01  2.200000e+01
   endloop
 endfacet
 facet normal  0.000000e+00  0.000000e+00  1.000000e+00
   outer loop
     vertex -1.441996e+02 -8.194238e+01  2.200000e+01
     vertex -1.550000e+02 -9.200000e+01  2.200000e+01
     vertex -1.441996e+02 -8.205762e+01  2.200000e+01
   endloop
 endfacet
 facet normal  0.000000e+00  0.000000e+00  1.000000e+00
   outer loop
     vertex -1.398560e+02 -8.619753e+01  2.200000e+01
     vertex -1.399712e+02 -8.619990e+01  2.200000e+01
     vertex -1.550000e+02 -9.200000e+01  2.200000e+01
   endloop
 endfacet
 facet normal  0.000000e+00  0.000000e+00  1.000000e+00
   outer loop
     vertex -1.441964e+02 -8.182719e+01  2.200000e+01
     vertex -1.550000e+02 -9.200000e+01  2.200000e+01
     vertex -1.441996e+02 -8.194238e+01  2.200000e+01
   endloop
 endfacet
 facet normal  0.000000e+00  0.000000e+00  1.000000e+00
   outer loop
     vertex -1.397409e+02 -8.619200e+01  2.200000e+01
     vertex -1.398560e+02 -8.619753e+01  2.200000e+01
     vertex -1.550000e+02 -9.200000e+01  2.200000e+01
   endloop
 endfacet
 facet normal  0.000000e+00  0.000000e+00  1.000000e+00
   outer loop
     vertex -1.441901e+02 -8.171213e+01  2.200000e+01
     vertex -1.550000e+02 -9.200000e+01  2.200000e+01
     vertex -1.441964e+02 -8.182719e+01  2.200000e+01
   endloop
 endfacet
 facet normal  0.000000e+00  0.000000e+00  1.000000e+00
   outer loop
     vertex -1.396260e+02 -8.618331e+01  2.200000e+01
     vertex -1.397409e+02 -8.619200e+01  2.200000e+01
     vertex -1.550000e+02 -9.200000e+01  2.200000e+01
   endloop
 endfacet
 facet normal  0.000000e+00  0.000000e+00  1.000000e+00
   outer loop
     vertex -1.441806e+02 -8.159729e+01  2.200000e+01
     vertex -1.550000e+02 -9.200000e+01  2.200000e+01
     vertex -1.441901e+02 -8.171213e+01  2.200000e+01
   endloop
 endfacet
 facet normal  0.000000e+00  0.000000e+00  1.000000e+00
   outer loop
     vertex -1.395113e+02 -8.617148e+01  2.200000e+01
     vertex -1.396260e+02 -8.618331e+01  2.200000e+01
     vertex -1.550000e+02 -9.200000e+01  2.200000e+01
   endloop
 endfacet
 facet normal  0.000000e+00  0.000000e+00  1.000000e+00
   outer loop
     vertex -1.441680e+02 -8.148275e+01  2.200000e+01
     vertex -1.550000e+02 -9.200000e+01  2.200000e+01
     vertex -1.441806e+02 -8.159729e+01  2.200000e+01
   endloop
 endfacet
 facet normal  0.000000e+00  0.000000e+00  1.000000e+00
   outer loop
     vertex -1.393971e+02 -8.615650e+01  2.200000e+01
     vertex -1.395113e+02 -8.617148e+01  2.200000e+01
     vertex -1.550000e+02 -9.200000e+01  2.200000e+01
   endloop
 endfacet
 facet normal  0.000000e+00  0.000000e+00  1.000000e+00
   outer loop
     vertex -1.441523e+02 -8.136860e+01  2.200000e+01
     vertex -1.550000e+02 -9.200000e+01  2.200000e+01
     vertex -1.441680e+02 -8.148275e+01  2.200000e+01
   endloop
 endfacet
 facet normal  0.000000e+00  0.000000e+00  1.000000e+00
   outer loop
     vertex -1.392833e+02 -8.613840e+01  2.200000e+01
     vertex -1.393971e+02 -8.615650e+01  2.200000e+01
     vertex -1.550000e+02 -9.200000e+01  2.200000e+01
   endloop
 endfacet
 facet normal  0.000000e+00  0.000000e+00  1.000000e+00
   outer loop
     vertex -1.441334e+02 -8.125492e+01  2.200000e+01
     vertex -1.550000e+02 -9.200000e+01  2.200000e+01
     vertex -1.441523e+02 -8.136860e+01  2.200000e+01
   endloop
 endfacet
 facet normal  0.000000e+00  0.000000e+00  1.000000e+00
   outer loop
     vertex -1.391700e+02 -8.611718e+01  2.200000e+01
     vertex -1.392833e+02 -8.613840e+01  2.200000e+01
     vertex -1.550000e+02 -9.200000e+01  2.200000e+01
   endloop
 endfacet
 facet normal  0.000000e+00  0.000000e+00  1.000000e+00
   outer loop
     vertex -1.441114e+02 -8.114181e+01  2.200000e+01
     vertex -1.550000e+02 -9.200000e+01  2.200000e+01
     vertex -1.441334e+02 -8.125492e+01  2.200000e+01
   endloop
 endfacet
 facet normal  0.000000e+00  0.000000e+00  1.000000e+00
   outer loop
     vertex -1.390574e+02 -8.609286e+01  2.200000e+01
     vertex -1.391700e+02 -8.611718e+01  2.200000e+01
     vertex -1.550000e+02 -9.200000e+01  2.200000e+01
   endloop
 endfacet
 facet normal  0.000000e+00  0.000000e+00  1.000000e+00
   outer loop
     vertex -1.440863e+02 -8.102934e+01  2.200000e+01
     vertex -1.550000e+02 -9.200000e+01  2.200000e+01
     vertex -1.441114e+02 -8.114181e+01  2.200000e+01
   endloop
 endfacet
 facet normal  0.000000e+00  0.000000e+00  1.000000e+00
   outer loop
     vertex -1.389455e+02 -8.606546e+01  2.200000e+01
     vertex -1.390574e+02 -8.609286e+01  2.200000e+01
     vertex -1.550000e+02 -9.200000e+01  2.200000e+01
   endloop
 endfacet
 facet normal  0.000000e+00  0.000000e+00  1.000000e+00
   outer loop
     vertex -1.440581e+02 -8.091760e+01  2.200000e+01
     vertex -1.550000e+02 -9.200000e+01  2.200000e+01
     vertex -1.440863e+02 -8.102934e+01  2.200000e+01
   endloop
 endfacet
 facet normal  0.000000e+00  0.000000e+00  1.000000e+00
   outer loop
     vertex -1.440269e+02 -8.080668e+01  2.200000e+01
     vertex -1.550000e+02 -9.200000e+01  2.200000e+01
     vertex -1.440581e+02 -8.091760e+01  2.200000e+01
   endloop
 endfacet
 facet normal  0.000000e+00  0.000000e+00  1.000000e+00
   outer loop
     vertex -1.439927e+02 -8.069665e+01  2.200000e+01
     vertex -1.550000e+02 -9.200000e+01  2.200000e+01
     vertex -1.440269e+02 -8.080668e+01  2.200000e+01
   endloop
 endfacet
 facet normal  0.000000e+00  0.000000e+00  1.000000e+00
   outer loop
     vertex -1.439554e+02 -8.058761e+01  2.200000e+01
     vertex -1.550000e+02 -9.200000e+01  2.200000e+01
     vertex -1.439927e+02 -8.069665e+01  2.200000e+01
   endloop
 endfacet
 facet normal  0.000000e+00  0.000000e+00  1.000000e+00
   outer loop
     vertex -1.439152e+02 -8.047963e+01  2.200000e+01
     vertex -1.550000e+02 -9.200000e+01  2.200000e+01
     vertex -1.439554e+02 -8.058761e+01  2.200000e+01
   endloop
 endfacet
 facet normal  0.000000e+00  0.000000e+00  1.000000e+00
   outer loop
     vertex -1.438720e+02 -8.037279e+01  2.200000e+01
     vertex -1.550000e+02 -9.200000e+01  2.200000e+01
     vertex -1.439152e+02 -8.047963e+01  2.200000e+01
   endloop
 endfacet
 facet normal  0.000000e+00  0.000000e+00  1.000000e+00
   outer loop
     vertex -1.279800e+02 -8.095965e+01  2.200000e+01
     vertex -1.359274e+02 -8.302663e+01  2.200000e+01
     vertex -1.359571e+02 -8.313797e+01  2.200000e+01
   endloop
 endfacet
 facet normal  0.000000e+00  0.000000e+00  1.000000e+00
   outer loop
     vertex -1.278977e+02 -8.104029e+01  2.200000e+01
     vertex -1.359571e+02 -8.313797e+01  2.200000e+01
     vertex -1.359898e+02 -8.324845e+01  2.200000e+01
   endloop
 endfacet
 facet normal  0.000000e+00  0.000000e+00  1.000000e+00
   outer loop
     vertex -1.278977e+02 -8.104029e+01  2.200000e+01
     vertex -1.279800e+02 -8.095965e+01  2.200000e+01
     vertex -1.359571e+02 -8.313797e+01  2.200000e+01
   endloop
 endfacet
 facet normal  0.000000e+00  0.000000e+00  1.000000e+00
   outer loop
     vertex -1.280601e+02 -8.087678e+01  2.200000e+01
     vertex -1.359274e+02 -8.302663e+01  2.200000e+01
     vertex -1.279800e+02 -8.095965e+01  2.200000e+01
   endloop
 endfacet
 facet normal  0.000000e+00  0.000000e+00  1.000000e+00
   outer loop
     vertex -1.280601e+02 -8.087678e+01  2.200000e+01
     vertex -1.359008e+02 -8.291451e+01  2.200000e+01
     vertex -1.359274e+02 -8.302663e+01  2.200000e+01
   endloop
 endfacet
 facet normal  0.000000e+00  0.000000e+00  1.000000e+00
   outer loop
     vertex -1.278132e+02 -8.111864e+01  2.200000e+01
     vertex -1.359898e+02 -8.324845e+01  2.200000e+01
     vertex -1.360256e+02 -8.335800e+01  2.200000e+01
   endloop
 endfacet
 facet normal  0.000000e+00  0.000000e+00  1.000000e+00
   outer loop
     vertex -1.278132e+02 -8.111864e+01  2.200000e+01
     vertex -1.278977e+02 -8.104029e+01  2.200000e+01
     vertex -1.359898e+02 -8.324845e+01  2.200000e+01
   endloop
 endfacet
 facet normal  0.000000e+00  0.000000e+00  1.000000e+00
   outer loop
     vertex -1.281379e+02 -8.079174e+01  2.200000e+01
     vertex -1.358772e+02 -8.280171e+01  2.200000e+01
     vertex -1.359008e+02 -8.291451e+01  2.200000e+01
   endloop
 endfacet
 facet normal  0.000000e+00  0.000000e+00  1.000000e+00
   outer loop
     vertex -1.281379e+02 -8.079174e+01  2.200000e+01
     vertex -1.359008e+02 -8.291451e+01  2.200000e+01
     vertex -1.280601e+02 -8.087678e+01  2.200000e+01
   endloop
 endfacet
 facet normal  0.000000e+00  0.000000e+00  1.000000e+00
   outer loop
     vertex -1.277266e+02 -8.119464e+01  2.200000e+01
     vertex -1.360256e+02 -8.335800e+01  2.200000e+01
     vertex -1.360644e+02 -8.346652e+01  2.200000e+01
   endloop
 endfacet
 facet normal  0.000000e+00  0.000000e+00  1.000000e+00
   outer loop
     vertex -1.277266e+02 -8.119464e+01  2.200000e+01
     vertex -1.278132e+02 -8.111864e+01  2.200000e+01
     vertex -1.360256e+02 -8.335800e+01  2.200000e+01
   endloop
 endfacet
 facet normal  0.000000e+00  0.000000e+00  1.000000e+00
   outer loop
     vertex -1.282133e+02 -8.070461e+01  2.200000e+01
     vertex -1.358568e+02 -8.268831e+01  2.200000e+01
     vertex -1.358772e+02 -8.280171e+01  2.200000e+01
   endloop
 endfacet
 facet normal  0.000000e+00  0.000000e+00  1.000000e+00
   outer loop
     vertex -1.282133e+02 -8.070461e+01  2.200000e+01
     vertex -1.358772e+02 -8.280171e+01  2.200000e+01
     vertex -1.281379e+02 -8.079174e+01  2.200000e+01
   endloop
 endfacet
 facet normal  0.000000e+00  0.000000e+00  1.000000e+00
   outer loop
     vertex -1.276379e+02 -8.126824e+01  2.200000e+01
     vertex -1.360644e+02 -8.346652e+01  2.200000e+01
     vertex -1.361061e+02 -8.357394e+01  2.200000e+01
   endloop
 endfacet
 facet normal  0.000000e+00  0.000000e+00  1.000000e+00
   outer loop
     vertex -1.276379e+02 -8.126824e+01  2.200000e+01
     vertex -1.277266e+02 -8.119464e+01  2.200000e+01
     vertex -1.360644e+02 -8.346652e+01  2.200000e+01
   endloop
 endfacet
 facet normal  0.000000e+00  0.000000e+00  1.000000e+00
   outer loop
     vertex -1.282863e+02 -8.061544e+01  2.200000e+01
     vertex -1.358395e+02 -8.257438e+01  2.200000e+01
     vertex -1.358568e+02 -8.268831e+01  2.200000e+01
   endloop
 endfacet
 facet normal  0.000000e+00  0.000000e+00  1.000000e+00
   outer loop
     vertex -1.282863e+02 -8.061544e+01  2.200000e+01
     vertex -1.358568e+02 -8.268831e+01  2.200000e+01
     vertex -1.282133e+02 -8.070461e+01  2.200000e+01
   endloop
 endfacet
 facet normal  0.000000e+00  0.000000e+00  1.000000e+00
   outer loop
     vertex -1.275473e+02 -8.133938e+01  2.200000e+01
     vertex -1.361061e+02 -8.357394e+01  2.200000e+01
     vertex -1.361507e+02 -8.368018e+01  2.200000e+01
   endloop
 endfacet
 facet normal  0.000000e+00  0.000000e+00  1.000000e+00
   outer loop
     vertex -1.275473e+02 -8.133938e+01  2.200000e+01
     vertex -1.276379e+02 -8.126824e+01  2.200000e+01
     vertex -1.361061e+02 -8.357394e+01  2.200000e+01
   endloop
 endfacet
 facet normal  0.000000e+00  0.000000e+00  1.000000e+00
   outer loop
     vertex -1.283568e+02 -8.052430e+01  2.200000e+01
     vertex -1.358395e+02 -8.257438e+01  2.200000e+01
     vertex -1.282863e+02 -8.061544e+01  2.200000e+01
   endloop
 endfacet
 facet normal  0.000000e+00  0.000000e+00  1.000000e+00
   outer loop
     vertex -1.283568e+02 -8.052430e+01  2.200000e+01
     vertex -1.358253e+02 -8.246003e+01  2.200000e+01
     vertex -1.358395e+02 -8.257438e+01  2.200000e+01
   endloop
 endfacet
 facet normal  0.000000e+00  0.000000e+00  1.000000e+00
   outer loop
     vertex -1.274547e+02 -8.140800e+01  2.200000e+01
     vertex -1.361507e+02 -8.368018e+01  2.200000e+01
     vertex -1.361983e+02 -8.378514e+01  2.200000e+01
   endloop
 endfacet
 facet normal  0.000000e+00  0.000000e+00  1.000000e+00
   outer loop
     vertex -1.274547e+02 -8.140800e+01  2.200000e+01
     vertex -1.275473e+02 -8.133938e+01  2.200000e+01
     vertex -1.361507e+02 -8.368018e+01  2.200000e+01
   endloop
 endfacet
 facet normal  0.000000e+00  0.000000e+00  1.000000e+00
   outer loop
     vertex -1.284248e+02 -8.043126e+01  2.200000e+01
     vertex -1.358142e+02 -8.234532e+01  2.200000e+01
     vertex -1.358253e+02 -8.246003e+01  2.200000e+01
   endloop
 endfacet
 facet normal  0.000000e+00  0.000000e+00  1.000000e+00
   outer loop
     vertex -1.284248e+02 -8.043126e+01  2.200000e+01
     vertex -1.358253e+02 -8.246003e+01  2.200000e+01
     vertex -1.283568e+02 -8.052430e+01  2.200000e+01
   endloop
 endfacet
 facet normal  0.000000e+00  0.000000e+00  1.000000e+00
   outer loop
     vertex -1.273603e+02 -8.147406e+01  2.200000e+01
     vertex -1.361983e+02 -8.378514e+01  2.200000e+01
     vertex -1.362487e+02 -8.388877e+01  2.200000e+01
   endloop
 endfacet
 facet normal  0.000000e+00  0.000000e+00  1.000000e+00
   outer loop
     vertex -1.273603e+02 -8.147406e+01  2.200000e+01
     vertex -1.274547e+02 -8.140800e+01  2.200000e+01
     vertex -1.361983e+02 -8.378514e+01  2.200000e+01
   endloop
 endfacet
 facet normal  0.000000e+00  0.000000e+00  1.000000e+00
   outer loop
     vertex -1.284902e+02 -8.033639e+01  2.200000e+01
     vertex -1.358063e+02 -8.223036e+01  2.200000e+01
     vertex -1.358142e+02 -8.234532e+01  2.200000e+01
   endloop
 endfacet
 facet normal  0.000000e+00  0.000000e+00  1.000000e+00
   outer loop
     vertex -1.284902e+02 -8.033639e+01  2.200000e+01
     vertex -1.358142e+02 -8.234532e+01  2.200000e+01
     vertex -1.284248e+02 -8.043126e+01  2.200000e+01
   endloop
 endfacet
 facet normal  0.000000e+00  0.000000e+00  1.000000e+00
   outer loop
     vertex -1.272641e+02 -8.153751e+01  2.200000e+01
     vertex -1.273603e+02 -8.147406e+01  2.200000e+01
     vertex -1.362487e+02 -8.388877e+01  2.200000e+01
   endloop
 endfacet
 facet normal  0.000000e+00  0.000000e+00  1.000000e+00
   outer loop
     vertex -1.272641e+02 -8.153751e+01  2.200000e+01
     vertex -1.362487e+02 -8.388877e+01  2.200000e+01
     vertex -1.363019e+02 -8.399097e+01  2.200000e+01
   endloop
 endfacet
 facet normal  0.000000e+00  0.000000e+00  1.000000e+00
   outer loop
     vertex -1.285530e+02 -8.023976e+01  2.200000e+01
     vertex -1.358016e+02 -8.211522e+01  2.200000e+01
     vertex -1.358063e+02 -8.223036e+01  2.200000e+01
   endloop
 endfacet
 facet normal  0.000000e+00  0.000000e+00  1.000000e+00
   outer loop
     vertex -1.285530e+02 -8.023976e+01  2.200000e+01
     vertex -1.358063e+02 -8.223036e+01  2.200000e+01
     vertex -1.284902e+02 -8.033639e+01  2.200000e+01
   endloop
 endfacet
 facet normal  0.000000e+00  0.000000e+00  1.000000e+00
   outer loop
     vertex -1.271662e+02 -8.159829e+01  2.200000e+01
     vertex -1.363019e+02 -8.399097e+01  2.200000e+01
     vertex -1.363579e+02 -8.409168e+01  2.200000e+01
   endloop
 endfacet
 facet normal  0.000000e+00  0.000000e+00  1.000000e+00
   outer loop
     vertex -1.271662e+02 -8.159829e+01  2.200000e+01
     vertex -1.272641e+02 -8.153751e+01  2.200000e+01
     vertex -1.363019e+02 -8.399097e+01  2.200000e+01
   endloop
 endfacet
 facet normal  0.000000e+00  0.000000e+00  1.000000e+00
   outer loop
     vertex -1.286131e+02 -8.014144e+01  2.200000e+01
     vertex -1.358016e+02 -8.211522e+01  2.200000e+01
     vertex -1.285530e+02 -8.023976e+01  2.200000e+01
   endloop
 endfacet
 facet normal  0.000000e+00  0.000000e+00  1.000000e+00
   outer loop
     vertex -1.286131e+02 -8.014144e+01  2.200000e+01
     vertex -1.358000e+02 -8.200000e+01  2.200000e+01
     vertex -1.358016e+02 -8.211522e+01  2.200000e+01
   endloop
 endfacet
 facet normal  0.000000e+00  0.000000e+00  1.000000e+00
   outer loop
     vertex -1.270666e+02 -8.165636e+01  2.200000e+01
     vertex -1.271662e+02 -8.159829e+01  2.200000e+01
     vertex -1.363579e+02 -8.409168e+01  2.200000e+01
   endloop
 endfacet
 facet normal  0.000000e+00  0.000000e+00  1.000000e+00
   outer loop
     vertex -1.270666e+02 -8.165636e+01  2.200000e+01
     vertex -1.363579e+02 -8.409168e+01  2.200000e+01
     vertex -1.364167e+02 -8.419081e+01  2.200000e+01
   endloop
 endfacet
 facet normal  0.000000e+00  0.000000e+00  1.000000e+00
   outer loop
     vertex -1.286705e+02 -8.004152e+01  2.200000e+01
     vertex -1.358016e+02 -8.188478e+01  2.200000e+01
     vertex -1.358000e+02 -8.200000e+01  2.200000e+01
   endloop
 endfacet
 facet normal  0.000000e+00  0.000000e+00  1.000000e+00
   outer loop
     vertex -1.286705e+02 -8.004152e+01  2.200000e+01
     vertex -1.358000e+02 -8.200000e+01  2.200000e+01
     vertex -1.286131e+02 -8.014144e+01  2.200000e+01
   endloop
 endfacet
 facet normal  0.000000e+00  0.000000e+00  1.000000e+00
   outer loop
     vertex -1.269656e+02 -8.171168e+01  2.200000e+01
     vertex -1.364167e+02 -8.419081e+01  2.200000e+01
     vertex -1.364781e+02 -8.428829e+01  2.200000e+01
   endloop
 endfacet
 facet normal  0.000000e+00  0.000000e+00  1.000000e+00
   outer loop
     vertex -1.269656e+02 -8.171168e+01  2.200000e+01
     vertex -1.270666e+02 -8.165636e+01  2.200000e+01
     vertex -1.364167e+02 -8.419081e+01  2.200000e+01
   endloop
 endfacet
 facet normal  0.000000e+00  0.000000e+00  1.000000e+00
   outer loop
     vertex -1.287251e+02 -7.994005e+01  2.200000e+01
     vertex -1.358063e+02 -8.176964e+01  2.200000e+01
     vertex -1.358016e+02 -8.188478e+01  2.200000e+01
   endloop
 endfacet
 facet normal  0.000000e+00  0.000000e+00  1.000000e+00
   outer loop
     vertex -1.287251e+02 -7.994005e+01  2.200000e+01
     vertex -1.358016e+02 -8.188478e+01  2.200000e+01
     vertex -1.286705e+02 -8.004152e+01  2.200000e+01
   endloop
 endfacet
 facet normal  0.000000e+00  0.000000e+00  1.000000e+00
   outer loop
     vertex -1.268630e+02 -8.176421e+01  2.200000e+01
     vertex -1.364781e+02 -8.428829e+01  2.200000e+01
     vertex -1.365422e+02 -8.438405e+01  2.200000e+01
   endloop
 endfacet
 facet normal  0.000000e+00  0.000000e+00  1.000000e+00
   outer loop
     vertex -1.268630e+02 -8.176421e+01  2.200000e+01
     vertex -1.269656e+02 -8.171168e+01  2.200000e+01
     vertex -1.364781e+02 -8.428829e+01  2.200000e+01
   endloop
 endfacet
 facet normal  0.000000e+00  0.000000e+00  1.000000e+00
   outer loop
     vertex -1.287769e+02 -7.983713e+01  2.200000e+01
     vertex -1.358142e+02 -8.165468e+01  2.200000e+01
     vertex -1.358063e+02 -8.176964e+01  2.200000e+01
   endloop
 endfacet
 facet normal  0.000000e+00  0.000000e+00  1.000000e+00
   outer loop
     vertex -1.287769e+02 -7.983713e+01  2.200000e+01
     vertex -1.358063e+02 -8.176964e+01  2.200000e+01
     vertex -1.287251e+02 -7.994005e+01  2.200000e+01
   endloop
 endfacet
 facet normal  0.000000e+00  0.000000e+00  1.000000e+00
   outer loop
     vertex -1.267590e+02 -8.181390e+01  2.200000e+01
     vertex -1.365422e+02 -8.438405e+01  2.200000e+01
     vertex -1.366089e+02 -8.447801e+01  2.200000e+01
   endloop
 endfacet
 facet normal  0.000000e+00  0.000000e+00  1.000000e+00
   outer loop
     vertex -1.267590e+02 -8.181390e+01  2.200000e+01
     vertex -1.268630e+02 -8.176421e+01  2.200000e+01
     vertex -1.365422e+02 -8.438405e+01  2.200000e+01
   endloop
 endfacet
 facet normal  0.000000e+00  0.000000e+00  1.000000e+00
   outer loop
     vertex -1.288259e+02 -7.973282e+01  2.200000e+01
     vertex -1.358253e+02 -8.153997e+01  2.200000e+01
     vertex -1.358142e+02 -8.165468e+01  2.200000e+01
   endloop
 endfacet
 facet normal  0.000000e+00  0.000000e+00  1.000000e+00
   outer loop
     vertex -1.288259e+02 -7.973282e+01  2.200000e+01
     vertex -1.358142e+02 -8.165468e+01  2.200000e+01
     vertex -1.287769e+02 -7.983713e+01  2.200000e+01
   endloop
 endfacet
 facet normal  0.000000e+00  0.000000e+00  1.000000e+00
   outer loop
     vertex -1.266537e+02 -8.186072e+01  2.200000e+01
     vertex -1.366089e+02 -8.447801e+01  2.200000e+01
     vertex -1.366782e+02 -8.457011e+01  2.200000e+01
   endloop
 endfacet
 facet normal  0.000000e+00  0.000000e+00  1.000000e+00
   outer loop
     vertex -1.266537e+02 -8.186072e+01  2.200000e+01
     vertex -1.267590e+02 -8.181390e+01  2.200000e+01
     vertex -1.366089e+02 -8.447801e+01  2.200000e+01
   endloop
 endfacet
 facet normal  0.000000e+00  0.000000e+00  1.000000e+00
   outer loop
     vertex -1.288720e+02 -7.962721e+01  2.200000e+01
     vertex -1.358395e+02 -8.142562e+01  2.200000e+01
     vertex -1.358253e+02 -8.153997e+01  2.200000e+01
   endloop
 endfacet
 facet normal  0.000000e+00  0.000000e+00  1.000000e+00
   outer loop
     vertex -1.288720e+02 -7.962721e+01  2.200000e+01
     vertex -1.358253e+02 -8.153997e+01  2.200000e+01
     vertex -1.288259e+02 -7.973282e+01  2.200000e+01
   endloop
 endfacet
 facet normal  0.000000e+00  0.000000e+00  1.000000e+00
   outer loop
     vertex -1.265472e+02 -8.190464e+01  2.200000e+01
     vertex -1.366782e+02 -8.457011e+01  2.200000e+01
     vertex -1.367499e+02 -8.466027e+01  2.200000e+01
   endloop
 endfacet
 facet normal  0.000000e+00  0.000000e+00  1.000000e+00
   outer loop
     vertex -1.265472e+02 -8.190464e+01  2.200000e+01
     vertex -1.266537e+02 -8.186072e+01  2.200000e+01
     vertex -1.366782e+02 -8.457011e+01  2.200000e+01
   endloop
 endfacet
 facet normal  0.000000e+00  0.000000e+00  1.000000e+00
   outer loop
     vertex -1.289152e+02 -7.952037e+01  2.200000e+01
     vertex -1.358568e+02 -8.131169e+01  2.200000e+01
     vertex -1.358395e+02 -8.142562e+01  2.200000e+01
   endloop
 endfacet
 facet normal  0.000000e+00  0.000000e+00  1.000000e+00
   outer loop
     vertex -1.289152e+02 -7.952037e+01  2.200000e+01
     vertex -1.358395e+02 -8.142562e+01  2.200000e+01
     vertex -1.288720e+02 -7.962721e+01  2.200000e+01
   endloop
 endfacet
 facet normal  0.000000e+00  0.000000e+00  1.000000e+00
   outer loop
     vertex -1.264395e+02 -8.194561e+01  2.200000e+01
     vertex -1.367499e+02 -8.466027e+01  2.200000e+01
     vertex -1.368241e+02 -8.474844e+01  2.200000e+01
   endloop
 endfacet
 facet normal  0.000000e+00  0.000000e+00  1.000000e+00
   outer loop
     vertex -1.264395e+02 -8.194561e+01  2.200000e+01
     vertex -1.265472e+02 -8.190464e+01  2.200000e+01
     vertex -1.367499e+02 -8.466027e+01  2.200000e+01
   endloop
 endfacet
 facet normal  0.000000e+00  0.000000e+00  1.000000e+00
   outer loop
     vertex -1.289554e+02 -7.941239e+01  2.200000e+01
     vertex -1.358772e+02 -8.119829e+01  2.200000e+01
     vertex -1.358568e+02 -8.131169e+01  2.200000e+01
   endloop
 endfacet
 facet normal  0.000000e+00  0.000000e+00  1.000000e+00
   outer loop
     vertex -1.289554e+02 -7.941239e+01  2.200000e+01
     vertex -1.358568e+02 -8.131169e+01  2.200000e+01
     vertex -1.289152e+02 -7.952037e+01  2.200000e+01
   endloop
 endfacet
 facet normal  0.000000e+00  0.000000e+00  1.000000e+00
   outer loop
     vertex -1.263307e+02 -8.198362e+01  2.200000e+01
     vertex -1.368241e+02 -8.474844e+01  2.200000e+01
     vertex -1.369007e+02 -8.483453e+01  2.200000e+01
   endloop
 endfacet
 facet normal  0.000000e+00  0.000000e+00  1.000000e+00
   outer loop
     vertex -1.263307e+02 -8.198362e+01  2.200000e+01
     vertex -1.264395e+02 -8.194561e+01  2.200000e+01
     vertex -1.368241e+02 -8.474844e+01  2.200000e+01
   endloop
 endfacet
 facet normal  0.000000e+00  0.000000e+00  1.000000e+00
   outer loop
     vertex -1.289927e+02 -7.930335e+01  2.200000e+01
     vertex -1.359008e+02 -8.108549e+01  2.200000e+01
     vertex -1.358772e+02 -8.119829e+01  2.200000e+01
   endloop
 endfacet
 facet normal  0.000000e+00  0.000000e+00  1.000000e+00
   outer loop
     vertex -1.289927e+02 -7.930335e+01  2.200000e+01
     vertex -1.358772e+02 -8.119829e+01  2.200000e+01
     vertex -1.289554e+02 -7.941239e+01  2.200000e+01
   endloop
 endfacet
 facet normal  0.000000e+00  0.000000e+00  1.000000e+00
   outer loop
     vertex -1.262209e+02 -8.201863e+01  2.200000e+01
     vertex -1.369007e+02 -8.483453e+01  2.200000e+01
     vertex -1.369797e+02 -8.491849e+01  2.200000e+01
   endloop
 endfacet
 facet normal  0.000000e+00  0.000000e+00  1.000000e+00
   outer loop
     vertex -1.262209e+02 -8.201863e+01  2.200000e+01
     vertex -1.263307e+02 -8.198362e+01  2.200000e+01
     vertex -1.369007e+02 -8.483453e+01  2.200000e+01
   endloop
 endfacet
 facet normal  0.000000e+00  0.000000e+00  1.000000e+00
   outer loop
     vertex -1.290269e+02 -7.919332e+01  2.200000e+01
     vertex -1.359008e+02 -8.108549e+01  2.200000e+01
     vertex -1.289927e+02 -7.930335e+01  2.200000e+01
   endloop
 endfacet
 facet normal  0.000000e+00  0.000000e+00  1.000000e+00
   outer loop
     vertex -1.290269e+02 -7.919332e+01  2.200000e+01
     vertex -1.359274e+02 -8.097337e+01  2.200000e+01
     vertex -1.359008e+02 -8.108549e+01  2.200000e+01
   endloop
 endfacet
 facet normal  0.000000e+00  0.000000e+00  1.000000e+00
   outer loop
     vertex -1.261102e+02 -8.205061e+01  2.200000e+01
     vertex -1.369797e+02 -8.491849e+01  2.200000e+01
     vertex -1.370609e+02 -8.500025e+01  2.200000e+01
   endloop
 endfacet
 facet normal  0.000000e+00  0.000000e+00  1.000000e+00
   outer loop
     vertex -1.261102e+02 -8.205061e+01  2.200000e+01
     vertex -1.262209e+02 -8.201863e+01  2.200000e+01
     vertex -1.369797e+02 -8.491849e+01  2.200000e+01
   endloop
 endfacet
 facet normal  0.000000e+00  0.000000e+00  1.000000e+00
   outer loop
     vertex -1.290581e+02 -7.908240e+01  2.200000e+01
     vertex -1.359571e+02 -8.086203e+01  2.200000e+01
     vertex -1.359274e+02 -8.097337e+01  2.200000e+01
   endloop
 endfacet
 facet normal  0.000000e+00  0.000000e+00  1.000000e+00
   outer loop
     vertex -1.290581e+02 -7.908240e+01  2.200000e+01
     vertex -1.359274e+02 -8.097337e+01  2.200000e+01
     vertex -1.290269e+02 -7.919332e+01  2.200000e+01
   endloop
 endfacet
 facet normal  0.000000e+00  0.000000e+00  1.000000e+00
   outer loop
     vertex -1.259987e+02 -8.207954e+01  2.200000e+01
     vertex -1.370609e+02 -8.500025e+01  2.200000e+01
     vertex -1.371443e+02 -8.507975e+01  2.200000e+01
   endloop
 endfacet
 facet normal  0.000000e+00  0.000000e+00  1.000000e+00
   outer loop
     vertex -1.259987e+02 -8.207954e+01  2.200000e+01
     vertex -1.261102e+02 -8.205061e+01  2.200000e+01
     vertex -1.370609e+02 -8.500025e+01  2.200000e+01
   endloop
 endfacet
 facet normal  0.000000e+00  0.000000e+00  1.000000e+00
   outer loop
     vertex -1.290863e+02 -7.897066e+01  2.200000e+01
     vertex -1.359571e+02 -8.086203e+01  2.200000e+01
     vertex -1.290581e+02 -7.908240e+01  2.200000e+01
   endloop
 endfacet
 facet normal  0.000000e+00  0.000000e+00  1.000000e+00
   outer loop
     vertex -1.290863e+02 -7.897066e+01  2.200000e+01
     vertex -1.359898e+02 -8.075155e+01  2.200000e+01
     vertex -1.359571e+02 -8.086203e+01  2.200000e+01
   endloop
 endfacet
 facet normal  0.000000e+00  0.000000e+00  1.000000e+00
   outer loop
     vertex -1.258864e+02 -8.210540e+01  2.200000e+01
     vertex -1.371443e+02 -8.507975e+01  2.200000e+01
     vertex -1.372298e+02 -8.515694e+01  2.200000e+01
   endloop
 endfacet
 facet normal  0.000000e+00  0.000000e+00  1.000000e+00
   outer loop
     vertex -1.258864e+02 -8.210540e+01  2.200000e+01
     vertex -1.259987e+02 -8.207954e+01  2.200000e+01
     vertex -1.371443e+02 -8.507975e+01  2.200000e+01
   endloop
 endfacet
 facet normal  0.000000e+00  0.000000e+00  1.000000e+00
   outer loop
     vertex -1.291114e+02 -7.885819e+01  2.200000e+01
     vertex -1.360256e+02 -8.064200e+01  2.200000e+01
     vertex -1.359898e+02 -8.075155e+01  2.200000e+01
   endloop
 endfacet
 facet normal  0.000000e+00  0.000000e+00  1.000000e+00
   outer loop
     vertex -1.291114e+02 -7.885819e+01  2.200000e+01
     vertex -1.359898e+02 -8.075155e+01  2.200000e+01
     vertex -1.290863e+02 -7.897066e+01  2.200000e+01
   endloop
 endfacet
 facet normal  0.000000e+00  0.000000e+00  1.000000e+00
   outer loop
     vertex -1.257734e+02 -8.212818e+01  2.200000e+01
     vertex -1.372298e+02 -8.515694e+01  2.200000e+01
     vertex -1.373175e+02 -8.523174e+01  2.200000e+01
   endloop
 endfacet
 facet normal  0.000000e+00  0.000000e+00  1.000000e+00
   outer loop
     vertex -1.257734e+02 -8.212818e+01  2.200000e+01
     vertex -1.258864e+02 -8.210540e+01  2.200000e+01
     vertex -1.372298e+02 -8.515694e+01  2.200000e+01
   endloop
 endfacet
 facet normal  0.000000e+00  0.000000e+00  1.000000e+00
   outer loop
     vertex -1.291334e+02 -7.874508e+01  2.200000e+01
     vertex -1.360644e+02 -8.053348e+01  2.200000e+01
     vertex -1.360256e+02 -8.064200e+01  2.200000e+01
   endloop
 endfacet
 facet normal  0.000000e+00  0.000000e+00  1.000000e+00
   outer loop
     vertex -1.291334e+02 -7.874508e+01  2.200000e+01
     vertex -1.360256e+02 -8.064200e+01  2.200000e+01
     vertex -1.291114e+02 -7.885819e+01  2.200000e+01
   endloop
 endfacet
 facet normal  0.000000e+00  0.000000e+00  1.000000e+00
   outer loop
     vertex -1.256599e+02 -8.214784e+01  2.200000e+01
     vertex -1.257734e+02 -8.212818e+01  2.200000e+01
     vertex -1.373175e+02 -8.523174e+01  2.200000e+01
   endloop
 endfacet
 facet normal  0.000000e+00  0.000000e+00  1.000000e+00
   outer loop
     vertex -1.256599e+02 -8.214784e+01  2.200000e+01
     vertex -1.373175e+02 -8.523174e+01  2.200000e+01
     vertex -1.374072e+02 -8.530412e+01  2.200000e+01
   endloop
 endfacet
 facet normal  0.000000e+00  0.000000e+00  1.000000e+00
   outer loop
     vertex -1.291523e+02 -7.863140e+01  2.200000e+01
     vertex -1.361061e+02 -8.042606e+01  2.200000e+01
     vertex -1.360644e+02 -8.053348e+01  2.200000e+01
   endloop
 endfacet
 facet normal  0.000000e+00  0.000000e+00  1.000000e+00
   outer loop
     vertex -1.291523e+02 -7.863140e+01  2.200000e+01
     vertex -1.360644e+02 -8.053348e+01  2.200000e+01
     vertex -1.291334e+02 -7.874508e+01  2.200000e+01
   endloop
 endfacet
 facet normal  0.000000e+00  0.000000e+00  1.000000e+00
   outer loop
     vertex -1.255458e+02 -8.216438e+01  2.200000e+01
     vertex -1.256599e+02 -8.214784e+01  2.200000e+01
     vertex -1.374072e+02 -8.530412e+01  2.200000e+01
   endloop
 endfacet
 facet normal  0.000000e+00  0.000000e+00  1.000000e+00
   outer loop
     vertex -1.255458e+02 -8.216438e+01  2.200000e+01
     vertex -1.374072e+02 -8.530412e+01  2.200000e+01
     vertex -1.374988e+02 -8.537401e+01  2.200000e+01
   endloop
 endfacet
 facet normal  0.000000e+00  0.000000e+00  1.000000e+00
   outer loop
     vertex -1.291680e+02 -7.851725e+01  2.200000e+01
     vertex -1.361507e+02 -8.031982e+01  2.200000e+01
     vertex -1.361061e+02 -8.042606e+01  2.200000e+01
   endloop
 endfacet
 facet normal  0.000000e+00  0.000000e+00  1.000000e+00
   outer loop
     vertex -1.291680e+02 -7.851725e+01  2.200000e+01
     vertex -1.361061e+02 -8.042606e+01  2.200000e+01
     vertex -1.291523e+02 -7.863140e+01  2.200000e+01
   endloop
 endfacet
 facet normal  0.000000e+00  0.000000e+00  1.000000e+00
   outer loop
     vertex -1.254314e+02 -8.217779e+01  2.200000e+01
     vertex -1.255458e+02 -8.216438e+01  2.200000e+01
     vertex -1.374988e+02 -8.537401e+01  2.200000e+01
   endloop
 endfacet
 facet normal  0.000000e+00  0.000000e+00  1.000000e+00
   outer loop
     vertex -1.254314e+02 -8.217779e+01  2.200000e+01
     vertex -1.374988e+02 -8.537401e+01  2.200000e+01
     vertex -1.375923e+02 -8.544136e+01  2.200000e+01
   endloop
 endfacet
 facet normal  0.000000e+00  0.000000e+00  1.000000e+00
   outer loop
     vertex -1.291806e+02 -7.840271e+01  2.200000e+01
     vertex -1.361983e+02 -8.021486e+01  2.200000e+01
     vertex -1.361507e+02 -8.031982e+01  2.200000e+01
   endloop
 endfacet
 facet normal  0.000000e+00  0.000000e+00  1.000000e+00
   outer loop
     vertex -1.291806e+02 -7.840271e+01  2.200000e+01
     vertex -1.361507e+02 -8.031982e+01  2.200000e+01
     vertex -1.291680e+02 -7.851725e+01  2.200000e+01
   endloop
 endfacet
 facet normal  0.000000e+00  0.000000e+00  1.000000e+00
   outer loop
     vertex -1.253166e+02 -8.218805e+01  2.200000e+01
     vertex -1.254314e+02 -8.217779e+01  2.200000e+01
     vertex -1.375923e+02 -8.544136e+01  2.200000e+01
   endloop
 endfacet
 facet normal  0.000000e+00  0.000000e+00  1.000000e+00
   outer loop
     vertex -1.253166e+02 -8.218805e+01  2.200000e+01
     vertex -1.375923e+02 -8.544136e+01  2.200000e+01
     vertex -1.376876e+02 -8.550611e+01  2.200000e+01
   endloop
 endfacet
 facet normal  0.000000e+00  0.000000e+00  1.000000e+00
   outer loop
     vertex -1.291901e+02 -7.828787e+01  2.200000e+01
     vertex -1.361983e+02 -8.021486e+01  2.200000e+01
     vertex -1.291806e+02 -7.840271e+01  2.200000e+01
   endloop
 endfacet
 facet normal  0.000000e+00  0.000000e+00  1.000000e+00
   outer loop
     vertex -1.291901e+02 -7.828787e+01  2.200000e+01
     vertex -1.362487e+02 -8.011123e+01  2.200000e+01
     vertex -1.361983e+02 -8.021486e+01  2.200000e+01
   endloop
 endfacet
 facet normal  0.000000e+00  0.000000e+00  1.000000e+00
   outer loop
     vertex -1.252016e+02 -8.219516e+01  2.200000e+01
     vertex -1.253166e+02 -8.218805e+01  2.200000e+01
     vertex -1.376876e+02 -8.550611e+01  2.200000e+01
   endloop
 endfacet
 facet normal  0.000000e+00  0.000000e+00  1.000000e+00
   outer loop
     vertex -1.252016e+02 -8.219516e+01  2.200000e+01
     vertex -1.376876e+02 -8.550611e+01  2.200000e+01
     vertex -1.377847e+02 -8.556823e+01  2.200000e+01
   endloop
 endfacet
 facet normal  0.000000e+00  0.000000e+00  1.000000e+00
   outer loop
     vertex -1.291964e+02 -7.817281e+01  2.200000e+01
     vertex -1.362487e+02 -8.011123e+01  2.200000e+01
     vertex -1.291901e+02 -7.828787e+01  2.200000e+01
   endloop
 endfacet
 facet normal  0.000000e+00  0.000000e+00  1.000000e+00
   outer loop
     vertex -1.291964e+02 -7.817281e+01  2.200000e+01
     vertex -1.363019e+02 -8.000903e+01  2.200000e+01
     vertex -1.362487e+02 -8.011123e+01  2.200000e+01
   endloop
 endfacet
 facet normal  0.000000e+00  0.000000e+00  1.000000e+00
   outer loop
     vertex -1.250864e+02 -8.219911e+01  2.200000e+01
     vertex -1.252016e+02 -8.219516e+01  2.200000e+01
     vertex -1.377847e+02 -8.556823e+01  2.200000e+01
   endloop
 endfacet
 facet normal  0.000000e+00  0.000000e+00  1.000000e+00
   outer loop
     vertex -1.250864e+02 -8.219911e+01  2.200000e+01
     vertex -1.377847e+02 -8.556823e+01  2.200000e+01
     vertex -1.378834e+02 -8.562767e+01  2.200000e+01
   endloop
 endfacet
 facet normal  0.000000e+00  0.000000e+00  1.000000e+00
   outer loop
     vertex -1.291996e+02 -7.805762e+01  2.200000e+01
     vertex -1.363019e+02 -8.000903e+01  2.200000e+01
     vertex -1.291964e+02 -7.817281e+01  2.200000e+01
   endloop
 endfacet
 facet normal  0.000000e+00  0.000000e+00  1.000000e+00
   outer loop
     vertex -1.291996e+02 -7.805762e+01  2.200000e+01
     vertex -1.363579e+02 -7.990832e+01  2.200000e+01
     vertex -1.363019e+02 -8.000903e+01  2.200000e+01
   endloop
 endfacet
 facet normal  0.000000e+00  0.000000e+00  1.000000e+00
   outer loop
     vertex -1.249712e+02 -8.219990e+01  2.200000e+01
     vertex -1.250864e+02 -8.219911e+01  2.200000e+01
     vertex -1.378834e+02 -8.562767e+01  2.200000e+01
   endloop
 endfacet
 facet normal  0.000000e+00  0.000000e+00  1.000000e+00
   outer loop
     vertex -1.249712e+02 -8.219990e+01  2.200000e+01
     vertex -1.378834e+02 -8.562767e+01  2.200000e+01
     vertex -1.379837e+02 -8.568437e+01  2.200000e+01
   endloop
 endfacet
 facet normal  0.000000e+00  0.000000e+00  1.000000e+00
   outer loop
     vertex -1.291996e+02 -7.794238e+01  2.200000e+01
     vertex -1.363579e+02 -7.990832e+01  2.200000e+01
     vertex -1.291996e+02 -7.805762e+01  2.200000e+01
   endloop
 endfacet
 facet normal  0.000000e+00  0.000000e+00  1.000000e+00
   outer loop
     vertex -1.291996e+02 -7.794238e+01  2.200000e+01
     vertex -1.364167e+02 -7.980919e+01  2.200000e+01
     vertex -1.363579e+02 -7.990832e+01  2.200000e+01
   endloop
 endfacet
 facet normal  0.000000e+00  0.000000e+00  1.000000e+00
   outer loop
     vertex -1.248560e+02 -8.219753e+01  2.200000e+01
     vertex -1.249712e+02 -8.219990e+01  2.200000e+01
     vertex -1.379837e+02 -8.568437e+01  2.200000e+01
   endloop
 endfacet
 facet normal  0.000000e+00  0.000000e+00  1.000000e+00
   outer loop
     vertex -1.248560e+02 -8.219753e+01  2.200000e+01
     vertex -1.379837e+02 -8.568437e+01  2.200000e+01
     vertex -1.380855e+02 -8.573830e+01  2.200000e+01
   endloop
 endfacet
 facet normal  0.000000e+00  0.000000e+00  1.000000e+00
   outer loop
     vertex -1.291964e+02 -7.782719e+01  2.200000e+01
     vertex -1.364167e+02 -7.980919e+01  2.200000e+01
     vertex -1.291996e+02 -7.794238e+01  2.200000e+01
   endloop
 endfacet
 facet normal  0.000000e+00  0.000000e+00  1.000000e+00
   outer loop
     vertex -1.291964e+02 -7.782719e+01  2.200000e+01
     vertex -1.364781e+02 -7.971171e+01  2.200000e+01
     vertex -1.364167e+02 -7.980919e+01  2.200000e+01
   endloop
 endfacet
 facet normal  0.000000e+00  0.000000e+00  1.000000e+00
   outer loop
     vertex -1.247409e+02 -8.219200e+01  2.200000e+01
     vertex -1.248560e+02 -8.219753e+01  2.200000e+01
     vertex -1.380855e+02 -8.573830e+01  2.200000e+01
   endloop
 endfacet
 facet normal  0.000000e+00  0.000000e+00  1.000000e+00
   outer loop
     vertex -1.247409e+02 -8.219200e+01  2.200000e+01
     vertex -1.380855e+02 -8.573830e+01  2.200000e+01
     vertex -1.381888e+02 -8.578941e+01  2.200000e+01
   endloop
 endfacet
 facet normal  0.000000e+00  0.000000e+00  1.000000e+00
   outer loop
     vertex -1.291901e+02 -7.771213e+01  2.200000e+01
     vertex -1.365422e+02 -7.961595e+01  2.200000e+01
     vertex -1.364781e+02 -7.971171e+01  2.200000e+01
   endloop
 endfacet
 facet normal  0.000000e+00  0.000000e+00  1.000000e+00
   outer loop
     vertex -1.291901e+02 -7.771213e+01  2.200000e+01
     vertex -1.364781e+02 -7.971171e+01  2.200000e+01
     vertex -1.291964e+02 -7.782719e+01  2.200000e+01
   endloop
 endfacet
 facet normal  0.000000e+00  0.000000e+00  1.000000e+00
   outer loop
     vertex -1.246260e+02 -8.218331e+01  2.200000e+01
     vertex -1.247409e+02 -8.219200e+01  2.200000e+01
     vertex -1.381888e+02 -8.578941e+01  2.200000e+01
   endloop
 endfacet
 facet normal  0.000000e+00  0.000000e+00  1.000000e+00
   outer loop
     vertex -1.246260e+02 -8.218331e+01  2.200000e+01
     vertex -1.381888e+02 -8.578941e+01  2.200000e+01
     vertex -1.382935e+02 -8.583767e+01  2.200000e+01
   endloop
 endfacet
 facet normal  0.000000e+00  0.000000e+00  1.000000e+00
   outer loop
     vertex -1.291806e+02 -7.759729e+01  2.200000e+01
     vertex -1.366089e+02 -7.952199e+01  2.200000e+01
     vertex -1.365422e+02 -7.961595e+01  2.200000e+01
   endloop
 endfacet
 facet normal  0.000000e+00  0.000000e+00  1.000000e+00
   outer loop
     vertex -1.291806e+02 -7.759729e+01  2.200000e+01
     vertex -1.365422e+02 -7.961595e+01  2.200000e+01
     vertex -1.291901e+02 -7.771213e+01  2.200000e+01
   endloop
 endfacet
 facet normal  0.000000e+00  0.000000e+00  1.000000e+00
   outer loop
     vertex -1.245113e+02 -8.217148e+01  2.200000e+01
     vertex -1.246260e+02 -8.218331e+01  2.200000e+01
     vertex -1.382935e+02 -8.583767e+01  2.200000e+01
   endloop
 endfacet
 facet normal  0.000000e+00  0.000000e+00  1.000000e+00
   outer loop
     vertex -1.245113e+02 -8.217148e+01  2.200000e+01
     vertex -1.382935e+02 -8.583767e+01  2.200000e+01
     vertex -1.383994e+02 -8.588304e+01  2.200000e+01
   endloop
 endfacet
 facet normal  0.000000e+00  0.000000e+00  1.000000e+00
   outer loop
     vertex -1.291680e+02 -7.748275e+01  2.200000e+01
     vertex -1.366089e+02 -7.952199e+01  2.200000e+01
     vertex -1.291806e+02 -7.759729e+01  2.200000e+01
   endloop
 endfacet
 facet normal  0.000000e+00  0.000000e+00  1.000000e+00
   outer loop
     vertex -1.291680e+02 -7.748275e+01  2.200000e+01
     vertex -1.366782e+02 -7.942989e+01  2.200000e+01
     vertex -1.366089e+02 -7.952199e+01  2.200000e+01
   endloop
 endfacet
 facet normal  0.000000e+00  0.000000e+00  1.000000e+00
   outer loop
     vertex -1.291523e+02 -7.736860e+01  2.200000e+01
     vertex -1.367499e+02 -7.933973e+01  2.200000e+01
     vertex -1.366782e+02 -7.942989e+01  2.200000e+01
   endloop
 endfacet
 facet normal  0.000000e+00  0.000000e+00  1.000000e+00
   outer loop
     vertex -1.291523e+02 -7.736860e+01  2.200000e+01
     vertex -1.366782e+02 -7.942989e+01  2.200000e+01
     vertex -1.291680e+02 -7.748275e+01  2.200000e+01
   endloop
 endfacet
 facet normal  0.000000e+00  0.000000e+00  1.000000e+00
   outer loop
     vertex -1.291334e+02 -7.725492e+01  2.200000e+01
     vertex -1.368241e+02 -7.925156e+01  2.200000e+01
     vertex -1.367499e+02 -7.933973e+01  2.200000e+01
   endloop
 endfacet
 facet normal  0.000000e+00  0.000000e+00  1.000000e+00
   outer loop
     vertex -1.291334e+02 -7.725492e+01  2.200000e+01
     vertex -1.367499e+02 -7.933973e+01  2.200000e+01
     vertex -1.291523e+02 -7.736860e+01  2.200000e+01
   endloop
 endfacet
 facet normal  0.000000e+00  0.000000e+00  1.000000e+00
   outer loop
     vertex -1.291114e+02 -7.714181e+01  2.200000e+01
     vertex -1.369007e+02 -7.916547e+01  2.200000e+01
     vertex -1.368241e+02 -7.925156e+01  2.200000e+01
   endloop
 endfacet
 facet normal  0.000000e+00  0.000000e+00  1.000000e+00
   outer loop
     vertex -1.291114e+02 -7.714181e+01  2.200000e+01
     vertex -1.368241e+02 -7.925156e+01  2.200000e+01
     vertex -1.291334e+02 -7.725492e+01  2.200000e+01
   endloop
 endfacet
 facet normal  0.000000e+00  0.000000e+00  1.000000e+00
   outer loop
     vertex -1.290863e+02 -7.702934e+01  2.200000e+01
     vertex -1.369797e+02 -7.908151e+01  2.200000e+01
     vertex -1.369007e+02 -7.916547e+01  2.200000e+01
   endloop
 endfacet
 facet normal  0.000000e+00  0.000000e+00  1.000000e+00
   outer loop
     vertex -1.290863e+02 -7.702934e+01  2.200000e+01
     vertex -1.369007e+02 -7.916547e+01  2.200000e+01
     vertex -1.291114e+02 -7.714181e+01  2.200000e+01
   endloop
 endfacet
 facet normal  0.000000e+00  0.000000e+00  1.000000e+00
   outer loop
     vertex -1.290581e+02 -7.691760e+01  2.200000e+01
     vertex -1.370609e+02 -7.899975e+01  2.200000e+01
     vertex -1.369797e+02 -7.908151e+01  2.200000e+01
   endloop
 endfacet
 facet normal  0.000000e+00  0.000000e+00  1.000000e+00
   outer loop
     vertex -1.290581e+02 -7.691760e+01  2.200000e+01
     vertex -1.369797e+02 -7.908151e+01  2.200000e+01
     vertex -1.290863e+02 -7.702934e+01  2.200000e+01
   endloop
 endfacet
 facet normal  0.000000e+00  0.000000e+00  1.000000e+00
   outer loop
     vertex -1.290269e+02 -7.680668e+01  2.200000e+01
     vertex -1.371443e+02 -7.892025e+01  2.200000e+01
     vertex -1.370609e+02 -7.899975e+01  2.200000e+01
   endloop
 endfacet
 facet normal  0.000000e+00  0.000000e+00  1.000000e+00
   outer loop
     vertex -1.290269e+02 -7.680668e+01  2.200000e+01
     vertex -1.370609e+02 -7.899975e+01  2.200000e+01
     vertex -1.290581e+02 -7.691760e+01  2.200000e+01
   endloop
 endfacet
 facet normal  0.000000e+00  0.000000e+00  1.000000e+00
   outer loop
     vertex -1.289927e+02 -7.669665e+01  2.200000e+01
     vertex -1.372298e+02 -7.884306e+01  2.200000e+01
     vertex -1.371443e+02 -7.892025e+01  2.200000e+01
   endloop
 endfacet
 facet normal  0.000000e+00  0.000000e+00  1.000000e+00
   outer loop
     vertex -1.289927e+02 -7.669665e+01  2.200000e+01
     vertex -1.371443e+02 -7.892025e+01  2.200000e+01
     vertex -1.290269e+02 -7.680668e+01  2.200000e+01
   endloop
 endfacet
 facet normal  0.000000e+00  0.000000e+00  1.000000e+00
   outer loop
     vertex -1.289554e+02 -7.658761e+01  2.200000e+01
     vertex -1.373175e+02 -7.876826e+01  2.200000e+01
     vertex -1.372298e+02 -7.884306e+01  2.200000e+01
   endloop
 endfacet
 facet normal  0.000000e+00  0.000000e+00  1.000000e+00
   outer loop
     vertex -1.289554e+02 -7.658761e+01  2.200000e+01
     vertex -1.372298e+02 -7.884306e+01  2.200000e+01
     vertex -1.289927e+02 -7.669665e+01  2.200000e+01
   endloop
 endfacet
 facet normal  0.000000e+00  0.000000e+00  1.000000e+00
   outer loop
     vertex -1.289152e+02 -7.647963e+01  2.200000e+01
     vertex -1.374072e+02 -7.869588e+01  2.200000e+01
     vertex -1.373175e+02 -7.876826e+01  2.200000e+01
   endloop
 endfacet
 facet normal  0.000000e+00  0.000000e+00  1.000000e+00
   outer loop
     vertex -1.289152e+02 -7.647963e+01  2.200000e+01
     vertex -1.373175e+02 -7.876826e+01  2.200000e+01
     vertex -1.289554e+02 -7.658761e+01  2.200000e+01
   endloop
 endfacet
 facet normal  0.000000e+00  0.000000e+00  1.000000e+00
   outer loop
     vertex -1.288720e+02 -7.637279e+01  2.200000e+01
     vertex -1.374988e+02 -7.862599e+01  2.200000e+01
     vertex -1.374072e+02 -7.869588e+01  2.200000e+01
   endloop
 endfacet
 facet normal  0.000000e+00  0.000000e+00  1.000000e+00
   outer loop
     vertex -1.288720e+02 -7.637279e+01  2.200000e+01
     vertex -1.374072e+02 -7.869588e+01  2.200000e+01
     vertex -1.289152e+02 -7.647963e+01  2.200000e+01
   endloop
 endfacet
 facet normal  0.000000e+00  0.000000e+00  1.000000e+00
   outer loop
     vertex -1.288259e+02 -7.626718e+01  2.200000e+01
     vertex -1.375923e+02 -7.855864e+01  2.200000e+01
     vertex -1.374988e+02 -7.862599e+01  2.200000e+01
   endloop
 endfacet
 facet normal  0.000000e+00  0.000000e+00  1.000000e+00
   outer loop
     vertex -1.288259e+02 -7.626718e+01  2.200000e+01
     vertex -1.374988e+02 -7.862599e+01  2.200000e+01
     vertex -1.288720e+02 -7.637279e+01  2.200000e+01
   endloop
 endfacet
 facet normal  0.000000e+00  0.000000e+00  1.000000e+00
   outer loop
     vertex -1.550000e+02 -5.000000e+01  2.200000e+01
     vertex -1.437251e+02 -8.005995e+01  2.200000e+01
     vertex -1.436705e+02 -7.995848e+01  2.200000e+01
   endloop
 endfacet
 facet normal  0.000000e+00  0.000000e+00  1.000000e+00
   outer loop
     vertex -1.550000e+02 -5.000000e+01  2.200000e+01
     vertex -1.437769e+02 -8.016287e+01  2.200000e+01
     vertex -1.437251e+02 -8.005995e+01  2.200000e+01
   endloop
 endfacet
 facet normal  0.000000e+00  0.000000e+00  1.000000e+00
   outer loop
     vertex -1.550000e+02 -5.000000e+01  2.200000e+01
     vertex -1.438259e+02 -8.026718e+01  2.200000e+01
     vertex -1.437769e+02 -8.016287e+01  2.200000e+01
   endloop
 endfacet
 facet normal  0.000000e+00  0.000000e+00  1.000000e+00
   outer loop
     vertex -1.550000e+02 -5.000000e+01  2.200000e+01
     vertex -1.438720e+02 -8.037279e+01  2.200000e+01
     vertex -1.438259e+02 -8.026718e+01  2.200000e+01
   endloop
 endfacet
 facet normal  0.000000e+00  0.000000e+00  1.000000e+00
   outer loop
     vertex -1.550000e+02 -5.000000e+01  2.200000e+01
     vertex -1.550000e+02 -9.200000e+01  2.200000e+01
     vertex -1.438720e+02 -8.037279e+01  2.200000e+01
   endloop
 endfacet
 facet normal  0.000000e+00  0.000000e+00  1.000000e+00
   outer loop
     vertex -1.550000e+02 -5.000000e+01  2.200000e+01
     vertex -1.397409e+02 -7.780800e+01  2.200000e+01
     vertex -1.396260e+02 -7.781669e+01  2.200000e+01
   endloop
 endfacet
 facet normal  0.000000e+00  0.000000e+00  1.000000e+00
   outer loop
     vertex -1.550000e+02 -5.000000e+01  2.200000e+01
     vertex -1.398560e+02 -7.780247e+01  2.200000e+01
     vertex -1.397409e+02 -7.780800e+01  2.200000e+01
   endloop
 endfacet
 facet normal  0.000000e+00  0.000000e+00  1.000000e+00
   outer loop
     vertex -1.550000e+02 -5.000000e+01  2.200000e+01
     vertex -1.399712e+02 -7.780010e+01  2.200000e+01
     vertex -1.398560e+02 -7.780247e+01  2.200000e+01
   endloop
 endfacet
 facet normal  0.000000e+00  0.000000e+00  1.000000e+00
   outer loop
     vertex -1.550000e+02 -5.000000e+01  2.200000e+01
     vertex -1.400864e+02 -7.780089e+01  2.200000e+01
     vertex -1.399712e+02 -7.780010e+01  2.200000e+01
   endloop
 endfacet
 facet normal  0.000000e+00  0.000000e+00  1.000000e+00
   outer loop
     vertex -1.550000e+02 -5.000000e+01  2.200000e+01
     vertex -1.402016e+02 -7.780484e+01  2.200000e+01
     vertex -1.400864e+02 -7.780089e+01  2.200000e+01
   endloop
 endfacet
 facet normal  0.000000e+00  0.000000e+00  1.000000e+00
   outer loop
     vertex -1.550000e+02 -5.000000e+01  2.200000e+01
     vertex -1.403166e+02 -7.781195e+01  2.200000e+01
     vertex -1.402016e+02 -7.780484e+01  2.200000e+01
   endloop
 endfacet
 facet normal  0.000000e+00  0.000000e+00  1.000000e+00
   outer loop
     vertex -1.550000e+02 -5.000000e+01  2.200000e+01
     vertex -1.404314e+02 -7.782221e+01  2.200000e+01
     vertex -1.403166e+02 -7.781195e+01  2.200000e+01
   endloop
 endfacet
 facet normal  0.000000e+00  0.000000e+00  1.000000e+00
   outer loop
     vertex -1.550000e+02 -5.000000e+01  2.200000e+01
     vertex -1.405458e+02 -7.783562e+01  2.200000e+01
     vertex -1.404314e+02 -7.782221e+01  2.200000e+01
   endloop
 endfacet
 facet normal  0.000000e+00  0.000000e+00  1.000000e+00
   outer loop
     vertex -1.550000e+02 -5.000000e+01  2.200000e+01
     vertex -1.406599e+02 -7.785216e+01  2.200000e+01
     vertex -1.405458e+02 -7.783562e+01  2.200000e+01
   endloop
 endfacet
 facet normal  0.000000e+00  0.000000e+00  1.000000e+00
   outer loop
     vertex -1.550000e+02 -5.000000e+01  2.200000e+01
     vertex -1.407734e+02 -7.787182e+01  2.200000e+01
     vertex -1.406599e+02 -7.785216e+01  2.200000e+01
   endloop
 endfacet
 facet normal  0.000000e+00  0.000000e+00  1.000000e+00
   outer loop
     vertex -1.550000e+02 -5.000000e+01  2.200000e+01
     vertex -1.408864e+02 -7.789460e+01  2.200000e+01
     vertex -1.407734e+02 -7.787182e+01  2.200000e+01
   endloop
 endfacet
 facet normal  0.000000e+00  0.000000e+00  1.000000e+00
   outer loop
     vertex -1.550000e+02 -5.000000e+01  2.200000e+01
     vertex -1.409987e+02 -7.792046e+01  2.200000e+01
     vertex -1.408864e+02 -7.789460e+01  2.200000e+01
   endloop
 endfacet
 facet normal  0.000000e+00  0.000000e+00  1.000000e+00
   outer loop
     vertex -1.550000e+02 -5.000000e+01  2.200000e+01
     vertex -1.411102e+02 -7.794939e+01  2.200000e+01
     vertex -1.409987e+02 -7.792046e+01  2.200000e+01
   endloop
 endfacet
 facet normal  0.000000e+00  0.000000e+00  1.000000e+00
   outer loop
     vertex -1.550000e+02 -5.000000e+01  2.200000e+01
     vertex -1.412209e+02 -7.798137e+01  2.200000e+01
     vertex -1.411102e+02 -7.794939e+01  2.200000e+01
   endloop
 endfacet
 facet normal  0.000000e+00  0.000000e+00  1.000000e+00
   outer loop
     vertex -1.550000e+02 -5.000000e+01  2.200000e+01
     vertex -1.413307e+02 -7.801638e+01  2.200000e+01
     vertex -1.412209e+02 -7.798137e+01  2.200000e+01
   endloop
 endfacet
 facet normal  0.000000e+00  0.000000e+00  1.000000e+00
   outer loop
     vertex -1.550000e+02 -5.000000e+01  2.200000e+01
     vertex -1.414395e+02 -7.805439e+01  2.200000e+01
     vertex -1.413307e+02 -7.801638e+01  2.200000e+01
   endloop
 endfacet
 facet normal  0.000000e+00  0.000000e+00  1.000000e+00
   outer loop
     vertex -1.550000e+02 -5.000000e+01  2.200000e+01
     vertex -1.415472e+02 -7.809536e+01  2.200000e+01
     vertex -1.414395e+02 -7.805439e+01  2.200000e+01
   endloop
 endfacet
 facet normal  0.000000e+00  0.000000e+00  1.000000e+00
   outer loop
     vertex -1.550000e+02 -5.000000e+01  2.200000e+01
     vertex -1.416537e+02 -7.813928e+01  2.200000e+01
     vertex -1.415472e+02 -7.809536e+01  2.200000e+01
   endloop
 endfacet
 facet normal  0.000000e+00  0.000000e+00  1.000000e+00
   outer loop
     vertex -1.550000e+02 -5.000000e+01  2.200000e+01
     vertex -1.417590e+02 -7.818610e+01  2.200000e+01
     vertex -1.416537e+02 -7.813928e+01  2.200000e+01
   endloop
 endfacet
 facet normal  0.000000e+00  0.000000e+00  1.000000e+00
   outer loop
     vertex -1.550000e+02 -5.000000e+01  2.200000e+01
     vertex -1.418630e+02 -7.823579e+01  2.200000e+01
     vertex -1.417590e+02 -7.818610e+01  2.200000e+01
   endloop
 endfacet
 facet normal  0.000000e+00  0.000000e+00  1.000000e+00
   outer loop
     vertex -1.550000e+02 -5.000000e+01  2.200000e+01
     vertex -1.419656e+02 -7.828832e+01  2.200000e+01
     vertex -1.418630e+02 -7.823579e+01  2.200000e+01
   endloop
 endfacet
 facet normal  0.000000e+00  0.000000e+00  1.000000e+00
   outer loop
     vertex -1.550000e+02 -5.000000e+01  2.200000e+01
     vertex -1.420666e+02 -7.834364e+01  2.200000e+01
     vertex -1.419656e+02 -7.828832e+01  2.200000e+01
   endloop
 endfacet
 facet normal  0.000000e+00  0.000000e+00  1.000000e+00
   outer loop
     vertex -1.550000e+02 -5.000000e+01  2.200000e+01
     vertex -1.421662e+02 -7.840171e+01  2.200000e+01
     vertex -1.420666e+02 -7.834364e+01  2.200000e+01
   endloop
 endfacet
 facet normal  0.000000e+00  0.000000e+00  1.000000e+00
   outer loop
     vertex -1.550000e+02 -5.000000e+01  2.200000e+01
     vertex -1.422641e+02 -7.846249e+01  2.200000e+01
     vertex -1.421662e+02 -7.840171e+01  2.200000e+01
   endloop
 endfacet
 facet normal  0.000000e+00  0.000000e+00  1.000000e+00
   outer loop
     vertex -1.550000e+02 -5.000000e+01  2.200000e+01
     vertex -1.423603e+02 -7.852594e+01  2.200000e+01
     vertex -1.422641e+02 -7.846249e+01  2.200000e+01
   endloop
 endfacet
 facet normal  0.000000e+00  0.000000e+00  1.000000e+00
   outer loop
     vertex -1.550000e+02 -5.000000e+01  2.200000e+01
     vertex -1.424547e+02 -7.859200e+01  2.200000e+01
     vertex -1.423603e+02 -7.852594e+01  2.200000e+01
   endloop
 endfacet
 facet normal  0.000000e+00  0.000000e+00  1.000000e+00
   outer loop
     vertex -1.550000e+02 -5.000000e+01  2.200000e+01
     vertex -1.425473e+02 -7.866062e+01  2.200000e+01
     vertex -1.424547e+02 -7.859200e+01  2.200000e+01
   endloop
 endfacet
 facet normal  0.000000e+00  0.000000e+00  1.000000e+00
   outer loop
     vertex -1.550000e+02 -5.000000e+01  2.200000e+01
     vertex -1.426379e+02 -7.873176e+01  2.200000e+01
     vertex -1.425473e+02 -7.866062e+01  2.200000e+01
   endloop
 endfacet
 facet normal  0.000000e+00  0.000000e+00  1.000000e+00
   outer loop
     vertex -1.550000e+02 -5.000000e+01  2.200000e+01
     vertex -1.427266e+02 -7.880536e+01  2.200000e+01
     vertex -1.426379e+02 -7.873176e+01  2.200000e+01
   endloop
 endfacet
 facet normal  0.000000e+00  0.000000e+00  1.000000e+00
   outer loop
     vertex -1.550000e+02 -5.000000e+01  2.200000e+01
     vertex -1.428132e+02 -7.888136e+01  2.200000e+01
     vertex -1.427266e+02 -7.880536e+01  2.200000e+01
   endloop
 endfacet
 facet normal  0.000000e+00  0.000000e+00  1.000000e+00
   outer loop
     vertex -1.550000e+02 -5.000000e+01  2.200000e+01
     vertex -1.428977e+02 -7.895971e+01  2.200000e+01
     vertex -1.428132e+02 -7.888136e+01  2.200000e+01
   endloop
 endfacet
 facet normal  0.000000e+00  0.000000e+00  1.000000e+00
   outer loop
     vertex -1.550000e+02 -5.000000e+01  2.200000e+01
     vertex -1.429800e+02 -7.904035e+01  2.200000e+01
     vertex -1.428977e+02 -7.895971e+01  2.200000e+01
   endloop
 endfacet
 facet normal  0.000000e+00  0.000000e+00  1.000000e+00
   outer loop
     vertex -1.550000e+02 -5.000000e+01  2.200000e+01
     vertex -1.430601e+02 -7.912322e+01  2.200000e+01
     vertex -1.429800e+02 -7.904035e+01  2.200000e+01
   endloop
 endfacet
 facet normal  0.000000e+00  0.000000e+00  1.000000e+00
   outer loop
     vertex -1.550000e+02 -5.000000e+01  2.200000e+01
     vertex -1.431379e+02 -7.920826e+01  2.200000e+01
     vertex -1.430601e+02 -7.912322e+01  2.200000e+01
   endloop
 endfacet
 facet normal  0.000000e+00  0.000000e+00  1.000000e+00
   outer loop
     vertex -1.550000e+02 -5.000000e+01  2.200000e+01
     vertex -1.432133e+02 -7.929539e+01  2.200000e+01
     vertex -1.431379e+02 -7.920826e+01  2.200000e+01
   endloop
 endfacet
 facet normal  0.000000e+00  0.000000e+00  1.000000e+00
   outer loop
     vertex -1.550000e+02 -5.000000e+01  2.200000e+01
     vertex -1.432863e+02 -7.938456e+01  2.200000e+01
     vertex -1.432133e+02 -7.929539e+01  2.200000e+01
   endloop
 endfacet
 facet normal  0.000000e+00  0.000000e+00  1.000000e+00
   outer loop
     vertex -1.550000e+02 -5.000000e+01  2.200000e+01
     vertex -1.433568e+02 -7.947570e+01  2.200000e+01
     vertex -1.432863e+02 -7.938456e+01  2.200000e+01
   endloop
 endfacet
 facet normal  0.000000e+00  0.000000e+00  1.000000e+00
   outer loop
     vertex -1.550000e+02 -5.000000e+01  2.200000e+01
     vertex -1.434248e+02 -7.956874e+01  2.200000e+01
     vertex -1.433568e+02 -7.947570e+01  2.200000e+01
   endloop
 endfacet
 facet normal  0.000000e+00  0.000000e+00  1.000000e+00
   outer loop
     vertex -1.550000e+02 -5.000000e+01  2.200000e+01
     vertex -1.434902e+02 -7.966361e+01  2.200000e+01
     vertex -1.434248e+02 -7.956874e+01  2.200000e+01
   endloop
 endfacet
 facet normal  0.000000e+00  0.000000e+00  1.000000e+00
   outer loop
     vertex -1.550000e+02 -5.000000e+01  2.200000e+01
     vertex -1.435530e+02 -7.976024e+01  2.200000e+01
     vertex -1.434902e+02 -7.966361e+01  2.200000e+01
   endloop
 endfacet
 facet normal  0.000000e+00  0.000000e+00  1.000000e+00
   outer loop
     vertex -1.550000e+02 -5.000000e+01  2.200000e+01
     vertex -1.436131e+02 -7.985856e+01  2.200000e+01
     vertex -1.435530e+02 -7.976024e+01  2.200000e+01
   endloop
 endfacet
 facet normal  0.000000e+00  0.000000e+00  1.000000e+00
   outer loop
     vertex -1.550000e+02 -5.000000e+01  2.200000e+01
     vertex -1.436705e+02 -7.995848e+01  2.200000e+01
     vertex -1.436131e+02 -7.985856e+01  2.200000e+01
   endloop
 endfacet
 facet normal  0.000000e+00  0.000000e+00  1.000000e+00
   outer loop
     vertex -1.287769e+02 -7.616287e+01  2.200000e+01
     vertex -1.376876e+02 -7.849389e+01  2.200000e+01
     vertex -1.375923e+02 -7.855864e+01  2.200000e+01
   endloop
 endfacet
 facet normal  0.000000e+00  0.000000e+00  1.000000e+00
   outer loop
     vertex -1.287769e+02 -7.616287e+01  2.200000e+01
     vertex -1.375923e+02 -7.855864e+01  2.200000e+01
     vertex -1.288259e+02 -7.626718e+01  2.200000e+01
   endloop
 endfacet
 facet normal  0.000000e+00  0.000000e+00  1.000000e+00
   outer loop
     vertex -1.287251e+02 -7.605995e+01  2.200000e+01
     vertex -1.377847e+02 -7.843177e+01  2.200000e+01
     vertex -1.376876e+02 -7.849389e+01  2.200000e+01
   endloop
 endfacet
 facet normal  0.000000e+00  0.000000e+00  1.000000e+00
   outer loop
     vertex -1.287251e+02 -7.605995e+01  2.200000e+01
     vertex -1.376876e+02 -7.849389e+01  2.200000e+01
     vertex -1.287769e+02 -7.616287e+01  2.200000e+01
   endloop
 endfacet
 facet normal  0.000000e+00  0.000000e+00  1.000000e+00
   outer loop
     vertex -1.286705e+02 -7.595848e+01  2.200000e+01
     vertex -1.377847e+02 -7.843177e+01  2.200000e+01
     vertex -1.287251e+02 -7.605995e+01  2.200000e+01
   endloop
 endfacet
 facet normal  0.000000e+00  0.000000e+00  1.000000e+00
   outer loop
     vertex -1.286705e+02 -7.595848e+01  2.200000e+01
     vertex -1.378834e+02 -7.837233e+01  2.200000e+01
     vertex -1.377847e+02 -7.843177e+01  2.200000e+01
   endloop
 endfacet
 facet normal  0.000000e+00  0.000000e+00  1.000000e+00
   outer loop
     vertex -1.286131e+02 -7.585856e+01  2.200000e+01
     vertex -1.379837e+02 -7.831563e+01  2.200000e+01
     vertex -1.378834e+02 -7.837233e+01  2.200000e+01
   endloop
 endfacet
 facet normal  0.000000e+00  0.000000e+00  1.000000e+00
   outer loop
     vertex -1.286131e+02 -7.585856e+01  2.200000e+01
     vertex -1.378834e+02 -7.837233e+01  2.200000e+01
     vertex -1.286705e+02 -7.595848e+01  2.200000e+01
   endloop
 endfacet
 facet normal  0.000000e+00  0.000000e+00  1.000000e+00
   outer loop
     vertex -1.285530e+02 -7.576024e+01  2.200000e+01
     vertex -1.379837e+02 -7.831563e+01  2.200000e+01
     vertex -1.286131e+02 -7.585856e+01  2.200000e+01
   endloop
 endfacet
 facet normal  0.000000e+00  0.000000e+00  1.000000e+00
   outer loop
     vertex -1.285530e+02 -7.576024e+01  2.200000e+01
     vertex -1.380855e+02 -7.826170e+01  2.200000e+01
     vertex -1.379837e+02 -7.831563e+01  2.200000e+01
   endloop
 endfacet
 facet normal  0.000000e+00  0.000000e+00  1.000000e+00
   outer loop
     vertex -1.284902e+02 -7.566361e+01  2.200000e+01
     vertex -1.381888e+02 -7.821059e+01  2.200000e+01
     vertex -1.380855e+02 -7.826170e+01  2.200000e+01
   endloop
 endfacet
 facet normal  0.000000e+00  0.000000e+00  1.000000e+00
   outer loop
     vertex -1.284902e+02 -7.566361e+01  2.200000e+01
     vertex -1.380855e+02 -7.826170e+01  2.200000e+01
     vertex -1.285530e+02 -7.576024e+01  2.200000e+01
   endloop
 endfacet
 facet normal  0.000000e+00  0.000000e+00  1.000000e+00
   outer loop
     vertex -1.284248e+02 -7.556874e+01  2.200000e+01
     vertex -1.381888e+02 -7.821059e+01  2.200000e+01
     vertex -1.284902e+02 -7.566361e+01  2.200000e+01
   endloop
 endfacet
 facet normal  0.000000e+00  0.000000e+00  1.000000e+00
   outer loop
     vertex -1.284248e+02 -7.556874e+01  2.200000e+01
     vertex -1.382935e+02 -7.816233e+01  2.200000e+01
     vertex -1.381888e+02 -7.821059e+01  2.200000e+01
   endloop
 endfacet
 facet normal  0.000000e+00  0.000000e+00  1.000000e+00
   outer loop
     vertex -1.283568e+02 -7.547570e+01  2.200000e+01
     vertex -1.383994e+02 -7.811696e+01  2.200000e+01
     vertex -1.382935e+02 -7.816233e+01  2.200000e+01
   endloop
 endfacet
 facet normal  0.000000e+00  0.000000e+00  1.000000e+00
   outer loop
     vertex -1.283568e+02 -7.547570e+01  2.200000e+01
     vertex -1.382935e+02 -7.816233e+01  2.200000e+01
     vertex -1.284248e+02 -7.556874e+01  2.200000e+01
   endloop
 endfacet
 facet normal  0.000000e+00  0.000000e+00  1.000000e+00
   outer loop
     vertex -1.282863e+02 -7.538456e+01  2.200000e+01
     vertex -1.385065e+02 -7.807451e+01  2.200000e+01
     vertex -1.383994e+02 -7.811696e+01  2.200000e+01
   endloop
 endfacet
 facet normal  0.000000e+00  0.000000e+00  1.000000e+00
   outer loop
     vertex -1.282863e+02 -7.538456e+01  2.200000e+01
     vertex -1.383994e+02 -7.811696e+01  2.200000e+01
     vertex -1.283568e+02 -7.547570e+01  2.200000e+01
   endloop
 endfacet
 facet normal  0.000000e+00  0.000000e+00  1.000000e+00
   outer loop
     vertex -1.282133e+02 -7.529539e+01  2.200000e+01
     vertex -1.385065e+02 -7.807451e+01  2.200000e+01
     vertex -1.282863e+02 -7.538456e+01  2.200000e+01
   endloop
 endfacet
 facet normal  0.000000e+00  0.000000e+00  1.000000e+00
   outer loop
     vertex -1.282133e+02 -7.529539e+01  2.200000e+01
     vertex -1.386148e+02 -7.803501e+01  2.200000e+01
     vertex -1.385065e+02 -7.807451e+01  2.200000e+01
   endloop
 endfacet
 facet normal  0.000000e+00  0.000000e+00  1.000000e+00
   outer loop
     vertex -1.281379e+02 -7.520826e+01  2.200000e+01
     vertex -1.386148e+02 -7.803501e+01  2.200000e+01
     vertex -1.282133e+02 -7.529539e+01  2.200000e+01
   endloop
 endfacet
 facet normal  0.000000e+00  0.000000e+00  1.000000e+00
   outer loop
     vertex -1.281379e+02 -7.520826e+01  2.200000e+01
     vertex -1.387241e+02 -7.799850e+01  2.200000e+01
     vertex -1.386148e+02 -7.803501e+01  2.200000e+01
   endloop
 endfacet
 facet normal  0.000000e+00  0.000000e+00  1.000000e+00
   outer loop
     vertex -1.280601e+02 -7.512322e+01  2.200000e+01
     vertex -1.387241e+02 -7.799850e+01  2.200000e+01
     vertex -1.281379e+02 -7.520826e+01  2.200000e+01
   endloop
 endfacet
 facet normal  0.000000e+00  0.000000e+00  1.000000e+00
   outer loop
     vertex -1.280601e+02 -7.512322e+01  2.200000e+01
     vertex -1.388343e+02 -7.796500e+01  2.200000e+01
     vertex -1.387241e+02 -7.799850e+01  2.200000e+01
   endloop
 endfacet
 facet normal  0.000000e+00  0.000000e+00  1.000000e+00
   outer loop
     vertex -1.279800e+02 -7.504035e+01  2.200000e+01
     vertex -1.388343e+02 -7.796500e+01  2.200000e+01
     vertex -1.280601e+02 -7.512322e+01  2.200000e+01
   endloop
 endfacet
 facet normal  0.000000e+00  0.000000e+00  1.000000e+00
   outer loop
     vertex -1.279800e+02 -7.504035e+01  2.200000e+01
     vertex -1.389455e+02 -7.793454e+01  2.200000e+01
     vertex -1.388343e+02 -7.796500e+01  2.200000e+01
   endloop
 endfacet
 facet normal  0.000000e+00  0.000000e+00  1.000000e+00
   outer loop
     vertex -1.278977e+02 -7.495971e+01  2.200000e+01
     vertex -1.389455e+02 -7.793454e+01  2.200000e+01
     vertex -1.279800e+02 -7.504035e+01  2.200000e+01
   endloop
 endfacet
 facet normal  0.000000e+00  0.000000e+00  1.000000e+00
   outer loop
     vertex -1.278977e+02 -7.495971e+01  2.200000e+01
     vertex -1.390574e+02 -7.790714e+01  2.200000e+01
     vertex -1.389455e+02 -7.793454e+01  2.200000e+01
   endloop
 endfacet
 facet normal  0.000000e+00  0.000000e+00  1.000000e+00
   outer loop
     vertex -1.278132e+02 -7.488136e+01  2.200000e+01
     vertex -1.391700e+02 -7.788282e+01  2.200000e+01
     vertex -1.390574e+02 -7.790714e+01  2.200000e+01
   endloop
 endfacet
 facet normal  0.000000e+00  0.000000e+00  1.000000e+00
   outer loop
     vertex -1.278132e+02 -7.488136e+01  2.200000e+01
     vertex -1.390574e+02 -7.790714e+01  2.200000e+01
     vertex -1.278977e+02 -7.495971e+01  2.200000e+01
   endloop
 endfacet
 facet normal  0.000000e+00  0.000000e+00  1.000000e+00
   outer loop
     vertex -1.277266e+02 -7.480536e+01  2.200000e+01
     vertex -1.391700e+02 -7.788282e+01  2.200000e+01
     vertex -1.278132e+02 -7.488136e+01  2.200000e+01
   endloop
 endfacet
 facet normal  0.000000e+00  0.000000e+00  1.000000e+00
   outer loop
     vertex -1.277266e+02 -7.480536e+01  2.200000e+01
     vertex -1.392833e+02 -7.786160e+01  2.200000e+01
     vertex -1.391700e+02 -7.788282e+01  2.200000e+01
   endloop
 endfacet
 facet normal  0.000000e+00  0.000000e+00  1.000000e+00
   outer loop
     vertex -1.276379e+02 -7.473176e+01  2.200000e+01
     vertex -1.392833e+02 -7.786160e+01  2.200000e+01
     vertex -1.277266e+02 -7.480536e+01  2.200000e+01
   endloop
 endfacet
 facet normal  0.000000e+00  0.000000e+00  1.000000e+00
   outer loop
     vertex -1.276379e+02 -7.473176e+01  2.200000e+01
     vertex -1.393971e+02 -7.784350e+01  2.200000e+01
     vertex -1.392833e+02 -7.786160e+01  2.200000e+01
   endloop
 endfacet
 facet normal  0.000000e+00  0.000000e+00  1.000000e+00
   outer loop
     vertex -1.275473e+02 -7.466062e+01  2.200000e+01
     vertex -1.395113e+02 -7.782852e+01  2.200000e+01
     vertex -1.393971e+02 -7.784350e+01  2.200000e+01
   endloop
 endfacet
 facet normal  0.000000e+00  0.000000e+00  1.000000e+00
   outer loop
     vertex -1.275473e+02 -7.466062e+01  2.200000e+01
     vertex -1.393971e+02 -7.784350e+01  2.200000e+01
     vertex -1.276379e+02 -7.473176e+01  2.200000e+01
   endloop
 endfacet
 facet normal  0.000000e+00  0.000000e+00  1.000000e+00
   outer loop
     vertex -1.274547e+02 -7.459200e+01  2.200000e+01
     vertex -1.396260e+02 -7.781669e+01  2.200000e+01
     vertex -1.395113e+02 -7.782852e+01  2.200000e+01
   endloop
 endfacet
 facet normal  0.000000e+00  0.000000e+00  1.000000e+00
   outer loop
     vertex -1.274547e+02 -7.459200e+01  2.200000e+01
     vertex -1.395113e+02 -7.782852e+01  2.200000e+01
     vertex -1.275473e+02 -7.466062e+01  2.200000e+01
   endloop
 endfacet
 facet normal  0.000000e+00  0.000000e+00  1.000000e+00
   outer loop
     vertex -1.273603e+02 -7.452594e+01  2.200000e+01
     vertex -1.396260e+02 -7.781669e+01  2.200000e+01
     vertex -1.274547e+02 -7.459200e+01  2.200000e+01
   endloop
 endfacet
 facet normal  0.000000e+00  0.000000e+00  1.000000e+00
   outer loop
     vertex -1.273603e+02 -7.452594e+01  2.200000e+01
     vertex -1.550000e+02 -5.000000e+01  2.200000e+01
     vertex -1.396260e+02 -7.781669e+01  2.200000e+01
   endloop
 endfacet
 facet normal  0.000000e+00  0.000000e+00  1.000000e+00
   outer loop
     vertex -1.272641e+02 -7.446249e+01  2.200000e+01
     vertex -1.550000e+02 -5.000000e+01  2.200000e+01
     vertex -1.273603e+02 -7.452594e+01  2.200000e+01
   endloop
 endfacet
 facet normal  0.000000e+00  0.000000e+00  1.000000e+00
   outer loop
     vertex -1.271662e+02 -7.440171e+01  2.200000e+01
     vertex -1.550000e+02 -5.000000e+01  2.200000e+01
     vertex -1.272641e+02 -7.446249e+01  2.200000e+01
   endloop
 endfacet
 facet normal  0.000000e+00  0.000000e+00  1.000000e+00
   outer loop
     vertex -1.270666e+02 -7.434364e+01  2.200000e+01
     vertex -1.550000e+02 -5.000000e+01  2.200000e+01
     vertex -1.271662e+02 -7.440171e+01  2.200000e+01
   endloop
 endfacet
 facet normal  0.000000e+00  0.000000e+00  1.000000e+00
   outer loop
     vertex -1.269656e+02 -7.428832e+01  2.200000e+01
     vertex -1.550000e+02 -5.000000e+01  2.200000e+01
     vertex -1.270666e+02 -7.434364e+01  2.200000e+01
   endloop
 endfacet
 facet normal  0.000000e+00  0.000000e+00  1.000000e+00
   outer loop
     vertex -1.268630e+02 -7.423579e+01  2.200000e+01
     vertex -1.550000e+02 -5.000000e+01  2.200000e+01
     vertex -1.269656e+02 -7.428832e+01  2.200000e+01
   endloop
 endfacet
 facet normal  0.000000e+00  0.000000e+00  1.000000e+00
   outer loop
     vertex -1.267590e+02 -7.418610e+01  2.200000e+01
     vertex -1.550000e+02 -5.000000e+01  2.200000e+01
     vertex -1.268630e+02 -7.423579e+01  2.200000e+01
   endloop
 endfacet
 facet normal  0.000000e+00  0.000000e+00  1.000000e+00
   outer loop
     vertex -1.266537e+02 -7.413928e+01  2.200000e+01
     vertex -1.550000e+02 -5.000000e+01  2.200000e+01
     vertex -1.267590e+02 -7.418610e+01  2.200000e+01
   endloop
 endfacet
 facet normal  0.000000e+00  0.000000e+00  1.000000e+00
   outer loop
     vertex -1.265472e+02 -7.409536e+01  2.200000e+01
     vertex -1.550000e+02 -5.000000e+01  2.200000e+01
     vertex -1.266537e+02 -7.413928e+01  2.200000e+01
   endloop
 endfacet
 facet normal  0.000000e+00  0.000000e+00  1.000000e+00
   outer loop
     vertex -1.264395e+02 -7.405439e+01  2.200000e+01
     vertex -1.550000e+02 -5.000000e+01  2.200000e+01
     vertex -1.265472e+02 -7.409536e+01  2.200000e+01
   endloop
 endfacet
 facet normal  0.000000e+00  0.000000e+00  1.000000e+00
   outer loop
     vertex -1.263307e+02 -7.401638e+01  2.200000e+01
     vertex -1.550000e+02 -5.000000e+01  2.200000e+01
     vertex -1.264395e+02 -7.405439e+01  2.200000e+01
   endloop
 endfacet
 facet normal  0.000000e+00  0.000000e+00  1.000000e+00
   outer loop
     vertex -1.262209e+02 -7.398137e+01  2.200000e+01
     vertex -1.550000e+02 -5.000000e+01  2.200000e+01
     vertex -1.263307e+02 -7.401638e+01  2.200000e+01
   endloop
 endfacet
 facet normal  0.000000e+00  0.000000e+00  1.000000e+00
   outer loop
     vertex -1.261102e+02 -7.394939e+01  2.200000e+01
     vertex -1.550000e+02 -5.000000e+01  2.200000e+01
     vertex -1.262209e+02 -7.398137e+01  2.200000e+01
   endloop
 endfacet
 facet normal  0.000000e+00  0.000000e+00  1.000000e+00
   outer loop
     vertex -1.259987e+02 -7.392046e+01  2.200000e+01
     vertex -1.550000e+02 -5.000000e+01  2.200000e+01
     vertex -1.261102e+02 -7.394939e+01  2.200000e+01
   endloop
 endfacet
 facet normal  0.000000e+00  0.000000e+00  1.000000e+00
   outer loop
     vertex -1.258864e+02 -7.389460e+01  2.200000e+01
     vertex -1.550000e+02 -5.000000e+01  2.200000e+01
     vertex -1.259987e+02 -7.392046e+01  2.200000e+01
   endloop
 endfacet
 facet normal  0.000000e+00  0.000000e+00  1.000000e+00
   outer loop
     vertex -1.257734e+02 -7.387182e+01  2.200000e+01
     vertex -1.550000e+02 -5.000000e+01  2.200000e+01
     vertex -1.258864e+02 -7.389460e+01  2.200000e+01
   endloop
 endfacet
 facet normal  0.000000e+00  0.000000e+00  1.000000e+00
   outer loop
     vertex -1.256599e+02 -7.385216e+01  2.200000e+01
     vertex -1.550000e+02 -5.000000e+01  2.200000e+01
     vertex -1.257734e+02 -7.387182e+01  2.200000e+01
   endloop
 endfacet
 facet normal  0.000000e+00  0.000000e+00  1.000000e+00
   outer loop
     vertex -1.255458e+02 -7.383562e+01  2.200000e+01
     vertex -1.550000e+02 -5.000000e+01  2.200000e+01
     vertex -1.256599e+02 -7.385216e+01  2.200000e+01
   endloop
 endfacet
 facet normal  0.000000e+00  0.000000e+00  1.000000e+00
   outer loop
     vertex -1.254314e+02 -7.382221e+01  2.200000e+01
     vertex -1.550000e+02 -5.000000e+01  2.200000e+01
     vertex -1.255458e+02 -7.383562e+01  2.200000e+01
   endloop
 endfacet
 facet normal  0.000000e+00  0.000000e+00  1.000000e+00
   outer loop
     vertex -1.253166e+02 -7.381195e+01  2.200000e+01
     vertex -1.550000e+02 -5.000000e+01  2.200000e+01
     vertex -1.254314e+02 -7.382221e+01  2.200000e+01
   endloop
 endfacet
 facet normal  0.000000e+00  0.000000e+00  1.000000e+00
   outer loop
     vertex -1.252016e+02 -7.380484e+01  2.200000e+01
     vertex -1.550000e+02 -5.000000e+01  2.200000e+01
     vertex -1.253166e+02 -7.381195e+01  2.200000e+01
   endloop
 endfacet
 facet normal  0.000000e+00  0.000000e+00  1.000000e+00
   outer loop
     vertex -1.250864e+02 -7.380089e+01  2.200000e+01
     vertex -1.550000e+02 -5.000000e+01  2.200000e+01
     vertex -1.252016e+02 -7.380484e+01  2.200000e+01
   endloop
 endfacet
 facet normal  0.000000e+00  0.000000e+00  1.000000e+00
   outer loop
     vertex -1.249712e+02 -7.380010e+01  2.200000e+01
     vertex -1.550000e+02 -5.000000e+01  2.200000e+01
     vertex -1.250864e+02 -7.380089e+01  2.200000e+01
   endloop
 endfacet
 facet normal  0.000000e+00  0.000000e+00  1.000000e+00
   outer loop
     vertex -1.248560e+02 -7.380247e+01  2.200000e+01
     vertex -1.550000e+02 -5.000000e+01  2.200000e+01
     vertex -1.249712e+02 -7.380010e+01  2.200000e+01
   endloop
 endfacet
 facet normal  0.000000e+00  0.000000e+00  1.000000e+00
   outer loop
     vertex -1.247409e+02 -7.380800e+01  2.200000e+01
     vertex -1.550000e+02 -5.000000e+01  2.200000e+01
     vertex -1.248560e+02 -7.380247e+01  2.200000e+01
   endloop
 endfacet
 facet normal  0.000000e+00  0.000000e+00  1.000000e+00
   outer loop
     vertex -1.246260e+02 -7.381669e+01  2.200000e+01
     vertex -1.550000e+02 -5.000000e+01  2.200000e+01
     vertex -1.247409e+02 -7.380800e+01  2.200000e+01
   endloop
 endfacet
 facet normal  0.000000e+00  0.000000e+00  1.000000e+00
   outer loop
     vertex -8.700000e+01 -9.200000e+01  2.200000e+01
     vertex -1.243971e+02 -8.215650e+01  2.200000e+01
     vertex -1.245113e+02 -8.217148e+01  2.200000e+01
   endloop
 endfacet
 facet normal  0.000000e+00  0.000000e+00  1.000000e+00
   outer loop
     vertex -8.700000e+01 -9.200000e+01  2.200000e+01
     vertex -1.242833e+02 -8.213840e+01  2.200000e+01
     vertex -1.243971e+02 -8.215650e+01  2.200000e+01
   endloop
 endfacet
 facet normal  0.000000e+00  0.000000e+00  1.000000e+00
   outer loop
     vertex -8.700000e+01 -9.200000e+01  2.200000e+01
     vertex -1.241700e+02 -8.211718e+01  2.200000e+01
     vertex -1.242833e+02 -8.213840e+01  2.200000e+01
   endloop
 endfacet
 facet normal  0.000000e+00  0.000000e+00  1.000000e+00
   outer loop
     vertex -8.700000e+01 -9.200000e+01  2.200000e+01
     vertex -1.240574e+02 -8.209286e+01  2.200000e+01
     vertex -1.241700e+02 -8.211718e+01  2.200000e+01
   endloop
 endfacet
 facet normal  0.000000e+00  0.000000e+00  1.000000e+00
   outer loop
     vertex -8.700000e+01 -9.200000e+01  2.200000e+01
     vertex -1.239455e+02 -8.206546e+01  2.200000e+01
     vertex -1.240574e+02 -8.209286e+01  2.200000e+01
   endloop
 endfacet
 facet normal  0.000000e+00  0.000000e+00  1.000000e+00
   outer loop
     vertex -8.700000e+01 -9.200000e+01  2.200000e+01
     vertex -1.238343e+02 -8.203500e+01  2.200000e+01
     vertex -1.239455e+02 -8.206546e+01  2.200000e+01
   endloop
 endfacet
 facet normal  0.000000e+00  0.000000e+00  1.000000e+00
   outer loop
     vertex -8.700000e+01 -9.200000e+01  2.200000e+01
     vertex -1.237241e+02 -8.200150e+01  2.200000e+01
     vertex -1.238343e+02 -8.203500e+01  2.200000e+01
   endloop
 endfacet
 facet normal  0.000000e+00  0.000000e+00  1.000000e+00
   outer loop
     vertex -8.700000e+01 -9.200000e+01  2.200000e+01
     vertex -1.236148e+02 -8.196499e+01  2.200000e+01
     vertex -1.237241e+02 -8.200150e+01  2.200000e+01
   endloop
 endfacet
 facet normal  0.000000e+00  0.000000e+00  1.000000e+00
   outer loop
     vertex -8.700000e+01 -9.200000e+01  2.200000e+01
     vertex -1.235065e+02 -8.192549e+01  2.200000e+01
     vertex -1.236148e+02 -8.196499e+01  2.200000e+01
   endloop
 endfacet
 facet normal  0.000000e+00  0.000000e+00  1.000000e+00
   outer loop
     vertex -8.700000e+01 -9.200000e+01  2.200000e+01
     vertex -1.233994e+02 -8.188304e+01  2.200000e+01
     vertex -1.235065e+02 -8.192549e+01  2.200000e+01
   endloop
 endfacet
 facet normal  0.000000e+00  0.000000e+00  1.000000e+00
   outer loop
     vertex -8.700000e+01 -9.200000e+01  2.200000e+01
     vertex -1.232935e+02 -8.183767e+01  2.200000e+01
     vertex -1.233994e+02 -8.188304e+01  2.200000e+01
   endloop
 endfacet
 facet normal  0.000000e+00  0.000000e+00  1.000000e+00
   outer loop
     vertex -8.700000e+01 -9.200000e+01  2.200000e+01
     vertex -1.231888e+02 -8.178941e+01  2.200000e+01
     vertex -1.232935e+02 -8.183767e+01  2.200000e+01
   endloop
 endfacet
 facet normal  0.000000e+00  0.000000e+00  1.000000e+00
   outer loop
     vertex -8.700000e+01 -9.200000e+01  2.200000e+01
     vertex -1.230855e+02 -8.173830e+01  2.200000e+01
     vertex -1.231888e+02 -8.178941e+01  2.200000e+01
   endloop
 endfacet
 facet normal  0.000000e+00  0.000000e+00  1.000000e+00
   outer loop
     vertex -8.700000e+01 -9.200000e+01  2.200000e+01
     vertex -1.229837e+02 -8.168437e+01  2.200000e+01
     vertex -1.230855e+02 -8.173830e+01  2.200000e+01
   endloop
 endfacet
 facet normal  0.000000e+00  0.000000e+00  1.000000e+00
   outer loop
     vertex -8.700000e+01 -9.200000e+01  2.200000e+01
     vertex -1.228834e+02 -8.162767e+01  2.200000e+01
     vertex -1.229837e+02 -8.168437e+01  2.200000e+01
   endloop
 endfacet
 facet normal  0.000000e+00  0.000000e+00  1.000000e+00
   outer loop
     vertex -8.700000e+01 -9.200000e+01  2.200000e+01
     vertex -1.227847e+02 -8.156823e+01  2.200000e+01
     vertex -1.228834e+02 -8.162767e+01  2.200000e+01
   endloop
 endfacet
 facet normal  0.000000e+00  0.000000e+00  1.000000e+00
   outer loop
     vertex -8.700000e+01 -9.200000e+01  2.200000e+01
     vertex -1.226876e+02 -8.150611e+01  2.200000e+01
     vertex -1.227847e+02 -8.156823e+01  2.200000e+01
   endloop
 endfacet
 facet normal  0.000000e+00  0.000000e+00  1.000000e+00
   outer loop
     vertex -8.700000e+01 -9.200000e+01  2.200000e+01
     vertex -1.225923e+02 -8.144136e+01  2.200000e+01
     vertex -1.226876e+02 -8.150611e+01  2.200000e+01
   endloop
 endfacet
 facet normal  0.000000e+00  0.000000e+00  1.000000e+00
   outer loop
     vertex -8.700000e+01 -9.200000e+01  2.200000e+01
     vertex -1.224988e+02 -8.137401e+01  2.200000e+01
     vertex -1.225923e+02 -8.144136e+01  2.200000e+01
   endloop
 endfacet
 facet normal  0.000000e+00  0.000000e+00  1.000000e+00
   outer loop
     vertex -8.700000e+01 -9.200000e+01  2.200000e+01
     vertex -1.224072e+02 -8.130412e+01  2.200000e+01
     vertex -1.224988e+02 -8.137401e+01  2.200000e+01
   endloop
 endfacet
 facet normal  0.000000e+00  0.000000e+00  1.000000e+00
   outer loop
     vertex -8.700000e+01 -9.200000e+01  2.200000e+01
     vertex -1.223175e+02 -8.123174e+01  2.200000e+01
     vertex -1.224072e+02 -8.130412e+01  2.200000e+01
   endloop
 endfacet
 facet normal  0.000000e+00  0.000000e+00  1.000000e+00
   outer loop
     vertex -8.700000e+01 -9.200000e+01  2.200000e+01
     vertex -1.222298e+02 -8.115694e+01  2.200000e+01
     vertex -1.223175e+02 -8.123174e+01  2.200000e+01
   endloop
 endfacet
 facet normal  0.000000e+00  0.000000e+00  1.000000e+00
   outer loop
     vertex -8.700000e+01 -9.200000e+01  2.200000e+01
     vertex -1.221443e+02 -8.107975e+01  2.200000e+01
     vertex -1.222298e+02 -8.115694e+01  2.200000e+01
   endloop
 endfacet
 facet normal  0.000000e+00  0.000000e+00  1.000000e+00
   outer loop
     vertex -8.700000e+01 -9.200000e+01  2.200000e+01
     vertex -1.220609e+02 -8.100025e+01  2.200000e+01
     vertex -1.221443e+02 -8.107975e+01  2.200000e+01
   endloop
 endfacet
 facet normal  0.000000e+00  0.000000e+00  1.000000e+00
   outer loop
     vertex -8.700000e+01 -9.200000e+01  2.200000e+01
     vertex -1.219797e+02 -8.091849e+01  2.200000e+01
     vertex -1.220609e+02 -8.100025e+01  2.200000e+01
   endloop
 endfacet
 facet normal  0.000000e+00  0.000000e+00  1.000000e+00
   outer loop
     vertex -8.700000e+01 -9.200000e+01  2.200000e+01
     vertex -1.219007e+02 -8.083453e+01  2.200000e+01
     vertex -1.219797e+02 -8.091849e+01  2.200000e+01
   endloop
 endfacet
 facet normal  0.000000e+00  0.000000e+00  1.000000e+00
   outer loop
     vertex -8.700000e+01 -9.200000e+01  2.200000e+01
     vertex -1.218241e+02 -8.074844e+01  2.200000e+01
     vertex -1.219007e+02 -8.083453e+01  2.200000e+01
   endloop
 endfacet
 facet normal  0.000000e+00  0.000000e+00  1.000000e+00
   outer loop
     vertex -8.700000e+01 -9.200000e+01  2.200000e+01
     vertex -1.208016e+02 -7.788478e+01  2.200000e+01
     vertex -1.208000e+02 -7.800000e+01  2.200000e+01
   endloop
 endfacet
 facet normal  0.000000e+00  0.000000e+00  1.000000e+00
   outer loop
     vertex -8.700000e+01 -9.200000e+01  2.200000e+01
     vertex -1.217499e+02 -8.066027e+01  2.200000e+01
     vertex -1.218241e+02 -8.074844e+01  2.200000e+01
   endloop
 endfacet
 facet normal  0.000000e+00  0.000000e+00  1.000000e+00
   outer loop
     vertex -8.700000e+01 -9.200000e+01  2.200000e+01
     vertex -1.208063e+02 -7.776964e+01  2.200000e+01
     vertex -1.208016e+02 -7.788478e+01  2.200000e+01
   endloop
 endfacet
 facet normal  0.000000e+00  0.000000e+00  1.000000e+00
   outer loop
     vertex -8.700000e+01 -9.200000e+01  2.200000e+01
     vertex -1.216782e+02 -8.057011e+01  2.200000e+01
     vertex -1.217499e+02 -8.066027e+01  2.200000e+01
   endloop
 endfacet
 facet normal  0.000000e+00  0.000000e+00  1.000000e+00
   outer loop
     vertex -8.700000e+01 -9.200000e+01  2.200000e+01
     vertex -1.208142e+02 -7.765468e+01  2.200000e+01
     vertex -1.208063e+02 -7.776964e+01  2.200000e+01
   endloop
 endfacet
 facet normal  0.000000e+00  0.000000e+00  1.000000e+00
   outer loop
     vertex -8.700000e+01 -9.200000e+01  2.200000e+01
     vertex -1.216089e+02 -8.047801e+01  2.200000e+01
     vertex -1.216782e+02 -8.057011e+01  2.200000e+01
   endloop
 endfacet
 facet normal  0.000000e+00  0.000000e+00  1.000000e+00
   outer loop
     vertex -8.700000e+01 -9.200000e+01  2.200000e+01
     vertex -1.208253e+02 -7.753997e+01  2.200000e+01
     vertex -1.208142e+02 -7.765468e+01  2.200000e+01
   endloop
 endfacet
 facet normal  0.000000e+00  0.000000e+00  1.000000e+00
   outer loop
     vertex -8.700000e+01 -9.200000e+01  2.200000e+01
     vertex -1.215422e+02 -8.038405e+01  2.200000e+01
     vertex -1.216089e+02 -8.047801e+01  2.200000e+01
   endloop
 endfacet
 facet normal  0.000000e+00  0.000000e+00  1.000000e+00
   outer loop
     vertex -8.700000e+01 -9.200000e+01  2.200000e+01
     vertex -1.208395e+02 -7.742562e+01  2.200000e+01
     vertex -1.208253e+02 -7.753997e+01  2.200000e+01
   endloop
 endfacet
 facet normal  0.000000e+00  0.000000e+00  1.000000e+00
   outer loop
     vertex -8.700000e+01 -9.200000e+01  2.200000e+01
     vertex -1.214781e+02 -8.028829e+01  2.200000e+01
     vertex -1.215422e+02 -8.038405e+01  2.200000e+01
   endloop
 endfacet
 facet normal  0.000000e+00  0.000000e+00  1.000000e+00
   outer loop
     vertex -8.700000e+01 -9.200000e+01  2.200000e+01
     vertex -1.208568e+02 -7.731169e+01  2.200000e+01
     vertex -1.208395e+02 -7.742562e+01  2.200000e+01
   endloop
 endfacet
 facet normal  0.000000e+00  0.000000e+00  1.000000e+00
   outer loop
     vertex -8.700000e+01 -9.200000e+01  2.200000e+01
     vertex -1.214167e+02 -8.019081e+01  2.200000e+01
     vertex -1.214781e+02 -8.028829e+01  2.200000e+01
   endloop
 endfacet
 facet normal  0.000000e+00  0.000000e+00  1.000000e+00
   outer loop
     vertex -8.700000e+01 -9.200000e+01  2.200000e+01
     vertex -1.208772e+02 -7.719829e+01  2.200000e+01
     vertex -1.208568e+02 -7.731169e+01  2.200000e+01
   endloop
 endfacet
 facet normal  0.000000e+00  0.000000e+00  1.000000e+00
   outer loop
     vertex -8.700000e+01 -9.200000e+01  2.200000e+01
     vertex -1.213579e+02 -8.009168e+01  2.200000e+01
     vertex -1.214167e+02 -8.019081e+01  2.200000e+01
   endloop
 endfacet
 facet normal  0.000000e+00  0.000000e+00  1.000000e+00
   outer loop
     vertex -8.700000e+01 -9.200000e+01  2.200000e+01
     vertex -1.209008e+02 -7.708549e+01  2.200000e+01
     vertex -1.208772e+02 -7.719829e+01  2.200000e+01
   endloop
 endfacet
 facet normal  0.000000e+00  0.000000e+00  1.000000e+00
   outer loop
     vertex -8.700000e+01 -9.200000e+01  2.200000e+01
     vertex -1.213019e+02 -7.999097e+01  2.200000e+01
     vertex -1.213579e+02 -8.009168e+01  2.200000e+01
   endloop
 endfacet
 facet normal  0.000000e+00  0.000000e+00  1.000000e+00
   outer loop
     vertex -8.700000e+01 -9.200000e+01  2.200000e+01
     vertex -1.209274e+02 -7.697337e+01  2.200000e+01
     vertex -1.209008e+02 -7.708549e+01  2.200000e+01
   endloop
 endfacet
 facet normal  0.000000e+00  0.000000e+00  1.000000e+00
   outer loop
     vertex -8.700000e+01 -9.200000e+01  2.200000e+01
     vertex -1.212487e+02 -7.988877e+01  2.200000e+01
     vertex -1.213019e+02 -7.999097e+01  2.200000e+01
   endloop
 endfacet
 facet normal  0.000000e+00  0.000000e+00  1.000000e+00
   outer loop
     vertex -8.700000e+01 -9.200000e+01  2.200000e+01
     vertex -1.211983e+02 -7.978514e+01  2.200000e+01
     vertex -1.212487e+02 -7.988877e+01  2.200000e+01
   endloop
 endfacet
 facet normal  0.000000e+00  0.000000e+00  1.000000e+00
   outer loop
     vertex -8.700000e+01 -9.200000e+01  2.200000e+01
     vertex -1.211507e+02 -7.968018e+01  2.200000e+01
     vertex -1.211983e+02 -7.978514e+01  2.200000e+01
   endloop
 endfacet
 facet normal  0.000000e+00  0.000000e+00  1.000000e+00
   outer loop
     vertex -8.700000e+01 -9.200000e+01  2.200000e+01
     vertex -1.211061e+02 -7.957394e+01  2.200000e+01
     vertex -1.211507e+02 -7.968018e+01  2.200000e+01
   endloop
 endfacet
 facet normal  0.000000e+00  0.000000e+00  1.000000e+00
   outer loop
     vertex -8.700000e+01 -9.200000e+01  2.200000e+01
     vertex -1.210644e+02 -7.946652e+01  2.200000e+01
     vertex -1.211061e+02 -7.957394e+01  2.200000e+01
   endloop
 endfacet
 facet normal  0.000000e+00  0.000000e+00  1.000000e+00
   outer loop
     vertex -8.700000e+01 -9.200000e+01  2.200000e+01
     vertex -1.210256e+02 -7.935800e+01  2.200000e+01
     vertex -1.210644e+02 -7.946652e+01  2.200000e+01
   endloop
 endfacet
 facet normal  0.000000e+00  0.000000e+00  1.000000e+00
   outer loop
     vertex -8.700000e+01 -9.200000e+01  2.200000e+01
     vertex -1.209898e+02 -7.924845e+01  2.200000e+01
     vertex -1.210256e+02 -7.935800e+01  2.200000e+01
   endloop
 endfacet
 facet normal  0.000000e+00  0.000000e+00  1.000000e+00
   outer loop
     vertex -8.700000e+01 -9.200000e+01  2.200000e+01
     vertex -1.209571e+02 -7.913797e+01  2.200000e+01
     vertex -1.209898e+02 -7.924845e+01  2.200000e+01
   endloop
 endfacet
 facet normal  0.000000e+00  0.000000e+00  1.000000e+00
   outer loop
     vertex -8.700000e+01 -9.200000e+01  2.200000e+01
     vertex -1.245113e+02 -8.217148e+01  2.200000e+01
     vertex -1.383994e+02 -8.588304e+01  2.200000e+01
   endloop
 endfacet
 facet normal  0.000000e+00  0.000000e+00  1.000000e+00
   outer loop
     vertex -8.700000e+01 -9.200000e+01  2.200000e+01
     vertex -1.209274e+02 -7.902663e+01  2.200000e+01
     vertex -1.209571e+02 -7.913797e+01  2.200000e+01
   endloop
 endfacet
 facet normal  0.000000e+00  0.000000e+00  1.000000e+00
   outer loop
     vertex -8.700000e+01 -9.200000e+01  2.200000e+01
     vertex -1.209008e+02 -7.891451e+01  2.200000e+01
     vertex -1.209274e+02 -7.902663e+01  2.200000e+01
   endloop
 endfacet
 facet normal  0.000000e+00  0.000000e+00  1.000000e+00
   outer loop
     vertex -8.700000e+01 -9.200000e+01  2.200000e+01
     vertex -1.208772e+02 -7.880171e+01  2.200000e+01
     vertex -1.209008e+02 -7.891451e+01  2.200000e+01
   endloop
 endfacet
 facet normal  0.000000e+00  0.000000e+00  1.000000e+00
   outer loop
     vertex -8.700000e+01 -9.200000e+01  2.200000e+01
     vertex -1.208568e+02 -7.868831e+01  2.200000e+01
     vertex -1.208772e+02 -7.880171e+01  2.200000e+01
   endloop
 endfacet
 facet normal  0.000000e+00  0.000000e+00  1.000000e+00
   outer loop
     vertex -8.700000e+01 -9.200000e+01  2.200000e+01
     vertex -1.208395e+02 -7.857438e+01  2.200000e+01
     vertex -1.208568e+02 -7.868831e+01  2.200000e+01
   endloop
 endfacet
 facet normal  0.000000e+00  0.000000e+00  1.000000e+00
   outer loop
     vertex -8.700000e+01 -9.200000e+01  2.200000e+01
     vertex -1.208253e+02 -7.846003e+01  2.200000e+01
     vertex -1.208395e+02 -7.857438e+01  2.200000e+01
   endloop
 endfacet
 facet normal  0.000000e+00  0.000000e+00  1.000000e+00
   outer loop
     vertex -8.700000e+01 -9.200000e+01  2.200000e+01
     vertex -1.208142e+02 -7.834532e+01  2.200000e+01
     vertex -1.208253e+02 -7.846003e+01  2.200000e+01
   endloop
 endfacet
 facet normal  0.000000e+00  0.000000e+00  1.000000e+00
   outer loop
     vertex -8.700000e+01 -9.200000e+01  2.200000e+01
     vertex -1.208063e+02 -7.823036e+01  2.200000e+01
     vertex -1.208142e+02 -7.834532e+01  2.200000e+01
   endloop
 endfacet
 facet normal  0.000000e+00  0.000000e+00  1.000000e+00
   outer loop
     vertex -8.700000e+01 -9.200000e+01  2.200000e+01
     vertex -1.208016e+02 -7.811522e+01  2.200000e+01
     vertex -1.208063e+02 -7.823036e+01  2.200000e+01
   endloop
 endfacet
 facet normal  0.000000e+00  0.000000e+00  1.000000e+00
   outer loop
     vertex -8.700000e+01 -9.200000e+01  2.200000e+01
     vertex -1.208000e+02 -7.800000e+01  2.200000e+01
     vertex -1.208016e+02 -7.811522e+01  2.200000e+01
   endloop
 endfacet
 facet normal  0.000000e+00  0.000000e+00  1.000000e+00
   outer loop
     vertex -8.700000e+01 -9.200000e+01  2.200000e+01
     vertex -1.388343e+02 -8.603500e+01  2.200000e+01
     vertex -1.389455e+02 -8.606546e+01  2.200000e+01
   endloop
 endfacet
 facet normal  0.000000e+00  0.000000e+00  1.000000e+00
   outer loop
     vertex -8.700000e+01 -9.200000e+01  2.200000e+01
     vertex -1.387241e+02 -8.600150e+01  2.200000e+01
     vertex -1.388343e+02 -8.603500e+01  2.200000e+01
   endloop
 endfacet
 facet normal  0.000000e+00  0.000000e+00  1.000000e+00
   outer loop
     vertex -8.700000e+01 -9.200000e+01  2.200000e+01
     vertex -1.386148e+02 -8.596499e+01  2.200000e+01
     vertex -1.387241e+02 -8.600150e+01  2.200000e+01
   endloop
 endfacet
 facet normal  0.000000e+00  0.000000e+00  1.000000e+00
   outer loop
     vertex -8.700000e+01 -9.200000e+01  2.200000e+01
     vertex -1.385065e+02 -8.592549e+01  2.200000e+01
     vertex -1.386148e+02 -8.596499e+01  2.200000e+01
   endloop
 endfacet
 facet normal  0.000000e+00  0.000000e+00  1.000000e+00
   outer loop
     vertex -8.700000e+01 -9.200000e+01  2.200000e+01
     vertex -1.383994e+02 -8.588304e+01  2.200000e+01
     vertex -1.385065e+02 -8.592549e+01  2.200000e+01
   endloop
 endfacet
 facet normal  0.000000e+00  0.000000e+00  1.000000e+00
   outer loop
     vertex -8.700000e+01 -9.200000e+01  2.200000e+01
     vertex -1.389455e+02 -8.606546e+01  2.200000e+01
     vertex -1.550000e+02 -9.200000e+01  2.200000e+01
   endloop
 endfacet
 facet normal  0.000000e+00  0.000000e+00  1.000000e+00
   outer loop
     vertex -8.700000e+01 -5.000000e+01  2.200000e+01
     vertex -1.209571e+02 -7.686203e+01  2.200000e+01
     vertex -1.209274e+02 -7.697337e+01  2.200000e+01
   endloop
 endfacet
 facet normal  0.000000e+00  0.000000e+00  1.000000e+00
   outer loop
     vertex -8.700000e+01 -5.000000e+01  2.200000e+01
     vertex -1.209898e+02 -7.675155e+01  2.200000e+01
     vertex -1.209571e+02 -7.686203e+01  2.200000e+01
   endloop
 endfacet
 facet normal  0.000000e+00  0.000000e+00  1.000000e+00
   outer loop
     vertex -8.700000e+01 -5.000000e+01  2.200000e+01
     vertex -1.210256e+02 -7.664200e+01  2.200000e+01
     vertex -1.209898e+02 -7.675155e+01  2.200000e+01
   endloop
 endfacet
 facet normal  0.000000e+00  0.000000e+00  1.000000e+00
   outer loop
     vertex -8.700000e+01 -5.000000e+01  2.200000e+01
     vertex -1.210644e+02 -7.653348e+01  2.200000e+01
     vertex -1.210256e+02 -7.664200e+01  2.200000e+01
   endloop
 endfacet
 facet normal  0.000000e+00  0.000000e+00  1.000000e+00
   outer loop
     vertex -8.700000e+01 -5.000000e+01  2.200000e+01
     vertex -1.211061e+02 -7.642606e+01  2.200000e+01
     vertex -1.210644e+02 -7.653348e+01  2.200000e+01
   endloop
 endfacet
 facet normal  0.000000e+00  0.000000e+00  1.000000e+00
   outer loop
     vertex -8.700000e+01 -5.000000e+01  2.200000e+01
     vertex -1.211507e+02 -7.631982e+01  2.200000e+01
     vertex -1.211061e+02 -7.642606e+01  2.200000e+01
   endloop
 endfacet
 facet normal  0.000000e+00  0.000000e+00  1.000000e+00
   outer loop
     vertex -8.700000e+01 -5.000000e+01  2.200000e+01
     vertex -1.211983e+02 -7.621486e+01  2.200000e+01
     vertex -1.211507e+02 -7.631982e+01  2.200000e+01
   endloop
 endfacet
 facet normal  0.000000e+00  0.000000e+00  1.000000e+00
   outer loop
     vertex -8.700000e+01 -5.000000e+01  2.200000e+01
     vertex -1.212487e+02 -7.611123e+01  2.200000e+01
     vertex -1.211983e+02 -7.621486e+01  2.200000e+01
   endloop
 endfacet
 facet normal  0.000000e+00  0.000000e+00  1.000000e+00
   outer loop
     vertex -8.700000e+01 -5.000000e+01  2.200000e+01
     vertex -1.213019e+02 -7.600903e+01  2.200000e+01
     vertex -1.212487e+02 -7.611123e+01  2.200000e+01
   endloop
 endfacet
 facet normal  0.000000e+00  0.000000e+00  1.000000e+00
   outer loop
     vertex -8.700000e+01 -5.000000e+01  2.200000e+01
     vertex -1.213579e+02 -7.590832e+01  2.200000e+01
     vertex -1.213019e+02 -7.600903e+01  2.200000e+01
   endloop
 endfacet
 facet normal  0.000000e+00  0.000000e+00  1.000000e+00
   outer loop
     vertex -8.700000e+01 -5.000000e+01  2.200000e+01
     vertex -1.214167e+02 -7.580919e+01  2.200000e+01
     vertex -1.213579e+02 -7.590832e+01  2.200000e+01
   endloop
 endfacet
 facet normal  0.000000e+00  0.000000e+00  1.000000e+00
   outer loop
     vertex -8.700000e+01 -5.000000e+01  2.200000e+01
     vertex -1.214781e+02 -7.571171e+01  2.200000e+01
     vertex -1.214167e+02 -7.580919e+01  2.200000e+01
   endloop
 endfacet
 facet normal  0.000000e+00  0.000000e+00  1.000000e+00
   outer loop
     vertex -8.700000e+01 -5.000000e+01  2.200000e+01
     vertex -1.215422e+02 -7.561595e+01  2.200000e+01
     vertex -1.214781e+02 -7.571171e+01  2.200000e+01
   endloop
 endfacet
 facet normal  0.000000e+00  0.000000e+00  1.000000e+00
   outer loop
     vertex -8.700000e+01 -5.000000e+01  2.200000e+01
     vertex -1.216089e+02 -7.552199e+01  2.200000e+01
     vertex -1.215422e+02 -7.561595e+01  2.200000e+01
   endloop
 endfacet
 facet normal  0.000000e+00  0.000000e+00  1.000000e+00
   outer loop
     vertex -8.700000e+01 -5.000000e+01  2.200000e+01
     vertex -1.216782e+02 -7.542989e+01  2.200000e+01
     vertex -1.216089e+02 -7.552199e+01  2.200000e+01
   endloop
 endfacet
 facet normal  0.000000e+00  0.000000e+00  1.000000e+00
   outer loop
     vertex -8.700000e+01 -5.000000e+01  2.200000e+01
     vertex -1.217499e+02 -7.533973e+01  2.200000e+01
     vertex -1.216782e+02 -7.542989e+01  2.200000e+01
   endloop
 endfacet
 facet normal  0.000000e+00  0.000000e+00  1.000000e+00
   outer loop
     vertex -8.700000e+01 -5.000000e+01  2.200000e+01
     vertex -1.218241e+02 -7.525156e+01  2.200000e+01
     vertex -1.217499e+02 -7.533973e+01  2.200000e+01
   endloop
 endfacet
 facet normal  0.000000e+00  0.000000e+00  1.000000e+00
   outer loop
     vertex -8.700000e+01 -5.000000e+01  2.200000e+01
     vertex -1.219007e+02 -7.516547e+01  2.200000e+01
     vertex -1.218241e+02 -7.525156e+01  2.200000e+01
   endloop
 endfacet
 facet normal  0.000000e+00  0.000000e+00  1.000000e+00
   outer loop
     vertex -8.700000e+01 -5.000000e+01  2.200000e+01
     vertex -1.219797e+02 -7.508151e+01  2.200000e+01
     vertex -1.219007e+02 -7.516547e+01  2.200000e+01
   endloop
 endfacet
 facet normal  0.000000e+00  0.000000e+00  1.000000e+00
   outer loop
     vertex -8.700000e+01 -5.000000e+01  2.200000e+01
     vertex -1.220609e+02 -7.499975e+01  2.200000e+01
     vertex -1.219797e+02 -7.508151e+01  2.200000e+01
   endloop
 endfacet
 facet normal  0.000000e+00  0.000000e+00  1.000000e+00
   outer loop
     vertex -8.700000e+01 -5.000000e+01  2.200000e+01
     vertex -1.221443e+02 -7.492025e+01  2.200000e+01
     vertex -1.220609e+02 -7.499975e+01  2.200000e+01
   endloop
 endfacet
 facet normal  0.000000e+00  0.000000e+00  1.000000e+00
   outer loop
     vertex -8.700000e+01 -5.000000e+01  2.200000e+01
     vertex -1.222298e+02 -7.484306e+01  2.200000e+01
     vertex -1.221443e+02 -7.492025e+01  2.200000e+01
   endloop
 endfacet
 facet normal  0.000000e+00  0.000000e+00  1.000000e+00
   outer loop
     vertex -8.700000e+01 -5.000000e+01  2.200000e+01
     vertex -1.223175e+02 -7.476826e+01  2.200000e+01
     vertex -1.222298e+02 -7.484306e+01  2.200000e+01
   endloop
 endfacet
 facet normal  0.000000e+00  0.000000e+00  1.000000e+00
   outer loop
     vertex -8.700000e+01 -5.000000e+01  2.200000e+01
     vertex -1.224072e+02 -7.469588e+01  2.200000e+01
     vertex -1.223175e+02 -7.476826e+01  2.200000e+01
   endloop
 endfacet
 facet normal  0.000000e+00  0.000000e+00  1.000000e+00
   outer loop
     vertex -8.700000e+01 -5.000000e+01  2.200000e+01
     vertex -1.224988e+02 -7.462599e+01  2.200000e+01
     vertex -1.224072e+02 -7.469588e+01  2.200000e+01
   endloop
 endfacet
 facet normal  0.000000e+00  0.000000e+00  1.000000e+00
   outer loop
     vertex -8.700000e+01 -5.000000e+01  2.200000e+01
     vertex -1.225923e+02 -7.455864e+01  2.200000e+01
     vertex -1.224988e+02 -7.462599e+01  2.200000e+01
   endloop
 endfacet
 facet normal  0.000000e+00  0.000000e+00  1.000000e+00
   outer loop
     vertex -8.700000e+01 -5.000000e+01  2.200000e+01
     vertex -1.226876e+02 -7.449389e+01  2.200000e+01
     vertex -1.225923e+02 -7.455864e+01  2.200000e+01
   endloop
 endfacet
 facet normal  0.000000e+00  0.000000e+00  1.000000e+00
   outer loop
     vertex -8.700000e+01 -5.000000e+01  2.200000e+01
     vertex -1.227847e+02 -7.443177e+01  2.200000e+01
     vertex -1.226876e+02 -7.449389e+01  2.200000e+01
   endloop
 endfacet
 facet normal  0.000000e+00  0.000000e+00  1.000000e+00
   outer loop
     vertex -8.700000e+01 -5.000000e+01  2.200000e+01
     vertex -1.228834e+02 -7.437233e+01  2.200000e+01
     vertex -1.227847e+02 -7.443177e+01  2.200000e+01
   endloop
 endfacet
 facet normal  0.000000e+00  0.000000e+00  1.000000e+00
   outer loop
     vertex -8.700000e+01 -5.000000e+01  2.200000e+01
     vertex -1.229837e+02 -7.431563e+01  2.200000e+01
     vertex -1.228834e+02 -7.437233e+01  2.200000e+01
   endloop
 endfacet
 facet normal  0.000000e+00  0.000000e+00  1.000000e+00
   outer loop
     vertex -8.700000e+01 -5.000000e+01  2.200000e+01
     vertex -1.230855e+02 -7.426170e+01  2.200000e+01
     vertex -1.229837e+02 -7.431563e+01  2.200000e+01
   endloop
 endfacet
 facet normal  0.000000e+00  0.000000e+00  1.000000e+00
   outer loop
     vertex -8.700000e+01 -5.000000e+01  2.200000e+01
     vertex -1.231888e+02 -7.421059e+01  2.200000e+01
     vertex -1.230855e+02 -7.426170e+01  2.200000e+01
   endloop
 endfacet
 facet normal  0.000000e+00  0.000000e+00  1.000000e+00
   outer loop
     vertex -8.700000e+01 -5.000000e+01  2.200000e+01
     vertex -1.232935e+02 -7.416233e+01  2.200000e+01
     vertex -1.231888e+02 -7.421059e+01  2.200000e+01
   endloop
 endfacet
 facet normal  0.000000e+00  0.000000e+00  1.000000e+00
   outer loop
     vertex -8.700000e+01 -5.000000e+01  2.200000e+01
     vertex -1.550000e+02 -5.000000e+01  2.200000e+01
     vertex -1.246260e+02 -7.381669e+01  2.200000e+01
   endloop
 endfacet
 facet normal  0.000000e+00  0.000000e+00  1.000000e+00
   outer loop
     vertex -8.700000e+01 -5.000000e+01  2.200000e+01
     vertex -1.233994e+02 -7.411696e+01  2.200000e+01
     vertex -1.232935e+02 -7.416233e+01  2.200000e+01
   endloop
 endfacet
 facet normal  0.000000e+00  0.000000e+00  1.000000e+00
   outer loop
     vertex -8.700000e+01 -5.000000e+01  2.200000e+01
     vertex -1.235065e+02 -7.407451e+01  2.200000e+01
     vertex -1.233994e+02 -7.411696e+01  2.200000e+01
   endloop
 endfacet
 facet normal  0.000000e+00  0.000000e+00  1.000000e+00
   outer loop
     vertex -8.700000e+01 -5.000000e+01  2.200000e+01
     vertex -1.236148e+02 -7.403501e+01  2.200000e+01
     vertex -1.235065e+02 -7.407451e+01  2.200000e+01
   endloop
 endfacet
 facet normal  0.000000e+00  0.000000e+00  1.000000e+00
   outer loop
     vertex -8.700000e+01 -5.000000e+01  2.200000e+01
     vertex -1.237241e+02 -7.399850e+01  2.200000e+01
     vertex -1.236148e+02 -7.403501e+01  2.200000e+01
   endloop
 endfacet
 facet normal  0.000000e+00  0.000000e+00  1.000000e+00
   outer loop
     vertex -8.700000e+01 -5.000000e+01  2.200000e+01
     vertex -1.238343e+02 -7.396500e+01  2.200000e+01
     vertex -1.237241e+02 -7.399850e+01  2.200000e+01
   endloop
 endfacet
 facet normal  0.000000e+00  0.000000e+00  1.000000e+00
   outer loop
     vertex -8.700000e+01 -5.000000e+01  2.200000e+01
     vertex -1.239455e+02 -7.393454e+01  2.200000e+01
     vertex -1.238343e+02 -7.396500e+01  2.200000e+01
   endloop
 endfacet
 facet normal  0.000000e+00  0.000000e+00  1.000000e+00
   outer loop
     vertex -8.700000e+01 -5.000000e+01  2.200000e+01
     vertex -1.240574e+02 -7.390714e+01  2.200000e+01
     vertex -1.239455e+02 -7.393454e+01  2.200000e+01
   endloop
 endfacet
 facet normal  0.000000e+00  0.000000e+00  1.000000e+00
   outer loop
     vertex -8.700000e+01 -5.000000e+01  2.200000e+01
     vertex -1.241700e+02 -7.388282e+01  2.200000e+01
     vertex -1.240574e+02 -7.390714e+01  2.200000e+01
   endloop
 endfacet
 facet normal  0.000000e+00  0.000000e+00  1.000000e+00
   outer loop
     vertex -8.700000e+01 -5.000000e+01  2.200000e+01
     vertex -1.242833e+02 -7.386160e+01  2.200000e+01
     vertex -1.241700e+02 -7.388282e+01  2.200000e+01
   endloop
 endfacet
 facet normal  0.000000e+00  0.000000e+00  1.000000e+00
   outer loop
     vertex -8.700000e+01 -5.000000e+01  2.200000e+01
     vertex -1.243971e+02 -7.384350e+01  2.200000e+01
     vertex -1.242833e+02 -7.386160e+01  2.200000e+01
   endloop
 endfacet
 facet normal  0.000000e+00  0.000000e+00  1.000000e+00
   outer loop
     vertex -8.700000e+01 -5.000000e+01  2.200000e+01
     vertex -1.245113e+02 -7.382852e+01  2.200000e+01
     vertex -1.243971e+02 -7.384350e+01  2.200000e+01
   endloop
 endfacet
 facet normal  0.000000e+00  0.000000e+00  1.000000e+00
   outer loop
     vertex -8.700000e+01 -5.000000e+01  2.200000e+01
     vertex -1.246260e+02 -7.381669e+01  2.200000e+01
     vertex -1.245113e+02 -7.382852e+01  2.200000e+01
   endloop
 endfacet
 facet normal  0.000000e+00  0.000000e+00  1.000000e+00
   outer loop
     vertex -8.700000e+01 -5.000000e+01  2.200000e+01
     vertex -1.209274e+02 -7.697337e+01  2.200000e+01
     vertex -8.700000e+01 -9.200000e+01  2.200000e+01
   endloop
 endfacet
 facet normal  0.000000e+00  1.000000e+00  0.000000e+00
   outer loop
     vertex -8.700000e+01 -5.000000e+01  0.000000e+00
     vertex -1.550000e+02 -5.000000e+01  0.000000e+00
     vertex -1.550000e+02 -5.000000e+01  2.200000e+01
   endloop
 endfacet
 facet normal  0.000000e+00  1.000000e+00  0.000000e+00
   outer loop
     vertex -8.700000e+01 -5.000000e+01  2.200000e+01
     vertex -8.700000e+01 -5.000000e+01  0.000000e+00
     vertex -1.550000e+02 -5.000000e+01  2.200000e+01
   endloop
 endfacet
 facet normal -0.000000e+00  0.000000e+00 -1.000000e+00
   outer loop
     vertex -1.415178e+02 -8.359253e+01  0.000000e+00
     vertex -1.550000e+02 -9.200000e+01  0.000000e+00
     vertex -1.415610e+02 -8.355029e+01  0.000000e+00
   endloop
 endfacet
 facet normal  0.000000e+00 -0.000000e+00 -1.000000e+00
   outer loop
     vertex -1.416029e+02 -8.350688e+01  0.000000e+00
     vertex -1.415610e+02 -8.355029e+01  0.000000e+00
     vertex -1.550000e+02 -9.200000e+01  0.000000e+00
   endloop
 endfacet
 facet normal -0.000000e+00  0.000000e+00 -1.000000e+00
   outer loop
     vertex -1.414736e+02 -8.363357e+01  0.000000e+00
     vertex -1.550000e+02 -9.200000e+01  0.000000e+00
     vertex -1.415178e+02 -8.359253e+01  0.000000e+00
   endloop
 endfacet
 facet normal  0.000000e+00 -0.000000e+00 -1.000000e+00
   outer loop
     vertex -1.416436e+02 -8.346234e+01  0.000000e+00
     vertex -1.416029e+02 -8.350688e+01  0.000000e+00
     vertex -1.550000e+02 -9.200000e+01  0.000000e+00
   endloop
 endfacet
 facet normal -0.000000e+00  0.000000e+00 -1.000000e+00
   outer loop
     vertex -1.414282e+02 -8.367338e+01  0.000000e+00
     vertex -1.550000e+02 -9.200000e+01  0.000000e+00
     vertex -1.414736e+02 -8.363357e+01  0.000000e+00
   endloop
 endfacet
 facet normal  0.000000e+00 -0.000000e+00 -1.000000e+00
   outer loop
     vertex -1.416831e+02 -8.341670e+01  0.000000e+00
     vertex -1.416436e+02 -8.346234e+01  0.000000e+00
     vertex -1.550000e+02 -9.200000e+01  0.000000e+00
   endloop
 endfacet
 facet normal -0.000000e+00  0.000000e+00 -1.000000e+00
   outer loop
     vertex -1.413818e+02 -8.371193e+01  0.000000e+00
     vertex -1.550000e+02 -9.200000e+01  0.000000e+00
     vertex -1.414282e+02 -8.367338e+01  0.000000e+00
   endloop
 endfacet
 facet normal  0.000000e+00 -0.000000e+00 -1.000000e+00
   outer loop
     vertex -1.417214e+02 -8.336999e+01  0.000000e+00
     vertex -1.416831e+02 -8.341670e+01  0.000000e+00
     vertex -1.550000e+02 -9.200000e+01  0.000000e+00
   endloop
 endfacet
 facet normal -0.000000e+00  0.000000e+00 -1.000000e+00
   outer loop
     vertex -1.413343e+02 -8.374920e+01  0.000000e+00
     vertex -1.550000e+02 -9.200000e+01  0.000000e+00
     vertex -1.413818e+02 -8.371193e+01  0.000000e+00
   endloop
 endfacet
 facet normal  0.000000e+00 -0.000000e+00 -1.000000e+00
   outer loop
     vertex -1.417583e+02 -8.332225e+01  0.000000e+00
     vertex -1.417214e+02 -8.336999e+01  0.000000e+00
     vertex -1.550000e+02 -9.200000e+01  0.000000e+00
   endloop
 endfacet
 facet normal -0.000000e+00  0.000000e+00 -1.000000e+00
   outer loop
     vertex -1.412858e+02 -8.378514e+01  0.000000e+00
     vertex -1.550000e+02 -9.200000e+01  0.000000e+00
     vertex -1.413343e+02 -8.374920e+01  0.000000e+00
   endloop
 endfacet
 facet normal  0.000000e+00 -0.000000e+00 -1.000000e+00
   outer loop
     vertex -1.417939e+02 -8.327352e+01  0.000000e+00
     vertex -1.417583e+02 -8.332225e+01  0.000000e+00
     vertex -1.550000e+02 -9.200000e+01  0.000000e+00
   endloop
 endfacet
 facet normal -0.000000e+00  0.000000e+00 -1.000000e+00
   outer loop
     vertex -1.412363e+02 -8.381975e+01  0.000000e+00
     vertex -1.550000e+02 -9.200000e+01  0.000000e+00
     vertex -1.412858e+02 -8.378514e+01  0.000000e+00
   endloop
 endfacet
 facet normal  0.000000e+00 -0.000000e+00 -1.000000e+00
   outer loop
     vertex -1.418282e+02 -8.322382e+01  0.000000e+00
     vertex -1.417939e+02 -8.327352e+01  0.000000e+00
     vertex -1.550000e+02 -9.200000e+01  0.000000e+00
   endloop
 endfacet
 facet normal -0.000000e+00  0.000000e+00 -1.000000e+00
   outer loop
     vertex -1.411859e+02 -8.385298e+01  0.000000e+00
     vertex -1.550000e+02 -9.200000e+01  0.000000e+00
     vertex -1.412363e+02 -8.381975e+01  0.000000e+00
   endloop
 endfacet
 facet normal  0.000000e+00 -0.000000e+00 -1.000000e+00
   outer loop
     vertex -1.418611e+02 -8.317321e+01  0.000000e+00
     vertex -1.418282e+02 -8.322382e+01  0.000000e+00
     vertex -1.550000e+02 -9.200000e+01  0.000000e+00
   endloop
 endfacet
 facet normal -0.000000e+00  0.000000e+00 -1.000000e+00
   outer loop
     vertex -1.411347e+02 -8.388482e+01  0.000000e+00
     vertex -1.550000e+02 -9.200000e+01  0.000000e+00
     vertex -1.411859e+02 -8.385298e+01  0.000000e+00
   endloop
 endfacet
 facet normal  0.000000e+00 -0.000000e+00 -1.000000e+00
   outer loop
     vertex -1.418926e+02 -8.312171e+01  0.000000e+00
     vertex -1.418611e+02 -8.317321e+01  0.000000e+00
     vertex -1.550000e+02 -9.200000e+01  0.000000e+00
   endloop
 endfacet
 facet normal -0.000000e+00  0.000000e+00 -1.000000e+00
   outer loop
     vertex -1.410825e+02 -8.391524e+01  0.000000e+00
     vertex -1.550000e+02 -9.200000e+01  0.000000e+00
     vertex -1.411347e+02 -8.388482e+01  0.000000e+00
   endloop
 endfacet
 facet normal  0.000000e+00 -0.000000e+00 -1.000000e+00
   outer loop
     vertex -1.419226e+02 -8.306937e+01  0.000000e+00
     vertex -1.418926e+02 -8.312171e+01  0.000000e+00
     vertex -1.550000e+02 -9.200000e+01  0.000000e+00
   endloop
 endfacet
 facet normal -0.000000e+00  0.000000e+00 -1.000000e+00
   outer loop
     vertex -1.410296e+02 -8.394421e+01  0.000000e+00
     vertex -1.550000e+02 -9.200000e+01  0.000000e+00
     vertex -1.410825e+02 -8.391524e+01  0.000000e+00
   endloop
 endfacet
 facet normal  0.000000e+00 -0.000000e+00 -1.000000e+00
   outer loop
     vertex -1.419512e+02 -8.301622e+01  0.000000e+00
     vertex -1.419226e+02 -8.306937e+01  0.000000e+00
     vertex -1.550000e+02 -9.200000e+01  0.000000e+00
   endloop
 endfacet
 facet normal -0.000000e+00  0.000000e+00 -1.000000e+00
   outer loop
     vertex -1.409759e+02 -8.397173e+01  0.000000e+00
     vertex -1.550000e+02 -9.200000e+01  0.000000e+00
     vertex -1.410296e+02 -8.394421e+01  0.000000e+00
   endloop
 endfacet
 facet normal  0.000000e+00 -0.000000e+00 -1.000000e+00
   outer loop
     vertex -1.419784e+02 -8.296231e+01  0.000000e+00
     vertex -1.419512e+02 -8.301622e+01  0.000000e+00
     vertex -1.550000e+02 -9.200000e+01  0.000000e+00
   endloop
 endfacet
 facet normal -0.000000e+00  0.000000e+00 -1.000000e+00
   outer loop
     vertex -1.409214e+02 -8.399776e+01  0.000000e+00
     vertex -1.550000e+02 -9.200000e+01  0.000000e+00
     vertex -1.409759e+02 -8.397173e+01  0.000000e+00
   endloop
 endfacet
 facet normal  0.000000e+00 -0.000000e+00 -1.000000e+00
   outer loop
     vertex -1.420040e+02 -8.290767e+01  0.000000e+00
     vertex -1.419784e+02 -8.296231e+01  0.000000e+00
     vertex -1.550000e+02 -9.200000e+01  0.000000e+00
   endloop
 endfacet
 facet normal -0.000000e+00  0.000000e+00 -1.000000e+00
   outer loop
     vertex -1.408662e+02 -8.402228e+01  0.000000e+00
     vertex -1.550000e+02 -9.200000e+01  0.000000e+00
     vertex -1.409214e+02 -8.399776e+01  0.000000e+00
   endloop
 endfacet
 facet normal  0.000000e+00 -0.000000e+00 -1.000000e+00
   outer loop
     vertex -1.420282e+02 -8.285235e+01  0.000000e+00
     vertex -1.420040e+02 -8.290767e+01  0.000000e+00
     vertex -1.550000e+02 -9.200000e+01  0.000000e+00
   endloop
 endfacet
 facet normal -0.000000e+00  0.000000e+00 -1.000000e+00
   outer loop
     vertex -1.408104e+02 -8.404529e+01  0.000000e+00
     vertex -1.550000e+02 -9.200000e+01  0.000000e+00
     vertex -1.408662e+02 -8.402228e+01  0.000000e+00
   endloop
 endfacet
 facet normal  0.000000e+00 -0.000000e+00 -1.000000e+00
   outer loop
     vertex -1.420508e+02 -8.279639e+01  0.000000e+00
     vertex -1.420282e+02 -8.285235e+01  0.000000e+00
     vertex -1.550000e+02 -9.200000e+01  0.000000e+00
   endloop
 endfacet
 facet normal -0.000000e+00  0.000000e+00 -1.000000e+00
   outer loop
     vertex -1.407540e+02 -8.406675e+01  0.000000e+00
     vertex -1.550000e+02 -9.200000e+01  0.000000e+00
     vertex -1.408104e+02 -8.404529e+01  0.000000e+00
   endloop
 endfacet
 facet normal  0.000000e+00 -0.000000e+00 -1.000000e+00
   outer loop
     vertex -1.420719e+02 -8.273983e+01  0.000000e+00
     vertex -1.420508e+02 -8.279639e+01  0.000000e+00
     vertex -1.550000e+02 -9.200000e+01  0.000000e+00
   endloop
 endfacet
 facet normal -0.000000e+00  0.000000e+00 -1.000000e+00
   outer loop
     vertex -1.406970e+02 -8.408666e+01  0.000000e+00
     vertex -1.550000e+02 -9.200000e+01  0.000000e+00
     vertex -1.407540e+02 -8.406675e+01  0.000000e+00
   endloop
 endfacet
 facet normal  0.000000e+00 -0.000000e+00 -1.000000e+00
   outer loop
     vertex -1.420914e+02 -8.268271e+01  0.000000e+00
     vertex -1.420719e+02 -8.273983e+01  0.000000e+00
     vertex -1.550000e+02 -9.200000e+01  0.000000e+00
   endloop
 endfacet
 facet normal -0.000000e+00  0.000000e+00 -1.000000e+00
   outer loop
     vertex -1.406395e+02 -8.410499e+01  0.000000e+00
     vertex -1.550000e+02 -9.200000e+01  0.000000e+00
     vertex -1.406970e+02 -8.408666e+01  0.000000e+00
   endloop
 endfacet
 facet normal  0.000000e+00 -0.000000e+00 -1.000000e+00
   outer loop
     vertex -1.421093e+02 -8.262507e+01  0.000000e+00
     vertex -1.420914e+02 -8.268271e+01  0.000000e+00
     vertex -1.550000e+02 -9.200000e+01  0.000000e+00
   endloop
 endfacet
 facet normal -0.000000e+00  0.000000e+00 -1.000000e+00
   outer loop
     vertex -1.405815e+02 -8.412175e+01  0.000000e+00
     vertex -1.550000e+02 -9.200000e+01  0.000000e+00
     vertex -1.406395e+02 -8.410499e+01  0.000000e+00
   endloop
 endfacet
 facet normal  0.000000e+00 -0.000000e+00 -1.000000e+00
   outer loop
     vertex -1.421257e+02 -8.256697e+01  0.000000e+00
     vertex -1.421093e+02 -8.262507e+01  0.000000e+00
     vertex -1.550000e+02 -9.200000e+01  0.000000e+00
   endloop
 endfacet
 facet normal -0.000000e+00  0.000000e+00 -1.000000e+00
   outer loop
     vertex -1.405231e+02 -8.413690e+01  0.000000e+00
     vertex -1.550000e+02 -9.200000e+01  0.000000e+00
     vertex -1.405815e+02 -8.412175e+01  0.000000e+00
   endloop
 endfacet
 facet normal  0.000000e+00 -0.000000e+00 -1.000000e+00
   outer loop
     vertex -1.421404e+02 -8.250844e+01  0.000000e+00
     vertex -1.421257e+02 -8.256697e+01  0.000000e+00
     vertex -1.550000e+02 -9.200000e+01  0.000000e+00
   endloop
 endfacet
 facet normal -0.000000e+00  0.000000e+00 -1.000000e+00
   outer loop
     vertex -1.404643e+02 -8.415045e+01  0.000000e+00
     vertex -1.550000e+02 -9.200000e+01  0.000000e+00
     vertex -1.405231e+02 -8.413690e+01  0.000000e+00
   endloop
 endfacet
 facet normal  0.000000e+00 -0.000000e+00 -1.000000e+00
   outer loop
     vertex -1.421536e+02 -8.244953e+01  0.000000e+00
     vertex -1.421404e+02 -8.250844e+01  0.000000e+00
     vertex -1.550000e+02 -9.200000e+01  0.000000e+00
   endloop
 endfacet
 facet normal -0.000000e+00  0.000000e+00 -1.000000e+00
   outer loop
     vertex -1.404051e+02 -8.416238e+01  0.000000e+00
     vertex -1.550000e+02 -9.200000e+01  0.000000e+00
     vertex -1.404643e+02 -8.415045e+01  0.000000e+00
   endloop
 endfacet
 facet normal  0.000000e+00 -0.000000e+00 -1.000000e+00
   outer loop
     vertex -1.421651e+02 -8.239028e+01  0.000000e+00
     vertex -1.421536e+02 -8.244953e+01  0.000000e+00
     vertex -1.550000e+02 -9.200000e+01  0.000000e+00
   endloop
 endfacet
 facet normal -0.000000e+00  0.000000e+00 -1.000000e+00
   outer loop
     vertex -1.403456e+02 -8.417268e+01  0.000000e+00
     vertex -1.550000e+02 -9.200000e+01  0.000000e+00
     vertex -1.404051e+02 -8.416238e+01  0.000000e+00
   endloop
 endfacet
 facet normal  0.000000e+00 -0.000000e+00 -1.000000e+00
   outer loop
     vertex -1.421750e+02 -8.233074e+01  0.000000e+00
     vertex -1.421651e+02 -8.239028e+01  0.000000e+00
     vertex -1.550000e+02 -9.200000e+01  0.000000e+00
   endloop
 endfacet
 facet normal -0.000000e+00  0.000000e+00 -1.000000e+00
   outer loop
     vertex -1.402859e+02 -8.418134e+01  0.000000e+00
     vertex -1.550000e+02 -9.200000e+01  0.000000e+00
     vertex -1.403456e+02 -8.417268e+01  0.000000e+00
   endloop
 endfacet
 facet normal  0.000000e+00 -0.000000e+00 -1.000000e+00
   outer loop
     vertex -1.421833e+02 -8.227094e+01  0.000000e+00
     vertex -1.421750e+02 -8.233074e+01  0.000000e+00
     vertex -1.550000e+02 -9.200000e+01  0.000000e+00
   endloop
 endfacet
 facet normal -0.000000e+00  0.000000e+00 -1.000000e+00
   outer loop
     vertex -1.402260e+02 -8.418837e+01  0.000000e+00
     vertex -1.550000e+02 -9.200000e+01  0.000000e+00
     vertex -1.402859e+02 -8.418134e+01  0.000000e+00
   endloop
 endfacet
 facet normal  0.000000e+00 -0.000000e+00 -1.000000e+00
   outer loop
     vertex -1.421899e+02 -8.221094e+01  0.000000e+00
     vertex -1.421833e+02 -8.227094e+01  0.000000e+00
     vertex -1.550000e+02 -9.200000e+01  0.000000e+00
   endloop
 endfacet
 facet normal -0.000000e+00  0.000000e+00 -1.000000e+00
   outer loop
     vertex -1.401658e+02 -8.419374e+01  0.000000e+00
     vertex -1.550000e+02 -9.200000e+01  0.000000e+00
     vertex -1.402260e+02 -8.418837e+01  0.000000e+00
   endloop
 endfacet
 facet normal  0.000000e+00 -0.000000e+00 -1.000000e+00
   outer loop
     vertex -1.421948e+02 -8.215079e+01  0.000000e+00
     vertex -1.421899e+02 -8.221094e+01  0.000000e+00
     vertex -1.550000e+02 -9.200000e+01  0.000000e+00
   endloop
 endfacet
 facet normal -0.000000e+00  0.000000e+00 -1.000000e+00
   outer loop
     vertex -1.401056e+02 -8.419746e+01  0.000000e+00
     vertex -1.550000e+02 -9.200000e+01  0.000000e+00
     vertex -1.401658e+02 -8.419374e+01  0.000000e+00
   endloop
 endfacet
 facet normal  0.000000e+00 -0.000000e+00 -1.000000e+00
   outer loop
     vertex -1.421981e+02 -8.209052e+01  0.000000e+00
     vertex -1.421948e+02 -8.215079e+01  0.000000e+00
     vertex -1.550000e+02 -9.200000e+01  0.000000e+00
   endloop
 endfacet
 facet normal -0.000000e+00  0.000000e+00 -1.000000e+00
   outer loop
     vertex -1.400453e+02 -8.419953e+01  0.000000e+00
     vertex -1.550000e+02 -9.200000e+01  0.000000e+00
     vertex -1.401056e+02 -8.419746e+01  0.000000e+00
   endloop
 endfacet
 facet normal  0.000000e+00 -0.000000e+00 -1.000000e+00
   outer loop
     vertex -1.421998e+02 -8.203018e+01  0.000000e+00
     vertex -1.421981e+02 -8.209052e+01  0.000000e+00
     vertex -1.550000e+02 -9.200000e+01  0.000000e+00
   endloop
 endfacet
 facet normal -0.000000e+00  0.000000e+00 -1.000000e+00
   outer loop
     vertex -1.399849e+02 -8.419995e+01  0.000000e+00
     vertex -1.550000e+02 -9.200000e+01  0.000000e+00
     vertex -1.400453e+02 -8.419953e+01  0.000000e+00
   endloop
 endfacet
 facet normal  0.000000e+00 -0.000000e+00 -1.000000e+00
   outer loop
     vertex -1.421998e+02 -8.196982e+01  0.000000e+00
     vertex -1.421998e+02 -8.203018e+01  0.000000e+00
     vertex -1.550000e+02 -9.200000e+01  0.000000e+00
   endloop
 endfacet
 facet normal  0.000000e+00  0.000000e+00 -1.000000e+00
   outer loop
     vertex -1.399246e+02 -8.419871e+01  0.000000e+00
     vertex -1.550000e+02 -9.200000e+01  0.000000e+00
     vertex -1.399849e+02 -8.419995e+01  0.000000e+00
   endloop
 endfacet
 facet normal  0.000000e+00  0.000000e+00 -1.000000e+00
   outer loop
     vertex -1.421981e+02 -8.190948e+01  0.000000e+00
     vertex -1.421998e+02 -8.196982e+01  0.000000e+00
     vertex -1.550000e+02 -9.200000e+01  0.000000e+00
   endloop
 endfacet
 facet normal  0.000000e+00  0.000000e+00 -1.000000e+00
   outer loop
     vertex -1.398643e+02 -8.419581e+01  0.000000e+00
     vertex -1.550000e+02 -9.200000e+01  0.000000e+00
     vertex -1.399246e+02 -8.419871e+01  0.000000e+00
   endloop
 endfacet
 facet normal  0.000000e+00  0.000000e+00 -1.000000e+00
   outer loop
     vertex -1.421948e+02 -8.184921e+01  0.000000e+00
     vertex -1.421981e+02 -8.190948e+01  0.000000e+00
     vertex -1.550000e+02 -9.200000e+01  0.000000e+00
   endloop
 endfacet
 facet normal  0.000000e+00  0.000000e+00 -1.000000e+00
   outer loop
     vertex -1.398041e+02 -8.419126e+01  0.000000e+00
     vertex -1.550000e+02 -9.200000e+01  0.000000e+00
     vertex -1.398643e+02 -8.419581e+01  0.000000e+00
   endloop
 endfacet
 facet normal  0.000000e+00  0.000000e+00 -1.000000e+00
   outer loop
     vertex -1.421899e+02 -8.178906e+01  0.000000e+00
     vertex -1.421948e+02 -8.184921e+01  0.000000e+00
     vertex -1.550000e+02 -9.200000e+01  0.000000e+00
   endloop
 endfacet
 facet normal  0.000000e+00  0.000000e+00 -1.000000e+00
   outer loop
     vertex -1.397440e+02 -8.418506e+01  0.000000e+00
     vertex -1.550000e+02 -9.200000e+01  0.000000e+00
     vertex -1.398041e+02 -8.419126e+01  0.000000e+00
   endloop
 endfacet
 facet normal  0.000000e+00  0.000000e+00 -1.000000e+00
   outer loop
     vertex -1.421833e+02 -8.172906e+01  0.000000e+00
     vertex -1.421899e+02 -8.178906e+01  0.000000e+00
     vertex -1.550000e+02 -9.200000e+01  0.000000e+00
   endloop
 endfacet
 facet normal  0.000000e+00  0.000000e+00 -1.000000e+00
   outer loop
     vertex -1.396842e+02 -8.417722e+01  0.000000e+00
     vertex -1.550000e+02 -9.200000e+01  0.000000e+00
     vertex -1.397440e+02 -8.418506e+01  0.000000e+00
   endloop
 endfacet
 facet normal  0.000000e+00  0.000000e+00 -1.000000e+00
   outer loop
     vertex -1.421750e+02 -8.166926e+01  0.000000e+00
     vertex -1.421833e+02 -8.172906e+01  0.000000e+00
     vertex -1.550000e+02 -9.200000e+01  0.000000e+00
   endloop
 endfacet
 facet normal  0.000000e+00  0.000000e+00 -1.000000e+00
   outer loop
     vertex -1.396246e+02 -8.416773e+01  0.000000e+00
     vertex -1.550000e+02 -9.200000e+01  0.000000e+00
     vertex -1.396842e+02 -8.417722e+01  0.000000e+00
   endloop
 endfacet
 facet normal  0.000000e+00  0.000000e+00 -1.000000e+00
   outer loop
     vertex -1.421651e+02 -8.160972e+01  0.000000e+00
     vertex -1.421750e+02 -8.166926e+01  0.000000e+00
     vertex -1.550000e+02 -9.200000e+01  0.000000e+00
   endloop
 endfacet
 facet normal  0.000000e+00  0.000000e+00 -1.000000e+00
   outer loop
     vertex -1.395653e+02 -8.415662e+01  0.000000e+00
     vertex -1.550000e+02 -9.200000e+01  0.000000e+00
     vertex -1.396246e+02 -8.416773e+01  0.000000e+00
   endloop
 endfacet
 facet normal  0.000000e+00  0.000000e+00 -1.000000e+00
   outer loop
     vertex -1.421536e+02 -8.155047e+01  0.000000e+00
     vertex -1.421651e+02 -8.160972e+01  0.000000e+00
     vertex -1.550000e+02 -9.200000e+01  0.000000e+00
   endloop
 endfacet
 facet normal  0.000000e+00  0.000000e+00 -1.000000e+00
   outer loop
     vertex -1.395063e+02 -8.414388e+01  0.000000e+00
     vertex -1.550000e+02 -9.200000e+01  0.000000e+00
     vertex -1.395653e+02 -8.415662e+01  0.000000e+00
   endloop
 endfacet
 facet normal  0.000000e+00  0.000000e+00 -1.000000e+00
   outer loop
     vertex -1.421404e+02 -8.149156e+01  0.000000e+00
     vertex -1.421536e+02 -8.155047e+01  0.000000e+00
     vertex -1.550000e+02 -9.200000e+01  0.000000e+00
   endloop
 endfacet
 facet normal  0.000000e+00  0.000000e+00 -1.000000e+00
   outer loop
     vertex -1.394476e+02 -8.412953e+01  0.000000e+00
     vertex -1.550000e+02 -9.200000e+01  0.000000e+00
     vertex -1.395063e+02 -8.414388e+01  0.000000e+00
   endloop
 endfacet
 facet normal  0.000000e+00  0.000000e+00 -1.000000e+00
   outer loop
     vertex -1.421257e+02 -8.143303e+01  0.000000e+00
     vertex -1.421404e+02 -8.149156e+01  0.000000e+00
     vertex -1.550000e+02 -9.200000e+01  0.000000e+00
   endloop
 endfacet
 facet normal  0.000000e+00  0.000000e+00 -1.000000e+00
   outer loop
     vertex -1.393894e+02 -8.411357e+01  0.000000e+00
     vertex -1.550000e+02 -9.200000e+01  0.000000e+00
     vertex -1.394476e+02 -8.412953e+01  0.000000e+00
   endloop
 endfacet
 facet normal  0.000000e+00  0.000000e+00 -1.000000e+00
   outer loop
     vertex -1.421093e+02 -8.137493e+01  0.000000e+00
     vertex -1.421257e+02 -8.143303e+01  0.000000e+00
     vertex -1.550000e+02 -9.200000e+01  0.000000e+00
   endloop
 endfacet
 facet normal  0.000000e+00  0.000000e+00 -1.000000e+00
   outer loop
     vertex -1.393317e+02 -8.409602e+01  0.000000e+00
     vertex -1.550000e+02 -9.200000e+01  0.000000e+00
     vertex -1.393894e+02 -8.411357e+01  0.000000e+00
   endloop
 endfacet
 facet normal  0.000000e+00  0.000000e+00 -1.000000e+00
   outer loop
     vertex -1.420914e+02 -8.131729e+01  0.000000e+00
     vertex -1.421093e+02 -8.137493e+01  0.000000e+00
     vertex -1.550000e+02 -9.200000e+01  0.000000e+00
   endloop
 endfacet
 facet normal  0.000000e+00  0.000000e+00 -1.000000e+00
   outer loop
     vertex -1.420719e+02 -8.126017e+01  0.000000e+00
     vertex -1.420914e+02 -8.131729e+01  0.000000e+00
     vertex -1.550000e+02 -9.200000e+01  0.000000e+00
   endloop
 endfacet
 facet normal  0.000000e+00  0.000000e+00 -1.000000e+00
   outer loop
     vertex -1.420508e+02 -8.120361e+01  0.000000e+00
     vertex -1.420719e+02 -8.126017e+01  0.000000e+00
     vertex -1.550000e+02 -9.200000e+01  0.000000e+00
   endloop
 endfacet
 facet normal  0.000000e+00  0.000000e+00 -1.000000e+00
   outer loop
     vertex -1.420282e+02 -8.114765e+01  0.000000e+00
     vertex -1.420508e+02 -8.120361e+01  0.000000e+00
     vertex -1.550000e+02 -9.200000e+01  0.000000e+00
   endloop
 endfacet
 facet normal  0.000000e+00  0.000000e+00 -1.000000e+00
   outer loop
     vertex -1.420040e+02 -8.109233e+01  0.000000e+00
     vertex -1.420282e+02 -8.114765e+01  0.000000e+00
     vertex -1.550000e+02 -9.200000e+01  0.000000e+00
   endloop
 endfacet
 facet normal  0.000000e+00  0.000000e+00 -1.000000e+00
   outer loop
     vertex -1.419784e+02 -8.103769e+01  0.000000e+00
     vertex -1.420040e+02 -8.109233e+01  0.000000e+00
     vertex -1.550000e+02 -9.200000e+01  0.000000e+00
   endloop
 endfacet
 facet normal  0.000000e+00  0.000000e+00 -1.000000e+00
   outer loop
     vertex -1.419512e+02 -8.098378e+01  0.000000e+00
     vertex -1.419784e+02 -8.103769e+01  0.000000e+00
     vertex -1.550000e+02 -9.200000e+01  0.000000e+00
   endloop
 endfacet
 facet normal  0.000000e+00  0.000000e+00 -1.000000e+00
   outer loop
     vertex -1.265610e+02 -7.955029e+01  0.000000e+00
     vertex -1.378823e+02 -8.259608e+01  0.000000e+00
     vertex -1.378667e+02 -8.253776e+01  0.000000e+00
   endloop
 endfacet
 facet normal  0.000000e+00  0.000000e+00 -1.000000e+00
   outer loop
     vertex -1.265178e+02 -7.959253e+01  0.000000e+00
     vertex -1.378994e+02 -8.265395e+01  0.000000e+00
     vertex -1.378823e+02 -8.259608e+01  0.000000e+00
   endloop
 endfacet
 facet normal -0.000000e+00  0.000000e+00 -1.000000e+00
   outer loop
     vertex -1.265178e+02 -7.959253e+01  0.000000e+00
     vertex -1.378823e+02 -8.259608e+01  0.000000e+00
     vertex -1.265610e+02 -7.955029e+01  0.000000e+00
   endloop
 endfacet
 facet normal  0.000000e+00  0.000000e+00 -1.000000e+00
   outer loop
     vertex -1.266029e+02 -7.950688e+01  0.000000e+00
     vertex -1.378667e+02 -8.253776e+01  0.000000e+00
     vertex -1.378528e+02 -8.247903e+01  0.000000e+00
   endloop
 endfacet
 facet normal  0.000000e+00 -0.000000e+00 -1.000000e+00
   outer loop
     vertex -1.266029e+02 -7.950688e+01  0.000000e+00
     vertex -1.265610e+02 -7.955029e+01  0.000000e+00
     vertex -1.378667e+02 -8.253776e+01  0.000000e+00
   endloop
 endfacet
 facet normal  0.000000e+00  0.000000e+00 -1.000000e+00
   outer loop
     vertex -1.264736e+02 -7.963357e+01  0.000000e+00
     vertex -1.379182e+02 -8.271133e+01  0.000000e+00
     vertex -1.378994e+02 -8.265395e+01  0.000000e+00
   endloop
 endfacet
 facet normal -0.000000e+00  0.000000e+00 -1.000000e+00
   outer loop
     vertex -1.264736e+02 -7.963357e+01  0.000000e+00
     vertex -1.378994e+02 -8.265395e+01  0.000000e+00
     vertex -1.265178e+02 -7.959253e+01  0.000000e+00
   endloop
 endfacet
 facet normal  0.000000e+00  0.000000e+00 -1.000000e+00
   outer loop
     vertex -1.266436e+02 -7.946234e+01  0.000000e+00
     vertex -1.378528e+02 -8.247903e+01  0.000000e+00
     vertex -1.378405e+02 -8.241994e+01  0.000000e+00
   endloop
 endfacet
 facet normal  0.000000e+00 -0.000000e+00 -1.000000e+00
   outer loop
     vertex -1.266436e+02 -7.946234e+01  0.000000e+00
     vertex -1.266029e+02 -7.950688e+01  0.000000e+00
     vertex -1.378528e+02 -8.247903e+01  0.000000e+00
   endloop
 endfacet
 facet normal  0.000000e+00  0.000000e+00 -1.000000e+00
   outer loop
     vertex -1.264282e+02 -7.967338e+01  0.000000e+00
     vertex -1.379385e+02 -8.276818e+01  0.000000e+00
     vertex -1.379182e+02 -8.271133e+01  0.000000e+00
   endloop
 endfacet
 facet normal -0.000000e+00  0.000000e+00 -1.000000e+00
   outer loop
     vertex -1.264282e+02 -7.967338e+01  0.000000e+00
     vertex -1.379182e+02 -8.271133e+01  0.000000e+00
     vertex -1.264736e+02 -7.963357e+01  0.000000e+00
   endloop
 endfacet
 facet normal  0.000000e+00  0.000000e+00 -1.000000e+00
   outer loop
     vertex -1.266831e+02 -7.941670e+01  0.000000e+00
     vertex -1.378405e+02 -8.241994e+01  0.000000e+00
     vertex -1.378297e+02 -8.236054e+01  0.000000e+00
   endloop
 endfacet
 facet normal  0.000000e+00 -0.000000e+00 -1.000000e+00
   outer loop
     vertex -1.266831e+02 -7.941670e+01  0.000000e+00
     vertex -1.266436e+02 -7.946234e+01  0.000000e+00
     vertex -1.378405e+02 -8.241994e+01  0.000000e+00
   endloop
 endfacet
 facet normal  0.000000e+00  0.000000e+00 -1.000000e+00
   outer loop
     vertex -1.263818e+02 -7.971193e+01  0.000000e+00
     vertex -1.379603e+02 -8.282445e+01  0.000000e+00
     vertex -1.379385e+02 -8.276818e+01  0.000000e+00
   endloop
 endfacet
 facet normal -0.000000e+00  0.000000e+00 -1.000000e+00
   outer loop
     vertex -1.263818e+02 -7.971193e+01  0.000000e+00
     vertex -1.379385e+02 -8.276818e+01  0.000000e+00
     vertex -1.264282e+02 -7.967338e+01  0.000000e+00
   endloop
 endfacet
 facet normal  0.000000e+00 -0.000000e+00 -1.000000e+00
   outer loop
     vertex -1.267214e+02 -7.936999e+01  0.000000e+00
     vertex -1.266831e+02 -7.941670e+01  0.000000e+00
     vertex -1.378297e+02 -8.236054e+01  0.000000e+00
   endloop
 endfacet
 facet normal  0.000000e+00  0.000000e+00 -1.000000e+00
   outer loop
     vertex -1.267214e+02 -7.936999e+01  0.000000e+00
     vertex -1.378297e+02 -8.236054e+01  0.000000e+00
     vertex -1.378207e+02 -8.230087e+01  0.000000e+00
   endloop
 endfacet
 facet normal  0.000000e+00  0.000000e+00 -1.000000e+00
   outer loop
     vertex -1.263343e+02 -7.974920e+01  0.000000e+00
     vertex -1.379837e+02 -8.288009e+01  0.000000e+00
     vertex -1.379603e+02 -8.282445e+01  0.000000e+00
   endloop
 endfacet
 facet normal -0.000000e+00  0.000000e+00 -1.000000e+00
   outer loop
     vertex -1.263343e+02 -7.974920e+01  0.000000e+00
     vertex -1.379603e+02 -8.282445e+01  0.000000e+00
     vertex -1.263818e+02 -7.971193e+01  0.000000e+00
   endloop
 endfacet
 facet normal  0.000000e+00  0.000000e+00 -1.000000e+00
   outer loop
     vertex -1.267583e+02 -7.932225e+01  0.000000e+00
     vertex -1.378207e+02 -8.230087e+01  0.000000e+00
     vertex -1.378132e+02 -8.224097e+01  0.000000e+00
   endloop
 endfacet
 facet normal  0.000000e+00 -0.000000e+00 -1.000000e+00
   outer loop
     vertex -1.267583e+02 -7.932225e+01  0.000000e+00
     vertex -1.267214e+02 -7.936999e+01  0.000000e+00
     vertex -1.378207e+02 -8.230087e+01  0.000000e+00
   endloop
 endfacet
 facet normal  0.000000e+00  0.000000e+00 -1.000000e+00
   outer loop
     vertex -1.262858e+02 -7.978514e+01  0.000000e+00
     vertex -1.380086e+02 -8.293508e+01  0.000000e+00
     vertex -1.379837e+02 -8.288009e+01  0.000000e+00
   endloop
 endfacet
 facet normal -0.000000e+00  0.000000e+00 -1.000000e+00
   outer loop
     vertex -1.262858e+02 -7.978514e+01  0.000000e+00
     vertex -1.379837e+02 -8.288009e+01  0.000000e+00
     vertex -1.263343e+02 -7.974920e+01  0.000000e+00
   endloop
 endfacet
 facet normal  0.000000e+00 -0.000000e+00 -1.000000e+00
   outer loop
     vertex -1.267939e+02 -7.927352e+01  0.000000e+00
     vertex -1.267583e+02 -7.932225e+01  0.000000e+00
     vertex -1.378132e+02 -8.224097e+01  0.000000e+00
   endloop
 endfacet
 facet normal  0.000000e+00  0.000000e+00 -1.000000e+00
   outer loop
     vertex -1.267939e+02 -7.927352e+01  0.000000e+00
     vertex -1.378132e+02 -8.224097e+01  0.000000e+00
     vertex -1.378074e+02 -8.218088e+01  0.000000e+00
   endloop
 endfacet
 facet normal  0.000000e+00  0.000000e+00 -1.000000e+00
   outer loop
     vertex -1.262363e+02 -7.981975e+01  0.000000e+00
     vertex -1.380350e+02 -8.298936e+01  0.000000e+00
     vertex -1.380086e+02 -8.293508e+01  0.000000e+00
   endloop
 endfacet
 facet normal -0.000000e+00  0.000000e+00 -1.000000e+00
   outer loop
     vertex -1.262363e+02 -7.981975e+01  0.000000e+00
     vertex -1.380086e+02 -8.293508e+01  0.000000e+00
     vertex -1.262858e+02 -7.978514e+01  0.000000e+00
   endloop
 endfacet
 facet normal  0.000000e+00  0.000000e+00 -1.000000e+00
   outer loop
     vertex -1.268282e+02 -7.922382e+01  0.000000e+00
     vertex -1.378074e+02 -8.218088e+01  0.000000e+00
     vertex -1.378033e+02 -8.212066e+01  0.000000e+00
   endloop
 endfacet
 facet normal  0.000000e+00 -0.000000e+00 -1.000000e+00
   outer loop
     vertex -1.268282e+02 -7.922382e+01  0.000000e+00
     vertex -1.267939e+02 -7.927352e+01  0.000000e+00
     vertex -1.378074e+02 -8.218088e+01  0.000000e+00
   endloop
 endfacet
 facet normal  0.000000e+00  0.000000e+00 -1.000000e+00
   outer loop
     vertex -1.261859e+02 -7.985298e+01  0.000000e+00
     vertex -1.380629e+02 -8.304289e+01  0.000000e+00
     vertex -1.380350e+02 -8.298936e+01  0.000000e+00
   endloop
 endfacet
 facet normal -0.000000e+00  0.000000e+00 -1.000000e+00
   outer loop
     vertex -1.261859e+02 -7.985298e+01  0.000000e+00
     vertex -1.380350e+02 -8.298936e+01  0.000000e+00
     vertex -1.262363e+02 -7.981975e+01  0.000000e+00
   endloop
 endfacet
 facet normal  0.000000e+00 -0.000000e+00 -1.000000e+00
   outer loop
     vertex -1.268611e+02 -7.917321e+01  0.000000e+00
     vertex -1.268282e+02 -7.922382e+01  0.000000e+00
     vertex -1.378033e+02 -8.212066e+01  0.000000e+00
   endloop
 endfacet
 facet normal  0.000000e+00  0.000000e+00 -1.000000e+00
   outer loop
     vertex -1.268611e+02 -7.917321e+01  0.000000e+00
     vertex -1.378033e+02 -8.212066e+01  0.000000e+00
     vertex -1.378008e+02 -8.206035e+01  0.000000e+00
   endloop
 endfacet
 facet normal  0.000000e+00  0.000000e+00 -1.000000e+00
   outer loop
     vertex -1.261347e+02 -7.988482e+01  0.000000e+00
     vertex -1.380922e+02 -8.309564e+01  0.000000e+00
     vertex -1.380629e+02 -8.304289e+01  0.000000e+00
   endloop
 endfacet
 facet normal -0.000000e+00  0.000000e+00 -1.000000e+00
   outer loop
     vertex -1.261347e+02 -7.988482e+01  0.000000e+00
     vertex -1.380629e+02 -8.304289e+01  0.000000e+00
     vertex -1.261859e+02 -7.985298e+01  0.000000e+00
   endloop
 endfacet
 facet normal  0.000000e+00  0.000000e+00 -1.000000e+00
   outer loop
     vertex -1.268926e+02 -7.912171e+01  0.000000e+00
     vertex -1.378008e+02 -8.206035e+01  0.000000e+00
     vertex -1.378000e+02 -8.200000e+01  0.000000e+00
   endloop
 endfacet
 facet normal  0.000000e+00 -0.000000e+00 -1.000000e+00
   outer loop
     vertex -1.268926e+02 -7.912171e+01  0.000000e+00
     vertex -1.268611e+02 -7.917321e+01  0.000000e+00
     vertex -1.378008e+02 -8.206035e+01  0.000000e+00
   endloop
 endfacet
 facet normal  0.000000e+00  0.000000e+00 -1.000000e+00
   outer loop
     vertex -1.260825e+02 -7.991524e+01  0.000000e+00
     vertex -1.381230e+02 -8.314757e+01  0.000000e+00
     vertex -1.380922e+02 -8.309564e+01  0.000000e+00
   endloop
 endfacet
 facet normal -0.000000e+00  0.000000e+00 -1.000000e+00
   outer loop
     vertex -1.260825e+02 -7.991524e+01  0.000000e+00
     vertex -1.380922e+02 -8.309564e+01  0.000000e+00
     vertex -1.261347e+02 -7.988482e+01  0.000000e+00
   endloop
 endfacet
 facet normal  0.000000e+00  0.000000e+00 -1.000000e+00
   outer loop
     vertex -1.269226e+02 -7.906937e+01  0.000000e+00
     vertex -1.378000e+02 -8.200000e+01  0.000000e+00
     vertex -1.378008e+02 -8.193965e+01  0.000000e+00
   endloop
 endfacet
 facet normal  0.000000e+00 -0.000000e+00 -1.000000e+00
   outer loop
     vertex -1.269226e+02 -7.906937e+01  0.000000e+00
     vertex -1.268926e+02 -7.912171e+01  0.000000e+00
     vertex -1.378000e+02 -8.200000e+01  0.000000e+00
   endloop
 endfacet
 facet normal  0.000000e+00  0.000000e+00 -1.000000e+00
   outer loop
     vertex -1.260296e+02 -7.994421e+01  0.000000e+00
     vertex -1.381552e+02 -8.319863e+01  0.000000e+00
     vertex -1.381230e+02 -8.314757e+01  0.000000e+00
   endloop
 endfacet
 facet normal -0.000000e+00  0.000000e+00 -1.000000e+00
   outer loop
     vertex -1.260296e+02 -7.994421e+01  0.000000e+00
     vertex -1.381230e+02 -8.314757e+01  0.000000e+00
     vertex -1.260825e+02 -7.991524e+01  0.000000e+00
   endloop
 endfacet
 facet normal  0.000000e+00  0.000000e+00 -1.000000e+00
   outer loop
     vertex -1.269512e+02 -7.901622e+01  0.000000e+00
     vertex -1.378008e+02 -8.193965e+01  0.000000e+00
     vertex -1.378033e+02 -8.187934e+01  0.000000e+00
   endloop
 endfacet
 facet normal  0.000000e+00 -0.000000e+00 -1.000000e+00
   outer loop
     vertex -1.269512e+02 -7.901622e+01  0.000000e+00
     vertex -1.269226e+02 -7.906937e+01  0.000000e+00
     vertex -1.378008e+02 -8.193965e+01  0.000000e+00
   endloop
 endfacet
 facet normal  0.000000e+00  0.000000e+00 -1.000000e+00
   outer loop
     vertex -1.259759e+02 -7.997173e+01  0.000000e+00
     vertex -1.381888e+02 -8.324879e+01  0.000000e+00
     vertex -1.381552e+02 -8.319863e+01  0.000000e+00
   endloop
 endfacet
 facet normal -0.000000e+00  0.000000e+00 -1.000000e+00
   outer loop
     vertex -1.259759e+02 -7.997173e+01  0.000000e+00
     vertex -1.381552e+02 -8.319863e+01  0.000000e+00
     vertex -1.260296e+02 -7.994421e+01  0.000000e+00
   endloop
 endfacet
 facet normal  0.000000e+00  0.000000e+00 -1.000000e+00
   outer loop
     vertex -1.269784e+02 -7.896231e+01  0.000000e+00
     vertex -1.378033e+02 -8.187934e+01  0.000000e+00
     vertex -1.378074e+02 -8.181912e+01  0.000000e+00
   endloop
 endfacet
 facet normal  0.000000e+00 -0.000000e+00 -1.000000e+00
   outer loop
     vertex -1.269784e+02 -7.896231e+01  0.000000e+00
     vertex -1.269512e+02 -7.901622e+01  0.000000e+00
     vertex -1.378033e+02 -8.187934e+01  0.000000e+00
   endloop
 endfacet
 facet normal  0.000000e+00  0.000000e+00 -1.000000e+00
   outer loop
     vertex -1.259214e+02 -7.999776e+01  0.000000e+00
     vertex -1.382237e+02 -8.329801e+01  0.000000e+00
     vertex -1.381888e+02 -8.324879e+01  0.000000e+00
   endloop
 endfacet
 facet normal -0.000000e+00  0.000000e+00 -1.000000e+00
   outer loop
     vertex -1.259214e+02 -7.999776e+01  0.000000e+00
     vertex -1.381888e+02 -8.324879e+01  0.000000e+00
     vertex -1.259759e+02 -7.997173e+01  0.000000e+00
   endloop
 endfacet
 facet normal  0.000000e+00  0.000000e+00 -1.000000e+00
   outer loop
     vertex -1.270040e+02 -7.890767e+01  0.000000e+00
     vertex -1.378074e+02 -8.181912e+01  0.000000e+00
     vertex -1.378132e+02 -8.175903e+01  0.000000e+00
   endloop
 endfacet
 facet normal  0.000000e+00 -0.000000e+00 -1.000000e+00
   outer loop
     vertex -1.270040e+02 -7.890767e+01  0.000000e+00
     vertex -1.269784e+02 -7.896231e+01  0.000000e+00
     vertex -1.378074e+02 -8.181912e+01  0.000000e+00
   endloop
 endfacet
 facet normal  0.000000e+00  0.000000e+00 -1.000000e+00
   outer loop
     vertex -1.258662e+02 -8.002228e+01  0.000000e+00
     vertex -1.382600e+02 -8.334625e+01  0.000000e+00
     vertex -1.382237e+02 -8.329801e+01  0.000000e+00
   endloop
 endfacet
 facet normal -0.000000e+00  0.000000e+00 -1.000000e+00
   outer loop
     vertex -1.258662e+02 -8.002228e+01  0.000000e+00
     vertex -1.382237e+02 -8.329801e+01  0.000000e+00
     vertex -1.259214e+02 -7.999776e+01  0.000000e+00
   endloop
 endfacet
 facet normal  0.000000e+00  0.000000e+00 -1.000000e+00
   outer loop
     vertex -1.270282e+02 -7.885235e+01  0.000000e+00
     vertex -1.378132e+02 -8.175903e+01  0.000000e+00
     vertex -1.378207e+02 -8.169913e+01  0.000000e+00
   endloop
 endfacet
 facet normal  0.000000e+00 -0.000000e+00 -1.000000e+00
   outer loop
     vertex -1.270282e+02 -7.885235e+01  0.000000e+00
     vertex -1.270040e+02 -7.890767e+01  0.000000e+00
     vertex -1.378132e+02 -8.175903e+01  0.000000e+00
   endloop
 endfacet
 facet normal  0.000000e+00  0.000000e+00 -1.000000e+00
   outer loop
     vertex -1.258104e+02 -8.004529e+01  0.000000e+00
     vertex -1.382976e+02 -8.339348e+01  0.000000e+00
     vertex -1.382600e+02 -8.334625e+01  0.000000e+00
   endloop
 endfacet
 facet normal -0.000000e+00  0.000000e+00 -1.000000e+00
   outer loop
     vertex -1.258104e+02 -8.004529e+01  0.000000e+00
     vertex -1.382600e+02 -8.334625e+01  0.000000e+00
     vertex -1.258662e+02 -8.002228e+01  0.000000e+00
   endloop
 endfacet
 facet normal  0.000000e+00  0.000000e+00 -1.000000e+00
   outer loop
     vertex -1.270508e+02 -7.879639e+01  0.000000e+00
     vertex -1.378207e+02 -8.169913e+01  0.000000e+00
     vertex -1.378297e+02 -8.163946e+01  0.000000e+00
   endloop
 endfacet
 facet normal  0.000000e+00 -0.000000e+00 -1.000000e+00
   outer loop
     vertex -1.270508e+02 -7.879639e+01  0.000000e+00
     vertex -1.270282e+02 -7.885235e+01  0.000000e+00
     vertex -1.378207e+02 -8.169913e+01  0.000000e+00
   endloop
 endfacet
 facet normal  0.000000e+00  0.000000e+00 -1.000000e+00
   outer loop
     vertex -1.257540e+02 -8.006675e+01  0.000000e+00
     vertex -1.383365e+02 -8.343966e+01  0.000000e+00
     vertex -1.382976e+02 -8.339348e+01  0.000000e+00
   endloop
 endfacet
 facet normal -0.000000e+00  0.000000e+00 -1.000000e+00
   outer loop
     vertex -1.257540e+02 -8.006675e+01  0.000000e+00
     vertex -1.382976e+02 -8.339348e+01  0.000000e+00
     vertex -1.258104e+02 -8.004529e+01  0.000000e+00
   endloop
 endfacet
 facet normal  0.000000e+00  0.000000e+00 -1.000000e+00
   outer loop
     vertex -1.270719e+02 -7.873983e+01  0.000000e+00
     vertex -1.378297e+02 -8.163946e+01  0.000000e+00
     vertex -1.378405e+02 -8.158006e+01  0.000000e+00
   endloop
 endfacet
 facet normal  0.000000e+00 -0.000000e+00 -1.000000e+00
   outer loop
     vertex -1.270719e+02 -7.873983e+01  0.000000e+00
     vertex -1.270508e+02 -7.879639e+01  0.000000e+00
     vertex -1.378297e+02 -8.163946e+01  0.000000e+00
   endloop
 endfacet
 facet normal  0.000000e+00  0.000000e+00 -1.000000e+00
   outer loop
     vertex -1.256970e+02 -8.008666e+01  0.000000e+00
     vertex -1.383766e+02 -8.348475e+01  0.000000e+00
     vertex -1.383365e+02 -8.343966e+01  0.000000e+00
   endloop
 endfacet
 facet normal -0.000000e+00  0.000000e+00 -1.000000e+00
   outer loop
     vertex -1.256970e+02 -8.008666e+01  0.000000e+00
     vertex -1.383365e+02 -8.343966e+01  0.000000e+00
     vertex -1.257540e+02 -8.006675e+01  0.000000e+00
   endloop
 endfacet
 facet normal  0.000000e+00  0.000000e+00 -1.000000e+00
   outer loop
     vertex -1.270914e+02 -7.868271e+01  0.000000e+00
     vertex -1.378405e+02 -8.158006e+01  0.000000e+00
     vertex -1.378528e+02 -8.152097e+01  0.000000e+00
   endloop
 endfacet
 facet normal  0.000000e+00 -0.000000e+00 -1.000000e+00
   outer loop
     vertex -1.270914e+02 -7.868271e+01  0.000000e+00
     vertex -1.270719e+02 -7.873983e+01  0.000000e+00
     vertex -1.378405e+02 -8.158006e+01  0.000000e+00
   endloop
 endfacet
 facet normal  0.000000e+00  0.000000e+00 -1.000000e+00
   outer loop
     vertex -1.256395e+02 -8.010499e+01  0.000000e+00
     vertex -1.384179e+02 -8.352873e+01  0.000000e+00
     vertex -1.383766e+02 -8.348475e+01  0.000000e+00
   endloop
 endfacet
 facet normal -0.000000e+00  0.000000e+00 -1.000000e+00
   outer loop
     vertex -1.256395e+02 -8.010499e+01  0.000000e+00
     vertex -1.383766e+02 -8.348475e+01  0.000000e+00
     vertex -1.256970e+02 -8.008666e+01  0.000000e+00
   endloop
 endfacet
 facet normal  0.000000e+00  0.000000e+00 -1.000000e+00
   outer loop
     vertex -1.271093e+02 -7.862507e+01  0.000000e+00
     vertex -1.378528e+02 -8.152097e+01  0.000000e+00
     vertex -1.378667e+02 -8.146224e+01  0.000000e+00
   endloop
 endfacet
 facet normal  0.000000e+00 -0.000000e+00 -1.000000e+00
   outer loop
     vertex -1.271093e+02 -7.862507e+01  0.000000e+00
     vertex -1.270914e+02 -7.868271e+01  0.000000e+00
     vertex -1.378528e+02 -8.152097e+01  0.000000e+00
   endloop
 endfacet
 facet normal  0.000000e+00  0.000000e+00 -1.000000e+00
   outer loop
     vertex -1.255815e+02 -8.012175e+01  0.000000e+00
     vertex -1.384605e+02 -8.357156e+01  0.000000e+00
     vertex -1.384179e+02 -8.352873e+01  0.000000e+00
   endloop
 endfacet
 facet normal -0.000000e+00  0.000000e+00 -1.000000e+00
   outer loop
     vertex -1.255815e+02 -8.012175e+01  0.000000e+00
     vertex -1.384179e+02 -8.352873e+01  0.000000e+00
     vertex -1.256395e+02 -8.010499e+01  0.000000e+00
   endloop
 endfacet
 facet normal  0.000000e+00  0.000000e+00 -1.000000e+00
   outer loop
     vertex -1.271257e+02 -7.856697e+01  0.000000e+00
     vertex -1.378667e+02 -8.146224e+01  0.000000e+00
     vertex -1.378823e+02 -8.140392e+01  0.000000e+00
   endloop
 endfacet
 facet normal  0.000000e+00 -0.000000e+00 -1.000000e+00
   outer loop
     vertex -1.271257e+02 -7.856697e+01  0.000000e+00
     vertex -1.271093e+02 -7.862507e+01  0.000000e+00
     vertex -1.378667e+02 -8.146224e+01  0.000000e+00
   endloop
 endfacet
 facet normal  0.000000e+00  0.000000e+00 -1.000000e+00
   outer loop
     vertex -1.255231e+02 -8.013690e+01  0.000000e+00
     vertex -1.385041e+02 -8.361320e+01  0.000000e+00
     vertex -1.384605e+02 -8.357156e+01  0.000000e+00
   endloop
 endfacet
 facet normal -0.000000e+00  0.000000e+00 -1.000000e+00
   outer loop
     vertex -1.255231e+02 -8.013690e+01  0.000000e+00
     vertex -1.384605e+02 -8.357156e+01  0.000000e+00
     vertex -1.255815e+02 -8.012175e+01  0.000000e+00
   endloop
 endfacet
 facet normal  0.000000e+00  0.000000e+00 -1.000000e+00
   outer loop
     vertex -1.271404e+02 -7.850844e+01  0.000000e+00
     vertex -1.378823e+02 -8.140392e+01  0.000000e+00
     vertex -1.378994e+02 -8.134605e+01  0.000000e+00
   endloop
 endfacet
 facet normal  0.000000e+00 -0.000000e+00 -1.000000e+00
   outer loop
     vertex -1.271404e+02 -7.850844e+01  0.000000e+00
     vertex -1.271257e+02 -7.856697e+01  0.000000e+00
     vertex -1.378823e+02 -8.140392e+01  0.000000e+00
   endloop
 endfacet
 facet normal  0.000000e+00  0.000000e+00 -1.000000e+00
   outer loop
     vertex -1.254643e+02 -8.015045e+01  0.000000e+00
     vertex -1.385490e+02 -8.365363e+01  0.000000e+00
     vertex -1.385041e+02 -8.361320e+01  0.000000e+00
   endloop
 endfacet
 facet normal -0.000000e+00  0.000000e+00 -1.000000e+00
   outer loop
     vertex -1.254643e+02 -8.015045e+01  0.000000e+00
     vertex -1.385041e+02 -8.361320e+01  0.000000e+00
     vertex -1.255231e+02 -8.013690e+01  0.000000e+00
   endloop
 endfacet
 facet normal  0.000000e+00  0.000000e+00 -1.000000e+00
   outer loop
     vertex -1.271536e+02 -7.844953e+01  0.000000e+00
     vertex -1.378994e+02 -8.134605e+01  0.000000e+00
     vertex -1.379182e+02 -8.128867e+01  0.000000e+00
   endloop
 endfacet
 facet normal  0.000000e+00 -0.000000e+00 -1.000000e+00
   outer loop
     vertex -1.271536e+02 -7.844953e+01  0.000000e+00
     vertex -1.271404e+02 -7.850844e+01  0.000000e+00
     vertex -1.378994e+02 -8.134605e+01  0.000000e+00
   endloop
 endfacet
 facet normal  0.000000e+00  0.000000e+00 -1.000000e+00
   outer loop
     vertex -1.254051e+02 -8.016238e+01  0.000000e+00
     vertex -1.385949e+02 -8.369282e+01  0.000000e+00
     vertex -1.385490e+02 -8.365363e+01  0.000000e+00
   endloop
 endfacet
 facet normal -0.000000e+00  0.000000e+00 -1.000000e+00
   outer loop
     vertex -1.254051e+02 -8.016238e+01  0.000000e+00
     vertex -1.385490e+02 -8.365363e+01  0.000000e+00
     vertex -1.254643e+02 -8.015045e+01  0.000000e+00
   endloop
 endfacet
 facet normal  0.000000e+00  0.000000e+00 -1.000000e+00
   outer loop
     vertex -1.271651e+02 -7.839028e+01  0.000000e+00
     vertex -1.379182e+02 -8.128867e+01  0.000000e+00
     vertex -1.379385e+02 -8.123182e+01  0.000000e+00
   endloop
 endfacet
 facet normal  0.000000e+00 -0.000000e+00 -1.000000e+00
   outer loop
     vertex -1.271651e+02 -7.839028e+01  0.000000e+00
     vertex -1.271536e+02 -7.844953e+01  0.000000e+00
     vertex -1.379182e+02 -8.128867e+01  0.000000e+00
   endloop
 endfacet
 facet normal -0.000000e+00  0.000000e+00 -1.000000e+00
   outer loop
     vertex -1.253456e+02 -8.017268e+01  0.000000e+00
     vertex -1.385949e+02 -8.369282e+01  0.000000e+00
     vertex -1.254051e+02 -8.016238e+01  0.000000e+00
   endloop
 endfacet
 facet normal  0.000000e+00  0.000000e+00 -1.000000e+00
   outer loop
     vertex -1.253456e+02 -8.017268e+01  0.000000e+00
     vertex -1.386418e+02 -8.373073e+01  0.000000e+00
     vertex -1.385949e+02 -8.369282e+01  0.000000e+00
   endloop
 endfacet
 facet normal  0.000000e+00  0.000000e+00 -1.000000e+00
   outer loop
     vertex -1.271750e+02 -7.833074e+01  0.000000e+00
     vertex -1.379385e+02 -8.123182e+01  0.000000e+00
     vertex -1.379603e+02 -8.117555e+01  0.000000e+00
   endloop
 endfacet
 facet normal  0.000000e+00 -0.000000e+00 -1.000000e+00
   outer loop
     vertex -1.271750e+02 -7.833074e+01  0.000000e+00
     vertex -1.271651e+02 -7.839028e+01  0.000000e+00
     vertex -1.379385e+02 -8.123182e+01  0.000000e+00
   endloop
 endfacet
 facet normal -0.000000e+00  0.000000e+00 -1.000000e+00
   outer loop
     vertex -1.252859e+02 -8.018134e+01  0.000000e+00
     vertex -1.386418e+02 -8.373073e+01  0.000000e+00
     vertex -1.253456e+02 -8.017268e+01  0.000000e+00
   endloop
 endfacet
 facet normal  0.000000e+00  0.000000e+00 -1.000000e+00
   outer loop
     vertex -1.252859e+02 -8.018134e+01  0.000000e+00
     vertex -1.386898e+02 -8.376734e+01  0.000000e+00
     vertex -1.386418e+02 -8.373073e+01  0.000000e+00
   endloop
 endfacet
 facet normal  0.000000e+00 -0.000000e+00 -1.000000e+00
   outer loop
     vertex -1.271833e+02 -7.827094e+01  0.000000e+00
     vertex -1.271750e+02 -7.833074e+01  0.000000e+00
     vertex -1.379603e+02 -8.117555e+01  0.000000e+00
   endloop
 endfacet
 facet normal  0.000000e+00  0.000000e+00 -1.000000e+00
   outer loop
     vertex -1.271833e+02 -7.827094e+01  0.000000e+00
     vertex -1.379603e+02 -8.117555e+01  0.000000e+00
     vertex -1.379837e+02 -8.111991e+01  0.000000e+00
   endloop
 endfacet
 facet normal -0.000000e+00  0.000000e+00 -1.000000e+00
   outer loop
     vertex -1.252260e+02 -8.018837e+01  0.000000e+00
     vertex -1.386898e+02 -8.376734e+01  0.000000e+00
     vertex -1.252859e+02 -8.018134e+01  0.000000e+00
   endloop
 endfacet
 facet normal  0.000000e+00  0.000000e+00 -1.000000e+00
   outer loop
     vertex -1.252260e+02 -8.018837e+01  0.000000e+00
     vertex -1.387388e+02 -8.380262e+01  0.000000e+00
     vertex -1.386898e+02 -8.376734e+01  0.000000e+00
   endloop
 endfacet
 facet normal  0.000000e+00 -0.000000e+00 -1.000000e+00
   outer loop
     vertex -1.271899e+02 -7.821094e+01  0.000000e+00
     vertex -1.271833e+02 -7.827094e+01  0.000000e+00
     vertex -1.379837e+02 -8.111991e+01  0.000000e+00
   endloop
 endfacet
 facet normal  0.000000e+00  0.000000e+00 -1.000000e+00
   outer loop
     vertex -1.271899e+02 -7.821094e+01  0.000000e+00
     vertex -1.379837e+02 -8.111991e+01  0.000000e+00
     vertex -1.380086e+02 -8.106492e+01  0.000000e+00
   endloop
 endfacet
 facet normal -0.000000e+00  0.000000e+00 -1.000000e+00
   outer loop
     vertex -1.251658e+02 -8.019374e+01  0.000000e+00
     vertex -1.387388e+02 -8.380262e+01  0.000000e+00
     vertex -1.252260e+02 -8.018837e+01  0.000000e+00
   endloop
 endfacet
 facet normal  0.000000e+00  0.000000e+00 -1.000000e+00
   outer loop
     vertex -1.251658e+02 -8.019374e+01  0.000000e+00
     vertex -1.387887e+02 -8.383654e+01  0.000000e+00
     vertex -1.387388e+02 -8.380262e+01  0.000000e+00
   endloop
 endfacet
 facet normal  0.000000e+00  0.000000e+00 -1.000000e+00
   outer loop
     vertex -1.271948e+02 -7.815079e+01  0.000000e+00
     vertex -1.380086e+02 -8.106492e+01  0.000000e+00
     vertex -1.380350e+02 -8.101064e+01  0.000000e+00
   endloop
 endfacet
 facet normal  0.000000e+00 -0.000000e+00 -1.000000e+00
   outer loop
     vertex -1.271948e+02 -7.815079e+01  0.000000e+00
     vertex -1.271899e+02 -7.821094e+01  0.000000e+00
     vertex -1.380086e+02 -8.106492e+01  0.000000e+00
   endloop
 endfacet
 facet normal -0.000000e+00  0.000000e+00 -1.000000e+00
   outer loop
     vertex -1.251056e+02 -8.019746e+01  0.000000e+00
     vertex -1.387887e+02 -8.383654e+01  0.000000e+00
     vertex -1.251658e+02 -8.019374e+01  0.000000e+00
   endloop
 endfacet
 facet normal  0.000000e+00  0.000000e+00 -1.000000e+00
   outer loop
     vertex -1.251056e+02 -8.019746e+01  0.000000e+00
     vertex -1.388396e+02 -8.386907e+01  0.000000e+00
     vertex -1.387887e+02 -8.383654e+01  0.000000e+00
   endloop
 endfacet
 facet normal  0.000000e+00 -0.000000e+00 -1.000000e+00
   outer loop
     vertex -1.271981e+02 -7.809052e+01  0.000000e+00
     vertex -1.271948e+02 -7.815079e+01  0.000000e+00
     vertex -1.380350e+02 -8.101064e+01  0.000000e+00
   endloop
 endfacet
 facet normal  0.000000e+00  0.000000e+00 -1.000000e+00
   outer loop
     vertex -1.271981e+02 -7.809052e+01  0.000000e+00
     vertex -1.380350e+02 -8.101064e+01  0.000000e+00
     vertex -1.380629e+02 -8.095711e+01  0.000000e+00
   endloop
 endfacet
 facet normal -0.000000e+00  0.000000e+00 -1.000000e+00
   outer loop
     vertex -1.250453e+02 -8.019953e+01  0.000000e+00
     vertex -1.388396e+02 -8.386907e+01  0.000000e+00
     vertex -1.251056e+02 -8.019746e+01  0.000000e+00
   endloop
 endfacet
 facet normal  0.000000e+00  0.000000e+00 -1.000000e+00
   outer loop
     vertex -1.250453e+02 -8.019953e+01  0.000000e+00
     vertex -1.388913e+02 -8.390021e+01  0.000000e+00
     vertex -1.388396e+02 -8.386907e+01  0.000000e+00
   endloop
 endfacet
 facet normal  0.000000e+00 -0.000000e+00 -1.000000e+00
   outer loop
     vertex -1.271998e+02 -7.803018e+01  0.000000e+00
     vertex -1.271981e+02 -7.809052e+01  0.000000e+00
     vertex -1.380629e+02 -8.095711e+01  0.000000e+00
   endloop
 endfacet
 facet normal  0.000000e+00  0.000000e+00 -1.000000e+00
   outer loop
     vertex -1.271998e+02 -7.803018e+01  0.000000e+00
     vertex -1.380629e+02 -8.095711e+01  0.000000e+00
     vertex -1.380922e+02 -8.090436e+01  0.000000e+00
   endloop
 endfacet
 facet normal -0.000000e+00  0.000000e+00 -1.000000e+00
   outer loop
     vertex -1.249849e+02 -8.019995e+01  0.000000e+00
     vertex -1.388913e+02 -8.390021e+01  0.000000e+00
     vertex -1.250453e+02 -8.019953e+01  0.000000e+00
   endloop
 endfacet
 facet normal  0.000000e+00  0.000000e+00 -1.000000e+00
   outer loop
     vertex -1.249849e+02 -8.019995e+01  0.000000e+00
     vertex -1.389438e+02 -8.392991e+01  0.000000e+00
     vertex -1.388913e+02 -8.390021e+01  0.000000e+00
   endloop
 endfacet
 facet normal  0.000000e+00  0.000000e+00 -1.000000e+00
   outer loop
     vertex -1.271998e+02 -7.796982e+01  0.000000e+00
     vertex -1.380922e+02 -8.090436e+01  0.000000e+00
     vertex -1.381230e+02 -8.085243e+01  0.000000e+00
   endloop
 endfacet
 facet normal  0.000000e+00 -0.000000e+00 -1.000000e+00
   outer loop
     vertex -1.271998e+02 -7.796982e+01  0.000000e+00
     vertex -1.271998e+02 -7.803018e+01  0.000000e+00
     vertex -1.380922e+02 -8.090436e+01  0.000000e+00
   endloop
 endfacet
 facet normal  0.000000e+00  0.000000e+00 -1.000000e+00
   outer loop
     vertex -1.249246e+02 -8.019871e+01  0.000000e+00
     vertex -1.389438e+02 -8.392991e+01  0.000000e+00
     vertex -1.249849e+02 -8.019995e+01  0.000000e+00
   endloop
 endfacet
 facet normal  0.000000e+00  0.000000e+00 -1.000000e+00
   outer loop
     vertex -1.249246e+02 -8.019871e+01  0.000000e+00
     vertex -1.389972e+02 -8.395815e+01  0.000000e+00
     vertex -1.389438e+02 -8.392991e+01  0.000000e+00
   endloop
 endfacet
 facet normal  0.000000e+00  0.000000e+00 -1.000000e+00
   outer loop
     vertex -1.271981e+02 -7.790948e+01  0.000000e+00
     vertex -1.381230e+02 -8.085243e+01  0.000000e+00
     vertex -1.381552e+02 -8.080137e+01  0.000000e+00
   endloop
 endfacet
 facet normal  0.000000e+00  0.000000e+00 -1.000000e+00
   outer loop
     vertex -1.271981e+02 -7.790948e+01  0.000000e+00
     vertex -1.271998e+02 -7.796982e+01  0.000000e+00
     vertex -1.381230e+02 -8.085243e+01  0.000000e+00
   endloop
 endfacet
 facet normal  0.000000e+00  0.000000e+00 -1.000000e+00
   outer loop
     vertex -1.248643e+02 -8.019581e+01  0.000000e+00
     vertex -1.389972e+02 -8.395815e+01  0.000000e+00
     vertex -1.249246e+02 -8.019871e+01  0.000000e+00
   endloop
 endfacet
 facet normal  0.000000e+00  0.000000e+00 -1.000000e+00
   outer loop
     vertex -1.248643e+02 -8.019581e+01  0.000000e+00
     vertex -1.390513e+02 -8.398493e+01  0.000000e+00
     vertex -1.389972e+02 -8.395815e+01  0.000000e+00
   endloop
 endfacet
 facet normal  0.000000e+00  0.000000e+00 -1.000000e+00
   outer loop
     vertex -1.271948e+02 -7.784921e+01  0.000000e+00
     vertex -1.381552e+02 -8.080137e+01  0.000000e+00
     vertex -1.381888e+02 -8.075121e+01  0.000000e+00
   endloop
 endfacet
 facet normal  0.000000e+00  0.000000e+00 -1.000000e+00
   outer loop
     vertex -1.271948e+02 -7.784921e+01  0.000000e+00
     vertex -1.271981e+02 -7.790948e+01  0.000000e+00
     vertex -1.381552e+02 -8.080137e+01  0.000000e+00
   endloop
 endfacet
 facet normal  0.000000e+00  0.000000e+00 -1.000000e+00
   outer loop
     vertex -1.550000e+02 -5.000000e+01  0.000000e+00
     vertex -1.419226e+02 -8.093063e+01  0.000000e+00
     vertex -1.419512e+02 -8.098378e+01  0.000000e+00
   endloop
 endfacet
 facet normal  0.000000e+00  0.000000e+00 -1.000000e+00
   outer loop
     vertex -1.550000e+02 -5.000000e+01  0.000000e+00
     vertex -1.419512e+02 -8.098378e+01  0.000000e+00
     vertex -1.550000e+02 -9.200000e+01  0.000000e+00
   endloop
 endfacet
 facet normal  0.000000e+00  0.000000e+00 -1.000000e+00
   outer loop
     vertex -1.550000e+02 -5.000000e+01  0.000000e+00
     vertex -1.398041e+02 -7.980874e+01  0.000000e+00
     vertex -1.398643e+02 -7.980419e+01  0.000000e+00
   endloop
 endfacet
 facet normal  0.000000e+00  0.000000e+00 -1.000000e+00
   outer loop
     vertex -1.550000e+02 -5.000000e+01  0.000000e+00
     vertex -1.398643e+02 -7.980419e+01  0.000000e+00
     vertex -1.399246e+02 -7.980129e+01  0.000000e+00
   endloop
 endfacet
 facet normal  0.000000e+00  0.000000e+00 -1.000000e+00
   outer loop
     vertex -1.550000e+02 -5.000000e+01  0.000000e+00
     vertex -1.399246e+02 -7.980129e+01  0.000000e+00
     vertex -1.399849e+02 -7.980005e+01  0.000000e+00
   endloop
 endfacet
 facet normal  0.000000e+00  0.000000e+00 -1.000000e+00
   outer loop
     vertex -1.550000e+02 -5.000000e+01  0.000000e+00
     vertex -1.399849e+02 -7.980005e+01  0.000000e+00
     vertex -1.400453e+02 -7.980047e+01  0.000000e+00
   endloop
 endfacet
 facet normal  0.000000e+00  0.000000e+00 -1.000000e+00
   outer loop
     vertex -1.550000e+02 -5.000000e+01  0.000000e+00
     vertex -1.400453e+02 -7.980047e+01  0.000000e+00
     vertex -1.401056e+02 -7.980254e+01  0.000000e+00
   endloop
 endfacet
 facet normal  0.000000e+00  0.000000e+00 -1.000000e+00
   outer loop
     vertex -1.550000e+02 -5.000000e+01  0.000000e+00
     vertex -1.401056e+02 -7.980254e+01  0.000000e+00
     vertex -1.401658e+02 -7.980626e+01  0.000000e+00
   endloop
 endfacet
 facet normal  0.000000e+00  0.000000e+00 -1.000000e+00
   outer loop
     vertex -1.550000e+02 -5.000000e+01  0.000000e+00
     vertex -1.401658e+02 -7.980626e+01  0.000000e+00
     vertex -1.402260e+02 -7.981163e+01  0.000000e+00
   endloop
 endfacet
 facet normal  0.000000e+00  0.000000e+00 -1.000000e+00
   outer loop
     vertex -1.550000e+02 -5.000000e+01  0.000000e+00
     vertex -1.402260e+02 -7.981163e+01  0.000000e+00
     vertex -1.402859e+02 -7.981866e+01  0.000000e+00
   endloop
 endfacet
 facet normal  0.000000e+00  0.000000e+00 -1.000000e+00
   outer loop
     vertex -1.550000e+02 -5.000000e+01  0.000000e+00
     vertex -1.402859e+02 -7.981866e+01  0.000000e+00
     vertex -1.403456e+02 -7.982732e+01  0.000000e+00
   endloop
 endfacet
 facet normal  0.000000e+00  0.000000e+00 -1.000000e+00
   outer loop
     vertex -1.550000e+02 -5.000000e+01  0.000000e+00
     vertex -1.403456e+02 -7.982732e+01  0.000000e+00
     vertex -1.404051e+02 -7.983762e+01  0.000000e+00
   endloop
 endfacet
 facet normal  0.000000e+00  0.000000e+00 -1.000000e+00
   outer loop
     vertex -1.550000e+02 -5.000000e+01  0.000000e+00
     vertex -1.404051e+02 -7.983762e+01  0.000000e+00
     vertex -1.404643e+02 -7.984955e+01  0.000000e+00
   endloop
 endfacet
 facet normal  0.000000e+00  0.000000e+00 -1.000000e+00
   outer loop
     vertex -1.550000e+02 -5.000000e+01  0.000000e+00
     vertex -1.404643e+02 -7.984955e+01  0.000000e+00
     vertex -1.405231e+02 -7.986310e+01  0.000000e+00
   endloop
 endfacet
 facet normal  0.000000e+00  0.000000e+00 -1.000000e+00
   outer loop
     vertex -1.550000e+02 -5.000000e+01  0.000000e+00
     vertex -1.405231e+02 -7.986310e+01  0.000000e+00
     vertex -1.405815e+02 -7.987825e+01  0.000000e+00
   endloop
 endfacet
 facet normal  0.000000e+00  0.000000e+00 -1.000000e+00
   outer loop
     vertex -1.550000e+02 -5.000000e+01  0.000000e+00
     vertex -1.405815e+02 -7.987825e+01  0.000000e+00
     vertex -1.406395e+02 -7.989501e+01  0.000000e+00
   endloop
 endfacet
 facet normal  0.000000e+00  0.000000e+00 -1.000000e+00
   outer loop
     vertex -1.550000e+02 -5.000000e+01  0.000000e+00
     vertex -1.406395e+02 -7.989501e+01  0.000000e+00
     vertex -1.406970e+02 -7.991334e+01  0.000000e+00
   endloop
 endfacet
 facet normal  0.000000e+00  0.000000e+00 -1.000000e+00
   outer loop
     vertex -1.550000e+02 -5.000000e+01  0.000000e+00
     vertex -1.406970e+02 -7.991334e+01  0.000000e+00
     vertex -1.407540e+02 -7.993325e+01  0.000000e+00
   endloop
 endfacet
 facet normal  0.000000e+00  0.000000e+00 -1.000000e+00
   outer loop
     vertex -1.550000e+02 -5.000000e+01  0.000000e+00
     vertex -1.407540e+02 -7.993325e+01  0.000000e+00
     vertex -1.408104e+02 -7.995471e+01  0.000000e+00
   endloop
 endfacet
 facet normal  0.000000e+00  0.000000e+00 -1.000000e+00
   outer loop
     vertex -1.550000e+02 -5.000000e+01  0.000000e+00
     vertex -1.408104e+02 -7.995471e+01  0.000000e+00
     vertex -1.408662e+02 -7.997772e+01  0.000000e+00
   endloop
 endfacet
 facet normal  0.000000e+00  0.000000e+00 -1.000000e+00
   outer loop
     vertex -1.550000e+02 -5.000000e+01  0.000000e+00
     vertex -1.408662e+02 -7.997772e+01  0.000000e+00
     vertex -1.409214e+02 -8.000224e+01  0.000000e+00
   endloop
 endfacet
 facet normal  0.000000e+00  0.000000e+00 -1.000000e+00
   outer loop
     vertex -1.550000e+02 -5.000000e+01  0.000000e+00
     vertex -1.409214e+02 -8.000224e+01  0.000000e+00
     vertex -1.409759e+02 -8.002827e+01  0.000000e+00
   endloop
 endfacet
 facet normal  0.000000e+00  0.000000e+00 -1.000000e+00
   outer loop
     vertex -1.550000e+02 -5.000000e+01  0.000000e+00
     vertex -1.409759e+02 -8.002827e+01  0.000000e+00
     vertex -1.410296e+02 -8.005579e+01  0.000000e+00
   endloop
 endfacet
 facet normal  0.000000e+00  0.000000e+00 -1.000000e+00
   outer loop
     vertex -1.550000e+02 -5.000000e+01  0.000000e+00
     vertex -1.410296e+02 -8.005579e+01  0.000000e+00
     vertex -1.410825e+02 -8.008476e+01  0.000000e+00
   endloop
 endfacet
 facet normal  0.000000e+00  0.000000e+00 -1.000000e+00
   outer loop
     vertex -1.550000e+02 -5.000000e+01  0.000000e+00
     vertex -1.410825e+02 -8.008476e+01  0.000000e+00
     vertex -1.411347e+02 -8.011518e+01  0.000000e+00
   endloop
 endfacet
 facet normal  0.000000e+00  0.000000e+00 -1.000000e+00
   outer loop
     vertex -1.550000e+02 -5.000000e+01  0.000000e+00
     vertex -1.411347e+02 -8.011518e+01  0.000000e+00
     vertex -1.411859e+02 -8.014702e+01  0.000000e+00
   endloop
 endfacet
 facet normal  0.000000e+00  0.000000e+00 -1.000000e+00
   outer loop
     vertex -1.550000e+02 -5.000000e+01  0.000000e+00
     vertex -1.411859e+02 -8.014702e+01  0.000000e+00
     vertex -1.412363e+02 -8.018025e+01  0.000000e+00
   endloop
 endfacet
 facet normal  0.000000e+00  0.000000e+00 -1.000000e+00
   outer loop
     vertex -1.550000e+02 -5.000000e+01  0.000000e+00
     vertex -1.412363e+02 -8.018025e+01  0.000000e+00
     vertex -1.412858e+02 -8.021486e+01  0.000000e+00
   endloop
 endfacet
 facet normal  0.000000e+00  0.000000e+00 -1.000000e+00
   outer loop
     vertex -1.550000e+02 -5.000000e+01  0.000000e+00
     vertex -1.412858e+02 -8.021486e+01  0.000000e+00
     vertex -1.413343e+02 -8.025080e+01  0.000000e+00
   endloop
 endfacet
 facet normal  0.000000e+00  0.000000e+00 -1.000000e+00
   outer loop
     vertex -1.550000e+02 -5.000000e+01  0.000000e+00
     vertex -1.413343e+02 -8.025080e+01  0.000000e+00
     vertex -1.413818e+02 -8.028807e+01  0.000000e+00
   endloop
 endfacet
 facet normal  0.000000e+00  0.000000e+00 -1.000000e+00
   outer loop
     vertex -1.550000e+02 -5.000000e+01  0.000000e+00
     vertex -1.413818e+02 -8.028807e+01  0.000000e+00
     vertex -1.414282e+02 -8.032662e+01  0.000000e+00
   endloop
 endfacet
 facet normal  0.000000e+00  0.000000e+00 -1.000000e+00
   outer loop
     vertex -1.550000e+02 -5.000000e+01  0.000000e+00
     vertex -1.414282e+02 -8.032662e+01  0.000000e+00
     vertex -1.414736e+02 -8.036643e+01  0.000000e+00
   endloop
 endfacet
 facet normal  0.000000e+00  0.000000e+00 -1.000000e+00
   outer loop
     vertex -1.550000e+02 -5.000000e+01  0.000000e+00
     vertex -1.414736e+02 -8.036643e+01  0.000000e+00
     vertex -1.415178e+02 -8.040747e+01  0.000000e+00
   endloop
 endfacet
 facet normal  0.000000e+00  0.000000e+00 -1.000000e+00
   outer loop
     vertex -1.550000e+02 -5.000000e+01  0.000000e+00
     vertex -1.415178e+02 -8.040747e+01  0.000000e+00
     vertex -1.415610e+02 -8.044971e+01  0.000000e+00
   endloop
 endfacet
 facet normal  0.000000e+00  0.000000e+00 -1.000000e+00
   outer loop
     vertex -1.550000e+02 -5.000000e+01  0.000000e+00
     vertex -1.415610e+02 -8.044971e+01  0.000000e+00
     vertex -1.416029e+02 -8.049312e+01  0.000000e+00
   endloop
 endfacet
 facet normal  0.000000e+00  0.000000e+00 -1.000000e+00
   outer loop
     vertex -1.550000e+02 -5.000000e+01  0.000000e+00
     vertex -1.416029e+02 -8.049312e+01  0.000000e+00
     vertex -1.416436e+02 -8.053766e+01  0.000000e+00
   endloop
 endfacet
 facet normal  0.000000e+00  0.000000e+00 -1.000000e+00
   outer loop
     vertex -1.550000e+02 -5.000000e+01  0.000000e+00
     vertex -1.416436e+02 -8.053766e+01  0.000000e+00
     vertex -1.416831e+02 -8.058330e+01  0.000000e+00
   endloop
 endfacet
 facet normal  0.000000e+00  0.000000e+00 -1.000000e+00
   outer loop
     vertex -1.550000e+02 -5.000000e+01  0.000000e+00
     vertex -1.416831e+02 -8.058330e+01  0.000000e+00
     vertex -1.417214e+02 -8.063001e+01  0.000000e+00
   endloop
 endfacet
 facet normal  0.000000e+00  0.000000e+00 -1.000000e+00
   outer loop
     vertex -1.550000e+02 -5.000000e+01  0.000000e+00
     vertex -1.417214e+02 -8.063001e+01  0.000000e+00
     vertex -1.417583e+02 -8.067775e+01  0.000000e+00
   endloop
 endfacet
 facet normal  0.000000e+00  0.000000e+00 -1.000000e+00
   outer loop
     vertex -1.550000e+02 -5.000000e+01  0.000000e+00
     vertex -1.417583e+02 -8.067775e+01  0.000000e+00
     vertex -1.417939e+02 -8.072648e+01  0.000000e+00
   endloop
 endfacet
 facet normal  0.000000e+00  0.000000e+00 -1.000000e+00
   outer loop
     vertex -1.550000e+02 -5.000000e+01  0.000000e+00
     vertex -1.417939e+02 -8.072648e+01  0.000000e+00
     vertex -1.418282e+02 -8.077618e+01  0.000000e+00
   endloop
 endfacet
 facet normal  0.000000e+00  0.000000e+00 -1.000000e+00
   outer loop
     vertex -1.550000e+02 -5.000000e+01  0.000000e+00
     vertex -1.418282e+02 -8.077618e+01  0.000000e+00
     vertex -1.418611e+02 -8.082679e+01  0.000000e+00
   endloop
 endfacet
 facet normal  0.000000e+00  0.000000e+00 -1.000000e+00
   outer loop
     vertex -1.550000e+02 -5.000000e+01  0.000000e+00
     vertex -1.418611e+02 -8.082679e+01  0.000000e+00
     vertex -1.418926e+02 -8.087829e+01  0.000000e+00
   endloop
 endfacet
 facet normal  0.000000e+00  0.000000e+00 -1.000000e+00
   outer loop
     vertex -1.550000e+02 -5.000000e+01  0.000000e+00
     vertex -1.418926e+02 -8.087829e+01  0.000000e+00
     vertex -1.419226e+02 -8.093063e+01  0.000000e+00
   endloop
 endfacet
 facet normal  0.000000e+00  0.000000e+00 -1.000000e+00
   outer loop
     vertex -1.248041e+02 -8.019126e+01  0.000000e+00
     vertex -1.390513e+02 -8.398493e+01  0.000000e+00
     vertex -1.248643e+02 -8.019581e+01  0.000000e+00
   endloop
 endfacet
 facet normal  0.000000e+00  0.000000e+00 -1.000000e+00
   outer loop
     vertex -1.248041e+02 -8.019126e+01  0.000000e+00
     vertex -1.391061e+02 -8.401021e+01  0.000000e+00
     vertex -1.390513e+02 -8.398493e+01  0.000000e+00
   endloop
 endfacet
 facet normal  0.000000e+00  0.000000e+00 -1.000000e+00
   outer loop
     vertex -1.271899e+02 -7.778906e+01  0.000000e+00
     vertex -1.381888e+02 -8.075121e+01  0.000000e+00
     vertex -1.382237e+02 -8.070199e+01  0.000000e+00
   endloop
 endfacet
 facet normal  0.000000e+00  0.000000e+00 -1.000000e+00
   outer loop
     vertex -1.271899e+02 -7.778906e+01  0.000000e+00
     vertex -1.271948e+02 -7.784921e+01  0.000000e+00
     vertex -1.381888e+02 -8.075121e+01  0.000000e+00
   endloop
 endfacet
 facet normal  0.000000e+00  0.000000e+00 -1.000000e+00
   outer loop
     vertex -1.247440e+02 -8.018506e+01  0.000000e+00
     vertex -1.391061e+02 -8.401021e+01  0.000000e+00
     vertex -1.248041e+02 -8.019126e+01  0.000000e+00
   endloop
 endfacet
 facet normal  0.000000e+00  0.000000e+00 -1.000000e+00
   outer loop
     vertex -1.271833e+02 -7.772906e+01  0.000000e+00
     vertex -1.271899e+02 -7.778906e+01  0.000000e+00
     vertex -1.382237e+02 -8.070199e+01  0.000000e+00
   endloop
 endfacet
 facet normal  0.000000e+00  0.000000e+00 -1.000000e+00
   outer loop
     vertex -1.271833e+02 -7.772906e+01  0.000000e+00
     vertex -1.382237e+02 -8.070199e+01  0.000000e+00
     vertex -1.382600e+02 -8.065375e+01  0.000000e+00
   endloop
 endfacet
 facet normal  0.000000e+00  0.000000e+00 -1.000000e+00
   outer loop
     vertex -1.271750e+02 -7.766926e+01  0.000000e+00
     vertex -1.271833e+02 -7.772906e+01  0.000000e+00
     vertex -1.382600e+02 -8.065375e+01  0.000000e+00
   endloop
 endfacet
 facet normal  0.000000e+00  0.000000e+00 -1.000000e+00
   outer loop
     vertex -1.271750e+02 -7.766926e+01  0.000000e+00
     vertex -1.382600e+02 -8.065375e+01  0.000000e+00
     vertex -1.382976e+02 -8.060652e+01  0.000000e+00
   endloop
 endfacet
 facet normal  0.000000e+00  0.000000e+00 -1.000000e+00
   outer loop
     vertex -1.271651e+02 -7.760972e+01  0.000000e+00
     vertex -1.382976e+02 -8.060652e+01  0.000000e+00
     vertex -1.383365e+02 -8.056034e+01  0.000000e+00
   endloop
 endfacet
 facet normal  0.000000e+00  0.000000e+00 -1.000000e+00
   outer loop
     vertex -1.271651e+02 -7.760972e+01  0.000000e+00
     vertex -1.271750e+02 -7.766926e+01  0.000000e+00
     vertex -1.382976e+02 -8.060652e+01  0.000000e+00
   endloop
 endfacet
 facet normal  0.000000e+00  0.000000e+00 -1.000000e+00
   outer loop
     vertex -1.271536e+02 -7.755047e+01  0.000000e+00
     vertex -1.383365e+02 -8.056034e+01  0.000000e+00
     vertex -1.383766e+02 -8.051525e+01  0.000000e+00
   endloop
 endfacet
 facet normal  0.000000e+00  0.000000e+00 -1.000000e+00
   outer loop
     vertex -1.271536e+02 -7.755047e+01  0.000000e+00
     vertex -1.271651e+02 -7.760972e+01  0.000000e+00
     vertex -1.383365e+02 -8.056034e+01  0.000000e+00
   endloop
 endfacet
 facet normal  0.000000e+00  0.000000e+00 -1.000000e+00
   outer loop
     vertex -1.271404e+02 -7.749156e+01  0.000000e+00
     vertex -1.383766e+02 -8.051525e+01  0.000000e+00
     vertex -1.384179e+02 -8.047127e+01  0.000000e+00
   endloop
 endfacet
 facet normal  0.000000e+00  0.000000e+00 -1.000000e+00
   outer loop
     vertex -1.271404e+02 -7.749156e+01  0.000000e+00
     vertex -1.271536e+02 -7.755047e+01  0.000000e+00
     vertex -1.383766e+02 -8.051525e+01  0.000000e+00
   endloop
 endfacet
 facet normal  0.000000e+00  0.000000e+00 -1.000000e+00
   outer loop
     vertex -1.271257e+02 -7.743303e+01  0.000000e+00
     vertex -1.384179e+02 -8.047127e+01  0.000000e+00
     vertex -1.384605e+02 -8.042844e+01  0.000000e+00
   endloop
 endfacet
 facet normal  0.000000e+00  0.000000e+00 -1.000000e+00
   outer loop
     vertex -1.271257e+02 -7.743303e+01  0.000000e+00
     vertex -1.271404e+02 -7.749156e+01  0.000000e+00
     vertex -1.384179e+02 -8.047127e+01  0.000000e+00
   endloop
 endfacet
 facet normal  0.000000e+00  0.000000e+00 -1.000000e+00
   outer loop
     vertex -1.271093e+02 -7.737493e+01  0.000000e+00
     vertex -1.384605e+02 -8.042844e+01  0.000000e+00
     vertex -1.385041e+02 -8.038680e+01  0.000000e+00
   endloop
 endfacet
 facet normal  0.000000e+00  0.000000e+00 -1.000000e+00
   outer loop
     vertex -1.271093e+02 -7.737493e+01  0.000000e+00
     vertex -1.271257e+02 -7.743303e+01  0.000000e+00
     vertex -1.384605e+02 -8.042844e+01  0.000000e+00
   endloop
 endfacet
 facet normal  0.000000e+00  0.000000e+00 -1.000000e+00
   outer loop
     vertex -1.270914e+02 -7.731729e+01  0.000000e+00
     vertex -1.385041e+02 -8.038680e+01  0.000000e+00
     vertex -1.385490e+02 -8.034637e+01  0.000000e+00
   endloop
 endfacet
 facet normal  0.000000e+00  0.000000e+00 -1.000000e+00
   outer loop
     vertex -1.270914e+02 -7.731729e+01  0.000000e+00
     vertex -1.271093e+02 -7.737493e+01  0.000000e+00
     vertex -1.385041e+02 -8.038680e+01  0.000000e+00
   endloop
 endfacet
 facet normal  0.000000e+00  0.000000e+00 -1.000000e+00
   outer loop
     vertex -1.270719e+02 -7.726017e+01  0.000000e+00
     vertex -1.385490e+02 -8.034637e+01  0.000000e+00
     vertex -1.385949e+02 -8.030718e+01  0.000000e+00
   endloop
 endfacet
 facet normal  0.000000e+00  0.000000e+00 -1.000000e+00
   outer loop
     vertex -1.270719e+02 -7.726017e+01  0.000000e+00
     vertex -1.270914e+02 -7.731729e+01  0.000000e+00
     vertex -1.385490e+02 -8.034637e+01  0.000000e+00
   endloop
 endfacet
 facet normal  0.000000e+00  0.000000e+00 -1.000000e+00
   outer loop
     vertex -1.270508e+02 -7.720361e+01  0.000000e+00
     vertex -1.385949e+02 -8.030718e+01  0.000000e+00
     vertex -1.386418e+02 -8.026927e+01  0.000000e+00
   endloop
 endfacet
 facet normal  0.000000e+00  0.000000e+00 -1.000000e+00
   outer loop
     vertex -1.270508e+02 -7.720361e+01  0.000000e+00
     vertex -1.270719e+02 -7.726017e+01  0.000000e+00
     vertex -1.385949e+02 -8.030718e+01  0.000000e+00
   endloop
 endfacet
 facet normal  0.000000e+00  0.000000e+00 -1.000000e+00
   outer loop
     vertex -1.270282e+02 -7.714765e+01  0.000000e+00
     vertex -1.386418e+02 -8.026927e+01  0.000000e+00
     vertex -1.386898e+02 -8.023266e+01  0.000000e+00
   endloop
 endfacet
 facet normal  0.000000e+00  0.000000e+00 -1.000000e+00
   outer loop
     vertex -1.270282e+02 -7.714765e+01  0.000000e+00
     vertex -1.270508e+02 -7.720361e+01  0.000000e+00
     vertex -1.386418e+02 -8.026927e+01  0.000000e+00
   endloop
 endfacet
 facet normal  0.000000e+00  0.000000e+00 -1.000000e+00
   outer loop
     vertex -1.270040e+02 -7.709233e+01  0.000000e+00
     vertex -1.386898e+02 -8.023266e+01  0.000000e+00
     vertex -1.387388e+02 -8.019738e+01  0.000000e+00
   endloop
 endfacet
 facet normal  0.000000e+00  0.000000e+00 -1.000000e+00
   outer loop
     vertex -1.270040e+02 -7.709233e+01  0.000000e+00
     vertex -1.270282e+02 -7.714765e+01  0.000000e+00
     vertex -1.386898e+02 -8.023266e+01  0.000000e+00
   endloop
 endfacet
 facet normal  0.000000e+00  0.000000e+00 -1.000000e+00
   outer loop
     vertex -1.269784e+02 -7.703769e+01  0.000000e+00
     vertex -1.387388e+02 -8.019738e+01  0.000000e+00
     vertex -1.387887e+02 -8.016346e+01  0.000000e+00
   endloop
 endfacet
 facet normal  0.000000e+00  0.000000e+00 -1.000000e+00
   outer loop
     vertex -1.269784e+02 -7.703769e+01  0.000000e+00
     vertex -1.270040e+02 -7.709233e+01  0.000000e+00
     vertex -1.387388e+02 -8.019738e+01  0.000000e+00
   endloop
 endfacet
 facet normal  0.000000e+00  0.000000e+00 -1.000000e+00
   outer loop
     vertex -1.269512e+02 -7.698378e+01  0.000000e+00
     vertex -1.387887e+02 -8.016346e+01  0.000000e+00
     vertex -1.388396e+02 -8.013093e+01  0.000000e+00
   endloop
 endfacet
 facet normal  0.000000e+00  0.000000e+00 -1.000000e+00
   outer loop
     vertex -1.269512e+02 -7.698378e+01  0.000000e+00
     vertex -1.269784e+02 -7.703769e+01  0.000000e+00
     vertex -1.387887e+02 -8.016346e+01  0.000000e+00
   endloop
 endfacet
 facet normal  0.000000e+00  0.000000e+00 -1.000000e+00
   outer loop
     vertex -1.269226e+02 -7.693063e+01  0.000000e+00
     vertex -1.388396e+02 -8.013093e+01  0.000000e+00
     vertex -1.388913e+02 -8.009979e+01  0.000000e+00
   endloop
 endfacet
 facet normal  0.000000e+00  0.000000e+00 -1.000000e+00
   outer loop
     vertex -1.269226e+02 -7.693063e+01  0.000000e+00
     vertex -1.269512e+02 -7.698378e+01  0.000000e+00
     vertex -1.388396e+02 -8.013093e+01  0.000000e+00
   endloop
 endfacet
 facet normal  0.000000e+00  0.000000e+00 -1.000000e+00
   outer loop
     vertex -1.268926e+02 -7.687829e+01  0.000000e+00
     vertex -1.269226e+02 -7.693063e+01  0.000000e+00
     vertex -1.388913e+02 -8.009979e+01  0.000000e+00
   endloop
 endfacet
 facet normal  0.000000e+00  0.000000e+00 -1.000000e+00
   outer loop
     vertex -1.268926e+02 -7.687829e+01  0.000000e+00
     vertex -1.388913e+02 -8.009979e+01  0.000000e+00
     vertex -1.389438e+02 -8.007009e+01  0.000000e+00
   endloop
 endfacet
 facet normal  0.000000e+00  0.000000e+00 -1.000000e+00
   outer loop
     vertex -1.268611e+02 -7.682679e+01  0.000000e+00
     vertex -1.268926e+02 -7.687829e+01  0.000000e+00
     vertex -1.389438e+02 -8.007009e+01  0.000000e+00
   endloop
 endfacet
 facet normal  0.000000e+00  0.000000e+00 -1.000000e+00
   outer loop
     vertex -1.268611e+02 -7.682679e+01  0.000000e+00
     vertex -1.389438e+02 -8.007009e+01  0.000000e+00
     vertex -1.389972e+02 -8.004185e+01  0.000000e+00
   endloop
 endfacet
 facet normal  0.000000e+00  0.000000e+00 -1.000000e+00
   outer loop
     vertex -1.268282e+02 -7.677618e+01  0.000000e+00
     vertex -1.389972e+02 -8.004185e+01  0.000000e+00
     vertex -1.390513e+02 -8.001507e+01  0.000000e+00
   endloop
 endfacet
 facet normal  0.000000e+00  0.000000e+00 -1.000000e+00
   outer loop
     vertex -1.268282e+02 -7.677618e+01  0.000000e+00
     vertex -1.268611e+02 -7.682679e+01  0.000000e+00
     vertex -1.389972e+02 -8.004185e+01  0.000000e+00
   endloop
 endfacet
 facet normal  0.000000e+00  0.000000e+00 -1.000000e+00
   outer loop
     vertex -1.267939e+02 -7.672648e+01  0.000000e+00
     vertex -1.268282e+02 -7.677618e+01  0.000000e+00
     vertex -1.390513e+02 -8.001507e+01  0.000000e+00
   endloop
 endfacet
 facet normal  0.000000e+00  0.000000e+00 -1.000000e+00
   outer loop
     vertex -1.267939e+02 -7.672648e+01  0.000000e+00
     vertex -1.390513e+02 -8.001507e+01  0.000000e+00
     vertex -1.391061e+02 -7.998979e+01  0.000000e+00
   endloop
 endfacet
 facet normal  0.000000e+00  0.000000e+00 -1.000000e+00
   outer loop
     vertex -1.267583e+02 -7.667775e+01  0.000000e+00
     vertex -1.391061e+02 -7.998979e+01  0.000000e+00
     vertex -1.391616e+02 -7.996602e+01  0.000000e+00
   endloop
 endfacet
 facet normal  0.000000e+00  0.000000e+00 -1.000000e+00
   outer loop
     vertex -1.267583e+02 -7.667775e+01  0.000000e+00
     vertex -1.267939e+02 -7.672648e+01  0.000000e+00
     vertex -1.391061e+02 -7.998979e+01  0.000000e+00
   endloop
 endfacet
 facet normal  0.000000e+00  0.000000e+00 -1.000000e+00
   outer loop
     vertex -1.267214e+02 -7.663001e+01  0.000000e+00
     vertex -1.267583e+02 -7.667775e+01  0.000000e+00
     vertex -1.391616e+02 -7.996602e+01  0.000000e+00
   endloop
 endfacet
 facet normal  0.000000e+00  0.000000e+00 -1.000000e+00
   outer loop
     vertex -1.267214e+02 -7.663001e+01  0.000000e+00
     vertex -1.391616e+02 -7.996602e+01  0.000000e+00
     vertex -1.392177e+02 -7.994379e+01  0.000000e+00
   endloop
 endfacet
 facet normal  0.000000e+00  0.000000e+00 -1.000000e+00
   outer loop
     vertex -1.266831e+02 -7.658330e+01  0.000000e+00
     vertex -1.267214e+02 -7.663001e+01  0.000000e+00
     vertex -1.392177e+02 -7.994379e+01  0.000000e+00
   endloop
 endfacet
 facet normal  0.000000e+00  0.000000e+00 -1.000000e+00
   outer loop
     vertex -1.266831e+02 -7.658330e+01  0.000000e+00
     vertex -1.392177e+02 -7.994379e+01  0.000000e+00
     vertex -1.392744e+02 -7.992310e+01  0.000000e+00
   endloop
 endfacet
 facet normal  0.000000e+00  0.000000e+00 -1.000000e+00
   outer loop
     vertex -1.266436e+02 -7.653766e+01  0.000000e+00
     vertex -1.266831e+02 -7.658330e+01  0.000000e+00
     vertex -1.392744e+02 -7.992310e+01  0.000000e+00
   endloop
 endfacet
 facet normal  0.000000e+00  0.000000e+00 -1.000000e+00
   outer loop
     vertex -1.266436e+02 -7.653766e+01  0.000000e+00
     vertex -1.392744e+02 -7.992310e+01  0.000000e+00
     vertex -1.393317e+02 -7.990398e+01  0.000000e+00
   endloop
 endfacet
 facet normal  0.000000e+00  0.000000e+00 -1.000000e+00
   outer loop
     vertex -1.266029e+02 -7.649312e+01  0.000000e+00
     vertex -1.266436e+02 -7.653766e+01  0.000000e+00
     vertex -1.393317e+02 -7.990398e+01  0.000000e+00
   endloop
 endfacet
 facet normal  0.000000e+00  0.000000e+00 -1.000000e+00
   outer loop
     vertex -1.266029e+02 -7.649312e+01  0.000000e+00
     vertex -1.393317e+02 -7.990398e+01  0.000000e+00
     vertex -1.393894e+02 -7.988643e+01  0.000000e+00
   endloop
 endfacet
 facet normal  0.000000e+00  0.000000e+00 -1.000000e+00
   outer loop
     vertex -1.265610e+02 -7.644971e+01  0.000000e+00
     vertex -1.393894e+02 -7.988643e+01  0.000000e+00
     vertex -1.394476e+02 -7.987047e+01  0.000000e+00
   endloop
 endfacet
 facet normal  0.000000e+00  0.000000e+00 -1.000000e+00
   outer loop
     vertex -1.265610e+02 -7.644971e+01  0.000000e+00
     vertex -1.266029e+02 -7.649312e+01  0.000000e+00
     vertex -1.393894e+02 -7.988643e+01  0.000000e+00
   endloop
 endfacet
 facet normal  0.000000e+00  0.000000e+00 -1.000000e+00
   outer loop
     vertex -1.265178e+02 -7.640747e+01  0.000000e+00
     vertex -1.265610e+02 -7.644971e+01  0.000000e+00
     vertex -1.394476e+02 -7.987047e+01  0.000000e+00
   endloop
 endfacet
 facet normal  0.000000e+00  0.000000e+00 -1.000000e+00
   outer loop
     vertex -1.265178e+02 -7.640747e+01  0.000000e+00
     vertex -1.394476e+02 -7.987047e+01  0.000000e+00
     vertex -1.395063e+02 -7.985612e+01  0.000000e+00
   endloop
 endfacet
 facet normal  0.000000e+00  0.000000e+00 -1.000000e+00
   outer loop
     vertex -1.264736e+02 -7.636643e+01  0.000000e+00
     vertex -1.395063e+02 -7.985612e+01  0.000000e+00
     vertex -1.395653e+02 -7.984338e+01  0.000000e+00
   endloop
 endfacet
 facet normal  0.000000e+00  0.000000e+00 -1.000000e+00
   outer loop
     vertex -1.264736e+02 -7.636643e+01  0.000000e+00
     vertex -1.265178e+02 -7.640747e+01  0.000000e+00
     vertex -1.395063e+02 -7.985612e+01  0.000000e+00
   endloop
 endfacet
 facet normal  0.000000e+00  0.000000e+00 -1.000000e+00
   outer loop
     vertex -1.264282e+02 -7.632662e+01  0.000000e+00
     vertex -1.264736e+02 -7.636643e+01  0.000000e+00
     vertex -1.395653e+02 -7.984338e+01  0.000000e+00
   endloop
 endfacet
 facet normal  0.000000e+00  0.000000e+00 -1.000000e+00
   outer loop
     vertex -1.264282e+02 -7.632662e+01  0.000000e+00
     vertex -1.395653e+02 -7.984338e+01  0.000000e+00
     vertex -1.396246e+02 -7.983227e+01  0.000000e+00
   endloop
 endfacet
 facet normal  0.000000e+00  0.000000e+00 -1.000000e+00
   outer loop
     vertex -1.263818e+02 -7.628807e+01  0.000000e+00
     vertex -1.396246e+02 -7.983227e+01  0.000000e+00
     vertex -1.396842e+02 -7.982278e+01  0.000000e+00
   endloop
 endfacet
 facet normal  0.000000e+00  0.000000e+00 -1.000000e+00
   outer loop
     vertex -1.263818e+02 -7.628807e+01  0.000000e+00
     vertex -1.264282e+02 -7.632662e+01  0.000000e+00
     vertex -1.396246e+02 -7.983227e+01  0.000000e+00
   endloop
 endfacet
 facet normal  0.000000e+00  0.000000e+00 -1.000000e+00
   outer loop
     vertex -1.263343e+02 -7.625080e+01  0.000000e+00
     vertex -1.396842e+02 -7.982278e+01  0.000000e+00
     vertex -1.397440e+02 -7.981494e+01  0.000000e+00
   endloop
 endfacet
 facet normal  0.000000e+00  0.000000e+00 -1.000000e+00
   outer loop
     vertex -1.263343e+02 -7.625080e+01  0.000000e+00
     vertex -1.263818e+02 -7.628807e+01  0.000000e+00
     vertex -1.396842e+02 -7.982278e+01  0.000000e+00
   endloop
 endfacet
 facet normal -0.000000e+00  0.000000e+00 -1.000000e+00
   outer loop
     vertex -1.262858e+02 -7.621486e+01  0.000000e+00
     vertex -1.398041e+02 -7.980874e+01  0.000000e+00
     vertex -1.550000e+02 -5.000000e+01  0.000000e+00
   endloop
 endfacet
 facet normal  0.000000e+00  0.000000e+00 -1.000000e+00
   outer loop
     vertex -1.262858e+02 -7.621486e+01  0.000000e+00
     vertex -1.397440e+02 -7.981494e+01  0.000000e+00
     vertex -1.398041e+02 -7.980874e+01  0.000000e+00
   endloop
 endfacet
 facet normal  0.000000e+00  0.000000e+00 -1.000000e+00
   outer loop
     vertex -1.262858e+02 -7.621486e+01  0.000000e+00
     vertex -1.263343e+02 -7.625080e+01  0.000000e+00
     vertex -1.397440e+02 -7.981494e+01  0.000000e+00
   endloop
 endfacet
 facet normal -0.000000e+00  0.000000e+00 -1.000000e+00
   outer loop
     vertex -1.262363e+02 -7.618025e+01  0.000000e+00
     vertex -1.262858e+02 -7.621486e+01  0.000000e+00
     vertex -1.550000e+02 -5.000000e+01  0.000000e+00
   endloop
 endfacet
 facet normal -0.000000e+00  0.000000e+00 -1.000000e+00
   outer loop
     vertex -1.261859e+02 -7.614702e+01  0.000000e+00
     vertex -1.262363e+02 -7.618025e+01  0.000000e+00
     vertex -1.550000e+02 -5.000000e+01  0.000000e+00
   endloop
 endfacet
 facet normal -0.000000e+00  0.000000e+00 -1.000000e+00
   outer loop
     vertex -1.261347e+02 -7.611518e+01  0.000000e+00
     vertex -1.261859e+02 -7.614702e+01  0.000000e+00
     vertex -1.550000e+02 -5.000000e+01  0.000000e+00
   endloop
 endfacet
 facet normal -0.000000e+00  0.000000e+00 -1.000000e+00
   outer loop
     vertex -1.260825e+02 -7.608476e+01  0.000000e+00
     vertex -1.261347e+02 -7.611518e+01  0.000000e+00
     vertex -1.550000e+02 -5.000000e+01  0.000000e+00
   endloop
 endfacet
 facet normal -0.000000e+00  0.000000e+00 -1.000000e+00
   outer loop
     vertex -1.260296e+02 -7.605579e+01  0.000000e+00
     vertex -1.260825e+02 -7.608476e+01  0.000000e+00
     vertex -1.550000e+02 -5.000000e+01  0.000000e+00
   endloop
 endfacet
 facet normal -0.000000e+00  0.000000e+00 -1.000000e+00
   outer loop
     vertex -1.259759e+02 -7.602827e+01  0.000000e+00
     vertex -1.260296e+02 -7.605579e+01  0.000000e+00
     vertex -1.550000e+02 -5.000000e+01  0.000000e+00
   endloop
 endfacet
 facet normal -0.000000e+00  0.000000e+00 -1.000000e+00
   outer loop
     vertex -1.259214e+02 -7.600224e+01  0.000000e+00
     vertex -1.259759e+02 -7.602827e+01  0.000000e+00
     vertex -1.550000e+02 -5.000000e+01  0.000000e+00
   endloop
 endfacet
 facet normal -0.000000e+00  0.000000e+00 -1.000000e+00
   outer loop
     vertex -1.258662e+02 -7.597772e+01  0.000000e+00
     vertex -1.259214e+02 -7.600224e+01  0.000000e+00
     vertex -1.550000e+02 -5.000000e+01  0.000000e+00
   endloop
 endfacet
 facet normal -0.000000e+00  0.000000e+00 -1.000000e+00
   outer loop
     vertex -1.258104e+02 -7.595471e+01  0.000000e+00
     vertex -1.258662e+02 -7.597772e+01  0.000000e+00
     vertex -1.550000e+02 -5.000000e+01  0.000000e+00
   endloop
 endfacet
 facet normal -0.000000e+00  0.000000e+00 -1.000000e+00
   outer loop
     vertex -1.257540e+02 -7.593325e+01  0.000000e+00
     vertex -1.258104e+02 -7.595471e+01  0.000000e+00
     vertex -1.550000e+02 -5.000000e+01  0.000000e+00
   endloop
 endfacet
 facet normal -0.000000e+00  0.000000e+00 -1.000000e+00
   outer loop
     vertex -1.256970e+02 -7.591334e+01  0.000000e+00
     vertex -1.257540e+02 -7.593325e+01  0.000000e+00
     vertex -1.550000e+02 -5.000000e+01  0.000000e+00
   endloop
 endfacet
 facet normal -0.000000e+00  0.000000e+00 -1.000000e+00
   outer loop
     vertex -1.256395e+02 -7.589501e+01  0.000000e+00
     vertex -1.256970e+02 -7.591334e+01  0.000000e+00
     vertex -1.550000e+02 -5.000000e+01  0.000000e+00
   endloop
 endfacet
 facet normal -0.000000e+00  0.000000e+00 -1.000000e+00
   outer loop
     vertex -1.255815e+02 -7.587825e+01  0.000000e+00
     vertex -1.256395e+02 -7.589501e+01  0.000000e+00
     vertex -1.550000e+02 -5.000000e+01  0.000000e+00
   endloop
 endfacet
 facet normal -0.000000e+00  0.000000e+00 -1.000000e+00
   outer loop
     vertex -1.255231e+02 -7.586310e+01  0.000000e+00
     vertex -1.255815e+02 -7.587825e+01  0.000000e+00
     vertex -1.550000e+02 -5.000000e+01  0.000000e+00
   endloop
 endfacet
 facet normal -0.000000e+00  0.000000e+00 -1.000000e+00
   outer loop
     vertex -1.254643e+02 -7.584955e+01  0.000000e+00
     vertex -1.255231e+02 -7.586310e+01  0.000000e+00
     vertex -1.550000e+02 -5.000000e+01  0.000000e+00
   endloop
 endfacet
 facet normal -0.000000e+00  0.000000e+00 -1.000000e+00
   outer loop
     vertex -1.254051e+02 -7.583762e+01  0.000000e+00
     vertex -1.254643e+02 -7.584955e+01  0.000000e+00
     vertex -1.550000e+02 -5.000000e+01  0.000000e+00
   endloop
 endfacet
 facet normal -0.000000e+00  0.000000e+00 -1.000000e+00
   outer loop
     vertex -1.253456e+02 -7.582732e+01  0.000000e+00
     vertex -1.254051e+02 -7.583762e+01  0.000000e+00
     vertex -1.550000e+02 -5.000000e+01  0.000000e+00
   endloop
 endfacet
 facet normal -0.000000e+00  0.000000e+00 -1.000000e+00
   outer loop
     vertex -1.252859e+02 -7.581866e+01  0.000000e+00
     vertex -1.253456e+02 -7.582732e+01  0.000000e+00
     vertex -1.550000e+02 -5.000000e+01  0.000000e+00
   endloop
 endfacet
 facet normal -0.000000e+00  0.000000e+00 -1.000000e+00
   outer loop
     vertex -1.252260e+02 -7.581163e+01  0.000000e+00
     vertex -1.252859e+02 -7.581866e+01  0.000000e+00
     vertex -1.550000e+02 -5.000000e+01  0.000000e+00
   endloop
 endfacet
 facet normal -0.000000e+00  0.000000e+00 -1.000000e+00
   outer loop
     vertex -1.251658e+02 -7.580626e+01  0.000000e+00
     vertex -1.252260e+02 -7.581163e+01  0.000000e+00
     vertex -1.550000e+02 -5.000000e+01  0.000000e+00
   endloop
 endfacet
 facet normal -0.000000e+00  0.000000e+00 -1.000000e+00
   outer loop
     vertex -1.251056e+02 -7.580254e+01  0.000000e+00
     vertex -1.251658e+02 -7.580626e+01  0.000000e+00
     vertex -1.550000e+02 -5.000000e+01  0.000000e+00
   endloop
 endfacet
 facet normal -0.000000e+00  0.000000e+00 -1.000000e+00
   outer loop
     vertex -1.250453e+02 -7.580047e+01  0.000000e+00
     vertex -1.251056e+02 -7.580254e+01  0.000000e+00
     vertex -1.550000e+02 -5.000000e+01  0.000000e+00
   endloop
 endfacet
 facet normal -0.000000e+00  0.000000e+00 -1.000000e+00
   outer loop
     vertex -1.249849e+02 -7.580005e+01  0.000000e+00
     vertex -1.250453e+02 -7.580047e+01  0.000000e+00
     vertex -1.550000e+02 -5.000000e+01  0.000000e+00
   endloop
 endfacet
 facet normal  0.000000e+00  0.000000e+00 -1.000000e+00
   outer loop
     vertex -1.249246e+02 -7.580129e+01  0.000000e+00
     vertex -1.249849e+02 -7.580005e+01  0.000000e+00
     vertex -1.550000e+02 -5.000000e+01  0.000000e+00
   endloop
 endfacet
 facet normal  0.000000e+00  0.000000e+00 -1.000000e+00
   outer loop
     vertex -1.248643e+02 -7.580419e+01  0.000000e+00
     vertex -1.249246e+02 -7.580129e+01  0.000000e+00
     vertex -1.550000e+02 -5.000000e+01  0.000000e+00
   endloop
 endfacet
 facet normal  0.000000e+00  0.000000e+00 -1.000000e+00
   outer loop
     vertex -1.248041e+02 -7.580874e+01  0.000000e+00
     vertex -1.248643e+02 -7.580419e+01  0.000000e+00
     vertex -1.550000e+02 -5.000000e+01  0.000000e+00
   endloop
 endfacet
 facet normal  0.000000e+00  0.000000e+00 -1.000000e+00
   outer loop
     vertex -1.247440e+02 -7.581494e+01  0.000000e+00
     vertex -1.248041e+02 -7.580874e+01  0.000000e+00
     vertex -1.550000e+02 -5.000000e+01  0.000000e+00
   endloop
 endfacet
 facet normal  0.000000e+00  0.000000e+00 -1.000000e+00
   outer loop
     vertex -8.700000e+01 -9.200000e+01  0.000000e+00
     vertex -1.247440e+02 -8.018506e+01  0.000000e+00
     vertex -1.246842e+02 -8.017722e+01  0.000000e+00
   endloop
 endfacet
 facet normal  0.000000e+00  0.000000e+00 -1.000000e+00
   outer loop
     vertex -8.700000e+01 -9.200000e+01  0.000000e+00
     vertex -1.246842e+02 -8.017722e+01  0.000000e+00
     vertex -1.246246e+02 -8.016773e+01  0.000000e+00
   endloop
 endfacet
 facet normal  0.000000e+00  0.000000e+00 -1.000000e+00
   outer loop
     vertex -8.700000e+01 -9.200000e+01  0.000000e+00
     vertex -1.246246e+02 -8.016773e+01  0.000000e+00
     vertex -1.245653e+02 -8.015662e+01  0.000000e+00
   endloop
 endfacet
 facet normal  0.000000e+00  0.000000e+00 -1.000000e+00
   outer loop
     vertex -8.700000e+01 -9.200000e+01  0.000000e+00
     vertex -1.245653e+02 -8.015662e+01  0.000000e+00
     vertex -1.245063e+02 -8.014388e+01  0.000000e+00
   endloop
 endfacet
 facet normal  0.000000e+00  0.000000e+00 -1.000000e+00
   outer loop
     vertex -8.700000e+01 -9.200000e+01  0.000000e+00
     vertex -1.245063e+02 -8.014388e+01  0.000000e+00
     vertex -1.244476e+02 -8.012953e+01  0.000000e+00
   endloop
 endfacet
 facet normal  0.000000e+00  0.000000e+00 -1.000000e+00
   outer loop
     vertex -8.700000e+01 -9.200000e+01  0.000000e+00
     vertex -1.244476e+02 -8.012953e+01  0.000000e+00
     vertex -1.243894e+02 -8.011357e+01  0.000000e+00
   endloop
 endfacet
 facet normal  0.000000e+00  0.000000e+00 -1.000000e+00
   outer loop
     vertex -8.700000e+01 -9.200000e+01  0.000000e+00
     vertex -1.243894e+02 -8.011357e+01  0.000000e+00
     vertex -1.243317e+02 -8.009602e+01  0.000000e+00
   endloop
 endfacet
 facet normal  0.000000e+00  0.000000e+00 -1.000000e+00
   outer loop
     vertex -8.700000e+01 -9.200000e+01  0.000000e+00
     vertex -1.243317e+02 -8.009602e+01  0.000000e+00
     vertex -1.242744e+02 -8.007690e+01  0.000000e+00
   endloop
 endfacet
 facet normal  0.000000e+00  0.000000e+00 -1.000000e+00
   outer loop
     vertex -8.700000e+01 -9.200000e+01  0.000000e+00
     vertex -1.242744e+02 -8.007690e+01  0.000000e+00
     vertex -1.242177e+02 -8.005621e+01  0.000000e+00
   endloop
 endfacet
 facet normal  0.000000e+00  0.000000e+00 -1.000000e+00
   outer loop
     vertex -8.700000e+01 -9.200000e+01  0.000000e+00
     vertex -1.242177e+02 -8.005621e+01  0.000000e+00
     vertex -1.241616e+02 -8.003398e+01  0.000000e+00
   endloop
 endfacet
 facet normal  0.000000e+00  0.000000e+00 -1.000000e+00
   outer loop
     vertex -8.700000e+01 -9.200000e+01  0.000000e+00
     vertex -1.241616e+02 -8.003398e+01  0.000000e+00
     vertex -1.241061e+02 -8.001021e+01  0.000000e+00
   endloop
 endfacet
 facet normal  0.000000e+00  0.000000e+00 -1.000000e+00
   outer loop
     vertex -8.700000e+01 -9.200000e+01  0.000000e+00
     vertex -1.241061e+02 -8.001021e+01  0.000000e+00
     vertex -1.240513e+02 -7.998493e+01  0.000000e+00
   endloop
 endfacet
 facet normal  0.000000e+00  0.000000e+00 -1.000000e+00
   outer loop
     vertex -8.700000e+01 -9.200000e+01  0.000000e+00
     vertex -1.240513e+02 -7.998493e+01  0.000000e+00
     vertex -1.239972e+02 -7.995815e+01  0.000000e+00
   endloop
 endfacet
 facet normal  0.000000e+00  0.000000e+00 -1.000000e+00
   outer loop
     vertex -8.700000e+01 -9.200000e+01  0.000000e+00
     vertex -1.239972e+02 -7.995815e+01  0.000000e+00
     vertex -1.239438e+02 -7.992991e+01  0.000000e+00
   endloop
 endfacet
 facet normal  0.000000e+00  0.000000e+00 -1.000000e+00
   outer loop
     vertex -8.700000e+01 -9.200000e+01  0.000000e+00
     vertex -1.239438e+02 -7.992991e+01  0.000000e+00
     vertex -1.238913e+02 -7.990021e+01  0.000000e+00
   endloop
 endfacet
 facet normal  0.000000e+00  0.000000e+00 -1.000000e+00
   outer loop
     vertex -8.700000e+01 -9.200000e+01  0.000000e+00
     vertex -1.238913e+02 -7.990021e+01  0.000000e+00
     vertex -1.238396e+02 -7.986907e+01  0.000000e+00
   endloop
 endfacet
 facet normal  0.000000e+00  0.000000e+00 -1.000000e+00
   outer loop
     vertex -8.700000e+01 -9.200000e+01  0.000000e+00
     vertex -1.238396e+02 -7.986907e+01  0.000000e+00
     vertex -1.237887e+02 -7.983654e+01  0.000000e+00
   endloop
 endfacet
 facet normal  0.000000e+00  0.000000e+00 -1.000000e+00
   outer loop
     vertex -8.700000e+01 -9.200000e+01  0.000000e+00
     vertex -1.237887e+02 -7.983654e+01  0.000000e+00
     vertex -1.237388e+02 -7.980262e+01  0.000000e+00
   endloop
 endfacet
 facet normal  0.000000e+00  0.000000e+00 -1.000000e+00
   outer loop
     vertex -8.700000e+01 -9.200000e+01  0.000000e+00
     vertex -1.237388e+02 -7.980262e+01  0.000000e+00
     vertex -1.236898e+02 -7.976734e+01  0.000000e+00
   endloop
 endfacet
 facet normal  0.000000e+00  0.000000e+00 -1.000000e+00
   outer loop
     vertex -8.700000e+01 -9.200000e+01  0.000000e+00
     vertex -1.236898e+02 -7.976734e+01  0.000000e+00
     vertex -1.236418e+02 -7.973073e+01  0.000000e+00
   endloop
 endfacet
 facet normal  0.000000e+00  0.000000e+00 -1.000000e+00
   outer loop
     vertex -8.700000e+01 -9.200000e+01  0.000000e+00
     vertex -1.236418e+02 -7.973073e+01  0.000000e+00
     vertex -1.235949e+02 -7.969282e+01  0.000000e+00
   endloop
 endfacet
 facet normal  0.000000e+00  0.000000e+00 -1.000000e+00
   outer loop
     vertex -8.700000e+01 -9.200000e+01  0.000000e+00
     vertex -1.235949e+02 -7.969282e+01  0.000000e+00
     vertex -1.235490e+02 -7.965363e+01  0.000000e+00
   endloop
 endfacet
 facet normal  0.000000e+00  0.000000e+00 -1.000000e+00
   outer loop
     vertex -8.700000e+01 -9.200000e+01  0.000000e+00
     vertex -1.235490e+02 -7.965363e+01  0.000000e+00
     vertex -1.235041e+02 -7.961320e+01  0.000000e+00
   endloop
 endfacet
 facet normal  0.000000e+00  0.000000e+00 -1.000000e+00
   outer loop
     vertex -8.700000e+01 -9.200000e+01  0.000000e+00
     vertex -1.235041e+02 -7.961320e+01  0.000000e+00
     vertex -1.234605e+02 -7.957156e+01  0.000000e+00
   endloop
 endfacet
 facet normal  0.000000e+00  0.000000e+00 -1.000000e+00
   outer loop
     vertex -8.700000e+01 -9.200000e+01  0.000000e+00
     vertex -1.234605e+02 -7.957156e+01  0.000000e+00
     vertex -1.234179e+02 -7.952873e+01  0.000000e+00
   endloop
 endfacet
 facet normal  0.000000e+00  0.000000e+00 -1.000000e+00
   outer loop
     vertex -8.700000e+01 -9.200000e+01  0.000000e+00
     vertex -1.234179e+02 -7.952873e+01  0.000000e+00
     vertex -1.233766e+02 -7.948475e+01  0.000000e+00
   endloop
 endfacet
 facet normal  0.000000e+00  0.000000e+00 -1.000000e+00
   outer loop
     vertex -8.700000e+01 -9.200000e+01  0.000000e+00
     vertex -1.233766e+02 -7.948475e+01  0.000000e+00
     vertex -1.233365e+02 -7.943966e+01  0.000000e+00
   endloop
 endfacet
 facet normal  0.000000e+00  0.000000e+00 -1.000000e+00
   outer loop
     vertex -8.700000e+01 -9.200000e+01  0.000000e+00
     vertex -1.228000e+02 -7.800000e+01  0.000000e+00
     vertex -1.228008e+02 -7.793965e+01  0.000000e+00
   endloop
 endfacet
 facet normal  0.000000e+00  0.000000e+00 -1.000000e+00
   outer loop
     vertex -8.700000e+01 -9.200000e+01  0.000000e+00
     vertex -1.233365e+02 -7.943966e+01  0.000000e+00
     vertex -1.232976e+02 -7.939348e+01  0.000000e+00
   endloop
 endfacet
 facet normal  0.000000e+00  0.000000e+00 -1.000000e+00
   outer loop
     vertex -8.700000e+01 -9.200000e+01  0.000000e+00
     vertex -1.228008e+02 -7.793965e+01  0.000000e+00
     vertex -1.228033e+02 -7.787934e+01  0.000000e+00
   endloop
 endfacet
 facet normal  0.000000e+00  0.000000e+00 -1.000000e+00
   outer loop
     vertex -8.700000e+01 -9.200000e+01  0.000000e+00
     vertex -1.391061e+02 -8.401021e+01  0.000000e+00
     vertex -1.247440e+02 -8.018506e+01  0.000000e+00
   endloop
 endfacet
 facet normal  0.000000e+00  0.000000e+00 -1.000000e+00
   outer loop
     vertex -8.700000e+01 -9.200000e+01  0.000000e+00
     vertex -1.232976e+02 -7.939348e+01  0.000000e+00
     vertex -1.232600e+02 -7.934625e+01  0.000000e+00
   endloop
 endfacet
 facet normal  0.000000e+00  0.000000e+00 -1.000000e+00
   outer loop
     vertex -8.700000e+01 -9.200000e+01  0.000000e+00
     vertex -1.228033e+02 -7.787934e+01  0.000000e+00
     vertex -1.228074e+02 -7.781912e+01  0.000000e+00
   endloop
 endfacet
 facet normal  0.000000e+00  0.000000e+00 -1.000000e+00
   outer loop
     vertex -8.700000e+01 -9.200000e+01  0.000000e+00
     vertex -1.232600e+02 -7.934625e+01  0.000000e+00
     vertex -1.232237e+02 -7.929801e+01  0.000000e+00
   endloop
 endfacet
 facet normal  0.000000e+00  0.000000e+00 -1.000000e+00
   outer loop
     vertex -8.700000e+01 -9.200000e+01  0.000000e+00
     vertex -1.228074e+02 -7.781912e+01  0.000000e+00
     vertex -1.228132e+02 -7.775903e+01  0.000000e+00
   endloop
 endfacet
 facet normal  0.000000e+00  0.000000e+00 -1.000000e+00
   outer loop
     vertex -8.700000e+01 -9.200000e+01  0.000000e+00
     vertex -1.232237e+02 -7.929801e+01  0.000000e+00
     vertex -1.231888e+02 -7.924879e+01  0.000000e+00
   endloop
 endfacet
 facet normal  0.000000e+00  0.000000e+00 -1.000000e+00
   outer loop
     vertex -8.700000e+01 -9.200000e+01  0.000000e+00
     vertex -1.228132e+02 -7.775903e+01  0.000000e+00
     vertex -1.228207e+02 -7.769913e+01  0.000000e+00
   endloop
 endfacet
 facet normal  0.000000e+00  0.000000e+00 -1.000000e+00
   outer loop
     vertex -8.700000e+01 -9.200000e+01  0.000000e+00
     vertex -1.231888e+02 -7.924879e+01  0.000000e+00
     vertex -1.231552e+02 -7.919863e+01  0.000000e+00
   endloop
 endfacet
 facet normal  0.000000e+00  0.000000e+00 -1.000000e+00
   outer loop
     vertex -8.700000e+01 -9.200000e+01  0.000000e+00
     vertex -1.228207e+02 -7.769913e+01  0.000000e+00
     vertex -1.228297e+02 -7.763946e+01  0.000000e+00
   endloop
 endfacet
 facet normal  0.000000e+00  0.000000e+00 -1.000000e+00
   outer loop
     vertex -8.700000e+01 -9.200000e+01  0.000000e+00
     vertex -1.231552e+02 -7.919863e+01  0.000000e+00
     vertex -1.231230e+02 -7.914757e+01  0.000000e+00
   endloop
 endfacet
 facet normal  0.000000e+00  0.000000e+00 -1.000000e+00
   outer loop
     vertex -8.700000e+01 -9.200000e+01  0.000000e+00
     vertex -1.228297e+02 -7.763946e+01  0.000000e+00
     vertex -1.228405e+02 -7.758006e+01  0.000000e+00
   endloop
 endfacet
 facet normal  0.000000e+00  0.000000e+00 -1.000000e+00
   outer loop
     vertex -8.700000e+01 -9.200000e+01  0.000000e+00
     vertex -1.231230e+02 -7.914757e+01  0.000000e+00
     vertex -1.230922e+02 -7.909564e+01  0.000000e+00
   endloop
 endfacet
 facet normal  0.000000e+00  0.000000e+00 -1.000000e+00
   outer loop
     vertex -8.700000e+01 -9.200000e+01  0.000000e+00
     vertex -1.228405e+02 -7.758006e+01  0.000000e+00
     vertex -1.228528e+02 -7.752097e+01  0.000000e+00
   endloop
 endfacet
 facet normal  0.000000e+00  0.000000e+00 -1.000000e+00
   outer loop
     vertex -8.700000e+01 -9.200000e+01  0.000000e+00
     vertex -1.230922e+02 -7.909564e+01  0.000000e+00
     vertex -1.230629e+02 -7.904289e+01  0.000000e+00
   endloop
 endfacet
 facet normal  0.000000e+00  0.000000e+00 -1.000000e+00
   outer loop
     vertex -8.700000e+01 -9.200000e+01  0.000000e+00
     vertex -1.228528e+02 -7.752097e+01  0.000000e+00
     vertex -1.228667e+02 -7.746224e+01  0.000000e+00
   endloop
 endfacet
 facet normal  0.000000e+00  0.000000e+00 -1.000000e+00
   outer loop
     vertex -8.700000e+01 -9.200000e+01  0.000000e+00
     vertex -1.230629e+02 -7.904289e+01  0.000000e+00
     vertex -1.230350e+02 -7.898936e+01  0.000000e+00
   endloop
 endfacet
 facet normal  0.000000e+00  0.000000e+00 -1.000000e+00
   outer loop
     vertex -8.700000e+01 -9.200000e+01  0.000000e+00
     vertex -1.228667e+02 -7.746224e+01  0.000000e+00
     vertex -1.228823e+02 -7.740392e+01  0.000000e+00
   endloop
 endfacet
 facet normal  0.000000e+00  0.000000e+00 -1.000000e+00
   outer loop
     vertex -8.700000e+01 -9.200000e+01  0.000000e+00
     vertex -1.230350e+02 -7.898936e+01  0.000000e+00
     vertex -1.230086e+02 -7.893508e+01  0.000000e+00
   endloop
 endfacet
 facet normal  0.000000e+00  0.000000e+00 -1.000000e+00
   outer loop
     vertex -8.700000e+01 -9.200000e+01  0.000000e+00
     vertex -1.230086e+02 -7.893508e+01  0.000000e+00
     vertex -1.229837e+02 -7.888009e+01  0.000000e+00
   endloop
 endfacet
 facet normal  0.000000e+00  0.000000e+00 -1.000000e+00
   outer loop
     vertex -8.700000e+01 -9.200000e+01  0.000000e+00
     vertex -1.229837e+02 -7.888009e+01  0.000000e+00
     vertex -1.229603e+02 -7.882445e+01  0.000000e+00
   endloop
 endfacet
 facet normal  0.000000e+00  0.000000e+00 -1.000000e+00
   outer loop
     vertex -8.700000e+01 -9.200000e+01  0.000000e+00
     vertex -1.229603e+02 -7.882445e+01  0.000000e+00
     vertex -1.229385e+02 -7.876818e+01  0.000000e+00
   endloop
 endfacet
 facet normal  0.000000e+00  0.000000e+00 -1.000000e+00
   outer loop
     vertex -8.700000e+01 -9.200000e+01  0.000000e+00
     vertex -1.229385e+02 -7.876818e+01  0.000000e+00
     vertex -1.229182e+02 -7.871133e+01  0.000000e+00
   endloop
 endfacet
 facet normal  0.000000e+00  0.000000e+00 -1.000000e+00
   outer loop
     vertex -8.700000e+01 -9.200000e+01  0.000000e+00
     vertex -1.229182e+02 -7.871133e+01  0.000000e+00
     vertex -1.228994e+02 -7.865395e+01  0.000000e+00
   endloop
 endfacet
 facet normal  0.000000e+00  0.000000e+00 -1.000000e+00
   outer loop
     vertex -8.700000e+01 -9.200000e+01  0.000000e+00
     vertex -1.228994e+02 -7.865395e+01  0.000000e+00
     vertex -1.228823e+02 -7.859608e+01  0.000000e+00
   endloop
 endfacet
 facet normal  0.000000e+00  0.000000e+00 -1.000000e+00
   outer loop
     vertex -8.700000e+01 -9.200000e+01  0.000000e+00
     vertex -1.228823e+02 -7.859608e+01  0.000000e+00
     vertex -1.228667e+02 -7.853776e+01  0.000000e+00
   endloop
 endfacet
 facet normal  0.000000e+00  0.000000e+00 -1.000000e+00
   outer loop
     vertex -8.700000e+01 -9.200000e+01  0.000000e+00
     vertex -1.228667e+02 -7.853776e+01  0.000000e+00
     vertex -1.228528e+02 -7.847903e+01  0.000000e+00
   endloop
 endfacet
 facet normal  0.000000e+00  0.000000e+00 -1.000000e+00
   outer loop
     vertex -8.700000e+01 -9.200000e+01  0.000000e+00
     vertex -1.228528e+02 -7.847903e+01  0.000000e+00
     vertex -1.228405e+02 -7.841994e+01  0.000000e+00
   endloop
 endfacet
 facet normal  0.000000e+00  0.000000e+00 -1.000000e+00
   outer loop
     vertex -8.700000e+01 -9.200000e+01  0.000000e+00
     vertex -1.228405e+02 -7.841994e+01  0.000000e+00
     vertex -1.228297e+02 -7.836054e+01  0.000000e+00
   endloop
 endfacet
 facet normal  0.000000e+00  0.000000e+00 -1.000000e+00
   outer loop
     vertex -8.700000e+01 -9.200000e+01  0.000000e+00
     vertex -1.228297e+02 -7.836054e+01  0.000000e+00
     vertex -1.228207e+02 -7.830087e+01  0.000000e+00
   endloop
 endfacet
 facet normal  0.000000e+00  0.000000e+00 -1.000000e+00
   outer loop
     vertex -8.700000e+01 -9.200000e+01  0.000000e+00
     vertex -1.228207e+02 -7.830087e+01  0.000000e+00
     vertex -1.228132e+02 -7.824097e+01  0.000000e+00
   endloop
 endfacet
 facet normal  0.000000e+00  0.000000e+00 -1.000000e+00
   outer loop
     vertex -8.700000e+01 -9.200000e+01  0.000000e+00
     vertex -1.228132e+02 -7.824097e+01  0.000000e+00
     vertex -1.228074e+02 -7.818088e+01  0.000000e+00
   endloop
 endfacet
 facet normal  0.000000e+00  0.000000e+00 -1.000000e+00
   outer loop
     vertex -8.700000e+01 -9.200000e+01  0.000000e+00
     vertex -1.228074e+02 -7.818088e+01  0.000000e+00
     vertex -1.228033e+02 -7.812066e+01  0.000000e+00
   endloop
 endfacet
 facet normal  0.000000e+00  0.000000e+00 -1.000000e+00
   outer loop
     vertex -8.700000e+01 -9.200000e+01  0.000000e+00
     vertex -1.228033e+02 -7.812066e+01  0.000000e+00
     vertex -1.228008e+02 -7.806035e+01  0.000000e+00
   endloop
 endfacet
 facet normal  0.000000e+00  0.000000e+00 -1.000000e+00
   outer loop
     vertex -8.700000e+01 -9.200000e+01  0.000000e+00
     vertex -1.228008e+02 -7.806035e+01  0.000000e+00
     vertex -1.228000e+02 -7.800000e+01  0.000000e+00
   endloop
 endfacet
 facet normal  0.000000e+00  0.000000e+00 -1.000000e+00
   outer loop
     vertex -8.700000e+01 -9.200000e+01  0.000000e+00
     vertex -1.393317e+02 -8.409602e+01  0.000000e+00
     vertex -1.392744e+02 -8.407690e+01  0.000000e+00
   endloop
 endfacet
 facet normal  0.000000e+00  0.000000e+00 -1.000000e+00
   outer loop
     vertex -8.700000e+01 -9.200000e+01  0.000000e+00
     vertex -1.392744e+02 -8.407690e+01  0.000000e+00
     vertex -1.392177e+02 -8.405621e+01  0.000000e+00
   endloop
 endfacet
 facet normal  0.000000e+00  0.000000e+00 -1.000000e+00
   outer loop
     vertex -8.700000e+01 -9.200000e+01  0.000000e+00
     vertex -1.392177e+02 -8.405621e+01  0.000000e+00
     vertex -1.391616e+02 -8.403398e+01  0.000000e+00
   endloop
 endfacet
 facet normal  0.000000e+00  0.000000e+00 -1.000000e+00
   outer loop
     vertex -8.700000e+01 -9.200000e+01  0.000000e+00
     vertex -1.391616e+02 -8.403398e+01  0.000000e+00
     vertex -1.391061e+02 -8.401021e+01  0.000000e+00
   endloop
 endfacet
 facet normal  0.000000e+00  0.000000e+00 -1.000000e+00
   outer loop
     vertex -8.700000e+01 -9.200000e+01  0.000000e+00
     vertex -1.550000e+02 -9.200000e+01  0.000000e+00
     vertex -1.393317e+02 -8.409602e+01  0.000000e+00
   endloop
 endfacet
 facet normal  0.000000e+00  0.000000e+00 -1.000000e+00
   outer loop
     vertex -8.700000e+01 -5.000000e+01  0.000000e+00
     vertex -1.228823e+02 -7.740392e+01  0.000000e+00
     vertex -1.228994e+02 -7.734605e+01  0.000000e+00
   endloop
 endfacet
 facet normal  0.000000e+00  0.000000e+00 -1.000000e+00
   outer loop
     vertex -8.700000e+01 -5.000000e+01  0.000000e+00
     vertex -1.228994e+02 -7.734605e+01  0.000000e+00
     vertex -1.229182e+02 -7.728867e+01  0.000000e+00
   endloop
 endfacet
 facet normal  0.000000e+00  0.000000e+00 -1.000000e+00
   outer loop
     vertex -8.700000e+01 -5.000000e+01  0.000000e+00
     vertex -1.229182e+02 -7.728867e+01  0.000000e+00
     vertex -1.229385e+02 -7.723182e+01  0.000000e+00
   endloop
 endfacet
 facet normal  0.000000e+00  0.000000e+00 -1.000000e+00
   outer loop
     vertex -8.700000e+01 -5.000000e+01  0.000000e+00
     vertex -1.229385e+02 -7.723182e+01  0.000000e+00
     vertex -1.229603e+02 -7.717555e+01  0.000000e+00
   endloop
 endfacet
 facet normal  0.000000e+00  0.000000e+00 -1.000000e+00
   outer loop
     vertex -8.700000e+01 -5.000000e+01  0.000000e+00
     vertex -1.229603e+02 -7.717555e+01  0.000000e+00
     vertex -1.229837e+02 -7.711991e+01  0.000000e+00
   endloop
 endfacet
 facet normal  0.000000e+00  0.000000e+00 -1.000000e+00
   outer loop
     vertex -8.700000e+01 -5.000000e+01  0.000000e+00
     vertex -1.229837e+02 -7.711991e+01  0.000000e+00
     vertex -1.230086e+02 -7.706492e+01  0.000000e+00
   endloop
 endfacet
 facet normal  0.000000e+00  0.000000e+00 -1.000000e+00
   outer loop
     vertex -8.700000e+01 -5.000000e+01  0.000000e+00
     vertex -1.230086e+02 -7.706492e+01  0.000000e+00
     vertex -1.230350e+02 -7.701064e+01  0.000000e+00
   endloop
 endfacet
 facet normal  0.000000e+00  0.000000e+00 -1.000000e+00
   outer loop
     vertex -8.700000e+01 -5.000000e+01  0.000000e+00
     vertex -1.230350e+02 -7.701064e+01  0.000000e+00
     vertex -1.230629e+02 -7.695711e+01  0.000000e+00
   endloop
 endfacet
 facet normal  0.000000e+00  0.000000e+00 -1.000000e+00
   outer loop
     vertex -8.700000e+01 -5.000000e+01  0.000000e+00
     vertex -1.230629e+02 -7.695711e+01  0.000000e+00
     vertex -1.230922e+02 -7.690436e+01  0.000000e+00
   endloop
 endfacet
 facet normal  0.000000e+00  0.000000e+00 -1.000000e+00
   outer loop
     vertex -8.700000e+01 -5.000000e+01  0.000000e+00
     vertex -1.230922e+02 -7.690436e+01  0.000000e+00
     vertex -1.231230e+02 -7.685243e+01  0.000000e+00
   endloop
 endfacet
 facet normal  0.000000e+00  0.000000e+00 -1.000000e+00
   outer loop
     vertex -8.700000e+01 -5.000000e+01  0.000000e+00
     vertex -1.231230e+02 -7.685243e+01  0.000000e+00
     vertex -1.231552e+02 -7.680137e+01  0.000000e+00
   endloop
 endfacet
 facet normal  0.000000e+00  0.000000e+00 -1.000000e+00
   outer loop
     vertex -8.700000e+01 -5.000000e+01  0.000000e+00
     vertex -1.231552e+02 -7.680137e+01  0.000000e+00
     vertex -1.231888e+02 -7.675121e+01  0.000000e+00
   endloop
 endfacet
 facet normal  0.000000e+00  0.000000e+00 -1.000000e+00
   outer loop
     vertex -8.700000e+01 -5.000000e+01  0.000000e+00
     vertex -1.231888e+02 -7.675121e+01  0.000000e+00
     vertex -1.232237e+02 -7.670199e+01  0.000000e+00
   endloop
 endfacet
 facet normal  0.000000e+00  0.000000e+00 -1.000000e+00
   outer loop
     vertex -8.700000e+01 -5.000000e+01  0.000000e+00
     vertex -1.232237e+02 -7.670199e+01  0.000000e+00
     vertex -1.232600e+02 -7.665375e+01  0.000000e+00
   endloop
 endfacet
 facet normal  0.000000e+00  0.000000e+00 -1.000000e+00
   outer loop
     vertex -8.700000e+01 -5.000000e+01  0.000000e+00
     vertex -1.232600e+02 -7.665375e+01  0.000000e+00
     vertex -1.232976e+02 -7.660652e+01  0.000000e+00
   endloop
 endfacet
 facet normal  0.000000e+00  0.000000e+00 -1.000000e+00
   outer loop
     vertex -8.700000e+01 -5.000000e+01  0.000000e+00
     vertex -1.232976e+02 -7.660652e+01  0.000000e+00
     vertex -1.233365e+02 -7.656034e+01  0.000000e+00
   endloop
 endfacet
 facet normal  0.000000e+00  0.000000e+00 -1.000000e+00
   outer loop
     vertex -8.700000e+01 -5.000000e+01  0.000000e+00
     vertex -1.233365e+02 -7.656034e+01  0.000000e+00
     vertex -1.233766e+02 -7.651525e+01  0.000000e+00
   endloop
 endfacet
 facet normal  0.000000e+00  0.000000e+00 -1.000000e+00
   outer loop
     vertex -8.700000e+01 -5.000000e+01  0.000000e+00
     vertex -1.233766e+02 -7.651525e+01  0.000000e+00
     vertex -1.234179e+02 -7.647127e+01  0.000000e+00
   endloop
 endfacet
 facet normal  0.000000e+00  0.000000e+00 -1.000000e+00
   outer loop
     vertex -8.700000e+01 -5.000000e+01  0.000000e+00
     vertex -1.234179e+02 -7.647127e+01  0.000000e+00
     vertex -1.234605e+02 -7.642844e+01  0.000000e+00
   endloop
 endfacet
 facet normal  0.000000e+00  0.000000e+00 -1.000000e+00
   outer loop
     vertex -8.700000e+01 -5.000000e+01  0.000000e+00
     vertex -1.234605e+02 -7.642844e+01  0.000000e+00
     vertex -1.235041e+02 -7.638680e+01  0.000000e+00
   endloop
 endfacet
 facet normal  0.000000e+00  0.000000e+00 -1.000000e+00
   outer loop
     vertex -8.700000e+01 -5.000000e+01  0.000000e+00
     vertex -1.235041e+02 -7.638680e+01  0.000000e+00
     vertex -1.235490e+02 -7.634637e+01  0.000000e+00
   endloop
 endfacet
 facet normal  0.000000e+00  0.000000e+00 -1.000000e+00
   outer loop
     vertex -8.700000e+01 -5.000000e+01  0.000000e+00
     vertex -1.235490e+02 -7.634637e+01  0.000000e+00
     vertex -1.235949e+02 -7.630718e+01  0.000000e+00
   endloop
 endfacet
 facet normal  0.000000e+00  0.000000e+00 -1.000000e+00
   outer loop
     vertex -8.700000e+01 -5.000000e+01  0.000000e+00
     vertex -1.235949e+02 -7.630718e+01  0.000000e+00
     vertex -1.236418e+02 -7.626927e+01  0.000000e+00
   endloop
 endfacet
 facet normal  0.000000e+00  0.000000e+00 -1.000000e+00
   outer loop
     vertex -8.700000e+01 -5.000000e+01  0.000000e+00
     vertex -1.236418e+02 -7.626927e+01  0.000000e+00
     vertex -1.236898e+02 -7.623266e+01  0.000000e+00
   endloop
 endfacet
 facet normal  0.000000e+00  0.000000e+00 -1.000000e+00
   outer loop
     vertex -8.700000e+01 -5.000000e+01  0.000000e+00
     vertex -1.236898e+02 -7.623266e+01  0.000000e+00
     vertex -1.237388e+02 -7.619738e+01  0.000000e+00
   endloop
 endfacet
 facet normal  0.000000e+00  0.000000e+00 -1.000000e+00
   outer loop
     vertex -8.700000e+01 -5.000000e+01  0.000000e+00
     vertex -1.237388e+02 -7.619738e+01  0.000000e+00
     vertex -1.237887e+02 -7.616346e+01  0.000000e+00
   endloop
 endfacet
 facet normal  0.000000e+00  0.000000e+00 -1.000000e+00
   outer loop
     vertex -8.700000e+01 -5.000000e+01  0.000000e+00
     vertex -1.237887e+02 -7.616346e+01  0.000000e+00
     vertex -1.238396e+02 -7.613093e+01  0.000000e+00
   endloop
 endfacet
 facet normal  0.000000e+00  0.000000e+00 -1.000000e+00
   outer loop
     vertex -8.700000e+01 -5.000000e+01  0.000000e+00
     vertex -1.238396e+02 -7.613093e+01  0.000000e+00
     vertex -1.238913e+02 -7.609979e+01  0.000000e+00
   endloop
 endfacet
 facet normal  0.000000e+00  0.000000e+00 -1.000000e+00
   outer loop
     vertex -8.700000e+01 -5.000000e+01  0.000000e+00
     vertex -1.238913e+02 -7.609979e+01  0.000000e+00
     vertex -1.239438e+02 -7.607009e+01  0.000000e+00
   endloop
 endfacet
 facet normal  0.000000e+00  0.000000e+00 -1.000000e+00
   outer loop
     vertex -8.700000e+01 -5.000000e+01  0.000000e+00
     vertex -1.239438e+02 -7.607009e+01  0.000000e+00
     vertex -1.239972e+02 -7.604185e+01  0.000000e+00
   endloop
 endfacet
 facet normal  0.000000e+00  0.000000e+00 -1.000000e+00
   outer loop
     vertex -8.700000e+01 -5.000000e+01  0.000000e+00
     vertex -1.239972e+02 -7.604185e+01  0.000000e+00
     vertex -1.240513e+02 -7.601507e+01  0.000000e+00
   endloop
 endfacet
 facet normal  0.000000e+00  0.000000e+00 -1.000000e+00
   outer loop
     vertex -8.700000e+01 -5.000000e+01  0.000000e+00
     vertex -1.240513e+02 -7.601507e+01  0.000000e+00
     vertex -1.241061e+02 -7.598979e+01  0.000000e+00
   endloop
 endfacet
 facet normal  0.000000e+00  0.000000e+00 -1.000000e+00
   outer loop
     vertex -8.700000e+01 -5.000000e+01  0.000000e+00
     vertex -1.241061e+02 -7.598979e+01  0.000000e+00
     vertex -1.241616e+02 -7.596602e+01  0.000000e+00
   endloop
 endfacet
 facet normal  0.000000e+00  0.000000e+00 -1.000000e+00
   outer loop
     vertex -8.700000e+01 -5.000000e+01  0.000000e+00
     vertex -1.241616e+02 -7.596602e+01  0.000000e+00
     vertex -1.242177e+02 -7.594379e+01  0.000000e+00
   endloop
 endfacet
 facet normal -0.000000e+00  0.000000e+00 -1.000000e+00
   outer loop
     vertex -8.700000e+01 -5.000000e+01  0.000000e+00
     vertex -1.247440e+02 -7.581494e+01  0.000000e+00
     vertex -1.550000e+02 -5.000000e+01  0.000000e+00
   endloop
 endfacet
 facet normal  0.000000e+00  0.000000e+00 -1.000000e+00
   outer loop
     vertex -8.700000e+01 -5.000000e+01  0.000000e+00
     vertex -1.242177e+02 -7.594379e+01  0.000000e+00
     vertex -1.242744e+02 -7.592310e+01  0.000000e+00
   endloop
 endfacet
 facet normal  0.000000e+00  0.000000e+00 -1.000000e+00
   outer loop
     vertex -8.700000e+01 -5.000000e+01  0.000000e+00
     vertex -1.242744e+02 -7.592310e+01  0.000000e+00
     vertex -1.243317e+02 -7.590398e+01  0.000000e+00
   endloop
 endfacet
 facet normal  0.000000e+00  0.000000e+00 -1.000000e+00
   outer loop
     vertex -8.700000e+01 -5.000000e+01  0.000000e+00
     vertex -1.243317e+02 -7.590398e+01  0.000000e+00
     vertex -1.243894e+02 -7.588643e+01  0.000000e+00
   endloop
 endfacet
 facet normal  0.000000e+00  0.000000e+00 -1.000000e+00
   outer loop
     vertex -8.700000e+01 -5.000000e+01  0.000000e+00
     vertex -1.243894e+02 -7.588643e+01  0.000000e+00
     vertex -1.244476e+02 -7.587047e+01  0.000000e+00
   endloop
 endfacet
 facet normal  0.000000e+00  0.000000e+00 -1.000000e+00
   outer loop
     vertex -8.700000e+01 -5.000000e+01  0.000000e+00
     vertex -1.244476e+02 -7.587047e+01  0.000000e+00
     vertex -1.245063e+02 -7.585612e+01  0.000000e+00
   endloop
 endfacet
 facet normal  0.000000e+00  0.000000e+00 -1.000000e+00
   outer loop
     vertex -8.700000e+01 -5.000000e+01  0.000000e+00
     vertex -1.245063e+02 -7.585612e+01  0.000000e+00
     vertex -1.245653e+02 -7.584338e+01  0.000000e+00
   endloop
 endfacet
 facet normal  0.000000e+00  0.000000e+00 -1.000000e+00
   outer loop
     vertex -8.700000e+01 -5.000000e+01  0.000000e+00
     vertex -1.245653e+02 -7.584338e+01  0.000000e+00
     vertex -1.246246e+02 -7.583227e+01  0.000000e+00
   endloop
 endfacet
 facet normal  0.000000e+00  0.000000e+00 -1.000000e+00
   outer loop
     vertex -8.700000e+01 -5.000000e+01  0.000000e+00
     vertex -1.246246e+02 -7.583227e+01  0.000000e+00
     vertex -1.246842e+02 -7.582278e+01  0.000000e+00
   endloop
 endfacet
 facet normal  0.000000e+00  0.000000e+00 -1.000000e+00
   outer loop
     vertex -8.700000e+01 -5.000000e+01  0.000000e+00
     vertex -1.246842e+02 -7.582278e+01  0.000000e+00
     vertex -1.247440e+02 -7.581494e+01  0.000000e+00
   endloop
 endfacet
 facet normal  0.000000e+00 -0.000000e+00 -1.000000e+00
   outer loop
     vertex -8.700000e+01 -5.000000e+01  0.000000e+00
     vertex -8.700000e+01 -9.200000e+01  0.000000e+00
     vertex -1.228823e+02 -7.740392e+01  0.000000e+00
   endloop
 endfacet
 facet normal  1.000000e+00  0.000000e+00  0.000000e+00
   outer loop
     vertex -8.700000e+01 -9.200000e+01  2.200000e+01
     vertex -8.700000e+01 -9.200000e+01  0.000000e+00
     vertex -8.700000e+01 -5.000000e+01  0.000000e+00
   endloop
 endfacet
 facet normal  1.000000e+00 -0.000000e+00  0.000000e+00
   outer loop
     vertex -8.700000e+01 -9.200000e+01  2.200000e+01
     vertex -8.700000e+01 -5.000000e+01  0.000000e+00
     vertex -8.700000e+01 -5.000000e+01  2.200000e+01
   endloop
 endfacet
 facet normal -9.999059e-01 -1.371831e-02  0.000000e+00
   outer loop
     vertex -1.358016e+02 -8.188478e+01  2.200000e+01
     vertex -1.358000e+02 -8.200000e+01  1.400000e+01
     vertex -1.358000e+02 -8.200000e+01  2.200000e+01
   endloop
 endfacet
 facet normal -9.999059e-01 -1.371831e-02 -0.000000e+00
   outer loop
     vertex -1.358016e+02 -8.188478e+01  2.200000e+01
     vertex -1.358016e+02 -8.188478e+01  1.400000e+01
     vertex -1.358000e+02 -8.200000e+01  1.400000e+01
   endloop
 endfacet
 facet normal -9.991532e-01 -4.114462e-02 -0.000000e+00
   outer loop
     vertex -1.358063e+02 -8.176964e+01  2.200000e+01
     vertex -1.358063e+02 -8.176964e+01  1.400000e+01
     vertex -1.358016e+02 -8.188478e+01  1.400000e+01
   endloop
 endfacet
 facet normal -9.991532e-01 -4.114462e-02  0.000000e+00
   outer loop
     vertex -1.358063e+02 -8.176964e+01  2.200000e+01
     vertex -1.358016e+02 -8.188478e+01  1.400000e+01
     vertex -1.358016e+02 -8.188478e+01  2.200000e+01
   endloop
 endfacet
 facet normal -9.976484e-01 -6.853995e-02 -0.000000e+00
   outer loop
     vertex -1.358142e+02 -8.165468e+01  2.200000e+01
     vertex -1.358142e+02 -8.165468e+01  1.400000e+01
     vertex -1.358063e+02 -8.176964e+01  1.400000e+01
   endloop
 endfacet
 facet normal -9.976484e-01 -6.853995e-02  0.000000e+00
   outer loop
     vertex -1.358142e+02 -8.165468e+01  2.200000e+01
     vertex -1.358063e+02 -8.176964e+01  1.400000e+01
     vertex -1.358063e+02 -8.176964e+01  2.200000e+01
   endloop
 endfacet
 facet normal -9.953925e-01 -9.588368e-02 -0.000000e+00
   outer loop
     vertex -1.358253e+02 -8.153997e+01  2.200000e+01
     vertex -1.358253e+02 -8.153997e+01  1.400000e+01
     vertex -1.358142e+02 -8.165468e+01  1.400000e+01
   endloop
 endfacet
 facet normal -9.953925e-01 -9.588368e-02  0.000000e+00
   outer loop
     vertex -1.358253e+02 -8.153997e+01  2.200000e+01
     vertex -1.358142e+02 -8.165468e+01  1.400000e+01
     vertex -1.358142e+02 -8.165468e+01  2.200000e+01
   endloop
 endfacet
 facet normal -9.923874e-01 -1.231552e-01 -0.000000e+00
   outer loop
     vertex -1.358395e+02 -8.142562e+01  2.200000e+01
     vertex -1.358395e+02 -8.142562e+01  1.400000e+01
     vertex -1.358253e+02 -8.153997e+01  1.400000e+01
   endloop
 endfacet
 facet normal -9.923874e-01 -1.231552e-01  0.000000e+00
   outer loop
     vertex -1.358395e+02 -8.142562e+01  2.200000e+01
     vertex -1.358253e+02 -8.153997e+01  1.400000e+01
     vertex -1.358253e+02 -8.153997e+01  2.200000e+01
   endloop
 endfacet
 facet normal -9.886353e-01 -1.503341e-01 -0.000000e+00
   outer loop
     vertex -1.358568e+02 -8.131169e+01  2.200000e+01
     vertex -1.358568e+02 -8.131169e+01  1.400000e+01
     vertex -1.358395e+02 -8.142562e+01  1.400000e+01
   endloop
 endfacet
 facet normal -9.886353e-01 -1.503341e-01  0.000000e+00
   outer loop
     vertex -1.358568e+02 -8.131169e+01  2.200000e+01
     vertex -1.358395e+02 -8.142562e+01  1.400000e+01
     vertex -1.358395e+02 -8.142562e+01  2.200000e+01
   endloop
 endfacet
 facet normal -9.841389e-01 -1.773998e-01 -0.000000e+00
   outer loop
     vertex -1.358772e+02 -8.119829e+01  2.200000e+01
     vertex -1.358772e+02 -8.119829e+01  1.400000e+01
     vertex -1.358568e+02 -8.131169e+01  1.400000e+01
   endloop
 endfacet
 facet normal -9.841389e-01 -1.773998e-01  0.000000e+00
   outer loop
     vertex -1.358772e+02 -8.119829e+01  2.200000e+01
     vertex -1.358568e+02 -8.131169e+01  1.400000e+01
     vertex -1.358568e+02 -8.131169e+01  2.200000e+01
   endloop
 endfacet
 facet normal -9.789017e-01 -2.043319e-01 -0.000000e+00
   outer loop
     vertex -1.359008e+02 -8.108549e+01  2.200000e+01
     vertex -1.359008e+02 -8.108549e+01  1.400000e+01
     vertex -1.358772e+02 -8.119829e+01  1.400000e+01
   endloop
 endfacet
 facet normal -9.789017e-01 -2.043319e-01  0.000000e+00
   outer loop
     vertex -1.359008e+02 -8.108549e+01  2.200000e+01
     vertex -1.358772e+02 -8.119829e+01  1.400000e+01
     vertex -1.358772e+02 -8.119829e+01  2.200000e+01
   endloop
 endfacet
 facet normal -9.729276e-01 -2.311102e-01 -0.000000e+00
   outer loop
     vertex -1.359274e+02 -8.097337e+01  2.200000e+01
     vertex -1.359274e+02 -8.097337e+01  1.400000e+01
     vertex -1.359008e+02 -8.108549e+01  1.400000e+01
   endloop
 endfacet
 facet normal -9.662211e-01 -2.577146e-01 -0.000000e+00
   outer loop
     vertex -1.359274e+02 -8.097337e+01  2.200000e+01
     vertex -1.359571e+02 -8.086203e+01  1.400000e+01
     vertex -1.359274e+02 -8.097337e+01  1.400000e+01
   endloop
 endfacet
 facet normal -9.729276e-01 -2.311102e-01  0.000000e+00
   outer loop
     vertex -1.359274e+02 -8.097337e+01  2.200000e+01
     vertex -1.359008e+02 -8.108549e+01  1.400000e+01
     vertex -1.359008e+02 -8.108549e+01  2.200000e+01
   endloop
 endfacet
 facet normal -9.662211e-01 -2.577146e-01 -0.000000e+00
   outer loop
     vertex -1.359571e+02 -8.086203e+01  2.200000e+01
     vertex -1.359571e+02 -8.086203e+01  1.400000e+01
     vertex -1.359274e+02 -8.097337e+01  2.200000e+01
   endloop
 endfacet
 facet normal -9.587873e-01 -2.841250e-01  0.000000e+00
   outer loop
     vertex -1.359898e+02 -8.075155e+01  2.200000e+01
     vertex -1.359571e+02 -8.086203e+01  1.400000e+01
     vertex -1.359571e+02 -8.086203e+01  2.200000e+01
   endloop
 endfacet
 facet normal -9.587873e-01 -2.841250e-01 -0.000000e+00
   outer loop
     vertex -1.359898e+02 -8.075155e+01  2.200000e+01
     vertex -1.359898e+02 -8.075155e+01  1.400000e+01
     vertex -1.359571e+02 -8.086203e+01  1.400000e+01
   endloop
 endfacet
 facet normal -9.506317e-01 -3.103214e-01  0.000000e+00
   outer loop
     vertex -1.360256e+02 -8.064200e+01  2.200000e+01
     vertex -1.359898e+02 -8.075155e+01  1.400000e+01
     vertex -1.359898e+02 -8.075155e+01  2.200000e+01
   endloop
 endfacet
 facet normal -9.506317e-01 -3.103214e-01 -0.000000e+00
   outer loop
     vertex -1.360256e+02 -8.064200e+01  2.200000e+01
     vertex -1.360256e+02 -8.064200e+01  1.400000e+01
     vertex -1.359898e+02 -8.075155e+01  1.400000e+01
   endloop
 endfacet
 facet normal -9.417605e-01 -3.362843e-01  0.000000e+00
   outer loop
     vertex -1.360644e+02 -8.053348e+01  2.200000e+01
     vertex -1.360256e+02 -8.064200e+01  1.400000e+01
     vertex -1.360256e+02 -8.064200e+01  2.200000e+01
   endloop
 endfacet
 facet normal -9.417605e-01 -3.362843e-01 -0.000000e+00
   outer loop
     vertex -1.360644e+02 -8.053348e+01  2.200000e+01
     vertex -1.360644e+02 -8.053348e+01  1.400000e+01
     vertex -1.360256e+02 -8.064200e+01  1.400000e+01
   endloop
 endfacet
 facet normal -9.321804e-01 -3.619940e-01  0.000000e+00
   outer loop
     vertex -1.361061e+02 -8.042606e+01  2.200000e+01
     vertex -1.360644e+02 -8.053348e+01  1.400000e+01
     vertex -1.360644e+02 -8.053348e+01  2.200000e+01
   endloop
 endfacet
 facet normal -9.321804e-01 -3.619940e-01 -0.000000e+00
   outer loop
     vertex -1.361061e+02 -8.042606e+01  2.200000e+01
     vertex -1.361061e+02 -8.042606e+01  1.400000e+01
     vertex -1.360644e+02 -8.053348e+01  1.400000e+01
   endloop
 endfacet
 facet normal -9.218986e-01 -3.874313e-01 -0.000000e+00
   outer loop
     vertex -1.361061e+02 -8.042606e+01  2.200000e+01
     vertex -1.361507e+02 -8.031982e+01  1.400000e+01
     vertex -1.361061e+02 -8.042606e+01  1.400000e+01
   endloop
 endfacet
 facet normal -9.218986e-01 -3.874313e-01 -0.000000e+00
   outer loop
     vertex -1.361507e+02 -8.031982e+01  2.200000e+01
     vertex -1.361507e+02 -8.031982e+01  1.400000e+01
     vertex -1.361061e+02 -8.042606e+01  2.200000e+01
   endloop
 endfacet
 facet normal -9.109228e-01 -4.125769e-01 -0.000000e+00
   outer loop
     vertex -1.361507e+02 -8.031982e+01  2.200000e+01
     vertex -1.361983e+02 -8.021486e+01  1.400000e+01
     vertex -1.361507e+02 -8.031982e+01  1.400000e+01
   endloop
 endfacet
 facet normal -9.109228e-01 -4.125769e-01 -0.000000e+00
   outer loop
     vertex -1.361983e+02 -8.021486e+01  2.200000e+01
     vertex -1.361983e+02 -8.021486e+01  1.400000e+01
     vertex -1.361507e+02 -8.031982e+01  2.200000e+01
   endloop
 endfacet
 facet normal -8.992613e-01 -4.374119e-01  0.000000e+00
   outer loop
     vertex -1.362487e+02 -8.011123e+01  2.200000e+01
     vertex -1.361983e+02 -8.021486e+01  1.400000e+01
     vertex -1.361983e+02 -8.021486e+01  2.200000e+01
   endloop
 endfacet
 facet normal -8.992613e-01 -4.374119e-01 -0.000000e+00
   outer loop
     vertex -1.362487e+02 -8.011123e+01  2.200000e+01
     vertex -1.362487e+02 -8.011123e+01  1.400000e+01
     vertex -1.361983e+02 -8.021486e+01  1.400000e+01
   endloop
 endfacet
 facet normal -8.869228e-01 -4.619176e-01  0.000000e+00
   outer loop
     vertex -1.363019e+02 -8.000903e+01  2.200000e+01
     vertex -1.362487e+02 -8.011123e+01  1.400000e+01
     vertex -1.362487e+02 -8.011123e+01  2.200000e+01
   endloop
 endfacet
 facet normal -8.869228e-01 -4.619176e-01 -0.000000e+00
   outer loop
     vertex -1.363019e+02 -8.000903e+01  2.200000e+01
     vertex -1.363019e+02 -8.000903e+01  1.400000e+01
     vertex -1.362487e+02 -8.011123e+01  1.400000e+01
   endloop
 endfacet
 facet normal -8.739167e-01 -4.860756e-01 -0.000000e+00
   outer loop
     vertex -1.363019e+02 -8.000903e+01  2.200000e+01
     vertex -1.363579e+02 -7.990832e+01  1.400000e+01
     vertex -1.363019e+02 -8.000903e+01  1.400000e+01
   endloop
 endfacet
 facet normal -8.739167e-01 -4.860756e-01 -0.000000e+00
   outer loop
     vertex -1.363579e+02 -7.990832e+01  2.200000e+01
     vertex -1.363579e+02 -7.990832e+01  1.400000e+01
     vertex -1.363019e+02 -8.000903e+01  2.200000e+01
   endloop
 endfacet
 facet normal -8.602528e-01 -5.098678e-01  0.000000e+00
   outer loop
     vertex -1.364167e+02 -7.980919e+01  2.200000e+01
     vertex -1.363579e+02 -7.990832e+01  1.400000e+01
     vertex -1.363579e+02 -7.990832e+01  2.200000e+01
   endloop
 endfacet
 facet normal -8.602528e-01 -5.098678e-01 -0.000000e+00
   outer loop
     vertex -1.364167e+02 -7.980919e+01  2.200000e+01
     vertex -1.364167e+02 -7.980919e+01  1.400000e+01
     vertex -1.363579e+02 -7.990832e+01  1.400000e+01
   endloop
 endfacet
 facet normal -8.459413e-01 -5.332761e-01  0.000000e+00
   outer loop
     vertex -1.364781e+02 -7.971171e+01  2.200000e+01
     vertex -1.364167e+02 -7.980919e+01  1.400000e+01
     vertex -1.364167e+02 -7.980919e+01  2.200000e+01
   endloop
 endfacet
 facet normal -8.459413e-01 -5.332761e-01 -0.000000e+00
   outer loop
     vertex -1.364781e+02 -7.971171e+01  2.200000e+01
     vertex -1.364781e+02 -7.971171e+01  1.400000e+01
     vertex -1.364167e+02 -7.980919e+01  1.400000e+01
   endloop
 endfacet
 facet normal -8.309929e-01 -5.562829e-01 -0.000000e+00
   outer loop
     vertex -1.365422e+02 -7.961595e+01  2.200000e+01
     vertex -1.365422e+02 -7.961595e+01  1.400000e+01
     vertex -1.364781e+02 -7.971171e+01  1.400000e+01
   endloop
 endfacet
 facet normal -8.309929e-01 -5.562829e-01  0.000000e+00
   outer loop
     vertex -1.365422e+02 -7.961595e+01  2.200000e+01
     vertex -1.364781e+02 -7.971171e+01  1.400000e+01
     vertex -1.364781e+02 -7.971171e+01  2.200000e+01
   endloop
 endfacet
 facet normal -8.154191e-01 -5.788711e-01 -0.000000e+00
   outer loop
     vertex -1.365422e+02 -7.961595e+01  2.200000e+01
     vertex -1.366089e+02 -7.952199e+01  1.400000e+01
     vertex -1.365422e+02 -7.961595e+01  1.400000e+01
   endloop
 endfacet
 facet normal -8.154191e-01 -5.788711e-01 -0.000000e+00
   outer loop
     vertex -1.366089e+02 -7.952199e+01  2.200000e+01
     vertex -1.366089e+02 -7.952199e+01  1.400000e+01
     vertex -1.365422e+02 -7.961595e+01  2.200000e+01
   endloop
 endfacet
 facet normal -7.992314e-01 -6.010234e-01  0.000000e+00
   outer loop
     vertex -1.366782e+02 -7.942989e+01  2.200000e+01
     vertex -1.366089e+02 -7.952199e+01  1.400000e+01
     vertex -1.366089e+02 -7.952199e+01  2.200000e+01
   endloop
 endfacet
 facet normal -7.992314e-01 -6.010234e-01 -0.000000e+00
   outer loop
     vertex -1.366782e+02 -7.942989e+01  2.200000e+01
     vertex -1.366782e+02 -7.942989e+01  1.400000e+01
     vertex -1.366089e+02 -7.952199e+01  1.400000e+01
   endloop
 endfacet
 facet normal -7.824421e-01 -6.227234e-01 -0.000000e+00
   outer loop
     vertex -1.367499e+02 -7.933973e+01  2.200000e+01
     vertex -1.367499e+02 -7.933973e+01  1.400000e+01
     vertex -1.366782e+02 -7.942989e+01  1.400000e+01
   endloop
 endfacet
 facet normal -7.824421e-01 -6.227234e-01  0.000000e+00
   outer loop
     vertex -1.367499e+02 -7.933973e+01  2.200000e+01
     vertex -1.366782e+02 -7.942989e+01  1.400000e+01
     vertex -1.366782e+02 -7.942989e+01  2.200000e+01
   endloop
 endfacet
 facet normal -7.650637e-01 -6.439545e-01 -0.000000e+00
   outer loop
     vertex -1.368241e+02 -7.925156e+01  2.200000e+01
     vertex -1.368241e+02 -7.925156e+01  1.400000e+01
     vertex -1.367499e+02 -7.933973e+01  1.400000e+01
   endloop
 endfacet
 facet normal -7.650637e-01 -6.439545e-01  0.000000e+00
   outer loop
     vertex -1.368241e+02 -7.925156e+01  2.200000e+01
     vertex -1.367499e+02 -7.933973e+01  1.400000e+01
     vertex -1.367499e+02 -7.933973e+01  2.200000e+01
   endloop
 endfacet
 facet normal -7.471095e-01 -6.647010e-01 -0.000000e+00
   outer loop
     vertex -1.369007e+02 -7.916547e+01  2.200000e+01
     vertex -1.369007e+02 -7.916547e+01  1.400000e+01
     vertex -1.368241e+02 -7.925156e+01  1.400000e+01
   endloop
 endfacet
 facet normal -7.471095e-01 -6.647010e-01  0.000000e+00
   outer loop
     vertex -1.369007e+02 -7.916547e+01  2.200000e+01
     vertex -1.368241e+02 -7.925156e+01  1.400000e+01
     vertex -1.368241e+02 -7.925156e+01  2.200000e+01
   endloop
 endfacet
 facet normal -7.285929e-01 -6.849470e-01 -0.000000e+00
   outer loop
     vertex -1.369797e+02 -7.908151e+01  2.200000e+01
     vertex -1.369797e+02 -7.908151e+01  1.400000e+01
     vertex -1.369007e+02 -7.916547e+01  1.400000e+01
   endloop
 endfacet
 facet normal -7.285929e-01 -6.849470e-01  0.000000e+00
   outer loop
     vertex -1.369797e+02 -7.908151e+01  2.200000e+01
     vertex -1.369007e+02 -7.916547e+01  1.400000e+01
     vertex -1.369007e+02 -7.916547e+01  2.200000e+01
   endloop
 endfacet
 facet normal -7.095278e-01 -7.046775e-01 -0.000000e+00
   outer loop
     vertex -1.370609e+02 -7.899975e+01  2.200000e+01
     vertex -1.370609e+02 -7.899975e+01  1.400000e+01
     vertex -1.369797e+02 -7.908151e+01  1.400000e+01
   endloop
 endfacet
 facet normal -7.095278e-01 -7.046775e-01  0.000000e+00
   outer loop
     vertex -1.370609e+02 -7.899975e+01  2.200000e+01
     vertex -1.369797e+02 -7.908151e+01  1.400000e+01
     vertex -1.369797e+02 -7.908151e+01  2.200000e+01
   endloop
 endfacet
 facet normal -6.899286e-01 -7.238775e-01 -0.000000e+00
   outer loop
     vertex -1.371443e+02 -7.892025e+01  2.200000e+01
     vertex -1.371443e+02 -7.892025e+01  1.400000e+01
     vertex -1.370609e+02 -7.899975e+01  1.400000e+01
   endloop
 endfacet
 facet normal -6.899286e-01 -7.238775e-01  0.000000e+00
   outer loop
     vertex -1.371443e+02 -7.892025e+01  2.200000e+01
     vertex -1.370609e+02 -7.899975e+01  1.400000e+01
     vertex -1.370609e+02 -7.899975e+01  2.200000e+01
   endloop
 endfacet
 facet normal -6.698100e-01 -7.425325e-01 -0.000000e+00
   outer loop
     vertex -1.372298e+02 -7.884306e+01  2.200000e+01
     vertex -1.372298e+02 -7.884306e+01  1.400000e+01
     vertex -1.371443e+02 -7.892025e+01  1.400000e+01
   endloop
 endfacet
 facet normal -6.698100e-01 -7.425325e-01  0.000000e+00
   outer loop
     vertex -1.372298e+02 -7.884306e+01  2.200000e+01
     vertex -1.371443e+02 -7.892025e+01  1.400000e+01
     vertex -1.371443e+02 -7.892025e+01  2.200000e+01
   endloop
 endfacet
 facet normal -6.491872e-01 -7.606287e-01 -0.000000e+00
   outer loop
     vertex -1.373175e+02 -7.876826e+01  2.200000e+01
     vertex -1.373175e+02 -7.876826e+01  1.400000e+01
     vertex -1.372298e+02 -7.884306e+01  1.400000e+01
   endloop
 endfacet
 facet normal -6.491872e-01 -7.606287e-01  0.000000e+00
   outer loop
     vertex -1.373175e+02 -7.876826e+01  2.200000e+01
     vertex -1.372298e+02 -7.884306e+01  1.400000e+01
     vertex -1.372298e+02 -7.884306e+01  2.200000e+01
   endloop
 endfacet
 facet normal -6.280757e-01 -7.781522e-01 -0.000000e+00
   outer loop
     vertex -1.374072e+02 -7.869588e+01  2.200000e+01
     vertex -1.374072e+02 -7.869588e+01  1.400000e+01
     vertex -1.373175e+02 -7.876826e+01  1.400000e+01
   endloop
 endfacet
 facet normal -6.280757e-01 -7.781522e-01  0.000000e+00
   outer loop
     vertex -1.374072e+02 -7.869588e+01  2.200000e+01
     vertex -1.373175e+02 -7.876826e+01  1.400000e+01
     vertex -1.373175e+02 -7.876826e+01  2.200000e+01
   endloop
 endfacet
 facet normal -6.064915e-01 -7.950900e-01 -0.000000e+00
   outer loop
     vertex -1.374988e+02 -7.862599e+01  2.200000e+01
     vertex -1.374988e+02 -7.862599e+01  1.400000e+01
     vertex -1.374072e+02 -7.869588e+01  1.400000e+01
   endloop
 endfacet
 facet normal -5.844507e-01 -8.114292e-01 -0.000000e+00
   outer loop
     vertex -1.374988e+02 -7.862599e+01  2.200000e+01
     vertex -1.375923e+02 -7.855864e+01  1.400000e+01
     vertex -1.374988e+02 -7.862599e+01  1.400000e+01
   endloop
 endfacet
 facet normal -6.064915e-01 -7.950900e-01  0.000000e+00
   outer loop
     vertex -1.374988e+02 -7.862599e+01  2.200000e+01
     vertex -1.374072e+02 -7.869588e+01  1.400000e+01
     vertex -1.374072e+02 -7.869588e+01  2.200000e+01
   endloop
 endfacet
 facet normal -5.844507e-01 -8.114292e-01 -0.000000e+00
   outer loop
     vertex -1.375923e+02 -7.855864e+01  2.200000e+01
     vertex -1.375923e+02 -7.855864e+01  1.400000e+01
     vertex -1.374988e+02 -7.862599e+01  2.200000e+01
   endloop
 endfacet
 facet normal -5.619699e-01 -8.271577e-01  0.000000e+00
   outer loop
     vertex -1.376876e+02 -7.849389e+01  2.200000e+01
     vertex -1.375923e+02 -7.855864e+01  1.400000e+01
     vertex -1.375923e+02 -7.855864e+01  2.200000e+01
   endloop
 endfacet
 facet normal -5.619699e-01 -8.271577e-01 -0.000000e+00
   outer loop
     vertex -1.376876e+02 -7.849389e+01  2.200000e+01
     vertex -1.376876e+02 -7.849389e+01  1.400000e+01
     vertex -1.375923e+02 -7.855864e+01  1.400000e+01
   endloop
 endfacet
 facet normal -5.390661e-01 -8.422635e-01  0.000000e+00
   outer loop
     vertex -1.377847e+02 -7.843177e+01  2.200000e+01
     vertex -1.376876e+02 -7.849389e+01  1.400000e+01
     vertex -1.376876e+02 -7.849389e+01  2.200000e+01
   endloop
 endfacet
 facet normal -5.390661e-01 -8.422635e-01 -0.000000e+00
   outer loop
     vertex -1.377847e+02 -7.843177e+01  2.200000e+01
     vertex -1.377847e+02 -7.843177e+01  1.400000e+01
     vertex -1.376876e+02 -7.849389e+01  1.400000e+01
   endloop
 endfacet
 facet normal -5.157565e-01 -8.567352e-01 -0.000000e+00
   outer loop
     vertex -1.377847e+02 -7.843177e+01  2.200000e+01
     vertex -1.378834e+02 -7.837233e+01  1.400000e+01
     vertex -1.377847e+02 -7.843177e+01  1.400000e+01
   endloop
 endfacet
 facet normal -5.157565e-01 -8.567352e-01 -0.000000e+00
   outer loop
     vertex -1.378834e+02 -7.837233e+01  2.200000e+01
     vertex -1.378834e+02 -7.837233e+01  1.400000e+01
     vertex -1.377847e+02 -7.843177e+01  2.200000e+01
   endloop
 endfacet
 facet normal -4.920587e-01 -8.705620e-01  0.000000e+00
   outer loop
     vertex -1.379837e+02 -7.831563e+01  2.200000e+01
     vertex -1.378834e+02 -7.837233e+01  1.400000e+01
     vertex -1.378834e+02 -7.837233e+01  2.200000e+01
   endloop
 endfacet
 facet normal -4.920587e-01 -8.705620e-01 -0.000000e+00
   outer loop
     vertex -1.379837e+02 -7.831563e+01  2.200000e+01
     vertex -1.379837e+02 -7.831563e+01  1.400000e+01
     vertex -1.378834e+02 -7.837233e+01  1.400000e+01
   endloop
 endfacet
 facet normal -4.679904e-01 -8.837335e-01  0.000000e+00
   outer loop
     vertex -1.380855e+02 -7.826170e+01  2.200000e+01
     vertex -1.379837e+02 -7.831563e+01  1.400000e+01
     vertex -1.379837e+02 -7.831563e+01  2.200000e+01
   endloop
 endfacet
 facet normal -4.679904e-01 -8.837335e-01 -0.000000e+00
   outer loop
     vertex -1.380855e+02 -7.826170e+01  2.200000e+01
     vertex -1.380855e+02 -7.826170e+01  1.400000e+01
     vertex -1.379837e+02 -7.831563e+01  1.400000e+01
   endloop
 endfacet
 facet normal -4.435699e-01 -8.962398e-01  0.000000e+00
   outer loop
     vertex -1.381888e+02 -7.821059e+01  2.200000e+01
     vertex -1.380855e+02 -7.826170e+01  1.400000e+01
     vertex -1.380855e+02 -7.826170e+01  2.200000e+01
   endloop
 endfacet
 facet normal -4.435699e-01 -8.962398e-01 -0.000000e+00
   outer loop
     vertex -1.381888e+02 -7.821059e+01  2.200000e+01
     vertex -1.381888e+02 -7.821059e+01  1.400000e+01
     vertex -1.380855e+02 -7.826170e+01  1.400000e+01
   endloop
 endfacet
 facet normal -4.188155e-01 -9.080714e-01  0.000000e+00
   outer loop
     vertex -1.382935e+02 -7.816233e+01  2.200000e+01
     vertex -1.381888e+02 -7.821059e+01  1.400000e+01
     vertex -1.381888e+02 -7.821059e+01  2.200000e+01
   endloop
 endfacet
 facet normal -4.188155e-01 -9.080714e-01 -0.000000e+00
   outer loop
     vertex -1.382935e+02 -7.816233e+01  2.200000e+01
     vertex -1.382935e+02 -7.816233e+01  1.400000e+01
     vertex -1.381888e+02 -7.821059e+01  1.400000e+01
   endloop
 endfacet
 facet normal -3.937458e-01 -9.192194e-01  0.000000e+00
   outer loop
     vertex -1.383994e+02 -7.811696e+01  2.200000e+01
     vertex -1.382935e+02 -7.816233e+01  1.400000e+01
     vertex -1.382935e+02 -7.816233e+01  2.200000e+01
   endloop
 endfacet
 facet normal -3.937458e-01 -9.192194e-01 -0.000000e+00
   outer loop
     vertex -1.383994e+02 -7.811696e+01  2.200000e+01
     vertex -1.383994e+02 -7.811696e+01  1.400000e+01
     vertex -1.382935e+02 -7.816233e+01  1.400000e+01
   endloop
 endfacet
 facet normal -3.683796e-01 -9.296754e-01  0.000000e+00
   outer loop
     vertex -1.385065e+02 -7.807451e+01  2.200000e+01
     vertex -1.383994e+02 -7.811696e+01  1.400000e+01
     vertex -1.383994e+02 -7.811696e+01  2.200000e+01
   endloop
 endfacet
 facet normal -3.683796e-01 -9.296754e-01 -0.000000e+00
   outer loop
     vertex -1.385065e+02 -7.807451e+01  2.200000e+01
     vertex -1.385065e+02 -7.807451e+01  1.400000e+01
     vertex -1.383994e+02 -7.811696e+01  1.400000e+01
   endloop
 endfacet
 facet normal -3.427362e-01 -9.394317e-01  0.000000e+00
   outer loop
     vertex -1.386148e+02 -7.803501e+01  2.200000e+01
     vertex -1.385065e+02 -7.807451e+01  1.400000e+01
     vertex -1.385065e+02 -7.807451e+01  2.200000e+01
   endloop
 endfacet
 facet normal -3.427362e-01 -9.394317e-01 -0.000000e+00
   outer loop
     vertex -1.386148e+02 -7.803501e+01  2.200000e+01
     vertex -1.386148e+02 -7.803501e+01  1.400000e+01
     vertex -1.385065e+02 -7.807451e+01  1.400000e+01
   endloop
 endfacet
 facet normal -3.168348e-01 -9.484807e-01 -0.000000e+00
   outer loop
     vertex -1.386148e+02 -7.803501e+01  2.200000e+01
     vertex -1.387241e+02 -7.799850e+01  1.400000e+01
     vertex -1.386148e+02 -7.803501e+01  1.400000e+01
   endloop
 endfacet
 facet normal -3.168348e-01 -9.484807e-01 -0.000000e+00
   outer loop
     vertex -1.387241e+02 -7.799850e+01  2.200000e+01
     vertex -1.387241e+02 -7.799850e+01  1.400000e+01
     vertex -1.386148e+02 -7.803501e+01  2.200000e+01
   endloop
 endfacet
 facet normal -2.906949e-01 -9.568158e-01  0.000000e+00
   outer loop
     vertex -1.388343e+02 -7.796500e+01  2.200000e+01
     vertex -1.387241e+02 -7.799850e+01  1.400000e+01
     vertex -1.387241e+02 -7.799850e+01  2.200000e+01
   endloop
 endfacet
 facet normal -2.906949e-01 -9.568158e-01 -0.000000e+00
   outer loop
     vertex -1.388343e+02 -7.796500e+01  2.200000e+01
     vertex -1.388343e+02 -7.796500e+01  1.400000e+01
     vertex -1.387241e+02 -7.799850e+01  1.400000e+01
   endloop
 endfacet
 facet normal -2.643362e-01 -9.644306e-01  0.000000e+00
   outer loop
     vertex -1.389455e+02 -7.793454e+01  2.200000e+01
     vertex -1.388343e+02 -7.796500e+01  1.400000e+01
     vertex -1.388343e+02 -7.796500e+01  2.200000e+01
   endloop
 endfacet
 facet normal -2.643362e-01 -9.644306e-01 -0.000000e+00
   outer loop
     vertex -1.389455e+02 -7.793454e+01  2.200000e+01
     vertex -1.389455e+02 -7.793454e+01  1.400000e+01
     vertex -1.388343e+02 -7.796500e+01  1.400000e+01
   endloop
 endfacet
 facet normal -2.377784e-01 -9.713194e-01 -0.000000e+00
   outer loop
     vertex -1.389455e+02 -7.793454e+01  2.200000e+01
     vertex -1.390574e+02 -7.790714e+01  1.400000e+01
     vertex -1.389455e+02 -7.793454e+01  1.400000e+01
   endloop
 endfacet
 facet normal -2.377784e-01 -9.713194e-01 -0.000000e+00
   outer loop
     vertex -1.390574e+02 -7.790714e+01  2.200000e+01
     vertex -1.390574e+02 -7.790714e+01  1.400000e+01
     vertex -1.389455e+02 -7.793454e+01  2.200000e+01
   endloop
 endfacet
 facet normal -2.110417e-01 -9.774771e-01 -0.000000e+00
   outer loop
     vertex -1.390574e+02 -7.790714e+01  2.200000e+01
     vertex -1.391700e+02 -7.788282e+01  1.400000e+01
     vertex -1.390574e+02 -7.790714e+01  1.400000e+01
   endloop
 endfacet
 facet normal -2.110417e-01 -9.774771e-01 -0.000000e+00
   outer loop
     vertex -1.391700e+02 -7.788282e+01  2.200000e+01
     vertex -1.391700e+02 -7.788282e+01  1.400000e+01
     vertex -1.390574e+02 -7.790714e+01  2.200000e+01
   endloop
 endfacet
 facet normal -1.841461e-01 -9.828989e-01  0.000000e+00
   outer loop
     vertex -1.392833e+02 -7.786160e+01  2.200000e+01
     vertex -1.391700e+02 -7.788282e+01  1.400000e+01
     vertex -1.391700e+02 -7.788282e+01  2.200000e+01
   endloop
 endfacet
 facet normal -1.841461e-01 -9.828989e-01 -0.000000e+00
   outer loop
     vertex -1.392833e+02 -7.786160e+01  2.200000e+01
     vertex -1.392833e+02 -7.786160e+01  1.400000e+01
     vertex -1.391700e+02 -7.788282e+01  1.400000e+01
   endloop
 endfacet
 facet normal -1.571119e-01 -9.875808e-01  0.000000e+00
   outer loop
     vertex -1.393971e+02 -7.784350e+01  2.200000e+01
     vertex -1.392833e+02 -7.786160e+01  1.400000e+01
     vertex -1.392833e+02 -7.786160e+01  2.200000e+01
   endloop
 endfacet
 facet normal -1.571119e-01 -9.875808e-01 -0.000000e+00
   outer loop
     vertex -1.393971e+02 -7.784350e+01  2.200000e+01
     vertex -1.393971e+02 -7.784350e+01  1.400000e+01
     vertex -1.392833e+02 -7.786160e+01  1.400000e+01
   endloop
 endfacet
 facet normal -1.299594e-01 -9.915193e-01  0.000000e+00
   outer loop
     vertex -1.395113e+02 -7.782852e+01  2.200000e+01
     vertex -1.393971e+02 -7.784350e+01  1.400000e+01
     vertex -1.393971e+02 -7.784350e+01  2.200000e+01
   endloop
 endfacet
 facet normal -1.299594e-01 -9.915193e-01 -0.000000e+00
   outer loop
     vertex -1.395113e+02 -7.782852e+01  2.200000e+01
     vertex -1.395113e+02 -7.782852e+01  1.400000e+01
     vertex -1.393971e+02 -7.784350e+01  1.400000e+01
   endloop
 endfacet
 facet normal -1.027091e-01 -9.947114e-01  0.000000e+00
   outer loop
     vertex -1.396260e+02 -7.781669e+01  2.200000e+01
     vertex -1.395113e+02 -7.782852e+01  1.400000e+01
     vertex -1.395113e+02 -7.782852e+01  2.200000e+01
   endloop
 endfacet
 facet normal -1.027091e-01 -9.947114e-01 -0.000000e+00
   outer loop
     vertex -1.396260e+02 -7.781669e+01  2.200000e+01
     vertex -1.396260e+02 -7.781669e+01  1.400000e+01
     vertex -1.395113e+02 -7.782852e+01  1.400000e+01
   endloop
 endfacet
 facet normal -7.538152e-02 -9.971548e-01 -0.000000e+00
   outer loop
     vertex -1.396260e+02 -7.781669e+01  2.200000e+01
     vertex -1.397409e+02 -7.780800e+01  1.400000e+01
     vertex -1.396260e+02 -7.781669e+01  1.400000e+01
   endloop
 endfacet
 facet normal -7.538152e-02 -9.971548e-01 -0.000000e+00
   outer loop
     vertex -1.397409e+02 -7.780800e+01  2.200000e+01
     vertex -1.397409e+02 -7.780800e+01  1.400000e+01
     vertex -1.396260e+02 -7.781669e+01  2.200000e+01
   endloop
 endfacet
 facet normal -4.799716e-02 -9.988475e-01  0.000000e+00
   outer loop
     vertex -1.398560e+02 -7.780247e+01  2.200000e+01
     vertex -1.397409e+02 -7.780800e+01  1.400000e+01
     vertex -1.397409e+02 -7.780800e+01  2.200000e+01
   endloop
 endfacet
 facet normal -4.799716e-02 -9.988475e-01 -0.000000e+00
   outer loop
     vertex -1.398560e+02 -7.780247e+01  2.200000e+01
     vertex -1.398560e+02 -7.780247e+01  1.400000e+01
     vertex -1.397409e+02 -7.780800e+01  1.400000e+01
   endloop
 endfacet
 facet normal -2.057667e-02 -9.997883e-01 -0.000000e+00
   outer loop
     vertex -1.399712e+02 -7.780010e+01  2.200000e+01
     vertex -1.399712e+02 -7.780010e+01  1.400000e+01
     vertex -1.398560e+02 -7.780247e+01  1.400000e+01
   endloop
 endfacet
 facet normal -2.057667e-02 -9.997883e-01  0.000000e+00
   outer loop
     vertex -1.399712e+02 -7.780010e+01  2.200000e+01
     vertex -1.398560e+02 -7.780247e+01  1.400000e+01
     vertex -1.398560e+02 -7.780247e+01  2.200000e+01
   endloop
 endfacet
 facet normal  6.859319e-03 -9.999765e-01  0.000000e+00
   outer loop
     vertex -1.399712e+02 -7.780010e+01  2.200000e+01
     vertex -1.400864e+02 -7.780089e+01  1.400000e+01
     vertex -1.399712e+02 -7.780010e+01  1.400000e+01
   endloop
 endfacet
 facet normal  6.859319e-03 -9.999765e-01  0.000000e+00
   outer loop
     vertex -1.400864e+02 -7.780089e+01  2.200000e+01
     vertex -1.400864e+02 -7.780089e+01  1.400000e+01
     vertex -1.399712e+02 -7.780010e+01  2.200000e+01
   endloop
 endfacet
 facet normal  3.429014e-02 -9.994119e-01  0.000000e+00
   outer loop
     vertex -1.402016e+02 -7.780484e+01  2.200000e+01
     vertex -1.402016e+02 -7.780484e+01  1.400000e+01
     vertex -1.400864e+02 -7.780089e+01  1.400000e+01
   endloop
 endfacet
 facet normal  6.169515e-02 -9.980950e-01  0.000000e+00
   outer loop
     vertex -1.402016e+02 -7.780484e+01  2.200000e+01
     vertex -1.403166e+02 -7.781195e+01  1.400000e+01
     vertex -1.402016e+02 -7.780484e+01  1.400000e+01
   endloop
 endfacet
 facet normal  3.429014e-02 -9.994119e-01  0.000000e+00
   outer loop
     vertex -1.402016e+02 -7.780484e+01  2.200000e+01
     vertex -1.400864e+02 -7.780089e+01  1.400000e+01
     vertex -1.400864e+02 -7.780089e+01  2.200000e+01
   endloop
 endfacet
 facet normal  8.905371e-02 -9.960268e-01  0.000000e+00
   outer loop
     vertex -1.403166e+02 -7.781195e+01  2.200000e+01
     vertex -1.404314e+02 -7.782221e+01  1.400000e+01
     vertex -1.403166e+02 -7.781195e+01  1.400000e+01
   endloop
 endfacet
 facet normal  6.169515e-02 -9.980950e-01  0.000000e+00
   outer loop
     vertex -1.403166e+02 -7.781195e+01  2.200000e+01
     vertex -1.403166e+02 -7.781195e+01  1.400000e+01
     vertex -1.402016e+02 -7.780484e+01  2.200000e+01
   endloop
 endfacet
 facet normal  8.905371e-02 -9.960268e-01  0.000000e+00
   outer loop
     vertex -1.404314e+02 -7.782221e+01  2.200000e+01
     vertex -1.404314e+02 -7.782221e+01  1.400000e+01
     vertex -1.403166e+02 -7.781195e+01  2.200000e+01
   endloop
 endfacet
 facet normal  1.163452e-01 -9.932088e-01  0.000000e+00
   outer loop
     vertex -1.405458e+02 -7.783562e+01  2.200000e+01
     vertex -1.404314e+02 -7.782221e+01  1.400000e+01
     vertex -1.404314e+02 -7.782221e+01  2.200000e+01
   endloop
 endfacet
 facet normal  1.163452e-01 -9.932088e-01  0.000000e+00
   outer loop
     vertex -1.405458e+02 -7.783562e+01  2.200000e+01
     vertex -1.405458e+02 -7.783562e+01  1.400000e+01
     vertex -1.404314e+02 -7.782221e+01  1.400000e+01
   endloop
 endfacet
 facet normal  1.435492e-01 -9.896432e-01  0.000000e+00
   outer loop
     vertex -1.405458e+02 -7.783562e+01  2.200000e+01
     vertex -1.406599e+02 -7.785216e+01  1.400000e+01
     vertex -1.405458e+02 -7.783562e+01  1.400000e+01
   endloop
 endfacet
 facet normal  1.435492e-01 -9.896432e-01  0.000000e+00
   outer loop
     vertex -1.406599e+02 -7.785216e+01  2.200000e+01
     vertex -1.406599e+02 -7.785216e+01  1.400000e+01
     vertex -1.405458e+02 -7.783562e+01  2.200000e+01
   endloop
 endfacet
 facet normal  1.706451e-01 -9.853326e-01  0.000000e+00
   outer loop
     vertex -1.407734e+02 -7.787182e+01  2.200000e+01
     vertex -1.406599e+02 -7.785216e+01  1.400000e+01
     vertex -1.406599e+02 -7.785216e+01  2.200000e+01
   endloop
 endfacet
 facet normal  1.706451e-01 -9.853326e-01  0.000000e+00
   outer loop
     vertex -1.407734e+02 -7.787182e+01  2.200000e+01
     vertex -1.407734e+02 -7.787182e+01  1.400000e+01
     vertex -1.406599e+02 -7.785216e+01  1.400000e+01
   endloop
 endfacet
 facet normal  1.976125e-01 -9.802802e-01  0.000000e+00
   outer loop
     vertex -1.407734e+02 -7.787182e+01  2.200000e+01
     vertex -1.408864e+02 -7.789460e+01  1.400000e+01
     vertex -1.407734e+02 -7.787182e+01  1.400000e+01
   endloop
 endfacet
 facet normal  1.976125e-01 -9.802802e-01  0.000000e+00
   outer loop
     vertex -1.408864e+02 -7.789460e+01  2.200000e+01
     vertex -1.408864e+02 -7.789460e+01  1.400000e+01
     vertex -1.407734e+02 -7.787182e+01  2.200000e+01
   endloop
 endfacet
 facet normal  2.244312e-01 -9.744899e-01  0.000000e+00
   outer loop
     vertex -1.409987e+02 -7.792046e+01  2.200000e+01
     vertex -1.408864e+02 -7.789460e+01  1.400000e+01
     vertex -1.408864e+02 -7.789460e+01  2.200000e+01
   endloop
 endfacet
 facet normal  2.244312e-01 -9.744899e-01  0.000000e+00
   outer loop
     vertex -1.409987e+02 -7.792046e+01  2.200000e+01
     vertex -1.409987e+02 -7.792046e+01  1.400000e+01
     vertex -1.408864e+02 -7.789460e+01  1.400000e+01
   endloop
 endfacet
 facet normal  2.510809e-01 -9.679661e-01  0.000000e+00
   outer loop
     vertex -1.409987e+02 -7.792046e+01  2.200000e+01
     vertex -1.411102e+02 -7.794939e+01  1.400000e+01
     vertex -1.409987e+02 -7.792046e+01  1.400000e+01
   endloop
 endfacet
 facet normal  2.510809e-01 -9.679661e-01  0.000000e+00
   outer loop
     vertex -1.411102e+02 -7.794939e+01  2.200000e+01
     vertex -1.411102e+02 -7.794939e+01  1.400000e+01
     vertex -1.409987e+02 -7.792046e+01  2.200000e+01
   endloop
 endfacet
 facet normal  2.775416e-01 -9.607136e-01  0.000000e+00
   outer loop
     vertex -1.412209e+02 -7.798137e+01  2.200000e+01
     vertex -1.411102e+02 -7.794939e+01  1.400000e+01
     vertex -1.411102e+02 -7.794939e+01  2.200000e+01
   endloop
 endfacet
 facet normal  2.775416e-01 -9.607136e-01  0.000000e+00
   outer loop
     vertex -1.412209e+02 -7.798137e+01  2.200000e+01
     vertex -1.412209e+02 -7.798137e+01  1.400000e+01
     vertex -1.411102e+02 -7.794939e+01  1.400000e+01
   endloop
 endfacet
 facet normal  3.037934e-01 -9.527379e-01  0.000000e+00
   outer loop
     vertex -1.413307e+02 -7.801638e+01  2.200000e+01
     vertex -1.412209e+02 -7.798137e+01  1.400000e+01
     vertex -1.412209e+02 -7.798137e+01  2.200000e+01
   endloop
 endfacet
 facet normal  3.037934e-01 -9.527379e-01  0.000000e+00
   outer loop
     vertex -1.413307e+02 -7.801638e+01  2.200000e+01
     vertex -1.413307e+02 -7.801638e+01  1.400000e+01
     vertex -1.412209e+02 -7.798137e+01  1.400000e+01
   endloop
 endfacet
 facet normal  3.298166e-01 -9.440450e-01  0.000000e+00
   outer loop
     vertex -1.413307e+02 -7.801638e+01  2.200000e+01
     vertex -1.414395e+02 -7.805439e+01  1.400000e+01
     vertex -1.413307e+02 -7.801638e+01  1.400000e+01
   endloop
 endfacet
 facet normal  3.298166e-01 -9.440450e-01  0.000000e+00
   outer loop
     vertex -1.414395e+02 -7.805439e+01  2.200000e+01
     vertex -1.414395e+02 -7.805439e+01  1.400000e+01
     vertex -1.413307e+02 -7.801638e+01  2.200000e+01
   endloop
 endfacet
 facet normal  3.555914e-01 -9.346415e-01  0.000000e+00
   outer loop
     vertex -1.415472e+02 -7.809536e+01  2.200000e+01
     vertex -1.414395e+02 -7.805439e+01  1.400000e+01
     vertex -1.414395e+02 -7.805439e+01  2.200000e+01
   endloop
 endfacet
 facet normal  3.555914e-01 -9.346415e-01  0.000000e+00
   outer loop
     vertex -1.415472e+02 -7.809536e+01  2.200000e+01
     vertex -1.415472e+02 -7.809536e+01  1.400000e+01
     vertex -1.414395e+02 -7.805439e+01  1.400000e+01
   endloop
 endfacet
 facet normal  3.810986e-01 -9.245344e-01  0.000000e+00
   outer loop
     vertex -1.416537e+02 -7.813928e+01  2.200000e+01
     vertex -1.415472e+02 -7.809536e+01  1.400000e+01
     vertex -1.415472e+02 -7.809536e+01  2.200000e+01
   endloop
 endfacet
 facet normal  3.810986e-01 -9.245344e-01  0.000000e+00
   outer loop
     vertex -1.416537e+02 -7.813928e+01  2.200000e+01
     vertex -1.416537e+02 -7.813928e+01  1.400000e+01
     vertex -1.415472e+02 -7.809536e+01  1.400000e+01
   endloop
 endfacet
 facet normal  4.063188e-01 -9.137314e-01  0.000000e+00
   outer loop
     vertex -1.417590e+02 -7.818610e+01  2.200000e+01
     vertex -1.417590e+02 -7.818610e+01  1.400000e+01
     vertex -1.416537e+02 -7.813928e+01  1.400000e+01
   endloop
 endfacet
 facet normal  4.063188e-01 -9.137314e-01  0.000000e+00
   outer loop
     vertex -1.417590e+02 -7.818610e+01  2.200000e+01
     vertex -1.416537e+02 -7.813928e+01  1.400000e+01
     vertex -1.416537e+02 -7.813928e+01  2.200000e+01
   endloop
 endfacet
 facet normal  4.312333e-01 -9.022405e-01  0.000000e+00
   outer loop
     vertex -1.418630e+02 -7.823579e+01  2.200000e+01
     vertex -1.418630e+02 -7.823579e+01  1.400000e+01
     vertex -1.417590e+02 -7.818610e+01  1.400000e+01
   endloop
 endfacet
 facet normal  4.312333e-01 -9.022405e-01  0.000000e+00
   outer loop
     vertex -1.418630e+02 -7.823579e+01  2.200000e+01
     vertex -1.417590e+02 -7.818610e+01  1.400000e+01
     vertex -1.417590e+02 -7.818610e+01  2.200000e+01
   endloop
 endfacet
 facet normal  4.558231e-01 -8.900704e-01  0.000000e+00
   outer loop
     vertex -1.419656e+02 -7.828832e+01  2.200000e+01
     vertex -1.419656e+02 -7.828832e+01  1.400000e+01
     vertex -1.418630e+02 -7.823579e+01  1.400000e+01
   endloop
 endfacet
 facet normal  4.800697e-01 -8.772303e-01  0.000000e+00
   outer loop
     vertex -1.419656e+02 -7.828832e+01  2.200000e+01
     vertex -1.420666e+02 -7.834364e+01  1.400000e+01
     vertex -1.419656e+02 -7.828832e+01  1.400000e+01
   endloop
 endfacet
 facet normal  4.558231e-01 -8.900704e-01  0.000000e+00
   outer loop
     vertex -1.419656e+02 -7.828832e+01  2.200000e+01
     vertex -1.418630e+02 -7.823579e+01  1.400000e+01
     vertex -1.418630e+02 -7.823579e+01  2.200000e+01
   endloop
 endfacet
 facet normal  5.039550e-01 -8.637299e-01  0.000000e+00
   outer loop
     vertex -1.420666e+02 -7.834364e+01  2.200000e+01
     vertex -1.421662e+02 -7.840171e+01  1.400000e+01
     vertex -1.420666e+02 -7.834364e+01  1.400000e+01
   endloop
 endfacet
 facet normal  4.800697e-01 -8.772303e-01  0.000000e+00
   outer loop
     vertex -1.420666e+02 -7.834364e+01  2.200000e+01
     vertex -1.420666e+02 -7.834364e+01  1.400000e+01
     vertex -1.419656e+02 -7.828832e+01  2.200000e+01
   endloop
 endfacet
 facet normal  5.274609e-01 -8.495793e-01  0.000000e+00
   outer loop
     vertex -1.421662e+02 -7.840171e+01  2.200000e+01
     vertex -1.422641e+02 -7.846249e+01  1.400000e+01
     vertex -1.421662e+02 -7.840171e+01  1.400000e+01
   endloop
 endfacet
 facet normal  5.039550e-01 -8.637299e-01  0.000000e+00
   outer loop
     vertex -1.421662e+02 -7.840171e+01  2.200000e+01
     vertex -1.421662e+02 -7.840171e+01  1.400000e+01
     vertex -1.420666e+02 -7.834364e+01  2.200000e+01
   endloop
 endfacet
 facet normal  5.274609e-01 -8.495793e-01  0.000000e+00
   outer loop
     vertex -1.422641e+02 -7.846249e+01  2.200000e+01
     vertex -1.422641e+02 -7.846249e+01  1.400000e+01
     vertex -1.421662e+02 -7.840171e+01  2.200000e+01
   endloop
 endfacet
 facet normal  5.505698e-01 -8.347891e-01  0.000000e+00
   outer loop
     vertex -1.423603e+02 -7.852594e+01  2.200000e+01
     vertex -1.423603e+02 -7.852594e+01  1.400000e+01
     vertex -1.422641e+02 -7.846249e+01  1.400000e+01
   endloop
 endfacet
 facet normal  5.505698e-01 -8.347891e-01  0.000000e+00
   outer loop
     vertex -1.423603e+02 -7.852594e+01  2.200000e+01
     vertex -1.422641e+02 -7.846249e+01  1.400000e+01
     vertex -1.422641e+02 -7.846249e+01  2.200000e+01
   endloop
 endfacet
 facet normal  5.732642e-01 -8.193706e-01  0.000000e+00
   outer loop
     vertex -1.424547e+02 -7.859200e+01  2.200000e+01
     vertex -1.424547e+02 -7.859200e+01  1.400000e+01
     vertex -1.423603e+02 -7.852594e+01  1.400000e+01
   endloop
 endfacet
 facet normal  5.955271e-01 -8.033352e-01  0.000000e+00
   outer loop
     vertex -1.424547e+02 -7.859200e+01  2.200000e+01
     vertex -1.425473e+02 -7.866062e+01  1.400000e+01
     vertex -1.424547e+02 -7.859200e+01  1.400000e+01
   endloop
 endfacet
 facet normal  5.732642e-01 -8.193706e-01  0.000000e+00
   outer loop
     vertex -1.424547e+02 -7.859200e+01  2.200000e+01
     vertex -1.423603e+02 -7.852594e+01  1.400000e+01
     vertex -1.423603e+02 -7.852594e+01  2.200000e+01
   endloop
 endfacet
 facet normal  5.955271e-01 -8.033352e-01  0.000000e+00
   outer loop
     vertex -1.425473e+02 -7.866062e+01  2.200000e+01
     vertex -1.425473e+02 -7.866062e+01  1.400000e+01
     vertex -1.424547e+02 -7.859200e+01  2.200000e+01
   endloop
 endfacet
 facet normal  6.173417e-01 -7.866951e-01  0.000000e+00
   outer loop
     vertex -1.426379e+02 -7.873176e+01  2.200000e+01
     vertex -1.426379e+02 -7.873176e+01  1.400000e+01
     vertex -1.425473e+02 -7.866062e+01  1.400000e+01
   endloop
 endfacet
 facet normal  6.386916e-01 -7.694628e-01  0.000000e+00
   outer loop
     vertex -1.426379e+02 -7.873176e+01  2.200000e+01
     vertex -1.427266e+02 -7.880536e+01  1.400000e+01
     vertex -1.426379e+02 -7.873176e+01  1.400000e+01
   endloop
 endfacet
 facet normal  6.173417e-01 -7.866951e-01  0.000000e+00
   outer loop
     vertex -1.426379e+02 -7.873176e+01  2.200000e+01
     vertex -1.425473e+02 -7.866062e+01  1.400000e+01
     vertex -1.425473e+02 -7.866062e+01  2.200000e+01
   endloop
 endfacet
 facet normal  6.386916e-01 -7.694628e-01  0.000000e+00
   outer loop
     vertex -1.427266e+02 -7.880536e+01  2.200000e+01
     vertex -1.427266e+02 -7.880536e+01  1.400000e+01
     vertex -1.426379e+02 -7.873176e+01  2.200000e+01
   endloop
 endfacet
 facet normal  6.595607e-01 -7.516513e-01  0.000000e+00
   outer loop
     vertex -1.428132e+02 -7.888136e+01  2.200000e+01
     vertex -1.428132e+02 -7.888136e+01  1.400000e+01
     vertex -1.427266e+02 -7.880536e+01  1.400000e+01
   endloop
 endfacet
 facet normal  6.595607e-01 -7.516513e-01  0.000000e+00
   outer loop
     vertex -1.428132e+02 -7.888136e+01  2.200000e+01
     vertex -1.427266e+02 -7.880536e+01  1.400000e+01
     vertex -1.427266e+02 -7.880536e+01  2.200000e+01
   endloop
 endfacet
 facet normal  6.799333e-01 -7.332740e-01  0.000000e+00
   outer loop
     vertex -1.428977e+02 -7.895971e+01  2.200000e+01
     vertex -1.428977e+02 -7.895971e+01  1.400000e+01
     vertex -1.428132e+02 -7.888136e+01  1.400000e+01
   endloop
 endfacet
 facet normal  6.997940e-01 -7.143447e-01  0.000000e+00
   outer loop
     vertex -1.428977e+02 -7.895971e+01  2.200000e+01
     vertex -1.429800e+02 -7.904035e+01  1.400000e+01
     vertex -1.428977e+02 -7.895971e+01  1.400000e+01
   endloop
 endfacet
 facet normal  6.799333e-01 -7.332740e-01  0.000000e+00
   outer loop
     vertex -1.428977e+02 -7.895971e+01  2.200000e+01
     vertex -1.428132e+02 -7.888136e+01  1.400000e+01
     vertex -1.428132e+02 -7.888136e+01  2.200000e+01
   endloop
 endfacet
 facet normal  6.997940e-01 -7.143447e-01  0.000000e+00
   outer loop
     vertex -1.429800e+02 -7.904035e+01  2.200000e+01
     vertex -1.429800e+02 -7.904035e+01  1.400000e+01
     vertex -1.428977e+02 -7.895971e+01  2.200000e+01
   endloop
 endfacet
 facet normal  7.191280e-01 -6.948776e-01  0.000000e+00
   outer loop
     vertex -1.429800e+02 -7.904035e+01  2.200000e+01
     vertex -1.430601e+02 -7.912322e+01  1.400000e+01
     vertex -1.429800e+02 -7.904035e+01  1.400000e+01
   endloop
 endfacet
 facet normal  7.191280e-01 -6.948776e-01  0.000000e+00
   outer loop
     vertex -1.430601e+02 -7.912322e+01  2.200000e+01
     vertex -1.430601e+02 -7.912322e+01  1.400000e+01
     vertex -1.429800e+02 -7.904035e+01  2.200000e+01
   endloop
 endfacet
 facet normal  7.379206e-01 -6.748875e-01  0.000000e+00
   outer loop
     vertex -1.430601e+02 -7.912322e+01  2.200000e+01
     vertex -1.431379e+02 -7.920826e+01  1.400000e+01
     vertex -1.430601e+02 -7.912322e+01  1.400000e+01
   endloop
 endfacet
 facet normal  7.379206e-01 -6.748875e-01  0.000000e+00
   outer loop
     vertex -1.431379e+02 -7.920826e+01  2.200000e+01
     vertex -1.431379e+02 -7.920826e+01  1.400000e+01
     vertex -1.430601e+02 -7.912322e+01  2.200000e+01
   endloop
 endfacet
 facet normal  7.561578e-01 -6.543893e-01  0.000000e+00
   outer loop
     vertex -1.432133e+02 -7.929539e+01  2.200000e+01
     vertex -1.431379e+02 -7.920826e+01  1.400000e+01
     vertex -1.431379e+02 -7.920826e+01  2.200000e+01
   endloop
 endfacet
 facet normal  7.561578e-01 -6.543893e-01  0.000000e+00
   outer loop
     vertex -1.432133e+02 -7.929539e+01  2.200000e+01
     vertex -1.432133e+02 -7.929539e+01  1.400000e+01
     vertex -1.431379e+02 -7.920826e+01  1.400000e+01
   endloop
 endfacet
 facet normal  7.738257e-01 -6.333986e-01  0.000000e+00
   outer loop
     vertex -1.432133e+02 -7.929539e+01  2.200000e+01
     vertex -1.432863e+02 -7.938456e+01  1.400000e+01
     vertex -1.432133e+02 -7.929539e+01  1.400000e+01
   endloop
 endfacet
 facet normal  7.738257e-01 -6.333986e-01  0.000000e+00
   outer loop
     vertex -1.432863e+02 -7.938456e+01  2.200000e+01
     vertex -1.432863e+02 -7.938456e+01  1.400000e+01
     vertex -1.432133e+02 -7.929539e+01  2.200000e+01
   endloop
 endfacet
 facet normal  7.909112e-01 -6.119310e-01  0.000000e+00
   outer loop
     vertex -1.433568e+02 -7.947570e+01  2.200000e+01
     vertex -1.433568e+02 -7.947570e+01  1.400000e+01
     vertex -1.432863e+02 -7.938456e+01  1.400000e+01
   endloop
 endfacet
 facet normal  8.074012e-01 -5.900028e-01  0.000000e+00
   outer loop
     vertex -1.433568e+02 -7.947570e+01  2.200000e+01
     vertex -1.434248e+02 -7.956874e+01  1.400000e+01
     vertex -1.433568e+02 -7.947570e+01  1.400000e+01
   endloop
 endfacet
 facet normal  7.909112e-01 -6.119310e-01  0.000000e+00
   outer loop
     vertex -1.433568e+02 -7.947570e+01  2.200000e+01
     vertex -1.432863e+02 -7.938456e+01  1.400000e+01
     vertex -1.432863e+02 -7.938456e+01  2.200000e+01
   endloop
 endfacet
 facet normal  8.074012e-01 -5.900028e-01  0.000000e+00
   outer loop
     vertex -1.434248e+02 -7.956874e+01  2.200000e+01
     vertex -1.434248e+02 -7.956874e+01  1.400000e+01
     vertex -1.433568e+02 -7.947570e+01  2.200000e+01
   endloop
 endfacet
 facet normal  8.232835e-01 -5.676304e-01  0.000000e+00
   outer loop
     vertex -1.434902e+02 -7.966361e+01  2.200000e+01
     vertex -1.434902e+02 -7.966361e+01  1.400000e+01
     vertex -1.434248e+02 -7.956874e+01  1.400000e+01
   endloop
 endfacet
 facet normal  8.232835e-01 -5.676304e-01  0.000000e+00
   outer loop
     vertex -1.434902e+02 -7.966361e+01  2.200000e+01
     vertex -1.434248e+02 -7.956874e+01  1.400000e+01
     vertex -1.434248e+02 -7.956874e+01  2.200000e+01
   endloop
 endfacet
 facet normal  8.385460e-01 -5.448308e-01  0.000000e+00
   outer loop
     vertex -1.435530e+02 -7.976024e+01  2.200000e+01
     vertex -1.435530e+02 -7.976024e+01  1.400000e+01
     vertex -1.434902e+02 -7.966361e+01  1.400000e+01
   endloop
 endfacet
 facet normal  8.385460e-01 -5.448308e-01  0.000000e+00
   outer loop
     vertex -1.435530e+02 -7.976024e+01  2.200000e+01
     vertex -1.434902e+02 -7.966361e+01  1.400000e+01
     vertex -1.434902e+02 -7.966361e+01  2.200000e+01
   endloop
 endfacet
 facet normal  8.531773e-01 -5.216210e-01  0.000000e+00
   outer loop
     vertex -1.436131e+02 -7.985856e+01  2.200000e+01
     vertex -1.436131e+02 -7.985856e+01  1.400000e+01
     vertex -1.435530e+02 -7.976024e+01  1.400000e+01
   endloop
 endfacet
 facet normal  8.531773e-01 -5.216210e-01  0.000000e+00
   outer loop
     vertex -1.436131e+02 -7.985856e+01  2.200000e+01
     vertex -1.435530e+02 -7.976024e+01  1.400000e+01
     vertex -1.435530e+02 -7.976024e+01  2.200000e+01
   endloop
 endfacet
 facet normal  8.671664e-01 -4.980186e-01  0.000000e+00
   outer loop
     vertex -1.436705e+02 -7.995848e+01  2.200000e+01
     vertex -1.436705e+02 -7.995848e+01  1.400000e+01
     vertex -1.436131e+02 -7.985856e+01  1.400000e+01
   endloop
 endfacet
 facet normal  8.671664e-01 -4.980186e-01  0.000000e+00
   outer loop
     vertex -1.436705e+02 -7.995848e+01  2.200000e+01
     vertex -1.436131e+02 -7.985856e+01  1.400000e+01
     vertex -1.436131e+02 -7.985856e+01  2.200000e+01
   endloop
 endfacet
 facet normal  8.805026e-01 -4.740412e-01  0.000000e+00
   outer loop
     vertex -1.437251e+02 -8.005995e+01  2.200000e+01
     vertex -1.437251e+02 -8.005995e+01  1.400000e+01
     vertex -1.436705e+02 -7.995848e+01  1.400000e+01
   endloop
 endfacet
 facet normal  8.805026e-01 -4.740412e-01  0.000000e+00
   outer loop
     vertex -1.437251e+02 -8.005995e+01  2.200000e+01
     vertex -1.436705e+02 -7.995848e+01  1.400000e+01
     vertex -1.436705e+02 -7.995848e+01  2.200000e+01
   endloop
 endfacet
 facet normal  8.931761e-01 -4.497071e-01  0.000000e+00
   outer loop
     vertex -1.437769e+02 -8.016287e+01  2.200000e+01
     vertex -1.437769e+02 -8.016287e+01  1.400000e+01
     vertex -1.437251e+02 -8.005995e+01  1.400000e+01
   endloop
 endfacet
 facet normal  9.051772e-01 -4.250344e-01  0.000000e+00
   outer loop
     vertex -1.437769e+02 -8.016287e+01  2.200000e+01
     vertex -1.438259e+02 -8.026718e+01  1.400000e+01
     vertex -1.437769e+02 -8.016287e+01  1.400000e+01
   endloop
 endfacet
 facet normal  8.931761e-01 -4.497071e-01  0.000000e+00
   outer loop
     vertex -1.437769e+02 -8.016287e+01  2.200000e+01
     vertex -1.437251e+02 -8.005995e+01  1.400000e+01
     vertex -1.437251e+02 -8.005995e+01  2.200000e+01
   endloop
 endfacet
 facet normal  9.051772e-01 -4.250344e-01  0.000000e+00
   outer loop
     vertex -1.438259e+02 -8.026718e+01  2.200000e+01
     vertex -1.438259e+02 -8.026718e+01  1.400000e+01
     vertex -1.437769e+02 -8.016287e+01  2.200000e+01
   endloop
 endfacet
 facet normal  9.164969e-01 -4.000417e-01  0.000000e+00
   outer loop
     vertex -1.438720e+02 -8.037279e+01  2.200000e+01
     vertex -1.438720e+02 -8.037279e+01  1.400000e+01
     vertex -1.438259e+02 -8.026718e+01  1.400000e+01
   endloop
 endfacet
 facet normal  9.271267e-01 -3.747479e-01  0.000000e+00
   outer loop
     vertex -1.438720e+02 -8.037279e+01  2.200000e+01
     vertex -1.439152e+02 -8.047963e+01  1.400000e+01
     vertex -1.438720e+02 -8.037279e+01  1.400000e+01
   endloop
 endfacet
 facet normal  9.164969e-01 -4.000417e-01  0.000000e+00
   outer loop
     vertex -1.438720e+02 -8.037279e+01  2.200000e+01
     vertex -1.438259e+02 -8.026718e+01  1.400000e+01
     vertex -1.438259e+02 -8.026718e+01  2.200000e+01
   endloop
 endfacet
 facet normal  9.271267e-01 -3.747479e-01  0.000000e+00
   outer loop
     vertex -1.439152e+02 -8.047963e+01  2.200000e+01
     vertex -1.439152e+02 -8.047963e+01  1.400000e+01
     vertex -1.438720e+02 -8.037279e+01  2.200000e+01
   endloop
 endfacet
 facet normal  9.370586e-01 -3.491720e-01  0.000000e+00
   outer loop
     vertex -1.439554e+02 -8.058761e+01  2.200000e+01
     vertex -1.439554e+02 -8.058761e+01  1.400000e+01
     vertex -1.439152e+02 -8.047963e+01  1.400000e+01
   endloop
 endfacet
 facet normal  9.370586e-01 -3.491720e-01  0.000000e+00
   outer loop
     vertex -1.439554e+02 -8.058761e+01  2.200000e+01
     vertex -1.439152e+02 -8.047963e+01  1.400000e+01
     vertex -1.439152e+02 -8.047963e+01  2.200000e+01
   endloop
 endfacet
 facet normal  9.462851e-01 -3.233333e-01  0.000000e+00
   outer loop
     vertex -1.439927e+02 -8.069665e+01  2.200000e+01
     vertex -1.439927e+02 -8.069665e+01  1.400000e+01
     vertex -1.439554e+02 -8.058761e+01  1.400000e+01
   endloop
 endfacet
 facet normal  9.462851e-01 -3.233333e-01  0.000000e+00
   outer loop
     vertex -1.439927e+02 -8.069665e+01  2.200000e+01
     vertex -1.439554e+02 -8.058761e+01  1.400000e+01
     vertex -1.439554e+02 -8.058761e+01  2.200000e+01
   endloop
 endfacet
 facet normal  9.547993e-01 -2.972512e-01  0.000000e+00
   outer loop
     vertex -1.440269e+02 -8.080668e+01  2.200000e+01
     vertex -1.440269e+02 -8.080668e+01  1.400000e+01
     vertex -1.439927e+02 -8.069665e+01  1.400000e+01
   endloop
 endfacet
 facet normal  9.625948e-01 -2.709453e-01  0.000000e+00
   outer loop
     vertex -1.440269e+02 -8.080668e+01  2.200000e+01
     vertex -1.440581e+02 -8.091760e+01  1.400000e+01
     vertex -1.440269e+02 -8.080668e+01  1.400000e+01
   endloop
 endfacet
 facet normal  9.547993e-01 -2.972512e-01  0.000000e+00
   outer loop
     vertex -1.440269e+02 -8.080668e+01  2.200000e+01
     vertex -1.439927e+02 -8.069665e+01  1.400000e+01
     vertex -1.439927e+02 -8.069665e+01  2.200000e+01
   endloop
 endfacet
 facet normal  9.625948e-01 -2.709453e-01  0.000000e+00
   outer loop
     vertex -1.440581e+02 -8.091760e+01  2.200000e+01
     vertex -1.440581e+02 -8.091760e+01  1.400000e+01
     vertex -1.440269e+02 -8.080668e+01  2.200000e+01
   endloop
 endfacet
 facet normal  9.696656e-01 -2.444354e-01  0.000000e+00
   outer loop
     vertex -1.440863e+02 -8.102934e+01  2.200000e+01
     vertex -1.440863e+02 -8.102934e+01  1.400000e+01
     vertex -1.440581e+02 -8.091760e+01  1.400000e+01
   endloop
 endfacet
 facet normal  9.696656e-01 -2.444354e-01  0.000000e+00
   outer loop
     vertex -1.440863e+02 -8.102934e+01  2.200000e+01
     vertex -1.440581e+02 -8.091760e+01  1.400000e+01
     vertex -1.440581e+02 -8.091760e+01  2.200000e+01
   endloop
 endfacet
 facet normal  9.760065e-01 -2.177416e-01  0.000000e+00
   outer loop
     vertex -1.441114e+02 -8.114181e+01  2.200000e+01
     vertex -1.441114e+02 -8.114181e+01  1.400000e+01
     vertex -1.440863e+02 -8.102934e+01  1.400000e+01
   endloop
 endfacet
 facet normal  9.760065e-01 -2.177416e-01  0.000000e+00
   outer loop
     vertex -1.441114e+02 -8.114181e+01  2.200000e+01
     vertex -1.440863e+02 -8.102934e+01  1.400000e+01
     vertex -1.440863e+02 -8.102934e+01  2.200000e+01
   endloop
 endfacet
 facet normal  9.816126e-01 -1.908838e-01  0.000000e+00
   outer loop
     vertex -1.441334e+02 -8.125492e+01  2.200000e+01
     vertex -1.441334e+02 -8.125492e+01  1.400000e+01
     vertex -1.441114e+02 -8.114181e+01  1.400000e+01
   endloop
 endfacet
 facet normal  9.864799e-01 -1.638824e-01  0.000000e+00
   outer loop
     vertex -1.441334e+02 -8.125492e+01  2.200000e+01
     vertex -1.441523e+02 -8.136860e+01  1.400000e+01
     vertex -1.441334e+02 -8.125492e+01  1.400000e+01
   endloop
 endfacet
 facet normal  9.816126e-01 -1.908838e-01  0.000000e+00
   outer loop
     vertex -1.441334e+02 -8.125492e+01  2.200000e+01
     vertex -1.441114e+02 -8.114181e+01  1.400000e+01
     vertex -1.441114e+02 -8.114181e+01  2.200000e+01
   endloop
 endfacet
 facet normal  9.906046e-01 -1.367575e-01  0.000000e+00
   outer loop
     vertex -1.441523e+02 -8.136860e+01  2.200000e+01
     vertex -1.441680e+02 -8.148275e+01  1.400000e+01
     vertex -1.441523e+02 -8.136860e+01  1.400000e+01
   endloop
 endfacet
 facet normal  9.864799e-01 -1.638824e-01  0.000000e+00
   outer loop
     vertex -1.441523e+02 -8.136860e+01  2.200000e+01
     vertex -1.441523e+02 -8.136860e+01  1.400000e+01
     vertex -1.441334e+02 -8.125492e+01  2.200000e+01
   endloop
 endfacet
 facet normal  9.906046e-01 -1.367575e-01  0.000000e+00
   outer loop
     vertex -1.441680e+02 -8.148275e+01  2.200000e+01
     vertex -1.441680e+02 -8.148275e+01  1.400000e+01
     vertex -1.441523e+02 -8.136860e+01  2.200000e+01
   endloop
 endfacet
 facet normal  9.939835e-01 -1.095298e-01  0.000000e+00
   outer loop
     vertex -1.441806e+02 -8.159729e+01  2.200000e+01
     vertex -1.441680e+02 -8.148275e+01  1.400000e+01
     vertex -1.441680e+02 -8.148275e+01  2.200000e+01
   endloop
 endfacet
 facet normal  9.939835e-01 -1.095298e-01  0.000000e+00
   outer loop
     vertex -1.441806e+02 -8.159729e+01  2.200000e+01
     vertex -1.441806e+02 -8.159729e+01  1.400000e+01
     vertex -1.441680e+02 -8.148275e+01  1.400000e+01
   endloop
 endfacet
 facet normal  9.966142e-01 -8.221955e-02  0.000000e+00
   outer loop
     vertex -1.441901e+02 -8.171213e+01  2.200000e+01
     vertex -1.441806e+02 -8.159729e+01  1.400000e+01
     vertex -1.441806e+02 -8.159729e+01  2.200000e+01
   endloop
 endfacet
 facet normal  9.966142e-01 -8.221955e-02  0.000000e+00
   outer loop
     vertex -1.441901e+02 -8.171213e+01  2.200000e+01
     vertex -1.441901e+02 -8.171213e+01  1.400000e+01
     vertex -1.441806e+02 -8.159729e+01  1.400000e+01
   endloop
 endfacet
 facet normal  9.984947e-01 -5.484744e-02  0.000000e+00
   outer loop
     vertex -1.441901e+02 -8.171213e+01  2.200000e+01
     vertex -1.441964e+02 -8.182719e+01  1.400000e+01
     vertex -1.441901e+02 -8.171213e+01  1.400000e+01
   endloop
 endfacet
 facet normal  9.984947e-01 -5.484744e-02  0.000000e+00
   outer loop
     vertex -1.441964e+02 -8.182719e+01  2.200000e+01
     vertex -1.441964e+02 -8.182719e+01  1.400000e+01
     vertex -1.441901e+02 -8.171213e+01  2.200000e+01
   endloop
 endfacet
 facet normal  9.996236e-01 -2.743405e-02  0.000000e+00
   outer loop
     vertex -1.441964e+02 -8.182719e+01  2.200000e+01
     vertex -1.441996e+02 -8.194238e+01  1.400000e+01
     vertex -1.441964e+02 -8.182719e+01  1.400000e+01
   endloop
 endfacet
 facet normal  9.996236e-01 -2.743405e-02  0.000000e+00
   outer loop
     vertex -1.441996e+02 -8.194238e+01  2.200000e+01
     vertex -1.441996e+02 -8.194238e+01  1.400000e+01
     vertex -1.441964e+02 -8.182719e+01  2.200000e+01
   endloop
 endfacet
 facet normal  1.000000e+00 -0.000000e+00  0.000000e+00
   outer loop
     vertex -1.441996e+02 -8.205762e+01  2.200000e+01
     vertex -1.441996e+02 -8.194238e+01  1.400000e+01
     vertex -1.441996e+02 -8.194238e+01  2.200000e+01
   endloop
 endfacet
 facet normal  1.000000e+00  0.000000e+00  0.000000e+00
   outer loop
     vertex -1.441996e+02 -8.205762e+01  2.200000e+01
     vertex -1.441996e+02 -8.205762e+01  1.400000e+01
     vertex -1.441996e+02 -8.194238e+01  1.400000e+01
   endloop
 endfacet
 facet normal  9.996236e-01  2.743405e-02  0.000000e+00
   outer loop
     vertex -1.441996e+02 -8.205762e+01  2.200000e+01
     vertex -1.441964e+02 -8.217281e+01  1.400000e+01
     vertex -1.441996e+02 -8.205762e+01  1.400000e+01
   endloop
 endfacet
 facet normal  9.996236e-01  2.743405e-02  0.000000e+00
   outer loop
     vertex -1.441964e+02 -8.217281e+01  2.200000e+01
     vertex -1.441964e+02 -8.217281e+01  1.400000e+01
     vertex -1.441996e+02 -8.205762e+01  2.200000e+01
   endloop
 endfacet
 facet normal  9.984947e-01  5.484744e-02  0.000000e+00
   outer loop
     vertex -1.441901e+02 -8.228787e+01  2.200000e+01
     vertex -1.441964e+02 -8.217281e+01  1.400000e+01
     vertex -1.441964e+02 -8.217281e+01  2.200000e+01
   endloop
 endfacet
 facet normal  9.984947e-01  5.484744e-02  0.000000e+00
   outer loop
     vertex -1.441901e+02 -8.228787e+01  2.200000e+01
     vertex -1.441901e+02 -8.228787e+01  1.400000e+01
     vertex -1.441964e+02 -8.217281e+01  1.400000e+01
   endloop
 endfacet
 facet normal  9.966142e-01  8.221955e-02  0.000000e+00
   outer loop
     vertex -1.441901e+02 -8.228787e+01  2.200000e+01
     vertex -1.441806e+02 -8.240271e+01  1.400000e+01
     vertex -1.441901e+02 -8.228787e+01  1.400000e+01
   endloop
 endfacet
 facet normal  9.966142e-01  8.221955e-02  0.000000e+00
   outer loop
     vertex -1.441806e+02 -8.240271e+01  2.200000e+01
     vertex -1.441806e+02 -8.240271e+01  1.400000e+01
     vertex -1.441901e+02 -8.228787e+01  2.200000e+01
   endloop
 endfacet
 facet normal  9.939835e-01  1.095298e-01  0.000000e+00
   outer loop
     vertex -1.441806e+02 -8.240271e+01  2.200000e+01
     vertex -1.441680e+02 -8.251725e+01  1.400000e+01
     vertex -1.441806e+02 -8.240271e+01  1.400000e+01
   endloop
 endfacet
 facet normal  9.939835e-01  1.095298e-01  0.000000e+00
   outer loop
     vertex -1.441680e+02 -8.251725e+01  2.200000e+01
     vertex -1.441680e+02 -8.251725e+01  1.400000e+01
     vertex -1.441806e+02 -8.240271e+01  2.200000e+01
   endloop
 endfacet
 facet normal  9.906046e-01  1.367575e-01  0.000000e+00
   outer loop
     vertex -1.441523e+02 -8.263140e+01  2.200000e+01
     vertex -1.441680e+02 -8.251725e+01  1.400000e+01
     vertex -1.441680e+02 -8.251725e+01  2.200000e+01
   endloop
 endfacet
 facet normal  9.906046e-01  1.367575e-01  0.000000e+00
   outer loop
     vertex -1.441523e+02 -8.263140e+01  2.200000e+01
     vertex -1.441523e+02 -8.263140e+01  1.400000e+01
     vertex -1.441680e+02 -8.251725e+01  1.400000e+01
   endloop
 endfacet
 facet normal  9.864799e-01  1.638824e-01  0.000000e+00
   outer loop
     vertex -1.441334e+02 -8.274508e+01  2.200000e+01
     vertex -1.441523e+02 -8.263140e+01  1.400000e+01
     vertex -1.441523e+02 -8.263140e+01  2.200000e+01
   endloop
 endfacet
 facet normal  9.864799e-01  1.638824e-01  0.000000e+00
   outer loop
     vertex -1.441334e+02 -8.274508e+01  2.200000e+01
     vertex -1.441334e+02 -8.274508e+01  1.400000e+01
     vertex -1.441523e+02 -8.263140e+01  1.400000e+01
   endloop
 endfacet
 facet normal  9.816126e-01  1.908838e-01  0.000000e+00
   outer loop
     vertex -1.441334e+02 -8.274508e+01  2.200000e+01
     vertex -1.441114e+02 -8.285819e+01  1.400000e+01
     vertex -1.441334e+02 -8.274508e+01  1.400000e+01
   endloop
 endfacet
 facet normal  9.816126e-01  1.908838e-01  0.000000e+00
   outer loop
     vertex -1.441114e+02 -8.285819e+01  2.200000e+01
     vertex -1.441114e+02 -8.285819e+01  1.400000e+01
     vertex -1.441334e+02 -8.274508e+01  2.200000e+01
   endloop
 endfacet
 facet normal  9.760065e-01  2.177416e-01  0.000000e+00
   outer loop
     vertex -1.440863e+02 -8.297066e+01  2.200000e+01
     vertex -1.440863e+02 -8.297066e+01  1.400000e+01
     vertex -1.441114e+02 -8.285819e+01  1.400000e+01
   endloop
 endfacet
 facet normal  9.760065e-01  2.177416e-01  0.000000e+00
   outer loop
     vertex -1.440863e+02 -8.297066e+01  2.200000e+01
     vertex -1.441114e+02 -8.285819e+01  1.400000e+01
     vertex -1.441114e+02 -8.285819e+01  2.200000e+01
   endloop
 endfacet
 facet normal  9.696656e-01  2.444354e-01  0.000000e+00
   outer loop
     vertex -1.440581e+02 -8.308240e+01  2.200000e+01
     vertex -1.440581e+02 -8.308240e+01  1.400000e+01
     vertex -1.440863e+02 -8.297066e+01  1.400000e+01
   endloop
 endfacet
 facet normal  9.625948e-01  2.709453e-01  0.000000e+00
   outer loop
     vertex -1.440581e+02 -8.308240e+01  2.200000e+01
     vertex -1.440269e+02 -8.319332e+01  1.400000e+01
     vertex -1.440581e+02 -8.308240e+01  1.400000e+01
   endloop
 endfacet
 facet normal  9.696656e-01  2.444354e-01  0.000000e+00
   outer loop
     vertex -1.440581e+02 -8.308240e+01  2.200000e+01
     vertex -1.440863e+02 -8.297066e+01  1.400000e+01
     vertex -1.440863e+02 -8.297066e+01  2.200000e+01
   endloop
 endfacet
 facet normal  9.625948e-01  2.709453e-01  0.000000e+00
   outer loop
     vertex -1.440269e+02 -8.319332e+01  2.200000e+01
     vertex -1.440269e+02 -8.319332e+01  1.400000e+01
     vertex -1.440581e+02 -8.308240e+01  2.200000e+01
   endloop
 endfacet
 facet normal  9.547993e-01  2.972512e-01  0.000000e+00
   outer loop
     vertex -1.439927e+02 -8.330335e+01  2.200000e+01
     vertex -1.439927e+02 -8.330335e+01  1.400000e+01
     vertex -1.440269e+02 -8.319332e+01  1.400000e+01
   endloop
 endfacet
 facet normal  9.547993e-01  2.972512e-01  0.000000e+00
   outer loop
     vertex -1.439927e+02 -8.330335e+01  2.200000e+01
     vertex -1.440269e+02 -8.319332e+01  1.400000e+01
     vertex -1.440269e+02 -8.319332e+01  2.200000e+01
   endloop
 endfacet
 facet normal  9.462851e-01  3.233333e-01  0.000000e+00
   outer loop
     vertex -1.439554e+02 -8.341239e+01  2.200000e+01
     vertex -1.439554e+02 -8.341239e+01  1.400000e+01
     vertex -1.439927e+02 -8.330335e+01  1.400000e+01
   endloop
 endfacet
 facet normal  9.462851e-01  3.233333e-01  0.000000e+00
   outer loop
     vertex -1.439554e+02 -8.341239e+01  2.200000e+01
     vertex -1.439927e+02 -8.330335e+01  1.400000e+01
     vertex -1.439927e+02 -8.330335e+01  2.200000e+01
   endloop
 endfacet
 facet normal  9.370586e-01  3.491720e-01  0.000000e+00
   outer loop
     vertex -1.439152e+02 -8.352037e+01  2.200000e+01
     vertex -1.439152e+02 -8.352037e+01  1.400000e+01
     vertex -1.439554e+02 -8.341239e+01  1.400000e+01
   endloop
 endfacet
 facet normal  9.271267e-01  3.747479e-01  0.000000e+00
   outer loop
     vertex -1.439152e+02 -8.352037e+01  2.200000e+01
     vertex -1.438720e+02 -8.362721e+01  1.400000e+01
     vertex -1.439152e+02 -8.352037e+01  1.400000e+01
   endloop
 endfacet
 facet normal  9.370586e-01  3.491720e-01  0.000000e+00
   outer loop
     vertex -1.439152e+02 -8.352037e+01  2.200000e+01
     vertex -1.439554e+02 -8.341239e+01  1.400000e+01
     vertex -1.439554e+02 -8.341239e+01  2.200000e+01
   endloop
 endfacet
 facet normal  9.271267e-01  3.747479e-01  0.000000e+00
   outer loop
     vertex -1.438720e+02 -8.362721e+01  2.200000e+01
     vertex -1.438720e+02 -8.362721e+01  1.400000e+01
     vertex -1.439152e+02 -8.352037e+01  2.200000e+01
   endloop
 endfacet
 facet normal  9.164969e-01  4.000417e-01  0.000000e+00
   outer loop
     vertex -1.438259e+02 -8.373282e+01  2.200000e+01
     vertex -1.438259e+02 -8.373282e+01  1.400000e+01
     vertex -1.438720e+02 -8.362721e+01  1.400000e+01
   endloop
 endfacet
 facet normal  9.164969e-01  4.000417e-01  0.000000e+00
   outer loop
     vertex -1.438259e+02 -8.373282e+01  2.200000e+01
     vertex -1.438720e+02 -8.362721e+01  1.400000e+01
     vertex -1.438720e+02 -8.362721e+01  2.200000e+01
   endloop
 endfacet
 facet normal  9.051772e-01  4.250344e-01  0.000000e+00
   outer loop
     vertex -1.437769e+02 -8.383713e+01  2.200000e+01
     vertex -1.437769e+02 -8.383713e+01  1.400000e+01
     vertex -1.438259e+02 -8.373282e+01  1.400000e+01
   endloop
 endfacet
 facet normal  9.051772e-01  4.250344e-01  0.000000e+00
   outer loop
     vertex -1.437769e+02 -8.383713e+01  2.200000e+01
     vertex -1.438259e+02 -8.373282e+01  1.400000e+01
     vertex -1.438259e+02 -8.373282e+01  2.200000e+01
   endloop
 endfacet
 facet normal  8.931761e-01  4.497071e-01  0.000000e+00
   outer loop
     vertex -1.437251e+02 -8.394005e+01  2.200000e+01
     vertex -1.437251e+02 -8.394005e+01  1.400000e+01
     vertex -1.437769e+02 -8.383713e+01  1.400000e+01
   endloop
 endfacet
 facet normal  8.805026e-01  4.740412e-01  0.000000e+00
   outer loop
     vertex -1.437251e+02 -8.394005e+01  2.200000e+01
     vertex -1.436705e+02 -8.404152e+01  1.400000e+01
     vertex -1.437251e+02 -8.394005e+01  1.400000e+01
   endloop
 endfacet
 facet normal  8.931761e-01  4.497071e-01  0.000000e+00
   outer loop
     vertex -1.437251e+02 -8.394005e+01  2.200000e+01
     vertex -1.437769e+02 -8.383713e+01  1.400000e+01
     vertex -1.437769e+02 -8.383713e+01  2.200000e+01
   endloop
 endfacet
 facet normal  8.671664e-01  4.980186e-01  0.000000e+00
   outer loop
     vertex -1.436705e+02 -8.404152e+01  2.200000e+01
     vertex -1.436131e+02 -8.414144e+01  1.400000e+01
     vertex -1.436705e+02 -8.404152e+01  1.400000e+01
   endloop
 endfacet
 facet normal  8.805026e-01  4.740412e-01  0.000000e+00
   outer loop
     vertex -1.436705e+02 -8.404152e+01  2.200000e+01
     vertex -1.436705e+02 -8.404152e+01  1.400000e+01
     vertex -1.437251e+02 -8.394005e+01  2.200000e+01
   endloop
 endfacet
 facet normal  8.671664e-01  4.980186e-01  0.000000e+00
   outer loop
     vertex -1.436131e+02 -8.414144e+01  2.200000e+01
     vertex -1.436131e+02 -8.414144e+01  1.400000e+01
     vertex -1.436705e+02 -8.404152e+01  2.200000e+01
   endloop
 endfacet
 facet normal  8.531773e-01  5.216210e-01  0.000000e+00
   outer loop
     vertex -1.435530e+02 -8.423976e+01  2.200000e+01
     vertex -1.435530e+02 -8.423976e+01  1.400000e+01
     vertex -1.436131e+02 -8.414144e+01  1.400000e+01
   endloop
 endfacet
 facet normal  8.385460e-01  5.448308e-01  0.000000e+00
   outer loop
     vertex -1.435530e+02 -8.423976e+01  2.200000e+01
     vertex -1.434902e+02 -8.433639e+01  1.400000e+01
     vertex -1.435530e+02 -8.423976e+01  1.400000e+01
   endloop
 endfacet
 facet normal  8.531773e-01  5.216210e-01  0.000000e+00
   outer loop
     vertex -1.435530e+02 -8.423976e+01  2.200000e+01
     vertex -1.436131e+02 -8.414144e+01  1.400000e+01
     vertex -1.436131e+02 -8.414144e+01  2.200000e+01
   endloop
 endfacet
 facet normal  8.385460e-01  5.448308e-01  0.000000e+00
   outer loop
     vertex -1.434902e+02 -8.433639e+01  2.200000e+01
     vertex -1.434902e+02 -8.433639e+01  1.400000e+01
     vertex -1.435530e+02 -8.423976e+01  2.200000e+01
   endloop
 endfacet
 facet normal  8.232835e-01  5.676304e-01  0.000000e+00
   outer loop
     vertex -1.434248e+02 -8.443126e+01  2.200000e+01
     vertex -1.434902e+02 -8.433639e+01  1.400000e+01
     vertex -1.434902e+02 -8.433639e+01  2.200000e+01
   endloop
 endfacet
 facet normal  8.232835e-01  5.676304e-01  0.000000e+00
   outer loop
     vertex -1.434248e+02 -8.443126e+01  2.200000e+01
     vertex -1.434248e+02 -8.443126e+01  1.400000e+01
     vertex -1.434902e+02 -8.433639e+01  1.400000e+01
   endloop
 endfacet
 facet normal  8.074012e-01  5.900028e-01  0.000000e+00
   outer loop
     vertex -1.434248e+02 -8.443126e+01  2.200000e+01
     vertex -1.433568e+02 -8.452430e+01  1.400000e+01
     vertex -1.434248e+02 -8.443126e+01  1.400000e+01
   endloop
 endfacet
 facet normal  8.074012e-01  5.900028e-01  0.000000e+00
   outer loop
     vertex -1.433568e+02 -8.452430e+01  2.200000e+01
     vertex -1.433568e+02 -8.452430e+01  1.400000e+01
     vertex -1.434248e+02 -8.443126e+01  2.200000e+01
   endloop
 endfacet
 facet normal  7.909112e-01  6.119310e-01  0.000000e+00
   outer loop
     vertex -1.432863e+02 -8.461544e+01  2.200000e+01
     vertex -1.433568e+02 -8.452430e+01  1.400000e+01
     vertex -1.433568e+02 -8.452430e+01  2.200000e+01
   endloop
 endfacet
 facet normal  7.909112e-01  6.119310e-01  0.000000e+00
   outer loop
     vertex -1.432863e+02 -8.461544e+01  2.200000e+01
     vertex -1.432863e+02 -8.461544e+01  1.400000e+01
     vertex -1.433568e+02 -8.452430e+01  1.400000e+01
   endloop
 endfacet
 facet normal  7.738257e-01  6.333986e-01  0.000000e+00
   outer loop
     vertex -1.432863e+02 -8.461544e+01  2.200000e+01
     vertex -1.432133e+02 -8.470461e+01  1.400000e+01
     vertex -1.432863e+02 -8.461544e+01  1.400000e+01
   endloop
 endfacet
 facet normal  7.738257e-01  6.333986e-01  0.000000e+00
   outer loop
     vertex -1.432133e+02 -8.470461e+01  2.200000e+01
     vertex -1.432133e+02 -8.470461e+01  1.400000e+01
     vertex -1.432863e+02 -8.461544e+01  2.200000e+01
   endloop
 endfacet
 facet normal  7.561578e-01  6.543893e-01  0.000000e+00
   outer loop
     vertex -1.431379e+02 -8.479174e+01  2.200000e+01
     vertex -1.432133e+02 -8.470461e+01  1.400000e+01
     vertex -1.432133e+02 -8.470461e+01  2.200000e+01
   endloop
 endfacet
 facet normal  7.561578e-01  6.543893e-01  0.000000e+00
   outer loop
     vertex -1.431379e+02 -8.479174e+01  2.200000e+01
     vertex -1.431379e+02 -8.479174e+01  1.400000e+01
     vertex -1.432133e+02 -8.470461e+01  1.400000e+01
   endloop
 endfacet
 facet normal  7.379206e-01  6.748875e-01  0.000000e+00
   outer loop
     vertex -1.430601e+02 -8.487678e+01  2.200000e+01
     vertex -1.431379e+02 -8.479174e+01  1.400000e+01
     vertex -1.431379e+02 -8.479174e+01  2.200000e+01
   endloop
 endfacet
 facet normal  7.379206e-01  6.748875e-01  0.000000e+00
   outer loop
     vertex -1.430601e+02 -8.487678e+01  2.200000e+01
     vertex -1.430601e+02 -8.487678e+01  1.400000e+01
     vertex -1.431379e+02 -8.479174e+01  1.400000e+01
   endloop
 endfacet
 facet normal  7.191280e-01  6.948776e-01  0.000000e+00
   outer loop
     vertex -1.429800e+02 -8.495965e+01  2.200000e+01
     vertex -1.430601e+02 -8.487678e+01  1.400000e+01
     vertex -1.430601e+02 -8.487678e+01  2.200000e+01
   endloop
 endfacet
 facet normal  7.191280e-01  6.948776e-01  0.000000e+00
   outer loop
     vertex -1.429800e+02 -8.495965e+01  2.200000e+01
     vertex -1.429800e+02 -8.495965e+01  1.400000e+01
     vertex -1.430601e+02 -8.487678e+01  1.400000e+01
   endloop
 endfacet
 facet normal  6.997940e-01  7.143447e-01  0.000000e+00
   outer loop
     vertex -1.428977e+02 -8.504029e+01  2.200000e+01
     vertex -1.429800e+02 -8.495965e+01  1.400000e+01
     vertex -1.429800e+02 -8.495965e+01  2.200000e+01
   endloop
 endfacet
 facet normal  6.997940e-01  7.143447e-01  0.000000e+00
   outer loop
     vertex -1.428977e+02 -8.504029e+01  2.200000e+01
     vertex -1.428977e+02 -8.504029e+01  1.400000e+01
     vertex -1.429800e+02 -8.495965e+01  1.400000e+01
   endloop
 endfacet
 facet normal  6.799333e-01  7.332740e-01  0.000000e+00
   outer loop
     vertex -1.428977e+02 -8.504029e+01  2.200000e+01
     vertex -1.428132e+02 -8.511864e+01  1.400000e+01
     vertex -1.428977e+02 -8.504029e+01  1.400000e+01
   endloop
 endfacet
 facet normal  6.799333e-01  7.332740e-01  0.000000e+00
   outer loop
     vertex -1.428132e+02 -8.511864e+01  2.200000e+01
     vertex -1.428132e+02 -8.511864e+01  1.400000e+01
     vertex -1.428977e+02 -8.504029e+01  2.200000e+01
   endloop
 endfacet
 facet normal  6.595607e-01  7.516513e-01  0.000000e+00
   outer loop
     vertex -1.428132e+02 -8.511864e+01  2.200000e+01
     vertex -1.427266e+02 -8.519464e+01  1.400000e+01
     vertex -1.428132e+02 -8.511864e+01  1.400000e+01
   endloop
 endfacet
 facet normal  6.595607e-01  7.516513e-01  0.000000e+00
   outer loop
     vertex -1.427266e+02 -8.519464e+01  2.200000e+01
     vertex -1.427266e+02 -8.519464e+01  1.400000e+01
     vertex -1.428132e+02 -8.511864e+01  2.200000e+01
   endloop
 endfacet
 facet normal  6.386916e-01  7.694628e-01  0.000000e+00
   outer loop
     vertex -1.426379e+02 -8.526824e+01  2.200000e+01
     vertex -1.427266e+02 -8.519464e+01  1.400000e+01
     vertex -1.427266e+02 -8.519464e+01  2.200000e+01
   endloop
 endfacet
 facet normal  6.386916e-01  7.694628e-01  0.000000e+00
   outer loop
     vertex -1.426379e+02 -8.526824e+01  2.200000e+01
     vertex -1.426379e+02 -8.526824e+01  1.400000e+01
     vertex -1.427266e+02 -8.519464e+01  1.400000e+01
   endloop
 endfacet
 facet normal  6.173417e-01  7.866951e-01  0.000000e+00
   outer loop
     vertex -1.425473e+02 -8.533938e+01  2.200000e+01
     vertex -1.426379e+02 -8.526824e+01  1.400000e+01
     vertex -1.426379e+02 -8.526824e+01  2.200000e+01
   endloop
 endfacet
 facet normal  6.173417e-01  7.866951e-01  0.000000e+00
   outer loop
     vertex -1.425473e+02 -8.533938e+01  2.200000e+01
     vertex -1.425473e+02 -8.533938e+01  1.400000e+01
     vertex -1.426379e+02 -8.526824e+01  1.400000e+01
   endloop
 endfacet
 facet normal  5.955271e-01  8.033352e-01  0.000000e+00
   outer loop
     vertex -1.424547e+02 -8.540800e+01  2.200000e+01
     vertex -1.425473e+02 -8.533938e+01  1.400000e+01
     vertex -1.425473e+02 -8.533938e+01  2.200000e+01
   endloop
 endfacet
 facet normal  5.955271e-01  8.033352e-01  0.000000e+00
   outer loop
     vertex -1.424547e+02 -8.540800e+01  2.200000e+01
     vertex -1.424547e+02 -8.540800e+01  1.400000e+01
     vertex -1.425473e+02 -8.533938e+01  1.400000e+01
   endloop
 endfacet
 facet normal  5.732642e-01  8.193706e-01  0.000000e+00
   outer loop
     vertex -1.423603e+02 -8.547406e+01  2.200000e+01
     vertex -1.424547e+02 -8.540800e+01  1.400000e+01
     vertex -1.424547e+02 -8.540800e+01  2.200000e+01
   endloop
 endfacet
 facet normal  5.732642e-01  8.193706e-01  0.000000e+00
   outer loop
     vertex -1.423603e+02 -8.547406e+01  2.200000e+01
     vertex -1.423603e+02 -8.547406e+01  1.400000e+01
     vertex -1.424547e+02 -8.540800e+01  1.400000e+01
   endloop
 endfacet
 facet normal  5.505698e-01  8.347891e-01  0.000000e+00
   outer loop
     vertex -1.422641e+02 -8.553751e+01  2.200000e+01
     vertex -1.423603e+02 -8.547406e+01  1.400000e+01
     vertex -1.423603e+02 -8.547406e+01  2.200000e+01
   endloop
 endfacet
 facet normal  5.505698e-01  8.347891e-01  0.000000e+00
   outer loop
     vertex -1.422641e+02 -8.553751e+01  2.200000e+01
     vertex -1.422641e+02 -8.553751e+01  1.400000e+01
     vertex -1.423603e+02 -8.547406e+01  1.400000e+01
   endloop
 endfacet
 facet normal  5.274609e-01  8.495793e-01  0.000000e+00
   outer loop
     vertex -1.422641e+02 -8.553751e+01  2.200000e+01
     vertex -1.421662e+02 -8.559829e+01  1.400000e+01
     vertex -1.422641e+02 -8.553751e+01  1.400000e+01
   endloop
 endfacet
 facet normal  5.274609e-01  8.495793e-01  0.000000e+00
   outer loop
     vertex -1.421662e+02 -8.559829e+01  2.200000e+01
     vertex -1.421662e+02 -8.559829e+01  1.400000e+01
     vertex -1.422641e+02 -8.553751e+01  2.200000e+01
   endloop
 endfacet
 facet normal  5.039550e-01  8.637299e-01  0.000000e+00
   outer loop
     vertex -1.420666e+02 -8.565636e+01  2.200000e+01
     vertex -1.421662e+02 -8.559829e+01  1.400000e+01
     vertex -1.421662e+02 -8.559829e+01  2.200000e+01
   endloop
 endfacet
 facet normal  5.039550e-01  8.637299e-01  0.000000e+00
   outer loop
     vertex -1.420666e+02 -8.565636e+01  2.200000e+01
     vertex -1.420666e+02 -8.565636e+01  1.400000e+01
     vertex -1.421662e+02 -8.559829e+01  1.400000e+01
   endloop
 endfacet
 facet normal  4.800697e-01  8.772303e-01  0.000000e+00
   outer loop
     vertex -1.419656e+02 -8.571168e+01  2.200000e+01
     vertex -1.420666e+02 -8.565636e+01  1.400000e+01
     vertex -1.420666e+02 -8.565636e+01  2.200000e+01
   endloop
 endfacet
 facet normal  4.800697e-01  8.772303e-01  0.000000e+00
   outer loop
     vertex -1.419656e+02 -8.571168e+01  2.200000e+01
     vertex -1.419656e+02 -8.571168e+01  1.400000e+01
     vertex -1.420666e+02 -8.565636e+01  1.400000e+01
   endloop
 endfacet
 facet normal  4.558231e-01  8.900704e-01  0.000000e+00
   outer loop
     vertex -1.418630e+02 -8.576421e+01  2.200000e+01
     vertex -1.419656e+02 -8.571168e+01  1.400000e+01
     vertex -1.419656e+02 -8.571168e+01  2.200000e+01
   endloop
 endfacet
 facet normal  4.558231e-01  8.900704e-01  0.000000e+00
   outer loop
     vertex -1.418630e+02 -8.576421e+01  2.200000e+01
     vertex -1.418630e+02 -8.576421e+01  1.400000e+01
     vertex -1.419656e+02 -8.571168e+01  1.400000e+01
   endloop
 endfacet
 facet normal  4.312333e-01  9.022405e-01  0.000000e+00
   outer loop
     vertex -1.417590e+02 -8.581390e+01  2.200000e+01
     vertex -1.418630e+02 -8.576421e+01  1.400000e+01
     vertex -1.418630e+02 -8.576421e+01  2.200000e+01
   endloop
 endfacet
 facet normal  4.312333e-01  9.022405e-01  0.000000e+00
   outer loop
     vertex -1.417590e+02 -8.581390e+01  2.200000e+01
     vertex -1.417590e+02 -8.581390e+01  1.400000e+01
     vertex -1.418630e+02 -8.576421e+01  1.400000e+01
   endloop
 endfacet
 facet normal  4.063188e-01  9.137314e-01  0.000000e+00
   outer loop
     vertex -1.416537e+02 -8.586072e+01  2.200000e+01
     vertex -1.417590e+02 -8.581390e+01  1.400000e+01
     vertex -1.417590e+02 -8.581390e+01  2.200000e+01
   endloop
 endfacet
 facet normal  4.063188e-01  9.137314e-01  0.000000e+00
   outer loop
     vertex -1.416537e+02 -8.586072e+01  2.200000e+01
     vertex -1.416537e+02 -8.586072e+01  1.400000e+01
     vertex -1.417590e+02 -8.581390e+01  1.400000e+01
   endloop
 endfacet
 facet normal  3.810986e-01  9.245344e-01  0.000000e+00
   outer loop
     vertex -1.416537e+02 -8.586072e+01  2.200000e+01
     vertex -1.415472e+02 -8.590464e+01  1.400000e+01
     vertex -1.416537e+02 -8.586072e+01  1.400000e+01
   endloop
 endfacet
 facet normal  3.810986e-01  9.245344e-01  0.000000e+00
   outer loop
     vertex -1.415472e+02 -8.590464e+01  2.200000e+01
     vertex -1.415472e+02 -8.590464e+01  1.400000e+01
     vertex -1.416537e+02 -8.586072e+01  2.200000e+01
   endloop
 endfacet
 facet normal  3.555914e-01  9.346415e-01  0.000000e+00
   outer loop
     vertex -1.414395e+02 -8.594561e+01  2.200000e+01
     vertex -1.414395e+02 -8.594561e+01  1.400000e+01
     vertex -1.415472e+02 -8.590464e+01  1.400000e+01
   endloop
 endfacet
 facet normal  3.555914e-01  9.346415e-01  0.000000e+00
   outer loop
     vertex -1.414395e+02 -8.594561e+01  2.200000e+01
     vertex -1.415472e+02 -8.590464e+01  1.400000e+01
     vertex -1.415472e+02 -8.590464e+01  2.200000e+01
   endloop
 endfacet
 facet normal  3.298166e-01  9.440450e-01  0.000000e+00
   outer loop
     vertex -1.413307e+02 -8.598362e+01  2.200000e+01
     vertex -1.413307e+02 -8.598362e+01  1.400000e+01
     vertex -1.414395e+02 -8.594561e+01  1.400000e+01
   endloop
 endfacet
 facet normal  3.298166e-01  9.440450e-01  0.000000e+00
   outer loop
     vertex -1.413307e+02 -8.598362e+01  2.200000e+01
     vertex -1.414395e+02 -8.594561e+01  1.400000e+01
     vertex -1.414395e+02 -8.594561e+01  2.200000e+01
   endloop
 endfacet
 facet normal  3.037934e-01  9.527379e-01  0.000000e+00
   outer loop
     vertex -1.412209e+02 -8.601863e+01  2.200000e+01
     vertex -1.412209e+02 -8.601863e+01  1.400000e+01
     vertex -1.413307e+02 -8.598362e+01  1.400000e+01
   endloop
 endfacet
 facet normal  3.037934e-01  9.527379e-01  0.000000e+00
   outer loop
     vertex -1.412209e+02 -8.601863e+01  2.200000e+01
     vertex -1.413307e+02 -8.598362e+01  1.400000e+01
     vertex -1.413307e+02 -8.598362e+01  2.200000e+01
   endloop
 endfacet
 facet normal  2.775416e-01  9.607136e-01  0.000000e+00
   outer loop
     vertex -1.411102e+02 -8.605061e+01  2.200000e+01
     vertex -1.412209e+02 -8.601863e+01  1.400000e+01
     vertex -1.412209e+02 -8.601863e+01  2.200000e+01
   endloop
 endfacet
 facet normal  2.775416e-01  9.607136e-01  0.000000e+00
   outer loop
     vertex -1.411102e+02 -8.605061e+01  2.200000e+01
     vertex -1.411102e+02 -8.605061e+01  1.400000e+01
     vertex -1.412209e+02 -8.601863e+01  1.400000e+01
   endloop
 endfacet
 facet normal  2.510809e-01  9.679661e-01  0.000000e+00
   outer loop
     vertex -1.411102e+02 -8.605061e+01  2.200000e+01
     vertex -1.409987e+02 -8.607954e+01  1.400000e+01
     vertex -1.411102e+02 -8.605061e+01  1.400000e+01
   endloop
 endfacet
 facet normal  2.510809e-01  9.679661e-01  0.000000e+00
   outer loop
     vertex -1.409987e+02 -8.607954e+01  2.200000e+01
     vertex -1.409987e+02 -8.607954e+01  1.400000e+01
     vertex -1.411102e+02 -8.605061e+01  2.200000e+01
   endloop
 endfacet
 facet normal  2.244312e-01  9.744899e-01  0.000000e+00
   outer loop
     vertex -1.408864e+02 -8.610540e+01  2.200000e+01
     vertex -1.409987e+02 -8.607954e+01  1.400000e+01
     vertex -1.409987e+02 -8.607954e+01  2.200000e+01
   endloop
 endfacet
 facet normal  2.244312e-01  9.744899e-01  0.000000e+00
   outer loop
     vertex -1.408864e+02 -8.610540e+01  2.200000e+01
     vertex -1.408864e+02 -8.610540e+01  1.400000e+01
     vertex -1.409987e+02 -8.607954e+01  1.400000e+01
   endloop
 endfacet
 facet normal  1.976125e-01  9.802802e-01  0.000000e+00
   outer loop
     vertex -1.408864e+02 -8.610540e+01  2.200000e+01
     vertex -1.407734e+02 -8.612818e+01  1.400000e+01
     vertex -1.408864e+02 -8.610540e+01  1.400000e+01
   endloop
 endfacet
 facet normal  1.976125e-01  9.802802e-01  0.000000e+00
   outer loop
     vertex -1.407734e+02 -8.612818e+01  2.200000e+01
     vertex -1.407734e+02 -8.612818e+01  1.400000e+01
     vertex -1.408864e+02 -8.610540e+01  2.200000e+01
   endloop
 endfacet
 facet normal  1.706451e-01  9.853326e-01  0.000000e+00
   outer loop
     vertex -1.406599e+02 -8.614784e+01  2.200000e+01
     vertex -1.407734e+02 -8.612818e+01  1.400000e+01
     vertex -1.407734e+02 -8.612818e+01  2.200000e+01
   endloop
 endfacet
 facet normal  1.706451e-01  9.853326e-01  0.000000e+00
   outer loop
     vertex -1.406599e+02 -8.614784e+01  2.200000e+01
     vertex -1.406599e+02 -8.614784e+01  1.400000e+01
     vertex -1.407734e+02 -8.612818e+01  1.400000e+01
   endloop
 endfacet
 facet normal  1.435492e-01  9.896432e-01  0.000000e+00
   outer loop
     vertex -1.406599e+02 -8.614784e+01  2.200000e+01
     vertex -1.405458e+02 -8.616438e+01  1.400000e+01
     vertex -1.406599e+02 -8.614784e+01  1.400000e+01
   endloop
 endfacet
 facet normal  1.435492e-01  9.896432e-01  0.000000e+00
   outer loop
     vertex -1.405458e+02 -8.616438e+01  2.200000e+01
     vertex -1.405458e+02 -8.616438e+01  1.400000e+01
     vertex -1.406599e+02 -8.614784e+01  2.200000e+01
   endloop
 endfacet
 facet normal  1.163452e-01  9.932088e-01  0.000000e+00
   outer loop
     vertex -1.404314e+02 -8.617779e+01  2.200000e+01
     vertex -1.405458e+02 -8.616438e+01  1.400000e+01
     vertex -1.405458e+02 -8.616438e+01  2.200000e+01
   endloop
 endfacet
 facet normal  1.163452e-01  9.932088e-01  0.000000e+00
   outer loop
     vertex -1.404314e+02 -8.617779e+01  2.200000e+01
     vertex -1.404314e+02 -8.617779e+01  1.400000e+01
     vertex -1.405458e+02 -8.616438e+01  1.400000e+01
   endloop
 endfacet
 facet normal  8.905371e-02  9.960268e-01  0.000000e+00
   outer loop
     vertex -1.403166e+02 -8.618805e+01  2.200000e+01
     vertex -1.404314e+02 -8.617779e+01  1.400000e+01
     vertex -1.404314e+02 -8.617779e+01  2.200000e+01
   endloop
 endfacet
 facet normal  8.905371e-02  9.960268e-01  0.000000e+00
   outer loop
     vertex -1.403166e+02 -8.618805e+01  2.200000e+01
     vertex -1.403166e+02 -8.618805e+01  1.400000e+01
     vertex -1.404314e+02 -8.617779e+01  1.400000e+01
   endloop
 endfacet
 facet normal  6.169515e-02  9.980950e-01  0.000000e+00
   outer loop
     vertex -1.402016e+02 -8.619516e+01  2.200000e+01
     vertex -1.403166e+02 -8.618805e+01  1.400000e+01
     vertex -1.403166e+02 -8.618805e+01  2.200000e+01
   endloop
 endfacet
 facet normal  6.169515e-02  9.980950e-01  0.000000e+00
   outer loop
     vertex -1.402016e+02 -8.619516e+01  2.200000e+01
     vertex -1.402016e+02 -8.619516e+01  1.400000e+01
     vertex -1.403166e+02 -8.618805e+01  1.400000e+01
   endloop
 endfacet
 facet normal  3.429014e-02  9.994119e-01  0.000000e+00
   outer loop
     vertex -1.400864e+02 -8.619911e+01  2.200000e+01
     vertex -1.402016e+02 -8.619516e+01  1.400000e+01
     vertex -1.402016e+02 -8.619516e+01  2.200000e+01
   endloop
 endfacet
 facet normal  3.429014e-02  9.994119e-01  0.000000e+00
   outer loop
     vertex -1.400864e+02 -8.619911e+01  2.200000e+01
     vertex -1.400864e+02 -8.619911e+01  1.400000e+01
     vertex -1.402016e+02 -8.619516e+01  1.400000e+01
   endloop
 endfacet
 facet normal  6.859319e-03  9.999765e-01  0.000000e+00
   outer loop
     vertex -1.400864e+02 -8.619911e+01  2.200000e+01
     vertex -1.399712e+02 -8.619990e+01  1.400000e+01
     vertex -1.400864e+02 -8.619911e+01  1.400000e+01
   endloop
 endfacet
 facet normal  6.859319e-03  9.999765e-01  0.000000e+00
   outer loop
     vertex -1.399712e+02 -8.619990e+01  2.200000e+01
     vertex -1.399712e+02 -8.619990e+01  1.400000e+01
     vertex -1.400864e+02 -8.619911e+01  2.200000e+01
   endloop
 endfacet
 facet normal -2.057667e-02  9.997883e-01  0.000000e+00
   outer loop
     vertex -1.398560e+02 -8.619753e+01  2.200000e+01
     vertex -1.399712e+02 -8.619990e+01  1.400000e+01
     vertex -1.399712e+02 -8.619990e+01  2.200000e+01
   endloop
 endfacet
 facet normal -2.057667e-02  9.997883e-01  0.000000e+00
   outer loop
     vertex -1.398560e+02 -8.619753e+01  2.200000e+01
     vertex -1.398560e+02 -8.619753e+01  1.400000e+01
     vertex -1.399712e+02 -8.619990e+01  1.400000e+01
   endloop
 endfacet
 facet normal -4.799716e-02  9.988475e-01  0.000000e+00
   outer loop
     vertex -1.397409e+02 -8.619200e+01  2.200000e+01
     vertex -1.397409e+02 -8.619200e+01  1.400000e+01
     vertex -1.398560e+02 -8.619753e+01  1.400000e+01
   endloop
 endfacet
 facet normal -7.538152e-02  9.971548e-01  0.000000e+00
   outer loop
     vertex -1.397409e+02 -8.619200e+01  2.200000e+01
     vertex -1.396260e+02 -8.618331e+01  1.400000e+01
     vertex -1.397409e+02 -8.619200e+01  1.400000e+01
   endloop
 endfacet
 facet normal -4.799716e-02  9.988475e-01  0.000000e+00
   outer loop
     vertex -1.397409e+02 -8.619200e+01  2.200000e+01
     vertex -1.398560e+02 -8.619753e+01  1.400000e+01
     vertex -1.398560e+02 -8.619753e+01  2.200000e+01
   endloop
 endfacet
 facet normal -7.538152e-02  9.971548e-01  0.000000e+00
   outer loop
     vertex -1.396260e+02 -8.618331e+01  2.200000e+01
     vertex -1.396260e+02 -8.618331e+01  1.400000e+01
     vertex -1.397409e+02 -8.619200e+01  2.200000e+01
   endloop
 endfacet
 facet normal -1.027091e-01  9.947114e-01  0.000000e+00
   outer loop
     vertex -1.395113e+02 -8.617148e+01  2.200000e+01
     vertex -1.395113e+02 -8.617148e+01  1.400000e+01
     vertex -1.396260e+02 -8.618331e+01  1.400000e+01
   endloop
 endfacet
 facet normal -1.027091e-01  9.947114e-01  0.000000e+00
   outer loop
     vertex -1.395113e+02 -8.617148e+01  2.200000e+01
     vertex -1.396260e+02 -8.618331e+01  1.400000e+01
     vertex -1.396260e+02 -8.618331e+01  2.200000e+01
   endloop
 endfacet
 facet normal -1.299594e-01  9.915193e-01  0.000000e+00
   outer loop
     vertex -1.393971e+02 -8.615650e+01  2.200000e+01
     vertex -1.393971e+02 -8.615650e+01  1.400000e+01
     vertex -1.395113e+02 -8.617148e+01  1.400000e+01
   endloop
 endfacet
 facet normal -1.299594e-01  9.915193e-01  0.000000e+00
   outer loop
     vertex -1.393971e+02 -8.615650e+01  2.200000e+01
     vertex -1.395113e+02 -8.617148e+01  1.400000e+01
     vertex -1.395113e+02 -8.617148e+01  2.200000e+01
   endloop
 endfacet
 facet normal -1.571119e-01  9.875808e-01  0.000000e+00
   outer loop
     vertex -1.392833e+02 -8.613840e+01  2.200000e+01
     vertex -1.392833e+02 -8.613840e+01  1.400000e+01
     vertex -1.393971e+02 -8.615650e+01  1.400000e+01
   endloop
 endfacet
 facet normal -1.571119e-01  9.875808e-01  0.000000e+00
   outer loop
     vertex -1.392833e+02 -8.613840e+01  2.200000e+01
     vertex -1.393971e+02 -8.615650e+01  1.400000e+01
     vertex -1.393971e+02 -8.615650e+01  2.200000e+01
   endloop
 endfacet
 facet normal -1.841461e-01  9.828989e-01  0.000000e+00
   outer loop
     vertex -1.391700e+02 -8.611718e+01  2.200000e+01
     vertex -1.391700e+02 -8.611718e+01  1.400000e+01
     vertex -1.392833e+02 -8.613840e+01  1.400000e+01
   endloop
 endfacet
 facet normal -1.841461e-01  9.828989e-01  0.000000e+00
   outer loop
     vertex -1.391700e+02 -8.611718e+01  2.200000e+01
     vertex -1.392833e+02 -8.613840e+01  1.400000e+01
     vertex -1.392833e+02 -8.613840e+01  2.200000e+01
   endloop
 endfacet
 facet normal -2.110417e-01  9.774771e-01  0.000000e+00
   outer loop
     vertex -1.390574e+02 -8.609286e+01  2.200000e+01
     vertex -1.390574e+02 -8.609286e+01  1.400000e+01
     vertex -1.391700e+02 -8.611718e+01  1.400000e+01
   endloop
 endfacet
 facet normal -2.110417e-01  9.774771e-01  0.000000e+00
   outer loop
     vertex -1.390574e+02 -8.609286e+01  2.200000e+01
     vertex -1.391700e+02 -8.611718e+01  1.400000e+01
     vertex -1.391700e+02 -8.611718e+01  2.200000e+01
   endloop
 endfacet
 facet normal -2.377784e-01  9.713194e-01  0.000000e+00
   outer loop
     vertex -1.389455e+02 -8.606546e+01  2.200000e+01
     vertex -1.389455e+02 -8.606546e+01  1.400000e+01
     vertex -1.390574e+02 -8.609286e+01  1.400000e+01
   endloop
 endfacet
 facet normal -2.643362e-01  9.644306e-01  0.000000e+00
   outer loop
     vertex -1.389455e+02 -8.606546e+01  2.200000e+01
     vertex -1.388343e+02 -8.603500e+01  1.400000e+01
     vertex -1.389455e+02 -8.606546e+01  1.400000e+01
   endloop
 endfacet
 facet normal -2.377784e-01  9.713194e-01  0.000000e+00
   outer loop
     vertex -1.389455e+02 -8.606546e+01  2.200000e+01
     vertex -1.390574e+02 -8.609286e+01  1.400000e+01
     vertex -1.390574e+02 -8.609286e+01  2.200000e+01
   endloop
 endfacet
 facet normal -2.643362e-01  9.644306e-01  0.000000e+00
   outer loop
     vertex -1.388343e+02 -8.603500e+01  2.200000e+01
     vertex -1.388343e+02 -8.603500e+01  1.400000e+01
     vertex -1.389455e+02 -8.606546e+01  2.200000e+01
   endloop
 endfacet
 facet normal -2.906949e-01  9.568158e-01  0.000000e+00
   outer loop
     vertex -1.387241e+02 -8.600150e+01  2.200000e+01
     vertex -1.387241e+02 -8.600150e+01  1.400000e+01
     vertex -1.388343e+02 -8.603500e+01  1.400000e+01
   endloop
 endfacet
 facet normal -2.906949e-01  9.568158e-01  0.000000e+00
   outer loop
     vertex -1.387241e+02 -8.600150e+01  2.200000e+01
     vertex -1.388343e+02 -8.603500e+01  1.400000e+01
     vertex -1.388343e+02 -8.603500e+01  2.200000e+01
   endloop
 endfacet
 facet normal -3.168348e-01  9.484807e-01  0.000000e+00
   outer loop
     vertex -1.386148e+02 -8.596499e+01  2.200000e+01
     vertex -1.386148e+02 -8.596499e+01  1.400000e+01
     vertex -1.387241e+02 -8.600150e+01  1.400000e+01
   endloop
 endfacet
 facet normal -3.168348e-01  9.484807e-01  0.000000e+00
   outer loop
     vertex -1.386148e+02 -8.596499e+01  2.200000e+01
     vertex -1.387241e+02 -8.600150e+01  1.400000e+01
     vertex -1.387241e+02 -8.600150e+01  2.200000e+01
   endloop
 endfacet
 facet normal -3.427362e-01  9.394317e-01  0.000000e+00
   outer loop
     vertex -1.385065e+02 -8.592549e+01  2.200000e+01
     vertex -1.385065e+02 -8.592549e+01  1.400000e+01
     vertex -1.386148e+02 -8.596499e+01  1.400000e+01
   endloop
 endfacet
 facet normal -3.427362e-01  9.394317e-01  0.000000e+00
   outer loop
     vertex -1.385065e+02 -8.592549e+01  2.200000e+01
     vertex -1.386148e+02 -8.596499e+01  1.400000e+01
     vertex -1.386148e+02 -8.596499e+01  2.200000e+01
   endloop
 endfacet
 facet normal -3.683796e-01  9.296754e-01  0.000000e+00
   outer loop
     vertex -1.383994e+02 -8.588304e+01  2.200000e+01
     vertex -1.383994e+02 -8.588304e+01  1.400000e+01
     vertex -1.385065e+02 -8.592549e+01  1.400000e+01
   endloop
 endfacet
 facet normal -3.683796e-01  9.296754e-01  0.000000e+00
   outer loop
     vertex -1.383994e+02 -8.588304e+01  2.200000e+01
     vertex -1.385065e+02 -8.592549e+01  1.400000e+01
     vertex -1.385065e+02 -8.592549e+01  2.200000e+01
   endloop
 endfacet
 facet normal -3.937458e-01  9.192194e-01  0.000000e+00
   outer loop
     vertex -1.382935e+02 -8.583767e+01  2.200000e+01
     vertex -1.383994e+02 -8.588304e+01  1.400000e+01
     vertex -1.383994e+02 -8.588304e+01  2.200000e+01
   endloop
 endfacet
 facet normal -3.937458e-01  9.192194e-01  0.000000e+00
   outer loop
     vertex -1.382935e+02 -8.583767e+01  2.200000e+01
     vertex -1.382935e+02 -8.583767e+01  1.400000e+01
     vertex -1.383994e+02 -8.588304e+01  1.400000e+01
   endloop
 endfacet
 facet normal -4.188155e-01  9.080714e-01  0.000000e+00
   outer loop
     vertex -1.381888e+02 -8.578941e+01  2.200000e+01
     vertex -1.382935e+02 -8.583767e+01  1.400000e+01
     vertex -1.382935e+02 -8.583767e+01  2.200000e+01
   endloop
 endfacet
 facet normal -4.188155e-01  9.080714e-01  0.000000e+00
   outer loop
     vertex -1.381888e+02 -8.578941e+01  2.200000e+01
     vertex -1.381888e+02 -8.578941e+01  1.400000e+01
     vertex -1.382935e+02 -8.583767e+01  1.400000e+01
   endloop
 endfacet
 facet normal -4.435699e-01  8.962398e-01  0.000000e+00
   outer loop
     vertex -1.380855e+02 -8.573830e+01  2.200000e+01
     vertex -1.381888e+02 -8.578941e+01  1.400000e+01
     vertex -1.381888e+02 -8.578941e+01  2.200000e+01
   endloop
 endfacet
 facet normal -4.435699e-01  8.962398e-01  0.000000e+00
   outer loop
     vertex -1.380855e+02 -8.573830e+01  2.200000e+01
     vertex -1.380855e+02 -8.573830e+01  1.400000e+01
     vertex -1.381888e+02 -8.578941e+01  1.400000e+01
   endloop
 endfacet
 facet normal -4.679904e-01  8.837335e-01  0.000000e+00
   outer loop
     vertex -1.379837e+02 -8.568437e+01  2.200000e+01
     vertex -1.380855e+02 -8.573830e+01  1.400000e+01
     vertex -1.380855e+02 -8.573830e+01  2.200000e+01
   endloop
 endfacet
 facet normal -4.679904e-01  8.837335e-01  0.000000e+00
   outer loop
     vertex -1.379837e+02 -8.568437e+01  2.200000e+01
     vertex -1.379837e+02 -8.568437e+01  1.400000e+01
     vertex -1.380855e+02 -8.573830e+01  1.400000e+01
   endloop
 endfacet
 facet normal -4.920587e-01  8.705620e-01  0.000000e+00
   outer loop
     vertex -1.378834e+02 -8.562767e+01  2.200000e+01
     vertex -1.378834e+02 -8.562767e+01  1.400000e+01
     vertex -1.379837e+02 -8.568437e+01  1.400000e+01
   endloop
 endfacet
 facet normal -4.920587e-01  8.705620e-01  0.000000e+00
   outer loop
     vertex -1.378834e+02 -8.562767e+01  2.200000e+01
     vertex -1.379837e+02 -8.568437e+01  1.400000e+01
     vertex -1.379837e+02 -8.568437e+01  2.200000e+01
   endloop
 endfacet
 facet normal -5.157565e-01  8.567352e-01  0.000000e+00
   outer loop
     vertex -1.377847e+02 -8.556823e+01  2.200000e+01
     vertex -1.377847e+02 -8.556823e+01  1.400000e+01
     vertex -1.378834e+02 -8.562767e+01  1.400000e+01
   endloop
 endfacet
 facet normal -5.157565e-01  8.567352e-01  0.000000e+00
   outer loop
     vertex -1.377847e+02 -8.556823e+01  2.200000e+01
     vertex -1.378834e+02 -8.562767e+01  1.400000e+01
     vertex -1.378834e+02 -8.562767e+01  2.200000e+01
   endloop
 endfacet
 facet normal -5.390661e-01  8.422635e-01  0.000000e+00
   outer loop
     vertex -1.376876e+02 -8.550611e+01  2.200000e+01
     vertex -1.376876e+02 -8.550611e+01  1.400000e+01
     vertex -1.377847e+02 -8.556823e+01  1.400000e+01
   endloop
 endfacet
 facet normal -5.390661e-01  8.422635e-01  0.000000e+00
   outer loop
     vertex -1.376876e+02 -8.550611e+01  2.200000e+01
     vertex -1.377847e+02 -8.556823e+01  1.400000e+01
     vertex -1.377847e+02 -8.556823e+01  2.200000e+01
   endloop
 endfacet
 facet normal -5.619699e-01  8.271577e-01  0.000000e+00
   outer loop
     vertex -1.375923e+02 -8.544136e+01  2.200000e+01
     vertex -1.375923e+02 -8.544136e+01  1.400000e+01
     vertex -1.376876e+02 -8.550611e+01  1.400000e+01
   endloop
 endfacet
 facet normal -5.844507e-01  8.114292e-01  0.000000e+00
   outer loop
     vertex -1.375923e+02 -8.544136e+01  2.200000e+01
     vertex -1.374988e+02 -8.537401e+01  1.400000e+01
     vertex -1.375923e+02 -8.544136e+01  1.400000e+01
   endloop
 endfacet
 facet normal -5.619699e-01  8.271577e-01  0.000000e+00
   outer loop
     vertex -1.375923e+02 -8.544136e+01  2.200000e+01
     vertex -1.376876e+02 -8.550611e+01  1.400000e+01
     vertex -1.376876e+02 -8.550611e+01  2.200000e+01
   endloop
 endfacet
 facet normal -5.844507e-01  8.114292e-01  0.000000e+00
   outer loop
     vertex -1.374988e+02 -8.537401e+01  2.200000e+01
     vertex -1.374988e+02 -8.537401e+01  1.400000e+01
     vertex -1.375923e+02 -8.544136e+01  2.200000e+01
   endloop
 endfacet
 facet normal -6.064915e-01  7.950900e-01  0.000000e+00
   outer loop
     vertex -1.374072e+02 -8.530412e+01  2.200000e+01
     vertex -1.374072e+02 -8.530412e+01  1.400000e+01
     vertex -1.374988e+02 -8.537401e+01  1.400000e+01
   endloop
 endfacet
 facet normal -6.064915e-01  7.950900e-01  0.000000e+00
   outer loop
     vertex -1.374072e+02 -8.530412e+01  2.200000e+01
     vertex -1.374988e+02 -8.537401e+01  1.400000e+01
     vertex -1.374988e+02 -8.537401e+01  2.200000e+01
   endloop
 endfacet
 facet normal -6.280757e-01  7.781522e-01  0.000000e+00
   outer loop
     vertex -1.373175e+02 -8.523174e+01  2.200000e+01
     vertex -1.373175e+02 -8.523174e+01  1.400000e+01
     vertex -1.374072e+02 -8.530412e+01  1.400000e+01
   endloop
 endfacet
 facet normal -6.280757e-01  7.781522e-01  0.000000e+00
   outer loop
     vertex -1.373175e+02 -8.523174e+01  2.200000e+01
     vertex -1.374072e+02 -8.530412e+01  1.400000e+01
     vertex -1.374072e+02 -8.530412e+01  2.200000e+01
   endloop
 endfacet
 facet normal -6.491872e-01  7.606287e-01  0.000000e+00
   outer loop
     vertex -1.372298e+02 -8.515694e+01  2.200000e+01
     vertex -1.372298e+02 -8.515694e+01  1.400000e+01
     vertex -1.373175e+02 -8.523174e+01  1.400000e+01
   endloop
 endfacet
 facet normal -6.491872e-01  7.606287e-01  0.000000e+00
   outer loop
     vertex -1.372298e+02 -8.515694e+01  2.200000e+01
     vertex -1.373175e+02 -8.523174e+01  1.400000e+01
     vertex -1.373175e+02 -8.523174e+01  2.200000e+01
   endloop
 endfacet
 facet normal -6.698100e-01  7.425325e-01  0.000000e+00
   outer loop
     vertex -1.371443e+02 -8.507975e+01  2.200000e+01
     vertex -1.371443e+02 -8.507975e+01  1.400000e+01
     vertex -1.372298e+02 -8.515694e+01  1.400000e+01
   endloop
 endfacet
 facet normal -6.698100e-01  7.425325e-01  0.000000e+00
   outer loop
     vertex -1.371443e+02 -8.507975e+01  2.200000e+01
     vertex -1.372298e+02 -8.515694e+01  1.400000e+01
     vertex -1.372298e+02 -8.515694e+01  2.200000e+01
   endloop
 endfacet
 facet normal -6.899286e-01  7.238775e-01  0.000000e+00
   outer loop
     vertex -1.370609e+02 -8.500025e+01  2.200000e+01
     vertex -1.370609e+02 -8.500025e+01  1.400000e+01
     vertex -1.371443e+02 -8.507975e+01  1.400000e+01
   endloop
 endfacet
 facet normal -7.095278e-01  7.046775e-01  0.000000e+00
   outer loop
     vertex -1.370609e+02 -8.500025e+01  2.200000e+01
     vertex -1.369797e+02 -8.491849e+01  1.400000e+01
     vertex -1.370609e+02 -8.500025e+01  1.400000e+01
   endloop
 endfacet
 facet normal -6.899286e-01  7.238775e-01  0.000000e+00
   outer loop
     vertex -1.370609e+02 -8.500025e+01  2.200000e+01
     vertex -1.371443e+02 -8.507975e+01  1.400000e+01
     vertex -1.371443e+02 -8.507975e+01  2.200000e+01
   endloop
 endfacet
 facet normal -7.095278e-01  7.046775e-01  0.000000e+00
   outer loop
     vertex -1.369797e+02 -8.491849e+01  2.200000e+01
     vertex -1.369797e+02 -8.491849e+01  1.400000e+01
     vertex -1.370609e+02 -8.500025e+01  2.200000e+01
   endloop
 endfacet
 facet normal -7.285929e-01  6.849470e-01  0.000000e+00
   outer loop
     vertex -1.369007e+02 -8.483453e+01  2.200000e+01
     vertex -1.369007e+02 -8.483453e+01  1.400000e+01
     vertex -1.369797e+02 -8.491849e+01  1.400000e+01
   endloop
 endfacet
 facet normal -7.471095e-01  6.647010e-01  0.000000e+00
   outer loop
     vertex -1.369007e+02 -8.483453e+01  2.200000e+01
     vertex -1.368241e+02 -8.474844e+01  1.400000e+01
     vertex -1.369007e+02 -8.483453e+01  1.400000e+01
   endloop
 endfacet
 facet normal -7.285929e-01  6.849470e-01  0.000000e+00
   outer loop
     vertex -1.369007e+02 -8.483453e+01  2.200000e+01
     vertex -1.369797e+02 -8.491849e+01  1.400000e+01
     vertex -1.369797e+02 -8.491849e+01  2.200000e+01
   endloop
 endfacet
 facet normal -7.471095e-01  6.647010e-01  0.000000e+00
   outer loop
     vertex -1.368241e+02 -8.474844e+01  2.200000e+01
     vertex -1.368241e+02 -8.474844e+01  1.400000e+01
     vertex -1.369007e+02 -8.483453e+01  2.200000e+01
   endloop
 endfacet
 facet normal -7.650637e-01  6.439545e-01  0.000000e+00
   outer loop
     vertex -1.367499e+02 -8.466027e+01  2.200000e+01
     vertex -1.367499e+02 -8.466027e+01  1.400000e+01
     vertex -1.368241e+02 -8.474844e+01  1.400000e+01
   endloop
 endfacet
 facet normal -7.650637e-01  6.439545e-01  0.000000e+00
   outer loop
     vertex -1.367499e+02 -8.466027e+01  2.200000e+01
     vertex -1.368241e+02 -8.474844e+01  1.400000e+01
     vertex -1.368241e+02 -8.474844e+01  2.200000e+01
   endloop
 endfacet
 facet normal -7.824421e-01  6.227234e-01  0.000000e+00
   outer loop
     vertex -1.366782e+02 -8.457011e+01  2.200000e+01
     vertex -1.366782e+02 -8.457011e+01  1.400000e+01
     vertex -1.367499e+02 -8.466027e+01  1.400000e+01
   endloop
 endfacet
 facet normal -7.824421e-01  6.227234e-01  0.000000e+00
   outer loop
     vertex -1.366782e+02 -8.457011e+01  2.200000e+01
     vertex -1.367499e+02 -8.466027e+01  1.400000e+01
     vertex -1.367499e+02 -8.466027e+01  2.200000e+01
   endloop
 endfacet
 facet normal -7.992314e-01  6.010234e-01  0.000000e+00
   outer loop
     vertex -1.366089e+02 -8.447801e+01  2.200000e+01
     vertex -1.366089e+02 -8.447801e+01  1.400000e+01
     vertex -1.366782e+02 -8.457011e+01  1.400000e+01
   endloop
 endfacet
 facet normal -8.154191e-01  5.788711e-01  0.000000e+00
   outer loop
     vertex -1.366089e+02 -8.447801e+01  2.200000e+01
     vertex -1.365422e+02 -8.438405e+01  1.400000e+01
     vertex -1.366089e+02 -8.447801e+01  1.400000e+01
   endloop
 endfacet
 facet normal -7.992314e-01  6.010234e-01  0.000000e+00
   outer loop
     vertex -1.366089e+02 -8.447801e+01  2.200000e+01
     vertex -1.366782e+02 -8.457011e+01  1.400000e+01
     vertex -1.366782e+02 -8.457011e+01  2.200000e+01
   endloop
 endfacet
 facet normal -8.154191e-01  5.788711e-01  0.000000e+00
   outer loop
     vertex -1.365422e+02 -8.438405e+01  2.200000e+01
     vertex -1.365422e+02 -8.438405e+01  1.400000e+01
     vertex -1.366089e+02 -8.447801e+01  2.200000e+01
   endloop
 endfacet
 facet normal -8.309929e-01  5.562829e-01  0.000000e+00
   outer loop
     vertex -1.364781e+02 -8.428829e+01  2.200000e+01
     vertex -1.364781e+02 -8.428829e+01  1.400000e+01
     vertex -1.365422e+02 -8.438405e+01  1.400000e+01
   endloop
 endfacet
 facet normal -8.309929e-01  5.562829e-01  0.000000e+00
   outer loop
     vertex -1.364781e+02 -8.428829e+01  2.200000e+01
     vertex -1.365422e+02 -8.438405e+01  1.400000e+01
     vertex -1.365422e+02 -8.438405e+01  2.200000e+01
   endloop
 endfacet
 facet normal -8.459413e-01  5.332761e-01  0.000000e+00
   outer loop
     vertex -1.364167e+02 -8.419081e+01  2.200000e+01
     vertex -1.364167e+02 -8.419081e+01  1.400000e+01
     vertex -1.364781e+02 -8.428829e+01  1.400000e+01
   endloop
 endfacet
 facet normal -8.459413e-01  5.332761e-01  0.000000e+00
   outer loop
     vertex -1.364167e+02 -8.419081e+01  2.200000e+01
     vertex -1.364781e+02 -8.428829e+01  1.400000e+01
     vertex -1.364781e+02 -8.428829e+01  2.200000e+01
   endloop
 endfacet
 facet normal -8.602528e-01  5.098678e-01  0.000000e+00
   outer loop
     vertex -1.363579e+02 -8.409168e+01  2.200000e+01
     vertex -1.363579e+02 -8.409168e+01  1.400000e+01
     vertex -1.364167e+02 -8.419081e+01  1.400000e+01
   endloop
 endfacet
 facet normal -8.602528e-01  5.098678e-01  0.000000e+00
   outer loop
     vertex -1.363579e+02 -8.409168e+01  2.200000e+01
     vertex -1.364167e+02 -8.419081e+01  1.400000e+01
     vertex -1.364167e+02 -8.419081e+01  2.200000e+01
   endloop
 endfacet
 facet normal -8.739167e-01  4.860756e-01  0.000000e+00
   outer loop
     vertex -1.363019e+02 -8.399097e+01  2.200000e+01
     vertex -1.363019e+02 -8.399097e+01  1.400000e+01
     vertex -1.363579e+02 -8.409168e+01  1.400000e+01
   endloop
 endfacet
 facet normal -8.739167e-01  4.860756e-01  0.000000e+00
   outer loop
     vertex -1.363019e+02 -8.399097e+01  2.200000e+01
     vertex -1.363579e+02 -8.409168e+01  1.400000e+01
     vertex -1.363579e+02 -8.409168e+01  2.200000e+01
   endloop
 endfacet
 facet normal -8.869228e-01  4.619176e-01  0.000000e+00
   outer loop
     vertex -1.362487e+02 -8.388877e+01  2.200000e+01
     vertex -1.363019e+02 -8.399097e+01  1.400000e+01
     vertex -1.363019e+02 -8.399097e+01  2.200000e+01
   endloop
 endfacet
 facet normal -8.869228e-01  4.619176e-01  0.000000e+00
   outer loop
     vertex -1.362487e+02 -8.388877e+01  2.200000e+01
     vertex -1.362487e+02 -8.388877e+01  1.400000e+01
     vertex -1.363019e+02 -8.399097e+01  1.400000e+01
   endloop
 endfacet
 facet normal -8.992613e-01  4.374119e-01  0.000000e+00
   outer loop
     vertex -1.362487e+02 -8.388877e+01  2.200000e+01
     vertex -1.361983e+02 -8.378514e+01  1.400000e+01
     vertex -1.362487e+02 -8.388877e+01  1.400000e+01
   endloop
 endfacet
 facet normal -8.992613e-01  4.374119e-01  0.000000e+00
   outer loop
     vertex -1.361983e+02 -8.378514e+01  2.200000e+01
     vertex -1.361983e+02 -8.378514e+01  1.400000e+01
     vertex -1.362487e+02 -8.388877e+01  2.200000e+01
   endloop
 endfacet
 facet normal -9.109228e-01  4.125769e-01  0.000000e+00
   outer loop
     vertex -1.361507e+02 -8.368018e+01  2.200000e+01
     vertex -1.361983e+02 -8.378514e+01  1.400000e+01
     vertex -1.361983e+02 -8.378514e+01  2.200000e+01
   endloop
 endfacet
 facet normal -9.109228e-01  4.125769e-01  0.000000e+00
   outer loop
     vertex -1.361507e+02 -8.368018e+01  2.200000e+01
     vertex -1.361507e+02 -8.368018e+01  1.400000e+01
     vertex -1.361983e+02 -8.378514e+01  1.400000e+01
   endloop
 endfacet
 facet normal -9.218986e-01  3.874313e-01  0.000000e+00
   outer loop
     vertex -1.361061e+02 -8.357394e+01  2.200000e+01
     vertex -1.361507e+02 -8.368018e+01  1.400000e+01
     vertex -1.361507e+02 -8.368018e+01  2.200000e+01
   endloop
 endfacet
 facet normal -9.218986e-01  3.874313e-01  0.000000e+00
   outer loop
     vertex -1.361061e+02 -8.357394e+01  2.200000e+01
     vertex -1.361061e+02 -8.357394e+01  1.400000e+01
     vertex -1.361507e+02 -8.368018e+01  1.400000e+01
   endloop
 endfacet
 facet normal -9.321804e-01  3.619940e-01  0.000000e+00
   outer loop
     vertex -1.360644e+02 -8.346652e+01  2.200000e+01
     vertex -1.361061e+02 -8.357394e+01  1.400000e+01
     vertex -1.361061e+02 -8.357394e+01  2.200000e+01
   endloop
 endfacet
 facet normal -9.321804e-01  3.619940e-01  0.000000e+00
   outer loop
     vertex -1.360644e+02 -8.346652e+01  2.200000e+01
     vertex -1.360644e+02 -8.346652e+01  1.400000e+01
     vertex -1.361061e+02 -8.357394e+01  1.400000e+01
   endloop
 endfacet
 facet normal -9.417605e-01  3.362843e-01  0.000000e+00
   outer loop
     vertex -1.360256e+02 -8.335800e+01  2.200000e+01
     vertex -1.360644e+02 -8.346652e+01  1.400000e+01
     vertex -1.360644e+02 -8.346652e+01  2.200000e+01
   endloop
 endfacet
 facet normal -9.417605e-01  3.362843e-01  0.000000e+00
   outer loop
     vertex -1.360256e+02 -8.335800e+01  2.200000e+01
     vertex -1.360256e+02 -8.335800e+01  1.400000e+01
     vertex -1.360644e+02 -8.346652e+01  1.400000e+01
   endloop
 endfacet
 facet normal -9.506317e-01  3.103214e-01  0.000000e+00
   outer loop
     vertex -1.359898e+02 -8.324845e+01  2.200000e+01
     vertex -1.360256e+02 -8.335800e+01  1.400000e+01
     vertex -1.360256e+02 -8.335800e+01  2.200000e+01
   endloop
 endfacet
 facet normal -9.506317e-01  3.103214e-01  0.000000e+00
   outer loop
     vertex -1.359898e+02 -8.324845e+01  2.200000e+01
     vertex -1.359898e+02 -8.324845e+01  1.400000e+01
     vertex -1.360256e+02 -8.335800e+01  1.400000e+01
   endloop
 endfacet
 facet normal -9.587873e-01  2.841250e-01  0.000000e+00
   outer loop
     vertex -1.359571e+02 -8.313797e+01  2.200000e+01
     vertex -1.359898e+02 -8.324845e+01  1.400000e+01
     vertex -1.359898e+02 -8.324845e+01  2.200000e+01
   endloop
 endfacet
 facet normal -9.587873e-01  2.841250e-01  0.000000e+00
   outer loop
     vertex -1.359571e+02 -8.313797e+01  2.200000e+01
     vertex -1.359571e+02 -8.313797e+01  1.400000e+01
     vertex -1.359898e+02 -8.324845e+01  1.400000e+01
   endloop
 endfacet
 facet normal -9.662211e-01  2.577146e-01  0.000000e+00
   outer loop
     vertex -1.359274e+02 -8.302663e+01  2.200000e+01
     vertex -1.359571e+02 -8.313797e+01  1.400000e+01
     vertex -1.359571e+02 -8.313797e+01  2.200000e+01
   endloop
 endfacet
 facet normal -9.662211e-01  2.577146e-01  0.000000e+00
   outer loop
     vertex -1.359274e+02 -8.302663e+01  2.200000e+01
     vertex -1.359274e+02 -8.302663e+01  1.400000e+01
     vertex -1.359571e+02 -8.313797e+01  1.400000e+01
   endloop
 endfacet
 facet normal -9.729276e-01  2.311102e-01  0.000000e+00
   outer loop
     vertex -1.359008e+02 -8.291451e+01  2.200000e+01
     vertex -1.359274e+02 -8.302663e+01  1.400000e+01
     vertex -1.359274e+02 -8.302663e+01  2.200000e+01
   endloop
 endfacet
 facet normal -9.729276e-01  2.311102e-01  0.000000e+00
   outer loop
     vertex -1.359008e+02 -8.291451e+01  2.200000e+01
     vertex -1.359008e+02 -8.291451e+01  1.400000e+01
     vertex -1.359274e+02 -8.302663e+01  1.400000e+01
   endloop
 endfacet
 facet normal -9.789017e-01  2.043319e-01  0.000000e+00
   outer loop
     vertex -1.358772e+02 -8.280171e+01  2.200000e+01
     vertex -1.359008e+02 -8.291451e+01  1.400000e+01
     vertex -1.359008e+02 -8.291451e+01  2.200000e+01
   endloop
 endfacet
 facet normal -9.789017e-01  2.043319e-01  0.000000e+00
   outer loop
     vertex -1.358772e+02 -8.280171e+01  2.200000e+01
     vertex -1.358772e+02 -8.280171e+01  1.400000e+01
     vertex -1.359008e+02 -8.291451e+01  1.400000e+01
   endloop
 endfacet
 facet normal -9.841389e-01  1.773998e-01  0.000000e+00
   outer loop
     vertex -1.358568e+02 -8.268831e+01  2.200000e+01
     vertex -1.358772e+02 -8.280171e+01  1.400000e+01
     vertex -1.358772e+02 -8.280171e+01  2.200000e+01
   endloop
 endfacet
 facet normal -9.841389e-01  1.773998e-01  0.000000e+00
   outer loop
     vertex -1.358568e+02 -8.268831e+01  2.200000e+01
     vertex -1.358568e+02 -8.268831e+01  1.400000e+01
     vertex -1.358772e+02 -8.280171e+01  1.400000e+01
   endloop
 endfacet
 facet normal -9.886353e-01  1.503341e-01  0.000000e+00
   outer loop
     vertex -1.358568e+02 -8.268831e+01  2.200000e+01
     vertex -1.358395e+02 -8.257438e+01  1.400000e+01
     vertex -1.358568e+02 -8.268831e+01  1.400000e+01
   endloop
 endfacet
 facet normal -9.886353e-01  1.503341e-01  0.000000e+00
   outer loop
     vertex -1.358395e+02 -8.257438e+01  2.200000e+01
     vertex -1.358395e+02 -8.257438e+01  1.400000e+01
     vertex -1.358568e+02 -8.268831e+01  2.200000e+01
   endloop
 endfacet
 facet normal -9.923874e-01  1.231552e-01  0.000000e+00
   outer loop
     vertex -1.358253e+02 -8.246003e+01  2.200000e+01
     vertex -1.358253e+02 -8.246003e+01  1.400000e+01
     vertex -1.358395e+02 -8.257438e+01  1.400000e+01
   endloop
 endfacet
 facet normal -9.923874e-01  1.231552e-01  0.000000e+00
   outer loop
     vertex -1.358253e+02 -8.246003e+01  2.200000e+01
     vertex -1.358395e+02 -8.257438e+01  1.400000e+01
     vertex -1.358395e+02 -8.257438e+01  2.200000e+01
   endloop
 endfacet
 facet normal -9.953925e-01  9.588368e-02  0.000000e+00
   outer loop
     vertex -1.358142e+02 -8.234532e+01  2.200000e+01
     vertex -1.358142e+02 -8.234532e+01  1.400000e+01
     vertex -1.358253e+02 -8.246003e+01  1.400000e+01
   endloop
 endfacet
 facet normal -9.953925e-01  9.588368e-02  0.000000e+00
   outer loop
     vertex -1.358142e+02 -8.234532e+01  2.200000e+01
     vertex -1.358253e+02 -8.246003e+01  1.400000e+01
     vertex -1.358253e+02 -8.246003e+01  2.200000e+01
   endloop
 endfacet
 facet normal -9.976484e-01  6.853995e-02  0.000000e+00
   outer loop
     vertex -1.358063e+02 -8.223036e+01  2.200000e+01
     vertex -1.358063e+02 -8.223036e+01  1.400000e+01
     vertex -1.358142e+02 -8.234532e+01  1.400000e+01
   endloop
 endfacet
 facet normal -9.976484e-01  6.853995e-02  0.000000e+00
   outer loop
     vertex -1.358063e+02 -8.223036e+01  2.200000e+01
     vertex -1.358142e+02 -8.234532e+01  1.400000e+01
     vertex -1.358142e+02 -8.234532e+01  2.200000e+01
   endloop
 endfacet
 facet normal -9.991532e-01  4.114462e-02  0.000000e+00
   outer loop
     vertex -1.358016e+02 -8.211522e+01  2.200000e+01
     vertex -1.358016e+02 -8.211522e+01  1.400000e+01
     vertex -1.358063e+02 -8.223036e+01  1.400000e+01
   endloop
 endfacet
 facet normal -9.991532e-01  4.114462e-02  0.000000e+00
   outer loop
     vertex -1.358016e+02 -8.211522e+01  2.200000e+01
     vertex -1.358063e+02 -8.223036e+01  1.400000e+01
     vertex -1.358063e+02 -8.223036e+01  2.200000e+01
   endloop
 endfacet
 facet normal -9.999059e-01  1.371831e-02  0.000000e+00
   outer loop
     vertex -1.358000e+02 -8.200000e+01  2.200000e+01
     vertex -1.358000e+02 -8.200000e+01  1.400000e+01
     vertex -1.358016e+02 -8.211522e+01  1.400000e+01
   endloop
 endfacet
 facet normal -9.999059e-01  1.371831e-02  0.000000e+00
   outer loop
     vertex -1.358000e+02 -8.200000e+01  2.200000e+01
     vertex -1.358016e+02 -8.211522e+01  1.400000e+01
     vertex -1.358016e+02 -8.211522e+01  2.200000e+01
   endloop
 endfacet
 facet normal -9.999059e-01 -1.371831e-02  0.000000e+00
   outer loop
     vertex -1.208016e+02 -7.788478e+01  2.200000e+01
     vertex -1.208000e+02 -7.800000e+01  1.400000e+01
     vertex -1.208000e+02 -7.800000e+01  2.200000e+01
   endloop
 endfacet
 facet normal -9.999059e-01 -1.371831e-02 -0.000000e+00
   outer loop
     vertex -1.208016e+02 -7.788478e+01  2.200000e+01
     vertex -1.208016e+02 -7.788478e+01  1.400000e+01
     vertex -1.208000e+02 -7.800000e+01  1.400000e+01
   endloop
 endfacet
 facet normal -9.991532e-01 -4.114462e-02 -0.000000e+00
   outer loop
     vertex -1.208063e+02 -7.776964e+01  2.200000e+01
     vertex -1.208063e+02 -7.776964e+01  1.400000e+01
     vertex -1.208016e+02 -7.788478e+01  1.400000e+01
   endloop
 endfacet
 facet normal -9.991532e-01 -4.114462e-02  0.000000e+00
   outer loop
     vertex -1.208063e+02 -7.776964e+01  2.200000e+01
     vertex -1.208016e+02 -7.788478e+01  1.400000e+01
     vertex -1.208016e+02 -7.788478e+01  2.200000e+01
   endloop
 endfacet
 facet normal -9.976484e-01 -6.853995e-02 -0.000000e+00
   outer loop
     vertex -1.208142e+02 -7.765468e+01  2.200000e+01
     vertex -1.208142e+02 -7.765468e+01  1.400000e+01
     vertex -1.208063e+02 -7.776964e+01  1.400000e+01
   endloop
 endfacet
 facet normal -9.976484e-01 -6.853995e-02  0.000000e+00
   outer loop
     vertex -1.208142e+02 -7.765468e+01  2.200000e+01
     vertex -1.208063e+02 -7.776964e+01  1.400000e+01
     vertex -1.208063e+02 -7.776964e+01  2.200000e+01
   endloop
 endfacet
 facet normal -9.953925e-01 -9.588368e-02 -0.000000e+00
   outer loop
     vertex -1.208253e+02 -7.753997e+01  2.200000e+01
     vertex -1.208253e+02 -7.753997e+01  1.400000e+01
     vertex -1.208142e+02 -7.765468e+01  1.400000e+01
   endloop
 endfacet
 facet normal -9.953925e-01 -9.588368e-02  0.000000e+00
   outer loop
     vertex -1.208253e+02 -7.753997e+01  2.200000e+01
     vertex -1.208142e+02 -7.765468e+01  1.400000e+01
     vertex -1.208142e+02 -7.765468e+01  2.200000e+01
   endloop
 endfacet
 facet normal -9.923874e-01 -1.231552e-01 -0.000000e+00
   outer loop
     vertex -1.208395e+02 -7.742562e+01  2.200000e+01
     vertex -1.208395e+02 -7.742562e+01  1.400000e+01
     vertex -1.208253e+02 -7.753997e+01  1.400000e+01
   endloop
 endfacet
 facet normal -9.923874e-01 -1.231552e-01  0.000000e+00
   outer loop
     vertex -1.208395e+02 -7.742562e+01  2.200000e+01
     vertex -1.208253e+02 -7.753997e+01  1.400000e+01
     vertex -1.208253e+02 -7.753997e+01  2.200000e+01
   endloop
 endfacet
 facet normal -9.886353e-01 -1.503341e-01 -0.000000e+00
   outer loop
     vertex -1.208568e+02 -7.731169e+01  2.200000e+01
     vertex -1.208568e+02 -7.731169e+01  1.400000e+01
     vertex -1.208395e+02 -7.742562e+01  1.400000e+01
   endloop
 endfacet
 facet normal -9.886353e-01 -1.503341e-01  0.000000e+00
   outer loop
     vertex -1.208568e+02 -7.731169e+01  2.200000e+01
     vertex -1.208395e+02 -7.742562e+01  1.400000e+01
     vertex -1.208395e+02 -7.742562e+01  2.200000e+01
   endloop
 endfacet
 facet normal -9.841389e-01 -1.773998e-01 -0.000000e+00
   outer loop
     vertex -1.208772e+02 -7.719829e+01  2.200000e+01
     vertex -1.208772e+02 -7.719829e+01  1.400000e+01
     vertex -1.208568e+02 -7.731169e+01  1.400000e+01
   endloop
 endfacet
 facet normal -9.841389e-01 -1.773998e-01  0.000000e+00
   outer loop
     vertex -1.208772e+02 -7.719829e+01  2.200000e+01
     vertex -1.208568e+02 -7.731169e+01  1.400000e+01
     vertex -1.208568e+02 -7.731169e+01  2.200000e+01
   endloop
 endfacet
 facet normal -9.789017e-01 -2.043319e-01 -0.000000e+00
   outer loop
     vertex -1.209008e+02 -7.708549e+01  2.200000e+01
     vertex -1.209008e+02 -7.708549e+01  1.400000e+01
     vertex -1.208772e+02 -7.719829e+01  1.400000e+01
   endloop
 endfacet
 facet normal -9.789017e-01 -2.043319e-01  0.000000e+00
   outer loop
     vertex -1.209008e+02 -7.708549e+01  2.200000e+01
     vertex -1.208772e+02 -7.719829e+01  1.400000e+01
     vertex -1.208772e+02 -7.719829e+01  2.200000e+01
   endloop
 endfacet
 facet normal -9.729276e-01 -2.311102e-01 -0.000000e+00
   outer loop
     vertex -1.209274e+02 -7.697337e+01  2.200000e+01
     vertex -1.209274e+02 -7.697337e+01  1.400000e+01
     vertex -1.209008e+02 -7.708549e+01  1.400000e+01
   endloop
 endfacet
 facet normal -9.662211e-01 -2.577146e-01 -0.000000e+00
   outer loop
     vertex -1.209274e+02 -7.697337e+01  2.200000e+01
     vertex -1.209571e+02 -7.686203e+01  1.400000e+01
     vertex -1.209274e+02 -7.697337e+01  1.400000e+01
   endloop
 endfacet
 facet normal -9.729276e-01 -2.311102e-01  0.000000e+00
   outer loop
     vertex -1.209274e+02 -7.697337e+01  2.200000e+01
     vertex -1.209008e+02 -7.708549e+01  1.400000e+01
     vertex -1.209008e+02 -7.708549e+01  2.200000e+01
   endloop
 endfacet
 facet normal -9.662211e-01 -2.577146e-01 -0.000000e+00
   outer loop
     vertex -1.209571e+02 -7.686203e+01  2.200000e+01
     vertex -1.209571e+02 -7.686203e+01  1.400000e+01
     vertex -1.209274e+02 -7.697337e+01  2.200000e+01
   endloop
 endfacet
 facet normal -9.587873e-01 -2.841250e-01  0.000000e+00
   outer loop
     vertex -1.209898e+02 -7.675155e+01  2.200000e+01
     vertex -1.209571e+02 -7.686203e+01  1.400000e+01
     vertex -1.209571e+02 -7.686203e+01  2.200000e+01
   endloop
 endfacet
 facet normal -9.587873e-01 -2.841250e-01 -0.000000e+00
   outer loop
     vertex -1.209898e+02 -7.675155e+01  2.200000e+01
     vertex -1.209898e+02 -7.675155e+01  1.400000e+01
     vertex -1.209571e+02 -7.686203e+01  1.400000e+01
   endloop
 endfacet
 facet normal -9.506317e-01 -3.103214e-01  0.000000e+00
   outer loop
     vertex -1.210256e+02 -7.664200e+01  2.200000e+01
     vertex -1.209898e+02 -7.675155e+01  1.400000e+01
     vertex -1.209898e+02 -7.675155e+01  2.200000e+01
   endloop
 endfacet
 facet normal -9.506317e-01 -3.103214e-01 -0.000000e+00
   outer loop
     vertex -1.210256e+02 -7.664200e+01  2.200000e+01
     vertex -1.210256e+02 -7.664200e+01  1.400000e+01
     vertex -1.209898e+02 -7.675155e+01  1.400000e+01
   endloop
 endfacet
 facet normal -9.417605e-01 -3.362843e-01  0.000000e+00
   outer loop
     vertex -1.210644e+02 -7.653348e+01  2.200000e+01
     vertex -1.210256e+02 -7.664200e+01  1.400000e+01
     vertex -1.210256e+02 -7.664200e+01  2.200000e+01
   endloop
 endfacet
 facet normal -9.417605e-01 -3.362843e-01 -0.000000e+00
   outer loop
     vertex -1.210644e+02 -7.653348e+01  2.200000e+01
     vertex -1.210644e+02 -7.653348e+01  1.400000e+01
     vertex -1.210256e+02 -7.664200e+01  1.400000e+01
   endloop
 endfacet
 facet normal -9.321804e-01 -3.619940e-01  0.000000e+00
   outer loop
     vertex -1.211061e+02 -7.642606e+01  2.200000e+01
     vertex -1.210644e+02 -7.653348e+01  1.400000e+01
     vertex -1.210644e+02 -7.653348e+01  2.200000e+01
   endloop
 endfacet
 facet normal -9.321804e-01 -3.619940e-01 -0.000000e+00
   outer loop
     vertex -1.211061e+02 -7.642606e+01  2.200000e+01
     vertex -1.211061e+02 -7.642606e+01  1.400000e+01
     vertex -1.210644e+02 -7.653348e+01  1.400000e+01
   endloop
 endfacet
 facet normal -9.218986e-01 -3.874313e-01 -0.000000e+00
   outer loop
     vertex -1.211061e+02 -7.642606e+01  2.200000e+01
     vertex -1.211507e+02 -7.631982e+01  1.400000e+01
     vertex -1.211061e+02 -7.642606e+01  1.400000e+01
   endloop
 endfacet
 facet normal -9.218986e-01 -3.874313e-01 -0.000000e+00
   outer loop
     vertex -1.211507e+02 -7.631982e+01  2.200000e+01
     vertex -1.211507e+02 -7.631982e+01  1.400000e+01
     vertex -1.211061e+02 -7.642606e+01  2.200000e+01
   endloop
 endfacet
 facet normal -9.109228e-01 -4.125769e-01 -0.000000e+00
   outer loop
     vertex -1.211507e+02 -7.631982e+01  2.200000e+01
     vertex -1.211983e+02 -7.621486e+01  1.400000e+01
     vertex -1.211507e+02 -7.631982e+01  1.400000e+01
   endloop
 endfacet
 facet normal -9.109228e-01 -4.125769e-01 -0.000000e+00
   outer loop
     vertex -1.211983e+02 -7.621486e+01  2.200000e+01
     vertex -1.211983e+02 -7.621486e+01  1.400000e+01
     vertex -1.211507e+02 -7.631982e+01  2.200000e+01
   endloop
 endfacet
 facet normal -8.992613e-01 -4.374119e-01  0.000000e+00
   outer loop
     vertex -1.212487e+02 -7.611123e+01  2.200000e+01
     vertex -1.211983e+02 -7.621486e+01  1.400000e+01
     vertex -1.211983e+02 -7.621486e+01  2.200000e+01
   endloop
 endfacet
 facet normal -8.992613e-01 -4.374119e-01 -0.000000e+00
   outer loop
     vertex -1.212487e+02 -7.611123e+01  2.200000e+01
     vertex -1.212487e+02 -7.611123e+01  1.400000e+01
     vertex -1.211983e+02 -7.621486e+01  1.400000e+01
   endloop
 endfacet
 facet normal -8.869228e-01 -4.619176e-01  0.000000e+00
   outer loop
     vertex -1.213019e+02 -7.600903e+01  2.200000e+01
     vertex -1.212487e+02 -7.611123e+01  1.400000e+01
     vertex -1.212487e+02 -7.611123e+01  2.200000e+01
   endloop
 endfacet
 facet normal -8.869228e-01 -4.619176e-01 -0.000000e+00
   outer loop
     vertex -1.213019e+02 -7.600903e+01  2.200000e+01
     vertex -1.213019e+02 -7.600903e+01  1.400000e+01
     vertex -1.212487e+02 -7.611123e+01  1.400000e+01
   endloop
 endfacet
 facet normal -8.739167e-01 -4.860756e-01 -0.000000e+00
   outer loop
     vertex -1.213019e+02 -7.600903e+01  2.200000e+01
     vertex -1.213579e+02 -7.590832e+01  1.400000e+01
     vertex -1.213019e+02 -7.600903e+01  1.400000e+01
   endloop
 endfacet
 facet normal -8.739167e-01 -4.860756e-01 -0.000000e+00
   outer loop
     vertex -1.213579e+02 -7.590832e+01  2.200000e+01
     vertex -1.213579e+02 -7.590832e+01  1.400000e+01
     vertex -1.213019e+02 -7.600903e+01  2.200000e+01
   endloop
 endfacet
 facet normal -8.602528e-01 -5.098678e-01  0.000000e+00
   outer loop
     vertex -1.214167e+02 -7.580919e+01  2.200000e+01
     vertex -1.213579e+02 -7.590832e+01  1.400000e+01
     vertex -1.213579e+02 -7.590832e+01  2.200000e+01
   endloop
 endfacet
 facet normal -8.602528e-01 -5.098678e-01 -0.000000e+00
   outer loop
     vertex -1.214167e+02 -7.580919e+01  2.200000e+01
     vertex -1.214167e+02 -7.580919e+01  1.400000e+01
     vertex -1.213579e+02 -7.590832e+01  1.400000e+01
   endloop
 endfacet
 facet normal -8.459413e-01 -5.332761e-01  0.000000e+00
   outer loop
     vertex -1.214781e+02 -7.571171e+01  2.200000e+01
     vertex -1.214167e+02 -7.580919e+01  1.400000e+01
     vertex -1.214167e+02 -7.580919e+01  2.200000e+01
   endloop
 endfacet
 facet normal -8.459413e-01 -5.332761e-01 -0.000000e+00
   outer loop
     vertex -1.214781e+02 -7.571171e+01  2.200000e+01
     vertex -1.214781e+02 -7.571171e+01  1.400000e+01
     vertex -1.214167e+02 -7.580919e+01  1.400000e+01
   endloop
 endfacet
 facet normal -8.309929e-01 -5.562829e-01 -0.000000e+00
   outer loop
     vertex -1.215422e+02 -7.561595e+01  2.200000e+01
     vertex -1.215422e+02 -7.561595e+01  1.400000e+01
     vertex -1.214781e+02 -7.571171e+01  1.400000e+01
   endloop
 endfacet
 facet normal -8.309929e-01 -5.562829e-01  0.000000e+00
   outer loop
     vertex -1.215422e+02 -7.561595e+01  2.200000e+01
     vertex -1.214781e+02 -7.571171e+01  1.400000e+01
     vertex -1.214781e+02 -7.571171e+01  2.200000e+01
   endloop
 endfacet
 facet normal -8.154191e-01 -5.788711e-01 -0.000000e+00
   outer loop
     vertex -1.215422e+02 -7.561595e+01  2.200000e+01
     vertex -1.216089e+02 -7.552199e+01  1.400000e+01
     vertex -1.215422e+02 -7.561595e+01  1.400000e+01
   endloop
 endfacet
 facet normal -8.154191e-01 -5.788711e-01 -0.000000e+00
   outer loop
     vertex -1.216089e+02 -7.552199e+01  2.200000e+01
     vertex -1.216089e+02 -7.552199e+01  1.400000e+01
     vertex -1.215422e+02 -7.561595e+01  2.200000e+01
   endloop
 endfacet
 facet normal -7.992314e-01 -6.010234e-01  0.000000e+00
   outer loop
     vertex -1.216782e+02 -7.542989e+01  2.200000e+01
     vertex -1.216089e+02 -7.552199e+01  1.400000e+01
     vertex -1.216089e+02 -7.552199e+01  2.200000e+01
   endloop
 endfacet
 facet normal -7.992314e-01 -6.010234e-01 -0.000000e+00
   outer loop
     vertex -1.216782e+02 -7.542989e+01  2.200000e+01
     vertex -1.216782e+02 -7.542989e+01  1.400000e+01
     vertex -1.216089e+02 -7.552199e+01  1.400000e+01
   endloop
 endfacet
 facet normal -7.824421e-01 -6.227234e-01 -0.000000e+00
   outer loop
     vertex -1.217499e+02 -7.533973e+01  2.200000e+01
     vertex -1.217499e+02 -7.533973e+01  1.400000e+01
     vertex -1.216782e+02 -7.542989e+01  1.400000e+01
   endloop
 endfacet
 facet normal -7.824421e-01 -6.227234e-01  0.000000e+00
   outer loop
     vertex -1.217499e+02 -7.533973e+01  2.200000e+01
     vertex -1.216782e+02 -7.542989e+01  1.400000e+01
     vertex -1.216782e+02 -7.542989e+01  2.200000e+01
   endloop
 endfacet
 facet normal -7.650637e-01 -6.439545e-01 -0.000000e+00
   outer loop
     vertex -1.218241e+02 -7.525156e+01  2.200000e+01
     vertex -1.218241e+02 -7.525156e+01  1.400000e+01
     vertex -1.217499e+02 -7.533973e+01  1.400000e+01
   endloop
 endfacet
 facet normal -7.650637e-01 -6.439545e-01  0.000000e+00
   outer loop
     vertex -1.218241e+02 -7.525156e+01  2.200000e+01
     vertex -1.217499e+02 -7.533973e+01  1.400000e+01
     vertex -1.217499e+02 -7.533973e+01  2.200000e+01
   endloop
 endfacet
 facet normal -7.471095e-01 -6.647010e-01 -0.000000e+00
   outer loop
     vertex -1.219007e+02 -7.516547e+01  2.200000e+01
     vertex -1.219007e+02 -7.516547e+01  1.400000e+01
     vertex -1.218241e+02 -7.525156e+01  1.400000e+01
   endloop
 endfacet
 facet normal -7.471095e-01 -6.647010e-01  0.000000e+00
   outer loop
     vertex -1.219007e+02 -7.516547e+01  2.200000e+01
     vertex -1.218241e+02 -7.525156e+01  1.400000e+01
     vertex -1.218241e+02 -7.525156e+01  2.200000e+01
   endloop
 endfacet
 facet normal -7.285929e-01 -6.849470e-01 -0.000000e+00
   outer loop
     vertex -1.219797e+02 -7.508151e+01  2.200000e+01
     vertex -1.219797e+02 -7.508151e+01  1.400000e+01
     vertex -1.219007e+02 -7.516547e+01  1.400000e+01
   endloop
 endfacet
 facet normal -7.285929e-01 -6.849470e-01  0.000000e+00
   outer loop
     vertex -1.219797e+02 -7.508151e+01  2.200000e+01
     vertex -1.219007e+02 -7.516547e+01  1.400000e+01
     vertex -1.219007e+02 -7.516547e+01  2.200000e+01
   endloop
 endfacet
 facet normal -7.095278e-01 -7.046775e-01 -0.000000e+00
   outer loop
     vertex -1.220609e+02 -7.499975e+01  2.200000e+01
     vertex -1.220609e+02 -7.499975e+01  1.400000e+01
     vertex -1.219797e+02 -7.508151e+01  1.400000e+01
   endloop
 endfacet
 facet normal -7.095278e-01 -7.046775e-01  0.000000e+00
   outer loop
     vertex -1.220609e+02 -7.499975e+01  2.200000e+01
     vertex -1.219797e+02 -7.508151e+01  1.400000e+01
     vertex -1.219797e+02 -7.508151e+01  2.200000e+01
   endloop
 endfacet
 facet normal -6.899286e-01 -7.238775e-01 -0.000000e+00
   outer loop
     vertex -1.221443e+02 -7.492025e+01  2.200000e+01
     vertex -1.221443e+02 -7.492025e+01  1.400000e+01
     vertex -1.220609e+02 -7.499975e+01  1.400000e+01
   endloop
 endfacet
 facet normal -6.899286e-01 -7.238775e-01  0.000000e+00
   outer loop
     vertex -1.221443e+02 -7.492025e+01  2.200000e+01
     vertex -1.220609e+02 -7.499975e+01  1.400000e+01
     vertex -1.220609e+02 -7.499975e+01  2.200000e+01
   endloop
 endfacet
 facet normal -6.698100e-01 -7.425325e-01 -0.000000e+00
   outer loop
     vertex -1.222298e+02 -7.484306e+01  2.200000e+01
     vertex -1.222298e+02 -7.484306e+01  1.400000e+01
     vertex -1.221443e+02 -7.492025e+01  1.400000e+01
   endloop
 endfacet
 facet normal -6.698100e-01 -7.425325e-01  0.000000e+00
   outer loop
     vertex -1.222298e+02 -7.484306e+01  2.200000e+01
     vertex -1.221443e+02 -7.492025e+01  1.400000e+01
     vertex -1.221443e+02 -7.492025e+01  2.200000e+01
   endloop
 endfacet
 facet normal -6.491872e-01 -7.606287e-01 -0.000000e+00
   outer loop
     vertex -1.223175e+02 -7.476826e+01  2.200000e+01
     vertex -1.223175e+02 -7.476826e+01  1.400000e+01
     vertex -1.222298e+02 -7.484306e+01  1.400000e+01
   endloop
 endfacet
 facet normal -6.491872e-01 -7.606287e-01  0.000000e+00
   outer loop
     vertex -1.223175e+02 -7.476826e+01  2.200000e+01
     vertex -1.222298e+02 -7.484306e+01  1.400000e+01
     vertex -1.222298e+02 -7.484306e+01  2.200000e+01
   endloop
 endfacet
 facet normal -6.280757e-01 -7.781522e-01 -0.000000e+00
   outer loop
     vertex -1.224072e+02 -7.469588e+01  2.200000e+01
     vertex -1.224072e+02 -7.469588e+01  1.400000e+01
     vertex -1.223175e+02 -7.476826e+01  1.400000e+01
   endloop
 endfacet
 facet normal -6.280757e-01 -7.781522e-01  0.000000e+00
   outer loop
     vertex -1.224072e+02 -7.469588e+01  2.200000e+01
     vertex -1.223175e+02 -7.476826e+01  1.400000e+01
     vertex -1.223175e+02 -7.476826e+01  2.200000e+01
   endloop
 endfacet
 facet normal -6.064915e-01 -7.950900e-01 -0.000000e+00
   outer loop
     vertex -1.224988e+02 -7.462599e+01  2.200000e+01
     vertex -1.224988e+02 -7.462599e+01  1.400000e+01
     vertex -1.224072e+02 -7.469588e+01  1.400000e+01
   endloop
 endfacet
 facet normal -5.844507e-01 -8.114292e-01 -0.000000e+00
   outer loop
     vertex -1.224988e+02 -7.462599e+01  2.200000e+01
     vertex -1.225923e+02 -7.455864e+01  1.400000e+01
     vertex -1.224988e+02 -7.462599e+01  1.400000e+01
   endloop
 endfacet
 facet normal -6.064915e-01 -7.950900e-01  0.000000e+00
   outer loop
     vertex -1.224988e+02 -7.462599e+01  2.200000e+01
     vertex -1.224072e+02 -7.469588e+01  1.400000e+01
     vertex -1.224072e+02 -7.469588e+01  2.200000e+01
   endloop
 endfacet
 facet normal -5.844507e-01 -8.114292e-01 -0.000000e+00
   outer loop
     vertex -1.225923e+02 -7.455864e+01  2.200000e+01
     vertex -1.225923e+02 -7.455864e+01  1.400000e+01
     vertex -1.224988e+02 -7.462599e+01  2.200000e+01
   endloop
 endfacet
 facet normal -5.619699e-01 -8.271577e-01  0.000000e+00
   outer loop
     vertex -1.226876e+02 -7.449389e+01  2.200000e+01
     vertex -1.225923e+02 -7.455864e+01  1.400000e+01
     vertex -1.225923e+02 -7.455864e+01  2.200000e+01
   endloop
 endfacet
 facet normal -5.619699e-01 -8.271577e-01 -0.000000e+00
   outer loop
     vertex -1.226876e+02 -7.449389e+01  2.200000e+01
     vertex -1.226876e+02 -7.449389e+01  1.400000e+01
     vertex -1.225923e+02 -7.455864e+01  1.400000e+01
   endloop
 endfacet
 facet normal -5.390661e-01 -8.422635e-01  0.000000e+00
   outer loop
     vertex -1.227847e+02 -7.443177e+01  2.200000e+01
     vertex -1.226876e+02 -7.449389e+01  1.400000e+01
     vertex -1.226876e+02 -7.449389e+01  2.200000e+01
   endloop
 endfacet
 facet normal -5.390661e-01 -8.422635e-01 -0.000000e+00
   outer loop
     vertex -1.227847e+02 -7.443177e+01  2.200000e+01
     vertex -1.227847e+02 -7.443177e+01  1.400000e+01
     vertex -1.226876e+02 -7.449389e+01  1.400000e+01
   endloop
 endfacet
 facet normal -5.157565e-01 -8.567352e-01 -0.000000e+00
   outer loop
     vertex -1.227847e+02 -7.443177e+01  2.200000e+01
     vertex -1.228834e+02 -7.437233e+01  1.400000e+01
     vertex -1.227847e+02 -7.443177e+01  1.400000e+01
   endloop
 endfacet
 facet normal -5.157565e-01 -8.567352e-01 -0.000000e+00
   outer loop
     vertex -1.228834e+02 -7.437233e+01  2.200000e+01
     vertex -1.228834e+02 -7.437233e+01  1.400000e+01
     vertex -1.227847e+02 -7.443177e+01  2.200000e+01
   endloop
 endfacet
 facet normal -4.920587e-01 -8.705620e-01  0.000000e+00
   outer loop
     vertex -1.229837e+02 -7.431563e+01  2.200000e+01
     vertex -1.228834e+02 -7.437233e+01  1.400000e+01
     vertex -1.228834e+02 -7.437233e+01  2.200000e+01
   endloop
 endfacet
 facet normal -4.920587e-01 -8.705620e-01 -0.000000e+00
   outer loop
     vertex -1.229837e+02 -7.431563e+01  2.200000e+01
     vertex -1.229837e+02 -7.431563e+01  1.400000e+01
     vertex -1.228834e+02 -7.437233e+01  1.400000e+01
   endloop
 endfacet
 facet normal -4.679904e-01 -8.837335e-01  0.000000e+00
   outer loop
     vertex -1.230855e+02 -7.426170e+01  2.200000e+01
     vertex -1.229837e+02 -7.431563e+01  1.400000e+01
     vertex -1.229837e+02 -7.431563e+01  2.200000e+01
   endloop
 endfacet
 facet normal -4.679904e-01 -8.837335e-01 -0.000000e+00
   outer loop
     vertex -1.230855e+02 -7.426170e+01  2.200000e+01
     vertex -1.230855e+02 -7.426170e+01  1.400000e+01
     vertex -1.229837e+02 -7.431563e+01  1.400000e+01
   endloop
 endfacet
 facet normal -4.435699e-01 -8.962398e-01  0.000000e+00
   outer loop
     vertex -1.231888e+02 -7.421059e+01  2.200000e+01
     vertex -1.230855e+02 -7.426170e+01  1.400000e+01
     vertex -1.230855e+02 -7.426170e+01  2.200000e+01
   endloop
 endfacet
 facet normal -4.435699e-01 -8.962398e-01 -0.000000e+00
   outer loop
     vertex -1.231888e+02 -7.421059e+01  2.200000e+01
     vertex -1.231888e+02 -7.421059e+01  1.400000e+01
     vertex -1.230855e+02 -7.426170e+01  1.400000e+01
   endloop
 endfacet
 facet normal -4.188155e-01 -9.080714e-01  0.000000e+00
   outer loop
     vertex -1.232935e+02 -7.416233e+01  2.200000e+01
     vertex -1.231888e+02 -7.421059e+01  1.400000e+01
     vertex -1.231888e+02 -7.421059e+01  2.200000e+01
   endloop
 endfacet
 facet normal -4.188155e-01 -9.080714e-01 -0.000000e+00
   outer loop
     vertex -1.232935e+02 -7.416233e+01  2.200000e+01
     vertex -1.232935e+02 -7.416233e+01  1.400000e+01
     vertex -1.231888e+02 -7.421059e+01  1.400000e+01
   endloop
 endfacet
 facet normal -3.937458e-01 -9.192194e-01  0.000000e+00
   outer loop
     vertex -1.233994e+02 -7.411696e+01  2.200000e+01
     vertex -1.232935e+02 -7.416233e+01  1.400000e+01
     vertex -1.232935e+02 -7.416233e+01  2.200000e+01
   endloop
 endfacet
 facet normal -3.937458e-01 -9.192194e-01 -0.000000e+00
   outer loop
     vertex -1.233994e+02 -7.411696e+01  2.200000e+01
     vertex -1.233994e+02 -7.411696e+01  1.400000e+01
     vertex -1.232935e+02 -7.416233e+01  1.400000e+01
   endloop
 endfacet
 facet normal -3.683796e-01 -9.296754e-01  0.000000e+00
   outer loop
     vertex -1.235065e+02 -7.407451e+01  2.200000e+01
     vertex -1.233994e+02 -7.411696e+01  1.400000e+01
     vertex -1.233994e+02 -7.411696e+01  2.200000e+01
   endloop
 endfacet
 facet normal -3.683796e-01 -9.296754e-01 -0.000000e+00
   outer loop
     vertex -1.235065e+02 -7.407451e+01  2.200000e+01
     vertex -1.235065e+02 -7.407451e+01  1.400000e+01
     vertex -1.233994e+02 -7.411696e+01  1.400000e+01
   endloop
 endfacet
 facet normal -3.427362e-01 -9.394317e-01  0.000000e+00
   outer loop
     vertex -1.236148e+02 -7.403501e+01  2.200000e+01
     vertex -1.235065e+02 -7.407451e+01  1.400000e+01
     vertex -1.235065e+02 -7.407451e+01  2.200000e+01
   endloop
 endfacet
 facet normal -3.427362e-01 -9.394317e-01 -0.000000e+00
   outer loop
     vertex -1.236148e+02 -7.403501e+01  2.200000e+01
     vertex -1.236148e+02 -7.403501e+01  1.400000e+01
     vertex -1.235065e+02 -7.407451e+01  1.400000e+01
   endloop
 endfacet
 facet normal -3.168348e-01 -9.484807e-01 -0.000000e+00
   outer loop
     vertex -1.236148e+02 -7.403501e+01  2.200000e+01
     vertex -1.237241e+02 -7.399850e+01  1.400000e+01
     vertex -1.236148e+02 -7.403501e+01  1.400000e+01
   endloop
 endfacet
 facet normal -3.168348e-01 -9.484807e-01 -0.000000e+00
   outer loop
     vertex -1.237241e+02 -7.399850e+01  2.200000e+01
     vertex -1.237241e+02 -7.399850e+01  1.400000e+01
     vertex -1.236148e+02 -7.403501e+01  2.200000e+01
   endloop
 endfacet
 facet normal -2.906949e-01 -9.568158e-01  0.000000e+00
   outer loop
     vertex -1.238343e+02 -7.396500e+01  2.200000e+01
     vertex -1.237241e+02 -7.399850e+01  1.400000e+01
     vertex -1.237241e+02 -7.399850e+01  2.200000e+01
   endloop
 endfacet
 facet normal -2.906949e-01 -9.568158e-01 -0.000000e+00
   outer loop
     vertex -1.238343e+02 -7.396500e+01  2.200000e+01
     vertex -1.238343e+02 -7.396500e+01  1.400000e+01
     vertex -1.237241e+02 -7.399850e+01  1.400000e+01
   endloop
 endfacet
 facet normal -2.643362e-01 -9.644306e-01  0.000000e+00
   outer loop
     vertex -1.239455e+02 -7.393454e+01  2.200000e+01
     vertex -1.238343e+02 -7.396500e+01  1.400000e+01
     vertex -1.238343e+02 -7.396500e+01  2.200000e+01
   endloop
 endfacet
 facet normal -2.643362e-01 -9.644306e-01 -0.000000e+00
   outer loop
     vertex -1.239455e+02 -7.393454e+01  2.200000e+01
     vertex -1.239455e+02 -7.393454e+01  1.400000e+01
     vertex -1.238343e+02 -7.396500e+01  1.400000e+01
   endloop
 endfacet
 facet normal -2.377784e-01 -9.713194e-01 -0.000000e+00
   outer loop
     vertex -1.239455e+02 -7.393454e+01  2.200000e+01
     vertex -1.240574e+02 -7.390714e+01  1.400000e+01
     vertex -1.239455e+02 -7.393454e+01  1.400000e+01
   endloop
 endfacet
 facet normal -2.377784e-01 -9.713194e-01 -0.000000e+00
   outer loop
     vertex -1.240574e+02 -7.390714e+01  2.200000e+01
     vertex -1.240574e+02 -7.390714e+01  1.400000e+01
     vertex -1.239455e+02 -7.393454e+01  2.200000e+01
   endloop
 endfacet
 facet normal -2.110417e-01 -9.774771e-01 -0.000000e+00
   outer loop
     vertex -1.240574e+02 -7.390714e+01  2.200000e+01
     vertex -1.241700e+02 -7.388282e+01  1.400000e+01
     vertex -1.240574e+02 -7.390714e+01  1.400000e+01
   endloop
 endfacet
 facet normal -2.110417e-01 -9.774771e-01 -0.000000e+00
   outer loop
     vertex -1.241700e+02 -7.388282e+01  2.200000e+01
     vertex -1.241700e+02 -7.388282e+01  1.400000e+01
     vertex -1.240574e+02 -7.390714e+01  2.200000e+01
   endloop
 endfacet
 facet normal -1.841461e-01 -9.828989e-01  0.000000e+00
   outer loop
     vertex -1.242833e+02 -7.386160e+01  2.200000e+01
     vertex -1.241700e+02 -7.388282e+01  1.400000e+01
     vertex -1.241700e+02 -7.388282e+01  2.200000e+01
   endloop
 endfacet
 facet normal -1.841461e-01 -9.828989e-01 -0.000000e+00
   outer loop
     vertex -1.242833e+02 -7.386160e+01  2.200000e+01
     vertex -1.242833e+02 -7.386160e+01  1.400000e+01
     vertex -1.241700e+02 -7.388282e+01  1.400000e+01
   endloop
 endfacet
 facet normal -1.571119e-01 -9.875808e-01  0.000000e+00
   outer loop
     vertex -1.243971e+02 -7.384350e+01  2.200000e+01
     vertex -1.242833e+02 -7.386160e+01  1.400000e+01
     vertex -1.242833e+02 -7.386160e+01  2.200000e+01
   endloop
 endfacet
 facet normal -1.571119e-01 -9.875808e-01 -0.000000e+00
   outer loop
     vertex -1.243971e+02 -7.384350e+01  2.200000e+01
     vertex -1.243971e+02 -7.384350e+01  1.400000e+01
     vertex -1.242833e+02 -7.386160e+01  1.400000e+01
   endloop
 endfacet
 facet normal -1.299594e-01 -9.915193e-01  0.000000e+00
   outer loop
     vertex -1.245113e+02 -7.382852e+01  2.200000e+01
     vertex -1.243971e+02 -7.384350e+01  1.400000e+01
     vertex -1.243971e+02 -7.384350e+01  2.200000e+01
   endloop
 endfacet
 facet normal -1.299594e-01 -9.915193e-01 -0.000000e+00
   outer loop
     vertex -1.245113e+02 -7.382852e+01  2.200000e+01
     vertex -1.245113e+02 -7.382852e+01  1.400000e+01
     vertex -1.243971e+02 -7.384350e+01  1.400000e+01
   endloop
 endfacet
 facet normal -1.027091e-01 -9.947114e-01  0.000000e+00
   outer loop
     vertex -1.246260e+02 -7.381669e+01  2.200000e+01
     vertex -1.245113e+02 -7.382852e+01  1.400000e+01
     vertex -1.245113e+02 -7.382852e+01  2.200000e+01
   endloop
 endfacet
 facet normal -1.027091e-01 -9.947114e-01 -0.000000e+00
   outer loop
     vertex -1.246260e+02 -7.381669e+01  2.200000e+01
     vertex -1.246260e+02 -7.381669e+01  1.400000e+01
     vertex -1.245113e+02 -7.382852e+01  1.400000e+01
   endloop
 endfacet
 facet normal -7.538152e-02 -9.971548e-01 -0.000000e+00
   outer loop
     vertex -1.246260e+02 -7.381669e+01  2.200000e+01
     vertex -1.247409e+02 -7.380800e+01  1.400000e+01
     vertex -1.246260e+02 -7.381669e+01  1.400000e+01
   endloop
 endfacet
 facet normal -7.538152e-02 -9.971548e-01 -0.000000e+00
   outer loop
     vertex -1.247409e+02 -7.380800e+01  2.200000e+01
     vertex -1.247409e+02 -7.380800e+01  1.400000e+01
     vertex -1.246260e+02 -7.381669e+01  2.200000e+01
   endloop
 endfacet
 facet normal -4.799716e-02 -9.988475e-01  0.000000e+00
   outer loop
     vertex -1.248560e+02 -7.380247e+01  2.200000e+01
     vertex -1.247409e+02 -7.380800e+01  1.400000e+01
     vertex -1.247409e+02 -7.380800e+01  2.200000e+01
   endloop
 endfacet
 facet normal -4.799716e-02 -9.988475e-01 -0.000000e+00
   outer loop
     vertex -1.248560e+02 -7.380247e+01  2.200000e+01
     vertex -1.248560e+02 -7.380247e+01  1.400000e+01
     vertex -1.247409e+02 -7.380800e+01  1.400000e+01
   endloop
 endfacet
 facet normal -2.057667e-02 -9.997883e-01 -0.000000e+00
   outer loop
     vertex -1.249712e+02 -7.380010e+01  2.200000e+01
     vertex -1.249712e+02 -7.380010e+01  1.400000e+01
     vertex -1.248560e+02 -7.380247e+01  1.400000e+01
   endloop
 endfacet
 facet normal -2.057667e-02 -9.997883e-01  0.000000e+00
   outer loop
     vertex -1.249712e+02 -7.380010e+01  2.200000e+01
     vertex -1.248560e+02 -7.380247e+01  1.400000e+01
     vertex -1.248560e+02 -7.380247e+01  2.200000e+01
   endloop
 endfacet
 facet normal  6.859319e-03 -9.999765e-01  0.000000e+00
   outer loop
     vertex -1.249712e+02 -7.380010e+01  2.200000e+01
     vertex -1.250864e+02 -7.380089e+01  1.400000e+01
     vertex -1.249712e+02 -7.380010e+01  1.400000e+01
   endloop
 endfacet
 facet normal  6.859319e-03 -9.999765e-01  0.000000e+00
   outer loop
     vertex -1.250864e+02 -7.380089e+01  2.200000e+01
     vertex -1.250864e+02 -7.380089e+01  1.400000e+01
     vertex -1.249712e+02 -7.380010e+01  2.200000e+01
   endloop
 endfacet
 facet normal  3.429014e-02 -9.994119e-01  0.000000e+00
   outer loop
     vertex -1.252016e+02 -7.380484e+01  2.200000e+01
     vertex -1.252016e+02 -7.380484e+01  1.400000e+01
     vertex -1.250864e+02 -7.380089e+01  1.400000e+01
   endloop
 endfacet
 facet normal  6.169515e-02 -9.980950e-01  0.000000e+00
   outer loop
     vertex -1.252016e+02 -7.380484e+01  2.200000e+01
     vertex -1.253166e+02 -7.381195e+01  1.400000e+01
     vertex -1.252016e+02 -7.380484e+01  1.400000e+01
   endloop
 endfacet
 facet normal  3.429014e-02 -9.994119e-01  0.000000e+00
   outer loop
     vertex -1.252016e+02 -7.380484e+01  2.200000e+01
     vertex -1.250864e+02 -7.380089e+01  1.400000e+01
     vertex -1.250864e+02 -7.380089e+01  2.200000e+01
   endloop
 endfacet
 facet normal  8.905371e-02 -9.960268e-01  0.000000e+00
   outer loop
     vertex -1.253166e+02 -7.381195e+01  2.200000e+01
     vertex -1.254314e+02 -7.382221e+01  1.400000e+01
     vertex -1.253166e+02 -7.381195e+01  1.400000e+01
   endloop
 endfacet
 facet normal  6.169515e-02 -9.980950e-01  0.000000e+00
   outer loop
     vertex -1.253166e+02 -7.381195e+01  2.200000e+01
     vertex -1.253166e+02 -7.381195e+01  1.400000e+01
     vertex -1.252016e+02 -7.380484e+01  2.200000e+01
   endloop
 endfacet
 facet normal  8.905371e-02 -9.960268e-01  0.000000e+00
   outer loop
     vertex -1.254314e+02 -7.382221e+01  2.200000e+01
     vertex -1.254314e+02 -7.382221e+01  1.400000e+01
     vertex -1.253166e+02 -7.381195e+01  2.200000e+01
   endloop
 endfacet
 facet normal  1.163452e-01 -9.932088e-01  0.000000e+00
   outer loop
     vertex -1.255458e+02 -7.383562e+01  2.200000e+01
     vertex -1.254314e+02 -7.382221e+01  1.400000e+01
     vertex -1.254314e+02 -7.382221e+01  2.200000e+01
   endloop
 endfacet
 facet normal  1.163452e-01 -9.932088e-01  0.000000e+00
   outer loop
     vertex -1.255458e+02 -7.383562e+01  2.200000e+01
     vertex -1.255458e+02 -7.383562e+01  1.400000e+01
     vertex -1.254314e+02 -7.382221e+01  1.400000e+01
   endloop
 endfacet
 facet normal  1.435492e-01 -9.896432e-01  0.000000e+00
   outer loop
     vertex -1.255458e+02 -7.383562e+01  2.200000e+01
     vertex -1.256599e+02 -7.385216e+01  1.400000e+01
     vertex -1.255458e+02 -7.383562e+01  1.400000e+01
   endloop
 endfacet
 facet normal  1.435492e-01 -9.896432e-01  0.000000e+00
   outer loop
     vertex -1.256599e+02 -7.385216e+01  2.200000e+01
     vertex -1.256599e+02 -7.385216e+01  1.400000e+01
     vertex -1.255458e+02 -7.383562e+01  2.200000e+01
   endloop
 endfacet
 facet normal  1.706451e-01 -9.853326e-01  0.000000e+00
   outer loop
     vertex -1.257734e+02 -7.387182e+01  2.200000e+01
     vertex -1.256599e+02 -7.385216e+01  1.400000e+01
     vertex -1.256599e+02 -7.385216e+01  2.200000e+01
   endloop
 endfacet
 facet normal  1.706451e-01 -9.853326e-01  0.000000e+00
   outer loop
     vertex -1.257734e+02 -7.387182e+01  2.200000e+01
     vertex -1.257734e+02 -7.387182e+01  1.400000e+01
     vertex -1.256599e+02 -7.385216e+01  1.400000e+01
   endloop
 endfacet
 facet normal  1.976125e-01 -9.802802e-01  0.000000e+00
   outer loop
     vertex -1.257734e+02 -7.387182e+01  2.200000e+01
     vertex -1.258864e+02 -7.389460e+01  1.400000e+01
     vertex -1.257734e+02 -7.387182e+01  1.400000e+01
   endloop
 endfacet
 facet normal  1.976125e-01 -9.802802e-01  0.000000e+00
   outer loop
     vertex -1.258864e+02 -7.389460e+01  2.200000e+01
     vertex -1.258864e+02 -7.389460e+01  1.400000e+01
     vertex -1.257734e+02 -7.387182e+01  2.200000e+01
   endloop
 endfacet
 facet normal  2.244312e-01 -9.744899e-01  0.000000e+00
   outer loop
     vertex -1.259987e+02 -7.392046e+01  2.200000e+01
     vertex -1.258864e+02 -7.389460e+01  1.400000e+01
     vertex -1.258864e+02 -7.389460e+01  2.200000e+01
   endloop
 endfacet
 facet normal  2.244312e-01 -9.744899e-01  0.000000e+00
   outer loop
     vertex -1.259987e+02 -7.392046e+01  2.200000e+01
     vertex -1.259987e+02 -7.392046e+01  1.400000e+01
     vertex -1.258864e+02 -7.389460e+01  1.400000e+01
   endloop
 endfacet
 facet normal  2.510809e-01 -9.679661e-01  0.000000e+00
   outer loop
     vertex -1.259987e+02 -7.392046e+01  2.200000e+01
     vertex -1.261102e+02 -7.394939e+01  1.400000e+01
     vertex -1.259987e+02 -7.392046e+01  1.400000e+01
   endloop
 endfacet
 facet normal  2.510809e-01 -9.679661e-01  0.000000e+00
   outer loop
     vertex -1.261102e+02 -7.394939e+01  2.200000e+01
     vertex -1.261102e+02 -7.394939e+01  1.400000e+01
     vertex -1.259987e+02 -7.392046e+01  2.200000e+01
   endloop
 endfacet
 facet normal  2.775416e-01 -9.607136e-01  0.000000e+00
   outer loop
     vertex -1.262209e+02 -7.398137e+01  2.200000e+01
     vertex -1.261102e+02 -7.394939e+01  1.400000e+01
     vertex -1.261102e+02 -7.394939e+01  2.200000e+01
   endloop
 endfacet
 facet normal  2.775416e-01 -9.607136e-01  0.000000e+00
   outer loop
     vertex -1.262209e+02 -7.398137e+01  2.200000e+01
     vertex -1.262209e+02 -7.398137e+01  1.400000e+01
     vertex -1.261102e+02 -7.394939e+01  1.400000e+01
   endloop
 endfacet
 facet normal  3.037934e-01 -9.527379e-01  0.000000e+00
   outer loop
     vertex -1.263307e+02 -7.401638e+01  2.200000e+01
     vertex -1.262209e+02 -7.398137e+01  1.400000e+01
     vertex -1.262209e+02 -7.398137e+01  2.200000e+01
   endloop
 endfacet
 facet normal  3.037934e-01 -9.527379e-01  0.000000e+00
   outer loop
     vertex -1.263307e+02 -7.401638e+01  2.200000e+01
     vertex -1.263307e+02 -7.401638e+01  1.400000e+01
     vertex -1.262209e+02 -7.398137e+01  1.400000e+01
   endloop
 endfacet
 facet normal  3.298166e-01 -9.440450e-01  0.000000e+00
   outer loop
     vertex -1.263307e+02 -7.401638e+01  2.200000e+01
     vertex -1.264395e+02 -7.405439e+01  1.400000e+01
     vertex -1.263307e+02 -7.401638e+01  1.400000e+01
   endloop
 endfacet
 facet normal  3.298166e-01 -9.440450e-01  0.000000e+00
   outer loop
     vertex -1.264395e+02 -7.405439e+01  2.200000e+01
     vertex -1.264395e+02 -7.405439e+01  1.400000e+01
     vertex -1.263307e+02 -7.401638e+01  2.200000e+01
   endloop
 endfacet
 facet normal  3.555914e-01 -9.346415e-01  0.000000e+00
   outer loop
     vertex -1.265472e+02 -7.409536e+01  2.200000e+01
     vertex -1.264395e+02 -7.405439e+01  1.400000e+01
     vertex -1.264395e+02 -7.405439e+01  2.200000e+01
   endloop
 endfacet
 facet normal  3.555914e-01 -9.346415e-01  0.000000e+00
   outer loop
     vertex -1.265472e+02 -7.409536e+01  2.200000e+01
     vertex -1.265472e+02 -7.409536e+01  1.400000e+01
     vertex -1.264395e+02 -7.405439e+01  1.400000e+01
   endloop
 endfacet
 facet normal  3.810986e-01 -9.245344e-01  0.000000e+00
   outer loop
     vertex -1.266537e+02 -7.413928e+01  2.200000e+01
     vertex -1.265472e+02 -7.409536e+01  1.400000e+01
     vertex -1.265472e+02 -7.409536e+01  2.200000e+01
   endloop
 endfacet
 facet normal  3.810986e-01 -9.245344e-01  0.000000e+00
   outer loop
     vertex -1.266537e+02 -7.413928e+01  2.200000e+01
     vertex -1.266537e+02 -7.413928e+01  1.400000e+01
     vertex -1.265472e+02 -7.409536e+01  1.400000e+01
   endloop
 endfacet
 facet normal  4.063188e-01 -9.137314e-01  0.000000e+00
   outer loop
     vertex -1.267590e+02 -7.418610e+01  2.200000e+01
     vertex -1.267590e+02 -7.418610e+01  1.400000e+01
     vertex -1.266537e+02 -7.413928e+01  1.400000e+01
   endloop
 endfacet
 facet normal  4.063188e-01 -9.137314e-01  0.000000e+00
   outer loop
     vertex -1.267590e+02 -7.418610e+01  2.200000e+01
     vertex -1.266537e+02 -7.413928e+01  1.400000e+01
     vertex -1.266537e+02 -7.413928e+01  2.200000e+01
   endloop
 endfacet
 facet normal  4.312333e-01 -9.022405e-01  0.000000e+00
   outer loop
     vertex -1.268630e+02 -7.423579e+01  2.200000e+01
     vertex -1.268630e+02 -7.423579e+01  1.400000e+01
     vertex -1.267590e+02 -7.418610e+01  1.400000e+01
   endloop
 endfacet
 facet normal  4.312333e-01 -9.022405e-01  0.000000e+00
   outer loop
     vertex -1.268630e+02 -7.423579e+01  2.200000e+01
     vertex -1.267590e+02 -7.418610e+01  1.400000e+01
     vertex -1.267590e+02 -7.418610e+01  2.200000e+01
   endloop
 endfacet
 facet normal  4.558231e-01 -8.900704e-01  0.000000e+00
   outer loop
     vertex -1.269656e+02 -7.428832e+01  2.200000e+01
     vertex -1.269656e+02 -7.428832e+01  1.400000e+01
     vertex -1.268630e+02 -7.423579e+01  1.400000e+01
   endloop
 endfacet
 facet normal  4.800697e-01 -8.772303e-01  0.000000e+00
   outer loop
     vertex -1.269656e+02 -7.428832e+01  2.200000e+01
     vertex -1.270666e+02 -7.434364e+01  1.400000e+01
     vertex -1.269656e+02 -7.428832e+01  1.400000e+01
   endloop
 endfacet
 facet normal  4.558231e-01 -8.900704e-01  0.000000e+00
   outer loop
     vertex -1.269656e+02 -7.428832e+01  2.200000e+01
     vertex -1.268630e+02 -7.423579e+01  1.400000e+01
     vertex -1.268630e+02 -7.423579e+01  2.200000e+01
   endloop
 endfacet
 facet normal  5.039550e-01 -8.637299e-01  0.000000e+00
   outer loop
     vertex -1.270666e+02 -7.434364e+01  2.200000e+01
     vertex -1.271662e+02 -7.440171e+01  1.400000e+01
     vertex -1.270666e+02 -7.434364e+01  1.400000e+01
   endloop
 endfacet
 facet normal  4.800697e-01 -8.772303e-01  0.000000e+00
   outer loop
     vertex -1.270666e+02 -7.434364e+01  2.200000e+01
     vertex -1.270666e+02 -7.434364e+01  1.400000e+01
     vertex -1.269656e+02 -7.428832e+01  2.200000e+01
   endloop
 endfacet
 facet normal  5.274609e-01 -8.495793e-01  0.000000e+00
   outer loop
     vertex -1.271662e+02 -7.440171e+01  2.200000e+01
     vertex -1.272641e+02 -7.446249e+01  1.400000e+01
     vertex -1.271662e+02 -7.440171e+01  1.400000e+01
   endloop
 endfacet
 facet normal  5.039550e-01 -8.637299e-01  0.000000e+00
   outer loop
     vertex -1.271662e+02 -7.440171e+01  2.200000e+01
     vertex -1.271662e+02 -7.440171e+01  1.400000e+01
     vertex -1.270666e+02 -7.434364e+01  2.200000e+01
   endloop
 endfacet
 facet normal  5.274609e-01 -8.495793e-01  0.000000e+00
   outer loop
     vertex -1.272641e+02 -7.446249e+01  2.200000e+01
     vertex -1.272641e+02 -7.446249e+01  1.400000e+01
     vertex -1.271662e+02 -7.440171e+01  2.200000e+01
   endloop
 endfacet
 facet normal  5.505698e-01 -8.347891e-01  0.000000e+00
   outer loop
     vertex -1.273603e+02 -7.452594e+01  2.200000e+01
     vertex -1.273603e+02 -7.452594e+01  1.400000e+01
     vertex -1.272641e+02 -7.446249e+01  1.400000e+01
   endloop
 endfacet
 facet normal  5.505698e-01 -8.347891e-01  0.000000e+00
   outer loop
     vertex -1.273603e+02 -7.452594e+01  2.200000e+01
     vertex -1.272641e+02 -7.446249e+01  1.400000e+01
     vertex -1.272641e+02 -7.446249e+01  2.200000e+01
   endloop
 endfacet
 facet normal  5.732642e-01 -8.193706e-01  0.000000e+00
   outer loop
     vertex -1.274547e+02 -7.459200e+01  2.200000e+01
     vertex -1.274547e+02 -7.459200e+01  1.400000e+01
     vertex -1.273603e+02 -7.452594e+01  1.400000e+01
   endloop
 endfacet
 facet normal  5.955271e-01 -8.033352e-01  0.000000e+00
   outer loop
     vertex -1.274547e+02 -7.459200e+01  2.200000e+01
     vertex -1.275473e+02 -7.466062e+01  1.400000e+01
     vertex -1.274547e+02 -7.459200e+01  1.400000e+01
   endloop
 endfacet
 facet normal  5.732642e-01 -8.193706e-01  0.000000e+00
   outer loop
     vertex -1.274547e+02 -7.459200e+01  2.200000e+01
     vertex -1.273603e+02 -7.452594e+01  1.400000e+01
     vertex -1.273603e+02 -7.452594e+01  2.200000e+01
   endloop
 endfacet
 facet normal  5.955271e-01 -8.033352e-01  0.000000e+00
   outer loop
     vertex -1.275473e+02 -7.466062e+01  2.200000e+01
     vertex -1.275473e+02 -7.466062e+01  1.400000e+01
     vertex -1.274547e+02 -7.459200e+01  2.200000e+01
   endloop
 endfacet
 facet normal  6.173417e-01 -7.866951e-01  0.000000e+00
   outer loop
     vertex -1.276379e+02 -7.473176e+01  2.200000e+01
     vertex -1.276379e+02 -7.473176e+01  1.400000e+01
     vertex -1.275473e+02 -7.466062e+01  1.400000e+01
   endloop
 endfacet
 facet normal  6.386916e-01 -7.694628e-01  0.000000e+00
   outer loop
     vertex -1.276379e+02 -7.473176e+01  2.200000e+01
     vertex -1.277266e+02 -7.480536e+01  1.400000e+01
     vertex -1.276379e+02 -7.473176e+01  1.400000e+01
   endloop
 endfacet
 facet normal  6.173417e-01 -7.866951e-01  0.000000e+00
   outer loop
     vertex -1.276379e+02 -7.473176e+01  2.200000e+01
     vertex -1.275473e+02 -7.466062e+01  1.400000e+01
     vertex -1.275473e+02 -7.466062e+01  2.200000e+01
   endloop
 endfacet
 facet normal  6.386916e-01 -7.694628e-01  0.000000e+00
   outer loop
     vertex -1.277266e+02 -7.480536e+01  2.200000e+01
     vertex -1.277266e+02 -7.480536e+01  1.400000e+01
     vertex -1.276379e+02 -7.473176e+01  2.200000e+01
   endloop
 endfacet
 facet normal  6.595607e-01 -7.516513e-01  0.000000e+00
   outer loop
     vertex -1.278132e+02 -7.488136e+01  2.200000e+01
     vertex -1.278132e+02 -7.488136e+01  1.400000e+01
     vertex -1.277266e+02 -7.480536e+01  1.400000e+01
   endloop
 endfacet
 facet normal  6.595607e-01 -7.516513e-01  0.000000e+00
   outer loop
     vertex -1.278132e+02 -7.488136e+01  2.200000e+01
     vertex -1.277266e+02 -7.480536e+01  1.400000e+01
     vertex -1.277266e+02 -7.480536e+01  2.200000e+01
   endloop
 endfacet
 facet normal  6.799333e-01 -7.332740e-01  0.000000e+00
   outer loop
     vertex -1.278977e+02 -7.495971e+01  2.200000e+01
     vertex -1.278977e+02 -7.495971e+01  1.400000e+01
     vertex -1.278132e+02 -7.488136e+01  1.400000e+01
   endloop
 endfacet
 facet normal  6.997940e-01 -7.143447e-01  0.000000e+00
   outer loop
     vertex -1.278977e+02 -7.495971e+01  2.200000e+01
     vertex -1.279800e+02 -7.504035e+01  1.400000e+01
     vertex -1.278977e+02 -7.495971e+01  1.400000e+01
   endloop
 endfacet
 facet normal  6.799333e-01 -7.332740e-01  0.000000e+00
   outer loop
     vertex -1.278977e+02 -7.495971e+01  2.200000e+01
     vertex -1.278132e+02 -7.488136e+01  1.400000e+01
     vertex -1.278132e+02 -7.488136e+01  2.200000e+01
   endloop
 endfacet
 facet normal  6.997940e-01 -7.143447e-01  0.000000e+00
   outer loop
     vertex -1.279800e+02 -7.504035e+01  2.200000e+01
     vertex -1.279800e+02 -7.504035e+01  1.400000e+01
     vertex -1.278977e+02 -7.495971e+01  2.200000e+01
   endloop
 endfacet
 facet normal  7.191280e-01 -6.948776e-01  0.000000e+00
   outer loop
     vertex -1.279800e+02 -7.504035e+01  2.200000e+01
     vertex -1.280601e+02 -7.512322e+01  1.400000e+01
     vertex -1.279800e+02 -7.504035e+01  1.400000e+01
   endloop
 endfacet
 facet normal  7.191280e-01 -6.948776e-01  0.000000e+00
   outer loop
     vertex -1.280601e+02 -7.512322e+01  2.200000e+01
     vertex -1.280601e+02 -7.512322e+01  1.400000e+01
     vertex -1.279800e+02 -7.504035e+01  2.200000e+01
   endloop
 endfacet
 facet normal  7.379206e-01 -6.748875e-01  0.000000e+00
   outer loop
     vertex -1.280601e+02 -7.512322e+01  2.200000e+01
     vertex -1.281379e+02 -7.520826e+01  1.400000e+01
     vertex -1.280601e+02 -7.512322e+01  1.400000e+01
   endloop
 endfacet
 facet normal  7.379206e-01 -6.748875e-01  0.000000e+00
   outer loop
     vertex -1.281379e+02 -7.520826e+01  2.200000e+01
     vertex -1.281379e+02 -7.520826e+01  1.400000e+01
     vertex -1.280601e+02 -7.512322e+01  2.200000e+01
   endloop
 endfacet
 facet normal  7.561578e-01 -6.543893e-01  0.000000e+00
   outer loop
     vertex -1.282133e+02 -7.529539e+01  2.200000e+01
     vertex -1.281379e+02 -7.520826e+01  1.400000e+01
     vertex -1.281379e+02 -7.520826e+01  2.200000e+01
   endloop
 endfacet
 facet normal  7.561578e-01 -6.543893e-01  0.000000e+00
   outer loop
     vertex -1.282133e+02 -7.529539e+01  2.200000e+01
     vertex -1.282133e+02 -7.529539e+01  1.400000e+01
     vertex -1.281379e+02 -7.520826e+01  1.400000e+01
   endloop
 endfacet
 facet normal  7.738257e-01 -6.333986e-01  0.000000e+00
   outer loop
     vertex -1.282133e+02 -7.529539e+01  2.200000e+01
     vertex -1.282863e+02 -7.538456e+01  1.400000e+01
     vertex -1.282133e+02 -7.529539e+01  1.400000e+01
   endloop
 endfacet
 facet normal  7.738257e-01 -6.333986e-01  0.000000e+00
   outer loop
     vertex -1.282863e+02 -7.538456e+01  2.200000e+01
     vertex -1.282863e+02 -7.538456e+01  1.400000e+01
     vertex -1.282133e+02 -7.529539e+01  2.200000e+01
   endloop
 endfacet
 facet normal  7.909112e-01 -6.119310e-01  0.000000e+00
   outer loop
     vertex -1.283568e+02 -7.547570e+01  2.200000e+01
     vertex -1.283568e+02 -7.547570e+01  1.400000e+01
     vertex -1.282863e+02 -7.538456e+01  1.400000e+01
   endloop
 endfacet
 facet normal  8.074012e-01 -5.900028e-01  0.000000e+00
   outer loop
     vertex -1.283568e+02 -7.547570e+01  2.200000e+01
     vertex -1.284248e+02 -7.556874e+01  1.400000e+01
     vertex -1.283568e+02 -7.547570e+01  1.400000e+01
   endloop
 endfacet
 facet normal  7.909112e-01 -6.119310e-01  0.000000e+00
   outer loop
     vertex -1.283568e+02 -7.547570e+01  2.200000e+01
     vertex -1.282863e+02 -7.538456e+01  1.400000e+01
     vertex -1.282863e+02 -7.538456e+01  2.200000e+01
   endloop
 endfacet
 facet normal  8.074012e-01 -5.900028e-01  0.000000e+00
   outer loop
     vertex -1.284248e+02 -7.556874e+01  2.200000e+01
     vertex -1.284248e+02 -7.556874e+01  1.400000e+01
     vertex -1.283568e+02 -7.547570e+01  2.200000e+01
   endloop
 endfacet
 facet normal  8.232835e-01 -5.676304e-01  0.000000e+00
   outer loop
     vertex -1.284902e+02 -7.566361e+01  2.200000e+01
     vertex -1.284902e+02 -7.566361e+01  1.400000e+01
     vertex -1.284248e+02 -7.556874e+01  1.400000e+01
   endloop
 endfacet
 facet normal  8.232835e-01 -5.676304e-01  0.000000e+00
   outer loop
     vertex -1.284902e+02 -7.566361e+01  2.200000e+01
     vertex -1.284248e+02 -7.556874e+01  1.400000e+01
     vertex -1.284248e+02 -7.556874e+01  2.200000e+01
   endloop
 endfacet
 facet normal  8.385460e-01 -5.448308e-01  0.000000e+00
   outer loop
     vertex -1.285530e+02 -7.576024e+01  2.200000e+01
     vertex -1.285530e+02 -7.576024e+01  1.400000e+01
     vertex -1.284902e+02 -7.566361e+01  1.400000e+01
   endloop
 endfacet
 facet normal  8.385460e-01 -5.448308e-01  0.000000e+00
   outer loop
     vertex -1.285530e+02 -7.576024e+01  2.200000e+01
     vertex -1.284902e+02 -7.566361e+01  1.400000e+01
     vertex -1.284902e+02 -7.566361e+01  2.200000e+01
   endloop
 endfacet
 facet normal  8.531773e-01 -5.216210e-01  0.000000e+00
   outer loop
     vertex -1.286131e+02 -7.585856e+01  2.200000e+01
     vertex -1.286131e+02 -7.585856e+01  1.400000e+01
     vertex -1.285530e+02 -7.576024e+01  1.400000e+01
   endloop
 endfacet
 facet normal  8.531773e-01 -5.216210e-01  0.000000e+00
   outer loop
     vertex -1.286131e+02 -7.585856e+01  2.200000e+01
     vertex -1.285530e+02 -7.576024e+01  1.400000e+01
     vertex -1.285530e+02 -7.576024e+01  2.200000e+01
   endloop
 endfacet
 facet normal  8.671664e-01 -4.980186e-01  0.000000e+00
   outer loop
     vertex -1.286705e+02 -7.595848e+01  2.200000e+01
     vertex -1.286705e+02 -7.595848e+01  1.400000e+01
     vertex -1.286131e+02 -7.585856e+01  1.400000e+01
   endloop
 endfacet
 facet normal  8.671664e-01 -4.980186e-01  0.000000e+00
   outer loop
     vertex -1.286705e+02 -7.595848e+01  2.200000e+01
     vertex -1.286131e+02 -7.585856e+01  1.400000e+01
     vertex -1.286131e+02 -7.585856e+01  2.200000e+01
   endloop
 endfacet
 facet normal  8.805026e-01 -4.740412e-01  0.000000e+00
   outer loop
     vertex -1.287251e+02 -7.605995e+01  2.200000e+01
     vertex -1.287251e+02 -7.605995e+01  1.400000e+01
     vertex -1.286705e+02 -7.595848e+01  1.400000e+01
   endloop
 endfacet
 facet normal  8.805026e-01 -4.740412e-01  0.000000e+00
   outer loop
     vertex -1.287251e+02 -7.605995e+01  2.200000e+01
     vertex -1.286705e+02 -7.595848e+01  1.400000e+01
     vertex -1.286705e+02 -7.595848e+01  2.200000e+01
   endloop
 endfacet
 facet normal  8.931761e-01 -4.497071e-01  0.000000e+00
   outer loop
     vertex -1.287769e+02 -7.616287e+01  2.200000e+01
     vertex -1.287769e+02 -7.616287e+01  1.400000e+01
     vertex -1.287251e+02 -7.605995e+01  1.400000e+01
   endloop
 endfacet
 facet normal  9.051772e-01 -4.250344e-01  0.000000e+00
   outer loop
     vertex -1.287769e+02 -7.616287e+01  2.200000e+01
     vertex -1.288259e+02 -7.626718e+01  1.400000e+01
     vertex -1.287769e+02 -7.616287e+01  1.400000e+01
   endloop
 endfacet
 facet normal  8.931761e-01 -4.497071e-01  0.000000e+00
   outer loop
     vertex -1.287769e+02 -7.616287e+01  2.200000e+01
     vertex -1.287251e+02 -7.605995e+01  1.400000e+01
     vertex -1.287251e+02 -7.605995e+01  2.200000e+01
   endloop
 endfacet
 facet normal  9.051772e-01 -4.250344e-01  0.000000e+00
   outer loop
     vertex -1.288259e+02 -7.626718e+01  2.200000e+01
     vertex -1.288259e+02 -7.626718e+01  1.400000e+01
     vertex -1.287769e+02 -7.616287e+01  2.200000e+01
   endloop
 endfacet
 facet normal  9.164969e-01 -4.000417e-01  0.000000e+00
   outer loop
     vertex -1.288720e+02 -7.637279e+01  2.200000e+01
     vertex -1.288720e+02 -7.637279e+01  1.400000e+01
     vertex -1.288259e+02 -7.626718e+01  1.400000e+01
   endloop
 endfacet
 facet normal  9.271267e-01 -3.747479e-01  0.000000e+00
   outer loop
     vertex -1.288720e+02 -7.637279e+01  2.200000e+01
     vertex -1.289152e+02 -7.647963e+01  1.400000e+01
     vertex -1.288720e+02 -7.637279e+01  1.400000e+01
   endloop
 endfacet
 facet normal  9.164969e-01 -4.000417e-01  0.000000e+00
   outer loop
     vertex -1.288720e+02 -7.637279e+01  2.200000e+01
     vertex -1.288259e+02 -7.626718e+01  1.400000e+01
     vertex -1.288259e+02 -7.626718e+01  2.200000e+01
   endloop
 endfacet
 facet normal  9.271267e-01 -3.747479e-01  0.000000e+00
   outer loop
     vertex -1.289152e+02 -7.647963e+01  2.200000e+01
     vertex -1.289152e+02 -7.647963e+01  1.400000e+01
     vertex -1.288720e+02 -7.637279e+01  2.200000e+01
   endloop
 endfacet
 facet normal  9.370586e-01 -3.491720e-01  0.000000e+00
   outer loop
     vertex -1.289554e+02 -7.658761e+01  2.200000e+01
     vertex -1.289554e+02 -7.658761e+01  1.400000e+01
     vertex -1.289152e+02 -7.647963e+01  1.400000e+01
   endloop
 endfacet
 facet normal  9.370586e-01 -3.491720e-01  0.000000e+00
   outer loop
     vertex -1.289554e+02 -7.658761e+01  2.200000e+01
     vertex -1.289152e+02 -7.647963e+01  1.400000e+01
     vertex -1.289152e+02 -7.647963e+01  2.200000e+01
   endloop
 endfacet
 facet normal  9.462851e-01 -3.233333e-01  0.000000e+00
   outer loop
     vertex -1.289927e+02 -7.669665e+01  2.200000e+01
     vertex -1.289927e+02 -7.669665e+01  1.400000e+01
     vertex -1.289554e+02 -7.658761e+01  1.400000e+01
   endloop
 endfacet
 facet normal  9.462851e-01 -3.233333e-01  0.000000e+00
   outer loop
     vertex -1.289927e+02 -7.669665e+01  2.200000e+01
     vertex -1.289554e+02 -7.658761e+01  1.400000e+01
     vertex -1.289554e+02 -7.658761e+01  2.200000e+01
   endloop
 endfacet
 facet normal  9.547993e-01 -2.972512e-01  0.000000e+00
   outer loop
     vertex -1.290269e+02 -7.680668e+01  2.200000e+01
     vertex -1.290269e+02 -7.680668e+01  1.400000e+01
     vertex -1.289927e+02 -7.669665e+01  1.400000e+01
   endloop
 endfacet
 facet normal  9.625948e-01 -2.709453e-01  0.000000e+00
   outer loop
     vertex -1.290269e+02 -7.680668e+01  2.200000e+01
     vertex -1.290581e+02 -7.691760e+01  1.400000e+01
     vertex -1.290269e+02 -7.680668e+01  1.400000e+01
   endloop
 endfacet
 facet normal  9.547993e-01 -2.972512e-01  0.000000e+00
   outer loop
     vertex -1.290269e+02 -7.680668e+01  2.200000e+01
     vertex -1.289927e+02 -7.669665e+01  1.400000e+01
     vertex -1.289927e+02 -7.669665e+01  2.200000e+01
   endloop
 endfacet
 facet normal  9.625948e-01 -2.709453e-01  0.000000e+00
   outer loop
     vertex -1.290581e+02 -7.691760e+01  2.200000e+01
     vertex -1.290581e+02 -7.691760e+01  1.400000e+01
     vertex -1.290269e+02 -7.680668e+01  2.200000e+01
   endloop
 endfacet
 facet normal  9.696656e-01 -2.444354e-01  0.000000e+00
   outer loop
     vertex -1.290863e+02 -7.702934e+01  2.200000e+01
     vertex -1.290863e+02 -7.702934e+01  1.400000e+01
     vertex -1.290581e+02 -7.691760e+01  1.400000e+01
   endloop
 endfacet
 facet normal  9.696656e-01 -2.444354e-01  0.000000e+00
   outer loop
     vertex -1.290863e+02 -7.702934e+01  2.200000e+01
     vertex -1.290581e+02 -7.691760e+01  1.400000e+01
     vertex -1.290581e+02 -7.691760e+01  2.200000e+01
   endloop
 endfacet
 facet normal  9.760065e-01 -2.177416e-01  0.000000e+00
   outer loop
     vertex -1.291114e+02 -7.714181e+01  2.200000e+01
     vertex -1.291114e+02 -7.714181e+01  1.400000e+01
     vertex -1.290863e+02 -7.702934e+01  1.400000e+01
   endloop
 endfacet
 facet normal  9.760065e-01 -2.177416e-01  0.000000e+00
   outer loop
     vertex -1.291114e+02 -7.714181e+01  2.200000e+01
     vertex -1.290863e+02 -7.702934e+01  1.400000e+01
     vertex -1.290863e+02 -7.702934e+01  2.200000e+01
   endloop
 endfacet
 facet normal  9.816126e-01 -1.908838e-01  0.000000e+00
   outer loop
     vertex -1.291334e+02 -7.725492e+01  2.200000e+01
     vertex -1.291334e+02 -7.725492e+01  1.400000e+01
     vertex -1.291114e+02 -7.714181e+01  1.400000e+01
   endloop
 endfacet
 facet normal  9.864799e-01 -1.638824e-01  0.000000e+00
   outer loop
     vertex -1.291334e+02 -7.725492e+01  2.200000e+01
     vertex -1.291523e+02 -7.736860e+01  1.400000e+01
     vertex -1.291334e+02 -7.725492e+01  1.400000e+01
   endloop
 endfacet
 facet normal  9.816126e-01 -1.908838e-01  0.000000e+00
   outer loop
     vertex -1.291334e+02 -7.725492e+01  2.200000e+01
     vertex -1.291114e+02 -7.714181e+01  1.400000e+01
     vertex -1.291114e+02 -7.714181e+01  2.200000e+01
   endloop
 endfacet
 facet normal  9.906046e-01 -1.367575e-01  0.000000e+00
   outer loop
     vertex -1.291523e+02 -7.736860e+01  2.200000e+01
     vertex -1.291680e+02 -7.748275e+01  1.400000e+01
     vertex -1.291523e+02 -7.736860e+01  1.400000e+01
   endloop
 endfacet
 facet normal  9.864799e-01 -1.638824e-01  0.000000e+00
   outer loop
     vertex -1.291523e+02 -7.736860e+01  2.200000e+01
     vertex -1.291523e+02 -7.736860e+01  1.400000e+01
     vertex -1.291334e+02 -7.725492e+01  2.200000e+01
   endloop
 endfacet
 facet normal  9.906046e-01 -1.367575e-01  0.000000e+00
   outer loop
     vertex -1.291680e+02 -7.748275e+01  2.200000e+01
     vertex -1.291680e+02 -7.748275e+01  1.400000e+01
     vertex -1.291523e+02 -7.736860e+01  2.200000e+01
   endloop
 endfacet
 facet normal  9.939835e-01 -1.095298e-01  0.000000e+00
   outer loop
     vertex -1.291806e+02 -7.759729e+01  2.200000e+01
     vertex -1.291680e+02 -7.748275e+01  1.400000e+01
     vertex -1.291680e+02 -7.748275e+01  2.200000e+01
   endloop
 endfacet
 facet normal  9.939835e-01 -1.095298e-01  0.000000e+00
   outer loop
     vertex -1.291806e+02 -7.759729e+01  2.200000e+01
     vertex -1.291806e+02 -7.759729e+01  1.400000e+01
     vertex -1.291680e+02 -7.748275e+01  1.400000e+01
   endloop
 endfacet
 facet normal  9.966142e-01 -8.221955e-02  0.000000e+00
   outer loop
     vertex -1.291901e+02 -7.771213e+01  2.200000e+01
     vertex -1.291806e+02 -7.759729e+01  1.400000e+01
     vertex -1.291806e+02 -7.759729e+01  2.200000e+01
   endloop
 endfacet
 facet normal  9.966142e-01 -8.221955e-02  0.000000e+00
   outer loop
     vertex -1.291901e+02 -7.771213e+01  2.200000e+01
     vertex -1.291901e+02 -7.771213e+01  1.400000e+01
     vertex -1.291806e+02 -7.759729e+01  1.400000e+01
   endloop
 endfacet
 facet normal  9.984947e-01 -5.484744e-02  0.000000e+00
   outer loop
     vertex -1.291901e+02 -7.771213e+01  2.200000e+01
     vertex -1.291964e+02 -7.782719e+01  1.400000e+01
     vertex -1.291901e+02 -7.771213e+01  1.400000e+01
   endloop
 endfacet
 facet normal  9.984947e-01 -5.484744e-02  0.000000e+00
   outer loop
     vertex -1.291964e+02 -7.782719e+01  2.200000e+01
     vertex -1.291964e+02 -7.782719e+01  1.400000e+01
     vertex -1.291901e+02 -7.771213e+01  2.200000e+01
   endloop
 endfacet
 facet normal  9.996236e-01 -2.743405e-02  0.000000e+00
   outer loop
     vertex -1.291964e+02 -7.782719e+01  2.200000e+01
     vertex -1.291996e+02 -7.794238e+01  1.400000e+01
     vertex -1.291964e+02 -7.782719e+01  1.400000e+01
   endloop
 endfacet
 facet normal  9.996236e-01 -2.743405e-02  0.000000e+00
   outer loop
     vertex -1.291996e+02 -7.794238e+01  2.200000e+01
     vertex -1.291996e+02 -7.794238e+01  1.400000e+01
     vertex -1.291964e+02 -7.782719e+01  2.200000e+01
   endloop
 endfacet
 facet normal  1.000000e+00 -0.000000e+00  0.000000e+00
   outer loop
     vertex -1.291996e+02 -7.805762e+01  2.200000e+01
     vertex -1.291996e+02 -7.794238e+01  1.400000e+01
     vertex -1.291996e+02 -7.794238e+01  2.200000e+01
   endloop
 endfacet
 facet normal  1.000000e+00  0.000000e+00  0.000000e+00
   outer loop
     vertex -1.291996e+02 -7.805762e+01  2.200000e+01
     vertex -1.291996e+02 -7.805762e+01  1.400000e+01
     vertex -1.291996e+02 -7.794238e+01  1.400000e+01
   endloop
 endfacet
 facet normal  9.996236e-01  2.743405e-02  0.000000e+00
   outer loop
     vertex -1.291996e+02 -7.805762e+01  2.200000e+01
     vertex -1.291964e+02 -7.817281e+01  1.400000e+01
     vertex -1.291996e+02 -7.805762e+01  1.400000e+01
   endloop
 endfacet
 facet normal  9.996236e-01  2.743405e-02  0.000000e+00
   outer loop
     vertex -1.291964e+02 -7.817281e+01  2.200000e+01
     vertex -1.291964e+02 -7.817281e+01  1.400000e+01
     vertex -1.291996e+02 -7.805762e+01  2.200000e+01
   endloop
 endfacet
 facet normal  9.984947e-01  5.484744e-02  0.000000e+00
   outer loop
     vertex -1.291901e+02 -7.828787e+01  2.200000e+01
     vertex -1.291964e+02 -7.817281e+01  1.400000e+01
     vertex -1.291964e+02 -7.817281e+01  2.200000e+01
   endloop
 endfacet
 facet normal  9.984947e-01  5.484744e-02  0.000000e+00
   outer loop
     vertex -1.291901e+02 -7.828787e+01  2.200000e+01
     vertex -1.291901e+02 -7.828787e+01  1.400000e+01
     vertex -1.291964e+02 -7.817281e+01  1.400000e+01
   endloop
 endfacet
 facet normal  9.966142e-01  8.221955e-02  0.000000e+00
   outer loop
     vertex -1.291901e+02 -7.828787e+01  2.200000e+01
     vertex -1.291806e+02 -7.840271e+01  1.400000e+01
     vertex -1.291901e+02 -7.828787e+01  1.400000e+01
   endloop
 endfacet
 facet normal  9.966142e-01  8.221955e-02  0.000000e+00
   outer loop
     vertex -1.291806e+02 -7.840271e+01  2.200000e+01
     vertex -1.291806e+02 -7.840271e+01  1.400000e+01
     vertex -1.291901e+02 -7.828787e+01  2.200000e+01
   endloop
 endfacet
 facet normal  9.939835e-01  1.095298e-01  0.000000e+00
   outer loop
     vertex -1.291806e+02 -7.840271e+01  2.200000e+01
     vertex -1.291680e+02 -7.851725e+01  1.400000e+01
     vertex -1.291806e+02 -7.840271e+01  1.400000e+01
   endloop
 endfacet
 facet normal  9.939835e-01  1.095298e-01  0.000000e+00
   outer loop
     vertex -1.291680e+02 -7.851725e+01  2.200000e+01
     vertex -1.291680e+02 -7.851725e+01  1.400000e+01
     vertex -1.291806e+02 -7.840271e+01  2.200000e+01
   endloop
 endfacet
 facet normal  9.906046e-01  1.367575e-01  0.000000e+00
   outer loop
     vertex -1.291523e+02 -7.863140e+01  2.200000e+01
     vertex -1.291680e+02 -7.851725e+01  1.400000e+01
     vertex -1.291680e+02 -7.851725e+01  2.200000e+01
   endloop
 endfacet
 facet normal  9.906046e-01  1.367575e-01  0.000000e+00
   outer loop
     vertex -1.291523e+02 -7.863140e+01  2.200000e+01
     vertex -1.291523e+02 -7.863140e+01  1.400000e+01
     vertex -1.291680e+02 -7.851725e+01  1.400000e+01
   endloop
 endfacet
 facet normal  9.864799e-01  1.638824e-01  0.000000e+00
   outer loop
     vertex -1.291334e+02 -7.874508e+01  2.200000e+01
     vertex -1.291523e+02 -7.863140e+01  1.400000e+01
     vertex -1.291523e+02 -7.863140e+01  2.200000e+01
   endloop
 endfacet
 facet normal  9.864799e-01  1.638824e-01  0.000000e+00
   outer loop
     vertex -1.291334e+02 -7.874508e+01  2.200000e+01
     vertex -1.291334e+02 -7.874508e+01  1.400000e+01
     vertex -1.291523e+02 -7.863140e+01  1.400000e+01
   endloop
 endfacet
 facet normal  9.816126e-01  1.908838e-01  0.000000e+00
   outer loop
     vertex -1.291334e+02 -7.874508e+01  2.200000e+01
     vertex -1.291114e+02 -7.885819e+01  1.400000e+01
     vertex -1.291334e+02 -7.874508e+01  1.400000e+01
   endloop
 endfacet
 facet normal  9.816126e-01  1.908838e-01  0.000000e+00
   outer loop
     vertex -1.291114e+02 -7.885819e+01  2.200000e+01
     vertex -1.291114e+02 -7.885819e+01  1.400000e+01
     vertex -1.291334e+02 -7.874508e+01  2.200000e+01
   endloop
 endfacet
 facet normal  9.760065e-01  2.177416e-01  0.000000e+00
   outer loop
     vertex -1.290863e+02 -7.897066e+01  2.200000e+01
     vertex -1.290863e+02 -7.897066e+01  1.400000e+01
     vertex -1.291114e+02 -7.885819e+01  1.400000e+01
   endloop
 endfacet
 facet normal  9.760065e-01  2.177416e-01  0.000000e+00
   outer loop
     vertex -1.290863e+02 -7.897066e+01  2.200000e+01
     vertex -1.291114e+02 -7.885819e+01  1.400000e+01
     vertex -1.291114e+02 -7.885819e+01  2.200000e+01
   endloop
 endfacet
 facet normal  9.696656e-01  2.444354e-01  0.000000e+00
   outer loop
     vertex -1.290581e+02 -7.908240e+01  2.200000e+01
     vertex -1.290581e+02 -7.908240e+01  1.400000e+01
     vertex -1.290863e+02 -7.897066e+01  1.400000e+01
   endloop
 endfacet
 facet normal  9.625948e-01  2.709453e-01  0.000000e+00
   outer loop
     vertex -1.290581e+02 -7.908240e+01  2.200000e+01
     vertex -1.290269e+02 -7.919332e+01  1.400000e+01
     vertex -1.290581e+02 -7.908240e+01  1.400000e+01
   endloop
 endfacet
 facet normal  9.696656e-01  2.444354e-01  0.000000e+00
   outer loop
     vertex -1.290581e+02 -7.908240e+01  2.200000e+01
     vertex -1.290863e+02 -7.897066e+01  1.400000e+01
     vertex -1.290863e+02 -7.897066e+01  2.200000e+01
   endloop
 endfacet
 facet normal  9.625948e-01  2.709453e-01  0.000000e+00
   outer loop
     vertex -1.290269e+02 -7.919332e+01  2.200000e+01
     vertex -1.290269e+02 -7.919332e+01  1.400000e+01
     vertex -1.290581e+02 -7.908240e+01  2.200000e+01
   endloop
 endfacet
 facet normal  9.547993e-01  2.972512e-01  0.000000e+00
   outer loop
     vertex -1.289927e+02 -7.930335e+01  2.200000e+01
     vertex -1.289927e+02 -7.930335e+01  1.400000e+01
     vertex -1.290269e+02 -7.919332e+01  1.400000e+01
   endloop
 endfacet
 facet normal  9.547993e-01  2.972512e-01  0.000000e+00
   outer loop
     vertex -1.289927e+02 -7.930335e+01  2.200000e+01
     vertex -1.290269e+02 -7.919332e+01  1.400000e+01
     vertex -1.290269e+02 -7.919332e+01  2.200000e+01
   endloop
 endfacet
 facet normal  9.462851e-01  3.233333e-01  0.000000e+00
   outer loop
     vertex -1.289554e+02 -7.941239e+01  2.200000e+01
     vertex -1.289554e+02 -7.941239e+01  1.400000e+01
     vertex -1.289927e+02 -7.930335e+01  1.400000e+01
   endloop
 endfacet
 facet normal  9.462851e-01  3.233333e-01  0.000000e+00
   outer loop
     vertex -1.289554e+02 -7.941239e+01  2.200000e+01
     vertex -1.289927e+02 -7.930335e+01  1.400000e+01
     vertex -1.289927e+02 -7.930335e+01  2.200000e+01
   endloop
 endfacet
 facet normal  9.370586e-01  3.491720e-01  0.000000e+00
   outer loop
     vertex -1.289152e+02 -7.952037e+01  2.200000e+01
     vertex -1.289152e+02 -7.952037e+01  1.400000e+01
     vertex -1.289554e+02 -7.941239e+01  1.400000e+01
   endloop
 endfacet
 facet normal  9.271267e-01  3.747479e-01  0.000000e+00
   outer loop
     vertex -1.289152e+02 -7.952037e+01  2.200000e+01
     vertex -1.288720e+02 -7.962721e+01  1.400000e+01
     vertex -1.289152e+02 -7.952037e+01  1.400000e+01
   endloop
 endfacet
 facet normal  9.370586e-01  3.491720e-01  0.000000e+00
   outer loop
     vertex -1.289152e+02 -7.952037e+01  2.200000e+01
     vertex -1.289554e+02 -7.941239e+01  1.400000e+01
     vertex -1.289554e+02 -7.941239e+01  2.200000e+01
   endloop
 endfacet
 facet normal  9.271267e-01  3.747479e-01  0.000000e+00
   outer loop
     vertex -1.288720e+02 -7.962721e+01  2.200000e+01
     vertex -1.288720e+02 -7.962721e+01  1.400000e+01
     vertex -1.289152e+02 -7.952037e+01  2.200000e+01
   endloop
 endfacet
 facet normal  9.164969e-01  4.000417e-01  0.000000e+00
   outer loop
     vertex -1.288259e+02 -7.973282e+01  2.200000e+01
     vertex -1.288259e+02 -7.973282e+01  1.400000e+01
     vertex -1.288720e+02 -7.962721e+01  1.400000e+01
   endloop
 endfacet
 facet normal  9.164969e-01  4.000417e-01  0.000000e+00
   outer loop
     vertex -1.288259e+02 -7.973282e+01  2.200000e+01
     vertex -1.288720e+02 -7.962721e+01  1.400000e+01
     vertex -1.288720e+02 -7.962721e+01  2.200000e+01
   endloop
 endfacet
 facet normal  9.051772e-01  4.250344e-01  0.000000e+00
   outer loop
     vertex -1.287769e+02 -7.983713e+01  2.200000e+01
     vertex -1.287769e+02 -7.983713e+01  1.400000e+01
     vertex -1.288259e+02 -7.973282e+01  1.400000e+01
   endloop
 endfacet
 facet normal  9.051772e-01  4.250344e-01  0.000000e+00
   outer loop
     vertex -1.287769e+02 -7.983713e+01  2.200000e+01
     vertex -1.288259e+02 -7.973282e+01  1.400000e+01
     vertex -1.288259e+02 -7.973282e+01  2.200000e+01
   endloop
 endfacet
 facet normal  8.931761e-01  4.497071e-01  0.000000e+00
   outer loop
     vertex -1.287251e+02 -7.994005e+01  2.200000e+01
     vertex -1.287251e+02 -7.994005e+01  1.400000e+01
     vertex -1.287769e+02 -7.983713e+01  1.400000e+01
   endloop
 endfacet
 facet normal  8.805026e-01  4.740412e-01  0.000000e+00
   outer loop
     vertex -1.287251e+02 -7.994005e+01  2.200000e+01
     vertex -1.286705e+02 -8.004152e+01  1.400000e+01
     vertex -1.287251e+02 -7.994005e+01  1.400000e+01
   endloop
 endfacet
 facet normal  8.931761e-01  4.497071e-01  0.000000e+00
   outer loop
     vertex -1.287251e+02 -7.994005e+01  2.200000e+01
     vertex -1.287769e+02 -7.983713e+01  1.400000e+01
     vertex -1.287769e+02 -7.983713e+01  2.200000e+01
   endloop
 endfacet
 facet normal  8.671664e-01  4.980186e-01  0.000000e+00
   outer loop
     vertex -1.286705e+02 -8.004152e+01  2.200000e+01
     vertex -1.286131e+02 -8.014144e+01  1.400000e+01
     vertex -1.286705e+02 -8.004152e+01  1.400000e+01
   endloop
 endfacet
 facet normal  8.805026e-01  4.740412e-01  0.000000e+00
   outer loop
     vertex -1.286705e+02 -8.004152e+01  2.200000e+01
     vertex -1.286705e+02 -8.004152e+01  1.400000e+01
     vertex -1.287251e+02 -7.994005e+01  2.200000e+01
   endloop
 endfacet
 facet normal  8.671664e-01  4.980186e-01  0.000000e+00
   outer loop
     vertex -1.286131e+02 -8.014144e+01  2.200000e+01
     vertex -1.286131e+02 -8.014144e+01  1.400000e+01
     vertex -1.286705e+02 -8.004152e+01  2.200000e+01
   endloop
 endfacet
 facet normal  8.531773e-01  5.216210e-01  0.000000e+00
   outer loop
     vertex -1.285530e+02 -8.023976e+01  2.200000e+01
     vertex -1.285530e+02 -8.023976e+01  1.400000e+01
     vertex -1.286131e+02 -8.014144e+01  1.400000e+01
   endloop
 endfacet
 facet normal  8.385460e-01  5.448308e-01  0.000000e+00
   outer loop
     vertex -1.285530e+02 -8.023976e+01  2.200000e+01
     vertex -1.284902e+02 -8.033639e+01  1.400000e+01
     vertex -1.285530e+02 -8.023976e+01  1.400000e+01
   endloop
 endfacet
 facet normal  8.531773e-01  5.216210e-01  0.000000e+00
   outer loop
     vertex -1.285530e+02 -8.023976e+01  2.200000e+01
     vertex -1.286131e+02 -8.014144e+01  1.400000e+01
     vertex -1.286131e+02 -8.014144e+01  2.200000e+01
   endloop
 endfacet
 facet normal  8.385460e-01  5.448308e-01  0.000000e+00
   outer loop
     vertex -1.284902e+02 -8.033639e+01  2.200000e+01
     vertex -1.284902e+02 -8.033639e+01  1.400000e+01
     vertex -1.285530e+02 -8.023976e+01  2.200000e+01
   endloop
 endfacet
 facet normal  8.232835e-01  5.676304e-01  0.000000e+00
   outer loop
     vertex -1.284248e+02 -8.043126e+01  2.200000e+01
     vertex -1.284902e+02 -8.033639e+01  1.400000e+01
     vertex -1.284902e+02 -8.033639e+01  2.200000e+01
   endloop
 endfacet
 facet normal  8.232835e-01  5.676304e-01  0.000000e+00
   outer loop
     vertex -1.284248e+02 -8.043126e+01  2.200000e+01
     vertex -1.284248e+02 -8.043126e+01  1.400000e+01
     vertex -1.284902e+02 -8.033639e+01  1.400000e+01
   endloop
 endfacet
 facet normal  8.074012e-01  5.900028e-01  0.000000e+00
   outer loop
     vertex -1.284248e+02 -8.043126e+01  2.200000e+01
     vertex -1.283568e+02 -8.052430e+01  1.400000e+01
     vertex -1.284248e+02 -8.043126e+01  1.400000e+01
   endloop
 endfacet
 facet normal  8.074012e-01  5.900028e-01  0.000000e+00
   outer loop
     vertex -1.283568e+02 -8.052430e+01  2.200000e+01
     vertex -1.283568e+02 -8.052430e+01  1.400000e+01
     vertex -1.284248e+02 -8.043126e+01  2.200000e+01
   endloop
 endfacet
 facet normal  7.909112e-01  6.119310e-01  0.000000e+00
   outer loop
     vertex -1.282863e+02 -8.061544e+01  2.200000e+01
     vertex -1.283568e+02 -8.052430e+01  1.400000e+01
     vertex -1.283568e+02 -8.052430e+01  2.200000e+01
   endloop
 endfacet
 facet normal  7.909112e-01  6.119310e-01  0.000000e+00
   outer loop
     vertex -1.282863e+02 -8.061544e+01  2.200000e+01
     vertex -1.282863e+02 -8.061544e+01  1.400000e+01
     vertex -1.283568e+02 -8.052430e+01  1.400000e+01
   endloop
 endfacet
 facet normal  7.738257e-01  6.333986e-01  0.000000e+00
   outer loop
     vertex -1.282863e+02 -8.061544e+01  2.200000e+01
     vertex -1.282133e+02 -8.070461e+01  1.400000e+01
     vertex -1.282863e+02 -8.061544e+01  1.400000e+01
   endloop
 endfacet
 facet normal  7.738257e-01  6.333986e-01  0.000000e+00
   outer loop
     vertex -1.282133e+02 -8.070461e+01  2.200000e+01
     vertex -1.282133e+02 -8.070461e+01  1.400000e+01
     vertex -1.282863e+02 -8.061544e+01  2.200000e+01
   endloop
 endfacet
 facet normal  7.561578e-01  6.543893e-01  0.000000e+00
   outer loop
     vertex -1.281379e+02 -8.079174e+01  2.200000e+01
     vertex -1.282133e+02 -8.070461e+01  1.400000e+01
     vertex -1.282133e+02 -8.070461e+01  2.200000e+01
   endloop
 endfacet
 facet normal  7.561578e-01  6.543893e-01  0.000000e+00
   outer loop
     vertex -1.281379e+02 -8.079174e+01  2.200000e+01
     vertex -1.281379e+02 -8.079174e+01  1.400000e+01
     vertex -1.282133e+02 -8.070461e+01  1.400000e+01
   endloop
 endfacet
 facet normal  7.379206e-01  6.748875e-01  0.000000e+00
   outer loop
     vertex -1.280601e+02 -8.087678e+01  2.200000e+01
     vertex -1.281379e+02 -8.079174e+01  1.400000e+01
     vertex -1.281379e+02 -8.079174e+01  2.200000e+01
   endloop
 endfacet
 facet normal  7.379206e-01  6.748875e-01  0.000000e+00
   outer loop
     vertex -1.280601e+02 -8.087678e+01  2.200000e+01
     vertex -1.280601e+02 -8.087678e+01  1.400000e+01
     vertex -1.281379e+02 -8.079174e+01  1.400000e+01
   endloop
 endfacet
 facet normal  7.191280e-01  6.948776e-01  0.000000e+00
   outer loop
     vertex -1.279800e+02 -8.095965e+01  2.200000e+01
     vertex -1.280601e+02 -8.087678e+01  1.400000e+01
     vertex -1.280601e+02 -8.087678e+01  2.200000e+01
   endloop
 endfacet
 facet normal  7.191280e-01  6.948776e-01  0.000000e+00
   outer loop
     vertex -1.279800e+02 -8.095965e+01  2.200000e+01
     vertex -1.279800e+02 -8.095965e+01  1.400000e+01
     vertex -1.280601e+02 -8.087678e+01  1.400000e+01
   endloop
 endfacet
 facet normal  6.997940e-01  7.143447e-01  0.000000e+00
   outer loop
     vertex -1.278977e+02 -8.104029e+01  2.200000e+01
     vertex -1.279800e+02 -8.095965e+01  1.400000e+01
     vertex -1.279800e+02 -8.095965e+01  2.200000e+01
   endloop
 endfacet
 facet normal  6.997940e-01  7.143447e-01  0.000000e+00
   outer loop
     vertex -1.278977e+02 -8.104029e+01  2.200000e+01
     vertex -1.278977e+02 -8.104029e+01  1.400000e+01
     vertex -1.279800e+02 -8.095965e+01  1.400000e+01
   endloop
 endfacet
 facet normal  6.799333e-01  7.332740e-01  0.000000e+00
   outer loop
     vertex -1.278977e+02 -8.104029e+01  2.200000e+01
     vertex -1.278132e+02 -8.111864e+01  1.400000e+01
     vertex -1.278977e+02 -8.104029e+01  1.400000e+01
   endloop
 endfacet
 facet normal  6.799333e-01  7.332740e-01  0.000000e+00
   outer loop
     vertex -1.278132e+02 -8.111864e+01  2.200000e+01
     vertex -1.278132e+02 -8.111864e+01  1.400000e+01
     vertex -1.278977e+02 -8.104029e+01  2.200000e+01
   endloop
 endfacet
 facet normal  6.595607e-01  7.516513e-01  0.000000e+00
   outer loop
     vertex -1.278132e+02 -8.111864e+01  2.200000e+01
     vertex -1.277266e+02 -8.119464e+01  1.400000e+01
     vertex -1.278132e+02 -8.111864e+01  1.400000e+01
   endloop
 endfacet
 facet normal  6.595607e-01  7.516513e-01  0.000000e+00
   outer loop
     vertex -1.277266e+02 -8.119464e+01  2.200000e+01
     vertex -1.277266e+02 -8.119464e+01  1.400000e+01
     vertex -1.278132e+02 -8.111864e+01  2.200000e+01
   endloop
 endfacet
 facet normal  6.386916e-01  7.694628e-01  0.000000e+00
   outer loop
     vertex -1.276379e+02 -8.126824e+01  2.200000e+01
     vertex -1.277266e+02 -8.119464e+01  1.400000e+01
     vertex -1.277266e+02 -8.119464e+01  2.200000e+01
   endloop
 endfacet
 facet normal  6.386916e-01  7.694628e-01  0.000000e+00
   outer loop
     vertex -1.276379e+02 -8.126824e+01  2.200000e+01
     vertex -1.276379e+02 -8.126824e+01  1.400000e+01
     vertex -1.277266e+02 -8.119464e+01  1.400000e+01
   endloop
 endfacet
 facet normal  6.173417e-01  7.866951e-01  0.000000e+00
   outer loop
     vertex -1.275473e+02 -8.133938e+01  2.200000e+01
     vertex -1.276379e+02 -8.126824e+01  1.400000e+01
     vertex -1.276379e+02 -8.126824e+01  2.200000e+01
   endloop
 endfacet
 facet normal  6.173417e-01  7.866951e-01  0.000000e+00
   outer loop
     vertex -1.275473e+02 -8.133938e+01  2.200000e+01
     vertex -1.275473e+02 -8.133938e+01  1.400000e+01
     vertex -1.276379e+02 -8.126824e+01  1.400000e+01
   endloop
 endfacet
 facet normal  5.955271e-01  8.033352e-01  0.000000e+00
   outer loop
     vertex -1.274547e+02 -8.140800e+01  2.200000e+01
     vertex -1.275473e+02 -8.133938e+01  1.400000e+01
     vertex -1.275473e+02 -8.133938e+01  2.200000e+01
   endloop
 endfacet
 facet normal  5.955271e-01  8.033352e-01  0.000000e+00
   outer loop
     vertex -1.274547e+02 -8.140800e+01  2.200000e+01
     vertex -1.274547e+02 -8.140800e+01  1.400000e+01
     vertex -1.275473e+02 -8.133938e+01  1.400000e+01
   endloop
 endfacet
 facet normal  5.732642e-01  8.193706e-01  0.000000e+00
   outer loop
     vertex -1.273603e+02 -8.147406e+01  2.200000e+01
     vertex -1.274547e+02 -8.140800e+01  1.400000e+01
     vertex -1.274547e+02 -8.140800e+01  2.200000e+01
   endloop
 endfacet
 facet normal  5.732642e-01  8.193706e-01  0.000000e+00
   outer loop
     vertex -1.273603e+02 -8.147406e+01  2.200000e+01
     vertex -1.273603e+02 -8.147406e+01  1.400000e+01
     vertex -1.274547e+02 -8.140800e+01  1.400000e+01
   endloop
 endfacet
 facet normal  5.505698e-01  8.347891e-01  0.000000e+00
   outer loop
     vertex -1.272641e+02 -8.153751e+01  2.200000e+01
     vertex -1.273603e+02 -8.147406e+01  1.400000e+01
     vertex -1.273603e+02 -8.147406e+01  2.200000e+01
   endloop
 endfacet
 facet normal  5.505698e-01  8.347891e-01  0.000000e+00
   outer loop
     vertex -1.272641e+02 -8.153751e+01  2.200000e+01
     vertex -1.272641e+02 -8.153751e+01  1.400000e+01
     vertex -1.273603e+02 -8.147406e+01  1.400000e+01
   endloop
 endfacet
 facet normal  5.274609e-01  8.495793e-01  0.000000e+00
   outer loop
     vertex -1.272641e+02 -8.153751e+01  2.200000e+01
     vertex -1.271662e+02 -8.159829e+01  1.400000e+01
     vertex -1.272641e+02 -8.153751e+01  1.400000e+01
   endloop
 endfacet
 facet normal  5.274609e-01  8.495793e-01  0.000000e+00
   outer loop
     vertex -1.271662e+02 -8.159829e+01  2.200000e+01
     vertex -1.271662e+02 -8.159829e+01  1.400000e+01
     vertex -1.272641e+02 -8.153751e+01  2.200000e+01
   endloop
 endfacet
 facet normal  5.039550e-01  8.637299e-01  0.000000e+00
   outer loop
     vertex -1.270666e+02 -8.165636e+01  2.200000e+01
     vertex -1.271662e+02 -8.159829e+01  1.400000e+01
     vertex -1.271662e+02 -8.159829e+01  2.200000e+01
   endloop
 endfacet
 facet normal  5.039550e-01  8.637299e-01  0.000000e+00
   outer loop
     vertex -1.270666e+02 -8.165636e+01  2.200000e+01
     vertex -1.270666e+02 -8.165636e+01  1.400000e+01
     vertex -1.271662e+02 -8.159829e+01  1.400000e+01
   endloop
 endfacet
 facet normal  4.800697e-01  8.772303e-01  0.000000e+00
   outer loop
     vertex -1.269656e+02 -8.171168e+01  2.200000e+01
     vertex -1.270666e+02 -8.165636e+01  1.400000e+01
     vertex -1.270666e+02 -8.165636e+01  2.200000e+01
   endloop
 endfacet
 facet normal  4.800697e-01  8.772303e-01  0.000000e+00
   outer loop
     vertex -1.269656e+02 -8.171168e+01  2.200000e+01
     vertex -1.269656e+02 -8.171168e+01  1.400000e+01
     vertex -1.270666e+02 -8.165636e+01  1.400000e+01
   endloop
 endfacet
 facet normal  4.558231e-01  8.900704e-01  0.000000e+00
   outer loop
     vertex -1.268630e+02 -8.176421e+01  2.200000e+01
     vertex -1.269656e+02 -8.171168e+01  1.400000e+01
     vertex -1.269656e+02 -8.171168e+01  2.200000e+01
   endloop
 endfacet
 facet normal  4.558231e-01  8.900704e-01  0.000000e+00
   outer loop
     vertex -1.268630e+02 -8.176421e+01  2.200000e+01
     vertex -1.268630e+02 -8.176421e+01  1.400000e+01
     vertex -1.269656e+02 -8.171168e+01  1.400000e+01
   endloop
 endfacet
 facet normal  4.312333e-01  9.022405e-01  0.000000e+00
   outer loop
     vertex -1.267590e+02 -8.181390e+01  2.200000e+01
     vertex -1.268630e+02 -8.176421e+01  1.400000e+01
     vertex -1.268630e+02 -8.176421e+01  2.200000e+01
   endloop
 endfacet
 facet normal  4.312333e-01  9.022405e-01  0.000000e+00
   outer loop
     vertex -1.267590e+02 -8.181390e+01  2.200000e+01
     vertex -1.267590e+02 -8.181390e+01  1.400000e+01
     vertex -1.268630e+02 -8.176421e+01  1.400000e+01
   endloop
 endfacet
 facet normal  4.063188e-01  9.137314e-01  0.000000e+00
   outer loop
     vertex -1.266537e+02 -8.186072e+01  2.200000e+01
     vertex -1.267590e+02 -8.181390e+01  1.400000e+01
     vertex -1.267590e+02 -8.181390e+01  2.200000e+01
   endloop
 endfacet
 facet normal  4.063188e-01  9.137314e-01  0.000000e+00
   outer loop
     vertex -1.266537e+02 -8.186072e+01  2.200000e+01
     vertex -1.266537e+02 -8.186072e+01  1.400000e+01
     vertex -1.267590e+02 -8.181390e+01  1.400000e+01
   endloop
 endfacet
 facet normal  3.810986e-01  9.245344e-01  0.000000e+00
   outer loop
     vertex -1.266537e+02 -8.186072e+01  2.200000e+01
     vertex -1.265472e+02 -8.190464e+01  1.400000e+01
     vertex -1.266537e+02 -8.186072e+01  1.400000e+01
   endloop
 endfacet
 facet normal  3.810986e-01  9.245344e-01  0.000000e+00
   outer loop
     vertex -1.265472e+02 -8.190464e+01  2.200000e+01
     vertex -1.265472e+02 -8.190464e+01  1.400000e+01
     vertex -1.266537e+02 -8.186072e+01  2.200000e+01
   endloop
 endfacet
 facet normal  3.555914e-01  9.346415e-01  0.000000e+00
   outer loop
     vertex -1.264395e+02 -8.194561e+01  2.200000e+01
     vertex -1.264395e+02 -8.194561e+01  1.400000e+01
     vertex -1.265472e+02 -8.190464e+01  1.400000e+01
   endloop
 endfacet
 facet normal  3.555914e-01  9.346415e-01  0.000000e+00
   outer loop
     vertex -1.264395e+02 -8.194561e+01  2.200000e+01
     vertex -1.265472e+02 -8.190464e+01  1.400000e+01
     vertex -1.265472e+02 -8.190464e+01  2.200000e+01
   endloop
 endfacet
 facet normal  3.298166e-01  9.440450e-01  0.000000e+00
   outer loop
     vertex -1.263307e+02 -8.198362e+01  2.200000e+01
     vertex -1.263307e+02 -8.198362e+01  1.400000e+01
     vertex -1.264395e+02 -8.194561e+01  1.400000e+01
   endloop
 endfacet
 facet normal  3.298166e-01  9.440450e-01  0.000000e+00
   outer loop
     vertex -1.263307e+02 -8.198362e+01  2.200000e+01
     vertex -1.264395e+02 -8.194561e+01  1.400000e+01
     vertex -1.264395e+02 -8.194561e+01  2.200000e+01
   endloop
 endfacet
 facet normal  3.037934e-01  9.527379e-01  0.000000e+00
   outer loop
     vertex -1.262209e+02 -8.201863e+01  2.200000e+01
     vertex -1.262209e+02 -8.201863e+01  1.400000e+01
     vertex -1.263307e+02 -8.198362e+01  1.400000e+01
   endloop
 endfacet
 facet normal  3.037934e-01  9.527379e-01  0.000000e+00
   outer loop
     vertex -1.262209e+02 -8.201863e+01  2.200000e+01
     vertex -1.263307e+02 -8.198362e+01  1.400000e+01
     vertex -1.263307e+02 -8.198362e+01  2.200000e+01
   endloop
 endfacet
 facet normal  2.775416e-01  9.607136e-01  0.000000e+00
   outer loop
     vertex -1.261102e+02 -8.205061e+01  2.200000e+01
     vertex -1.262209e+02 -8.201863e+01  1.400000e+01
     vertex -1.262209e+02 -8.201863e+01  2.200000e+01
   endloop
 endfacet
 facet normal  2.775416e-01  9.607136e-01  0.000000e+00
   outer loop
     vertex -1.261102e+02 -8.205061e+01  2.200000e+01
     vertex -1.261102e+02 -8.205061e+01  1.400000e+01
     vertex -1.262209e+02 -8.201863e+01  1.400000e+01
   endloop
 endfacet
 facet normal  2.510809e-01  9.679661e-01  0.000000e+00
   outer loop
     vertex -1.261102e+02 -8.205061e+01  2.200000e+01
     vertex -1.259987e+02 -8.207954e+01  1.400000e+01
     vertex -1.261102e+02 -8.205061e+01  1.400000e+01
   endloop
 endfacet
 facet normal  2.510809e-01  9.679661e-01  0.000000e+00
   outer loop
     vertex -1.259987e+02 -8.207954e+01  2.200000e+01
     vertex -1.259987e+02 -8.207954e+01  1.400000e+01
     vertex -1.261102e+02 -8.205061e+01  2.200000e+01
   endloop
 endfacet
 facet normal  2.244312e-01  9.744899e-01  0.000000e+00
   outer loop
     vertex -1.258864e+02 -8.210540e+01  2.200000e+01
     vertex -1.259987e+02 -8.207954e+01  1.400000e+01
     vertex -1.259987e+02 -8.207954e+01  2.200000e+01
   endloop
 endfacet
 facet normal  2.244312e-01  9.744899e-01  0.000000e+00
   outer loop
     vertex -1.258864e+02 -8.210540e+01  2.200000e+01
     vertex -1.258864e+02 -8.210540e+01  1.400000e+01
     vertex -1.259987e+02 -8.207954e+01  1.400000e+01
   endloop
 endfacet
 facet normal  1.976125e-01  9.802802e-01  0.000000e+00
   outer loop
     vertex -1.258864e+02 -8.210540e+01  2.200000e+01
     vertex -1.257734e+02 -8.212818e+01  1.400000e+01
     vertex -1.258864e+02 -8.210540e+01  1.400000e+01
   endloop
 endfacet
 facet normal  1.976125e-01  9.802802e-01  0.000000e+00
   outer loop
     vertex -1.257734e+02 -8.212818e+01  2.200000e+01
     vertex -1.257734e+02 -8.212818e+01  1.400000e+01
     vertex -1.258864e+02 -8.210540e+01  2.200000e+01
   endloop
 endfacet
 facet normal  1.706451e-01  9.853326e-01  0.000000e+00
   outer loop
     vertex -1.256599e+02 -8.214784e+01  2.200000e+01
     vertex -1.257734e+02 -8.212818e+01  1.400000e+01
     vertex -1.257734e+02 -8.212818e+01  2.200000e+01
   endloop
 endfacet
 facet normal  1.706451e-01  9.853326e-01  0.000000e+00
   outer loop
     vertex -1.256599e+02 -8.214784e+01  2.200000e+01
     vertex -1.256599e+02 -8.214784e+01  1.400000e+01
     vertex -1.257734e+02 -8.212818e+01  1.400000e+01
   endloop
 endfacet
 facet normal  1.435492e-01  9.896432e-01  0.000000e+00
   outer loop
     vertex -1.256599e+02 -8.214784e+01  2.200000e+01
     vertex -1.255458e+02 -8.216438e+01  1.400000e+01
     vertex -1.256599e+02 -8.214784e+01  1.400000e+01
   endloop
 endfacet
 facet normal  1.435492e-01  9.896432e-01  0.000000e+00
   outer loop
     vertex -1.255458e+02 -8.216438e+01  2.200000e+01
     vertex -1.255458e+02 -8.216438e+01  1.400000e+01
     vertex -1.256599e+02 -8.214784e+01  2.200000e+01
   endloop
 endfacet
 facet normal  1.163452e-01  9.932088e-01  0.000000e+00
   outer loop
     vertex -1.254314e+02 -8.217779e+01  2.200000e+01
     vertex -1.255458e+02 -8.216438e+01  1.400000e+01
     vertex -1.255458e+02 -8.216438e+01  2.200000e+01
   endloop
 endfacet
 facet normal  1.163452e-01  9.932088e-01  0.000000e+00
   outer loop
     vertex -1.254314e+02 -8.217779e+01  2.200000e+01
     vertex -1.254314e+02 -8.217779e+01  1.400000e+01
     vertex -1.255458e+02 -8.216438e+01  1.400000e+01
   endloop
 endfacet
 facet normal  8.905371e-02  9.960268e-01  0.000000e+00
   outer loop
     vertex -1.253166e+02 -8.218805e+01  2.200000e+01
     vertex -1.254314e+02 -8.217779e+01  1.400000e+01
     vertex -1.254314e+02 -8.217779e+01  2.200000e+01
   endloop
 endfacet
 facet normal  8.905371e-02  9.960268e-01  0.000000e+00
   outer loop
     vertex -1.253166e+02 -8.218805e+01  2.200000e+01
     vertex -1.253166e+02 -8.218805e+01  1.400000e+01
     vertex -1.254314e+02 -8.217779e+01  1.400000e+01
   endloop
 endfacet
 facet normal  6.169515e-02  9.980950e-01  0.000000e+00
   outer loop
     vertex -1.252016e+02 -8.219516e+01  2.200000e+01
     vertex -1.253166e+02 -8.218805e+01  1.400000e+01
     vertex -1.253166e+02 -8.218805e+01  2.200000e+01
   endloop
 endfacet
 facet normal  6.169515e-02  9.980950e-01  0.000000e+00
   outer loop
     vertex -1.252016e+02 -8.219516e+01  2.200000e+01
     vertex -1.252016e+02 -8.219516e+01  1.400000e+01
     vertex -1.253166e+02 -8.218805e+01  1.400000e+01
   endloop
 endfacet
 facet normal  3.429014e-02  9.994119e-01  0.000000e+00
   outer loop
     vertex -1.250864e+02 -8.219911e+01  2.200000e+01
     vertex -1.252016e+02 -8.219516e+01  1.400000e+01
     vertex -1.252016e+02 -8.219516e+01  2.200000e+01
   endloop
 endfacet
 facet normal  3.429014e-02  9.994119e-01  0.000000e+00
   outer loop
     vertex -1.250864e+02 -8.219911e+01  2.200000e+01
     vertex -1.250864e+02 -8.219911e+01  1.400000e+01
     vertex -1.252016e+02 -8.219516e+01  1.400000e+01
   endloop
 endfacet
 facet normal  6.859319e-03  9.999765e-01  0.000000e+00
   outer loop
     vertex -1.250864e+02 -8.219911e+01  2.200000e+01
     vertex -1.249712e+02 -8.219990e+01  1.400000e+01
     vertex -1.250864e+02 -8.219911e+01  1.400000e+01
   endloop
 endfacet
 facet normal  6.859319e-03  9.999765e-01  0.000000e+00
   outer loop
     vertex -1.249712e+02 -8.219990e+01  2.200000e+01
     vertex -1.249712e+02 -8.219990e+01  1.400000e+01
     vertex -1.250864e+02 -8.219911e+01  2.200000e+01
   endloop
 endfacet
 facet normal -2.057667e-02  9.997883e-01  0.000000e+00
   outer loop
     vertex -1.248560e+02 -8.219753e+01  2.200000e+01
     vertex -1.249712e+02 -8.219990e+01  1.400000e+01
     vertex -1.249712e+02 -8.219990e+01  2.200000e+01
   endloop
 endfacet
 facet normal -2.057667e-02  9.997883e-01  0.000000e+00
   outer loop
     vertex -1.248560e+02 -8.219753e+01  2.200000e+01
     vertex -1.248560e+02 -8.219753e+01  1.400000e+01
     vertex -1.249712e+02 -8.219990e+01  1.400000e+01
   endloop
 endfacet
 facet normal -4.799716e-02  9.988475e-01  0.000000e+00
   outer loop
     vertex -1.247409e+02 -8.219200e+01  2.200000e+01
     vertex -1.247409e+02 -8.219200e+01  1.400000e+01
     vertex -1.248560e+02 -8.219753e+01  1.400000e+01
   endloop
 endfacet
 facet normal -7.538152e-02  9.971548e-01  0.000000e+00
   outer loop
     vertex -1.247409e+02 -8.219200e+01  2.200000e+01
     vertex -1.246260e+02 -8.218331e+01  1.400000e+01
     vertex -1.247409e+02 -8.219200e+01  1.400000e+01
   endloop
 endfacet
 facet normal -4.799716e-02  9.988475e-01  0.000000e+00
   outer loop
     vertex -1.247409e+02 -8.219200e+01  2.200000e+01
     vertex -1.248560e+02 -8.219753e+01  1.400000e+01
     vertex -1.248560e+02 -8.219753e+01  2.200000e+01
   endloop
 endfacet
 facet normal -7.538152e-02  9.971548e-01  0.000000e+00
   outer loop
     vertex -1.246260e+02 -8.218331e+01  2.200000e+01
     vertex -1.246260e+02 -8.218331e+01  1.400000e+01
     vertex -1.247409e+02 -8.219200e+01  2.200000e+01
   endloop
 endfacet
 facet normal -1.027091e-01  9.947114e-01  0.000000e+00
   outer loop
     vertex -1.245113e+02 -8.217148e+01  2.200000e+01
     vertex -1.245113e+02 -8.217148e+01  1.400000e+01
     vertex -1.246260e+02 -8.218331e+01  1.400000e+01
   endloop
 endfacet
 facet normal -1.027091e-01  9.947114e-01  0.000000e+00
   outer loop
     vertex -1.245113e+02 -8.217148e+01  2.200000e+01
     vertex -1.246260e+02 -8.218331e+01  1.400000e+01
     vertex -1.246260e+02 -8.218331e+01  2.200000e+01
   endloop
 endfacet
 facet normal -1.299594e-01  9.915193e-01  0.000000e+00
   outer loop
     vertex -1.243971e+02 -8.215650e+01  2.200000e+01
     vertex -1.243971e+02 -8.215650e+01  1.400000e+01
     vertex -1.245113e+02 -8.217148e+01  1.400000e+01
   endloop
 endfacet
 facet normal -1.299594e-01  9.915193e-01  0.000000e+00
   outer loop
     vertex -1.243971e+02 -8.215650e+01  2.200000e+01
     vertex -1.245113e+02 -8.217148e+01  1.400000e+01
     vertex -1.245113e+02 -8.217148e+01  2.200000e+01
   endloop
 endfacet
 facet normal -1.571119e-01  9.875808e-01  0.000000e+00
   outer loop
     vertex -1.242833e+02 -8.213840e+01  2.200000e+01
     vertex -1.242833e+02 -8.213840e+01  1.400000e+01
     vertex -1.243971e+02 -8.215650e+01  1.400000e+01
   endloop
 endfacet
 facet normal -1.571119e-01  9.875808e-01  0.000000e+00
   outer loop
     vertex -1.242833e+02 -8.213840e+01  2.200000e+01
     vertex -1.243971e+02 -8.215650e+01  1.400000e+01
     vertex -1.243971e+02 -8.215650e+01  2.200000e+01
   endloop
 endfacet
 facet normal -1.841461e-01  9.828989e-01  0.000000e+00
   outer loop
     vertex -1.241700e+02 -8.211718e+01  2.200000e+01
     vertex -1.241700e+02 -8.211718e+01  1.400000e+01
     vertex -1.242833e+02 -8.213840e+01  1.400000e+01
   endloop
 endfacet
 facet normal -1.841461e-01  9.828989e-01  0.000000e+00
   outer loop
     vertex -1.241700e+02 -8.211718e+01  2.200000e+01
     vertex -1.242833e+02 -8.213840e+01  1.400000e+01
     vertex -1.242833e+02 -8.213840e+01  2.200000e+01
   endloop
 endfacet
 facet normal -2.110417e-01  9.774771e-01  0.000000e+00
   outer loop
     vertex -1.240574e+02 -8.209286e+01  2.200000e+01
     vertex -1.240574e+02 -8.209286e+01  1.400000e+01
     vertex -1.241700e+02 -8.211718e+01  1.400000e+01
   endloop
 endfacet
 facet normal -2.110417e-01  9.774771e-01  0.000000e+00
   outer loop
     vertex -1.240574e+02 -8.209286e+01  2.200000e+01
     vertex -1.241700e+02 -8.211718e+01  1.400000e+01
     vertex -1.241700e+02 -8.211718e+01  2.200000e+01
   endloop
 endfacet
 facet normal -2.377784e-01  9.713194e-01  0.000000e+00
   outer loop
     vertex -1.239455e+02 -8.206546e+01  2.200000e+01
     vertex -1.239455e+02 -8.206546e+01  1.400000e+01
     vertex -1.240574e+02 -8.209286e+01  1.400000e+01
   endloop
 endfacet
 facet normal -2.643362e-01  9.644306e-01  0.000000e+00
   outer loop
     vertex -1.239455e+02 -8.206546e+01  2.200000e+01
     vertex -1.238343e+02 -8.203500e+01  1.400000e+01
     vertex -1.239455e+02 -8.206546e+01  1.400000e+01
   endloop
 endfacet
 facet normal -2.377784e-01  9.713194e-01  0.000000e+00
   outer loop
     vertex -1.239455e+02 -8.206546e+01  2.200000e+01
     vertex -1.240574e+02 -8.209286e+01  1.400000e+01
     vertex -1.240574e+02 -8.209286e+01  2.200000e+01
   endloop
 endfacet
 facet normal -2.643362e-01  9.644306e-01  0.000000e+00
   outer loop
     vertex -1.238343e+02 -8.203500e+01  2.200000e+01
     vertex -1.238343e+02 -8.203500e+01  1.400000e+01
     vertex -1.239455e+02 -8.206546e+01  2.200000e+01
   endloop
 endfacet
 facet normal -2.906949e-01  9.568158e-01  0.000000e+00
   outer loop
     vertex -1.237241e+02 -8.200150e+01  2.200000e+01
     vertex -1.237241e+02 -8.200150e+01  1.400000e+01
     vertex -1.238343e+02 -8.203500e+01  1.400000e+01
   endloop
 endfacet
 facet normal -2.906949e-01  9.568158e-01  0.000000e+00
   outer loop
     vertex -1.237241e+02 -8.200150e+01  2.200000e+01
     vertex -1.238343e+02 -8.203500e+01  1.400000e+01
     vertex -1.238343e+02 -8.203500e+01  2.200000e+01
   endloop
 endfacet
 facet normal -3.168348e-01  9.484807e-01  0.000000e+00
   outer loop
     vertex -1.236148e+02 -8.196499e+01  2.200000e+01
     vertex -1.236148e+02 -8.196499e+01  1.400000e+01
     vertex -1.237241e+02 -8.200150e+01  1.400000e+01
   endloop
 endfacet
 facet normal -3.168348e-01  9.484807e-01  0.000000e+00
   outer loop
     vertex -1.236148e+02 -8.196499e+01  2.200000e+01
     vertex -1.237241e+02 -8.200150e+01  1.400000e+01
     vertex -1.237241e+02 -8.200150e+01  2.200000e+01
   endloop
 endfacet
 facet normal -3.427362e-01  9.394317e-01  0.000000e+00
   outer loop
     vertex -1.235065e+02 -8.192549e+01  2.200000e+01
     vertex -1.235065e+02 -8.192549e+01  1.400000e+01
     vertex -1.236148e+02 -8.196499e+01  1.400000e+01
   endloop
 endfacet
 facet normal -3.427362e-01  9.394317e-01  0.000000e+00
   outer loop
     vertex -1.235065e+02 -8.192549e+01  2.200000e+01
     vertex -1.236148e+02 -8.196499e+01  1.400000e+01
     vertex -1.236148e+02 -8.196499e+01  2.200000e+01
   endloop
 endfacet
 facet normal -3.683796e-01  9.296754e-01  0.000000e+00
   outer loop
     vertex -1.233994e+02 -8.188304e+01  2.200000e+01
     vertex -1.233994e+02 -8.188304e+01  1.400000e+01
     vertex -1.235065e+02 -8.192549e+01  1.400000e+01
   endloop
 endfacet
 facet normal -3.683796e-01  9.296754e-01  0.000000e+00
   outer loop
     vertex -1.233994e+02 -8.188304e+01  2.200000e+01
     vertex -1.235065e+02 -8.192549e+01  1.400000e+01
     vertex -1.235065e+02 -8.192549e+01  2.200000e+01
   endloop
 endfacet
 facet normal -3.937458e-01  9.192194e-01  0.000000e+00
   outer loop
     vertex -1.232935e+02 -8.183767e+01  2.200000e+01
     vertex -1.233994e+02 -8.188304e+01  1.400000e+01
     vertex -1.233994e+02 -8.188304e+01  2.200000e+01
   endloop
 endfacet
 facet normal -3.937458e-01  9.192194e-01  0.000000e+00
   outer loop
     vertex -1.232935e+02 -8.183767e+01  2.200000e+01
     vertex -1.232935e+02 -8.183767e+01  1.400000e+01
     vertex -1.233994e+02 -8.188304e+01  1.400000e+01
   endloop
 endfacet
 facet normal -4.188155e-01  9.080714e-01  0.000000e+00
   outer loop
     vertex -1.231888e+02 -8.178941e+01  2.200000e+01
     vertex -1.232935e+02 -8.183767e+01  1.400000e+01
     vertex -1.232935e+02 -8.183767e+01  2.200000e+01
   endloop
 endfacet
 facet normal -4.188155e-01  9.080714e-01  0.000000e+00
   outer loop
     vertex -1.231888e+02 -8.178941e+01  2.200000e+01
     vertex -1.231888e+02 -8.178941e+01  1.400000e+01
     vertex -1.232935e+02 -8.183767e+01  1.400000e+01
   endloop
 endfacet
 facet normal -4.435699e-01  8.962398e-01  0.000000e+00
   outer loop
     vertex -1.230855e+02 -8.173830e+01  2.200000e+01
     vertex -1.231888e+02 -8.178941e+01  1.400000e+01
     vertex -1.231888e+02 -8.178941e+01  2.200000e+01
   endloop
 endfacet
 facet normal -4.435699e-01  8.962398e-01  0.000000e+00
   outer loop
     vertex -1.230855e+02 -8.173830e+01  2.200000e+01
     vertex -1.230855e+02 -8.173830e+01  1.400000e+01
     vertex -1.231888e+02 -8.178941e+01  1.400000e+01
   endloop
 endfacet
 facet normal -4.679904e-01  8.837335e-01  0.000000e+00
   outer loop
     vertex -1.229837e+02 -8.168437e+01  2.200000e+01
     vertex -1.230855e+02 -8.173830e+01  1.400000e+01
     vertex -1.230855e+02 -8.173830e+01  2.200000e+01
   endloop
 endfacet
 facet normal -4.679904e-01  8.837335e-01  0.000000e+00
   outer loop
     vertex -1.229837e+02 -8.168437e+01  2.200000e+01
     vertex -1.229837e+02 -8.168437e+01  1.400000e+01
     vertex -1.230855e+02 -8.173830e+01  1.400000e+01
   endloop
 endfacet
 facet normal -4.920587e-01  8.705620e-01  0.000000e+00
   outer loop
     vertex -1.228834e+02 -8.162767e+01  2.200000e+01
     vertex -1.228834e+02 -8.162767e+01  1.400000e+01
     vertex -1.229837e+02 -8.168437e+01  1.400000e+01
   endloop
 endfacet
 facet normal -4.920587e-01  8.705620e-01  0.000000e+00
   outer loop
     vertex -1.228834e+02 -8.162767e+01  2.200000e+01
     vertex -1.229837e+02 -8.168437e+01  1.400000e+01
     vertex -1.229837e+02 -8.168437e+01  2.200000e+01
   endloop
 endfacet
 facet normal -5.157565e-01  8.567352e-01  0.000000e+00
   outer loop
     vertex -1.227847e+02 -8.156823e+01  2.200000e+01
     vertex -1.227847e+02 -8.156823e+01  1.400000e+01
     vertex -1.228834e+02 -8.162767e+01  1.400000e+01
   endloop
 endfacet
 facet normal -5.157565e-01  8.567352e-01  0.000000e+00
   outer loop
     vertex -1.227847e+02 -8.156823e+01  2.200000e+01
     vertex -1.228834e+02 -8.162767e+01  1.400000e+01
     vertex -1.228834e+02 -8.162767e+01  2.200000e+01
   endloop
 endfacet
 facet normal -5.390661e-01  8.422635e-01  0.000000e+00
   outer loop
     vertex -1.226876e+02 -8.150611e+01  2.200000e+01
     vertex -1.226876e+02 -8.150611e+01  1.400000e+01
     vertex -1.227847e+02 -8.156823e+01  1.400000e+01
   endloop
 endfacet
 facet normal -5.390661e-01  8.422635e-01  0.000000e+00
   outer loop
     vertex -1.226876e+02 -8.150611e+01  2.200000e+01
     vertex -1.227847e+02 -8.156823e+01  1.400000e+01
     vertex -1.227847e+02 -8.156823e+01  2.200000e+01
   endloop
 endfacet
 facet normal -5.619699e-01  8.271577e-01  0.000000e+00
   outer loop
     vertex -1.225923e+02 -8.144136e+01  2.200000e+01
     vertex -1.225923e+02 -8.144136e+01  1.400000e+01
     vertex -1.226876e+02 -8.150611e+01  1.400000e+01
   endloop
 endfacet
 facet normal -5.844507e-01  8.114292e-01  0.000000e+00
   outer loop
     vertex -1.225923e+02 -8.144136e+01  2.200000e+01
     vertex -1.224988e+02 -8.137401e+01  1.400000e+01
     vertex -1.225923e+02 -8.144136e+01  1.400000e+01
   endloop
 endfacet
 facet normal -5.619699e-01  8.271577e-01  0.000000e+00
   outer loop
     vertex -1.225923e+02 -8.144136e+01  2.200000e+01
     vertex -1.226876e+02 -8.150611e+01  1.400000e+01
     vertex -1.226876e+02 -8.150611e+01  2.200000e+01
   endloop
 endfacet
 facet normal -5.844507e-01  8.114292e-01  0.000000e+00
   outer loop
     vertex -1.224988e+02 -8.137401e+01  2.200000e+01
     vertex -1.224988e+02 -8.137401e+01  1.400000e+01
     vertex -1.225923e+02 -8.144136e+01  2.200000e+01
   endloop
 endfacet
 facet normal -6.064915e-01  7.950900e-01  0.000000e+00
   outer loop
     vertex -1.224072e+02 -8.130412e+01  2.200000e+01
     vertex -1.224072e+02 -8.130412e+01  1.400000e+01
     vertex -1.224988e+02 -8.137401e+01  1.400000e+01
   endloop
 endfacet
 facet normal -6.064915e-01  7.950900e-01  0.000000e+00
   outer loop
     vertex -1.224072e+02 -8.130412e+01  2.200000e+01
     vertex -1.224988e+02 -8.137401e+01  1.400000e+01
     vertex -1.224988e+02 -8.137401e+01  2.200000e+01
   endloop
 endfacet
 facet normal -6.280757e-01  7.781522e-01  0.000000e+00
   outer loop
     vertex -1.223175e+02 -8.123174e+01  2.200000e+01
     vertex -1.223175e+02 -8.123174e+01  1.400000e+01
     vertex -1.224072e+02 -8.130412e+01  1.400000e+01
   endloop
 endfacet
 facet normal -6.280757e-01  7.781522e-01  0.000000e+00
   outer loop
     vertex -1.223175e+02 -8.123174e+01  2.200000e+01
     vertex -1.224072e+02 -8.130412e+01  1.400000e+01
     vertex -1.224072e+02 -8.130412e+01  2.200000e+01
   endloop
 endfacet
 facet normal -6.491872e-01  7.606287e-01  0.000000e+00
   outer loop
     vertex -1.222298e+02 -8.115694e+01  2.200000e+01
     vertex -1.222298e+02 -8.115694e+01  1.400000e+01
     vertex -1.223175e+02 -8.123174e+01  1.400000e+01
   endloop
 endfacet
 facet normal -6.491872e-01  7.606287e-01  0.000000e+00
   outer loop
     vertex -1.222298e+02 -8.115694e+01  2.200000e+01
     vertex -1.223175e+02 -8.123174e+01  1.400000e+01
     vertex -1.223175e+02 -8.123174e+01  2.200000e+01
   endloop
 endfacet
 facet normal -6.698100e-01  7.425325e-01  0.000000e+00
   outer loop
     vertex -1.221443e+02 -8.107975e+01  2.200000e+01
     vertex -1.221443e+02 -8.107975e+01  1.400000e+01
     vertex -1.222298e+02 -8.115694e+01  1.400000e+01
   endloop
 endfacet
 facet normal -6.698100e-01  7.425325e-01  0.000000e+00
   outer loop
     vertex -1.221443e+02 -8.107975e+01  2.200000e+01
     vertex -1.222298e+02 -8.115694e+01  1.400000e+01
     vertex -1.222298e+02 -8.115694e+01  2.200000e+01
   endloop
 endfacet
 facet normal -6.899286e-01  7.238775e-01  0.000000e+00
   outer loop
     vertex -1.220609e+02 -8.100025e+01  2.200000e+01
     vertex -1.220609e+02 -8.100025e+01  1.400000e+01
     vertex -1.221443e+02 -8.107975e+01  1.400000e+01
   endloop
 endfacet
 facet normal -7.095278e-01  7.046775e-01  0.000000e+00
   outer loop
     vertex -1.220609e+02 -8.100025e+01  2.200000e+01
     vertex -1.219797e+02 -8.091849e+01  1.400000e+01
     vertex -1.220609e+02 -8.100025e+01  1.400000e+01
   endloop
 endfacet
 facet normal -6.899286e-01  7.238775e-01  0.000000e+00
   outer loop
     vertex -1.220609e+02 -8.100025e+01  2.200000e+01
     vertex -1.221443e+02 -8.107975e+01  1.400000e+01
     vertex -1.221443e+02 -8.107975e+01  2.200000e+01
   endloop
 endfacet
 facet normal -7.095278e-01  7.046775e-01  0.000000e+00
   outer loop
     vertex -1.219797e+02 -8.091849e+01  2.200000e+01
     vertex -1.219797e+02 -8.091849e+01  1.400000e+01
     vertex -1.220609e+02 -8.100025e+01  2.200000e+01
   endloop
 endfacet
 facet normal -7.285929e-01  6.849470e-01  0.000000e+00
   outer loop
     vertex -1.219007e+02 -8.083453e+01  2.200000e+01
     vertex -1.219007e+02 -8.083453e+01  1.400000e+01
     vertex -1.219797e+02 -8.091849e+01  1.400000e+01
   endloop
 endfacet
 facet normal -7.471095e-01  6.647010e-01  0.000000e+00
   outer loop
     vertex -1.219007e+02 -8.083453e+01  2.200000e+01
     vertex -1.218241e+02 -8.074844e+01  1.400000e+01
     vertex -1.219007e+02 -8.083453e+01  1.400000e+01
   endloop
 endfacet
 facet normal -7.285929e-01  6.849470e-01  0.000000e+00
   outer loop
     vertex -1.219007e+02 -8.083453e+01  2.200000e+01
     vertex -1.219797e+02 -8.091849e+01  1.400000e+01
     vertex -1.219797e+02 -8.091849e+01  2.200000e+01
   endloop
 endfacet
 facet normal -7.471095e-01  6.647010e-01  0.000000e+00
   outer loop
     vertex -1.218241e+02 -8.074844e+01  2.200000e+01
     vertex -1.218241e+02 -8.074844e+01  1.400000e+01
     vertex -1.219007e+02 -8.083453e+01  2.200000e+01
   endloop
 endfacet
 facet normal -7.650637e-01  6.439545e-01  0.000000e+00
   outer loop
     vertex -1.217499e+02 -8.066027e+01  2.200000e+01
     vertex -1.217499e+02 -8.066027e+01  1.400000e+01
     vertex -1.218241e+02 -8.074844e+01  1.400000e+01
   endloop
 endfacet
 facet normal -7.650637e-01  6.439545e-01  0.000000e+00
   outer loop
     vertex -1.217499e+02 -8.066027e+01  2.200000e+01
     vertex -1.218241e+02 -8.074844e+01  1.400000e+01
     vertex -1.218241e+02 -8.074844e+01  2.200000e+01
   endloop
 endfacet
 facet normal -7.824421e-01  6.227234e-01  0.000000e+00
   outer loop
     vertex -1.216782e+02 -8.057011e+01  2.200000e+01
     vertex -1.216782e+02 -8.057011e+01  1.400000e+01
     vertex -1.217499e+02 -8.066027e+01  1.400000e+01
   endloop
 endfacet
 facet normal -7.824421e-01  6.227234e-01  0.000000e+00
   outer loop
     vertex -1.216782e+02 -8.057011e+01  2.200000e+01
     vertex -1.217499e+02 -8.066027e+01  1.400000e+01
     vertex -1.217499e+02 -8.066027e+01  2.200000e+01
   endloop
 endfacet
 facet normal -7.992314e-01  6.010234e-01  0.000000e+00
   outer loop
     vertex -1.216089e+02 -8.047801e+01  2.200000e+01
     vertex -1.216089e+02 -8.047801e+01  1.400000e+01
     vertex -1.216782e+02 -8.057011e+01  1.400000e+01
   endloop
 endfacet
 facet normal -8.154191e-01  5.788711e-01  0.000000e+00
   outer loop
     vertex -1.216089e+02 -8.047801e+01  2.200000e+01
     vertex -1.215422e+02 -8.038405e+01  1.400000e+01
     vertex -1.216089e+02 -8.047801e+01  1.400000e+01
   endloop
 endfacet
 facet normal -7.992314e-01  6.010234e-01  0.000000e+00
   outer loop
     vertex -1.216089e+02 -8.047801e+01  2.200000e+01
     vertex -1.216782e+02 -8.057011e+01  1.400000e+01
     vertex -1.216782e+02 -8.057011e+01  2.200000e+01
   endloop
 endfacet
 facet normal -8.154191e-01  5.788711e-01  0.000000e+00
   outer loop
     vertex -1.215422e+02 -8.038405e+01  2.200000e+01
     vertex -1.215422e+02 -8.038405e+01  1.400000e+01
     vertex -1.216089e+02 -8.047801e+01  2.200000e+01
   endloop
 endfacet
 facet normal -8.309929e-01  5.562829e-01  0.000000e+00
   outer loop
     vertex -1.214781e+02 -8.028829e+01  2.200000e+01
     vertex -1.214781e+02 -8.028829e+01  1.400000e+01
     vertex -1.215422e+02 -8.038405e+01  1.400000e+01
   endloop
 endfacet
 facet normal -8.309929e-01  5.562829e-01  0.000000e+00
   outer loop
     vertex -1.214781e+02 -8.028829e+01  2.200000e+01
     vertex -1.215422e+02 -8.038405e+01  1.400000e+01
     vertex -1.215422e+02 -8.038405e+01  2.200000e+01
   endloop
 endfacet
 facet normal -8.459413e-01  5.332761e-01  0.000000e+00
   outer loop
     vertex -1.214167e+02 -8.019081e+01  2.200000e+01
     vertex -1.214167e+02 -8.019081e+01  1.400000e+01
     vertex -1.214781e+02 -8.028829e+01  1.400000e+01
   endloop
 endfacet
 facet normal -8.459413e-01  5.332761e-01  0.000000e+00
   outer loop
     vertex -1.214167e+02 -8.019081e+01  2.200000e+01
     vertex -1.214781e+02 -8.028829e+01  1.400000e+01
     vertex -1.214781e+02 -8.028829e+01  2.200000e+01
   endloop
 endfacet
 facet normal -8.602528e-01  5.098678e-01  0.000000e+00
   outer loop
     vertex -1.213579e+02 -8.009168e+01  2.200000e+01
     vertex -1.213579e+02 -8.009168e+01  1.400000e+01
     vertex -1.214167e+02 -8.019081e+01  1.400000e+01
   endloop
 endfacet
 facet normal -8.602528e-01  5.098678e-01  0.000000e+00
   outer loop
     vertex -1.213579e+02 -8.009168e+01  2.200000e+01
     vertex -1.214167e+02 -8.019081e+01  1.400000e+01
     vertex -1.214167e+02 -8.019081e+01  2.200000e+01
   endloop
 endfacet
 facet normal -8.739167e-01  4.860756e-01  0.000000e+00
   outer loop
     vertex -1.213019e+02 -7.999097e+01  2.200000e+01
     vertex -1.213019e+02 -7.999097e+01  1.400000e+01
     vertex -1.213579e+02 -8.009168e+01  1.400000e+01
   endloop
 endfacet
 facet normal -8.739167e-01  4.860756e-01  0.000000e+00
   outer loop
     vertex -1.213019e+02 -7.999097e+01  2.200000e+01
     vertex -1.213579e+02 -8.009168e+01  1.400000e+01
     vertex -1.213579e+02 -8.009168e+01  2.200000e+01
   endloop
 endfacet
 facet normal -8.869228e-01  4.619176e-01  0.000000e+00
   outer loop
     vertex -1.212487e+02 -7.988877e+01  2.200000e+01
     vertex -1.213019e+02 -7.999097e+01  1.400000e+01
     vertex -1.213019e+02 -7.999097e+01  2.200000e+01
   endloop
 endfacet
 facet normal -8.869228e-01  4.619176e-01  0.000000e+00
   outer loop
     vertex -1.212487e+02 -7.988877e+01  2.200000e+01
     vertex -1.212487e+02 -7.988877e+01  1.400000e+01
     vertex -1.213019e+02 -7.999097e+01  1.400000e+01
   endloop
 endfacet
 facet normal -8.992613e-01  4.374119e-01  0.000000e+00
   outer loop
     vertex -1.212487e+02 -7.988877e+01  2.200000e+01
     vertex -1.211983e+02 -7.978514e+01  1.400000e+01
     vertex -1.212487e+02 -7.988877e+01  1.400000e+01
   endloop
 endfacet
 facet normal -8.992613e-01  4.374119e-01  0.000000e+00
   outer loop
     vertex -1.211983e+02 -7.978514e+01  2.200000e+01
     vertex -1.211983e+02 -7.978514e+01  1.400000e+01
     vertex -1.212487e+02 -7.988877e+01  2.200000e+01
   endloop
 endfacet
 facet normal -9.109228e-01  4.125769e-01  0.000000e+00
   outer loop
     vertex -1.211507e+02 -7.968018e+01  2.200000e+01
     vertex -1.211983e+02 -7.978514e+01  1.400000e+01
     vertex -1.211983e+02 -7.978514e+01  2.200000e+01
   endloop
 endfacet
 facet normal -9.109228e-01  4.125769e-01  0.000000e+00
   outer loop
     vertex -1.211507e+02 -7.968018e+01  2.200000e+01
     vertex -1.211507e+02 -7.968018e+01  1.400000e+01
     vertex -1.211983e+02 -7.978514e+01  1.400000e+01
   endloop
 endfacet
 facet normal -9.218986e-01  3.874313e-01  0.000000e+00
   outer loop
     vertex -1.211061e+02 -7.957394e+01  2.200000e+01
     vertex -1.211507e+02 -7.968018e+01  1.400000e+01
     vertex -1.211507e+02 -7.968018e+01  2.200000e+01
   endloop
 endfacet
 facet normal -9.218986e-01  3.874313e-01  0.000000e+00
   outer loop
     vertex -1.211061e+02 -7.957394e+01  2.200000e+01
     vertex -1.211061e+02 -7.957394e+01  1.400000e+01
     vertex -1.211507e+02 -7.968018e+01  1.400000e+01
   endloop
 endfacet
 facet normal -9.321804e-01  3.619940e-01  0.000000e+00
   outer loop
     vertex -1.210644e+02 -7.946652e+01  2.200000e+01
     vertex -1.211061e+02 -7.957394e+01  1.400000e+01
     vertex -1.211061e+02 -7.957394e+01  2.200000e+01
   endloop
 endfacet
 facet normal -9.321804e-01  3.619940e-01  0.000000e+00
   outer loop
     vertex -1.210644e+02 -7.946652e+01  2.200000e+01
     vertex -1.210644e+02 -7.946652e+01  1.400000e+01
     vertex -1.211061e+02 -7.957394e+01  1.400000e+01
   endloop
 endfacet
 facet normal -9.417605e-01  3.362843e-01  0.000000e+00
   outer loop
     vertex -1.210256e+02 -7.935800e+01  2.200000e+01
     vertex -1.210644e+02 -7.946652e+01  1.400000e+01
     vertex -1.210644e+02 -7.946652e+01  2.200000e+01
   endloop
 endfacet
 facet normal -9.417605e-01  3.362843e-01  0.000000e+00
   outer loop
     vertex -1.210256e+02 -7.935800e+01  2.200000e+01
     vertex -1.210256e+02 -7.935800e+01  1.400000e+01
     vertex -1.210644e+02 -7.946652e+01  1.400000e+01
   endloop
 endfacet
 facet normal -9.506317e-01  3.103214e-01  0.000000e+00
   outer loop
     vertex -1.209898e+02 -7.924845e+01  2.200000e+01
     vertex -1.210256e+02 -7.935800e+01  1.400000e+01
     vertex -1.210256e+02 -7.935800e+01  2.200000e+01
   endloop
 endfacet
 facet normal -9.506317e-01  3.103214e-01  0.000000e+00
   outer loop
     vertex -1.209898e+02 -7.924845e+01  2.200000e+01
     vertex -1.209898e+02 -7.924845e+01  1.400000e+01
     vertex -1.210256e+02 -7.935800e+01  1.400000e+01
   endloop
 endfacet
 facet normal -9.587873e-01  2.841250e-01  0.000000e+00
   outer loop
     vertex -1.209571e+02 -7.913797e+01  2.200000e+01
     vertex -1.209898e+02 -7.924845e+01  1.400000e+01
     vertex -1.209898e+02 -7.924845e+01  2.200000e+01
   endloop
 endfacet
 facet normal -9.587873e-01  2.841250e-01  0.000000e+00
   outer loop
     vertex -1.209571e+02 -7.913797e+01  2.200000e+01
     vertex -1.209571e+02 -7.913797e+01  1.400000e+01
     vertex -1.209898e+02 -7.924845e+01  1.400000e+01
   endloop
 endfacet
 facet normal -9.662211e-01  2.577146e-01  0.000000e+00
   outer loop
     vertex -1.209274e+02 -7.902663e+01  2.200000e+01
     vertex -1.209571e+02 -7.913797e+01  1.400000e+01
     vertex -1.209571e+02 -7.913797e+01  2.200000e+01
   endloop
 endfacet
 facet normal -9.662211e-01  2.577146e-01  0.000000e+00
   outer loop
     vertex -1.209274e+02 -7.902663e+01  2.200000e+01
     vertex -1.209274e+02 -7.902663e+01  1.400000e+01
     vertex -1.209571e+02 -7.913797e+01  1.400000e+01
   endloop
 endfacet
 facet normal -9.729276e-01  2.311102e-01  0.000000e+00
   outer loop
     vertex -1.209008e+02 -7.891451e+01  2.200000e+01
     vertex -1.209274e+02 -7.902663e+01  1.400000e+01
     vertex -1.209274e+02 -7.902663e+01  2.200000e+01
   endloop
 endfacet
 facet normal -9.729276e-01  2.311102e-01  0.000000e+00
   outer loop
     vertex -1.209008e+02 -7.891451e+01  2.200000e+01
     vertex -1.209008e+02 -7.891451e+01  1.400000e+01
     vertex -1.209274e+02 -7.902663e+01  1.400000e+01
   endloop
 endfacet
 facet normal -9.789017e-01  2.043319e-01  0.000000e+00
   outer loop
     vertex -1.208772e+02 -7.880171e+01  2.200000e+01
     vertex -1.209008e+02 -7.891451e+01  1.400000e+01
     vertex -1.209008e+02 -7.891451e+01  2.200000e+01
   endloop
 endfacet
 facet normal -9.789017e-01  2.043319e-01  0.000000e+00
   outer loop
     vertex -1.208772e+02 -7.880171e+01  2.200000e+01
     vertex -1.208772e+02 -7.880171e+01  1.400000e+01
     vertex -1.209008e+02 -7.891451e+01  1.400000e+01
   endloop
 endfacet
 facet normal -9.841389e-01  1.773998e-01  0.000000e+00
   outer loop
     vertex -1.208568e+02 -7.868831e+01  2.200000e+01
     vertex -1.208772e+02 -7.880171e+01  1.400000e+01
     vertex -1.208772e+02 -7.880171e+01  2.200000e+01
   endloop
 endfacet
 facet normal -9.841389e-01  1.773998e-01  0.000000e+00
   outer loop
     vertex -1.208568e+02 -7.868831e+01  2.200000e+01
     vertex -1.208568e+02 -7.868831e+01  1.400000e+01
     vertex -1.208772e+02 -7.880171e+01  1.400000e+01
   endloop
 endfacet
 facet normal -9.886353e-01  1.503341e-01  0.000000e+00
   outer loop
     vertex -1.208568e+02 -7.868831e+01  2.200000e+01
     vertex -1.208395e+02 -7.857438e+01  1.400000e+01
     vertex -1.208568e+02 -7.868831e+01  1.400000e+01
   endloop
 endfacet
 facet normal -9.886353e-01  1.503341e-01  0.000000e+00
   outer loop
     vertex -1.208395e+02 -7.857438e+01  2.200000e+01
     vertex -1.208395e+02 -7.857438e+01  1.400000e+01
     vertex -1.208568e+02 -7.868831e+01  2.200000e+01
   endloop
 endfacet
 facet normal -9.923874e-01  1.231552e-01  0.000000e+00
   outer loop
     vertex -1.208253e+02 -7.846003e+01  2.200000e+01
     vertex -1.208253e+02 -7.846003e+01  1.400000e+01
     vertex -1.208395e+02 -7.857438e+01  1.400000e+01
   endloop
 endfacet
 facet normal -9.923874e-01  1.231552e-01  0.000000e+00
   outer loop
     vertex -1.208253e+02 -7.846003e+01  2.200000e+01
     vertex -1.208395e+02 -7.857438e+01  1.400000e+01
     vertex -1.208395e+02 -7.857438e+01  2.200000e+01
   endloop
 endfacet
 facet normal -9.953925e-01  9.588368e-02  0.000000e+00
   outer loop
     vertex -1.208142e+02 -7.834532e+01  2.200000e+01
     vertex -1.208142e+02 -7.834532e+01  1.400000e+01
     vertex -1.208253e+02 -7.846003e+01  1.400000e+01
   endloop
 endfacet
 facet normal -9.953925e-01  9.588368e-02  0.000000e+00
   outer loop
     vertex -1.208142e+02 -7.834532e+01  2.200000e+01
     vertex -1.208253e+02 -7.846003e+01  1.400000e+01
     vertex -1.208253e+02 -7.846003e+01  2.200000e+01
   endloop
 endfacet
 facet normal -9.976484e-01  6.853995e-02  0.000000e+00
   outer loop
     vertex -1.208063e+02 -7.823036e+01  2.200000e+01
     vertex -1.208063e+02 -7.823036e+01  1.400000e+01
     vertex -1.208142e+02 -7.834532e+01  1.400000e+01
   endloop
 endfacet
 facet normal -9.976484e-01  6.853995e-02  0.000000e+00
   outer loop
     vertex -1.208063e+02 -7.823036e+01  2.200000e+01
     vertex -1.208142e+02 -7.834532e+01  1.400000e+01
     vertex -1.208142e+02 -7.834532e+01  2.200000e+01
   endloop
 endfacet
 facet normal -9.991532e-01  4.114462e-02  0.000000e+00
   outer loop
     vertex -1.208016e+02 -7.811522e+01  2.200000e+01
     vertex -1.208016e+02 -7.811522e+01  1.400000e+01
     vertex -1.208063e+02 -7.823036e+01  1.400000e+01
   endloop
 endfacet
 facet normal -9.991532e-01  4.114462e-02  0.000000e+00
   outer loop
     vertex -1.208016e+02 -7.811522e+01  2.200000e+01
     vertex -1.208063e+02 -7.823036e+01  1.400000e+01
     vertex -1.208063e+02 -7.823036e+01  2.200000e+01
   endloop
 endfacet
 facet normal -9.999059e-01  1.371831e-02  0.000000e+00
   outer loop
     vertex -1.208000e+02 -7.800000e+01  2.200000e+01
     vertex -1.208000e+02 -7.800000e+01  1.400000e+01
     vertex -1.208016e+02 -7.811522e+01  1.400000e+01
   endloop
 endfacet
 facet normal -9.999059e-01  1.371831e-02  0.000000e+00
   outer loop
     vertex -1.208000e+02 -7.800000e+01  2.200000e+01
     vertex -1.208016e+02 -7.811522e+01  1.400000e+01
     vertex -1.208016e+02 -7.811522e+01  2.200000e+01
   endloop
 endfacet
 facet normal -9.999059e-01 -1.371831e-02  0.000000e+00
   outer loop
     vertex -1.378008e+02 -8.193965e+01  1.400000e+01
     vertex -1.378000e+02 -8.200000e+01  0.000000e+00
     vertex -1.378000e+02 -8.200000e+01  1.400000e+01
   endloop
 endfacet
 facet normal -9.999059e-01 -1.371831e-02 -0.000000e+00
   outer loop
     vertex -1.378008e+02 -8.193965e+01  1.400000e+01
     vertex -1.378008e+02 -8.193965e+01  0.000000e+00
     vertex -1.378000e+02 -8.200000e+01  0.000000e+00
   endloop
 endfacet
 facet normal -9.991532e-01 -4.114462e-02 -0.000000e+00
   outer loop
     vertex -1.378033e+02 -8.187934e+01  1.400000e+01
     vertex -1.378033e+02 -8.187934e+01  0.000000e+00
     vertex -1.378008e+02 -8.193965e+01  0.000000e+00
   endloop
 endfacet
 facet normal -9.976484e-01 -6.853995e-02 -0.000000e+00
   outer loop
     vertex -1.378033e+02 -8.187934e+01  1.400000e+01
     vertex -1.378074e+02 -8.181912e+01  0.000000e+00
     vertex -1.378033e+02 -8.187934e+01  0.000000e+00
   endloop
 endfacet
 facet normal -9.991532e-01 -4.114462e-02  0.000000e+00
   outer loop
     vertex -1.378033e+02 -8.187934e+01  1.400000e+01
     vertex -1.378008e+02 -8.193965e+01  0.000000e+00
     vertex -1.378008e+02 -8.193965e+01  1.400000e+01
   endloop
 endfacet
 facet normal -9.976484e-01 -6.853995e-02 -0.000000e+00
   outer loop
     vertex -1.378074e+02 -8.181912e+01  1.400000e+01
     vertex -1.378074e+02 -8.181912e+01  0.000000e+00
     vertex -1.378033e+02 -8.187934e+01  1.400000e+01
   endloop
 endfacet
 facet normal -9.953925e-01 -9.588368e-02 -0.000000e+00
   outer loop
     vertex -1.378132e+02 -8.175903e+01  1.400000e+01
     vertex -1.378132e+02 -8.175903e+01  0.000000e+00
     vertex -1.378074e+02 -8.181912e+01  0.000000e+00
   endloop
 endfacet
 facet normal -9.953925e-01 -9.588368e-02  0.000000e+00
   outer loop
     vertex -1.378132e+02 -8.175903e+01  1.400000e+01
     vertex -1.378074e+02 -8.181912e+01  0.000000e+00
     vertex -1.378074e+02 -8.181912e+01  1.400000e+01
   endloop
 endfacet
 facet normal -9.923874e-01 -1.231552e-01 -0.000000e+00
   outer loop
     vertex -1.378207e+02 -8.169913e+01  1.400000e+01
     vertex -1.378207e+02 -8.169913e+01  0.000000e+00
     vertex -1.378132e+02 -8.175903e+01  0.000000e+00
   endloop
 endfacet
 facet normal -9.923874e-01 -1.231552e-01  0.000000e+00
   outer loop
     vertex -1.378207e+02 -8.169913e+01  1.400000e+01
     vertex -1.378132e+02 -8.175903e+01  0.000000e+00
     vertex -1.378132e+02 -8.175903e+01  1.400000e+01
   endloop
 endfacet
 facet normal -9.886353e-01 -1.503341e-01 -0.000000e+00
   outer loop
     vertex -1.378297e+02 -8.163946e+01  1.400000e+01
     vertex -1.378297e+02 -8.163946e+01  0.000000e+00
     vertex -1.378207e+02 -8.169913e+01  0.000000e+00
   endloop
 endfacet
 facet normal -9.886353e-01 -1.503341e-01  0.000000e+00
   outer loop
     vertex -1.378297e+02 -8.163946e+01  1.400000e+01
     vertex -1.378207e+02 -8.169913e+01  0.000000e+00
     vertex -1.378207e+02 -8.169913e+01  1.400000e+01
   endloop
 endfacet
 facet normal -9.841389e-01 -1.773998e-01 -0.000000e+00
   outer loop
     vertex -1.378405e+02 -8.158006e+01  1.400000e+01
     vertex -1.378405e+02 -8.158006e+01  0.000000e+00
     vertex -1.378297e+02 -8.163946e+01  0.000000e+00
   endloop
 endfacet
 facet normal -9.841389e-01 -1.773998e-01  0.000000e+00
   outer loop
     vertex -1.378405e+02 -8.158006e+01  1.400000e+01
     vertex -1.378297e+02 -8.163946e+01  0.000000e+00
     vertex -1.378297e+02 -8.163946e+01  1.400000e+01
   endloop
 endfacet
 facet normal -9.789017e-01 -2.043319e-01 -0.000000e+00
   outer loop
     vertex -1.378528e+02 -8.152097e+01  1.400000e+01
     vertex -1.378528e+02 -8.152097e+01  0.000000e+00
     vertex -1.378405e+02 -8.158006e+01  0.000000e+00
   endloop
 endfacet
 facet normal -9.789017e-01 -2.043319e-01  0.000000e+00
   outer loop
     vertex -1.378528e+02 -8.152097e+01  1.400000e+01
     vertex -1.378405e+02 -8.158006e+01  0.000000e+00
     vertex -1.378405e+02 -8.158006e+01  1.400000e+01
   endloop
 endfacet
 facet normal -9.729276e-01 -2.311102e-01 -0.000000e+00
   outer loop
     vertex -1.378667e+02 -8.146224e+01  1.400000e+01
     vertex -1.378667e+02 -8.146224e+01  0.000000e+00
     vertex -1.378528e+02 -8.152097e+01  0.000000e+00
   endloop
 endfacet
 facet normal -9.729276e-01 -2.311102e-01  0.000000e+00
   outer loop
     vertex -1.378667e+02 -8.146224e+01  1.400000e+01
     vertex -1.378528e+02 -8.152097e+01  0.000000e+00
     vertex -1.378528e+02 -8.152097e+01  1.400000e+01
   endloop
 endfacet
 facet normal -9.662211e-01 -2.577146e-01  0.000000e+00
   outer loop
     vertex -1.378823e+02 -8.140392e+01  1.400000e+01
     vertex -1.378667e+02 -8.146224e+01  0.000000e+00
     vertex -1.378667e+02 -8.146224e+01  1.400000e+01
   endloop
 endfacet
 facet normal -9.662211e-01 -2.577146e-01 -0.000000e+00
   outer loop
     vertex -1.378823e+02 -8.140392e+01  1.400000e+01
     vertex -1.378823e+02 -8.140392e+01  0.000000e+00
     vertex -1.378667e+02 -8.146224e+01  0.000000e+00
   endloop
 endfacet
 facet normal -9.587873e-01 -2.841250e-01 -0.000000e+00
   outer loop
     vertex -1.378823e+02 -8.140392e+01  1.400000e+01
     vertex -1.378994e+02 -8.134605e+01  0.000000e+00
     vertex -1.378823e+02 -8.140392e+01  0.000000e+00
   endloop
 endfacet
 facet normal -9.587873e-01 -2.841250e-01 -0.000000e+00
   outer loop
     vertex -1.378994e+02 -8.134605e+01  1.400000e+01
     vertex -1.378994e+02 -8.134605e+01  0.000000e+00
     vertex -1.378823e+02 -8.140392e+01  1.400000e+01
   endloop
 endfacet
 facet normal -9.506317e-01 -3.103214e-01  0.000000e+00
   outer loop
     vertex -1.379182e+02 -8.128867e+01  1.400000e+01
     vertex -1.378994e+02 -8.134605e+01  0.000000e+00
     vertex -1.378994e+02 -8.134605e+01  1.400000e+01
   endloop
 endfacet
 facet normal -9.506317e-01 -3.103214e-01 -0.000000e+00
   outer loop
     vertex -1.379182e+02 -8.128867e+01  1.400000e+01
     vertex -1.379182e+02 -8.128867e+01  0.000000e+00
     vertex -1.378994e+02 -8.134605e+01  0.000000e+00
   endloop
 endfacet
 facet normal -9.417605e-01 -3.362843e-01 -0.000000e+00
   outer loop
     vertex -1.379182e+02 -8.128867e+01  1.400000e+01
     vertex -1.379385e+02 -8.123182e+01  0.000000e+00
     vertex -1.379182e+02 -8.128867e+01  0.000000e+00
   endloop
 endfacet
 facet normal -9.417605e-01 -3.362843e-01 -0.000000e+00
   outer loop
     vertex -1.379385e+02 -8.123182e+01  1.400000e+01
     vertex -1.379385e+02 -8.123182e+01  0.000000e+00
     vertex -1.379182e+02 -8.128867e+01  1.400000e+01
   endloop
 endfacet
 facet normal -9.321804e-01 -3.619940e-01  0.000000e+00
   outer loop
     vertex -1.379603e+02 -8.117555e+01  1.400000e+01
     vertex -1.379385e+02 -8.123182e+01  0.000000e+00
     vertex -1.379385e+02 -8.123182e+01  1.400000e+01
   endloop
 endfacet
 facet normal -9.321804e-01 -3.619940e-01 -0.000000e+00
   outer loop
     vertex -1.379603e+02 -8.117555e+01  1.400000e+01
     vertex -1.379603e+02 -8.117555e+01  0.000000e+00
     vertex -1.379385e+02 -8.123182e+01  0.000000e+00
   endloop
 endfacet
 facet normal -9.218986e-01 -3.874313e-01  0.000000e+00
   outer loop
     vertex -1.379837e+02 -8.111991e+01  1.400000e+01
     vertex -1.379603e+02 -8.117555e+01  0.000000e+00
     vertex -1.379603e+02 -8.117555e+01  1.400000e+01
   endloop
 endfacet
 facet normal -9.218986e-01 -3.874313e-01 -0.000000e+00
   outer loop
     vertex -1.379837e+02 -8.111991e+01  1.400000e+01
     vertex -1.379837e+02 -8.111991e+01  0.000000e+00
     vertex -1.379603e+02 -8.117555e+01  0.000000e+00
   endloop
 endfacet
 facet normal -9.109228e-01 -4.125769e-01  0.000000e+00
   outer loop
     vertex -1.380086e+02 -8.106492e+01  1.400000e+01
     vertex -1.379837e+02 -8.111991e+01  0.000000e+00
     vertex -1.379837e+02 -8.111991e+01  1.400000e+01
   endloop
 endfacet
 facet normal -9.109228e-01 -4.125769e-01 -0.000000e+00
   outer loop
     vertex -1.380086e+02 -8.106492e+01  1.400000e+01
     vertex -1.380086e+02 -8.106492e+01  0.000000e+00
     vertex -1.379837e+02 -8.111991e+01  0.000000e+00
   endloop
 endfacet
 facet normal -8.992613e-01 -4.374119e-01 -0.000000e+00
   outer loop
     vertex -1.380086e+02 -8.106492e+01  1.400000e+01
     vertex -1.380350e+02 -8.101064e+01  0.000000e+00
     vertex -1.380086e+02 -8.106492e+01  0.000000e+00
   endloop
 endfacet
 facet normal -8.992613e-01 -4.374119e-01 -0.000000e+00
   outer loop
     vertex -1.380350e+02 -8.101064e+01  1.400000e+01
     vertex -1.380350e+02 -8.101064e+01  0.000000e+00
     vertex -1.380086e+02 -8.106492e+01  1.400000e+01
   endloop
 endfacet
 facet normal -8.869228e-01 -4.619176e-01 -0.000000e+00
   outer loop
     vertex -1.380350e+02 -8.101064e+01  1.400000e+01
     vertex -1.380629e+02 -8.095711e+01  0.000000e+00
     vertex -1.380350e+02 -8.101064e+01  0.000000e+00
   endloop
 endfacet
 facet normal -8.869228e-01 -4.619176e-01 -0.000000e+00
   outer loop
     vertex -1.380629e+02 -8.095711e+01  1.400000e+01
     vertex -1.380629e+02 -8.095711e+01  0.000000e+00
     vertex -1.380350e+02 -8.101064e+01  1.400000e+01
   endloop
 endfacet
 facet normal -8.739167e-01 -4.860756e-01  0.000000e+00
   outer loop
     vertex -1.380922e+02 -8.090436e+01  1.400000e+01
     vertex -1.380629e+02 -8.095711e+01  0.000000e+00
     vertex -1.380629e+02 -8.095711e+01  1.400000e+01
   endloop
 endfacet
 facet normal -8.739167e-01 -4.860756e-01 -0.000000e+00
   outer loop
     vertex -1.380922e+02 -8.090436e+01  1.400000e+01
     vertex -1.380922e+02 -8.090436e+01  0.000000e+00
     vertex -1.380629e+02 -8.095711e+01  0.000000e+00
   endloop
 endfacet
 facet normal -8.602528e-01 -5.098678e-01  0.000000e+00
   outer loop
     vertex -1.381230e+02 -8.085243e+01  1.400000e+01
     vertex -1.380922e+02 -8.090436e+01  0.000000e+00
     vertex -1.380922e+02 -8.090436e+01  1.400000e+01
   endloop
 endfacet
 facet normal -8.602528e-01 -5.098678e-01 -0.000000e+00
   outer loop
     vertex -1.381230e+02 -8.085243e+01  1.400000e+01
     vertex -1.381230e+02 -8.085243e+01  0.000000e+00
     vertex -1.380922e+02 -8.090436e+01  0.000000e+00
   endloop
 endfacet
 facet normal -8.459413e-01 -5.332761e-01  0.000000e+00
   outer loop
     vertex -1.381552e+02 -8.080137e+01  1.400000e+01
     vertex -1.381230e+02 -8.085243e+01  0.000000e+00
     vertex -1.381230e+02 -8.085243e+01  1.400000e+01
   endloop
 endfacet
 facet normal -8.459413e-01 -5.332761e-01 -0.000000e+00
   outer loop
     vertex -1.381552e+02 -8.080137e+01  1.400000e+01
     vertex -1.381552e+02 -8.080137e+01  0.000000e+00
     vertex -1.381230e+02 -8.085243e+01  0.000000e+00
   endloop
 endfacet
 facet normal -8.309929e-01 -5.562829e-01 -0.000000e+00
   outer loop
     vertex -1.381888e+02 -8.075121e+01  1.400000e+01
     vertex -1.381888e+02 -8.075121e+01  0.000000e+00
     vertex -1.381552e+02 -8.080137e+01  0.000000e+00
   endloop
 endfacet
 facet normal -8.309929e-01 -5.562829e-01  0.000000e+00
   outer loop
     vertex -1.381888e+02 -8.075121e+01  1.400000e+01
     vertex -1.381552e+02 -8.080137e+01  0.000000e+00
     vertex -1.381552e+02 -8.080137e+01  1.400000e+01
   endloop
 endfacet
 facet normal -8.154191e-01 -5.788711e-01 -0.000000e+00
   outer loop
     vertex -1.382237e+02 -8.070199e+01  1.400000e+01
     vertex -1.382237e+02 -8.070199e+01  0.000000e+00
     vertex -1.381888e+02 -8.075121e+01  0.000000e+00
   endloop
 endfacet
 facet normal -8.154191e-01 -5.788711e-01  0.000000e+00
   outer loop
     vertex -1.382237e+02 -8.070199e+01  1.400000e+01
     vertex -1.381888e+02 -8.075121e+01  0.000000e+00
     vertex -1.381888e+02 -8.075121e+01  1.400000e+01
   endloop
 endfacet
 facet normal -7.992314e-01 -6.010234e-01 -0.000000e+00
   outer loop
     vertex -1.382600e+02 -8.065375e+01  1.400000e+01
     vertex -1.382600e+02 -8.065375e+01  0.000000e+00
     vertex -1.382237e+02 -8.070199e+01  0.000000e+00
   endloop
 endfacet
 facet normal -7.992314e-01 -6.010234e-01  0.000000e+00
   outer loop
     vertex -1.382600e+02 -8.065375e+01  1.400000e+01
     vertex -1.382237e+02 -8.070199e+01  0.000000e+00
     vertex -1.382237e+02 -8.070199e+01  1.400000e+01
   endloop
 endfacet
 facet normal -7.824421e-01 -6.227234e-01 -0.000000e+00
   outer loop
     vertex -1.382976e+02 -8.060652e+01  1.400000e+01
     vertex -1.382976e+02 -8.060652e+01  0.000000e+00
     vertex -1.382600e+02 -8.065375e+01  0.000000e+00
   endloop
 endfacet
 facet normal -7.824421e-01 -6.227234e-01  0.000000e+00
   outer loop
     vertex -1.382976e+02 -8.060652e+01  1.400000e+01
     vertex -1.382600e+02 -8.065375e+01  0.000000e+00
     vertex -1.382600e+02 -8.065375e+01  1.400000e+01
   endloop
 endfacet
 facet normal -7.650637e-01 -6.439545e-01 -0.000000e+00
   outer loop
     vertex -1.383365e+02 -8.056034e+01  1.400000e+01
     vertex -1.383365e+02 -8.056034e+01  0.000000e+00
     vertex -1.382976e+02 -8.060652e+01  0.000000e+00
   endloop
 endfacet
 facet normal -7.650637e-01 -6.439545e-01  0.000000e+00
   outer loop
     vertex -1.383365e+02 -8.056034e+01  1.400000e+01
     vertex -1.382976e+02 -8.060652e+01  0.000000e+00
     vertex -1.382976e+02 -8.060652e+01  1.400000e+01
   endloop
 endfacet
 facet normal -7.471095e-01 -6.647010e-01 -0.000000e+00
   outer loop
     vertex -1.383766e+02 -8.051525e+01  1.400000e+01
     vertex -1.383766e+02 -8.051525e+01  0.000000e+00
     vertex -1.383365e+02 -8.056034e+01  0.000000e+00
   endloop
 endfacet
 facet normal -7.471095e-01 -6.647010e-01  0.000000e+00
   outer loop
     vertex -1.383766e+02 -8.051525e+01  1.400000e+01
     vertex -1.383365e+02 -8.056034e+01  0.000000e+00
     vertex -1.383365e+02 -8.056034e+01  1.400000e+01
   endloop
 endfacet
 facet normal -7.285929e-01 -6.849470e-01 -0.000000e+00
   outer loop
     vertex -1.384179e+02 -8.047127e+01  1.400000e+01
     vertex -1.384179e+02 -8.047127e+01  0.000000e+00
     vertex -1.383766e+02 -8.051525e+01  0.000000e+00
   endloop
 endfacet
 facet normal -7.285929e-01 -6.849470e-01  0.000000e+00
   outer loop
     vertex -1.384179e+02 -8.047127e+01  1.400000e+01
     vertex -1.383766e+02 -8.051525e+01  0.000000e+00
     vertex -1.383766e+02 -8.051525e+01  1.400000e+01
   endloop
 endfacet
 facet normal -7.095278e-01 -7.046775e-01 -0.000000e+00
   outer loop
     vertex -1.384605e+02 -8.042844e+01  1.400000e+01
     vertex -1.384605e+02 -8.042844e+01  0.000000e+00
     vertex -1.384179e+02 -8.047127e+01  0.000000e+00
   endloop
 endfacet
 facet normal -7.095278e-01 -7.046775e-01  0.000000e+00
   outer loop
     vertex -1.384605e+02 -8.042844e+01  1.400000e+01
     vertex -1.384179e+02 -8.047127e+01  0.000000e+00
     vertex -1.384179e+02 -8.047127e+01  1.400000e+01
   endloop
 endfacet
 facet normal -6.899286e-01 -7.238775e-01 -0.000000e+00
   outer loop
     vertex -1.385041e+02 -8.038680e+01  1.400000e+01
     vertex -1.385041e+02 -8.038680e+01  0.000000e+00
     vertex -1.384605e+02 -8.042844e+01  0.000000e+00
   endloop
 endfacet
 facet normal -6.899286e-01 -7.238775e-01  0.000000e+00
   outer loop
     vertex -1.385041e+02 -8.038680e+01  1.400000e+01
     vertex -1.384605e+02 -8.042844e+01  0.000000e+00
     vertex -1.384605e+02 -8.042844e+01  1.400000e+01
   endloop
 endfacet
 facet normal -6.698100e-01 -7.425325e-01 -0.000000e+00
   outer loop
     vertex -1.385490e+02 -8.034637e+01  1.400000e+01
     vertex -1.385490e+02 -8.034637e+01  0.000000e+00
     vertex -1.385041e+02 -8.038680e+01  0.000000e+00
   endloop
 endfacet
 facet normal -6.491872e-01 -7.606287e-01 -0.000000e+00
   outer loop
     vertex -1.385490e+02 -8.034637e+01  1.400000e+01
     vertex -1.385949e+02 -8.030718e+01  0.000000e+00
     vertex -1.385490e+02 -8.034637e+01  0.000000e+00
   endloop
 endfacet
 facet normal -6.698100e-01 -7.425325e-01  0.000000e+00
   outer loop
     vertex -1.385490e+02 -8.034637e+01  1.400000e+01
     vertex -1.385041e+02 -8.038680e+01  0.000000e+00
     vertex -1.385041e+02 -8.038680e+01  1.400000e+01
   endloop
 endfacet
 facet normal -6.491872e-01 -7.606287e-01 -0.000000e+00
   outer loop
     vertex -1.385949e+02 -8.030718e+01  1.400000e+01
     vertex -1.385949e+02 -8.030718e+01  0.000000e+00
     vertex -1.385490e+02 -8.034637e+01  1.400000e+01
   endloop
 endfacet
 facet normal -6.280757e-01 -7.781522e-01 -0.000000e+00
   outer loop
     vertex -1.386418e+02 -8.026927e+01  1.400000e+01
     vertex -1.386418e+02 -8.026927e+01  0.000000e+00
     vertex -1.385949e+02 -8.030718e+01  0.000000e+00
   endloop
 endfacet
 facet normal -6.064915e-01 -7.950900e-01 -0.000000e+00
   outer loop
     vertex -1.386418e+02 -8.026927e+01  1.400000e+01
     vertex -1.386898e+02 -8.023266e+01  0.000000e+00
     vertex -1.386418e+02 -8.026927e+01  0.000000e+00
   endloop
 endfacet
 facet normal -6.280757e-01 -7.781522e-01  0.000000e+00
   outer loop
     vertex -1.386418e+02 -8.026927e+01  1.400000e+01
     vertex -1.385949e+02 -8.030718e+01  0.000000e+00
     vertex -1.385949e+02 -8.030718e+01  1.400000e+01
   endloop
 endfacet
 facet normal -6.064915e-01 -7.950900e-01 -0.000000e+00
   outer loop
     vertex -1.386898e+02 -8.023266e+01  1.400000e+01
     vertex -1.386898e+02 -8.023266e+01  0.000000e+00
     vertex -1.386418e+02 -8.026927e+01  1.400000e+01
   endloop
 endfacet
 facet normal -5.844507e-01 -8.114292e-01  0.000000e+00
   outer loop
     vertex -1.387388e+02 -8.019738e+01  1.400000e+01
     vertex -1.386898e+02 -8.023266e+01  0.000000e+00
     vertex -1.386898e+02 -8.023266e+01  1.400000e+01
   endloop
 endfacet
 facet normal -5.844507e-01 -8.114292e-01 -0.000000e+00
   outer loop
     vertex -1.387388e+02 -8.019738e+01  1.400000e+01
     vertex -1.387388e+02 -8.019738e+01  0.000000e+00
     vertex -1.386898e+02 -8.023266e+01  0.000000e+00
   endloop
 endfacet
 facet normal -5.619699e-01 -8.271577e-01 -0.000000e+00
   outer loop
     vertex -1.387887e+02 -8.016346e+01  1.400000e+01
     vertex -1.387887e+02 -8.016346e+01  0.000000e+00
     vertex -1.387388e+02 -8.019738e+01  0.000000e+00
   endloop
 endfacet
 facet normal -5.390661e-01 -8.422635e-01 -0.000000e+00
   outer loop
     vertex -1.387887e+02 -8.016346e+01  1.400000e+01
     vertex -1.388396e+02 -8.013093e+01  0.000000e+00
     vertex -1.387887e+02 -8.016346e+01  0.000000e+00
   endloop
 endfacet
 facet normal -5.619699e-01 -8.271577e-01  0.000000e+00
   outer loop
     vertex -1.387887e+02 -8.016346e+01  1.400000e+01
     vertex -1.387388e+02 -8.019738e+01  0.000000e+00
     vertex -1.387388e+02 -8.019738e+01  1.400000e+01
   endloop
 endfacet
 facet normal -5.390661e-01 -8.422635e-01 -0.000000e+00
   outer loop
     vertex -1.388396e+02 -8.013093e+01  1.400000e+01
     vertex -1.388396e+02 -8.013093e+01  0.000000e+00
     vertex -1.387887e+02 -8.016346e+01  1.400000e+01
   endloop
 endfacet
 facet normal -5.157565e-01 -8.567352e-01  0.000000e+00
   outer loop
     vertex -1.388913e+02 -8.009979e+01  1.400000e+01
     vertex -1.388396e+02 -8.013093e+01  0.000000e+00
     vertex -1.388396e+02 -8.013093e+01  1.400000e+01
   endloop
 endfacet
 facet normal -5.157565e-01 -8.567352e-01 -0.000000e+00
   outer loop
     vertex -1.388913e+02 -8.009979e+01  1.400000e+01
     vertex -1.388913e+02 -8.009979e+01  0.000000e+00
     vertex -1.388396e+02 -8.013093e+01  0.000000e+00
   endloop
 endfacet
 facet normal -4.920587e-01 -8.705620e-01  0.000000e+00
   outer loop
     vertex -1.389438e+02 -8.007009e+01  1.400000e+01
     vertex -1.388913e+02 -8.009979e+01  0.000000e+00
     vertex -1.388913e+02 -8.009979e+01  1.400000e+01
   endloop
 endfacet
 facet normal -4.920587e-01 -8.705620e-01 -0.000000e+00
   outer loop
     vertex -1.389438e+02 -8.007009e+01  1.400000e+01
     vertex -1.389438e+02 -8.007009e+01  0.000000e+00
     vertex -1.388913e+02 -8.009979e+01  0.000000e+00
   endloop
 endfacet
 facet normal -4.679904e-01 -8.837335e-01 -0.000000e+00
   outer loop
     vertex -1.389438e+02 -8.007009e+01  1.400000e+01
     vertex -1.389972e+02 -8.004185e+01  0.000000e+00
     vertex -1.389438e+02 -8.007009e+01  0.000000e+00
   endloop
 endfacet
 facet normal -4.679904e-01 -8.837335e-01 -0.000000e+00
   outer loop
     vertex -1.389972e+02 -8.004185e+01  1.400000e+01
     vertex -1.389972e+02 -8.004185e+01  0.000000e+00
     vertex -1.389438e+02 -8.007009e+01  1.400000e+01
   endloop
 endfacet
 facet normal -4.435699e-01 -8.962398e-01  0.000000e+00
   outer loop
     vertex -1.390513e+02 -8.001507e+01  1.400000e+01
     vertex -1.389972e+02 -8.004185e+01  0.000000e+00
     vertex -1.389972e+02 -8.004185e+01  1.400000e+01
   endloop
 endfacet
 facet normal -4.435699e-01 -8.962398e-01 -0.000000e+00
   outer loop
     vertex -1.390513e+02 -8.001507e+01  1.400000e+01
     vertex -1.390513e+02 -8.001507e+01  0.000000e+00
     vertex -1.389972e+02 -8.004185e+01  0.000000e+00
   endloop
 endfacet
 facet normal -4.188155e-01 -9.080714e-01 -0.000000e+00
   outer loop
     vertex -1.390513e+02 -8.001507e+01  1.400000e+01
     vertex -1.391061e+02 -7.998979e+01  0.000000e+00
     vertex -1.390513e+02 -8.001507e+01  0.000000e+00
   endloop
 endfacet
 facet normal -4.188155e-01 -9.080714e-01 -0.000000e+00
   outer loop
     vertex -1.391061e+02 -7.998979e+01  1.400000e+01
     vertex -1.391061e+02 -7.998979e+01  0.000000e+00
     vertex -1.390513e+02 -8.001507e+01  1.400000e+01
   endloop
 endfacet
 facet normal -3.937458e-01 -9.192194e-01  0.000000e+00
   outer loop
     vertex -1.391616e+02 -7.996602e+01  1.400000e+01
     vertex -1.391061e+02 -7.998979e+01  0.000000e+00
     vertex -1.391061e+02 -7.998979e+01  1.400000e+01
   endloop
 endfacet
 facet normal -3.937458e-01 -9.192194e-01 -0.000000e+00
   outer loop
     vertex -1.391616e+02 -7.996602e+01  1.400000e+01
     vertex -1.391616e+02 -7.996602e+01  0.000000e+00
     vertex -1.391061e+02 -7.998979e+01  0.000000e+00
   endloop
 endfacet
 facet normal -3.683796e-01 -9.296754e-01 -0.000000e+00
   outer loop
     vertex -1.391616e+02 -7.996602e+01  1.400000e+01
     vertex -1.392177e+02 -7.994379e+01  0.000000e+00
     vertex -1.391616e+02 -7.996602e+01  0.000000e+00
   endloop
 endfacet
 facet normal -3.683796e-01 -9.296754e-01 -0.000000e+00
   outer loop
     vertex -1.392177e+02 -7.994379e+01  1.400000e+01
     vertex -1.392177e+02 -7.994379e+01  0.000000e+00
     vertex -1.391616e+02 -7.996602e+01  1.400000e+01
   endloop
 endfacet
 facet normal -3.427362e-01 -9.394317e-01 -0.000000e+00
   outer loop
     vertex -1.392177e+02 -7.994379e+01  1.400000e+01
     vertex -1.392744e+02 -7.992310e+01  0.000000e+00
     vertex -1.392177e+02 -7.994379e+01  0.000000e+00
   endloop
 endfacet
 facet normal -3.427362e-01 -9.394317e-01 -0.000000e+00
   outer loop
     vertex -1.392744e+02 -7.992310e+01  1.400000e+01
     vertex -1.392744e+02 -7.992310e+01  0.000000e+00
     vertex -1.392177e+02 -7.994379e+01  1.400000e+01
   endloop
 endfacet
 facet normal -3.168348e-01 -9.484807e-01  0.000000e+00
   outer loop
     vertex -1.393317e+02 -7.990398e+01  1.400000e+01
     vertex -1.392744e+02 -7.992310e+01  0.000000e+00
     vertex -1.392744e+02 -7.992310e+01  1.400000e+01
   endloop
 endfacet
 facet normal -3.168348e-01 -9.484807e-01 -0.000000e+00
   outer loop
     vertex -1.393317e+02 -7.990398e+01  1.400000e+01
     vertex -1.393317e+02 -7.990398e+01  0.000000e+00
     vertex -1.392744e+02 -7.992310e+01  0.000000e+00
   endloop
 endfacet
 facet normal -2.906949e-01 -9.568158e-01 -0.000000e+00
   outer loop
     vertex -1.393317e+02 -7.990398e+01  1.400000e+01
     vertex -1.393894e+02 -7.988643e+01  0.000000e+00
     vertex -1.393317e+02 -7.990398e+01  0.000000e+00
   endloop
 endfacet
 facet normal -2.906949e-01 -9.568158e-01 -0.000000e+00
   outer loop
     vertex -1.393894e+02 -7.988643e+01  1.400000e+01
     vertex -1.393894e+02 -7.988643e+01  0.000000e+00
     vertex -1.393317e+02 -7.990398e+01  1.400000e+01
   endloop
 endfacet
 facet normal -2.643362e-01 -9.644306e-01 -0.000000e+00
   outer loop
     vertex -1.393894e+02 -7.988643e+01  1.400000e+01
     vertex -1.394476e+02 -7.987047e+01  0.000000e+00
     vertex -1.393894e+02 -7.988643e+01  0.000000e+00
   endloop
 endfacet
 facet normal -2.643362e-01 -9.644306e-01 -0.000000e+00
   outer loop
     vertex -1.394476e+02 -7.987047e+01  1.400000e+01
     vertex -1.394476e+02 -7.987047e+01  0.000000e+00
     vertex -1.393894e+02 -7.988643e+01  1.400000e+01
   endloop
 endfacet
 facet normal -2.377784e-01 -9.713194e-01  0.000000e+00
   outer loop
     vertex -1.395063e+02 -7.985612e+01  1.400000e+01
     vertex -1.394476e+02 -7.987047e+01  0.000000e+00
     vertex -1.394476e+02 -7.987047e+01  1.400000e+01
   endloop
 endfacet
 facet normal -2.377784e-01 -9.713194e-01 -0.000000e+00
   outer loop
     vertex -1.395063e+02 -7.985612e+01  1.400000e+01
     vertex -1.395063e+02 -7.985612e+01  0.000000e+00
     vertex -1.394476e+02 -7.987047e+01  0.000000e+00
   endloop
 endfacet
 facet normal -2.110417e-01 -9.774771e-01 -0.000000e+00
   outer loop
     vertex -1.395063e+02 -7.985612e+01  1.400000e+01
     vertex -1.395653e+02 -7.984338e+01  0.000000e+00
     vertex -1.395063e+02 -7.985612e+01  0.000000e+00
   endloop
 endfacet
 facet normal -2.110417e-01 -9.774771e-01 -0.000000e+00
   outer loop
     vertex -1.395653e+02 -7.984338e+01  1.400000e+01
     vertex -1.395653e+02 -7.984338e+01  0.000000e+00
     vertex -1.395063e+02 -7.985612e+01  1.400000e+01
   endloop
 endfacet
 facet normal -1.841461e-01 -9.828989e-01  0.000000e+00
   outer loop
     vertex -1.396246e+02 -7.983227e+01  1.400000e+01
     vertex -1.395653e+02 -7.984338e+01  0.000000e+00
     vertex -1.395653e+02 -7.984338e+01  1.400000e+01
   endloop
 endfacet
 facet normal -1.841461e-01 -9.828989e-01 -0.000000e+00
   outer loop
     vertex -1.396246e+02 -7.983227e+01  1.400000e+01
     vertex -1.396246e+02 -7.983227e+01  0.000000e+00
     vertex -1.395653e+02 -7.984338e+01  0.000000e+00
   endloop
 endfacet
 facet normal -1.571119e-01 -9.875808e-01 -0.000000e+00
   outer loop
     vertex -1.396246e+02 -7.983227e+01  1.400000e+01
     vertex -1.396842e+02 -7.982278e+01  0.000000e+00
     vertex -1.396246e+02 -7.983227e+01  0.000000e+00
   endloop
 endfacet
 facet normal -1.571119e-01 -9.875808e-01 -0.000000e+00
   outer loop
     vertex -1.396842e+02 -7.982278e+01  1.400000e+01
     vertex -1.396842e+02 -7.982278e+01  0.000000e+00
     vertex -1.396246e+02 -7.983227e+01  1.400000e+01
   endloop
 endfacet
 facet normal -1.299594e-01 -9.915193e-01 -0.000000e+00
   outer loop
     vertex -1.396842e+02 -7.982278e+01  1.400000e+01
     vertex -1.397440e+02 -7.981494e+01  0.000000e+00
     vertex -1.396842e+02 -7.982278e+01  0.000000e+00
   endloop
 endfacet
 facet normal -1.299594e-01 -9.915193e-01 -0.000000e+00
   outer loop
     vertex -1.397440e+02 -7.981494e+01  1.400000e+01
     vertex -1.397440e+02 -7.981494e+01  0.000000e+00
     vertex -1.396842e+02 -7.982278e+01  1.400000e+01
   endloop
 endfacet
 facet normal -1.027091e-01 -9.947114e-01  0.000000e+00
   outer loop
     vertex -1.398041e+02 -7.980874e+01  1.400000e+01
     vertex -1.397440e+02 -7.981494e+01  0.000000e+00
     vertex -1.397440e+02 -7.981494e+01  1.400000e+01
   endloop
 endfacet
 facet normal -1.027091e-01 -9.947114e-01 -0.000000e+00
   outer loop
     vertex -1.398041e+02 -7.980874e+01  1.400000e+01
     vertex -1.398041e+02 -7.980874e+01  0.000000e+00
     vertex -1.397440e+02 -7.981494e+01  0.000000e+00
   endloop
 endfacet
 facet normal -7.538152e-02 -9.971548e-01 -0.000000e+00
   outer loop
     vertex -1.398041e+02 -7.980874e+01  1.400000e+01
     vertex -1.398643e+02 -7.980419e+01  0.000000e+00
     vertex -1.398041e+02 -7.980874e+01  0.000000e+00
   endloop
 endfacet
 facet normal -7.538152e-02 -9.971548e-01 -0.000000e+00
   outer loop
     vertex -1.398643e+02 -7.980419e+01  1.400000e+01
     vertex -1.398643e+02 -7.980419e+01  0.000000e+00
     vertex -1.398041e+02 -7.980874e+01  1.400000e+01
   endloop
 endfacet
 facet normal -4.799716e-02 -9.988475e-01  0.000000e+00
   outer loop
     vertex -1.399246e+02 -7.980129e+01  1.400000e+01
     vertex -1.398643e+02 -7.980419e+01  0.000000e+00
     vertex -1.398643e+02 -7.980419e+01  1.400000e+01
   endloop
 endfacet
 facet normal -4.799716e-02 -9.988475e-01 -0.000000e+00
   outer loop
     vertex -1.399246e+02 -7.980129e+01  1.400000e+01
     vertex -1.399246e+02 -7.980129e+01  0.000000e+00
     vertex -1.398643e+02 -7.980419e+01  0.000000e+00
   endloop
 endfacet
 facet normal -2.057667e-02 -9.997883e-01 -0.000000e+00
   outer loop
     vertex -1.399849e+02 -7.980005e+01  1.400000e+01
     vertex -1.399849e+02 -7.980005e+01  0.000000e+00
     vertex -1.399246e+02 -7.980129e+01  0.000000e+00
   endloop
 endfacet
 facet normal -2.057667e-02 -9.997883e-01  0.000000e+00
   outer loop
     vertex -1.399849e+02 -7.980005e+01  1.400000e+01
     vertex -1.399246e+02 -7.980129e+01  0.000000e+00
     vertex -1.399246e+02 -7.980129e+01  1.400000e+01
   endloop
 endfacet
 facet normal  6.859319e-03 -9.999765e-01  0.000000e+00
   outer loop
     vertex -1.400453e+02 -7.980047e+01  1.400000e+01
     vertex -1.400453e+02 -7.980047e+01  0.000000e+00
     vertex -1.399849e+02 -7.980005e+01  0.000000e+00
   endloop
 endfacet
 facet normal  6.859319e-03 -9.999765e-01  0.000000e+00
   outer loop
     vertex -1.400453e+02 -7.980047e+01  1.400000e+01
     vertex -1.399849e+02 -7.980005e+01  0.000000e+00
     vertex -1.399849e+02 -7.980005e+01  1.400000e+01
   endloop
 endfacet
 facet normal  3.429014e-02 -9.994119e-01  0.000000e+00
   outer loop
     vertex -1.401056e+02 -7.980254e+01  1.400000e+01
     vertex -1.401056e+02 -7.980254e+01  0.000000e+00
     vertex -1.400453e+02 -7.980047e+01  0.000000e+00
   endloop
 endfacet
 facet normal  3.429014e-02 -9.994119e-01  0.000000e+00
   outer loop
     vertex -1.401056e+02 -7.980254e+01  1.400000e+01
     vertex -1.400453e+02 -7.980047e+01  0.000000e+00
     vertex -1.400453e+02 -7.980047e+01  1.400000e+01
   endloop
 endfacet
 facet normal  6.169515e-02 -9.980950e-01  0.000000e+00
   outer loop
     vertex -1.401658e+02 -7.980626e+01  1.400000e+01
     vertex -1.401658e+02 -7.980626e+01  0.000000e+00
     vertex -1.401056e+02 -7.980254e+01  0.000000e+00
   endloop
 endfacet
 facet normal  6.169515e-02 -9.980950e-01  0.000000e+00
   outer loop
     vertex -1.401658e+02 -7.980626e+01  1.400000e+01
     vertex -1.401056e+02 -7.980254e+01  0.000000e+00
     vertex -1.401056e+02 -7.980254e+01  1.400000e+01
   endloop
 endfacet
 facet normal  8.905371e-02 -9.960268e-01  0.000000e+00
   outer loop
     vertex -1.402260e+02 -7.981163e+01  1.400000e+01
     vertex -1.401658e+02 -7.980626e+01  0.000000e+00
     vertex -1.401658e+02 -7.980626e+01  1.400000e+01
   endloop
 endfacet
 facet normal  8.905371e-02 -9.960268e-01  0.000000e+00
   outer loop
     vertex -1.402260e+02 -7.981163e+01  1.400000e+01
     vertex -1.402260e+02 -7.981163e+01  0.000000e+00
     vertex -1.401658e+02 -7.980626e+01  0.000000e+00
   endloop
 endfacet
 facet normal  1.163452e-01 -9.932088e-01  0.000000e+00
   outer loop
     vertex -1.402859e+02 -7.981866e+01  1.400000e+01
     vertex -1.402260e+02 -7.981163e+01  0.000000e+00
     vertex -1.402260e+02 -7.981163e+01  1.400000e+01
   endloop
 endfacet
 facet normal  1.163452e-01 -9.932088e-01  0.000000e+00
   outer loop
     vertex -1.402859e+02 -7.981866e+01  1.400000e+01
     vertex -1.402859e+02 -7.981866e+01  0.000000e+00
     vertex -1.402260e+02 -7.981163e+01  0.000000e+00
   endloop
 endfacet
 facet normal  1.435492e-01 -9.896432e-01  0.000000e+00
   outer loop
     vertex -1.403456e+02 -7.982732e+01  1.400000e+01
     vertex -1.402859e+02 -7.981866e+01  0.000000e+00
     vertex -1.402859e+02 -7.981866e+01  1.400000e+01
   endloop
 endfacet
 facet normal  1.435492e-01 -9.896432e-01  0.000000e+00
   outer loop
     vertex -1.403456e+02 -7.982732e+01  1.400000e+01
     vertex -1.403456e+02 -7.982732e+01  0.000000e+00
     vertex -1.402859e+02 -7.981866e+01  0.000000e+00
   endloop
 endfacet
 facet normal  1.706451e-01 -9.853326e-01  0.000000e+00
   outer loop
     vertex -1.404051e+02 -7.983762e+01  1.400000e+01
     vertex -1.403456e+02 -7.982732e+01  0.000000e+00
     vertex -1.403456e+02 -7.982732e+01  1.400000e+01
   endloop
 endfacet
 facet normal  1.706451e-01 -9.853326e-01  0.000000e+00
   outer loop
     vertex -1.404051e+02 -7.983762e+01  1.400000e+01
     vertex -1.404051e+02 -7.983762e+01  0.000000e+00
     vertex -1.403456e+02 -7.982732e+01  0.000000e+00
   endloop
 endfacet
 facet normal  1.976125e-01 -9.802802e-01  0.000000e+00
   outer loop
     vertex -1.404051e+02 -7.983762e+01  1.400000e+01
     vertex -1.404643e+02 -7.984955e+01  0.000000e+00
     vertex -1.404051e+02 -7.983762e+01  0.000000e+00
   endloop
 endfacet
 facet normal  1.976125e-01 -9.802802e-01  0.000000e+00
   outer loop
     vertex -1.404643e+02 -7.984955e+01  1.400000e+01
     vertex -1.404643e+02 -7.984955e+01  0.000000e+00
     vertex -1.404051e+02 -7.983762e+01  1.400000e+01
   endloop
 endfacet
 facet normal  2.244312e-01 -9.744899e-01  0.000000e+00
   outer loop
     vertex -1.405231e+02 -7.986310e+01  1.400000e+01
     vertex -1.404643e+02 -7.984955e+01  0.000000e+00
     vertex -1.404643e+02 -7.984955e+01  1.400000e+01
   endloop
 endfacet
 facet normal  2.244312e-01 -9.744899e-01  0.000000e+00
   outer loop
     vertex -1.405231e+02 -7.986310e+01  1.400000e+01
     vertex -1.405231e+02 -7.986310e+01  0.000000e+00
     vertex -1.404643e+02 -7.984955e+01  0.000000e+00
   endloop
 endfacet
 facet normal  2.510809e-01 -9.679661e-01  0.000000e+00
   outer loop
     vertex -1.405231e+02 -7.986310e+01  1.400000e+01
     vertex -1.405815e+02 -7.987825e+01  0.000000e+00
     vertex -1.405231e+02 -7.986310e+01  0.000000e+00
   endloop
 endfacet
 facet normal  2.510809e-01 -9.679661e-01  0.000000e+00
   outer loop
     vertex -1.405815e+02 -7.987825e+01  1.400000e+01
     vertex -1.405815e+02 -7.987825e+01  0.000000e+00
     vertex -1.405231e+02 -7.986310e+01  1.400000e+01
   endloop
 endfacet
 facet normal  2.775416e-01 -9.607136e-01  0.000000e+00
   outer loop
     vertex -1.405815e+02 -7.987825e+01  1.400000e+01
     vertex -1.406395e+02 -7.989501e+01  0.000000e+00
     vertex -1.405815e+02 -7.987825e+01  0.000000e+00
   endloop
 endfacet
 facet normal  2.775416e-01 -9.607136e-01  0.000000e+00
   outer loop
     vertex -1.406395e+02 -7.989501e+01  1.400000e+01
     vertex -1.406395e+02 -7.989501e+01  0.000000e+00
     vertex -1.405815e+02 -7.987825e+01  1.400000e+01
   endloop
 endfacet
 facet normal  3.037934e-01 -9.527379e-01  0.000000e+00
   outer loop
     vertex -1.406970e+02 -7.991334e+01  1.400000e+01
     vertex -1.406395e+02 -7.989501e+01  0.000000e+00
     vertex -1.406395e+02 -7.989501e+01  1.400000e+01
   endloop
 endfacet
 facet normal  3.037934e-01 -9.527379e-01  0.000000e+00
   outer loop
     vertex -1.406970e+02 -7.991334e+01  1.400000e+01
     vertex -1.406970e+02 -7.991334e+01  0.000000e+00
     vertex -1.406395e+02 -7.989501e+01  0.000000e+00
   endloop
 endfacet
 facet normal  3.298166e-01 -9.440450e-01  0.000000e+00
   outer loop
     vertex -1.406970e+02 -7.991334e+01  1.400000e+01
     vertex -1.407540e+02 -7.993325e+01  0.000000e+00
     vertex -1.406970e+02 -7.991334e+01  0.000000e+00
   endloop
 endfacet
 facet normal  3.298166e-01 -9.440450e-01  0.000000e+00
   outer loop
     vertex -1.407540e+02 -7.993325e+01  1.400000e+01
     vertex -1.407540e+02 -7.993325e+01  0.000000e+00
     vertex -1.406970e+02 -7.991334e+01  1.400000e+01
   endloop
 endfacet
 facet normal  3.555914e-01 -9.346415e-01  0.000000e+00
   outer loop
     vertex -1.408104e+02 -7.995471e+01  1.400000e+01
     vertex -1.407540e+02 -7.993325e+01  0.000000e+00
     vertex -1.407540e+02 -7.993325e+01  1.400000e+01
   endloop
 endfacet
 facet normal  3.555914e-01 -9.346415e-01  0.000000e+00
   outer loop
     vertex -1.408104e+02 -7.995471e+01  1.400000e+01
     vertex -1.408104e+02 -7.995471e+01  0.000000e+00
     vertex -1.407540e+02 -7.993325e+01  0.000000e+00
   endloop
 endfacet
 facet normal  3.810986e-01 -9.245344e-01  0.000000e+00
   outer loop
     vertex -1.408662e+02 -7.997772e+01  1.400000e+01
     vertex -1.408104e+02 -7.995471e+01  0.000000e+00
     vertex -1.408104e+02 -7.995471e+01  1.400000e+01
   endloop
 endfacet
 facet normal  3.810986e-01 -9.245344e-01  0.000000e+00
   outer loop
     vertex -1.408662e+02 -7.997772e+01  1.400000e+01
     vertex -1.408662e+02 -7.997772e+01  0.000000e+00
     vertex -1.408104e+02 -7.995471e+01  0.000000e+00
   endloop
 endfacet
 facet normal  4.063188e-01 -9.137314e-01  0.000000e+00
   outer loop
     vertex -1.409214e+02 -8.000224e+01  1.400000e+01
     vertex -1.409214e+02 -8.000224e+01  0.000000e+00
     vertex -1.408662e+02 -7.997772e+01  0.000000e+00
   endloop
 endfacet
 facet normal  4.063188e-01 -9.137314e-01  0.000000e+00
   outer loop
     vertex -1.409214e+02 -8.000224e+01  1.400000e+01
     vertex -1.408662e+02 -7.997772e+01  0.000000e+00
     vertex -1.408662e+02 -7.997772e+01  1.400000e+01
   endloop
 endfacet
 facet normal  4.312333e-01 -9.022405e-01  0.000000e+00
   outer loop
     vertex -1.409759e+02 -8.002827e+01  1.400000e+01
     vertex -1.409759e+02 -8.002827e+01  0.000000e+00
     vertex -1.409214e+02 -8.000224e+01  0.000000e+00
   endloop
 endfacet
 facet normal  4.312333e-01 -9.022405e-01  0.000000e+00
   outer loop
     vertex -1.409759e+02 -8.002827e+01  1.400000e+01
     vertex -1.409214e+02 -8.000224e+01  0.000000e+00
     vertex -1.409214e+02 -8.000224e+01  1.400000e+01
   endloop
 endfacet
 facet normal  4.558231e-01 -8.900704e-01  0.000000e+00
   outer loop
     vertex -1.410296e+02 -8.005579e+01  1.400000e+01
     vertex -1.410296e+02 -8.005579e+01  0.000000e+00
     vertex -1.409759e+02 -8.002827e+01  0.000000e+00
   endloop
 endfacet
 facet normal  4.558231e-01 -8.900704e-01  0.000000e+00
   outer loop
     vertex -1.410296e+02 -8.005579e+01  1.400000e+01
     vertex -1.409759e+02 -8.002827e+01  0.000000e+00
     vertex -1.409759e+02 -8.002827e+01  1.400000e+01
   endloop
 endfacet
 facet normal  4.800697e-01 -8.772303e-01  0.000000e+00
   outer loop
     vertex -1.410825e+02 -8.008476e+01  1.400000e+01
     vertex -1.410825e+02 -8.008476e+01  0.000000e+00
     vertex -1.410296e+02 -8.005579e+01  0.000000e+00
   endloop
 endfacet
 facet normal  4.800697e-01 -8.772303e-01  0.000000e+00
   outer loop
     vertex -1.410825e+02 -8.008476e+01  1.400000e+01
     vertex -1.410296e+02 -8.005579e+01  0.000000e+00
     vertex -1.410296e+02 -8.005579e+01  1.400000e+01
   endloop
 endfacet
 facet normal  5.039550e-01 -8.637299e-01  0.000000e+00
   outer loop
     vertex -1.411347e+02 -8.011518e+01  1.400000e+01
     vertex -1.411347e+02 -8.011518e+01  0.000000e+00
     vertex -1.410825e+02 -8.008476e+01  0.000000e+00
   endloop
 endfacet
 facet normal  5.274609e-01 -8.495793e-01  0.000000e+00
   outer loop
     vertex -1.411347e+02 -8.011518e+01  1.400000e+01
     vertex -1.411859e+02 -8.014702e+01  0.000000e+00
     vertex -1.411347e+02 -8.011518e+01  0.000000e+00
   endloop
 endfacet
 facet normal  5.039550e-01 -8.637299e-01  0.000000e+00
   outer loop
     vertex -1.411347e+02 -8.011518e+01  1.400000e+01
     vertex -1.410825e+02 -8.008476e+01  0.000000e+00
     vertex -1.410825e+02 -8.008476e+01  1.400000e+01
   endloop
 endfacet
 facet normal  5.274609e-01 -8.495793e-01  0.000000e+00
   outer loop
     vertex -1.411859e+02 -8.014702e+01  1.400000e+01
     vertex -1.411859e+02 -8.014702e+01  0.000000e+00
     vertex -1.411347e+02 -8.011518e+01  1.400000e+01
   endloop
 endfacet
 facet normal  5.505698e-01 -8.347891e-01  0.000000e+00
   outer loop
     vertex -1.412363e+02 -8.018025e+01  1.400000e+01
     vertex -1.412363e+02 -8.018025e+01  0.000000e+00
     vertex -1.411859e+02 -8.014702e+01  0.000000e+00
   endloop
 endfacet
 facet normal  5.732642e-01 -8.193706e-01  0.000000e+00
   outer loop
     vertex -1.412363e+02 -8.018025e+01  1.400000e+01
     vertex -1.412858e+02 -8.021486e+01  0.000000e+00
     vertex -1.412363e+02 -8.018025e+01  0.000000e+00
   endloop
 endfacet
 facet normal  5.505698e-01 -8.347891e-01  0.000000e+00
   outer loop
     vertex -1.412363e+02 -8.018025e+01  1.400000e+01
     vertex -1.411859e+02 -8.014702e+01  0.000000e+00
     vertex -1.411859e+02 -8.014702e+01  1.400000e+01
   endloop
 endfacet
 facet normal  5.955271e-01 -8.033352e-01  0.000000e+00
   outer loop
     vertex -1.412858e+02 -8.021486e+01  1.400000e+01
     vertex -1.413343e+02 -8.025080e+01  0.000000e+00
     vertex -1.412858e+02 -8.021486e+01  0.000000e+00
   endloop
 endfacet
 facet normal  5.732642e-01 -8.193706e-01  0.000000e+00
   outer loop
     vertex -1.412858e+02 -8.021486e+01  1.400000e+01
     vertex -1.412858e+02 -8.021486e+01  0.000000e+00
     vertex -1.412363e+02 -8.018025e+01  1.400000e+01
   endloop
 endfacet
 facet normal  5.955271e-01 -8.033352e-01  0.000000e+00
   outer loop
     vertex -1.413343e+02 -8.025080e+01  1.400000e+01
     vertex -1.413343e+02 -8.025080e+01  0.000000e+00
     vertex -1.412858e+02 -8.021486e+01  1.400000e+01
   endloop
 endfacet
 facet normal  6.173417e-01 -7.866951e-01  0.000000e+00
   outer loop
     vertex -1.413818e+02 -8.028807e+01  1.400000e+01
     vertex -1.413818e+02 -8.028807e+01  0.000000e+00
     vertex -1.413343e+02 -8.025080e+01  0.000000e+00
   endloop
 endfacet
 facet normal  6.173417e-01 -7.866951e-01  0.000000e+00
   outer loop
     vertex -1.413818e+02 -8.028807e+01  1.400000e+01
     vertex -1.413343e+02 -8.025080e+01  0.000000e+00
     vertex -1.413343e+02 -8.025080e+01  1.400000e+01
   endloop
 endfacet
 facet normal  6.386916e-01 -7.694628e-01  0.000000e+00
   outer loop
     vertex -1.414282e+02 -8.032662e+01  1.400000e+01
     vertex -1.414282e+02 -8.032662e+01  0.000000e+00
     vertex -1.413818e+02 -8.028807e+01  0.000000e+00
   endloop
 endfacet
 facet normal  6.595607e-01 -7.516513e-01  0.000000e+00
   outer loop
     vertex -1.414282e+02 -8.032662e+01  1.400000e+01
     vertex -1.414736e+02 -8.036643e+01  0.000000e+00
     vertex -1.414282e+02 -8.032662e+01  0.000000e+00
   endloop
 endfacet
 facet normal  6.386916e-01 -7.694628e-01  0.000000e+00
   outer loop
     vertex -1.414282e+02 -8.032662e+01  1.400000e+01
     vertex -1.413818e+02 -8.028807e+01  0.000000e+00
     vertex -1.413818e+02 -8.028807e+01  1.400000e+01
   endloop
 endfacet
 facet normal  6.595607e-01 -7.516513e-01  0.000000e+00
   outer loop
     vertex -1.414736e+02 -8.036643e+01  1.400000e+01
     vertex -1.414736e+02 -8.036643e+01  0.000000e+00
     vertex -1.414282e+02 -8.032662e+01  1.400000e+01
   endloop
 endfacet
 facet normal  6.799333e-01 -7.332740e-01  0.000000e+00
   outer loop
     vertex -1.415178e+02 -8.040747e+01  1.400000e+01
     vertex -1.415178e+02 -8.040747e+01  0.000000e+00
     vertex -1.414736e+02 -8.036643e+01  0.000000e+00
   endloop
 endfacet
 facet normal  6.799333e-01 -7.332740e-01  0.000000e+00
   outer loop
     vertex -1.415178e+02 -8.040747e+01  1.400000e+01
     vertex -1.414736e+02 -8.036643e+01  0.000000e+00
     vertex -1.414736e+02 -8.036643e+01  1.400000e+01
   endloop
 endfacet
 facet normal  6.997940e-01 -7.143447e-01  0.000000e+00
   outer loop
     vertex -1.415610e+02 -8.044971e+01  1.400000e+01
     vertex -1.415610e+02 -8.044971e+01  0.000000e+00
     vertex -1.415178e+02 -8.040747e+01  0.000000e+00
   endloop
 endfacet
 facet normal  6.997940e-01 -7.143447e-01  0.000000e+00
   outer loop
     vertex -1.415610e+02 -8.044971e+01  1.400000e+01
     vertex -1.415178e+02 -8.040747e+01  0.000000e+00
     vertex -1.415178e+02 -8.040747e+01  1.400000e+01
   endloop
 endfacet
 facet normal  7.191280e-01 -6.948776e-01  0.000000e+00
   outer loop
     vertex -1.416029e+02 -8.049312e+01  1.400000e+01
     vertex -1.415610e+02 -8.044971e+01  0.000000e+00
     vertex -1.415610e+02 -8.044971e+01  1.400000e+01
   endloop
 endfacet
 facet normal  7.191280e-01 -6.948776e-01  0.000000e+00
   outer loop
     vertex -1.416029e+02 -8.049312e+01  1.400000e+01
     vertex -1.416029e+02 -8.049312e+01  0.000000e+00
     vertex -1.415610e+02 -8.044971e+01  0.000000e+00
   endloop
 endfacet
 facet normal  7.379206e-01 -6.748875e-01  0.000000e+00
   outer loop
     vertex -1.416029e+02 -8.049312e+01  1.400000e+01
     vertex -1.416436e+02 -8.053766e+01  0.000000e+00
     vertex -1.416029e+02 -8.049312e+01  0.000000e+00
   endloop
 endfacet
 facet normal  7.379206e-01 -6.748875e-01  0.000000e+00
   outer loop
     vertex -1.416436e+02 -8.053766e+01  1.400000e+01
     vertex -1.416436e+02 -8.053766e+01  0.000000e+00
     vertex -1.416029e+02 -8.049312e+01  1.400000e+01
   endloop
 endfacet
 facet normal  7.561578e-01 -6.543893e-01  0.000000e+00
   outer loop
     vertex -1.416831e+02 -8.058330e+01  1.400000e+01
     vertex -1.416436e+02 -8.053766e+01  0.000000e+00
     vertex -1.416436e+02 -8.053766e+01  1.400000e+01
   endloop
 endfacet
 facet normal  7.561578e-01 -6.543893e-01  0.000000e+00
   outer loop
     vertex -1.416831e+02 -8.058330e+01  1.400000e+01
     vertex -1.416831e+02 -8.058330e+01  0.000000e+00
     vertex -1.416436e+02 -8.053766e+01  0.000000e+00
   endloop
 endfacet
 facet normal  7.738257e-01 -6.333986e-01  0.000000e+00
   outer loop
     vertex -1.416831e+02 -8.058330e+01  1.400000e+01
     vertex -1.417214e+02 -8.063001e+01  0.000000e+00
     vertex -1.416831e+02 -8.058330e+01  0.000000e+00
   endloop
 endfacet
 facet normal  7.738257e-01 -6.333986e-01  0.000000e+00
   outer loop
     vertex -1.417214e+02 -8.063001e+01  1.400000e+01
     vertex -1.417214e+02 -8.063001e+01  0.000000e+00
     vertex -1.416831e+02 -8.058330e+01  1.400000e+01
   endloop
 endfacet
 facet normal  7.909112e-01 -6.119310e-01  0.000000e+00
   outer loop
     vertex -1.417583e+02 -8.067775e+01  1.400000e+01
     vertex -1.417214e+02 -8.063001e+01  0.000000e+00
     vertex -1.417214e+02 -8.063001e+01  1.400000e+01
   endloop
 endfacet
 facet normal  7.909112e-01 -6.119310e-01  0.000000e+00
   outer loop
     vertex -1.417583e+02 -8.067775e+01  1.400000e+01
     vertex -1.417583e+02 -8.067775e+01  0.000000e+00
     vertex -1.417214e+02 -8.063001e+01  0.000000e+00
   endloop
 endfacet
 facet normal  8.074012e-01 -5.900028e-01  0.000000e+00
   outer loop
     vertex -1.417939e+02 -8.072648e+01  1.400000e+01
     vertex -1.417939e+02 -8.072648e+01  0.000000e+00
     vertex -1.417583e+02 -8.067775e+01  0.000000e+00
   endloop
 endfacet
 facet normal  8.232835e-01 -5.676304e-01  0.000000e+00
   outer loop
     vertex -1.417939e+02 -8.072648e+01  1.400000e+01
     vertex -1.418282e+02 -8.077618e+01  0.000000e+00
     vertex -1.417939e+02 -8.072648e+01  0.000000e+00
   endloop
 endfacet
 facet normal  8.074012e-01 -5.900028e-01  0.000000e+00
   outer loop
     vertex -1.417939e+02 -8.072648e+01  1.400000e+01
     vertex -1.417583e+02 -8.067775e+01  0.000000e+00
     vertex -1.417583e+02 -8.067775e+01  1.400000e+01
   endloop
 endfacet
 facet normal  8.232835e-01 -5.676304e-01  0.000000e+00
   outer loop
     vertex -1.418282e+02 -8.077618e+01  1.400000e+01
     vertex -1.418282e+02 -8.077618e+01  0.000000e+00
     vertex -1.417939e+02 -8.072648e+01  1.400000e+01
   endloop
 endfacet
 facet normal  8.385460e-01 -5.448308e-01  0.000000e+00
   outer loop
     vertex -1.418611e+02 -8.082679e+01  1.400000e+01
     vertex -1.418282e+02 -8.077618e+01  0.000000e+00
     vertex -1.418282e+02 -8.077618e+01  1.400000e+01
   endloop
 endfacet
 facet normal  8.385460e-01 -5.448308e-01  0.000000e+00
   outer loop
     vertex -1.418611e+02 -8.082679e+01  1.400000e+01
     vertex -1.418611e+02 -8.082679e+01  0.000000e+00
     vertex -1.418282e+02 -8.077618e+01  0.000000e+00
   endloop
 endfacet
 facet normal  8.531773e-01 -5.216210e-01  0.000000e+00
   outer loop
     vertex -1.418926e+02 -8.087829e+01  1.400000e+01
     vertex -1.418926e+02 -8.087829e+01  0.000000e+00
     vertex -1.418611e+02 -8.082679e+01  0.000000e+00
   endloop
 endfacet
 facet normal  8.531773e-01 -5.216210e-01  0.000000e+00
   outer loop
     vertex -1.418926e+02 -8.087829e+01  1.400000e+01
     vertex -1.418611e+02 -8.082679e+01  0.000000e+00
     vertex -1.418611e+02 -8.082679e+01  1.400000e+01
   endloop
 endfacet
 facet normal  8.671664e-01 -4.980186e-01  0.000000e+00
   outer loop
     vertex -1.419226e+02 -8.093063e+01  1.400000e+01
     vertex -1.419226e+02 -8.093063e+01  0.000000e+00
     vertex -1.418926e+02 -8.087829e+01  0.000000e+00
   endloop
 endfacet
 facet normal  8.805026e-01 -4.740412e-01  0.000000e+00
   outer loop
     vertex -1.419226e+02 -8.093063e+01  1.400000e+01
     vertex -1.419512e+02 -8.098378e+01  0.000000e+00
     vertex -1.419226e+02 -8.093063e+01  0.000000e+00
   endloop
 endfacet
 facet normal  8.671664e-01 -4.980186e-01  0.000000e+00
   outer loop
     vertex -1.419226e+02 -8.093063e+01  1.400000e+01
     vertex -1.418926e+02 -8.087829e+01  0.000000e+00
     vertex -1.418926e+02 -8.087829e+01  1.400000e+01
   endloop
 endfacet
 facet normal  8.805026e-01 -4.740412e-01  0.000000e+00
   outer loop
     vertex -1.419512e+02 -8.098378e+01  1.400000e+01
     vertex -1.419512e+02 -8.098378e+01  0.000000e+00
     vertex -1.419226e+02 -8.093063e+01  1.400000e+01
   endloop
 endfacet
 facet normal  8.931761e-01 -4.497071e-01  0.000000e+00
   outer loop
     vertex -1.419784e+02 -8.103769e+01  1.400000e+01
     vertex -1.419784e+02 -8.103769e+01  0.000000e+00
     vertex -1.419512e+02 -8.098378e+01  0.000000e+00
   endloop
 endfacet
 facet normal  8.931761e-01 -4.497071e-01  0.000000e+00
   outer loop
     vertex -1.419784e+02 -8.103769e+01  1.400000e+01
     vertex -1.419512e+02 -8.098378e+01  0.000000e+00
     vertex -1.419512e+02 -8.098378e+01  1.400000e+01
   endloop
 endfacet
 facet normal  9.051772e-01 -4.250344e-01  0.000000e+00
   outer loop
     vertex -1.420040e+02 -8.109233e+01  1.400000e+01
     vertex -1.420040e+02 -8.109233e+01  0.000000e+00
     vertex -1.419784e+02 -8.103769e+01  0.000000e+00
   endloop
 endfacet
 facet normal  9.051772e-01 -4.250344e-01  0.000000e+00
   outer loop
     vertex -1.420040e+02 -8.109233e+01  1.400000e+01
     vertex -1.419784e+02 -8.103769e+01  0.000000e+00
     vertex -1.419784e+02 -8.103769e+01  1.400000e+01
   endloop
 endfacet
 facet normal  9.164969e-01 -4.000417e-01  0.000000e+00
   outer loop
     vertex -1.420282e+02 -8.114765e+01  1.400000e+01
     vertex -1.420282e+02 -8.114765e+01  0.000000e+00
     vertex -1.420040e+02 -8.109233e+01  0.000000e+00
   endloop
 endfacet
 facet normal  9.164969e-01 -4.000417e-01  0.000000e+00
   outer loop
     vertex -1.420282e+02 -8.114765e+01  1.400000e+01
     vertex -1.420040e+02 -8.109233e+01  0.000000e+00
     vertex -1.420040e+02 -8.109233e+01  1.400000e+01
   endloop
 endfacet
 facet normal  9.271267e-01 -3.747479e-01  0.000000e+00
   outer loop
     vertex -1.420508e+02 -8.120361e+01  1.400000e+01
     vertex -1.420508e+02 -8.120361e+01  0.000000e+00
     vertex -1.420282e+02 -8.114765e+01  0.000000e+00
   endloop
 endfacet
 facet normal  9.271267e-01 -3.747479e-01  0.000000e+00
   outer loop
     vertex -1.420508e+02 -8.120361e+01  1.400000e+01
     vertex -1.420282e+02 -8.114765e+01  0.000000e+00
     vertex -1.420282e+02 -8.114765e+01  1.400000e+01
   endloop
 endfacet
 facet normal  9.370586e-01 -3.491720e-01  0.000000e+00
   outer loop
     vertex -1.420719e+02 -8.126017e+01  1.400000e+01
     vertex -1.420719e+02 -8.126017e+01  0.000000e+00
     vertex -1.420508e+02 -8.120361e+01  0.000000e+00
   endloop
 endfacet
 facet normal  9.370586e-01 -3.491720e-01  0.000000e+00
   outer loop
     vertex -1.420719e+02 -8.126017e+01  1.400000e+01
     vertex -1.420508e+02 -8.120361e+01  0.000000e+00
     vertex -1.420508e+02 -8.120361e+01  1.400000e+01
   endloop
 endfacet
 facet normal  9.462851e-01 -3.233333e-01  0.000000e+00
   outer loop
     vertex -1.420914e+02 -8.131729e+01  1.400000e+01
     vertex -1.420914e+02 -8.131729e+01  0.000000e+00
     vertex -1.420719e+02 -8.126017e+01  0.000000e+00
   endloop
 endfacet
 facet normal  9.462851e-01 -3.233333e-01  0.000000e+00
   outer loop
     vertex -1.420914e+02 -8.131729e+01  1.400000e+01
     vertex -1.420719e+02 -8.126017e+01  0.000000e+00
     vertex -1.420719e+02 -8.126017e+01  1.400000e+01
   endloop
 endfacet
 facet normal  9.547993e-01 -2.972512e-01  0.000000e+00
   outer loop
     vertex -1.421093e+02 -8.137493e+01  1.400000e+01
     vertex -1.421093e+02 -8.137493e+01  0.000000e+00
     vertex -1.420914e+02 -8.131729e+01  0.000000e+00
   endloop
 endfacet
 facet normal  9.547993e-01 -2.972512e-01  0.000000e+00
   outer loop
     vertex -1.421093e+02 -8.137493e+01  1.400000e+01
     vertex -1.420914e+02 -8.131729e+01  0.000000e+00
     vertex -1.420914e+02 -8.131729e+01  1.400000e+01
   endloop
 endfacet
 facet normal  9.625948e-01 -2.709453e-01  0.000000e+00
   outer loop
     vertex -1.421257e+02 -8.143303e+01  1.400000e+01
     vertex -1.421257e+02 -8.143303e+01  0.000000e+00
     vertex -1.421093e+02 -8.137493e+01  0.000000e+00
   endloop
 endfacet
 facet normal  9.625948e-01 -2.709453e-01  0.000000e+00
   outer loop
     vertex -1.421257e+02 -8.143303e+01  1.400000e+01
     vertex -1.421093e+02 -8.137493e+01  0.000000e+00
     vertex -1.421093e+02 -8.137493e+01  1.400000e+01
   endloop
 endfacet
 facet normal  9.696656e-01 -2.444354e-01  0.000000e+00
   outer loop
     vertex -1.421404e+02 -8.149156e+01  1.400000e+01
     vertex -1.421404e+02 -8.149156e+01  0.000000e+00
     vertex -1.421257e+02 -8.143303e+01  0.000000e+00
   endloop
 endfacet
 facet normal  9.760065e-01 -2.177416e-01  0.000000e+00
   outer loop
     vertex -1.421404e+02 -8.149156e+01  1.400000e+01
     vertex -1.421536e+02 -8.155047e+01  0.000000e+00
     vertex -1.421404e+02 -8.149156e+01  0.000000e+00
   endloop
 endfacet
 facet normal  9.696656e-01 -2.444354e-01  0.000000e+00
   outer loop
     vertex -1.421404e+02 -8.149156e+01  1.400000e+01
     vertex -1.421257e+02 -8.143303e+01  0.000000e+00
     vertex -1.421257e+02 -8.143303e+01  1.400000e+01
   endloop
 endfacet
 facet normal  9.760065e-01 -2.177416e-01  0.000000e+00
   outer loop
     vertex -1.421536e+02 -8.155047e+01  1.400000e+01
     vertex -1.421536e+02 -8.155047e+01  0.000000e+00
     vertex -1.421404e+02 -8.149156e+01  1.400000e+01
   endloop
 endfacet
 facet normal  9.816126e-01 -1.908838e-01  0.000000e+00
   outer loop
     vertex -1.421651e+02 -8.160972e+01  1.400000e+01
     vertex -1.421651e+02 -8.160972e+01  0.000000e+00
     vertex -1.421536e+02 -8.155047e+01  0.000000e+00
   endloop
 endfacet
 facet normal  9.816126e-01 -1.908838e-01  0.000000e+00
   outer loop
     vertex -1.421651e+02 -8.160972e+01  1.400000e+01
     vertex -1.421536e+02 -8.155047e+01  0.000000e+00
     vertex -1.421536e+02 -8.155047e+01  1.400000e+01
   endloop
 endfacet
 facet normal  9.864799e-01 -1.638824e-01  0.000000e+00
   outer loop
     vertex -1.421750e+02 -8.166926e+01  1.400000e+01
     vertex -1.421750e+02 -8.166926e+01  0.000000e+00
     vertex -1.421651e+02 -8.160972e+01  0.000000e+00
   endloop
 endfacet
 facet normal  9.864799e-01 -1.638824e-01  0.000000e+00
   outer loop
     vertex -1.421750e+02 -8.166926e+01  1.400000e+01
     vertex -1.421651e+02 -8.160972e+01  0.000000e+00
     vertex -1.421651e+02 -8.160972e+01  1.400000e+01
   endloop
 endfacet
 facet normal  9.906046e-01 -1.367575e-01  0.000000e+00
   outer loop
     vertex -1.421833e+02 -8.172906e+01  1.400000e+01
     vertex -1.421833e+02 -8.172906e+01  0.000000e+00
     vertex -1.421750e+02 -8.166926e+01  0.000000e+00
   endloop
 endfacet
 facet normal  9.906046e-01 -1.367575e-01  0.000000e+00
   outer loop
     vertex -1.421833e+02 -8.172906e+01  1.400000e+01
     vertex -1.421750e+02 -8.166926e+01  0.000000e+00
     vertex -1.421750e+02 -8.166926e+01  1.400000e+01
   endloop
 endfacet
 facet normal  9.939835e-01 -1.095298e-01  0.000000e+00
   outer loop
     vertex -1.421899e+02 -8.178906e+01  1.400000e+01
     vertex -1.421833e+02 -8.172906e+01  0.000000e+00
     vertex -1.421833e+02 -8.172906e+01  1.400000e+01
   endloop
 endfacet
 facet normal  9.939835e-01 -1.095298e-01  0.000000e+00
   outer loop
     vertex -1.421899e+02 -8.178906e+01  1.400000e+01
     vertex -1.421899e+02 -8.178906e+01  0.000000e+00
     vertex -1.421833e+02 -8.172906e+01  0.000000e+00
   endloop
 endfacet
 facet normal  9.966142e-01 -8.221955e-02  0.000000e+00
   outer loop
     vertex -1.421948e+02 -8.184921e+01  1.400000e+01
     vertex -1.421899e+02 -8.178906e+01  0.000000e+00
     vertex -1.421899e+02 -8.178906e+01  1.400000e+01
   endloop
 endfacet
 facet normal  9.966142e-01 -8.221955e-02  0.000000e+00
   outer loop
     vertex -1.421948e+02 -8.184921e+01  1.400000e+01
     vertex -1.421948e+02 -8.184921e+01  0.000000e+00
     vertex -1.421899e+02 -8.178906e+01  0.000000e+00
   endloop
 endfacet
 facet normal  9.984947e-01 -5.484744e-02  0.000000e+00
   outer loop
     vertex -1.421948e+02 -8.184921e+01  1.400000e+01
     vertex -1.421981e+02 -8.190948e+01  0.000000e+00
     vertex -1.421948e+02 -8.184921e+01  0.000000e+00
   endloop
 endfacet
 facet normal  9.984947e-01 -5.484744e-02  0.000000e+00
   outer loop
     vertex -1.421981e+02 -8.190948e+01  1.400000e+01
     vertex -1.421981e+02 -8.190948e+01  0.000000e+00
     vertex -1.421948e+02 -8.184921e+01  1.400000e+01
   endloop
 endfacet
 facet normal  9.996236e-01 -2.743405e-02  0.000000e+00
   outer loop
     vertex -1.421998e+02 -8.196982e+01  1.400000e+01
     vertex -1.421981e+02 -8.190948e+01  0.000000e+00
     vertex -1.421981e+02 -8.190948e+01  1.400000e+01
   endloop
 endfacet
 facet normal  9.996236e-01 -2.743405e-02  0.000000e+00
   outer loop
     vertex -1.421998e+02 -8.196982e+01  1.400000e+01
     vertex -1.421998e+02 -8.196982e+01  0.000000e+00
     vertex -1.421981e+02 -8.190948e+01  0.000000e+00
   endloop
 endfacet
 facet normal  1.000000e+00 -0.000000e+00  0.000000e+00
   outer loop
     vertex -1.421998e+02 -8.203018e+01  1.400000e+01
     vertex -1.421998e+02 -8.196982e+01  0.000000e+00
     vertex -1.421998e+02 -8.196982e+01  1.400000e+01
   endloop
 endfacet
 facet normal  1.000000e+00  0.000000e+00  0.000000e+00
   outer loop
     vertex -1.421998e+02 -8.203018e+01  1.400000e+01
     vertex -1.421998e+02 -8.203018e+01  0.000000e+00
     vertex -1.421998e+02 -8.196982e+01  0.000000e+00
   endloop
 endfacet
 facet normal  9.996236e-01  2.743405e-02  0.000000e+00
   outer loop
     vertex -1.421981e+02 -8.209052e+01  1.400000e+01
     vertex -1.421998e+02 -8.203018e+01  0.000000e+00
     vertex -1.421998e+02 -8.203018e+01  1.400000e+01
   endloop
 endfacet
 facet normal  9.996236e-01  2.743405e-02  0.000000e+00
   outer loop
     vertex -1.421981e+02 -8.209052e+01  1.400000e+01
     vertex -1.421981e+02 -8.209052e+01  0.000000e+00
     vertex -1.421998e+02 -8.203018e+01  0.000000e+00
   endloop
 endfacet
 facet normal  9.984947e-01  5.484744e-02  0.000000e+00
   outer loop
     vertex -1.421948e+02 -8.215079e+01  1.400000e+01
     vertex -1.421981e+02 -8.209052e+01  0.000000e+00
     vertex -1.421981e+02 -8.209052e+01  1.400000e+01
   endloop
 endfacet
 facet normal  9.984947e-01  5.484744e-02  0.000000e+00
   outer loop
     vertex -1.421948e+02 -8.215079e+01  1.400000e+01
     vertex -1.421948e+02 -8.215079e+01  0.000000e+00
     vertex -1.421981e+02 -8.209052e+01  0.000000e+00
   endloop
 endfacet
 facet normal  9.966142e-01  8.221955e-02  0.000000e+00
   outer loop
     vertex -1.421899e+02 -8.221094e+01  1.400000e+01
     vertex -1.421948e+02 -8.215079e+01  0.000000e+00
     vertex -1.421948e+02 -8.215079e+01  1.400000e+01
   endloop
 endfacet
 facet normal  9.966142e-01  8.221955e-02  0.000000e+00
   outer loop
     vertex -1.421899e+02 -8.221094e+01  1.400000e+01
     vertex -1.421899e+02 -8.221094e+01  0.000000e+00
     vertex -1.421948e+02 -8.215079e+01  0.000000e+00
   endloop
 endfacet
 facet normal  9.939835e-01  1.095298e-01  0.000000e+00
   outer loop
     vertex -1.421833e+02 -8.227094e+01  1.400000e+01
     vertex -1.421899e+02 -8.221094e+01  0.000000e+00
     vertex -1.421899e+02 -8.221094e+01  1.400000e+01
   endloop
 endfacet
 facet normal  9.939835e-01  1.095298e-01  0.000000e+00
   outer loop
     vertex -1.421833e+02 -8.227094e+01  1.400000e+01
     vertex -1.421833e+02 -8.227094e+01  0.000000e+00
     vertex -1.421899e+02 -8.221094e+01  0.000000e+00
   endloop
 endfacet
 facet normal  9.906046e-01  1.367575e-01  0.000000e+00
   outer loop
     vertex -1.421833e+02 -8.227094e+01  1.400000e+01
     vertex -1.421750e+02 -8.233074e+01  0.000000e+00
     vertex -1.421833e+02 -8.227094e+01  0.000000e+00
   endloop
 endfacet
 facet normal  9.906046e-01  1.367575e-01  0.000000e+00
   outer loop
     vertex -1.421750e+02 -8.233074e+01  1.400000e+01
     vertex -1.421750e+02 -8.233074e+01  0.000000e+00
     vertex -1.421833e+02 -8.227094e+01  1.400000e+01
   endloop
 endfacet
 facet normal  9.864799e-01  1.638824e-01  0.000000e+00
   outer loop
     vertex -1.421651e+02 -8.239028e+01  1.400000e+01
     vertex -1.421750e+02 -8.233074e+01  0.000000e+00
     vertex -1.421750e+02 -8.233074e+01  1.400000e+01
   endloop
 endfacet
 facet normal  9.864799e-01  1.638824e-01  0.000000e+00
   outer loop
     vertex -1.421651e+02 -8.239028e+01  1.400000e+01
     vertex -1.421651e+02 -8.239028e+01  0.000000e+00
     vertex -1.421750e+02 -8.233074e+01  0.000000e+00
   endloop
 endfacet
 facet normal  9.816126e-01  1.908838e-01  0.000000e+00
   outer loop
     vertex -1.421536e+02 -8.244953e+01  1.400000e+01
     vertex -1.421651e+02 -8.239028e+01  0.000000e+00
     vertex -1.421651e+02 -8.239028e+01  1.400000e+01
   endloop
 endfacet
 facet normal  9.816126e-01  1.908838e-01  0.000000e+00
   outer loop
     vertex -1.421536e+02 -8.244953e+01  1.400000e+01
     vertex -1.421536e+02 -8.244953e+01  0.000000e+00
     vertex -1.421651e+02 -8.239028e+01  0.000000e+00
   endloop
 endfacet
 facet normal  9.760065e-01  2.177416e-01  0.000000e+00
   outer loop
     vertex -1.421404e+02 -8.250844e+01  1.400000e+01
     vertex -1.421404e+02 -8.250844e+01  0.000000e+00
     vertex -1.421536e+02 -8.244953e+01  0.000000e+00
   endloop
 endfacet
 facet normal  9.760065e-01  2.177416e-01  0.000000e+00
   outer loop
     vertex -1.421404e+02 -8.250844e+01  1.400000e+01
     vertex -1.421536e+02 -8.244953e+01  0.000000e+00
     vertex -1.421536e+02 -8.244953e+01  1.400000e+01
   endloop
 endfacet
 facet normal  9.696656e-01  2.444354e-01  0.000000e+00
   outer loop
     vertex -1.421404e+02 -8.250844e+01  1.400000e+01
     vertex -1.421257e+02 -8.256697e+01  0.000000e+00
     vertex -1.421404e+02 -8.250844e+01  0.000000e+00
   endloop
 endfacet
 facet normal  9.696656e-01  2.444354e-01  0.000000e+00
   outer loop
     vertex -1.421257e+02 -8.256697e+01  1.400000e+01
     vertex -1.421257e+02 -8.256697e+01  0.000000e+00
     vertex -1.421404e+02 -8.250844e+01  1.400000e+01
   endloop
 endfacet
 facet normal  9.625948e-01  2.709453e-01  0.000000e+00
   outer loop
     vertex -1.421093e+02 -8.262507e+01  1.400000e+01
     vertex -1.421093e+02 -8.262507e+01  0.000000e+00
     vertex -1.421257e+02 -8.256697e+01  0.000000e+00
   endloop
 endfacet
 facet normal  9.625948e-01  2.709453e-01  0.000000e+00
   outer loop
     vertex -1.421093e+02 -8.262507e+01  1.400000e+01
     vertex -1.421257e+02 -8.256697e+01  0.000000e+00
     vertex -1.421257e+02 -8.256697e+01  1.400000e+01
   endloop
 endfacet
 facet normal  9.547993e-01  2.972512e-01  0.000000e+00
   outer loop
     vertex -1.420914e+02 -8.268271e+01  1.400000e+01
     vertex -1.420914e+02 -8.268271e+01  0.000000e+00
     vertex -1.421093e+02 -8.262507e+01  0.000000e+00
   endloop
 endfacet
 facet normal  9.547993e-01  2.972512e-01  0.000000e+00
   outer loop
     vertex -1.420914e+02 -8.268271e+01  1.400000e+01
     vertex -1.421093e+02 -8.262507e+01  0.000000e+00
     vertex -1.421093e+02 -8.262507e+01  1.400000e+01
   endloop
 endfacet
 facet normal  9.462851e-01  3.233333e-01  0.000000e+00
   outer loop
     vertex -1.420719e+02 -8.273983e+01  1.400000e+01
     vertex -1.420719e+02 -8.273983e+01  0.000000e+00
     vertex -1.420914e+02 -8.268271e+01  0.000000e+00
   endloop
 endfacet
 facet normal  9.462851e-01  3.233333e-01  0.000000e+00
   outer loop
     vertex -1.420719e+02 -8.273983e+01  1.400000e+01
     vertex -1.420914e+02 -8.268271e+01  0.000000e+00
     vertex -1.420914e+02 -8.268271e+01  1.400000e+01
   endloop
 endfacet
 facet normal  9.370586e-01  3.491720e-01  0.000000e+00
   outer loop
     vertex -1.420508e+02 -8.279639e+01  1.400000e+01
     vertex -1.420508e+02 -8.279639e+01  0.000000e+00
     vertex -1.420719e+02 -8.273983e+01  0.000000e+00
   endloop
 endfacet
 facet normal  9.370586e-01  3.491720e-01  0.000000e+00
   outer loop
     vertex -1.420508e+02 -8.279639e+01  1.400000e+01
     vertex -1.420719e+02 -8.273983e+01  0.000000e+00
     vertex -1.420719e+02 -8.273983e+01  1.400000e+01
   endloop
 endfacet
 facet normal  9.271267e-01  3.747479e-01  0.000000e+00
   outer loop
     vertex -1.420282e+02 -8.285235e+01  1.400000e+01
     vertex -1.420282e+02 -8.285235e+01  0.000000e+00
     vertex -1.420508e+02 -8.279639e+01  0.000000e+00
   endloop
 endfacet
 facet normal  9.271267e-01  3.747479e-01  0.000000e+00
   outer loop
     vertex -1.420282e+02 -8.285235e+01  1.400000e+01
     vertex -1.420508e+02 -8.279639e+01  0.000000e+00
     vertex -1.420508e+02 -8.279639e+01  1.400000e+01
   endloop
 endfacet
 facet normal  9.164969e-01  4.000417e-01  0.000000e+00
   outer loop
     vertex -1.420040e+02 -8.290767e+01  1.400000e+01
     vertex -1.420040e+02 -8.290767e+01  0.000000e+00
     vertex -1.420282e+02 -8.285235e+01  0.000000e+00
   endloop
 endfacet
 facet normal  9.164969e-01  4.000417e-01  0.000000e+00
   outer loop
     vertex -1.420040e+02 -8.290767e+01  1.400000e+01
     vertex -1.420282e+02 -8.285235e+01  0.000000e+00
     vertex -1.420282e+02 -8.285235e+01  1.400000e+01
   endloop
 endfacet
 facet normal  9.051772e-01  4.250344e-01  0.000000e+00
   outer loop
     vertex -1.419784e+02 -8.296231e+01  1.400000e+01
     vertex -1.419784e+02 -8.296231e+01  0.000000e+00
     vertex -1.420040e+02 -8.290767e+01  0.000000e+00
   endloop
 endfacet
 facet normal  9.051772e-01  4.250344e-01  0.000000e+00
   outer loop
     vertex -1.419784e+02 -8.296231e+01  1.400000e+01
     vertex -1.420040e+02 -8.290767e+01  0.000000e+00
     vertex -1.420040e+02 -8.290767e+01  1.400000e+01
   endloop
 endfacet
 facet normal  8.931761e-01  4.497071e-01  0.000000e+00
   outer loop
     vertex -1.419512e+02 -8.301622e+01  1.400000e+01
     vertex -1.419512e+02 -8.301622e+01  0.000000e+00
     vertex -1.419784e+02 -8.296231e+01  0.000000e+00
   endloop
 endfacet
 facet normal  8.931761e-01  4.497071e-01  0.000000e+00
   outer loop
     vertex -1.419512e+02 -8.301622e+01  1.400000e+01
     vertex -1.419784e+02 -8.296231e+01  0.000000e+00
     vertex -1.419784e+02 -8.296231e+01  1.400000e+01
   endloop
 endfacet
 facet normal  8.805026e-01  4.740412e-01  0.000000e+00
   outer loop
     vertex -1.419226e+02 -8.306937e+01  1.400000e+01
     vertex -1.419226e+02 -8.306937e+01  0.000000e+00
     vertex -1.419512e+02 -8.301622e+01  0.000000e+00
   endloop
 endfacet
 facet normal  8.805026e-01  4.740412e-01  0.000000e+00
   outer loop
     vertex -1.419226e+02 -8.306937e+01  1.400000e+01
     vertex -1.419512e+02 -8.301622e+01  0.000000e+00
     vertex -1.419512e+02 -8.301622e+01  1.400000e+01
   endloop
 endfacet
 facet normal  8.671664e-01  4.980186e-01  0.000000e+00
   outer loop
     vertex -1.418926e+02 -8.312171e+01  1.400000e+01
     vertex -1.418926e+02 -8.312171e+01  0.000000e+00
     vertex -1.419226e+02 -8.306937e+01  0.000000e+00
   endloop
 endfacet
 facet normal  8.671664e-01  4.980186e-01  0.000000e+00
   outer loop
     vertex -1.418926e+02 -8.312171e+01  1.400000e+01
     vertex -1.419226e+02 -8.306937e+01  0.000000e+00
     vertex -1.419226e+02 -8.306937e+01  1.400000e+01
   endloop
 endfacet
 facet normal  8.531773e-01  5.216210e-01  0.000000e+00
   outer loop
     vertex -1.418611e+02 -8.317321e+01  1.400000e+01
     vertex -1.418611e+02 -8.317321e+01  0.000000e+00
     vertex -1.418926e+02 -8.312171e+01  0.000000e+00
   endloop
 endfacet
 facet normal  8.531773e-01  5.216210e-01  0.000000e+00
   outer loop
     vertex -1.418611e+02 -8.317321e+01  1.400000e+01
     vertex -1.418926e+02 -8.312171e+01  0.000000e+00
     vertex -1.418926e+02 -8.312171e+01  1.400000e+01
   endloop
 endfacet
 facet normal  8.385460e-01  5.448308e-01  0.000000e+00
   outer loop
     vertex -1.418282e+02 -8.322382e+01  1.400000e+01
     vertex -1.418282e+02 -8.322382e+01  0.000000e+00
     vertex -1.418611e+02 -8.317321e+01  0.000000e+00
   endloop
 endfacet
 facet normal  8.385460e-01  5.448308e-01  0.000000e+00
   outer loop
     vertex -1.418282e+02 -8.322382e+01  1.400000e+01
     vertex -1.418611e+02 -8.317321e+01  0.000000e+00
     vertex -1.418611e+02 -8.317321e+01  1.400000e+01
   endloop
 endfacet
 facet normal  8.232835e-01  5.676304e-01  0.000000e+00
   outer loop
     vertex -1.417939e+02 -8.327352e+01  1.400000e+01
     vertex -1.418282e+02 -8.322382e+01  0.000000e+00
     vertex -1.418282e+02 -8.322382e+01  1.400000e+01
   endloop
 endfacet
 facet normal  8.232835e-01  5.676304e-01  0.000000e+00
   outer loop
     vertex -1.417939e+02 -8.327352e+01  1.400000e+01
     vertex -1.417939e+02 -8.327352e+01  0.000000e+00
     vertex -1.418282e+02 -8.322382e+01  0.000000e+00
   endloop
 endfacet
 facet normal  8.074012e-01  5.900028e-01  0.000000e+00
   outer loop
     vertex -1.417583e+02 -8.332225e+01  1.400000e+01
     vertex -1.417939e+02 -8.327352e+01  0.000000e+00
     vertex -1.417939e+02 -8.327352e+01  1.400000e+01
   endloop
 endfacet
 facet normal  8.074012e-01  5.900028e-01  0.000000e+00
   outer loop
     vertex -1.417583e+02 -8.332225e+01  1.400000e+01
     vertex -1.417583e+02 -8.332225e+01  0.000000e+00
     vertex -1.417939e+02 -8.327352e+01  0.000000e+00
   endloop
 endfacet
 facet normal  7.909112e-01  6.119310e-01  0.000000e+00
   outer loop
     vertex -1.417214e+02 -8.336999e+01  1.400000e+01
     vertex -1.417583e+02 -8.332225e+01  0.000000e+00
     vertex -1.417583e+02 -8.332225e+01  1.400000e+01
   endloop
 endfacet
 facet normal  7.909112e-01  6.119310e-01  0.000000e+00
   outer loop
     vertex -1.417214e+02 -8.336999e+01  1.400000e+01
     vertex -1.417214e+02 -8.336999e+01  0.000000e+00
     vertex -1.417583e+02 -8.332225e+01  0.000000e+00
   endloop
 endfacet
 facet normal  7.738257e-01  6.333986e-01  0.000000e+00
   outer loop
     vertex -1.416831e+02 -8.341670e+01  1.400000e+01
     vertex -1.417214e+02 -8.336999e+01  0.000000e+00
     vertex -1.417214e+02 -8.336999e+01  1.400000e+01
   endloop
 endfacet
 facet normal  7.738257e-01  6.333986e-01  0.000000e+00
   outer loop
     vertex -1.416831e+02 -8.341670e+01  1.400000e+01
     vertex -1.416831e+02 -8.341670e+01  0.000000e+00
     vertex -1.417214e+02 -8.336999e+01  0.000000e+00
   endloop
 endfacet
 facet normal  7.561578e-01  6.543893e-01  0.000000e+00
   outer loop
     vertex -1.416436e+02 -8.346234e+01  1.400000e+01
     vertex -1.416831e+02 -8.341670e+01  0.000000e+00
     vertex -1.416831e+02 -8.341670e+01  1.400000e+01
   endloop
 endfacet
 facet normal  7.561578e-01  6.543893e-01  0.000000e+00
   outer loop
     vertex -1.416436e+02 -8.346234e+01  1.400000e+01
     vertex -1.416436e+02 -8.346234e+01  0.000000e+00
     vertex -1.416831e+02 -8.341670e+01  0.000000e+00
   endloop
 endfacet
 facet normal  7.379206e-01  6.748875e-01  0.000000e+00
   outer loop
     vertex -1.416029e+02 -8.350688e+01  1.400000e+01
     vertex -1.416436e+02 -8.346234e+01  0.000000e+00
     vertex -1.416436e+02 -8.346234e+01  1.400000e+01
   endloop
 endfacet
 facet normal  7.379206e-01  6.748875e-01  0.000000e+00
   outer loop
     vertex -1.416029e+02 -8.350688e+01  1.400000e+01
     vertex -1.416029e+02 -8.350688e+01  0.000000e+00
     vertex -1.416436e+02 -8.346234e+01  0.000000e+00
   endloop
 endfacet
 facet normal  7.191280e-01  6.948776e-01  0.000000e+00
   outer loop
     vertex -1.415610e+02 -8.355029e+01  1.400000e+01
     vertex -1.416029e+02 -8.350688e+01  0.000000e+00
     vertex -1.416029e+02 -8.350688e+01  1.400000e+01
   endloop
 endfacet
 facet normal  7.191280e-01  6.948776e-01  0.000000e+00
   outer loop
     vertex -1.415610e+02 -8.355029e+01  1.400000e+01
     vertex -1.415610e+02 -8.355029e+01  0.000000e+00
     vertex -1.416029e+02 -8.350688e+01  0.000000e+00
   endloop
 endfacet
 facet normal  6.997940e-01  7.143447e-01  0.000000e+00
   outer loop
     vertex -1.415178e+02 -8.359253e+01  1.400000e+01
     vertex -1.415610e+02 -8.355029e+01  0.000000e+00
     vertex -1.415610e+02 -8.355029e+01  1.400000e+01
   endloop
 endfacet
 facet normal  6.997940e-01  7.143447e-01  0.000000e+00
   outer loop
     vertex -1.415178e+02 -8.359253e+01  1.400000e+01
     vertex -1.415178e+02 -8.359253e+01  0.000000e+00
     vertex -1.415610e+02 -8.355029e+01  0.000000e+00
   endloop
 endfacet
 facet normal  6.799333e-01  7.332740e-01  0.000000e+00
   outer loop
     vertex -1.414736e+02 -8.363357e+01  1.400000e+01
     vertex -1.415178e+02 -8.359253e+01  0.000000e+00
     vertex -1.415178e+02 -8.359253e+01  1.400000e+01
   endloop
 endfacet
 facet normal  6.799333e-01  7.332740e-01  0.000000e+00
   outer loop
     vertex -1.414736e+02 -8.363357e+01  1.400000e+01
     vertex -1.414736e+02 -8.363357e+01  0.000000e+00
     vertex -1.415178e+02 -8.359253e+01  0.000000e+00
   endloop
 endfacet
 facet normal  6.595607e-01  7.516513e-01  0.000000e+00
   outer loop
     vertex -1.414282e+02 -8.367338e+01  1.400000e+01
     vertex -1.414736e+02 -8.363357e+01  0.000000e+00
     vertex -1.414736e+02 -8.363357e+01  1.400000e+01
   endloop
 endfacet
 facet normal  6.595607e-01  7.516513e-01  0.000000e+00
   outer loop
     vertex -1.414282e+02 -8.367338e+01  1.400000e+01
     vertex -1.414282e+02 -8.367338e+01  0.000000e+00
     vertex -1.414736e+02 -8.363357e+01  0.000000e+00
   endloop
 endfacet
 facet normal  6.386916e-01  7.694628e-01  0.000000e+00
   outer loop
     vertex -1.413818e+02 -8.371193e+01  1.400000e+01
     vertex -1.414282e+02 -8.367338e+01  0.000000e+00
     vertex -1.414282e+02 -8.367338e+01  1.400000e+01
   endloop
 endfacet
 facet normal  6.386916e-01  7.694628e-01  0.000000e+00
   outer loop
     vertex -1.413818e+02 -8.371193e+01  1.400000e+01
     vertex -1.413818e+02 -8.371193e+01  0.000000e+00
     vertex -1.414282e+02 -8.367338e+01  0.000000e+00
   endloop
 endfacet
 facet normal  6.173417e-01  7.866951e-01  0.000000e+00
   outer loop
     vertex -1.413343e+02 -8.374920e+01  1.400000e+01
     vertex -1.413818e+02 -8.371193e+01  0.000000e+00
     vertex -1.413818e+02 -8.371193e+01  1.400000e+01
   endloop
 endfacet
 facet normal  6.173417e-01  7.866951e-01  0.000000e+00
   outer loop
     vertex -1.413343e+02 -8.374920e+01  1.400000e+01
     vertex -1.413343e+02 -8.374920e+01  0.000000e+00
     vertex -1.413818e+02 -8.371193e+01  0.000000e+00
   endloop
 endfacet
 facet normal  5.955271e-01  8.033352e-01  0.000000e+00
   outer loop
     vertex -1.412858e+02 -8.378514e+01  1.400000e+01
     vertex -1.413343e+02 -8.374920e+01  0.000000e+00
     vertex -1.413343e+02 -8.374920e+01  1.400000e+01
   endloop
 endfacet
 facet normal  5.955271e-01  8.033352e-01  0.000000e+00
   outer loop
     vertex -1.412858e+02 -8.378514e+01  1.400000e+01
     vertex -1.412858e+02 -8.378514e+01  0.000000e+00
     vertex -1.413343e+02 -8.374920e+01  0.000000e+00
   endloop
 endfacet
 facet normal  5.732642e-01  8.193706e-01  0.000000e+00
   outer loop
     vertex -1.412363e+02 -8.381975e+01  1.400000e+01
     vertex -1.412858e+02 -8.378514e+01  0.000000e+00
     vertex -1.412858e+02 -8.378514e+01  1.400000e+01
   endloop
 endfacet
 facet normal  5.732642e-01  8.193706e-01  0.000000e+00
   outer loop
     vertex -1.412363e+02 -8.381975e+01  1.400000e+01
     vertex -1.412363e+02 -8.381975e+01  0.000000e+00
     vertex -1.412858e+02 -8.378514e+01  0.000000e+00
   endloop
 endfacet
 facet normal  5.505698e-01  8.347891e-01  0.000000e+00
   outer loop
     vertex -1.411859e+02 -8.385298e+01  1.400000e+01
     vertex -1.412363e+02 -8.381975e+01  0.000000e+00
     vertex -1.412363e+02 -8.381975e+01  1.400000e+01
   endloop
 endfacet
 facet normal  5.505698e-01  8.347891e-01  0.000000e+00
   outer loop
     vertex -1.411859e+02 -8.385298e+01  1.400000e+01
     vertex -1.411859e+02 -8.385298e+01  0.000000e+00
     vertex -1.412363e+02 -8.381975e+01  0.000000e+00
   endloop
 endfacet
 facet normal  5.274609e-01  8.495793e-01  0.000000e+00
   outer loop
     vertex -1.411859e+02 -8.385298e+01  1.400000e+01
     vertex -1.411347e+02 -8.388482e+01  0.000000e+00
     vertex -1.411859e+02 -8.385298e+01  0.000000e+00
   endloop
 endfacet
 facet normal  5.274609e-01  8.495793e-01  0.000000e+00
   outer loop
     vertex -1.411347e+02 -8.388482e+01  1.400000e+01
     vertex -1.411347e+02 -8.388482e+01  0.000000e+00
     vertex -1.411859e+02 -8.385298e+01  1.400000e+01
   endloop
 endfacet
 facet normal  5.039550e-01  8.637299e-01  0.000000e+00
   outer loop
     vertex -1.410825e+02 -8.391524e+01  1.400000e+01
     vertex -1.411347e+02 -8.388482e+01  0.000000e+00
     vertex -1.411347e+02 -8.388482e+01  1.400000e+01
   endloop
 endfacet
 facet normal  5.039550e-01  8.637299e-01  0.000000e+00
   outer loop
     vertex -1.410825e+02 -8.391524e+01  1.400000e+01
     vertex -1.410825e+02 -8.391524e+01  0.000000e+00
     vertex -1.411347e+02 -8.388482e+01  0.000000e+00
   endloop
 endfacet
 facet normal  4.800697e-01  8.772303e-01  0.000000e+00
   outer loop
     vertex -1.410296e+02 -8.394421e+01  1.400000e+01
     vertex -1.410825e+02 -8.391524e+01  0.000000e+00
     vertex -1.410825e+02 -8.391524e+01  1.400000e+01
   endloop
 endfacet
 facet normal  4.800697e-01  8.772303e-01  0.000000e+00
   outer loop
     vertex -1.410296e+02 -8.394421e+01  1.400000e+01
     vertex -1.410296e+02 -8.394421e+01  0.000000e+00
     vertex -1.410825e+02 -8.391524e+01  0.000000e+00
   endloop
 endfacet
 facet normal  4.558231e-01  8.900704e-01  0.000000e+00
   outer loop
     vertex -1.409759e+02 -8.397173e+01  1.400000e+01
     vertex -1.410296e+02 -8.394421e+01  0.000000e+00
     vertex -1.410296e+02 -8.394421e+01  1.400000e+01
   endloop
 endfacet
 facet normal  4.558231e-01  8.900704e-01  0.000000e+00
   outer loop
     vertex -1.409759e+02 -8.397173e+01  1.400000e+01
     vertex -1.409759e+02 -8.397173e+01  0.000000e+00
     vertex -1.410296e+02 -8.394421e+01  0.000000e+00
   endloop
 endfacet
 facet normal  4.312333e-01  9.022405e-01  0.000000e+00
   outer loop
     vertex -1.409214e+02 -8.399776e+01  1.400000e+01
     vertex -1.409759e+02 -8.397173e+01  0.000000e+00
     vertex -1.409759e+02 -8.397173e+01  1.400000e+01
   endloop
 endfacet
 facet normal  4.312333e-01  9.022405e-01  0.000000e+00
   outer loop
     vertex -1.409214e+02 -8.399776e+01  1.400000e+01
     vertex -1.409214e+02 -8.399776e+01  0.000000e+00
     vertex -1.409759e+02 -8.397173e+01  0.000000e+00
   endloop
 endfacet
 facet normal  4.063188e-01  9.137314e-01  0.000000e+00
   outer loop
     vertex -1.408662e+02 -8.402228e+01  1.400000e+01
     vertex -1.409214e+02 -8.399776e+01  0.000000e+00
     vertex -1.409214e+02 -8.399776e+01  1.400000e+01
   endloop
 endfacet
 facet normal  4.063188e-01  9.137314e-01  0.000000e+00
   outer loop
     vertex -1.408662e+02 -8.402228e+01  1.400000e+01
     vertex -1.408662e+02 -8.402228e+01  0.000000e+00
     vertex -1.409214e+02 -8.399776e+01  0.000000e+00
   endloop
 endfacet
 facet normal  3.810986e-01  9.245344e-01  0.000000e+00
   outer loop
     vertex -1.408104e+02 -8.404529e+01  1.400000e+01
     vertex -1.408104e+02 -8.404529e+01  0.000000e+00
     vertex -1.408662e+02 -8.402228e+01  0.000000e+00
   endloop
 endfacet
 facet normal  3.810986e-01  9.245344e-01  0.000000e+00
   outer loop
     vertex -1.408104e+02 -8.404529e+01  1.400000e+01
     vertex -1.408662e+02 -8.402228e+01  0.000000e+00
     vertex -1.408662e+02 -8.402228e+01  1.400000e+01
   endloop
 endfacet
 facet normal  3.555914e-01  9.346415e-01  0.000000e+00
   outer loop
     vertex -1.407540e+02 -8.406675e+01  1.400000e+01
     vertex -1.407540e+02 -8.406675e+01  0.000000e+00
     vertex -1.408104e+02 -8.404529e+01  0.000000e+00
   endloop
 endfacet
 facet normal  3.555914e-01  9.346415e-01  0.000000e+00
   outer loop
     vertex -1.407540e+02 -8.406675e+01  1.400000e+01
     vertex -1.408104e+02 -8.404529e+01  0.000000e+00
     vertex -1.408104e+02 -8.404529e+01  1.400000e+01
   endloop
 endfacet
 facet normal  3.298166e-01  9.440450e-01  0.000000e+00
   outer loop
     vertex -1.406970e+02 -8.408666e+01  1.400000e+01
     vertex -1.406970e+02 -8.408666e+01  0.000000e+00
     vertex -1.407540e+02 -8.406675e+01  0.000000e+00
   endloop
 endfacet
 facet normal  3.037934e-01  9.527379e-01  0.000000e+00
   outer loop
     vertex -1.406970e+02 -8.408666e+01  1.400000e+01
     vertex -1.406395e+02 -8.410499e+01  0.000000e+00
     vertex -1.406970e+02 -8.408666e+01  0.000000e+00
   endloop
 endfacet
 facet normal  3.298166e-01  9.440450e-01  0.000000e+00
   outer loop
     vertex -1.406970e+02 -8.408666e+01  1.400000e+01
     vertex -1.407540e+02 -8.406675e+01  0.000000e+00
     vertex -1.407540e+02 -8.406675e+01  1.400000e+01
   endloop
 endfacet
 facet normal  3.037934e-01  9.527379e-01  0.000000e+00
   outer loop
     vertex -1.406395e+02 -8.410499e+01  1.400000e+01
     vertex -1.406395e+02 -8.410499e+01  0.000000e+00
     vertex -1.406970e+02 -8.408666e+01  1.400000e+01
   endloop
 endfacet
 facet normal  2.775416e-01  9.607136e-01  0.000000e+00
   outer loop
     vertex -1.405815e+02 -8.412175e+01  1.400000e+01
     vertex -1.406395e+02 -8.410499e+01  0.000000e+00
     vertex -1.406395e+02 -8.410499e+01  1.400000e+01
   endloop
 endfacet
 facet normal  2.775416e-01  9.607136e-01  0.000000e+00
   outer loop
     vertex -1.405815e+02 -8.412175e+01  1.400000e+01
     vertex -1.405815e+02 -8.412175e+01  0.000000e+00
     vertex -1.406395e+02 -8.410499e+01  0.000000e+00
   endloop
 endfacet
 facet normal  2.510809e-01  9.679661e-01  0.000000e+00
   outer loop
     vertex -1.405231e+02 -8.413690e+01  1.400000e+01
     vertex -1.405815e+02 -8.412175e+01  0.000000e+00
     vertex -1.405815e+02 -8.412175e+01  1.400000e+01
   endloop
 endfacet
 facet normal  2.510809e-01  9.679661e-01  0.000000e+00
   outer loop
     vertex -1.405231e+02 -8.413690e+01  1.400000e+01
     vertex -1.405231e+02 -8.413690e+01  0.000000e+00
     vertex -1.405815e+02 -8.412175e+01  0.000000e+00
   endloop
 endfacet
 facet normal  2.244312e-01  9.744899e-01  0.000000e+00
   outer loop
     vertex -1.404643e+02 -8.415045e+01  1.400000e+01
     vertex -1.405231e+02 -8.413690e+01  0.000000e+00
     vertex -1.405231e+02 -8.413690e+01  1.400000e+01
   endloop
 endfacet
 facet normal  2.244312e-01  9.744899e-01  0.000000e+00
   outer loop
     vertex -1.404643e+02 -8.415045e+01  1.400000e+01
     vertex -1.404643e+02 -8.415045e+01  0.000000e+00
     vertex -1.405231e+02 -8.413690e+01  0.000000e+00
   endloop
 endfacet
 facet normal  1.976125e-01  9.802802e-01  0.000000e+00
   outer loop
     vertex -1.404643e+02 -8.415045e+01  1.400000e+01
     vertex -1.404051e+02 -8.416238e+01  0.000000e+00
     vertex -1.404643e+02 -8.415045e+01  0.000000e+00
   endloop
 endfacet
 facet normal  1.976125e-01  9.802802e-01  0.000000e+00
   outer loop
     vertex -1.404051e+02 -8.416238e+01  1.400000e+01
     vertex -1.404051e+02 -8.416238e+01  0.000000e+00
     vertex -1.404643e+02 -8.415045e+01  1.400000e+01
   endloop
 endfacet
 facet normal  1.706451e-01  9.853326e-01  0.000000e+00
   outer loop
     vertex -1.403456e+02 -8.417268e+01  1.400000e+01
     vertex -1.404051e+02 -8.416238e+01  0.000000e+00
     vertex -1.404051e+02 -8.416238e+01  1.400000e+01
   endloop
 endfacet
 facet normal  1.706451e-01  9.853326e-01  0.000000e+00
   outer loop
     vertex -1.403456e+02 -8.417268e+01  1.400000e+01
     vertex -1.403456e+02 -8.417268e+01  0.000000e+00
     vertex -1.404051e+02 -8.416238e+01  0.000000e+00
   endloop
 endfacet
 facet normal  1.435492e-01  9.896432e-01  0.000000e+00
   outer loop
     vertex -1.402859e+02 -8.418134e+01  1.400000e+01
     vertex -1.403456e+02 -8.417268e+01  0.000000e+00
     vertex -1.403456e+02 -8.417268e+01  1.400000e+01
   endloop
 endfacet
 facet normal  1.435492e-01  9.896432e-01  0.000000e+00
   outer loop
     vertex -1.402859e+02 -8.418134e+01  1.400000e+01
     vertex -1.402859e+02 -8.418134e+01  0.000000e+00
     vertex -1.403456e+02 -8.417268e+01  0.000000e+00
   endloop
 endfacet
 facet normal  1.163452e-01  9.932088e-01  0.000000e+00
   outer loop
     vertex -1.402859e+02 -8.418134e+01  1.400000e+01
     vertex -1.402260e+02 -8.418837e+01  0.000000e+00
     vertex -1.402859e+02 -8.418134e+01  0.000000e+00
   endloop
 endfacet
 facet normal  1.163452e-01  9.932088e-01  0.000000e+00
   outer loop
     vertex -1.402260e+02 -8.418837e+01  1.400000e+01
     vertex -1.402260e+02 -8.418837e+01  0.000000e+00
     vertex -1.402859e+02 -8.418134e+01  1.400000e+01
   endloop
 endfacet
 facet normal  8.905371e-02  9.960268e-01  0.000000e+00
   outer loop
     vertex -1.401658e+02 -8.419374e+01  1.400000e+01
     vertex -1.402260e+02 -8.418837e+01  0.000000e+00
     vertex -1.402260e+02 -8.418837e+01  1.400000e+01
   endloop
 endfacet
 facet normal  8.905371e-02  9.960268e-01  0.000000e+00
   outer loop
     vertex -1.401658e+02 -8.419374e+01  1.400000e+01
     vertex -1.401658e+02 -8.419374e+01  0.000000e+00
     vertex -1.402260e+02 -8.418837e+01  0.000000e+00
   endloop
 endfacet
 facet normal  6.169515e-02  9.980950e-01  0.000000e+00
   outer loop
     vertex -1.401658e+02 -8.419374e+01  1.400000e+01
     vertex -1.401056e+02 -8.419746e+01  0.000000e+00
     vertex -1.401658e+02 -8.419374e+01  0.000000e+00
   endloop
 endfacet
 facet normal  6.169515e-02  9.980950e-01  0.000000e+00
   outer loop
     vertex -1.401056e+02 -8.419746e+01  1.400000e+01
     vertex -1.401056e+02 -8.419746e+01  0.000000e+00
     vertex -1.401658e+02 -8.419374e+01  1.400000e+01
   endloop
 endfacet
 facet normal  3.429014e-02  9.994119e-01  0.000000e+00
   outer loop
     vertex -1.400453e+02 -8.419953e+01  1.400000e+01
     vertex -1.401056e+02 -8.419746e+01  0.000000e+00
     vertex -1.401056e+02 -8.419746e+01  1.400000e+01
   endloop
 endfacet
 facet normal  3.429014e-02  9.994119e-01  0.000000e+00
   outer loop
     vertex -1.400453e+02 -8.419953e+01  1.400000e+01
     vertex -1.400453e+02 -8.419953e+01  0.000000e+00
     vertex -1.401056e+02 -8.419746e+01  0.000000e+00
   endloop
 endfacet
 facet normal  6.859319e-03  9.999765e-01  0.000000e+00
   outer loop
     vertex -1.399849e+02 -8.419995e+01  1.400000e+01
     vertex -1.400453e+02 -8.419953e+01  0.000000e+00
     vertex -1.400453e+02 -8.419953e+01  1.400000e+01
   endloop
 endfacet
 facet normal  6.859319e-03  9.999765e-01  0.000000e+00
   outer loop
     vertex -1.399849e+02 -8.419995e+01  1.400000e+01
     vertex -1.399849e+02 -8.419995e+01  0.000000e+00
     vertex -1.400453e+02 -8.419953e+01  0.000000e+00
   endloop
 endfacet
 facet normal -2.057667e-02  9.997883e-01  0.000000e+00
   outer loop
     vertex -1.399849e+02 -8.419995e+01  1.400000e+01
     vertex -1.399246e+02 -8.419871e+01  0.000000e+00
     vertex -1.399849e+02 -8.419995e+01  0.000000e+00
   endloop
 endfacet
 facet normal -4.799716e-02  9.988475e-01  0.000000e+00
   outer loop
     vertex -1.399246e+02 -8.419871e+01  1.400000e+01
     vertex -1.398643e+02 -8.419581e+01  0.000000e+00
     vertex -1.399246e+02 -8.419871e+01  0.000000e+00
   endloop
 endfacet
 facet normal -2.057667e-02  9.997883e-01  0.000000e+00
   outer loop
     vertex -1.399246e+02 -8.419871e+01  1.400000e+01
     vertex -1.399246e+02 -8.419871e+01  0.000000e+00
     vertex -1.399849e+02 -8.419995e+01  1.400000e+01
   endloop
 endfacet
 facet normal -4.799716e-02  9.988475e-01  0.000000e+00
   outer loop
     vertex -1.398643e+02 -8.419581e+01  1.400000e+01
     vertex -1.398643e+02 -8.419581e+01  0.000000e+00
     vertex -1.399246e+02 -8.419871e+01  1.400000e+01
   endloop
 endfacet
 facet normal -7.538152e-02  9.971548e-01  0.000000e+00
   outer loop
     vertex -1.398041e+02 -8.419126e+01  1.400000e+01
     vertex -1.398041e+02 -8.419126e+01  0.000000e+00
     vertex -1.398643e+02 -8.419581e+01  0.000000e+00
   endloop
 endfacet
 facet normal -7.538152e-02  9.971548e-01  0.000000e+00
   outer loop
     vertex -1.398041e+02 -8.419126e+01  1.400000e+01
     vertex -1.398643e+02 -8.419581e+01  0.000000e+00
     vertex -1.398643e+02 -8.419581e+01  1.400000e+01
   endloop
 endfacet
 facet normal -1.027091e-01  9.947114e-01  0.000000e+00
   outer loop
     vertex -1.397440e+02 -8.418506e+01  1.400000e+01
     vertex -1.397440e+02 -8.418506e+01  0.000000e+00
     vertex -1.398041e+02 -8.419126e+01  0.000000e+00
   endloop
 endfacet
 facet normal -1.299594e-01  9.915193e-01  0.000000e+00
   outer loop
     vertex -1.397440e+02 -8.418506e+01  1.400000e+01
     vertex -1.396842e+02 -8.417722e+01  0.000000e+00
     vertex -1.397440e+02 -8.418506e+01  0.000000e+00
   endloop
 endfacet
 facet normal -1.027091e-01  9.947114e-01  0.000000e+00
   outer loop
     vertex -1.397440e+02 -8.418506e+01  1.400000e+01
     vertex -1.398041e+02 -8.419126e+01  0.000000e+00
     vertex -1.398041e+02 -8.419126e+01  1.400000e+01
   endloop
 endfacet
 facet normal -1.299594e-01  9.915193e-01  0.000000e+00
   outer loop
     vertex -1.396842e+02 -8.417722e+01  1.400000e+01
     vertex -1.396842e+02 -8.417722e+01  0.000000e+00
     vertex -1.397440e+02 -8.418506e+01  1.400000e+01
   endloop
 endfacet
 facet normal -1.571119e-01  9.875808e-01  0.000000e+00
   outer loop
     vertex -1.396246e+02 -8.416773e+01  1.400000e+01
     vertex -1.396246e+02 -8.416773e+01  0.000000e+00
     vertex -1.396842e+02 -8.417722e+01  0.000000e+00
   endloop
 endfacet
 facet normal -1.571119e-01  9.875808e-01  0.000000e+00
   outer loop
     vertex -1.396246e+02 -8.416773e+01  1.400000e+01
     vertex -1.396842e+02 -8.417722e+01  0.000000e+00
     vertex -1.396842e+02 -8.417722e+01  1.400000e+01
   endloop
 endfacet
 facet normal -1.841461e-01  9.828989e-01  0.000000e+00
   outer loop
     vertex -1.395653e+02 -8.415662e+01  1.400000e+01
     vertex -1.395653e+02 -8.415662e+01  0.000000e+00
     vertex -1.396246e+02 -8.416773e+01  0.000000e+00
   endloop
 endfacet
 facet normal -1.841461e-01  9.828989e-01  0.000000e+00
   outer loop
     vertex -1.395653e+02 -8.415662e+01  1.400000e+01
     vertex -1.396246e+02 -8.416773e+01  0.000000e+00
     vertex -1.396246e+02 -8.416773e+01  1.400000e+01
   endloop
 endfacet
 facet normal -2.110417e-01  9.774771e-01  0.000000e+00
   outer loop
     vertex -1.395063e+02 -8.414388e+01  1.400000e+01
     vertex -1.395063e+02 -8.414388e+01  0.000000e+00
     vertex -1.395653e+02 -8.415662e+01  0.000000e+00
   endloop
 endfacet
 facet normal -2.110417e-01  9.774771e-01  0.000000e+00
   outer loop
     vertex -1.395063e+02 -8.414388e+01  1.400000e+01
     vertex -1.395653e+02 -8.415662e+01  0.000000e+00
     vertex -1.395653e+02 -8.415662e+01  1.400000e+01
   endloop
 endfacet
 facet normal -2.377784e-01  9.713194e-01  0.000000e+00
   outer loop
     vertex -1.394476e+02 -8.412953e+01  1.400000e+01
     vertex -1.394476e+02 -8.412953e+01  0.000000e+00
     vertex -1.395063e+02 -8.414388e+01  0.000000e+00
   endloop
 endfacet
 facet normal -2.377784e-01  9.713194e-01  0.000000e+00
   outer loop
     vertex -1.394476e+02 -8.412953e+01  1.400000e+01
     vertex -1.395063e+02 -8.414388e+01  0.000000e+00
     vertex -1.395063e+02 -8.414388e+01  1.400000e+01
   endloop
 endfacet
 facet normal -2.643362e-01  9.644306e-01  0.000000e+00
   outer loop
     vertex -1.393894e+02 -8.411357e+01  1.400000e+01
     vertex -1.393894e+02 -8.411357e+01  0.000000e+00
     vertex -1.394476e+02 -8.412953e+01  0.000000e+00
   endloop
 endfacet
 facet normal -2.643362e-01  9.644306e-01  0.000000e+00
   outer loop
     vertex -1.393894e+02 -8.411357e+01  1.400000e+01
     vertex -1.394476e+02 -8.412953e+01  0.000000e+00
     vertex -1.394476e+02 -8.412953e+01  1.400000e+01
   endloop
 endfacet
 facet normal -2.906949e-01  9.568158e-01  0.000000e+00
   outer loop
     vertex -1.393317e+02 -8.409602e+01  1.400000e+01
     vertex -1.393317e+02 -8.409602e+01  0.000000e+00
     vertex -1.393894e+02 -8.411357e+01  0.000000e+00
   endloop
 endfacet
 facet normal -3.168348e-01  9.484807e-01  0.000000e+00
   outer loop
     vertex -1.393317e+02 -8.409602e+01  1.400000e+01
     vertex -1.392744e+02 -8.407690e+01  0.000000e+00
     vertex -1.393317e+02 -8.409602e+01  0.000000e+00
   endloop
 endfacet
 facet normal -2.906949e-01  9.568158e-01  0.000000e+00
   outer loop
     vertex -1.393317e+02 -8.409602e+01  1.400000e+01
     vertex -1.393894e+02 -8.411357e+01  0.000000e+00
     vertex -1.393894e+02 -8.411357e+01  1.400000e+01
   endloop
 endfacet
 facet normal -3.427362e-01  9.394317e-01  0.000000e+00
   outer loop
     vertex -1.392744e+02 -8.407690e+01  1.400000e+01
     vertex -1.392177e+02 -8.405621e+01  0.000000e+00
     vertex -1.392744e+02 -8.407690e+01  0.000000e+00
   endloop
 endfacet
 facet normal -3.168348e-01  9.484807e-01  0.000000e+00
   outer loop
     vertex -1.392744e+02 -8.407690e+01  1.400000e+01
     vertex -1.392744e+02 -8.407690e+01  0.000000e+00
     vertex -1.393317e+02 -8.409602e+01  1.400000e+01
   endloop
 endfacet
 facet normal -3.427362e-01  9.394317e-01  0.000000e+00
   outer loop
     vertex -1.392177e+02 -8.405621e+01  1.400000e+01
     vertex -1.392177e+02 -8.405621e+01  0.000000e+00
     vertex -1.392744e+02 -8.407690e+01  1.400000e+01
   endloop
 endfacet
 facet normal -3.683796e-01  9.296754e-01  0.000000e+00
   outer loop
     vertex -1.391616e+02 -8.403398e+01  1.400000e+01
     vertex -1.391616e+02 -8.403398e+01  0.000000e+00
     vertex -1.392177e+02 -8.405621e+01  0.000000e+00
   endloop
 endfacet
 facet normal -3.937458e-01  9.192194e-01  0.000000e+00
   outer loop
     vertex -1.391616e+02 -8.403398e+01  1.400000e+01
     vertex -1.391061e+02 -8.401021e+01  0.000000e+00
     vertex -1.391616e+02 -8.403398e+01  0.000000e+00
   endloop
 endfacet
 facet normal -3.683796e-01  9.296754e-01  0.000000e+00
   outer loop
     vertex -1.391616e+02 -8.403398e+01  1.400000e+01
     vertex -1.392177e+02 -8.405621e+01  0.000000e+00
     vertex -1.392177e+02 -8.405621e+01  1.400000e+01
   endloop
 endfacet
 facet normal -3.937458e-01  9.192194e-01  0.000000e+00
   outer loop
     vertex -1.391061e+02 -8.401021e+01  1.400000e+01
     vertex -1.391061e+02 -8.401021e+01  0.000000e+00
     vertex -1.391616e+02 -8.403398e+01  1.400000e+01
   endloop
 endfacet
 facet normal -4.188155e-01  9.080714e-01  0.000000e+00
   outer loop
     vertex -1.390513e+02 -8.398493e+01  1.400000e+01
     vertex -1.391061e+02 -8.401021e+01  0.000000e+00
     vertex -1.391061e+02 -8.401021e+01  1.400000e+01
   endloop
 endfacet
 facet normal -4.188155e-01  9.080714e-01  0.000000e+00
   outer loop
     vertex -1.390513e+02 -8.398493e+01  1.400000e+01
     vertex -1.390513e+02 -8.398493e+01  0.000000e+00
     vertex -1.391061e+02 -8.401021e+01  0.000000e+00
   endloop
 endfacet
 facet normal -4.435699e-01  8.962398e-01  0.000000e+00
   outer loop
     vertex -1.389972e+02 -8.395815e+01  1.400000e+01
     vertex -1.390513e+02 -8.398493e+01  0.000000e+00
     vertex -1.390513e+02 -8.398493e+01  1.400000e+01
   endloop
 endfacet
 facet normal -4.435699e-01  8.962398e-01  0.000000e+00
   outer loop
     vertex -1.389972e+02 -8.395815e+01  1.400000e+01
     vertex -1.389972e+02 -8.395815e+01  0.000000e+00
     vertex -1.390513e+02 -8.398493e+01  0.000000e+00
   endloop
 endfacet
 facet normal -4.679904e-01  8.837335e-01  0.000000e+00
   outer loop
     vertex -1.389972e+02 -8.395815e+01  1.400000e+01
     vertex -1.389438e+02 -8.392991e+01  0.000000e+00
     vertex -1.389972e+02 -8.395815e+01  0.000000e+00
   endloop
 endfacet
 facet normal -4.679904e-01  8.837335e-01  0.000000e+00
   outer loop
     vertex -1.389438e+02 -8.392991e+01  1.400000e+01
     vertex -1.389438e+02 -8.392991e+01  0.000000e+00
     vertex -1.389972e+02 -8.395815e+01  1.400000e+01
   endloop
 endfacet
 facet normal -4.920587e-01  8.705620e-01  0.000000e+00
   outer loop
     vertex -1.388913e+02 -8.390021e+01  1.400000e+01
     vertex -1.388913e+02 -8.390021e+01  0.000000e+00
     vertex -1.389438e+02 -8.392991e+01  0.000000e+00
   endloop
 endfacet
 facet normal -5.157565e-01  8.567352e-01  0.000000e+00
   outer loop
     vertex -1.388913e+02 -8.390021e+01  1.400000e+01
     vertex -1.388396e+02 -8.386907e+01  0.000000e+00
     vertex -1.388913e+02 -8.390021e+01  0.000000e+00
   endloop
 endfacet
 facet normal -4.920587e-01  8.705620e-01  0.000000e+00
   outer loop
     vertex -1.388913e+02 -8.390021e+01  1.400000e+01
     vertex -1.389438e+02 -8.392991e+01  0.000000e+00
     vertex -1.389438e+02 -8.392991e+01  1.400000e+01
   endloop
 endfacet
 facet normal -5.390661e-01  8.422635e-01  0.000000e+00
   outer loop
     vertex -1.388396e+02 -8.386907e+01  1.400000e+01
     vertex -1.387887e+02 -8.383654e+01  0.000000e+00
     vertex -1.388396e+02 -8.386907e+01  0.000000e+00
   endloop
 endfacet
 facet normal -5.157565e-01  8.567352e-01  0.000000e+00
   outer loop
     vertex -1.388396e+02 -8.386907e+01  1.400000e+01
     vertex -1.388396e+02 -8.386907e+01  0.000000e+00
     vertex -1.388913e+02 -8.390021e+01  1.400000e+01
   endloop
 endfacet
 facet normal -5.390661e-01  8.422635e-01  0.000000e+00
   outer loop
     vertex -1.387887e+02 -8.383654e+01  1.400000e+01
     vertex -1.387887e+02 -8.383654e+01  0.000000e+00
     vertex -1.388396e+02 -8.386907e+01  1.400000e+01
   endloop
 endfacet
 facet normal -5.619699e-01  8.271577e-01  0.000000e+00
   outer loop
     vertex -1.387388e+02 -8.380262e+01  1.400000e+01
     vertex -1.387388e+02 -8.380262e+01  0.000000e+00
     vertex -1.387887e+02 -8.383654e+01  0.000000e+00
   endloop
 endfacet
 facet normal -5.619699e-01  8.271577e-01  0.000000e+00
   outer loop
     vertex -1.387388e+02 -8.380262e+01  1.400000e+01
     vertex -1.387887e+02 -8.383654e+01  0.000000e+00
     vertex -1.387887e+02 -8.383654e+01  1.400000e+01
   endloop
 endfacet
 facet normal -5.844507e-01  8.114292e-01  0.000000e+00
   outer loop
     vertex -1.386898e+02 -8.376734e+01  1.400000e+01
     vertex -1.386898e+02 -8.376734e+01  0.000000e+00
     vertex -1.387388e+02 -8.380262e+01  0.000000e+00
   endloop
 endfacet
 facet normal -6.064915e-01  7.950900e-01  0.000000e+00
   outer loop
     vertex -1.386898e+02 -8.376734e+01  1.400000e+01
     vertex -1.386418e+02 -8.373073e+01  0.000000e+00
     vertex -1.386898e+02 -8.376734e+01  0.000000e+00
   endloop
 endfacet
 facet normal -5.844507e-01  8.114292e-01  0.000000e+00
   outer loop
     vertex -1.386898e+02 -8.376734e+01  1.400000e+01
     vertex -1.387388e+02 -8.380262e+01  0.000000e+00
     vertex -1.387388e+02 -8.380262e+01  1.400000e+01
   endloop
 endfacet
 facet normal -6.064915e-01  7.950900e-01  0.000000e+00
   outer loop
     vertex -1.386418e+02 -8.373073e+01  1.400000e+01
     vertex -1.386418e+02 -8.373073e+01  0.000000e+00
     vertex -1.386898e+02 -8.376734e+01  1.400000e+01
   endloop
 endfacet
 facet normal -6.280757e-01  7.781522e-01  0.000000e+00
   outer loop
     vertex -1.385949e+02 -8.369282e+01  1.400000e+01
     vertex -1.385949e+02 -8.369282e+01  0.000000e+00
     vertex -1.386418e+02 -8.373073e+01  0.000000e+00
   endloop
 endfacet
 facet normal -6.491872e-01  7.606287e-01  0.000000e+00
   outer loop
     vertex -1.385949e+02 -8.369282e+01  1.400000e+01
     vertex -1.385490e+02 -8.365363e+01  0.000000e+00
     vertex -1.385949e+02 -8.369282e+01  0.000000e+00
   endloop
 endfacet
 facet normal -6.280757e-01  7.781522e-01  0.000000e+00
   outer loop
     vertex -1.385949e+02 -8.369282e+01  1.400000e+01
     vertex -1.386418e+02 -8.373073e+01  0.000000e+00
     vertex -1.386418e+02 -8.373073e+01  1.400000e+01
   endloop
 endfacet
 facet normal -6.491872e-01  7.606287e-01  0.000000e+00
   outer loop
     vertex -1.385490e+02 -8.365363e+01  1.400000e+01
     vertex -1.385490e+02 -8.365363e+01  0.000000e+00
     vertex -1.385949e+02 -8.369282e+01  1.400000e+01
   endloop
 endfacet
 facet normal -6.698100e-01  7.425325e-01  0.000000e+00
   outer loop
     vertex -1.385490e+02 -8.365363e+01  1.400000e+01
     vertex -1.385041e+02 -8.361320e+01  0.000000e+00
     vertex -1.385490e+02 -8.365363e+01  0.000000e+00
   endloop
 endfacet
 facet normal -6.698100e-01  7.425325e-01  0.000000e+00
   outer loop
     vertex -1.385041e+02 -8.361320e+01  1.400000e+01
     vertex -1.385041e+02 -8.361320e+01  0.000000e+00
     vertex -1.385490e+02 -8.365363e+01  1.400000e+01
   endloop
 endfacet
 facet normal -6.899286e-01  7.238775e-01  0.000000e+00
   outer loop
     vertex -1.384605e+02 -8.357156e+01  1.400000e+01
     vertex -1.384605e+02 -8.357156e+01  0.000000e+00
     vertex -1.385041e+02 -8.361320e+01  0.000000e+00
   endloop
 endfacet
 facet normal -7.095278e-01  7.046775e-01  0.000000e+00
   outer loop
     vertex -1.384605e+02 -8.357156e+01  1.400000e+01
     vertex -1.384179e+02 -8.352873e+01  0.000000e+00
     vertex -1.384605e+02 -8.357156e+01  0.000000e+00
   endloop
 endfacet
 facet normal -6.899286e-01  7.238775e-01  0.000000e+00
   outer loop
     vertex -1.384605e+02 -8.357156e+01  1.400000e+01
     vertex -1.385041e+02 -8.361320e+01  0.000000e+00
     vertex -1.385041e+02 -8.361320e+01  1.400000e+01
   endloop
 endfacet
 facet normal -7.285929e-01  6.849470e-01  0.000000e+00
   outer loop
     vertex -1.384179e+02 -8.352873e+01  1.400000e+01
     vertex -1.383766e+02 -8.348475e+01  0.000000e+00
     vertex -1.384179e+02 -8.352873e+01  0.000000e+00
   endloop
 endfacet
 facet normal -7.095278e-01  7.046775e-01  0.000000e+00
   outer loop
     vertex -1.384179e+02 -8.352873e+01  1.400000e+01
     vertex -1.384179e+02 -8.352873e+01  0.000000e+00
     vertex -1.384605e+02 -8.357156e+01  1.400000e+01
   endloop
 endfacet
 facet normal -7.285929e-01  6.849470e-01  0.000000e+00
   outer loop
     vertex -1.383766e+02 -8.348475e+01  1.400000e+01
     vertex -1.383766e+02 -8.348475e+01  0.000000e+00
     vertex -1.384179e+02 -8.352873e+01  1.400000e+01
   endloop
 endfacet
 facet normal -7.471095e-01  6.647010e-01  0.000000e+00
   outer loop
     vertex -1.383365e+02 -8.343966e+01  1.400000e+01
     vertex -1.383365e+02 -8.343966e+01  0.000000e+00
     vertex -1.383766e+02 -8.348475e+01  0.000000e+00
   endloop
 endfacet
 facet normal -7.650637e-01  6.439545e-01  0.000000e+00
   outer loop
     vertex -1.383365e+02 -8.343966e+01  1.400000e+01
     vertex -1.382976e+02 -8.339348e+01  0.000000e+00
     vertex -1.383365e+02 -8.343966e+01  0.000000e+00
   endloop
 endfacet
 facet normal -7.471095e-01  6.647010e-01  0.000000e+00
   outer loop
     vertex -1.383365e+02 -8.343966e+01  1.400000e+01
     vertex -1.383766e+02 -8.348475e+01  0.000000e+00
     vertex -1.383766e+02 -8.348475e+01  1.400000e+01
   endloop
 endfacet
 facet normal -7.824421e-01  6.227234e-01  0.000000e+00
   outer loop
     vertex -1.382976e+02 -8.339348e+01  1.400000e+01
     vertex -1.382600e+02 -8.334625e+01  0.000000e+00
     vertex -1.382976e+02 -8.339348e+01  0.000000e+00
   endloop
 endfacet
 facet normal -7.650637e-01  6.439545e-01  0.000000e+00
   outer loop
     vertex -1.382976e+02 -8.339348e+01  1.400000e+01
     vertex -1.382976e+02 -8.339348e+01  0.000000e+00
     vertex -1.383365e+02 -8.343966e+01  1.400000e+01
   endloop
 endfacet
 facet normal -7.824421e-01  6.227234e-01  0.000000e+00
   outer loop
     vertex -1.382600e+02 -8.334625e+01  1.400000e+01
     vertex -1.382600e+02 -8.334625e+01  0.000000e+00
     vertex -1.382976e+02 -8.339348e+01  1.400000e+01
   endloop
 endfacet
 facet normal -7.992314e-01  6.010234e-01  0.000000e+00
   outer loop
     vertex -1.382237e+02 -8.329801e+01  1.400000e+01
     vertex -1.382237e+02 -8.329801e+01  0.000000e+00
     vertex -1.382600e+02 -8.334625e+01  0.000000e+00
   endloop
 endfacet
 facet normal -7.992314e-01  6.010234e-01  0.000000e+00
   outer loop
     vertex -1.382237e+02 -8.329801e+01  1.400000e+01
     vertex -1.382600e+02 -8.334625e+01  0.000000e+00
     vertex -1.382600e+02 -8.334625e+01  1.400000e+01
   endloop
 endfacet
 facet normal -8.154191e-01  5.788711e-01  0.000000e+00
   outer loop
     vertex -1.381888e+02 -8.324879e+01  1.400000e+01
     vertex -1.381888e+02 -8.324879e+01  0.000000e+00
     vertex -1.382237e+02 -8.329801e+01  0.000000e+00
   endloop
 endfacet
 facet normal -8.309929e-01  5.562829e-01  0.000000e+00
   outer loop
     vertex -1.381888e+02 -8.324879e+01  1.400000e+01
     vertex -1.381552e+02 -8.319863e+01  0.000000e+00
     vertex -1.381888e+02 -8.324879e+01  0.000000e+00
   endloop
 endfacet
 facet normal -8.154191e-01  5.788711e-01  0.000000e+00
   outer loop
     vertex -1.381888e+02 -8.324879e+01  1.400000e+01
     vertex -1.382237e+02 -8.329801e+01  0.000000e+00
     vertex -1.382237e+02 -8.329801e+01  1.400000e+01
   endloop
 endfacet
 facet normal -8.309929e-01  5.562829e-01  0.000000e+00
   outer loop
     vertex -1.381552e+02 -8.319863e+01  1.400000e+01
     vertex -1.381552e+02 -8.319863e+01  0.000000e+00
     vertex -1.381888e+02 -8.324879e+01  1.400000e+01
   endloop
 endfacet
 facet normal -8.459413e-01  5.332761e-01  0.000000e+00
   outer loop
     vertex -1.381230e+02 -8.314757e+01  1.400000e+01
     vertex -1.381230e+02 -8.314757e+01  0.000000e+00
     vertex -1.381552e+02 -8.319863e+01  0.000000e+00
   endloop
 endfacet
 facet normal -8.602528e-01  5.098678e-01  0.000000e+00
   outer loop
     vertex -1.381230e+02 -8.314757e+01  1.400000e+01
     vertex -1.380922e+02 -8.309564e+01  0.000000e+00
     vertex -1.381230e+02 -8.314757e+01  0.000000e+00
   endloop
 endfacet
 facet normal -8.459413e-01  5.332761e-01  0.000000e+00
   outer loop
     vertex -1.381230e+02 -8.314757e+01  1.400000e+01
     vertex -1.381552e+02 -8.319863e+01  0.000000e+00
     vertex -1.381552e+02 -8.319863e+01  1.400000e+01
   endloop
 endfacet
 facet normal -8.739167e-01  4.860756e-01  0.000000e+00
   outer loop
     vertex -1.380922e+02 -8.309564e+01  1.400000e+01
     vertex -1.380629e+02 -8.304289e+01  0.000000e+00
     vertex -1.380922e+02 -8.309564e+01  0.000000e+00
   endloop
 endfacet
 facet normal -8.602528e-01  5.098678e-01  0.000000e+00
   outer loop
     vertex -1.380922e+02 -8.309564e+01  1.400000e+01
     vertex -1.380922e+02 -8.309564e+01  0.000000e+00
     vertex -1.381230e+02 -8.314757e+01  1.400000e+01
   endloop
 endfacet
 facet normal -8.739167e-01  4.860756e-01  0.000000e+00
   outer loop
     vertex -1.380629e+02 -8.304289e+01  1.400000e+01
     vertex -1.380629e+02 -8.304289e+01  0.000000e+00
     vertex -1.380922e+02 -8.309564e+01  1.400000e+01
   endloop
 endfacet
 facet normal -8.869228e-01  4.619176e-01  0.000000e+00
   outer loop
     vertex -1.380350e+02 -8.298936e+01  1.400000e+01
     vertex -1.380629e+02 -8.304289e+01  0.000000e+00
     vertex -1.380629e+02 -8.304289e+01  1.400000e+01
   endloop
 endfacet
 facet normal -8.869228e-01  4.619176e-01  0.000000e+00
   outer loop
     vertex -1.380350e+02 -8.298936e+01  1.400000e+01
     vertex -1.380350e+02 -8.298936e+01  0.000000e+00
     vertex -1.380629e+02 -8.304289e+01  0.000000e+00
   endloop
 endfacet
 facet normal -8.992613e-01  4.374119e-01  0.000000e+00
   outer loop
     vertex -1.380086e+02 -8.293508e+01  1.400000e+01
     vertex -1.380350e+02 -8.298936e+01  0.000000e+00
     vertex -1.380350e+02 -8.298936e+01  1.400000e+01
   endloop
 endfacet
 facet normal -8.992613e-01  4.374119e-01  0.000000e+00
   outer loop
     vertex -1.380086e+02 -8.293508e+01  1.400000e+01
     vertex -1.380086e+02 -8.293508e+01  0.000000e+00
     vertex -1.380350e+02 -8.298936e+01  0.000000e+00
   endloop
 endfacet
 facet normal -9.109228e-01  4.125769e-01  0.000000e+00
   outer loop
     vertex -1.379837e+02 -8.288009e+01  1.400000e+01
     vertex -1.380086e+02 -8.293508e+01  0.000000e+00
     vertex -1.380086e+02 -8.293508e+01  1.400000e+01
   endloop
 endfacet
 facet normal -9.109228e-01  4.125769e-01  0.000000e+00
   outer loop
     vertex -1.379837e+02 -8.288009e+01  1.400000e+01
     vertex -1.379837e+02 -8.288009e+01  0.000000e+00
     vertex -1.380086e+02 -8.293508e+01  0.000000e+00
   endloop
 endfacet
 facet normal -9.218986e-01  3.874313e-01  0.000000e+00
   outer loop
     vertex -1.379603e+02 -8.282445e+01  1.400000e+01
     vertex -1.379837e+02 -8.288009e+01  0.000000e+00
     vertex -1.379837e+02 -8.288009e+01  1.400000e+01
   endloop
 endfacet
 facet normal -9.218986e-01  3.874313e-01  0.000000e+00
   outer loop
     vertex -1.379603e+02 -8.282445e+01  1.400000e+01
     vertex -1.379603e+02 -8.282445e+01  0.000000e+00
     vertex -1.379837e+02 -8.288009e+01  0.000000e+00
   endloop
 endfacet
 facet normal -9.321804e-01  3.619940e-01  0.000000e+00
   outer loop
     vertex -1.379603e+02 -8.282445e+01  1.400000e+01
     vertex -1.379385e+02 -8.276818e+01  0.000000e+00
     vertex -1.379603e+02 -8.282445e+01  0.000000e+00
   endloop
 endfacet
 facet normal -9.321804e-01  3.619940e-01  0.000000e+00
   outer loop
     vertex -1.379385e+02 -8.276818e+01  1.400000e+01
     vertex -1.379385e+02 -8.276818e+01  0.000000e+00
     vertex -1.379603e+02 -8.282445e+01  1.400000e+01
   endloop
 endfacet
 facet normal -9.417605e-01  3.362843e-01  0.000000e+00
   outer loop
     vertex -1.379385e+02 -8.276818e+01  1.400000e+01
     vertex -1.379182e+02 -8.271133e+01  0.000000e+00
     vertex -1.379385e+02 -8.276818e+01  0.000000e+00
   endloop
 endfacet
 facet normal -9.417605e-01  3.362843e-01  0.000000e+00
   outer loop
     vertex -1.379182e+02 -8.271133e+01  1.400000e+01
     vertex -1.379182e+02 -8.271133e+01  0.000000e+00
     vertex -1.379385e+02 -8.276818e+01  1.400000e+01
   endloop
 endfacet
 facet normal -9.506317e-01  3.103214e-01  0.000000e+00
   outer loop
     vertex -1.378994e+02 -8.265395e+01  1.400000e+01
     vertex -1.379182e+02 -8.271133e+01  0.000000e+00
     vertex -1.379182e+02 -8.271133e+01  1.400000e+01
   endloop
 endfacet
 facet normal -9.506317e-01  3.103214e-01  0.000000e+00
   outer loop
     vertex -1.378994e+02 -8.265395e+01  1.400000e+01
     vertex -1.378994e+02 -8.265395e+01  0.000000e+00
     vertex -1.379182e+02 -8.271133e+01  0.000000e+00
   endloop
 endfacet
 facet normal -9.587873e-01  2.841250e-01  0.000000e+00
   outer loop
     vertex -1.378994e+02 -8.265395e+01  1.400000e+01
     vertex -1.378823e+02 -8.259608e+01  0.000000e+00
     vertex -1.378994e+02 -8.265395e+01  0.000000e+00
   endloop
 endfacet
 facet normal -9.587873e-01  2.841250e-01  0.000000e+00
   outer loop
     vertex -1.378823e+02 -8.259608e+01  1.400000e+01
     vertex -1.378823e+02 -8.259608e+01  0.000000e+00
     vertex -1.378994e+02 -8.265395e+01  1.400000e+01
   endloop
 endfacet
 facet normal -9.662211e-01  2.577146e-01  0.000000e+00
   outer loop
     vertex -1.378667e+02 -8.253776e+01  1.400000e+01
     vertex -1.378823e+02 -8.259608e+01  0.000000e+00
     vertex -1.378823e+02 -8.259608e+01  1.400000e+01
   endloop
 endfacet
 facet normal -9.662211e-01  2.577146e-01  0.000000e+00
   outer loop
     vertex -1.378667e+02 -8.253776e+01  1.400000e+01
     vertex -1.378667e+02 -8.253776e+01  0.000000e+00
     vertex -1.378823e+02 -8.259608e+01  0.000000e+00
   endloop
 endfacet
 facet normal -9.729276e-01  2.311102e-01  0.000000e+00
   outer loop
     vertex -1.378667e+02 -8.253776e+01  1.400000e+01
     vertex -1.378528e+02 -8.247903e+01  0.000000e+00
     vertex -1.378667e+02 -8.253776e+01  0.000000e+00
   endloop
 endfacet
 facet normal -9.729276e-01  2.311102e-01  0.000000e+00
   outer loop
     vertex -1.378528e+02 -8.247903e+01  1.400000e+01
     vertex -1.378528e+02 -8.247903e+01  0.000000e+00
     vertex -1.378667e+02 -8.253776e+01  1.400000e+01
   endloop
 endfacet
 facet normal -9.789017e-01  2.043319e-01  0.000000e+00
   outer loop
     vertex -1.378405e+02 -8.241994e+01  1.400000e+01
     vertex -1.378528e+02 -8.247903e+01  0.000000e+00
     vertex -1.378528e+02 -8.247903e+01  1.400000e+01
   endloop
 endfacet
 facet normal -9.789017e-01  2.043319e-01  0.000000e+00
   outer loop
     vertex -1.378405e+02 -8.241994e+01  1.400000e+01
     vertex -1.378405e+02 -8.241994e+01  0.000000e+00
     vertex -1.378528e+02 -8.247903e+01  0.000000e+00
   endloop
 endfacet
 facet normal -9.841389e-01  1.773998e-01  0.000000e+00
   outer loop
     vertex -1.378297e+02 -8.236054e+01  1.400000e+01
     vertex -1.378405e+02 -8.241994e+01  0.000000e+00
     vertex -1.378405e+02 -8.241994e+01  1.400000e+01
   endloop
 endfacet
 facet normal -9.841389e-01  1.773998e-01  0.000000e+00
   outer loop
     vertex -1.378297e+02 -8.236054e+01  1.400000e+01
     vertex -1.378297e+02 -8.236054e+01  0.000000e+00
     vertex -1.378405e+02 -8.241994e+01  0.000000e+00
   endloop
 endfacet
 facet normal -9.886353e-01  1.503341e-01  0.000000e+00
   outer loop
     vertex -1.378297e+02 -8.236054e+01  1.400000e+01
     vertex -1.378207e+02 -8.230087e+01  0.000000e+00
     vertex -1.378297e+02 -8.236054e+01  0.000000e+00
   endloop
 endfacet
 facet normal -9.923874e-01  1.231552e-01  0.000000e+00
   outer loop
     vertex -1.378207e+02 -8.230087e+01  1.400000e+01
     vertex -1.378132e+02 -8.224097e+01  0.000000e+00
     vertex -1.378207e+02 -8.230087e+01  0.000000e+00
   endloop
 endfacet
 facet normal -9.886353e-01  1.503341e-01  0.000000e+00
   outer loop
     vertex -1.378207e+02 -8.230087e+01  1.400000e+01
     vertex -1.378207e+02 -8.230087e+01  0.000000e+00
     vertex -1.378297e+02 -8.236054e+01  1.400000e+01
   endloop
 endfacet
 facet normal -9.923874e-01  1.231552e-01  0.000000e+00
   outer loop
     vertex -1.378132e+02 -8.224097e+01  1.400000e+01
     vertex -1.378132e+02 -8.224097e+01  0.000000e+00
     vertex -1.378207e+02 -8.230087e+01  1.400000e+01
   endloop
 endfacet
 facet normal -9.953925e-01  9.588368e-02  0.000000e+00
   outer loop
     vertex -1.378074e+02 -8.218088e+01  1.400000e+01
     vertex -1.378074e+02 -8.218088e+01  0.000000e+00
     vertex -1.378132e+02 -8.224097e+01  0.000000e+00
   endloop
 endfacet
 facet normal -9.976484e-01  6.853995e-02  0.000000e+00
   outer loop
     vertex -1.378074e+02 -8.218088e+01  1.400000e+01
     vertex -1.378033e+02 -8.212066e+01  0.000000e+00
     vertex -1.378074e+02 -8.218088e+01  0.000000e+00
   endloop
 endfacet
 facet normal -9.953925e-01  9.588368e-02  0.000000e+00
   outer loop
     vertex -1.378074e+02 -8.218088e+01  1.400000e+01
     vertex -1.378132e+02 -8.224097e+01  0.000000e+00
     vertex -1.378132e+02 -8.224097e+01  1.400000e+01
   endloop
 endfacet
 facet normal -9.976484e-01  6.853995e-02  0.000000e+00
   outer loop
     vertex -1.378033e+02 -8.212066e+01  1.400000e+01
     vertex -1.378033e+02 -8.212066e+01  0.000000e+00
     vertex -1.378074e+02 -8.218088e+01  1.400000e+01
   endloop
 endfacet
 facet normal -9.991532e-01  4.114462e-02  0.000000e+00
   outer loop
     vertex -1.378008e+02 -8.206035e+01  1.400000e+01
     vertex -1.378008e+02 -8.206035e+01  0.000000e+00
     vertex -1.378033e+02 -8.212066e+01  0.000000e+00
   endloop
 endfacet
 facet normal -9.991532e-01  4.114462e-02  0.000000e+00
   outer loop
     vertex -1.378008e+02 -8.206035e+01  1.400000e+01
     vertex -1.378033e+02 -8.212066e+01  0.000000e+00
     vertex -1.378033e+02 -8.212066e+01  1.400000e+01
   endloop
 endfacet
 facet normal -9.999059e-01  1.371831e-02  0.000000e+00
   outer loop
     vertex -1.378000e+02 -8.200000e+01  1.400000e+01
     vertex -1.378008e+02 -8.206035e+01  0.000000e+00
     vertex -1.378008e+02 -8.206035e+01  1.400000e+01
   endloop
 endfacet
 facet normal -9.999059e-01  1.371831e-02  0.000000e+00
   outer loop
     vertex -1.378000e+02 -8.200000e+01  1.400000e+01
     vertex -1.378000e+02 -8.200000e+01  0.000000e+00
     vertex -1.378008e+02 -8.206035e+01  0.000000e+00
   endloop
 endfacet
 facet normal -9.999059e-01 -1.371831e-02  0.000000e+00
   outer loop
     vertex -1.228008e+02 -7.793965e+01  1.400000e+01
     vertex -1.228000e+02 -7.800000e+01  0.000000e+00
     vertex -1.228000e+02 -7.800000e+01  1.400000e+01
   endloop
 endfacet
 facet normal -9.999059e-01 -1.371831e-02 -0.000000e+00
   outer loop
     vertex -1.228008e+02 -7.793965e+01  1.400000e+01
     vertex -1.228008e+02 -7.793965e+01  0.000000e+00
     vertex -1.228000e+02 -7.800000e+01  0.000000e+00
   endloop
 endfacet
 facet normal -9.991532e-01 -4.114462e-02 -0.000000e+00
   outer loop
     vertex -1.228033e+02 -7.787934e+01  1.400000e+01
     vertex -1.228033e+02 -7.787934e+01  0.000000e+00
     vertex -1.228008e+02 -7.793965e+01  0.000000e+00
   endloop
 endfacet
 facet normal -9.976484e-01 -6.853995e-02 -0.000000e+00
   outer loop
     vertex -1.228033e+02 -7.787934e+01  1.400000e+01
     vertex -1.228074e+02 -7.781912e+01  0.000000e+00
     vertex -1.228033e+02 -7.787934e+01  0.000000e+00
   endloop
 endfacet
 facet normal -9.991532e-01 -4.114462e-02  0.000000e+00
   outer loop
     vertex -1.228033e+02 -7.787934e+01  1.400000e+01
     vertex -1.228008e+02 -7.793965e+01  0.000000e+00
     vertex -1.228008e+02 -7.793965e+01  1.400000e+01
   endloop
 endfacet
 facet normal -9.976484e-01 -6.853995e-02 -0.000000e+00
   outer loop
     vertex -1.228074e+02 -7.781912e+01  1.400000e+01
     vertex -1.228074e+02 -7.781912e+01  0.000000e+00
     vertex -1.228033e+02 -7.787934e+01  1.400000e+01
   endloop
 endfacet
 facet normal -9.953925e-01 -9.588368e-02 -0.000000e+00
   outer loop
     vertex -1.228132e+02 -7.775903e+01  1.400000e+01
     vertex -1.228132e+02 -7.775903e+01  0.000000e+00
     vertex -1.228074e+02 -7.781912e+01  0.000000e+00
   endloop
 endfacet
 facet normal -9.953925e-01 -9.588368e-02  0.000000e+00
   outer loop
     vertex -1.228132e+02 -7.775903e+01  1.400000e+01
     vertex -1.228074e+02 -7.781912e+01  0.000000e+00
     vertex -1.228074e+02 -7.781912e+01  1.400000e+01
   endloop
 endfacet
 facet normal -9.923874e-01 -1.231552e-01 -0.000000e+00
   outer loop
     vertex -1.228207e+02 -7.769913e+01  1.400000e+01
     vertex -1.228207e+02 -7.769913e+01  0.000000e+00
     vertex -1.228132e+02 -7.775903e+01  0.000000e+00
   endloop
 endfacet
 facet normal -9.923874e-01 -1.231552e-01  0.000000e+00
   outer loop
     vertex -1.228207e+02 -7.769913e+01  1.400000e+01
     vertex -1.228132e+02 -7.775903e+01  0.000000e+00
     vertex -1.228132e+02 -7.775903e+01  1.400000e+01
   endloop
 endfacet
 facet normal -9.886353e-01 -1.503341e-01 -0.000000e+00
   outer loop
     vertex -1.228297e+02 -7.763946e+01  1.400000e+01
     vertex -1.228297e+02 -7.763946e+01  0.000000e+00
     vertex -1.228207e+02 -7.769913e+01  0.000000e+00
   endloop
 endfacet
 facet normal -9.886353e-01 -1.503341e-01  0.000000e+00
   outer loop
     vertex -1.228297e+02 -7.763946e+01  1.400000e+01
     vertex -1.228207e+02 -7.769913e+01  0.000000e+00
     vertex -1.228207e+02 -7.769913e+01  1.400000e+01
   endloop
 endfacet
 facet normal -9.841389e-01 -1.773998e-01 -0.000000e+00
   outer loop
     vertex -1.228405e+02 -7.758006e+01  1.400000e+01
     vertex -1.228405e+02 -7.758006e+01  0.000000e+00
     vertex -1.228297e+02 -7.763946e+01  0.000000e+00
   endloop
 endfacet
 facet normal -9.841389e-01 -1.773998e-01  0.000000e+00
   outer loop
     vertex -1.228405e+02 -7.758006e+01  1.400000e+01
     vertex -1.228297e+02 -7.763946e+01  0.000000e+00
     vertex -1.228297e+02 -7.763946e+01  1.400000e+01
   endloop
 endfacet
 facet normal -9.789017e-01 -2.043319e-01 -0.000000e+00
   outer loop
     vertex -1.228528e+02 -7.752097e+01  1.400000e+01
     vertex -1.228528e+02 -7.752097e+01  0.000000e+00
     vertex -1.228405e+02 -7.758006e+01  0.000000e+00
   endloop
 endfacet
 facet normal -9.789017e-01 -2.043319e-01  0.000000e+00
   outer loop
     vertex -1.228528e+02 -7.752097e+01  1.400000e+01
     vertex -1.228405e+02 -7.758006e+01  0.000000e+00
     vertex -1.228405e+02 -7.758006e+01  1.400000e+01
   endloop
 endfacet
 facet normal -9.729276e-01 -2.311102e-01 -0.000000e+00
   outer loop
     vertex -1.228667e+02 -7.746224e+01  1.400000e+01
     vertex -1.228667e+02 -7.746224e+01  0.000000e+00
     vertex -1.228528e+02 -7.752097e+01  0.000000e+00
   endloop
 endfacet
 facet normal -9.729276e-01 -2.311102e-01  0.000000e+00
   outer loop
     vertex -1.228667e+02 -7.746224e+01  1.400000e+01
     vertex -1.228528e+02 -7.752097e+01  0.000000e+00
     vertex -1.228528e+02 -7.752097e+01  1.400000e+01
   endloop
 endfacet
 facet normal -9.662211e-01 -2.577146e-01  0.000000e+00
   outer loop
     vertex -1.228823e+02 -7.740392e+01  1.400000e+01
     vertex -1.228667e+02 -7.746224e+01  0.000000e+00
     vertex -1.228667e+02 -7.746224e+01  1.400000e+01
   endloop
 endfacet
 facet normal -9.662211e-01 -2.577146e-01 -0.000000e+00
   outer loop
     vertex -1.228823e+02 -7.740392e+01  1.400000e+01
     vertex -1.228823e+02 -7.740392e+01  0.000000e+00
     vertex -1.228667e+02 -7.746224e+01  0.000000e+00
   endloop
 endfacet
 facet normal -9.587873e-01 -2.841250e-01 -0.000000e+00
   outer loop
     vertex -1.228823e+02 -7.740392e+01  1.400000e+01
     vertex -1.228994e+02 -7.734605e+01  0.000000e+00
     vertex -1.228823e+02 -7.740392e+01  0.000000e+00
   endloop
 endfacet
 facet normal -9.587873e-01 -2.841250e-01 -0.000000e+00
   outer loop
     vertex -1.228994e+02 -7.734605e+01  1.400000e+01
     vertex -1.228994e+02 -7.734605e+01  0.000000e+00
     vertex -1.228823e+02 -7.740392e+01  1.400000e+01
   endloop
 endfacet
 facet normal -9.506317e-01 -3.103214e-01  0.000000e+00
   outer loop
     vertex -1.229182e+02 -7.728867e+01  1.400000e+01
     vertex -1.228994e+02 -7.734605e+01  0.000000e+00
     vertex -1.228994e+02 -7.734605e+01  1.400000e+01
   endloop
 endfacet
 facet normal -9.506317e-01 -3.103214e-01 -0.000000e+00
   outer loop
     vertex -1.229182e+02 -7.728867e+01  1.400000e+01
     vertex -1.229182e+02 -7.728867e+01  0.000000e+00
     vertex -1.228994e+02 -7.734605e+01  0.000000e+00
   endloop
 endfacet
 facet normal -9.417605e-01 -3.362843e-01 -0.000000e+00
   outer loop
     vertex -1.229182e+02 -7.728867e+01  1.400000e+01
     vertex -1.229385e+02 -7.723182e+01  0.000000e+00
     vertex -1.229182e+02 -7.728867e+01  0.000000e+00
   endloop
 endfacet
 facet normal -9.417605e-01 -3.362843e-01 -0.000000e+00
   outer loop
     vertex -1.229385e+02 -7.723182e+01  1.400000e+01
     vertex -1.229385e+02 -7.723182e+01  0.000000e+00
     vertex -1.229182e+02 -7.728867e+01  1.400000e+01
   endloop
 endfacet
 facet normal -9.321804e-01 -3.619940e-01  0.000000e+00
   outer loop
     vertex -1.229603e+02 -7.717555e+01  1.400000e+01
     vertex -1.229385e+02 -7.723182e+01  0.000000e+00
     vertex -1.229385e+02 -7.723182e+01  1.400000e+01
   endloop
 endfacet
 facet normal -9.321804e-01 -3.619940e-01 -0.000000e+00
   outer loop
     vertex -1.229603e+02 -7.717555e+01  1.400000e+01
     vertex -1.229603e+02 -7.717555e+01  0.000000e+00
     vertex -1.229385e+02 -7.723182e+01  0.000000e+00
   endloop
 endfacet
 facet normal -9.218986e-01 -3.874313e-01  0.000000e+00
   outer loop
     vertex -1.229837e+02 -7.711991e+01  1.400000e+01
     vertex -1.229603e+02 -7.717555e+01  0.000000e+00
     vertex -1.229603e+02 -7.717555e+01  1.400000e+01
   endloop
 endfacet
 facet normal -9.218986e-01 -3.874313e-01 -0.000000e+00
   outer loop
     vertex -1.229837e+02 -7.711991e+01  1.400000e+01
     vertex -1.229837e+02 -7.711991e+01  0.000000e+00
     vertex -1.229603e+02 -7.717555e+01  0.000000e+00
   endloop
 endfacet
 facet normal -9.109228e-01 -4.125769e-01  0.000000e+00
   outer loop
     vertex -1.230086e+02 -7.706492e+01  1.400000e+01
     vertex -1.229837e+02 -7.711991e+01  0.000000e+00
     vertex -1.229837e+02 -7.711991e+01  1.400000e+01
   endloop
 endfacet
 facet normal -9.109228e-01 -4.125769e-01 -0.000000e+00
   outer loop
     vertex -1.230086e+02 -7.706492e+01  1.400000e+01
     vertex -1.230086e+02 -7.706492e+01  0.000000e+00
     vertex -1.229837e+02 -7.711991e+01  0.000000e+00
   endloop
 endfacet
 facet normal -8.992613e-01 -4.374119e-01 -0.000000e+00
   outer loop
     vertex -1.230086e+02 -7.706492e+01  1.400000e+01
     vertex -1.230350e+02 -7.701064e+01  0.000000e+00
     vertex -1.230086e+02 -7.706492e+01  0.000000e+00
   endloop
 endfacet
 facet normal -8.992613e-01 -4.374119e-01 -0.000000e+00
   outer loop
     vertex -1.230350e+02 -7.701064e+01  1.400000e+01
     vertex -1.230350e+02 -7.701064e+01  0.000000e+00
     vertex -1.230086e+02 -7.706492e+01  1.400000e+01
   endloop
 endfacet
 facet normal -8.869228e-01 -4.619176e-01 -0.000000e+00
   outer loop
     vertex -1.230350e+02 -7.701064e+01  1.400000e+01
     vertex -1.230629e+02 -7.695711e+01  0.000000e+00
     vertex -1.230350e+02 -7.701064e+01  0.000000e+00
   endloop
 endfacet
 facet normal -8.869228e-01 -4.619176e-01 -0.000000e+00
   outer loop
     vertex -1.230629e+02 -7.695711e+01  1.400000e+01
     vertex -1.230629e+02 -7.695711e+01  0.000000e+00
     vertex -1.230350e+02 -7.701064e+01  1.400000e+01
   endloop
 endfacet
 facet normal -8.739167e-01 -4.860756e-01  0.000000e+00
   outer loop
     vertex -1.230922e+02 -7.690436e+01  1.400000e+01
     vertex -1.230629e+02 -7.695711e+01  0.000000e+00
     vertex -1.230629e+02 -7.695711e+01  1.400000e+01
   endloop
 endfacet
 facet normal -8.739167e-01 -4.860756e-01 -0.000000e+00
   outer loop
     vertex -1.230922e+02 -7.690436e+01  1.400000e+01
     vertex -1.230922e+02 -7.690436e+01  0.000000e+00
     vertex -1.230629e+02 -7.695711e+01  0.000000e+00
   endloop
 endfacet
 facet normal -8.602528e-01 -5.098678e-01  0.000000e+00
   outer loop
     vertex -1.231230e+02 -7.685243e+01  1.400000e+01
     vertex -1.230922e+02 -7.690436e+01  0.000000e+00
     vertex -1.230922e+02 -7.690436e+01  1.400000e+01
   endloop
 endfacet
 facet normal -8.602528e-01 -5.098678e-01 -0.000000e+00
   outer loop
     vertex -1.231230e+02 -7.685243e+01  1.400000e+01
     vertex -1.231230e+02 -7.685243e+01  0.000000e+00
     vertex -1.230922e+02 -7.690436e+01  0.000000e+00
   endloop
 endfacet
 facet normal -8.459413e-01 -5.332761e-01  0.000000e+00
   outer loop
     vertex -1.231552e+02 -7.680137e+01  1.400000e+01
     vertex -1.231230e+02 -7.685243e+01  0.000000e+00
     vertex -1.231230e+02 -7.685243e+01  1.400000e+01
   endloop
 endfacet
 facet normal -8.459413e-01 -5.332761e-01 -0.000000e+00
   outer loop
     vertex -1.231552e+02 -7.680137e+01  1.400000e+01
     vertex -1.231552e+02 -7.680137e+01  0.000000e+00
     vertex -1.231230e+02 -7.685243e+01  0.000000e+00
   endloop
 endfacet
 facet normal -8.309929e-01 -5.562829e-01 -0.000000e+00
   outer loop
     vertex -1.231888e+02 -7.675121e+01  1.400000e+01
     vertex -1.231888e+02 -7.675121e+01  0.000000e+00
     vertex -1.231552e+02 -7.680137e+01  0.000000e+00
   endloop
 endfacet
 facet normal -8.309929e-01 -5.562829e-01  0.000000e+00
   outer loop
     vertex -1.231888e+02 -7.675121e+01  1.400000e+01
     vertex -1.231552e+02 -7.680137e+01  0.000000e+00
     vertex -1.231552e+02 -7.680137e+01  1.400000e+01
   endloop
 endfacet
 facet normal -8.154191e-01 -5.788711e-01 -0.000000e+00
   outer loop
     vertex -1.232237e+02 -7.670199e+01  1.400000e+01
     vertex -1.232237e+02 -7.670199e+01  0.000000e+00
     vertex -1.231888e+02 -7.675121e+01  0.000000e+00
   endloop
 endfacet
 facet normal -8.154191e-01 -5.788711e-01  0.000000e+00
   outer loop
     vertex -1.232237e+02 -7.670199e+01  1.400000e+01
     vertex -1.231888e+02 -7.675121e+01  0.000000e+00
     vertex -1.231888e+02 -7.675121e+01  1.400000e+01
   endloop
 endfacet
 facet normal -7.992314e-01 -6.010234e-01 -0.000000e+00
   outer loop
     vertex -1.232600e+02 -7.665375e+01  1.400000e+01
     vertex -1.232600e+02 -7.665375e+01  0.000000e+00
     vertex -1.232237e+02 -7.670199e+01  0.000000e+00
   endloop
 endfacet
 facet normal -7.992314e-01 -6.010234e-01  0.000000e+00
   outer loop
     vertex -1.232600e+02 -7.665375e+01  1.400000e+01
     vertex -1.232237e+02 -7.670199e+01  0.000000e+00
     vertex -1.232237e+02 -7.670199e+01  1.400000e+01
   endloop
 endfacet
 facet normal -7.824421e-01 -6.227234e-01 -0.000000e+00
   outer loop
     vertex -1.232976e+02 -7.660652e+01  1.400000e+01
     vertex -1.232976e+02 -7.660652e+01  0.000000e+00
     vertex -1.232600e+02 -7.665375e+01  0.000000e+00
   endloop
 endfacet
 facet normal -7.824421e-01 -6.227234e-01  0.000000e+00
   outer loop
     vertex -1.232976e+02 -7.660652e+01  1.400000e+01
     vertex -1.232600e+02 -7.665375e+01  0.000000e+00
     vertex -1.232600e+02 -7.665375e+01  1.400000e+01
   endloop
 endfacet
 facet normal -7.650637e-01 -6.439545e-01 -0.000000e+00
   outer loop
     vertex -1.233365e+02 -7.656034e+01  1.400000e+01
     vertex -1.233365e+02 -7.656034e+01  0.000000e+00
     vertex -1.232976e+02 -7.660652e+01  0.000000e+00
   endloop
 endfacet
 facet normal -7.650637e-01 -6.439545e-01  0.000000e+00
   outer loop
     vertex -1.233365e+02 -7.656034e+01  1.400000e+01
     vertex -1.232976e+02 -7.660652e+01  0.000000e+00
     vertex -1.232976e+02 -7.660652e+01  1.400000e+01
   endloop
 endfacet
 facet normal -7.471095e-01 -6.647010e-01 -0.000000e+00
   outer loop
     vertex -1.233766e+02 -7.651525e+01  1.400000e+01
     vertex -1.233766e+02 -7.651525e+01  0.000000e+00
     vertex -1.233365e+02 -7.656034e+01  0.000000e+00
   endloop
 endfacet
 facet normal -7.471095e-01 -6.647010e-01  0.000000e+00
   outer loop
     vertex -1.233766e+02 -7.651525e+01  1.400000e+01
     vertex -1.233365e+02 -7.656034e+01  0.000000e+00
     vertex -1.233365e+02 -7.656034e+01  1.400000e+01
   endloop
 endfacet
 facet normal -7.285929e-01 -6.849470e-01 -0.000000e+00
   outer loop
     vertex -1.234179e+02 -7.647127e+01  1.400000e+01
     vertex -1.234179e+02 -7.647127e+01  0.000000e+00
     vertex -1.233766e+02 -7.651525e+01  0.000000e+00
   endloop
 endfacet
 facet normal -7.285929e-01 -6.849470e-01  0.000000e+00
   outer loop
     vertex -1.234179e+02 -7.647127e+01  1.400000e+01
     vertex -1.233766e+02 -7.651525e+01  0.000000e+00
     vertex -1.233766e+02 -7.651525e+01  1.400000e+01
   endloop
 endfacet
 facet normal -7.095278e-01 -7.046775e-01 -0.000000e+00
   outer loop
     vertex -1.234605e+02 -7.642844e+01  1.400000e+01
     vertex -1.234605e+02 -7.642844e+01  0.000000e+00
     vertex -1.234179e+02 -7.647127e+01  0.000000e+00
   endloop
 endfacet
 facet normal -7.095278e-01 -7.046775e-01  0.000000e+00
   outer loop
     vertex -1.234605e+02 -7.642844e+01  1.400000e+01
     vertex -1.234179e+02 -7.647127e+01  0.000000e+00
     vertex -1.234179e+02 -7.647127e+01  1.400000e+01
   endloop
 endfacet
 facet normal -6.899286e-01 -7.238775e-01 -0.000000e+00
   outer loop
     vertex -1.235041e+02 -7.638680e+01  1.400000e+01
     vertex -1.235041e+02 -7.638680e+01  0.000000e+00
     vertex -1.234605e+02 -7.642844e+01  0.000000e+00
   endloop
 endfacet
 facet normal -6.899286e-01 -7.238775e-01  0.000000e+00
   outer loop
     vertex -1.235041e+02 -7.638680e+01  1.400000e+01
     vertex -1.234605e+02 -7.642844e+01  0.000000e+00
     vertex -1.234605e+02 -7.642844e+01  1.400000e+01
   endloop
 endfacet
 facet normal -6.698100e-01 -7.425325e-01 -0.000000e+00
   outer loop
     vertex -1.235490e+02 -7.634637e+01  1.400000e+01
     vertex -1.235490e+02 -7.634637e+01  0.000000e+00
     vertex -1.235041e+02 -7.638680e+01  0.000000e+00
   endloop
 endfacet
 facet normal -6.491872e-01 -7.606287e-01 -0.000000e+00
   outer loop
     vertex -1.235490e+02 -7.634637e+01  1.400000e+01
     vertex -1.235949e+02 -7.630718e+01  0.000000e+00
     vertex -1.235490e+02 -7.634637e+01  0.000000e+00
   endloop
 endfacet
 facet normal -6.698100e-01 -7.425325e-01  0.000000e+00
   outer loop
     vertex -1.235490e+02 -7.634637e+01  1.400000e+01
     vertex -1.235041e+02 -7.638680e+01  0.000000e+00
     vertex -1.235041e+02 -7.638680e+01  1.400000e+01
   endloop
 endfacet
 facet normal -6.491872e-01 -7.606287e-01 -0.000000e+00
   outer loop
     vertex -1.235949e+02 -7.630718e+01  1.400000e+01
     vertex -1.235949e+02 -7.630718e+01  0.000000e+00
     vertex -1.235490e+02 -7.634637e+01  1.400000e+01
   endloop
 endfacet
 facet normal -6.280757e-01 -7.781522e-01 -0.000000e+00
   outer loop
     vertex -1.236418e+02 -7.626927e+01  1.400000e+01
     vertex -1.236418e+02 -7.626927e+01  0.000000e+00
     vertex -1.235949e+02 -7.630718e+01  0.000000e+00
   endloop
 endfacet
 facet normal -6.064915e-01 -7.950900e-01 -0.000000e+00
   outer loop
     vertex -1.236418e+02 -7.626927e+01  1.400000e+01
     vertex -1.236898e+02 -7.623266e+01  0.000000e+00
     vertex -1.236418e+02 -7.626927e+01  0.000000e+00
   endloop
 endfacet
 facet normal -6.280757e-01 -7.781522e-01  0.000000e+00
   outer loop
     vertex -1.236418e+02 -7.626927e+01  1.400000e+01
     vertex -1.235949e+02 -7.630718e+01  0.000000e+00
     vertex -1.235949e+02 -7.630718e+01  1.400000e+01
   endloop
 endfacet
 facet normal -6.064915e-01 -7.950900e-01 -0.000000e+00
   outer loop
     vertex -1.236898e+02 -7.623266e+01  1.400000e+01
     vertex -1.236898e+02 -7.623266e+01  0.000000e+00
     vertex -1.236418e+02 -7.626927e+01  1.400000e+01
   endloop
 endfacet
 facet normal -5.844507e-01 -8.114292e-01  0.000000e+00
   outer loop
     vertex -1.237388e+02 -7.619738e+01  1.400000e+01
     vertex -1.236898e+02 -7.623266e+01  0.000000e+00
     vertex -1.236898e+02 -7.623266e+01  1.400000e+01
   endloop
 endfacet
 facet normal -5.844507e-01 -8.114292e-01 -0.000000e+00
   outer loop
     vertex -1.237388e+02 -7.619738e+01  1.400000e+01
     vertex -1.237388e+02 -7.619738e+01  0.000000e+00
     vertex -1.236898e+02 -7.623266e+01  0.000000e+00
   endloop
 endfacet
 facet normal -5.619699e-01 -8.271577e-01 -0.000000e+00
   outer loop
     vertex -1.237887e+02 -7.616346e+01  1.400000e+01
     vertex -1.237887e+02 -7.616346e+01  0.000000e+00
     vertex -1.237388e+02 -7.619738e+01  0.000000e+00
   endloop
 endfacet
 facet normal -5.390661e-01 -8.422635e-01 -0.000000e+00
   outer loop
     vertex -1.237887e+02 -7.616346e+01  1.400000e+01
     vertex -1.238396e+02 -7.613093e+01  0.000000e+00
     vertex -1.237887e+02 -7.616346e+01  0.000000e+00
   endloop
 endfacet
 facet normal -5.619699e-01 -8.271577e-01  0.000000e+00
   outer loop
     vertex -1.237887e+02 -7.616346e+01  1.400000e+01
     vertex -1.237388e+02 -7.619738e+01  0.000000e+00
     vertex -1.237388e+02 -7.619738e+01  1.400000e+01
   endloop
 endfacet
 facet normal -5.390661e-01 -8.422635e-01 -0.000000e+00
   outer loop
     vertex -1.238396e+02 -7.613093e+01  1.400000e+01
     vertex -1.238396e+02 -7.613093e+01  0.000000e+00
     vertex -1.237887e+02 -7.616346e+01  1.400000e+01
   endloop
 endfacet
 facet normal -5.157565e-01 -8.567352e-01  0.000000e+00
   outer loop
     vertex -1.238913e+02 -7.609979e+01  1.400000e+01
     vertex -1.238396e+02 -7.613093e+01  0.000000e+00
     vertex -1.238396e+02 -7.613093e+01  1.400000e+01
   endloop
 endfacet
 facet normal -5.157565e-01 -8.567352e-01 -0.000000e+00
   outer loop
     vertex -1.238913e+02 -7.609979e+01  1.400000e+01
     vertex -1.238913e+02 -7.609979e+01  0.000000e+00
     vertex -1.238396e+02 -7.613093e+01  0.000000e+00
   endloop
 endfacet
 facet normal -4.920587e-01 -8.705620e-01  0.000000e+00
   outer loop
     vertex -1.239438e+02 -7.607009e+01  1.400000e+01
     vertex -1.238913e+02 -7.609979e+01  0.000000e+00
     vertex -1.238913e+02 -7.609979e+01  1.400000e+01
   endloop
 endfacet
 facet normal -4.920587e-01 -8.705620e-01 -0.000000e+00
   outer loop
     vertex -1.239438e+02 -7.607009e+01  1.400000e+01
     vertex -1.239438e+02 -7.607009e+01  0.000000e+00
     vertex -1.238913e+02 -7.609979e+01  0.000000e+00
   endloop
 endfacet
 facet normal -4.679904e-01 -8.837335e-01 -0.000000e+00
   outer loop
     vertex -1.239438e+02 -7.607009e+01  1.400000e+01
     vertex -1.239972e+02 -7.604185e+01  0.000000e+00
     vertex -1.239438e+02 -7.607009e+01  0.000000e+00
   endloop
 endfacet
 facet normal -4.679904e-01 -8.837335e-01 -0.000000e+00
   outer loop
     vertex -1.239972e+02 -7.604185e+01  1.400000e+01
     vertex -1.239972e+02 -7.604185e+01  0.000000e+00
     vertex -1.239438e+02 -7.607009e+01  1.400000e+01
   endloop
 endfacet
 facet normal -4.435699e-01 -8.962398e-01  0.000000e+00
   outer loop
     vertex -1.240513e+02 -7.601507e+01  1.400000e+01
     vertex -1.239972e+02 -7.604185e+01  0.000000e+00
     vertex -1.239972e+02 -7.604185e+01  1.400000e+01
   endloop
 endfacet
 facet normal -4.435699e-01 -8.962398e-01 -0.000000e+00
   outer loop
     vertex -1.240513e+02 -7.601507e+01  1.400000e+01
     vertex -1.240513e+02 -7.601507e+01  0.000000e+00
     vertex -1.239972e+02 -7.604185e+01  0.000000e+00
   endloop
 endfacet
 facet normal -4.188155e-01 -9.080714e-01 -0.000000e+00
   outer loop
     vertex -1.240513e+02 -7.601507e+01  1.400000e+01
     vertex -1.241061e+02 -7.598979e+01  0.000000e+00
     vertex -1.240513e+02 -7.601507e+01  0.000000e+00
   endloop
 endfacet
 facet normal -4.188155e-01 -9.080714e-01 -0.000000e+00
   outer loop
     vertex -1.241061e+02 -7.598979e+01  1.400000e+01
     vertex -1.241061e+02 -7.598979e+01  0.000000e+00
     vertex -1.240513e+02 -7.601507e+01  1.400000e+01
   endloop
 endfacet
 facet normal -3.937458e-01 -9.192194e-01  0.000000e+00
   outer loop
     vertex -1.241616e+02 -7.596602e+01  1.400000e+01
     vertex -1.241061e+02 -7.598979e+01  0.000000e+00
     vertex -1.241061e+02 -7.598979e+01  1.400000e+01
   endloop
 endfacet
 facet normal -3.937458e-01 -9.192194e-01 -0.000000e+00
   outer loop
     vertex -1.241616e+02 -7.596602e+01  1.400000e+01
     vertex -1.241616e+02 -7.596602e+01  0.000000e+00
     vertex -1.241061e+02 -7.598979e+01  0.000000e+00
   endloop
 endfacet
 facet normal -3.683796e-01 -9.296754e-01 -0.000000e+00
   outer loop
     vertex -1.241616e+02 -7.596602e+01  1.400000e+01
     vertex -1.242177e+02 -7.594379e+01  0.000000e+00
     vertex -1.241616e+02 -7.596602e+01  0.000000e+00
   endloop
 endfacet
 facet normal -3.683796e-01 -9.296754e-01 -0.000000e+00
   outer loop
     vertex -1.242177e+02 -7.594379e+01  1.400000e+01
     vertex -1.242177e+02 -7.594379e+01  0.000000e+00
     vertex -1.241616e+02 -7.596602e+01  1.400000e+01
   endloop
 endfacet
 facet normal -3.427362e-01 -9.394317e-01 -0.000000e+00
   outer loop
     vertex -1.242177e+02 -7.594379e+01  1.400000e+01
     vertex -1.242744e+02 -7.592310e+01  0.000000e+00
     vertex -1.242177e+02 -7.594379e+01  0.000000e+00
   endloop
 endfacet
 facet normal -3.427362e-01 -9.394317e-01 -0.000000e+00
   outer loop
     vertex -1.242744e+02 -7.592310e+01  1.400000e+01
     vertex -1.242744e+02 -7.592310e+01  0.000000e+00
     vertex -1.242177e+02 -7.594379e+01  1.400000e+01
   endloop
 endfacet
 facet normal -3.168348e-01 -9.484807e-01  0.000000e+00
   outer loop
     vertex -1.243317e+02 -7.590398e+01  1.400000e+01
     vertex -1.242744e+02 -7.592310e+01  0.000000e+00
     vertex -1.242744e+02 -7.592310e+01  1.400000e+01
   endloop
 endfacet
 facet normal -3.168348e-01 -9.484807e-01 -0.000000e+00
   outer loop
     vertex -1.243317e+02 -7.590398e+01  1.400000e+01
     vertex -1.243317e+02 -7.590398e+01  0.000000e+00
     vertex -1.242744e+02 -7.592310e+01  0.000000e+00
   endloop
 endfacet
 facet normal -2.906949e-01 -9.568158e-01 -0.000000e+00
   outer loop
     vertex -1.243317e+02 -7.590398e+01  1.400000e+01
     vertex -1.243894e+02 -7.588643e+01  0.000000e+00
     vertex -1.243317e+02 -7.590398e+01  0.000000e+00
   endloop
 endfacet
 facet normal -2.906949e-01 -9.568158e-01 -0.000000e+00
   outer loop
     vertex -1.243894e+02 -7.588643e+01  1.400000e+01
     vertex -1.243894e+02 -7.588643e+01  0.000000e+00
     vertex -1.243317e+02 -7.590398e+01  1.400000e+01
   endloop
 endfacet
 facet normal -2.643362e-01 -9.644306e-01 -0.000000e+00
   outer loop
     vertex -1.243894e+02 -7.588643e+01  1.400000e+01
     vertex -1.244476e+02 -7.587047e+01  0.000000e+00
     vertex -1.243894e+02 -7.588643e+01  0.000000e+00
   endloop
 endfacet
 facet normal -2.643362e-01 -9.644306e-01 -0.000000e+00
   outer loop
     vertex -1.244476e+02 -7.587047e+01  1.400000e+01
     vertex -1.244476e+02 -7.587047e+01  0.000000e+00
     vertex -1.243894e+02 -7.588643e+01  1.400000e+01
   endloop
 endfacet
 facet normal -2.377784e-01 -9.713194e-01  0.000000e+00
   outer loop
     vertex -1.245063e+02 -7.585612e+01  1.400000e+01
     vertex -1.244476e+02 -7.587047e+01  0.000000e+00
     vertex -1.244476e+02 -7.587047e+01  1.400000e+01
   endloop
 endfacet
 facet normal -2.377784e-01 -9.713194e-01 -0.000000e+00
   outer loop
     vertex -1.245063e+02 -7.585612e+01  1.400000e+01
     vertex -1.245063e+02 -7.585612e+01  0.000000e+00
     vertex -1.244476e+02 -7.587047e+01  0.000000e+00
   endloop
 endfacet
 facet normal -2.110417e-01 -9.774771e-01 -0.000000e+00
   outer loop
     vertex -1.245063e+02 -7.585612e+01  1.400000e+01
     vertex -1.245653e+02 -7.584338e+01  0.000000e+00
     vertex -1.245063e+02 -7.585612e+01  0.000000e+00
   endloop
 endfacet
 facet normal -2.110417e-01 -9.774771e-01 -0.000000e+00
   outer loop
     vertex -1.245653e+02 -7.584338e+01  1.400000e+01
     vertex -1.245653e+02 -7.584338e+01  0.000000e+00
     vertex -1.245063e+02 -7.585612e+01  1.400000e+01
   endloop
 endfacet
 facet normal -1.841461e-01 -9.828989e-01  0.000000e+00
   outer loop
     vertex -1.246246e+02 -7.583227e+01  1.400000e+01
     vertex -1.245653e+02 -7.584338e+01  0.000000e+00
     vertex -1.245653e+02 -7.584338e+01  1.400000e+01
   endloop
 endfacet
 facet normal -1.841461e-01 -9.828989e-01 -0.000000e+00
   outer loop
     vertex -1.246246e+02 -7.583227e+01  1.400000e+01
     vertex -1.246246e+02 -7.583227e+01  0.000000e+00
     vertex -1.245653e+02 -7.584338e+01  0.000000e+00
   endloop
 endfacet
 facet normal -1.571119e-01 -9.875808e-01 -0.000000e+00
   outer loop
     vertex -1.246246e+02 -7.583227e+01  1.400000e+01
     vertex -1.246842e+02 -7.582278e+01  0.000000e+00
     vertex -1.246246e+02 -7.583227e+01  0.000000e+00
   endloop
 endfacet
 facet normal -1.571119e-01 -9.875808e-01 -0.000000e+00
   outer loop
     vertex -1.246842e+02 -7.582278e+01  1.400000e+01
     vertex -1.246842e+02 -7.582278e+01  0.000000e+00
     vertex -1.246246e+02 -7.583227e+01  1.400000e+01
   endloop
 endfacet
 facet normal -1.299594e-01 -9.915193e-01 -0.000000e+00
   outer loop
     vertex -1.246842e+02 -7.582278e+01  1.400000e+01
     vertex -1.247440e+02 -7.581494e+01  0.000000e+00
     vertex -1.246842e+02 -7.582278e+01  0.000000e+00
   endloop
 endfacet
 facet normal -1.299594e-01 -9.915193e-01 -0.000000e+00
   outer loop
     vertex -1.247440e+02 -7.581494e+01  1.400000e+01
     vertex -1.247440e+02 -7.581494e+01  0.000000e+00
     vertex -1.246842e+02 -7.582278e+01  1.400000e+01
   endloop
 endfacet
 facet normal -1.027091e-01 -9.947114e-01  0.000000e+00
   outer loop
     vertex -1.248041e+02 -7.580874e+01  1.400000e+01
     vertex -1.247440e+02 -7.581494e+01  0.000000e+00
     vertex -1.247440e+02 -7.581494e+01  1.400000e+01
   endloop
 endfacet
 facet normal -1.027091e-01 -9.947114e-01 -0.000000e+00
   outer loop
     vertex -1.248041e+02 -7.580874e+01  1.400000e+01
     vertex -1.248041e+02 -7.580874e+01  0.000000e+00
     vertex -1.247440e+02 -7.581494e+01  0.000000e+00
   endloop
 endfacet
 facet normal -7.538152e-02 -9.971548e-01 -0.000000e+00
   outer loop
     vertex -1.248041e+02 -7.580874e+01  1.400000e+01
     vertex -1.248643e+02 -7.580419e+01  0.000000e+00
     vertex -1.248041e+02 -7.580874e+01  0.000000e+00
   endloop
 endfacet
 facet normal -7.538152e-02 -9.971548e-01 -0.000000e+00
   outer loop
     vertex -1.248643e+02 -7.580419e+01  1.400000e+01
     vertex -1.248643e+02 -7.580419e+01  0.000000e+00
     vertex -1.248041e+02 -7.580874e+01  1.400000e+01
   endloop
 endfacet
 facet normal -4.799716e-02 -9.988475e-01  0.000000e+00
   outer loop
     vertex -1.249246e+02 -7.580129e+01  1.400000e+01
     vertex -1.248643e+02 -7.580419e+01  0.000000e+00
     vertex -1.248643e+02 -7.580419e+01  1.400000e+01
   endloop
 endfacet
 facet normal -4.799716e-02 -9.988475e-01 -0.000000e+00
   outer loop
     vertex -1.249246e+02 -7.580129e+01  1.400000e+01
     vertex -1.249246e+02 -7.580129e+01  0.000000e+00
     vertex -1.248643e+02 -7.580419e+01  0.000000e+00
   endloop
 endfacet
 facet normal -2.057667e-02 -9.997883e-01 -0.000000e+00
   outer loop
     vertex -1.249849e+02 -7.580005e+01  1.400000e+01
     vertex -1.249849e+02 -7.580005e+01  0.000000e+00
     vertex -1.249246e+02 -7.580129e+01  0.000000e+00
   endloop
 endfacet
 facet normal -2.057667e-02 -9.997883e-01  0.000000e+00
   outer loop
     vertex -1.249849e+02 -7.580005e+01  1.400000e+01
     vertex -1.249246e+02 -7.580129e+01  0.000000e+00
     vertex -1.249246e+02 -7.580129e+01  1.400000e+01
   endloop
 endfacet
 facet normal  6.859319e-03 -9.999765e-01  0.000000e+00
   outer loop
     vertex -1.250453e+02 -7.580047e+01  1.400000e+01
     vertex -1.250453e+02 -7.580047e+01  0.000000e+00
     vertex -1.249849e+02 -7.580005e+01  0.000000e+00
   endloop
 endfacet
 facet normal  6.859319e-03 -9.999765e-01  0.000000e+00
   outer loop
     vertex -1.250453e+02 -7.580047e+01  1.400000e+01
     vertex -1.249849e+02 -7.580005e+01  0.000000e+00
     vertex -1.249849e+02 -7.580005e+01  1.400000e+01
   endloop
 endfacet
 facet normal  3.429014e-02 -9.994119e-01  0.000000e+00
   outer loop
     vertex -1.251056e+02 -7.580254e+01  1.400000e+01
     vertex -1.251056e+02 -7.580254e+01  0.000000e+00
     vertex -1.250453e+02 -7.580047e+01  0.000000e+00
   endloop
 endfacet
 facet normal  3.429014e-02 -9.994119e-01  0.000000e+00
   outer loop
     vertex -1.251056e+02 -7.580254e+01  1.400000e+01
     vertex -1.250453e+02 -7.580047e+01  0.000000e+00
     vertex -1.250453e+02 -7.580047e+01  1.400000e+01
   endloop
 endfacet
 facet normal  6.169515e-02 -9.980950e-01  0.000000e+00
   outer loop
     vertex -1.251658e+02 -7.580626e+01  1.400000e+01
     vertex -1.251658e+02 -7.580626e+01  0.000000e+00
     vertex -1.251056e+02 -7.580254e+01  0.000000e+00
   endloop
 endfacet
 facet normal  6.169515e-02 -9.980950e-01  0.000000e+00
   outer loop
     vertex -1.251658e+02 -7.580626e+01  1.400000e+01
     vertex -1.251056e+02 -7.580254e+01  0.000000e+00
     vertex -1.251056e+02 -7.580254e+01  1.400000e+01
   endloop
 endfacet
 facet normal  8.905371e-02 -9.960268e-01  0.000000e+00
   outer loop
     vertex -1.252260e+02 -7.581163e+01  1.400000e+01
     vertex -1.251658e+02 -7.580626e+01  0.000000e+00
     vertex -1.251658e+02 -7.580626e+01  1.400000e+01
   endloop
 endfacet
 facet normal  8.905371e-02 -9.960268e-01  0.000000e+00
   outer loop
     vertex -1.252260e+02 -7.581163e+01  1.400000e+01
     vertex -1.252260e+02 -7.581163e+01  0.000000e+00
     vertex -1.251658e+02 -7.580626e+01  0.000000e+00
   endloop
 endfacet
 facet normal  1.163452e-01 -9.932088e-01  0.000000e+00
   outer loop
     vertex -1.252859e+02 -7.581866e+01  1.400000e+01
     vertex -1.252260e+02 -7.581163e+01  0.000000e+00
     vertex -1.252260e+02 -7.581163e+01  1.400000e+01
   endloop
 endfacet
 facet normal  1.163452e-01 -9.932088e-01  0.000000e+00
   outer loop
     vertex -1.252859e+02 -7.581866e+01  1.400000e+01
     vertex -1.252859e+02 -7.581866e+01  0.000000e+00
     vertex -1.252260e+02 -7.581163e+01  0.000000e+00
   endloop
 endfacet
 facet normal  1.435492e-01 -9.896432e-01  0.000000e+00
   outer loop
     vertex -1.253456e+02 -7.582732e+01  1.400000e+01
     vertex -1.252859e+02 -7.581866e+01  0.000000e+00
     vertex -1.252859e+02 -7.581866e+01  1.400000e+01
   endloop
 endfacet
 facet normal  1.435492e-01 -9.896432e-01  0.000000e+00
   outer loop
     vertex -1.253456e+02 -7.582732e+01  1.400000e+01
     vertex -1.253456e+02 -7.582732e+01  0.000000e+00
     vertex -1.252859e+02 -7.581866e+01  0.000000e+00
   endloop
 endfacet
 facet normal  1.706451e-01 -9.853326e-01  0.000000e+00
   outer loop
     vertex -1.254051e+02 -7.583762e+01  1.400000e+01
     vertex -1.253456e+02 -7.582732e+01  0.000000e+00
     vertex -1.253456e+02 -7.582732e+01  1.400000e+01
   endloop
 endfacet
 facet normal  1.706451e-01 -9.853326e-01  0.000000e+00
   outer loop
     vertex -1.254051e+02 -7.583762e+01  1.400000e+01
     vertex -1.254051e+02 -7.583762e+01  0.000000e+00
     vertex -1.253456e+02 -7.582732e+01  0.000000e+00
   endloop
 endfacet
 facet normal  1.976125e-01 -9.802802e-01  0.000000e+00
   outer loop
     vertex -1.254051e+02 -7.583762e+01  1.400000e+01
     vertex -1.254643e+02 -7.584955e+01  0.000000e+00
     vertex -1.254051e+02 -7.583762e+01  0.000000e+00
   endloop
 endfacet
 facet normal  1.976125e-01 -9.802802e-01  0.000000e+00
   outer loop
     vertex -1.254643e+02 -7.584955e+01  1.400000e+01
     vertex -1.254643e+02 -7.584955e+01  0.000000e+00
     vertex -1.254051e+02 -7.583762e+01  1.400000e+01
   endloop
 endfacet
 facet normal  2.244312e-01 -9.744899e-01  0.000000e+00
   outer loop
     vertex -1.255231e+02 -7.586310e+01  1.400000e+01
     vertex -1.254643e+02 -7.584955e+01  0.000000e+00
     vertex -1.254643e+02 -7.584955e+01  1.400000e+01
   endloop
 endfacet
 facet normal  2.244312e-01 -9.744899e-01  0.000000e+00
   outer loop
     vertex -1.255231e+02 -7.586310e+01  1.400000e+01
     vertex -1.255231e+02 -7.586310e+01  0.000000e+00
     vertex -1.254643e+02 -7.584955e+01  0.000000e+00
   endloop
 endfacet
 facet normal  2.510809e-01 -9.679661e-01  0.000000e+00
   outer loop
     vertex -1.255231e+02 -7.586310e+01  1.400000e+01
     vertex -1.255815e+02 -7.587825e+01  0.000000e+00
     vertex -1.255231e+02 -7.586310e+01  0.000000e+00
   endloop
 endfacet
 facet normal  2.510809e-01 -9.679661e-01  0.000000e+00
   outer loop
     vertex -1.255815e+02 -7.587825e+01  1.400000e+01
     vertex -1.255815e+02 -7.587825e+01  0.000000e+00
     vertex -1.255231e+02 -7.586310e+01  1.400000e+01
   endloop
 endfacet
 facet normal  2.775416e-01 -9.607136e-01  0.000000e+00
   outer loop
     vertex -1.255815e+02 -7.587825e+01  1.400000e+01
     vertex -1.256395e+02 -7.589501e+01  0.000000e+00
     vertex -1.255815e+02 -7.587825e+01  0.000000e+00
   endloop
 endfacet
 facet normal  2.775416e-01 -9.607136e-01  0.000000e+00
   outer loop
     vertex -1.256395e+02 -7.589501e+01  1.400000e+01
     vertex -1.256395e+02 -7.589501e+01  0.000000e+00
     vertex -1.255815e+02 -7.587825e+01  1.400000e+01
   endloop
 endfacet
 facet normal  3.037934e-01 -9.527379e-01  0.000000e+00
   outer loop
     vertex -1.256970e+02 -7.591334e+01  1.400000e+01
     vertex -1.256395e+02 -7.589501e+01  0.000000e+00
     vertex -1.256395e+02 -7.589501e+01  1.400000e+01
   endloop
 endfacet
 facet normal  3.037934e-01 -9.527379e-01  0.000000e+00
   outer loop
     vertex -1.256970e+02 -7.591334e+01  1.400000e+01
     vertex -1.256970e+02 -7.591334e+01  0.000000e+00
     vertex -1.256395e+02 -7.589501e+01  0.000000e+00
   endloop
 endfacet
 facet normal  3.298166e-01 -9.440450e-01  0.000000e+00
   outer loop
     vertex -1.256970e+02 -7.591334e+01  1.400000e+01
     vertex -1.257540e+02 -7.593325e+01  0.000000e+00
     vertex -1.256970e+02 -7.591334e+01  0.000000e+00
   endloop
 endfacet
 facet normal  3.298166e-01 -9.440450e-01  0.000000e+00
   outer loop
     vertex -1.257540e+02 -7.593325e+01  1.400000e+01
     vertex -1.257540e+02 -7.593325e+01  0.000000e+00
     vertex -1.256970e+02 -7.591334e+01  1.400000e+01
   endloop
 endfacet
 facet normal  3.555914e-01 -9.346415e-01  0.000000e+00
   outer loop
     vertex -1.258104e+02 -7.595471e+01  1.400000e+01
     vertex -1.257540e+02 -7.593325e+01  0.000000e+00
     vertex -1.257540e+02 -7.593325e+01  1.400000e+01
   endloop
 endfacet
 facet normal  3.555914e-01 -9.346415e-01  0.000000e+00
   outer loop
     vertex -1.258104e+02 -7.595471e+01  1.400000e+01
     vertex -1.258104e+02 -7.595471e+01  0.000000e+00
     vertex -1.257540e+02 -7.593325e+01  0.000000e+00
   endloop
 endfacet
 facet normal  3.810986e-01 -9.245344e-01  0.000000e+00
   outer loop
     vertex -1.258662e+02 -7.597772e+01  1.400000e+01
     vertex -1.258104e+02 -7.595471e+01  0.000000e+00
     vertex -1.258104e+02 -7.595471e+01  1.400000e+01
   endloop
 endfacet
 facet normal  3.810986e-01 -9.245344e-01  0.000000e+00
   outer loop
     vertex -1.258662e+02 -7.597772e+01  1.400000e+01
     vertex -1.258662e+02 -7.597772e+01  0.000000e+00
     vertex -1.258104e+02 -7.595471e+01  0.000000e+00
   endloop
 endfacet
 facet normal  4.063188e-01 -9.137314e-01  0.000000e+00
   outer loop
     vertex -1.259214e+02 -7.600224e+01  1.400000e+01
     vertex -1.259214e+02 -7.600224e+01  0.000000e+00
     vertex -1.258662e+02 -7.597772e+01  0.000000e+00
   endloop
 endfacet
 facet normal  4.063188e-01 -9.137314e-01  0.000000e+00
   outer loop
     vertex -1.259214e+02 -7.600224e+01  1.400000e+01
     vertex -1.258662e+02 -7.597772e+01  0.000000e+00
     vertex -1.258662e+02 -7.597772e+01  1.400000e+01
   endloop
 endfacet
 facet normal  4.312333e-01 -9.022405e-01  0.000000e+00
   outer loop
     vertex -1.259759e+02 -7.602827e+01  1.400000e+01
     vertex -1.259759e+02 -7.602827e+01  0.000000e+00
     vertex -1.259214e+02 -7.600224e+01  0.000000e+00
   endloop
 endfacet
 facet normal  4.312333e-01 -9.022405e-01  0.000000e+00
   outer loop
     vertex -1.259759e+02 -7.602827e+01  1.400000e+01
     vertex -1.259214e+02 -7.600224e+01  0.000000e+00
     vertex -1.259214e+02 -7.600224e+01  1.400000e+01
   endloop
 endfacet
 facet normal  4.558231e-01 -8.900704e-01  0.000000e+00
   outer loop
     vertex -1.260296e+02 -7.605579e+01  1.400000e+01
     vertex -1.260296e+02 -7.605579e+01  0.000000e+00
     vertex -1.259759e+02 -7.602827e+01  0.000000e+00
   endloop
 endfacet
 facet normal  4.558231e-01 -8.900704e-01  0.000000e+00
   outer loop
     vertex -1.260296e+02 -7.605579e+01  1.400000e+01
     vertex -1.259759e+02 -7.602827e+01  0.000000e+00
     vertex -1.259759e+02 -7.602827e+01  1.400000e+01
   endloop
 endfacet
 facet normal  4.800697e-01 -8.772303e-01  0.000000e+00
   outer loop
     vertex -1.260825e+02 -7.608476e+01  1.400000e+01
     vertex -1.260825e+02 -7.608476e+01  0.000000e+00
     vertex -1.260296e+02 -7.605579e+01  0.000000e+00
   endloop
 endfacet
 facet normal  4.800697e-01 -8.772303e-01  0.000000e+00
   outer loop
     vertex -1.260825e+02 -7.608476e+01  1.400000e+01
     vertex -1.260296e+02 -7.605579e+01  0.000000e+00
     vertex -1.260296e+02 -7.605579e+01  1.400000e+01
   endloop
 endfacet
 facet normal  5.039550e-01 -8.637299e-01  0.000000e+00
   outer loop
     vertex -1.261347e+02 -7.611518e+01  1.400000e+01
     vertex -1.261347e+02 -7.611518e+01  0.000000e+00
     vertex -1.260825e+02 -7.608476e+01  0.000000e+00
   endloop
 endfacet
 facet normal  5.274609e-01 -8.495793e-01  0.000000e+00
   outer loop
     vertex -1.261347e+02 -7.611518e+01  1.400000e+01
     vertex -1.261859e+02 -7.614702e+01  0.000000e+00
     vertex -1.261347e+02 -7.611518e+01  0.000000e+00
   endloop
 endfacet
 facet normal  5.039550e-01 -8.637299e-01  0.000000e+00
   outer loop
     vertex -1.261347e+02 -7.611518e+01  1.400000e+01
     vertex -1.260825e+02 -7.608476e+01  0.000000e+00
     vertex -1.260825e+02 -7.608476e+01  1.400000e+01
   endloop
 endfacet
 facet normal  5.274609e-01 -8.495793e-01  0.000000e+00
   outer loop
     vertex -1.261859e+02 -7.614702e+01  1.400000e+01
     vertex -1.261859e+02 -7.614702e+01  0.000000e+00
     vertex -1.261347e+02 -7.611518e+01  1.400000e+01
   endloop
 endfacet
 facet normal  5.505698e-01 -8.347891e-01  0.000000e+00
   outer loop
     vertex -1.262363e+02 -7.618025e+01  1.400000e+01
     vertex -1.262363e+02 -7.618025e+01  0.000000e+00
     vertex -1.261859e+02 -7.614702e+01  0.000000e+00
   endloop
 endfacet
 facet normal  5.732642e-01 -8.193706e-01  0.000000e+00
   outer loop
     vertex -1.262363e+02 -7.618025e+01  1.400000e+01
     vertex -1.262858e+02 -7.621486e+01  0.000000e+00
     vertex -1.262363e+02 -7.618025e+01  0.000000e+00
   endloop
 endfacet
 facet normal  5.505698e-01 -8.347891e-01  0.000000e+00
   outer loop
     vertex -1.262363e+02 -7.618025e+01  1.400000e+01
     vertex -1.261859e+02 -7.614702e+01  0.000000e+00
     vertex -1.261859e+02 -7.614702e+01  1.400000e+01
   endloop
 endfacet
 facet normal  5.955271e-01 -8.033352e-01  0.000000e+00
   outer loop
     vertex -1.262858e+02 -7.621486e+01  1.400000e+01
     vertex -1.263343e+02 -7.625080e+01  0.000000e+00
     vertex -1.262858e+02 -7.621486e+01  0.000000e+00
   endloop
 endfacet
 facet normal  5.732642e-01 -8.193706e-01  0.000000e+00
   outer loop
     vertex -1.262858e+02 -7.621486e+01  1.400000e+01
     vertex -1.262858e+02 -7.621486e+01  0.000000e+00
     vertex -1.262363e+02 -7.618025e+01  1.400000e+01
   endloop
 endfacet
 facet normal  5.955271e-01 -8.033352e-01  0.000000e+00
   outer loop
     vertex -1.263343e+02 -7.625080e+01  1.400000e+01
     vertex -1.263343e+02 -7.625080e+01  0.000000e+00
     vertex -1.262858e+02 -7.621486e+01  1.400000e+01
   endloop
 endfacet
 facet normal  6.173417e-01 -7.866951e-01  0.000000e+00
   outer loop
     vertex -1.263818e+02 -7.628807e+01  1.400000e+01
     vertex -1.263818e+02 -7.628807e+01  0.000000e+00
     vertex -1.263343e+02 -7.625080e+01  0.000000e+00
   endloop
 endfacet
 facet normal  6.173417e-01 -7.866951e-01  0.000000e+00
   outer loop
     vertex -1.263818e+02 -7.628807e+01  1.400000e+01
     vertex -1.263343e+02 -7.625080e+01  0.000000e+00
     vertex -1.263343e+02 -7.625080e+01  1.400000e+01
   endloop
 endfacet
 facet normal  6.386916e-01 -7.694628e-01  0.000000e+00
   outer loop
     vertex -1.264282e+02 -7.632662e+01  1.400000e+01
     vertex -1.264282e+02 -7.632662e+01  0.000000e+00
     vertex -1.263818e+02 -7.628807e+01  0.000000e+00
   endloop
 endfacet
 facet normal  6.595607e-01 -7.516513e-01  0.000000e+00
   outer loop
     vertex -1.264282e+02 -7.632662e+01  1.400000e+01
     vertex -1.264736e+02 -7.636643e+01  0.000000e+00
     vertex -1.264282e+02 -7.632662e+01  0.000000e+00
   endloop
 endfacet
 facet normal  6.386916e-01 -7.694628e-01  0.000000e+00
   outer loop
     vertex -1.264282e+02 -7.632662e+01  1.400000e+01
     vertex -1.263818e+02 -7.628807e+01  0.000000e+00
     vertex -1.263818e+02 -7.628807e+01  1.400000e+01
   endloop
 endfacet
 facet normal  6.595607e-01 -7.516513e-01  0.000000e+00
   outer loop
     vertex -1.264736e+02 -7.636643e+01  1.400000e+01
     vertex -1.264736e+02 -7.636643e+01  0.000000e+00
     vertex -1.264282e+02 -7.632662e+01  1.400000e+01
   endloop
 endfacet
 facet normal  6.799333e-01 -7.332740e-01  0.000000e+00
   outer loop
     vertex -1.265178e+02 -7.640747e+01  1.400000e+01
     vertex -1.265178e+02 -7.640747e+01  0.000000e+00
     vertex -1.264736e+02 -7.636643e+01  0.000000e+00
   endloop
 endfacet
 facet normal  6.799333e-01 -7.332740e-01  0.000000e+00
   outer loop
     vertex -1.265178e+02 -7.640747e+01  1.400000e+01
     vertex -1.264736e+02 -7.636643e+01  0.000000e+00
     vertex -1.264736e+02 -7.636643e+01  1.400000e+01
   endloop
 endfacet
 facet normal  6.997940e-01 -7.143447e-01  0.000000e+00
   outer loop
     vertex -1.265610e+02 -7.644971e+01  1.400000e+01
     vertex -1.265610e+02 -7.644971e+01  0.000000e+00
     vertex -1.265178e+02 -7.640747e+01  0.000000e+00
   endloop
 endfacet
 facet normal  6.997940e-01 -7.143447e-01  0.000000e+00
   outer loop
     vertex -1.265610e+02 -7.644971e+01  1.400000e+01
     vertex -1.265178e+02 -7.640747e+01  0.000000e+00
     vertex -1.265178e+02 -7.640747e+01  1.400000e+01
   endloop
 endfacet
 facet normal  7.191280e-01 -6.948776e-01  0.000000e+00
   outer loop
     vertex -1.266029e+02 -7.649312e+01  1.400000e+01
     vertex -1.265610e+02 -7.644971e+01  0.000000e+00
     vertex -1.265610e+02 -7.644971e+01  1.400000e+01
   endloop
 endfacet
 facet normal  7.191280e-01 -6.948776e-01  0.000000e+00
   outer loop
     vertex -1.266029e+02 -7.649312e+01  1.400000e+01
     vertex -1.266029e+02 -7.649312e+01  0.000000e+00
     vertex -1.265610e+02 -7.644971e+01  0.000000e+00
   endloop
 endfacet
 facet normal  7.379206e-01 -6.748875e-01  0.000000e+00
   outer loop
     vertex -1.266029e+02 -7.649312e+01  1.400000e+01
     vertex -1.266436e+02 -7.653766e+01  0.000000e+00
     vertex -1.266029e+02 -7.649312e+01  0.000000e+00
   endloop
 endfacet
 facet normal  7.379206e-01 -6.748875e-01  0.000000e+00
   outer loop
     vertex -1.266436e+02 -7.653766e+01  1.400000e+01
     vertex -1.266436e+02 -7.653766e+01  0.000000e+00
     vertex -1.266029e+02 -7.649312e+01  1.400000e+01
   endloop
 endfacet
 facet normal  7.561578e-01 -6.543893e-01  0.000000e+00
   outer loop
     vertex -1.266831e+02 -7.658330e+01  1.400000e+01
     vertex -1.266436e+02 -7.653766e+01  0.000000e+00
     vertex -1.266436e+02 -7.653766e+01  1.400000e+01
   endloop
 endfacet
 facet normal  7.561578e-01 -6.543893e-01  0.000000e+00
   outer loop
     vertex -1.266831e+02 -7.658330e+01  1.400000e+01
     vertex -1.266831e+02 -7.658330e+01  0.000000e+00
     vertex -1.266436e+02 -7.653766e+01  0.000000e+00
   endloop
 endfacet
 facet normal  7.738257e-01 -6.333986e-01  0.000000e+00
   outer loop
     vertex -1.266831e+02 -7.658330e+01  1.400000e+01
     vertex -1.267214e+02 -7.663001e+01  0.000000e+00
     vertex -1.266831e+02 -7.658330e+01  0.000000e+00
   endloop
 endfacet
 facet normal  7.738257e-01 -6.333986e-01  0.000000e+00
   outer loop
     vertex -1.267214e+02 -7.663001e+01  1.400000e+01
     vertex -1.267214e+02 -7.663001e+01  0.000000e+00
     vertex -1.266831e+02 -7.658330e+01  1.400000e+01
   endloop
 endfacet
 facet normal  7.909112e-01 -6.119310e-01  0.000000e+00
   outer loop
     vertex -1.267583e+02 -7.667775e+01  1.400000e+01
     vertex -1.267214e+02 -7.663001e+01  0.000000e+00
     vertex -1.267214e+02 -7.663001e+01  1.400000e+01
   endloop
 endfacet
 facet normal  7.909112e-01 -6.119310e-01  0.000000e+00
   outer loop
     vertex -1.267583e+02 -7.667775e+01  1.400000e+01
     vertex -1.267583e+02 -7.667775e+01  0.000000e+00
     vertex -1.267214e+02 -7.663001e+01  0.000000e+00
   endloop
 endfacet
 facet normal  8.074012e-01 -5.900028e-01  0.000000e+00
   outer loop
     vertex -1.267939e+02 -7.672648e+01  1.400000e+01
     vertex -1.267939e+02 -7.672648e+01  0.000000e+00
     vertex -1.267583e+02 -7.667775e+01  0.000000e+00
   endloop
 endfacet
 facet normal  8.232835e-01 -5.676304e-01  0.000000e+00
   outer loop
     vertex -1.267939e+02 -7.672648e+01  1.400000e+01
     vertex -1.268282e+02 -7.677618e+01  0.000000e+00
     vertex -1.267939e+02 -7.672648e+01  0.000000e+00
   endloop
 endfacet
 facet normal  8.074012e-01 -5.900028e-01  0.000000e+00
   outer loop
     vertex -1.267939e+02 -7.672648e+01  1.400000e+01
     vertex -1.267583e+02 -7.667775e+01  0.000000e+00
     vertex -1.267583e+02 -7.667775e+01  1.400000e+01
   endloop
 endfacet
 facet normal  8.232835e-01 -5.676304e-01  0.000000e+00
   outer loop
     vertex -1.268282e+02 -7.677618e+01  1.400000e+01
     vertex -1.268282e+02 -7.677618e+01  0.000000e+00
     vertex -1.267939e+02 -7.672648e+01  1.400000e+01
   endloop
 endfacet
 facet normal  8.385460e-01 -5.448308e-01  0.000000e+00
   outer loop
     vertex -1.268611e+02 -7.682679e+01  1.400000e+01
     vertex -1.268282e+02 -7.677618e+01  0.000000e+00
     vertex -1.268282e+02 -7.677618e+01  1.400000e+01
   endloop
 endfacet
 facet normal  8.385460e-01 -5.448308e-01  0.000000e+00
   outer loop
     vertex -1.268611e+02 -7.682679e+01  1.400000e+01
     vertex -1.268611e+02 -7.682679e+01  0.000000e+00
     vertex -1.268282e+02 -7.677618e+01  0.000000e+00
   endloop
 endfacet
 facet normal  8.531773e-01 -5.216210e-01  0.000000e+00
   outer loop
     vertex -1.268926e+02 -7.687829e+01  1.400000e+01
     vertex -1.268926e+02 -7.687829e+01  0.000000e+00
     vertex -1.268611e+02 -7.682679e+01  0.000000e+00
   endloop
 endfacet
 facet normal  8.531773e-01 -5.216210e-01  0.000000e+00
   outer loop
     vertex -1.268926e+02 -7.687829e+01  1.400000e+01
     vertex -1.268611e+02 -7.682679e+01  0.000000e+00
     vertex -1.268611e+02 -7.682679e+01  1.400000e+01
   endloop
 endfacet
 facet normal  8.671664e-01 -4.980186e-01  0.000000e+00
   outer loop
     vertex -1.269226e+02 -7.693063e+01  1.400000e+01
     vertex -1.269226e+02 -7.693063e+01  0.000000e+00
     vertex -1.268926e+02 -7.687829e+01  0.000000e+00
   endloop
 endfacet
 facet normal  8.805026e-01 -4.740412e-01  0.000000e+00
   outer loop
     vertex -1.269226e+02 -7.693063e+01  1.400000e+01
     vertex -1.269512e+02 -7.698378e+01  0.000000e+00
     vertex -1.269226e+02 -7.693063e+01  0.000000e+00
   endloop
 endfacet
 facet normal  8.671664e-01 -4.980186e-01  0.000000e+00
   outer loop
     vertex -1.269226e+02 -7.693063e+01  1.400000e+01
     vertex -1.268926e+02 -7.687829e+01  0.000000e+00
     vertex -1.268926e+02 -7.687829e+01  1.400000e+01
   endloop
 endfacet
 facet normal  8.805026e-01 -4.740412e-01  0.000000e+00
   outer loop
     vertex -1.269512e+02 -7.698378e+01  1.400000e+01
     vertex -1.269512e+02 -7.698378e+01  0.000000e+00
     vertex -1.269226e+02 -7.693063e+01  1.400000e+01
   endloop
 endfacet
 facet normal  8.931761e-01 -4.497071e-01  0.000000e+00
   outer loop
     vertex -1.269784e+02 -7.703769e+01  1.400000e+01
     vertex -1.269784e+02 -7.703769e+01  0.000000e+00
     vertex -1.269512e+02 -7.698378e+01  0.000000e+00
   endloop
 endfacet
 facet normal  8.931761e-01 -4.497071e-01  0.000000e+00
   outer loop
     vertex -1.269784e+02 -7.703769e+01  1.400000e+01
     vertex -1.269512e+02 -7.698378e+01  0.000000e+00
     vertex -1.269512e+02 -7.698378e+01  1.400000e+01
   endloop
 endfacet
 facet normal  9.051772e-01 -4.250344e-01  0.000000e+00
   outer loop
     vertex -1.270040e+02 -7.709233e+01  1.400000e+01
     vertex -1.270040e+02 -7.709233e+01  0.000000e+00
     vertex -1.269784e+02 -7.703769e+01  0.000000e+00
   endloop
 endfacet
 facet normal  9.051772e-01 -4.250344e-01  0.000000e+00
   outer loop
     vertex -1.270040e+02 -7.709233e+01  1.400000e+01
     vertex -1.269784e+02 -7.703769e+01  0.000000e+00
     vertex -1.269784e+02 -7.703769e+01  1.400000e+01
   endloop
 endfacet
 facet normal  9.164969e-01 -4.000417e-01  0.000000e+00
   outer loop
     vertex -1.270282e+02 -7.714765e+01  1.400000e+01
     vertex -1.270282e+02 -7.714765e+01  0.000000e+00
     vertex -1.270040e+02 -7.709233e+01  0.000000e+00
   endloop
 endfacet
 facet normal  9.164969e-01 -4.000417e-01  0.000000e+00
   outer loop
     vertex -1.270282e+02 -7.714765e+01  1.400000e+01
     vertex -1.270040e+02 -7.709233e+01  0.000000e+00
     vertex -1.270040e+02 -7.709233e+01  1.400000e+01
   endloop
 endfacet
 facet normal  9.271267e-01 -3.747479e-01  0.000000e+00
   outer loop
     vertex -1.270508e+02 -7.720361e+01  1.400000e+01
     vertex -1.270508e+02 -7.720361e+01  0.000000e+00
     vertex -1.270282e+02 -7.714765e+01  0.000000e+00
   endloop
 endfacet
 facet normal  9.271267e-01 -3.747479e-01  0.000000e+00
   outer loop
     vertex -1.270508e+02 -7.720361e+01  1.400000e+01
     vertex -1.270282e+02 -7.714765e+01  0.000000e+00
     vertex -1.270282e+02 -7.714765e+01  1.400000e+01
   endloop
 endfacet
 facet normal  9.370586e-01 -3.491720e-01  0.000000e+00
   outer loop
     vertex -1.270719e+02 -7.726017e+01  1.400000e+01
     vertex -1.270719e+02 -7.726017e+01  0.000000e+00
     vertex -1.270508e+02 -7.720361e+01  0.000000e+00
   endloop
 endfacet
 facet normal  9.370586e-01 -3.491720e-01  0.000000e+00
   outer loop
     vertex -1.270719e+02 -7.726017e+01  1.400000e+01
     vertex -1.270508e+02 -7.720361e+01  0.000000e+00
     vertex -1.270508e+02 -7.720361e+01  1.400000e+01
   endloop
 endfacet
 facet normal  9.462851e-01 -3.233333e-01  0.000000e+00
   outer loop
     vertex -1.270914e+02 -7.731729e+01  1.400000e+01
     vertex -1.270914e+02 -7.731729e+01  0.000000e+00
     vertex -1.270719e+02 -7.726017e+01  0.000000e+00
   endloop
 endfacet
 facet normal  9.462851e-01 -3.233333e-01  0.000000e+00
   outer loop
     vertex -1.270914e+02 -7.731729e+01  1.400000e+01
     vertex -1.270719e+02 -7.726017e+01  0.000000e+00
     vertex -1.270719e+02 -7.726017e+01  1.400000e+01
   endloop
 endfacet
 facet normal  9.547993e-01 -2.972512e-01  0.000000e+00
   outer loop
     vertex -1.271093e+02 -7.737493e+01  1.400000e+01
     vertex -1.271093e+02 -7.737493e+01  0.000000e+00
     vertex -1.270914e+02 -7.731729e+01  0.000000e+00
   endloop
 endfacet
 facet normal  9.547993e-01 -2.972512e-01  0.000000e+00
   outer loop
     vertex -1.271093e+02 -7.737493e+01  1.400000e+01
     vertex -1.270914e+02 -7.731729e+01  0.000000e+00
     vertex -1.270914e+02 -7.731729e+01  1.400000e+01
   endloop
 endfacet
 facet normal  9.625948e-01 -2.709453e-01  0.000000e+00
   outer loop
     vertex -1.271257e+02 -7.743303e+01  1.400000e+01
     vertex -1.271257e+02 -7.743303e+01  0.000000e+00
     vertex -1.271093e+02 -7.737493e+01  0.000000e+00
   endloop
 endfacet
 facet normal  9.625948e-01 -2.709453e-01  0.000000e+00
   outer loop
     vertex -1.271257e+02 -7.743303e+01  1.400000e+01
     vertex -1.271093e+02 -7.737493e+01  0.000000e+00
     vertex -1.271093e+02 -7.737493e+01  1.400000e+01
   endloop
 endfacet
 facet normal  9.696656e-01 -2.444354e-01  0.000000e+00
   outer loop
     vertex -1.271404e+02 -7.749156e+01  1.400000e+01
     vertex -1.271404e+02 -7.749156e+01  0.000000e+00
     vertex -1.271257e+02 -7.743303e+01  0.000000e+00
   endloop
 endfacet
 facet normal  9.760065e-01 -2.177416e-01  0.000000e+00
   outer loop
     vertex -1.271404e+02 -7.749156e+01  1.400000e+01
     vertex -1.271536e+02 -7.755047e+01  0.000000e+00
     vertex -1.271404e+02 -7.749156e+01  0.000000e+00
   endloop
 endfacet
 facet normal  9.696656e-01 -2.444354e-01  0.000000e+00
   outer loop
     vertex -1.271404e+02 -7.749156e+01  1.400000e+01
     vertex -1.271257e+02 -7.743303e+01  0.000000e+00
     vertex -1.271257e+02 -7.743303e+01  1.400000e+01
   endloop
 endfacet
 facet normal  9.760065e-01 -2.177416e-01  0.000000e+00
   outer loop
     vertex -1.271536e+02 -7.755047e+01  1.400000e+01
     vertex -1.271536e+02 -7.755047e+01  0.000000e+00
     vertex -1.271404e+02 -7.749156e+01  1.400000e+01
   endloop
 endfacet
 facet normal  9.816126e-01 -1.908838e-01  0.000000e+00
   outer loop
     vertex -1.271651e+02 -7.760972e+01  1.400000e+01
     vertex -1.271651e+02 -7.760972e+01  0.000000e+00
     vertex -1.271536e+02 -7.755047e+01  0.000000e+00
   endloop
 endfacet
 facet normal  9.816126e-01 -1.908838e-01  0.000000e+00
   outer loop
     vertex -1.271651e+02 -7.760972e+01  1.400000e+01
     vertex -1.271536e+02 -7.755047e+01  0.000000e+00
     vertex -1.271536e+02 -7.755047e+01  1.400000e+01
   endloop
 endfacet
 facet normal  9.864799e-01 -1.638824e-01  0.000000e+00
   outer loop
     vertex -1.271750e+02 -7.766926e+01  1.400000e+01
     vertex -1.271750e+02 -7.766926e+01  0.000000e+00
     vertex -1.271651e+02 -7.760972e+01  0.000000e+00
   endloop
 endfacet
 facet normal  9.864799e-01 -1.638824e-01  0.000000e+00
   outer loop
     vertex -1.271750e+02 -7.766926e+01  1.400000e+01
     vertex -1.271651e+02 -7.760972e+01  0.000000e+00
     vertex -1.271651e+02 -7.760972e+01  1.400000e+01
   endloop
 endfacet
 facet normal  9.906046e-01 -1.367575e-01  0.000000e+00
   outer loop
     vertex -1.271833e+02 -7.772906e+01  1.400000e+01
     vertex -1.271833e+02 -7.772906e+01  0.000000e+00
     vertex -1.271750e+02 -7.766926e+01  0.000000e+00
   endloop
 endfacet
 facet normal  9.906046e-01 -1.367575e-01  0.000000e+00
   outer loop
     vertex -1.271833e+02 -7.772906e+01  1.400000e+01
     vertex -1.271750e+02 -7.766926e+01  0.000000e+00
     vertex -1.271750e+02 -7.766926e+01  1.400000e+01
   endloop
 endfacet
 facet normal  9.939835e-01 -1.095298e-01  0.000000e+00
   outer loop
     vertex -1.271899e+02 -7.778906e+01  1.400000e+01
     vertex -1.271833e+02 -7.772906e+01  0.000000e+00
     vertex -1.271833e+02 -7.772906e+01  1.400000e+01
   endloop
 endfacet
 facet normal  9.939835e-01 -1.095298e-01  0.000000e+00
   outer loop
     vertex -1.271899e+02 -7.778906e+01  1.400000e+01
     vertex -1.271899e+02 -7.778906e+01  0.000000e+00
     vertex -1.271833e+02 -7.772906e+01  0.000000e+00
   endloop
 endfacet
 facet normal  9.966142e-01 -8.221955e-02  0.000000e+00
   outer loop
     vertex -1.271948e+02 -7.784921e+01  1.400000e+01
     vertex -1.271899e+02 -7.778906e+01  0.000000e+00
     vertex -1.271899e+02 -7.778906e+01  1.400000e+01
   endloop
 endfacet
 facet normal  9.966142e-01 -8.221955e-02  0.000000e+00
   outer loop
     vertex -1.271948e+02 -7.784921e+01  1.400000e+01
     vertex -1.271948e+02 -7.784921e+01  0.000000e+00
     vertex -1.271899e+02 -7.778906e+01  0.000000e+00
   endloop
 endfacet
 facet normal  9.984947e-01 -5.484744e-02  0.000000e+00
   outer loop
     vertex -1.271948e+02 -7.784921e+01  1.400000e+01
     vertex -1.271981e+02 -7.790948e+01  0.000000e+00
     vertex -1.271948e+02 -7.784921e+01  0.000000e+00
   endloop
 endfacet
 facet normal  9.984947e-01 -5.484744e-02  0.000000e+00
   outer loop
     vertex -1.271981e+02 -7.790948e+01  1.400000e+01
     vertex -1.271981e+02 -7.790948e+01  0.000000e+00
     vertex -1.271948e+02 -7.784921e+01  1.400000e+01
   endloop
 endfacet
 facet normal  9.996236e-01 -2.743405e-02  0.000000e+00
   outer loop
     vertex -1.271998e+02 -7.796982e+01  1.400000e+01
     vertex -1.271981e+02 -7.790948e+01  0.000000e+00
     vertex -1.271981e+02 -7.790948e+01  1.400000e+01
   endloop
 endfacet
 facet normal  9.996236e-01 -2.743405e-02  0.000000e+00
   outer loop
     vertex -1.271998e+02 -7.796982e+01  1.400000e+01
     vertex -1.271998e+02 -7.796982e+01  0.000000e+00
     vertex -1.271981e+02 -7.790948e+01  0.000000e+00
   endloop
 endfacet
 facet normal  1.000000e+00 -0.000000e+00  0.000000e+00
   outer loop
     vertex -1.271998e+02 -7.803018e+01  1.400000e+01
     vertex -1.271998e+02 -7.796982e+01  0.000000e+00
     vertex -1.271998e+02 -7.796982e+01  1.400000e+01
   endloop
 endfacet
 facet normal  1.000000e+00  0.000000e+00  0.000000e+00
   outer loop
     vertex -1.271998e+02 -7.803018e+01  1.400000e+01
     vertex -1.271998e+02 -7.803018e+01  0.000000e+00
     vertex -1.271998e+02 -7.796982e+01  0.000000e+00
   endloop
 endfacet
 facet normal  9.996236e-01  2.743405e-02  0.000000e+00
   outer loop
     vertex -1.271981e+02 -7.809052e+01  1.400000e+01
     vertex -1.271998e+02 -7.803018e+01  0.000000e+00
     vertex -1.271998e+02 -7.803018e+01  1.400000e+01
   endloop
 endfacet
 facet normal  9.996236e-01  2.743405e-02  0.000000e+00
   outer loop
     vertex -1.271981e+02 -7.809052e+01  1.400000e+01
     vertex -1.271981e+02 -7.809052e+01  0.000000e+00
     vertex -1.271998e+02 -7.803018e+01  0.000000e+00
   endloop
 endfacet
 facet normal  9.984947e-01  5.484744e-02  0.000000e+00
   outer loop
     vertex -1.271948e+02 -7.815079e+01  1.400000e+01
     vertex -1.271981e+02 -7.809052e+01  0.000000e+00
     vertex -1.271981e+02 -7.809052e+01  1.400000e+01
   endloop
 endfacet
 facet normal  9.984947e-01  5.484744e-02  0.000000e+00
   outer loop
     vertex -1.271948e+02 -7.815079e+01  1.400000e+01
     vertex -1.271948e+02 -7.815079e+01  0.000000e+00
     vertex -1.271981e+02 -7.809052e+01  0.000000e+00
   endloop
 endfacet
 facet normal  9.966142e-01  8.221955e-02  0.000000e+00
   outer loop
     vertex -1.271899e+02 -7.821094e+01  1.400000e+01
     vertex -1.271948e+02 -7.815079e+01  0.000000e+00
     vertex -1.271948e+02 -7.815079e+01  1.400000e+01
   endloop
 endfacet
 facet normal  9.966142e-01  8.221955e-02  0.000000e+00
   outer loop
     vertex -1.271899e+02 -7.821094e+01  1.400000e+01
     vertex -1.271899e+02 -7.821094e+01  0.000000e+00
     vertex -1.271948e+02 -7.815079e+01  0.000000e+00
   endloop
 endfacet
 facet normal  9.939835e-01  1.095298e-01  0.000000e+00
   outer loop
     vertex -1.271833e+02 -7.827094e+01  1.400000e+01
     vertex -1.271899e+02 -7.821094e+01  0.000000e+00
     vertex -1.271899e+02 -7.821094e+01  1.400000e+01
   endloop
 endfacet
 facet normal  9.939835e-01  1.095298e-01  0.000000e+00
   outer loop
     vertex -1.271833e+02 -7.827094e+01  1.400000e+01
     vertex -1.271833e+02 -7.827094e+01  0.000000e+00
     vertex -1.271899e+02 -7.821094e+01  0.000000e+00
   endloop
 endfacet
 facet normal  9.906046e-01  1.367575e-01  0.000000e+00
   outer loop
     vertex -1.271833e+02 -7.827094e+01  1.400000e+01
     vertex -1.271750e+02 -7.833074e+01  0.000000e+00
     vertex -1.271833e+02 -7.827094e+01  0.000000e+00
   endloop
 endfacet
 facet normal  9.906046e-01  1.367575e-01  0.000000e+00
   outer loop
     vertex -1.271750e+02 -7.833074e+01  1.400000e+01
     vertex -1.271750e+02 -7.833074e+01  0.000000e+00
     vertex -1.271833e+02 -7.827094e+01  1.400000e+01
   endloop
 endfacet
 facet normal  9.864799e-01  1.638824e-01  0.000000e+00
   outer loop
     vertex -1.271651e+02 -7.839028e+01  1.400000e+01
     vertex -1.271750e+02 -7.833074e+01  0.000000e+00
     vertex -1.271750e+02 -7.833074e+01  1.400000e+01
   endloop
 endfacet
 facet normal  9.864799e-01  1.638824e-01  0.000000e+00
   outer loop
     vertex -1.271651e+02 -7.839028e+01  1.400000e+01
     vertex -1.271651e+02 -7.839028e+01  0.000000e+00
     vertex -1.271750e+02 -7.833074e+01  0.000000e+00
   endloop
 endfacet
 facet normal  9.816126e-01  1.908838e-01  0.000000e+00
   outer loop
     vertex -1.271536e+02 -7.844953e+01  1.400000e+01
     vertex -1.271651e+02 -7.839028e+01  0.000000e+00
     vertex -1.271651e+02 -7.839028e+01  1.400000e+01
   endloop
 endfacet
 facet normal  9.816126e-01  1.908838e-01  0.000000e+00
   outer loop
     vertex -1.271536e+02 -7.844953e+01  1.400000e+01
     vertex -1.271536e+02 -7.844953e+01  0.000000e+00
     vertex -1.271651e+02 -7.839028e+01  0.000000e+00
   endloop
 endfacet
 facet normal  9.760065e-01  2.177416e-01  0.000000e+00
   outer loop
     vertex -1.271404e+02 -7.850844e+01  1.400000e+01
     vertex -1.271404e+02 -7.850844e+01  0.000000e+00
     vertex -1.271536e+02 -7.844953e+01  0.000000e+00
   endloop
 endfacet
 facet normal  9.760065e-01  2.177416e-01  0.000000e+00
   outer loop
     vertex -1.271404e+02 -7.850844e+01  1.400000e+01
     vertex -1.271536e+02 -7.844953e+01  0.000000e+00
     vertex -1.271536e+02 -7.844953e+01  1.400000e+01
   endloop
 endfacet
 facet normal  9.696656e-01  2.444354e-01  0.000000e+00
   outer loop
     vertex -1.271404e+02 -7.850844e+01  1.400000e+01
     vertex -1.271257e+02 -7.856697e+01  0.000000e+00
     vertex -1.271404e+02 -7.850844e+01  0.000000e+00
   endloop
 endfacet
 facet normal  9.696656e-01  2.444354e-01  0.000000e+00
   outer loop
     vertex -1.271257e+02 -7.856697e+01  1.400000e+01
     vertex -1.271257e+02 -7.856697e+01  0.000000e+00
     vertex -1.271404e+02 -7.850844e+01  1.400000e+01
   endloop
 endfacet
 facet normal  9.625948e-01  2.709453e-01  0.000000e+00
   outer loop
     vertex -1.271093e+02 -7.862507e+01  1.400000e+01
     vertex -1.271093e+02 -7.862507e+01  0.000000e+00
     vertex -1.271257e+02 -7.856697e+01  0.000000e+00
   endloop
 endfacet
 facet normal  9.625948e-01  2.709453e-01  0.000000e+00
   outer loop
     vertex -1.271093e+02 -7.862507e+01  1.400000e+01
     vertex -1.271257e+02 -7.856697e+01  0.000000e+00
     vertex -1.271257e+02 -7.856697e+01  1.400000e+01
   endloop
 endfacet
 facet normal  9.547993e-01  2.972512e-01  0.000000e+00
   outer loop
     vertex -1.270914e+02 -7.868271e+01  1.400000e+01
     vertex -1.270914e+02 -7.868271e+01  0.000000e+00
     vertex -1.271093e+02 -7.862507e+01  0.000000e+00
   endloop
 endfacet
 facet normal  9.547993e-01  2.972512e-01  0.000000e+00
   outer loop
     vertex -1.270914e+02 -7.868271e+01  1.400000e+01
     vertex -1.271093e+02 -7.862507e+01  0.000000e+00
     vertex -1.271093e+02 -7.862507e+01  1.400000e+01
   endloop
 endfacet
 facet normal  9.462851e-01  3.233333e-01  0.000000e+00
   outer loop
     vertex -1.270719e+02 -7.873983e+01  1.400000e+01
     vertex -1.270719e+02 -7.873983e+01  0.000000e+00
     vertex -1.270914e+02 -7.868271e+01  0.000000e+00
   endloop
 endfacet
 facet normal  9.462851e-01  3.233333e-01  0.000000e+00
   outer loop
     vertex -1.270719e+02 -7.873983e+01  1.400000e+01
     vertex -1.270914e+02 -7.868271e+01  0.000000e+00
     vertex -1.270914e+02 -7.868271e+01  1.400000e+01
   endloop
 endfacet
 facet normal  9.370586e-01  3.491720e-01  0.000000e+00
   outer loop
     vertex -1.270508e+02 -7.879639e+01  1.400000e+01
     vertex -1.270508e+02 -7.879639e+01  0.000000e+00
     vertex -1.270719e+02 -7.873983e+01  0.000000e+00
   endloop
 endfacet
 facet normal  9.370586e-01  3.491720e-01  0.000000e+00
   outer loop
     vertex -1.270508e+02 -7.879639e+01  1.400000e+01
     vertex -1.270719e+02 -7.873983e+01  0.000000e+00
     vertex -1.270719e+02 -7.873983e+01  1.400000e+01
   endloop
 endfacet
 facet normal  9.271267e-01  3.747479e-01  0.000000e+00
   outer loop
     vertex -1.270282e+02 -7.885235e+01  1.400000e+01
     vertex -1.270282e+02 -7.885235e+01  0.000000e+00
     vertex -1.270508e+02 -7.879639e+01  0.000000e+00
   endloop
 endfacet
 facet normal  9.271267e-01  3.747479e-01  0.000000e+00
   outer loop
     vertex -1.270282e+02 -7.885235e+01  1.400000e+01
     vertex -1.270508e+02 -7.879639e+01  0.000000e+00
     vertex -1.270508e+02 -7.879639e+01  1.400000e+01
   endloop
 endfacet
 facet normal  9.164969e-01  4.000417e-01  0.000000e+00
   outer loop
     vertex -1.270040e+02 -7.890767e+01  1.400000e+01
     vertex -1.270040e+02 -7.890767e+01  0.000000e+00
     vertex -1.270282e+02 -7.885235e+01  0.000000e+00
   endloop
 endfacet
 facet normal  9.164969e-01  4.000417e-01  0.000000e+00
   outer loop
     vertex -1.270040e+02 -7.890767e+01  1.400000e+01
     vertex -1.270282e+02 -7.885235e+01  0.000000e+00
     vertex -1.270282e+02 -7.885235e+01  1.400000e+01
   endloop
 endfacet
 facet normal  9.051772e-01  4.250344e-01  0.000000e+00
   outer loop
     vertex -1.269784e+02 -7.896231e+01  1.400000e+01
     vertex -1.269784e+02 -7.896231e+01  0.000000e+00
     vertex -1.270040e+02 -7.890767e+01  0.000000e+00
   endloop
 endfacet
 facet normal  9.051772e-01  4.250344e-01  0.000000e+00
   outer loop
     vertex -1.269784e+02 -7.896231e+01  1.400000e+01
     vertex -1.270040e+02 -7.890767e+01  0.000000e+00
     vertex -1.270040e+02 -7.890767e+01  1.400000e+01
   endloop
 endfacet
 facet normal  8.931761e-01  4.497071e-01  0.000000e+00
   outer loop
     vertex -1.269512e+02 -7.901622e+01  1.400000e+01
     vertex -1.269512e+02 -7.901622e+01  0.000000e+00
     vertex -1.269784e+02 -7.896231e+01  0.000000e+00
   endloop
 endfacet
 facet normal  8.931761e-01  4.497071e-01  0.000000e+00
   outer loop
     vertex -1.269512e+02 -7.901622e+01  1.400000e+01
     vertex -1.269784e+02 -7.896231e+01  0.000000e+00
     vertex -1.269784e+02 -7.896231e+01  1.400000e+01
   endloop
 endfacet
 facet normal  8.805026e-01  4.740412e-01  0.000000e+00
   outer loop
     vertex -1.269226e+02 -7.906937e+01  1.400000e+01
     vertex -1.269226e+02 -7.906937e+01  0.000000e+00
     vertex -1.269512e+02 -7.901622e+01  0.000000e+00
   endloop
 endfacet
 facet normal  8.805026e-01  4.740412e-01  0.000000e+00
   outer loop
     vertex -1.269226e+02 -7.906937e+01  1.400000e+01
     vertex -1.269512e+02 -7.901622e+01  0.000000e+00
     vertex -1.269512e+02 -7.901622e+01  1.400000e+01
   endloop
 endfacet
 facet normal  8.671664e-01  4.980186e-01  0.000000e+00
   outer loop
     vertex -1.268926e+02 -7.912171e+01  1.400000e+01
     vertex -1.268926e+02 -7.912171e+01  0.000000e+00
     vertex -1.269226e+02 -7.906937e+01  0.000000e+00
   endloop
 endfacet
 facet normal  8.671664e-01  4.980186e-01  0.000000e+00
   outer loop
     vertex -1.268926e+02 -7.912171e+01  1.400000e+01
     vertex -1.269226e+02 -7.906937e+01  0.000000e+00
     vertex -1.269226e+02 -7.906937e+01  1.400000e+01
   endloop
 endfacet
 facet normal  8.531773e-01  5.216210e-01  0.000000e+00
   outer loop
     vertex -1.268611e+02 -7.917321e+01  1.400000e+01
     vertex -1.268611e+02 -7.917321e+01  0.000000e+00
     vertex -1.268926e+02 -7.912171e+01  0.000000e+00
   endloop
 endfacet
 facet normal  8.531773e-01  5.216210e-01  0.000000e+00
   outer loop
     vertex -1.268611e+02 -7.917321e+01  1.400000e+01
     vertex -1.268926e+02 -7.912171e+01  0.000000e+00
     vertex -1.268926e+02 -7.912171e+01  1.400000e+01
   endloop
 endfacet
 facet normal  8.385460e-01  5.448308e-01  0.000000e+00
   outer loop
     vertex -1.268282e+02 -7.922382e+01  1.400000e+01
     vertex -1.268282e+02 -7.922382e+01  0.000000e+00
     vertex -1.268611e+02 -7.917321e+01  0.000000e+00
   endloop
 endfacet
 facet normal  8.385460e-01  5.448308e-01  0.000000e+00
   outer loop
     vertex -1.268282e+02 -7.922382e+01  1.400000e+01
     vertex -1.268611e+02 -7.917321e+01  0.000000e+00
     vertex -1.268611e+02 -7.917321e+01  1.400000e+01
   endloop
 endfacet
 facet normal  8.232835e-01  5.676304e-01  0.000000e+00
   outer loop
     vertex -1.267939e+02 -7.927352e+01  1.400000e+01
     vertex -1.268282e+02 -7.922382e+01  0.000000e+00
     vertex -1.268282e+02 -7.922382e+01  1.400000e+01
   endloop
 endfacet
 facet normal  8.232835e-01  5.676304e-01  0.000000e+00
   outer loop
     vertex -1.267939e+02 -7.927352e+01  1.400000e+01
     vertex -1.267939e+02 -7.927352e+01  0.000000e+00
     vertex -1.268282e+02 -7.922382e+01  0.000000e+00
   endloop
 endfacet
 facet normal  8.074012e-01  5.900028e-01  0.000000e+00
   outer loop
     vertex -1.267583e+02 -7.932225e+01  1.400000e+01
     vertex -1.267939e+02 -7.927352e+01  0.000000e+00
     vertex -1.267939e+02 -7.927352e+01  1.400000e+01
   endloop
 endfacet
 facet normal  8.074012e-01  5.900028e-01  0.000000e+00
   outer loop
     vertex -1.267583e+02 -7.932225e+01  1.400000e+01
     vertex -1.267583e+02 -7.932225e+01  0.000000e+00
     vertex -1.267939e+02 -7.927352e+01  0.000000e+00
   endloop
 endfacet
 facet normal  7.909112e-01  6.119310e-01  0.000000e+00
   outer loop
     vertex -1.267214e+02 -7.936999e+01  1.400000e+01
     vertex -1.267583e+02 -7.932225e+01  0.000000e+00
     vertex -1.267583e+02 -7.932225e+01  1.400000e+01
   endloop
 endfacet
 facet normal  7.909112e-01  6.119310e-01  0.000000e+00
   outer loop
     vertex -1.267214e+02 -7.936999e+01  1.400000e+01
     vertex -1.267214e+02 -7.936999e+01  0.000000e+00
     vertex -1.267583e+02 -7.932225e+01  0.000000e+00
   endloop
 endfacet
 facet normal  7.738257e-01  6.333986e-01  0.000000e+00
   outer loop
     vertex -1.266831e+02 -7.941670e+01  1.400000e+01
     vertex -1.267214e+02 -7.936999e+01  0.000000e+00
     vertex -1.267214e+02 -7.936999e+01  1.400000e+01
   endloop
 endfacet
 facet normal  7.738257e-01  6.333986e-01  0.000000e+00
   outer loop
     vertex -1.266831e+02 -7.941670e+01  1.400000e+01
     vertex -1.266831e+02 -7.941670e+01  0.000000e+00
     vertex -1.267214e+02 -7.936999e+01  0.000000e+00
   endloop
 endfacet
 facet normal  7.561578e-01  6.543893e-01  0.000000e+00
   outer loop
     vertex -1.266436e+02 -7.946234e+01  1.400000e+01
     vertex -1.266831e+02 -7.941670e+01  0.000000e+00
     vertex -1.266831e+02 -7.941670e+01  1.400000e+01
   endloop
 endfacet
 facet normal  7.561578e-01  6.543893e-01  0.000000e+00
   outer loop
     vertex -1.266436e+02 -7.946234e+01  1.400000e+01
     vertex -1.266436e+02 -7.946234e+01  0.000000e+00
     vertex -1.266831e+02 -7.941670e+01  0.000000e+00
   endloop
 endfacet
 facet normal  7.379206e-01  6.748875e-01  0.000000e+00
   outer loop
     vertex -1.266029e+02 -7.950688e+01  1.400000e+01
     vertex -1.266436e+02 -7.946234e+01  0.000000e+00
     vertex -1.266436e+02 -7.946234e+01  1.400000e+01
   endloop
 endfacet
 facet normal  7.379206e-01  6.748875e-01  0.000000e+00
   outer loop
     vertex -1.266029e+02 -7.950688e+01  1.400000e+01
     vertex -1.266029e+02 -7.950688e+01  0.000000e+00
     vertex -1.266436e+02 -7.946234e+01  0.000000e+00
   endloop
 endfacet
 facet normal  7.191280e-01  6.948776e-01  0.000000e+00
   outer loop
     vertex -1.265610e+02 -7.955029e+01  1.400000e+01
     vertex -1.266029e+02 -7.950688e+01  0.000000e+00
     vertex -1.266029e+02 -7.950688e+01  1.400000e+01
   endloop
 endfacet
 facet normal  7.191280e-01  6.948776e-01  0.000000e+00
   outer loop
     vertex -1.265610e+02 -7.955029e+01  1.400000e+01
     vertex -1.265610e+02 -7.955029e+01  0.000000e+00
     vertex -1.266029e+02 -7.950688e+01  0.000000e+00
   endloop
 endfacet
 facet normal  6.997940e-01  7.143447e-01  0.000000e+00
   outer loop
     vertex -1.265178e+02 -7.959253e+01  1.400000e+01
     vertex -1.265610e+02 -7.955029e+01  0.000000e+00
     vertex -1.265610e+02 -7.955029e+01  1.400000e+01
   endloop
 endfacet
 facet normal  6.997940e-01  7.143447e-01  0.000000e+00
   outer loop
     vertex -1.265178e+02 -7.959253e+01  1.400000e+01
     vertex -1.265178e+02 -7.959253e+01  0.000000e+00
     vertex -1.265610e+02 -7.955029e+01  0.000000e+00
   endloop
 endfacet
 facet normal  6.799333e-01  7.332740e-01  0.000000e+00
   outer loop
     vertex -1.264736e+02 -7.963357e+01  1.400000e+01
     vertex -1.265178e+02 -7.959253e+01  0.000000e+00
     vertex -1.265178e+02 -7.959253e+01  1.400000e+01
   endloop
 endfacet
 facet normal  6.799333e-01  7.332740e-01  0.000000e+00
   outer loop
     vertex -1.264736e+02 -7.963357e+01  1.400000e+01
     vertex -1.264736e+02 -7.963357e+01  0.000000e+00
     vertex -1.265178e+02 -7.959253e+01  0.000000e+00
   endloop
 endfacet
 facet normal  6.595607e-01  7.516513e-01  0.000000e+00
   outer loop
     vertex -1.264282e+02 -7.967338e+01  1.400000e+01
     vertex -1.264736e+02 -7.963357e+01  0.000000e+00
     vertex -1.264736e+02 -7.963357e+01  1.400000e+01
   endloop
 endfacet
 facet normal  6.595607e-01  7.516513e-01  0.000000e+00
   outer loop
     vertex -1.264282e+02 -7.967338e+01  1.400000e+01
     vertex -1.264282e+02 -7.967338e+01  0.000000e+00
     vertex -1.264736e+02 -7.963357e+01  0.000000e+00
   endloop
 endfacet
 facet normal  6.386916e-01  7.694628e-01  0.000000e+00
   outer loop
     vertex -1.263818e+02 -7.971193e+01  1.400000e+01
     vertex -1.264282e+02 -7.967338e+01  0.000000e+00
     vertex -1.264282e+02 -7.967338e+01  1.400000e+01
   endloop
 endfacet
 facet normal  6.386916e-01  7.694628e-01  0.000000e+00
   outer loop
     vertex -1.263818e+02 -7.971193e+01  1.400000e+01
     vertex -1.263818e+02 -7.971193e+01  0.000000e+00
     vertex -1.264282e+02 -7.967338e+01  0.000000e+00
   endloop
 endfacet
 facet normal  6.173417e-01  7.866951e-01  0.000000e+00
   outer loop
     vertex -1.263343e+02 -7.974920e+01  1.400000e+01
     vertex -1.263818e+02 -7.971193e+01  0.000000e+00
     vertex -1.263818e+02 -7.971193e+01  1.400000e+01
   endloop
 endfacet
 facet normal  6.173417e-01  7.866951e-01  0.000000e+00
   outer loop
     vertex -1.263343e+02 -7.974920e+01  1.400000e+01
     vertex -1.263343e+02 -7.974920e+01  0.000000e+00
     vertex -1.263818e+02 -7.971193e+01  0.000000e+00
   endloop
 endfacet
 facet normal  5.955271e-01  8.033352e-01  0.000000e+00
   outer loop
     vertex -1.262858e+02 -7.978514e+01  1.400000e+01
     vertex -1.263343e+02 -7.974920e+01  0.000000e+00
     vertex -1.263343e+02 -7.974920e+01  1.400000e+01
   endloop
 endfacet
 facet normal  5.955271e-01  8.033352e-01  0.000000e+00
   outer loop
     vertex -1.262858e+02 -7.978514e+01  1.400000e+01
     vertex -1.262858e+02 -7.978514e+01  0.000000e+00
     vertex -1.263343e+02 -7.974920e+01  0.000000e+00
   endloop
 endfacet
 facet normal  5.732642e-01  8.193706e-01  0.000000e+00
   outer loop
     vertex -1.262363e+02 -7.981975e+01  1.400000e+01
     vertex -1.262858e+02 -7.978514e+01  0.000000e+00
     vertex -1.262858e+02 -7.978514e+01  1.400000e+01
   endloop
 endfacet
 facet normal  5.732642e-01  8.193706e-01  0.000000e+00
   outer loop
     vertex -1.262363e+02 -7.981975e+01  1.400000e+01
     vertex -1.262363e+02 -7.981975e+01  0.000000e+00
     vertex -1.262858e+02 -7.978514e+01  0.000000e+00
   endloop
 endfacet
 facet normal  5.505698e-01  8.347891e-01  0.000000e+00
   outer loop
     vertex -1.261859e+02 -7.985298e+01  1.400000e+01
     vertex -1.262363e+02 -7.981975e+01  0.000000e+00
     vertex -1.262363e+02 -7.981975e+01  1.400000e+01
   endloop
 endfacet
 facet normal  5.505698e-01  8.347891e-01  0.000000e+00
   outer loop
     vertex -1.261859e+02 -7.985298e+01  1.400000e+01
     vertex -1.261859e+02 -7.985298e+01  0.000000e+00
     vertex -1.262363e+02 -7.981975e+01  0.000000e+00
   endloop
 endfacet
 facet normal  5.274609e-01  8.495793e-01  0.000000e+00
   outer loop
     vertex -1.261859e+02 -7.985298e+01  1.400000e+01
     vertex -1.261347e+02 -7.988482e+01  0.000000e+00
     vertex -1.261859e+02 -7.985298e+01  0.000000e+00
   endloop
 endfacet
 facet normal  5.274609e-01  8.495793e-01  0.000000e+00
   outer loop
     vertex -1.261347e+02 -7.988482e+01  1.400000e+01
     vertex -1.261347e+02 -7.988482e+01  0.000000e+00
     vertex -1.261859e+02 -7.985298e+01  1.400000e+01
   endloop
 endfacet
 facet normal  5.039550e-01  8.637299e-01  0.000000e+00
   outer loop
     vertex -1.260825e+02 -7.991524e+01  1.400000e+01
     vertex -1.261347e+02 -7.988482e+01  0.000000e+00
     vertex -1.261347e+02 -7.988482e+01  1.400000e+01
   endloop
 endfacet
 facet normal  5.039550e-01  8.637299e-01  0.000000e+00
   outer loop
     vertex -1.260825e+02 -7.991524e+01  1.400000e+01
     vertex -1.260825e+02 -7.991524e+01  0.000000e+00
     vertex -1.261347e+02 -7.988482e+01  0.000000e+00
   endloop
 endfacet
 facet normal  4.800697e-01  8.772303e-01  0.000000e+00
   outer loop
     vertex -1.260296e+02 -7.994421e+01  1.400000e+01
     vertex -1.260825e+02 -7.991524e+01  0.000000e+00
     vertex -1.260825e+02 -7.991524e+01  1.400000e+01
   endloop
 endfacet
 facet normal  4.800697e-01  8.772303e-01  0.000000e+00
   outer loop
     vertex -1.260296e+02 -7.994421e+01  1.400000e+01
     vertex -1.260296e+02 -7.994421e+01  0.000000e+00
     vertex -1.260825e+02 -7.991524e+01  0.000000e+00
   endloop
 endfacet
 facet normal  4.558231e-01  8.900704e-01  0.000000e+00
   outer loop
     vertex -1.259759e+02 -7.997173e+01  1.400000e+01
     vertex -1.260296e+02 -7.994421e+01  0.000000e+00
     vertex -1.260296e+02 -7.994421e+01  1.400000e+01
   endloop
 endfacet
 facet normal  4.558231e-01  8.900704e-01  0.000000e+00
   outer loop
     vertex -1.259759e+02 -7.997173e+01  1.400000e+01
     vertex -1.259759e+02 -7.997173e+01  0.000000e+00
     vertex -1.260296e+02 -7.994421e+01  0.000000e+00
   endloop
 endfacet
 facet normal  4.312333e-01  9.022405e-01  0.000000e+00
   outer loop
     vertex -1.259214e+02 -7.999776e+01  1.400000e+01
     vertex -1.259759e+02 -7.997173e+01  0.000000e+00
     vertex -1.259759e+02 -7.997173e+01  1.400000e+01
   endloop
 endfacet
 facet normal  4.312333e-01  9.022405e-01  0.000000e+00
   outer loop
     vertex -1.259214e+02 -7.999776e+01  1.400000e+01
     vertex -1.259214e+02 -7.999776e+01  0.000000e+00
     vertex -1.259759e+02 -7.997173e+01  0.000000e+00
   endloop
 endfacet
 facet normal  4.063188e-01  9.137314e-01  0.000000e+00
   outer loop
     vertex -1.258662e+02 -8.002228e+01  1.400000e+01
     vertex -1.259214e+02 -7.999776e+01  0.000000e+00
     vertex -1.259214e+02 -7.999776e+01  1.400000e+01
   endloop
 endfacet
 facet normal  4.063188e-01  9.137314e-01  0.000000e+00
   outer loop
     vertex -1.258662e+02 -8.002228e+01  1.400000e+01
     vertex -1.258662e+02 -8.002228e+01  0.000000e+00
     vertex -1.259214e+02 -7.999776e+01  0.000000e+00
   endloop
 endfacet
 facet normal  3.810986e-01  9.245344e-01  0.000000e+00
   outer loop
     vertex -1.258104e+02 -8.004529e+01  1.400000e+01
     vertex -1.258104e+02 -8.004529e+01  0.000000e+00
     vertex -1.258662e+02 -8.002228e+01  0.000000e+00
   endloop
 endfacet
 facet normal  3.810986e-01  9.245344e-01  0.000000e+00
   outer loop
     vertex -1.258104e+02 -8.004529e+01  1.400000e+01
     vertex -1.258662e+02 -8.002228e+01  0.000000e+00
     vertex -1.258662e+02 -8.002228e+01  1.400000e+01
   endloop
 endfacet
 facet normal  3.555914e-01  9.346415e-01  0.000000e+00
   outer loop
     vertex -1.257540e+02 -8.006675e+01  1.400000e+01
     vertex -1.257540e+02 -8.006675e+01  0.000000e+00
     vertex -1.258104e+02 -8.004529e+01  0.000000e+00
   endloop
 endfacet
 facet normal  3.555914e-01  9.346415e-01  0.000000e+00
   outer loop
     vertex -1.257540e+02 -8.006675e+01  1.400000e+01
     vertex -1.258104e+02 -8.004529e+01  0.000000e+00
     vertex -1.258104e+02 -8.004529e+01  1.400000e+01
   endloop
 endfacet
 facet normal  3.298166e-01  9.440450e-01  0.000000e+00
   outer loop
     vertex -1.256970e+02 -8.008666e+01  1.400000e+01
     vertex -1.256970e+02 -8.008666e+01  0.000000e+00
     vertex -1.257540e+02 -8.006675e+01  0.000000e+00
   endloop
 endfacet
 facet normal  3.037934e-01  9.527379e-01  0.000000e+00
   outer loop
     vertex -1.256970e+02 -8.008666e+01  1.400000e+01
     vertex -1.256395e+02 -8.010499e+01  0.000000e+00
     vertex -1.256970e+02 -8.008666e+01  0.000000e+00
   endloop
 endfacet
 facet normal  3.298166e-01  9.440450e-01  0.000000e+00
   outer loop
     vertex -1.256970e+02 -8.008666e+01  1.400000e+01
     vertex -1.257540e+02 -8.006675e+01  0.000000e+00
     vertex -1.257540e+02 -8.006675e+01  1.400000e+01
   endloop
 endfacet
 facet normal  3.037934e-01  9.527379e-01  0.000000e+00
   outer loop
     vertex -1.256395e+02 -8.010499e+01  1.400000e+01
     vertex -1.256395e+02 -8.010499e+01  0.000000e+00
     vertex -1.256970e+02 -8.008666e+01  1.400000e+01
   endloop
 endfacet
 facet normal  2.775416e-01  9.607136e-01  0.000000e+00
   outer loop
     vertex -1.255815e+02 -8.012175e+01  1.400000e+01
     vertex -1.256395e+02 -8.010499e+01  0.000000e+00
     vertex -1.256395e+02 -8.010499e+01  1.400000e+01
   endloop
 endfacet
 facet normal  2.775416e-01  9.607136e-01  0.000000e+00
   outer loop
     vertex -1.255815e+02 -8.012175e+01  1.400000e+01
     vertex -1.255815e+02 -8.012175e+01  0.000000e+00
     vertex -1.256395e+02 -8.010499e+01  0.000000e+00
   endloop
 endfacet
 facet normal  2.510809e-01  9.679661e-01  0.000000e+00
   outer loop
     vertex -1.255231e+02 -8.013690e+01  1.400000e+01
     vertex -1.255815e+02 -8.012175e+01  0.000000e+00
     vertex -1.255815e+02 -8.012175e+01  1.400000e+01
   endloop
 endfacet
 facet normal  2.510809e-01  9.679661e-01  0.000000e+00
   outer loop
     vertex -1.255231e+02 -8.013690e+01  1.400000e+01
     vertex -1.255231e+02 -8.013690e+01  0.000000e+00
     vertex -1.255815e+02 -8.012175e+01  0.000000e+00
   endloop
 endfacet
 facet normal  2.244312e-01  9.744899e-01  0.000000e+00
   outer loop
     vertex -1.254643e+02 -8.015045e+01  1.400000e+01
     vertex -1.255231e+02 -8.013690e+01  0.000000e+00
     vertex -1.255231e+02 -8.013690e+01  1.400000e+01
   endloop
 endfacet
 facet normal  2.244312e-01  9.744899e-01  0.000000e+00
   outer loop
     vertex -1.254643e+02 -8.015045e+01  1.400000e+01
     vertex -1.254643e+02 -8.015045e+01  0.000000e+00
     vertex -1.255231e+02 -8.013690e+01  0.000000e+00
   endloop
 endfacet
 facet normal  1.976125e-01  9.802802e-01  0.000000e+00
   outer loop
     vertex -1.254643e+02 -8.015045e+01  1.400000e+01
     vertex -1.254051e+02 -8.016238e+01  0.000000e+00
     vertex -1.254643e+02 -8.015045e+01  0.000000e+00
   endloop
 endfacet
 facet normal  1.976125e-01  9.802802e-01  0.000000e+00
   outer loop
     vertex -1.254051e+02 -8.016238e+01  1.400000e+01
     vertex -1.254051e+02 -8.016238e+01  0.000000e+00
     vertex -1.254643e+02 -8.015045e+01  1.400000e+01
   endloop
 endfacet
 facet normal  1.706451e-01  9.853326e-01  0.000000e+00
   outer loop
     vertex -1.253456e+02 -8.017268e+01  1.400000e+01
     vertex -1.254051e+02 -8.016238e+01  0.000000e+00
     vertex -1.254051e+02 -8.016238e+01  1.400000e+01
   endloop
 endfacet
 facet normal  1.706451e-01  9.853326e-01  0.000000e+00
   outer loop
     vertex -1.253456e+02 -8.017268e+01  1.400000e+01
     vertex -1.253456e+02 -8.017268e+01  0.000000e+00
     vertex -1.254051e+02 -8.016238e+01  0.000000e+00
   endloop
 endfacet
 facet normal  1.435492e-01  9.896432e-01  0.000000e+00
   outer loop
     vertex -1.252859e+02 -8.018134e+01  1.400000e+01
     vertex -1.253456e+02 -8.017268e+01  0.000000e+00
     vertex -1.253456e+02 -8.017268e+01  1.400000e+01
   endloop
 endfacet
 facet normal  1.435492e-01  9.896432e-01  0.000000e+00
   outer loop
     vertex -1.252859e+02 -8.018134e+01  1.400000e+01
     vertex -1.252859e+02 -8.018134e+01  0.000000e+00
     vertex -1.253456e+02 -8.017268e+01  0.000000e+00
   endloop
 endfacet
 facet normal  1.163452e-01  9.932088e-01  0.000000e+00
   outer loop
     vertex -1.252859e+02 -8.018134e+01  1.400000e+01
     vertex -1.252260e+02 -8.018837e+01  0.000000e+00
     vertex -1.252859e+02 -8.018134e+01  0.000000e+00
   endloop
 endfacet
 facet normal  1.163452e-01  9.932088e-01  0.000000e+00
   outer loop
     vertex -1.252260e+02 -8.018837e+01  1.400000e+01
     vertex -1.252260e+02 -8.018837e+01  0.000000e+00
     vertex -1.252859e+02 -8.018134e+01  1.400000e+01
   endloop
 endfacet
 facet normal  8.905371e-02  9.960268e-01  0.000000e+00
   outer loop
     vertex -1.251658e+02 -8.019374e+01  1.400000e+01
     vertex -1.252260e+02 -8.018837e+01  0.000000e+00
     vertex -1.252260e+02 -8.018837e+01  1.400000e+01
   endloop
 endfacet
 facet normal  8.905371e-02  9.960268e-01  0.000000e+00
   outer loop
     vertex -1.251658e+02 -8.019374e+01  1.400000e+01
     vertex -1.251658e+02 -8.019374e+01  0.000000e+00
     vertex -1.252260e+02 -8.018837e+01  0.000000e+00
   endloop
 endfacet
 facet normal  6.169515e-02  9.980950e-01  0.000000e+00
   outer loop
     vertex -1.251658e+02 -8.019374e+01  1.400000e+01
     vertex -1.251056e+02 -8.019746e+01  0.000000e+00
     vertex -1.251658e+02 -8.019374e+01  0.000000e+00
   endloop
 endfacet
 facet normal  6.169515e-02  9.980950e-01  0.000000e+00
   outer loop
     vertex -1.251056e+02 -8.019746e+01  1.400000e+01
     vertex -1.251056e+02 -8.019746e+01  0.000000e+00
     vertex -1.251658e+02 -8.019374e+01  1.400000e+01
   endloop
 endfacet
 facet normal  3.429014e-02  9.994119e-01  0.000000e+00
   outer loop
     vertex -1.250453e+02 -8.019953e+01  1.400000e+01
     vertex -1.251056e+02 -8.019746e+01  0.000000e+00
     vertex -1.251056e+02 -8.019746e+01  1.400000e+01
   endloop
 endfacet
 facet normal  3.429014e-02  9.994119e-01  0.000000e+00
   outer loop
     vertex -1.250453e+02 -8.019953e+01  1.400000e+01
     vertex -1.250453e+02 -8.019953e+01  0.000000e+00
     vertex -1.251056e+02 -8.019746e+01  0.000000e+00
   endloop
 endfacet
 facet normal  6.859319e-03  9.999765e-01  0.000000e+00
   outer loop
     vertex -1.249849e+02 -8.019995e+01  1.400000e+01
     vertex -1.250453e+02 -8.019953e+01  0.000000e+00
     vertex -1.250453e+02 -8.019953e+01  1.400000e+01
   endloop
 endfacet
 facet normal  6.859319e-03  9.999765e-01  0.000000e+00
   outer loop
     vertex -1.249849e+02 -8.019995e+01  1.400000e+01
     vertex -1.249849e+02 -8.019995e+01  0.000000e+00
     vertex -1.250453e+02 -8.019953e+01  0.000000e+00
   endloop
 endfacet
 facet normal -2.057667e-02  9.997883e-01  0.000000e+00
   outer loop
     vertex -1.249849e+02 -8.019995e+01  1.400000e+01
     vertex -1.249246e+02 -8.019871e+01  0.000000e+00
     vertex -1.249849e+02 -8.019995e+01  0.000000e+00
   endloop
 endfacet
 facet normal -4.799716e-02  9.988475e-01  0.000000e+00
   outer loop
     vertex -1.249246e+02 -8.019871e+01  1.400000e+01
     vertex -1.248643e+02 -8.019581e+01  0.000000e+00
     vertex -1.249246e+02 -8.019871e+01  0.000000e+00
   endloop
 endfacet
 facet normal -2.057667e-02  9.997883e-01  0.000000e+00
   outer loop
     vertex -1.249246e+02 -8.019871e+01  1.400000e+01
     vertex -1.249246e+02 -8.019871e+01  0.000000e+00
     vertex -1.249849e+02 -8.019995e+01  1.400000e+01
   endloop
 endfacet
 facet normal -4.799716e-02  9.988475e-01  0.000000e+00
   outer loop
     vertex -1.248643e+02 -8.019581e+01  1.400000e+01
     vertex -1.248643e+02 -8.019581e+01  0.000000e+00
     vertex -1.249246e+02 -8.019871e+01  1.400000e+01
   endloop
 endfacet
 facet normal -7.538152e-02  9.971548e-01  0.000000e+00
   outer loop
     vertex -1.248041e+02 -8.019126e+01  1.400000e+01
     vertex -1.248041e+02 -8.019126e+01  0.000000e+00
     vertex -1.248643e+02 -8.019581e+01  0.000000e+00
   endloop
 endfacet
 facet normal -7.538152e-02  9.971548e-01  0.000000e+00
   outer loop
     vertex -1.248041e+02 -8.019126e+01  1.400000e+01
     vertex -1.248643e+02 -8.019581e+01  0.000000e+00
     vertex -1.248643e+02 -8.019581e+01  1.400000e+01
   endloop
 endfacet
 facet normal -1.027091e-01  9.947114e-01  0.000000e+00
   outer loop
     vertex -1.247440e+02 -8.018506e+01  1.400000e+01
     vertex -1.247440e+02 -8.018506e+01  0.000000e+00
     vertex -1.248041e+02 -8.019126e+01  0.000000e+00
   endloop
 endfacet
 facet normal -1.299594e-01  9.915193e-01  0.000000e+00
   outer loop
     vertex -1.247440e+02 -8.018506e+01  1.400000e+01
     vertex -1.246842e+02 -8.017722e+01  0.000000e+00
     vertex -1.247440e+02 -8.018506e+01  0.000000e+00
   endloop
 endfacet
 facet normal -1.027091e-01  9.947114e-01  0.000000e+00
   outer loop
     vertex -1.247440e+02 -8.018506e+01  1.400000e+01
     vertex -1.248041e+02 -8.019126e+01  0.000000e+00
     vertex -1.248041e+02 -8.019126e+01  1.400000e+01
   endloop
 endfacet
 facet normal -1.299594e-01  9.915193e-01  0.000000e+00
   outer loop
     vertex -1.246842e+02 -8.017722e+01  1.400000e+01
     vertex -1.246842e+02 -8.017722e+01  0.000000e+00
     vertex -1.247440e+02 -8.018506e+01  1.400000e+01
   endloop
 endfacet
 facet normal -1.571119e-01  9.875808e-01  0.000000e+00
   outer loop
     vertex -1.246246e+02 -8.016773e+01  1.400000e+01
     vertex -1.246246e+02 -8.016773e+01  0.000000e+00
     vertex -1.246842e+02 -8.017722e+01  0.000000e+00
   endloop
 endfacet
 facet normal -1.571119e-01  9.875808e-01  0.000000e+00
   outer loop
     vertex -1.246246e+02 -8.016773e+01  1.400000e+01
     vertex -1.246842e+02 -8.017722e+01  0.000000e+00
     vertex -1.246842e+02 -8.017722e+01  1.400000e+01
   endloop
 endfacet
 facet normal -1.841461e-01  9.828989e-01  0.000000e+00
   outer loop
     vertex -1.245653e+02 -8.015662e+01  1.400000e+01
     vertex -1.245653e+02 -8.015662e+01  0.000000e+00
     vertex -1.246246e+02 -8.016773e+01  0.000000e+00
   endloop
 endfacet
 facet normal -1.841461e-01  9.828989e-01  0.000000e+00
   outer loop
     vertex -1.245653e+02 -8.015662e+01  1.400000e+01
     vertex -1.246246e+02 -8.016773e+01  0.000000e+00
     vertex -1.246246e+02 -8.016773e+01  1.400000e+01
   endloop
 endfacet
 facet normal -2.110417e-01  9.774771e-01  0.000000e+00
   outer loop
     vertex -1.245063e+02 -8.014388e+01  1.400000e+01
     vertex -1.245063e+02 -8.014388e+01  0.000000e+00
     vertex -1.245653e+02 -8.015662e+01  0.000000e+00
   endloop
 endfacet
 facet normal -2.110417e-01  9.774771e-01  0.000000e+00
   outer loop
     vertex -1.245063e+02 -8.014388e+01  1.400000e+01
     vertex -1.245653e+02 -8.015662e+01  0.000000e+00
     vertex -1.245653e+02 -8.015662e+01  1.400000e+01
   endloop
 endfacet
 facet normal -2.377784e-01  9.713194e-01  0.000000e+00
   outer loop
     vertex -1.244476e+02 -8.012953e+01  1.400000e+01
     vertex -1.244476e+02 -8.012953e+01  0.000000e+00
     vertex -1.245063e+02 -8.014388e+01  0.000000e+00
   endloop
 endfacet
 facet normal -2.377784e-01  9.713194e-01  0.000000e+00
   outer loop
     vertex -1.244476e+02 -8.012953e+01  1.400000e+01
     vertex -1.245063e+02 -8.014388e+01  0.000000e+00
     vertex -1.245063e+02 -8.014388e+01  1.400000e+01
   endloop
 endfacet
 facet normal -2.643362e-01  9.644306e-01  0.000000e+00
   outer loop
     vertex -1.243894e+02 -8.011357e+01  1.400000e+01
     vertex -1.243894e+02 -8.011357e+01  0.000000e+00
     vertex -1.244476e+02 -8.012953e+01  0.000000e+00
   endloop
 endfacet
 facet normal -2.643362e-01  9.644306e-01  0.000000e+00
   outer loop
     vertex -1.243894e+02 -8.011357e+01  1.400000e+01
     vertex -1.244476e+02 -8.012953e+01  0.000000e+00
     vertex -1.244476e+02 -8.012953e+01  1.400000e+01
   endloop
 endfacet
 facet normal -2.906949e-01  9.568158e-01  0.000000e+00
   outer loop
     vertex -1.243317e+02 -8.009602e+01  1.400000e+01
     vertex -1.243317e+02 -8.009602e+01  0.000000e+00
     vertex -1.243894e+02 -8.011357e+01  0.000000e+00
   endloop
 endfacet
 facet normal -3.168348e-01  9.484807e-01  0.000000e+00
   outer loop
     vertex -1.243317e+02 -8.009602e+01  1.400000e+01
     vertex -1.242744e+02 -8.007690e+01  0.000000e+00
     vertex -1.243317e+02 -8.009602e+01  0.000000e+00
   endloop
 endfacet
 facet normal -2.906949e-01  9.568158e-01  0.000000e+00
   outer loop
     vertex -1.243317e+02 -8.009602e+01  1.400000e+01
     vertex -1.243894e+02 -8.011357e+01  0.000000e+00
     vertex -1.243894e+02 -8.011357e+01  1.400000e+01
   endloop
 endfacet
 facet normal -3.427362e-01  9.394317e-01  0.000000e+00
   outer loop
     vertex -1.242744e+02 -8.007690e+01  1.400000e+01
     vertex -1.242177e+02 -8.005621e+01  0.000000e+00
     vertex -1.242744e+02 -8.007690e+01  0.000000e+00
   endloop
 endfacet
 facet normal -3.168348e-01  9.484807e-01  0.000000e+00
   outer loop
     vertex -1.242744e+02 -8.007690e+01  1.400000e+01
     vertex -1.242744e+02 -8.007690e+01  0.000000e+00
     vertex -1.243317e+02 -8.009602e+01  1.400000e+01
   endloop
 endfacet
 facet normal -3.427362e-01  9.394317e-01  0.000000e+00
   outer loop
     vertex -1.242177e+02 -8.005621e+01  1.400000e+01
     vertex -1.242177e+02 -8.005621e+01  0.000000e+00
     vertex -1.242744e+02 -8.007690e+01  1.400000e+01
   endloop
 endfacet
 facet normal -3.683796e-01  9.296754e-01  0.000000e+00
   outer loop
     vertex -1.241616e+02 -8.003398e+01  1.400000e+01
     vertex -1.241616e+02 -8.003398e+01  0.000000e+00
     vertex -1.242177e+02 -8.005621e+01  0.000000e+00
   endloop
 endfacet
 facet normal -3.937458e-01  9.192194e-01  0.000000e+00
   outer loop
     vertex -1.241616e+02 -8.003398e+01  1.400000e+01
     vertex -1.241061e+02 -8.001021e+01  0.000000e+00
     vertex -1.241616e+02 -8.003398e+01  0.000000e+00
   endloop
 endfacet
 facet normal -3.683796e-01  9.296754e-01  0.000000e+00
   outer loop
     vertex -1.241616e+02 -8.003398e+01  1.400000e+01
     vertex -1.242177e+02 -8.005621e+01  0.000000e+00
     vertex -1.242177e+02 -8.005621e+01  1.400000e+01
   endloop
 endfacet
 facet normal -3.937458e-01  9.192194e-01  0.000000e+00
   outer loop
     vertex -1.241061e+02 -8.001021e+01  1.400000e+01
     vertex -1.241061e+02 -8.001021e+01  0.000000e+00
     vertex -1.241616e+02 -8.003398e+01  1.400000e+01
   endloop
 endfacet
 facet normal -4.188155e-01  9.080714e-01  0.000000e+00
   outer loop
     vertex -1.240513e+02 -7.998493e+01  1.400000e+01
     vertex -1.241061e+02 -8.001021e+01  0.000000e+00
     vertex -1.241061e+02 -8.001021e+01  1.400000e+01
   endloop
 endfacet
 facet normal -4.188155e-01  9.080714e-01  0.000000e+00
   outer loop
     vertex -1.240513e+02 -7.998493e+01  1.400000e+01
     vertex -1.240513e+02 -7.998493e+01  0.000000e+00
     vertex -1.241061e+02 -8.001021e+01  0.000000e+00
   endloop
 endfacet
 facet normal -4.435699e-01  8.962398e-01  0.000000e+00
   outer loop
     vertex -1.239972e+02 -7.995815e+01  1.400000e+01
     vertex -1.240513e+02 -7.998493e+01  0.000000e+00
     vertex -1.240513e+02 -7.998493e+01  1.400000e+01
   endloop
 endfacet
 facet normal -4.435699e-01  8.962398e-01  0.000000e+00
   outer loop
     vertex -1.239972e+02 -7.995815e+01  1.400000e+01
     vertex -1.239972e+02 -7.995815e+01  0.000000e+00
     vertex -1.240513e+02 -7.998493e+01  0.000000e+00
   endloop
 endfacet
 facet normal -4.679904e-01  8.837335e-01  0.000000e+00
   outer loop
     vertex -1.239972e+02 -7.995815e+01  1.400000e+01
     vertex -1.239438e+02 -7.992991e+01  0.000000e+00
     vertex -1.239972e+02 -7.995815e+01  0.000000e+00
   endloop
 endfacet
 facet normal -4.679904e-01  8.837335e-01  0.000000e+00
   outer loop
     vertex -1.239438e+02 -7.992991e+01  1.400000e+01
     vertex -1.239438e+02 -7.992991e+01  0.000000e+00
     vertex -1.239972e+02 -7.995815e+01  1.400000e+01
   endloop
 endfacet
 facet normal -4.920587e-01  8.705620e-01  0.000000e+00
   outer loop
     vertex -1.238913e+02 -7.990021e+01  1.400000e+01
     vertex -1.238913e+02 -7.990021e+01  0.000000e+00
     vertex -1.239438e+02 -7.992991e+01  0.000000e+00
   endloop
 endfacet
 facet normal -5.157565e-01  8.567352e-01  0.000000e+00
   outer loop
     vertex -1.238913e+02 -7.990021e+01  1.400000e+01
     vertex -1.238396e+02 -7.986907e+01  0.000000e+00
     vertex -1.238913e+02 -7.990021e+01  0.000000e+00
   endloop
 endfacet
 facet normal -4.920587e-01  8.705620e-01  0.000000e+00
   outer loop
     vertex -1.238913e+02 -7.990021e+01  1.400000e+01
     vertex -1.239438e+02 -7.992991e+01  0.000000e+00
     vertex -1.239438e+02 -7.992991e+01  1.400000e+01
   endloop
 endfacet
 facet normal -5.390661e-01  8.422635e-01  0.000000e+00
   outer loop
     vertex -1.238396e+02 -7.986907e+01  1.400000e+01
     vertex -1.237887e+02 -7.983654e+01  0.000000e+00
     vertex -1.238396e+02 -7.986907e+01  0.000000e+00
   endloop
 endfacet
 facet normal -5.157565e-01  8.567352e-01  0.000000e+00
   outer loop
     vertex -1.238396e+02 -7.986907e+01  1.400000e+01
     vertex -1.238396e+02 -7.986907e+01  0.000000e+00
     vertex -1.238913e+02 -7.990021e+01  1.400000e+01
   endloop
 endfacet
 facet normal -5.390661e-01  8.422635e-01  0.000000e+00
   outer loop
     vertex -1.237887e+02 -7.983654e+01  1.400000e+01
     vertex -1.237887e+02 -7.983654e+01  0.000000e+00
     vertex -1.238396e+02 -7.986907e+01  1.400000e+01
   endloop
 endfacet
 facet normal -5.619699e-01  8.271577e-01  0.000000e+00
   outer loop
     vertex -1.237388e+02 -7.980262e+01  1.400000e+01
     vertex -1.237388e+02 -7.980262e+01  0.000000e+00
     vertex -1.237887e+02 -7.983654e+01  0.000000e+00
   endloop
 endfacet
 facet normal -5.619699e-01  8.271577e-01  0.000000e+00
   outer loop
     vertex -1.237388e+02 -7.980262e+01  1.400000e+01
     vertex -1.237887e+02 -7.983654e+01  0.000000e+00
     vertex -1.237887e+02 -7.983654e+01  1.400000e+01
   endloop
 endfacet
 facet normal -5.844507e-01  8.114292e-01  0.000000e+00
   outer loop
     vertex -1.236898e+02 -7.976734e+01  1.400000e+01
     vertex -1.236898e+02 -7.976734e+01  0.000000e+00
     vertex -1.237388e+02 -7.980262e+01  0.000000e+00
   endloop
 endfacet
 facet normal -6.064915e-01  7.950900e-01  0.000000e+00
   outer loop
     vertex -1.236898e+02 -7.976734e+01  1.400000e+01
     vertex -1.236418e+02 -7.973073e+01  0.000000e+00
     vertex -1.236898e+02 -7.976734e+01  0.000000e+00
   endloop
 endfacet
 facet normal -5.844507e-01  8.114292e-01  0.000000e+00
   outer loop
     vertex -1.236898e+02 -7.976734e+01  1.400000e+01
     vertex -1.237388e+02 -7.980262e+01  0.000000e+00
     vertex -1.237388e+02 -7.980262e+01  1.400000e+01
   endloop
 endfacet
 facet normal -6.064915e-01  7.950900e-01  0.000000e+00
   outer loop
     vertex -1.236418e+02 -7.973073e+01  1.400000e+01
     vertex -1.236418e+02 -7.973073e+01  0.000000e+00
     vertex -1.236898e+02 -7.976734e+01  1.400000e+01
   endloop
 endfacet
 facet normal -6.280757e-01  7.781522e-01  0.000000e+00
   outer loop
     vertex -1.235949e+02 -7.969282e+01  1.400000e+01
     vertex -1.235949e+02 -7.969282e+01  0.000000e+00
     vertex -1.236418e+02 -7.973073e+01  0.000000e+00
   endloop
 endfacet
 facet normal -6.491872e-01  7.606287e-01  0.000000e+00
   outer loop
     vertex -1.235949e+02 -7.969282e+01  1.400000e+01
     vertex -1.235490e+02 -7.965363e+01  0.000000e+00
     vertex -1.235949e+02 -7.969282e+01  0.000000e+00
   endloop
 endfacet
 facet normal -6.280757e-01  7.781522e-01  0.000000e+00
   outer loop
     vertex -1.235949e+02 -7.969282e+01  1.400000e+01
     vertex -1.236418e+02 -7.973073e+01  0.000000e+00
     vertex -1.236418e+02 -7.973073e+01  1.400000e+01
   endloop
 endfacet
 facet normal -6.491872e-01  7.606287e-01  0.000000e+00
   outer loop
     vertex -1.235490e+02 -7.965363e+01  1.400000e+01
     vertex -1.235490e+02 -7.965363e+01  0.000000e+00
     vertex -1.235949e+02 -7.969282e+01  1.400000e+01
   endloop
 endfacet
 facet normal -6.698100e-01  7.425325e-01  0.000000e+00
   outer loop
     vertex -1.235490e+02 -7.965363e+01  1.400000e+01
     vertex -1.235041e+02 -7.961320e+01  0.000000e+00
     vertex -1.235490e+02 -7.965363e+01  0.000000e+00
   endloop
 endfacet
 facet normal -6.698100e-01  7.425325e-01  0.000000e+00
   outer loop
     vertex -1.235041e+02 -7.961320e+01  1.400000e+01
     vertex -1.235041e+02 -7.961320e+01  0.000000e+00
     vertex -1.235490e+02 -7.965363e+01  1.400000e+01
   endloop
 endfacet
 facet normal -6.899286e-01  7.238775e-01  0.000000e+00
   outer loop
     vertex -1.234605e+02 -7.957156e+01  1.400000e+01
     vertex -1.234605e+02 -7.957156e+01  0.000000e+00
     vertex -1.235041e+02 -7.961320e+01  0.000000e+00
   endloop
 endfacet
 facet normal -7.095278e-01  7.046775e-01  0.000000e+00
   outer loop
     vertex -1.234605e+02 -7.957156e+01  1.400000e+01
     vertex -1.234179e+02 -7.952873e+01  0.000000e+00
     vertex -1.234605e+02 -7.957156e+01  0.000000e+00
   endloop
 endfacet
 facet normal -6.899286e-01  7.238775e-01  0.000000e+00
   outer loop
     vertex -1.234605e+02 -7.957156e+01  1.400000e+01
     vertex -1.235041e+02 -7.961320e+01  0.000000e+00
     vertex -1.235041e+02 -7.961320e+01  1.400000e+01
   endloop
 endfacet
 facet normal -7.285929e-01  6.849470e-01  0.000000e+00
   outer loop
     vertex -1.234179e+02 -7.952873e+01  1.400000e+01
     vertex -1.233766e+02 -7.948475e+01  0.000000e+00
     vertex -1.234179e+02 -7.952873e+01  0.000000e+00
   endloop
 endfacet
 facet normal -7.095278e-01  7.046775e-01  0.000000e+00
   outer loop
     vertex -1.234179e+02 -7.952873e+01  1.400000e+01
     vertex -1.234179e+02 -7.952873e+01  0.000000e+00
     vertex -1.234605e+02 -7.957156e+01  1.400000e+01
   endloop
 endfacet
 facet normal -7.285929e-01  6.849470e-01  0.000000e+00
   outer loop
     vertex -1.233766e+02 -7.948475e+01  1.400000e+01
     vertex -1.233766e+02 -7.948475e+01  0.000000e+00
     vertex -1.234179e+02 -7.952873e+01  1.400000e+01
   endloop
 endfacet
 facet normal -7.471095e-01  6.647010e-01  0.000000e+00
   outer loop
     vertex -1.233365e+02 -7.943966e+01  1.400000e+01
     vertex -1.233365e+02 -7.943966e+01  0.000000e+00
     vertex -1.233766e+02 -7.948475e+01  0.000000e+00
   endloop
 endfacet
 facet normal -7.650637e-01  6.439545e-01  0.000000e+00
   outer loop
     vertex -1.233365e+02 -7.943966e+01  1.400000e+01
     vertex -1.232976e+02 -7.939348e+01  0.000000e+00
     vertex -1.233365e+02 -7.943966e+01  0.000000e+00
   endloop
 endfacet
 facet normal -7.471095e-01  6.647010e-01  0.000000e+00
   outer loop
     vertex -1.233365e+02 -7.943966e+01  1.400000e+01
     vertex -1.233766e+02 -7.948475e+01  0.000000e+00
     vertex -1.233766e+02 -7.948475e+01  1.400000e+01
   endloop
 endfacet
 facet normal -7.824421e-01  6.227234e-01  0.000000e+00
   outer loop
     vertex -1.232976e+02 -7.939348e+01  1.400000e+01
     vertex -1.232600e+02 -7.934625e+01  0.000000e+00
     vertex -1.232976e+02 -7.939348e+01  0.000000e+00
   endloop
 endfacet
 facet normal -7.650637e-01  6.439545e-01  0.000000e+00
   outer loop
     vertex -1.232976e+02 -7.939348e+01  1.400000e+01
     vertex -1.232976e+02 -7.939348e+01  0.000000e+00
     vertex -1.233365e+02 -7.943966e+01  1.400000e+01
   endloop
 endfacet
 facet normal -7.824421e-01  6.227234e-01  0.000000e+00
   outer loop
     vertex -1.232600e+02 -7.934625e+01  1.400000e+01
     vertex -1.232600e+02 -7.934625e+01  0.000000e+00
     vertex -1.232976e+02 -7.939348e+01  1.400000e+01
   endloop
 endfacet
 facet normal -7.992314e-01  6.010234e-01  0.000000e+00
   outer loop
     vertex -1.232237e+02 -7.929801e+01  1.400000e+01
     vertex -1.232237e+02 -7.929801e+01  0.000000e+00
     vertex -1.232600e+02 -7.934625e+01  0.000000e+00
   endloop
 endfacet
 facet normal -7.992314e-01  6.010234e-01  0.000000e+00
   outer loop
     vertex -1.232237e+02 -7.929801e+01  1.400000e+01
     vertex -1.232600e+02 -7.934625e+01  0.000000e+00
     vertex -1.232600e+02 -7.934625e+01  1.400000e+01
   endloop
 endfacet
 facet normal -8.154191e-01  5.788711e-01  0.000000e+00
   outer loop
     vertex -1.231888e+02 -7.924879e+01  1.400000e+01
     vertex -1.231888e+02 -7.924879e+01  0.000000e+00
     vertex -1.232237e+02 -7.929801e+01  0.000000e+00
   endloop
 endfacet
 facet normal -8.309929e-01  5.562829e-01  0.000000e+00
   outer loop
     vertex -1.231888e+02 -7.924879e+01  1.400000e+01
     vertex -1.231552e+02 -7.919863e+01  0.000000e+00
     vertex -1.231888e+02 -7.924879e+01  0.000000e+00
   endloop
 endfacet
 facet normal -8.154191e-01  5.788711e-01  0.000000e+00
   outer loop
     vertex -1.231888e+02 -7.924879e+01  1.400000e+01
     vertex -1.232237e+02 -7.929801e+01  0.000000e+00
     vertex -1.232237e+02 -7.929801e+01  1.400000e+01
   endloop
 endfacet
 facet normal -8.309929e-01  5.562829e-01  0.000000e+00
   outer loop
     vertex -1.231552e+02 -7.919863e+01  1.400000e+01
     vertex -1.231552e+02 -7.919863e+01  0.000000e+00
     vertex -1.231888e+02 -7.924879e+01  1.400000e+01
   endloop
 endfacet
 facet normal -8.459413e-01  5.332761e-01  0.000000e+00
   outer loop
     vertex -1.231230e+02 -7.914757e+01  1.400000e+01
     vertex -1.231230e+02 -7.914757e+01  0.000000e+00
     vertex -1.231552e+02 -7.919863e+01  0.000000e+00
   endloop
 endfacet
 facet normal -8.602528e-01  5.098678e-01  0.000000e+00
   outer loop
     vertex -1.231230e+02 -7.914757e+01  1.400000e+01
     vertex -1.230922e+02 -7.909564e+01  0.000000e+00
     vertex -1.231230e+02 -7.914757e+01  0.000000e+00
   endloop
 endfacet
 facet normal -8.459413e-01  5.332761e-01  0.000000e+00
   outer loop
     vertex -1.231230e+02 -7.914757e+01  1.400000e+01
     vertex -1.231552e+02 -7.919863e+01  0.000000e+00
     vertex -1.231552e+02 -7.919863e+01  1.400000e+01
   endloop
 endfacet
 facet normal -8.739167e-01  4.860756e-01  0.000000e+00
   outer loop
     vertex -1.230922e+02 -7.909564e+01  1.400000e+01
     vertex -1.230629e+02 -7.904289e+01  0.000000e+00
     vertex -1.230922e+02 -7.909564e+01  0.000000e+00
   endloop
 endfacet
 facet normal -8.602528e-01  5.098678e-01  0.000000e+00
   outer loop
     vertex -1.230922e+02 -7.909564e+01  1.400000e+01
     vertex -1.230922e+02 -7.909564e+01  0.000000e+00
     vertex -1.231230e+02 -7.914757e+01  1.400000e+01
   endloop
 endfacet
 facet normal -8.739167e-01  4.860756e-01  0.000000e+00
   outer loop
     vertex -1.230629e+02 -7.904289e+01  1.400000e+01
     vertex -1.230629e+02 -7.904289e+01  0.000000e+00
     vertex -1.230922e+02 -7.909564e+01  1.400000e+01
   endloop
 endfacet
 facet normal -8.869228e-01  4.619176e-01  0.000000e+00
   outer loop
     vertex -1.230350e+02 -7.898936e+01  1.400000e+01
     vertex -1.230629e+02 -7.904289e+01  0.000000e+00
     vertex -1.230629e+02 -7.904289e+01  1.400000e+01
   endloop
 endfacet
 facet normal -8.869228e-01  4.619176e-01  0.000000e+00
   outer loop
     vertex -1.230350e+02 -7.898936e+01  1.400000e+01
     vertex -1.230350e+02 -7.898936e+01  0.000000e+00
     vertex -1.230629e+02 -7.904289e+01  0.000000e+00
   endloop
 endfacet
 facet normal -8.992613e-01  4.374119e-01  0.000000e+00
   outer loop
     vertex -1.230086e+02 -7.893508e+01  1.400000e+01
     vertex -1.230350e+02 -7.898936e+01  0.000000e+00
     vertex -1.230350e+02 -7.898936e+01  1.400000e+01
   endloop
 endfacet
 facet normal -8.992613e-01  4.374119e-01  0.000000e+00
   outer loop
     vertex -1.230086e+02 -7.893508e+01  1.400000e+01
     vertex -1.230086e+02 -7.893508e+01  0.000000e+00
     vertex -1.230350e+02 -7.898936e+01  0.000000e+00
   endloop
 endfacet
 facet normal -9.109228e-01  4.125769e-01  0.000000e+00
   outer loop
     vertex -1.229837e+02 -7.888009e+01  1.400000e+01
     vertex -1.230086e+02 -7.893508e+01  0.000000e+00
     vertex -1.230086e+02 -7.893508e+01  1.400000e+01
   endloop
 endfacet
 facet normal -9.109228e-01  4.125769e-01  0.000000e+00
   outer loop
     vertex -1.229837e+02 -7.888009e+01  1.400000e+01
     vertex -1.229837e+02 -7.888009e+01  0.000000e+00
     vertex -1.230086e+02 -7.893508e+01  0.000000e+00
   endloop
 endfacet
 facet normal -9.218986e-01  3.874313e-01  0.000000e+00
   outer loop
     vertex -1.229603e+02 -7.882445e+01  1.400000e+01
     vertex -1.229837e+02 -7.888009e+01  0.000000e+00
     vertex -1.229837e+02 -7.888009e+01  1.400000e+01
   endloop
 endfacet
 facet normal -9.218986e-01  3.874313e-01  0.000000e+00
   outer loop
     vertex -1.229603e+02 -7.882445e+01  1.400000e+01
     vertex -1.229603e+02 -7.882445e+01  0.000000e+00
     vertex -1.229837e+02 -7.888009e+01  0.000000e+00
   endloop
 endfacet
 facet normal -9.321804e-01  3.619940e-01  0.000000e+00
   outer loop
     vertex -1.229603e+02 -7.882445e+01  1.400000e+01
     vertex -1.229385e+02 -7.876818e+01  0.000000e+00
     vertex -1.229603e+02 -7.882445e+01  0.000000e+00
   endloop
 endfacet
 facet normal -9.321804e-01  3.619940e-01  0.000000e+00
   outer loop
     vertex -1.229385e+02 -7.876818e+01  1.400000e+01
     vertex -1.229385e+02 -7.876818e+01  0.000000e+00
     vertex -1.229603e+02 -7.882445e+01  1.400000e+01
   endloop
 endfacet
 facet normal -9.417605e-01  3.362843e-01  0.000000e+00
   outer loop
     vertex -1.229385e+02 -7.876818e+01  1.400000e+01
     vertex -1.229182e+02 -7.871133e+01  0.000000e+00
     vertex -1.229385e+02 -7.876818e+01  0.000000e+00
   endloop
 endfacet
 facet normal -9.417605e-01  3.362843e-01  0.000000e+00
   outer loop
     vertex -1.229182e+02 -7.871133e+01  1.400000e+01
     vertex -1.229182e+02 -7.871133e+01  0.000000e+00
     vertex -1.229385e+02 -7.876818e+01  1.400000e+01
   endloop
 endfacet
 facet normal -9.506317e-01  3.103214e-01  0.000000e+00
   outer loop
     vertex -1.228994e+02 -7.865395e+01  1.400000e+01
     vertex -1.229182e+02 -7.871133e+01  0.000000e+00
     vertex -1.229182e+02 -7.871133e+01  1.400000e+01
   endloop
 endfacet
 facet normal -9.506317e-01  3.103214e-01  0.000000e+00
   outer loop
     vertex -1.228994e+02 -7.865395e+01  1.400000e+01
     vertex -1.228994e+02 -7.865395e+01  0.000000e+00
     vertex -1.229182e+02 -7.871133e+01  0.000000e+00
   endloop
 endfacet
 facet normal -9.587873e-01  2.841250e-01  0.000000e+00
   outer loop
     vertex -1.228994e+02 -7.865395e+01  1.400000e+01
     vertex -1.228823e+02 -7.859608e+01  0.000000e+00
     vertex -1.228994e+02 -7.865395e+01  0.000000e+00
   endloop
 endfacet
 facet normal -9.587873e-01  2.841250e-01  0.000000e+00
   outer loop
     vertex -1.228823e+02 -7.859608e+01  1.400000e+01
     vertex -1.228823e+02 -7.859608e+01  0.000000e+00
     vertex -1.228994e+02 -7.865395e+01  1.400000e+01
   endloop
 endfacet
 facet normal -9.662211e-01  2.577146e-01  0.000000e+00
   outer loop
     vertex -1.228667e+02 -7.853776e+01  1.400000e+01
     vertex -1.228823e+02 -7.859608e+01  0.000000e+00
     vertex -1.228823e+02 -7.859608e+01  1.400000e+01
   endloop
 endfacet
 facet normal -9.662211e-01  2.577146e-01  0.000000e+00
   outer loop
     vertex -1.228667e+02 -7.853776e+01  1.400000e+01
     vertex -1.228667e+02 -7.853776e+01  0.000000e+00
     vertex -1.228823e+02 -7.859608e+01  0.000000e+00
   endloop
 endfacet
 facet normal -9.729276e-01  2.311102e-01  0.000000e+00
   outer loop
     vertex -1.228667e+02 -7.853776e+01  1.400000e+01
     vertex -1.228528e+02 -7.847903e+01  0.000000e+00
     vertex -1.228667e+02 -7.853776e+01  0.000000e+00
   endloop
 endfacet
 facet normal -9.729276e-01  2.311102e-01  0.000000e+00
   outer loop
     vertex -1.228528e+02 -7.847903e+01  1.400000e+01
     vertex -1.228528e+02 -7.847903e+01  0.000000e+00
     vertex -1.228667e+02 -7.853776e+01  1.400000e+01
   endloop
 endfacet
 facet normal -9.789017e-01  2.043319e-01  0.000000e+00
   outer loop
     vertex -1.228405e+02 -7.841994e+01  1.400000e+01
     vertex -1.228528e+02 -7.847903e+01  0.000000e+00
     vertex -1.228528e+02 -7.847903e+01  1.400000e+01
   endloop
 endfacet
 facet normal -9.789017e-01  2.043319e-01  0.000000e+00
   outer loop
     vertex -1.228405e+02 -7.841994e+01  1.400000e+01
     vertex -1.228405e+02 -7.841994e+01  0.000000e+00
     vertex -1.228528e+02 -7.847903e+01  0.000000e+00
   endloop
 endfacet
 facet normal -9.841389e-01  1.773998e-01  0.000000e+00
   outer loop
     vertex -1.228297e+02 -7.836054e+01  1.400000e+01
     vertex -1.228405e+02 -7.841994e+01  0.000000e+00
     vertex -1.228405e+02 -7.841994e+01  1.400000e+01
   endloop
 endfacet
 facet normal -9.841389e-01  1.773998e-01  0.000000e+00
   outer loop
     vertex -1.228297e+02 -7.836054e+01  1.400000e+01
     vertex -1.228297e+02 -7.836054e+01  0.000000e+00
     vertex -1.228405e+02 -7.841994e+01  0.000000e+00
   endloop
 endfacet
 facet normal -9.886353e-01  1.503341e-01  0.000000e+00
   outer loop
     vertex -1.228297e+02 -7.836054e+01  1.400000e+01
     vertex -1.228207e+02 -7.830087e+01  0.000000e+00
     vertex -1.228297e+02 -7.836054e+01  0.000000e+00
   endloop
 endfacet
 facet normal -9.923874e-01  1.231552e-01  0.000000e+00
   outer loop
     vertex -1.228207e+02 -7.830087e+01  1.400000e+01
     vertex -1.228132e+02 -7.824097e+01  0.000000e+00
     vertex -1.228207e+02 -7.830087e+01  0.000000e+00
   endloop
 endfacet
 facet normal -9.886353e-01  1.503341e-01  0.000000e+00
   outer loop
     vertex -1.228207e+02 -7.830087e+01  1.400000e+01
     vertex -1.228207e+02 -7.830087e+01  0.000000e+00
     vertex -1.228297e+02 -7.836054e+01  1.400000e+01
   endloop
 endfacet
 facet normal -9.923874e-01  1.231552e-01  0.000000e+00
   outer loop
     vertex -1.228132e+02 -7.824097e+01  1.400000e+01
     vertex -1.228132e+02 -7.824097e+01  0.000000e+00
     vertex -1.228207e+02 -7.830087e+01  1.400000e+01
   endloop
 endfacet
 facet normal -9.953925e-01  9.588368e-02  0.000000e+00
   outer loop
     vertex -1.228074e+02 -7.818088e+01  1.400000e+01
     vertex -1.228074e+02 -7.818088e+01  0.000000e+00
     vertex -1.228132e+02 -7.824097e+01  0.000000e+00
   endloop
 endfacet
 facet normal -9.976484e-01  6.853995e-02  0.000000e+00
   outer loop
     vertex -1.228074e+02 -7.818088e+01  1.400000e+01
     vertex -1.228033e+02 -7.812066e+01  0.000000e+00
     vertex -1.228074e+02 -7.818088e+01  0.000000e+00
   endloop
 endfacet
 facet normal -9.953925e-01  9.588368e-02  0.000000e+00
   outer loop
     vertex -1.228074e+02 -7.818088e+01  1.400000e+01
     vertex -1.228132e+02 -7.824097e+01  0.000000e+00
     vertex -1.228132e+02 -7.824097e+01  1.400000e+01
   endloop
 endfacet
 facet normal -9.976484e-01  6.853995e-02  0.000000e+00
   outer loop
     vertex -1.228033e+02 -7.812066e+01  1.400000e+01
     vertex -1.228033e+02 -7.812066e+01  0.000000e+00
     vertex -1.228074e+02 -7.818088e+01  1.400000e+01
   endloop
 endfacet
 facet normal -9.991532e-01  4.114462e-02  0.000000e+00
   outer loop
     vertex -1.228008e+02 -7.806035e+01  1.400000e+01
     vertex -1.228008e+02 -7.806035e+01  0.000000e+00
     vertex -1.228033e+02 -7.812066e+01  0.000000e+00
   endloop
 endfacet
 facet normal -9.991532e-01  4.114462e-02  0.000000e+00
   outer loop
     vertex -1.228008e+02 -7.806035e+01  1.400000e+01
     vertex -1.228033e+02 -7.812066e+01  0.000000e+00
     vertex -1.228033e+02 -7.812066e+01  1.400000e+01
   endloop
 endfacet
 facet normal -9.999059e-01  1.371831e-02  0.000000e+00
   outer loop
     vertex -1.228000e+02 -7.800000e+01  1.400000e+01
     vertex -1.228008e+02 -7.806035e+01  0.000000e+00
     vertex -1.228008e+02 -7.806035e+01  1.400000e+01
   endloop
 endfacet
 facet normal -9.999059e-01  1.371831e-02  0.000000e+00
   outer loop
     vertex -1.228000e+02 -7.800000e+01  1.400000e+01
     vertex -1.228000e+02 -7.800000e+01  0.000000e+00
     vertex -1.228008e+02 -7.806035e+01  0.000000e+00
   endloop
 endfacet
 facet normal  0.000000e+00  0.000000e+00  1.000000e+00
   outer loop
     vertex -1.415178e+02 -8.359253e+01  1.400000e+01
     vertex -1.415610e+02 -8.355029e+01  1.400000e+01
     vertex -1.429800e+02 -8.495965e+01  1.400000e+01
   endloop
 endfacet
 facet normal  0.000000e+00  0.000000e+00  1.000000e+00
   outer loop
     vertex -1.415178e+02 -8.359253e+01  1.400000e+01
     vertex -1.429800e+02 -8.495965e+01  1.400000e+01
     vertex -1.428977e+02 -8.504029e+01  1.400000e+01
   endloop
 endfacet
 facet normal  0.000000e+00  0.000000e+00  1.000000e+00
   outer loop
     vertex -1.416029e+02 -8.350688e+01  1.400000e+01
     vertex -1.429800e+02 -8.495965e+01  1.400000e+01
     vertex -1.415610e+02 -8.355029e+01  1.400000e+01
   endloop
 endfacet
 facet normal  0.000000e+00  0.000000e+00  1.000000e+00
   outer loop
     vertex -1.416029e+02 -8.350688e+01  1.400000e+01
     vertex -1.430601e+02 -8.487678e+01  1.400000e+01
     vertex -1.429800e+02 -8.495965e+01  1.400000e+01
   endloop
 endfacet
 facet normal  0.000000e+00  0.000000e+00  1.000000e+00
   outer loop
     vertex -1.414736e+02 -8.363357e+01  1.400000e+01
     vertex -1.415178e+02 -8.359253e+01  1.400000e+01
     vertex -1.428977e+02 -8.504029e+01  1.400000e+01
   endloop
 endfacet
 facet normal  0.000000e+00  0.000000e+00  1.000000e+00
   outer loop
     vertex -1.414736e+02 -8.363357e+01  1.400000e+01
     vertex -1.428977e+02 -8.504029e+01  1.400000e+01
     vertex -1.428132e+02 -8.511864e+01  1.400000e+01
   endloop
 endfacet
 facet normal  0.000000e+00  0.000000e+00  1.000000e+00
   outer loop
     vertex -1.416436e+02 -8.346234e+01  1.400000e+01
     vertex -1.430601e+02 -8.487678e+01  1.400000e+01
     vertex -1.416029e+02 -8.350688e+01  1.400000e+01
   endloop
 endfacet
 facet normal  0.000000e+00  0.000000e+00  1.000000e+00
   outer loop
     vertex -1.416436e+02 -8.346234e+01  1.400000e+01
     vertex -1.431379e+02 -8.479174e+01  1.400000e+01
     vertex -1.430601e+02 -8.487678e+01  1.400000e+01
   endloop
 endfacet
 facet normal  0.000000e+00  0.000000e+00  1.000000e+00
   outer loop
     vertex -1.414282e+02 -8.367338e+01  1.400000e+01
     vertex -1.414736e+02 -8.363357e+01  1.400000e+01
     vertex -1.428132e+02 -8.511864e+01  1.400000e+01
   endloop
 endfacet
 facet normal  0.000000e+00  0.000000e+00  1.000000e+00
   outer loop
     vertex -1.414282e+02 -8.367338e+01  1.400000e+01
     vertex -1.428132e+02 -8.511864e+01  1.400000e+01
     vertex -1.427266e+02 -8.519464e+01  1.400000e+01
   endloop
 endfacet
 facet normal  0.000000e+00  0.000000e+00  1.000000e+00
   outer loop
     vertex -1.416831e+02 -8.341670e+01  1.400000e+01
     vertex -1.431379e+02 -8.479174e+01  1.400000e+01
     vertex -1.416436e+02 -8.346234e+01  1.400000e+01
   endloop
 endfacet
 facet normal  0.000000e+00  0.000000e+00  1.000000e+00
   outer loop
     vertex -1.416831e+02 -8.341670e+01  1.400000e+01
     vertex -1.432133e+02 -8.470461e+01  1.400000e+01
     vertex -1.431379e+02 -8.479174e+01  1.400000e+01
   endloop
 endfacet
 facet normal  0.000000e+00  0.000000e+00  1.000000e+00
   outer loop
     vertex -1.413818e+02 -8.371193e+01  1.400000e+01
     vertex -1.414282e+02 -8.367338e+01  1.400000e+01
     vertex -1.427266e+02 -8.519464e+01  1.400000e+01
   endloop
 endfacet
 facet normal  0.000000e+00  0.000000e+00  1.000000e+00
   outer loop
     vertex -1.413818e+02 -8.371193e+01  1.400000e+01
     vertex -1.427266e+02 -8.519464e+01  1.400000e+01
     vertex -1.426379e+02 -8.526824e+01  1.400000e+01
   endloop
 endfacet
 facet normal  0.000000e+00  0.000000e+00  1.000000e+00
   outer loop
     vertex -1.417214e+02 -8.336999e+01  1.400000e+01
     vertex -1.432133e+02 -8.470461e+01  1.400000e+01
     vertex -1.416831e+02 -8.341670e+01  1.400000e+01
   endloop
 endfacet
 facet normal  0.000000e+00  0.000000e+00  1.000000e+00
   outer loop
     vertex -1.417214e+02 -8.336999e+01  1.400000e+01
     vertex -1.432863e+02 -8.461544e+01  1.400000e+01
     vertex -1.432133e+02 -8.470461e+01  1.400000e+01
   endloop
 endfacet
 facet normal  0.000000e+00  0.000000e+00  1.000000e+00
   outer loop
     vertex -1.413343e+02 -8.374920e+01  1.400000e+01
     vertex -1.413818e+02 -8.371193e+01  1.400000e+01
     vertex -1.426379e+02 -8.526824e+01  1.400000e+01
   endloop
 endfacet
 facet normal  0.000000e+00  0.000000e+00  1.000000e+00
   outer loop
     vertex -1.413343e+02 -8.374920e+01  1.400000e+01
     vertex -1.426379e+02 -8.526824e+01  1.400000e+01
     vertex -1.425473e+02 -8.533938e+01  1.400000e+01
   endloop
 endfacet
 facet normal  0.000000e+00  0.000000e+00  1.000000e+00
   outer loop
     vertex -1.417583e+02 -8.332225e+01  1.400000e+01
     vertex -1.432863e+02 -8.461544e+01  1.400000e+01
     vertex -1.417214e+02 -8.336999e+01  1.400000e+01
   endloop
 endfacet
 facet normal  0.000000e+00  0.000000e+00  1.000000e+00
   outer loop
     vertex -1.417583e+02 -8.332225e+01  1.400000e+01
     vertex -1.433568e+02 -8.452430e+01  1.400000e+01
     vertex -1.432863e+02 -8.461544e+01  1.400000e+01
   endloop
 endfacet
 facet normal  0.000000e+00  0.000000e+00  1.000000e+00
   outer loop
     vertex -1.412858e+02 -8.378514e+01  1.400000e+01
     vertex -1.425473e+02 -8.533938e+01  1.400000e+01
     vertex -1.424547e+02 -8.540800e+01  1.400000e+01
   endloop
 endfacet
 facet normal  0.000000e+00  0.000000e+00  1.000000e+00
   outer loop
     vertex -1.412858e+02 -8.378514e+01  1.400000e+01
     vertex -1.413343e+02 -8.374920e+01  1.400000e+01
     vertex -1.425473e+02 -8.533938e+01  1.400000e+01
   endloop
 endfacet
 facet normal  0.000000e+00  0.000000e+00  1.000000e+00
   outer loop
     vertex -1.417939e+02 -8.327352e+01  1.400000e+01
     vertex -1.433568e+02 -8.452430e+01  1.400000e+01
     vertex -1.417583e+02 -8.332225e+01  1.400000e+01
   endloop
 endfacet
 facet normal  0.000000e+00  0.000000e+00  1.000000e+00
   outer loop
     vertex -1.417939e+02 -8.327352e+01  1.400000e+01
     vertex -1.434248e+02 -8.443126e+01  1.400000e+01
     vertex -1.433568e+02 -8.452430e+01  1.400000e+01
   endloop
 endfacet
 facet normal  0.000000e+00  0.000000e+00  1.000000e+00
   outer loop
     vertex -1.412363e+02 -8.381975e+01  1.400000e+01
     vertex -1.412858e+02 -8.378514e+01  1.400000e+01
     vertex -1.424547e+02 -8.540800e+01  1.400000e+01
   endloop
 endfacet
 facet normal  0.000000e+00  0.000000e+00  1.000000e+00
   outer loop
     vertex -1.412363e+02 -8.381975e+01  1.400000e+01
     vertex -1.424547e+02 -8.540800e+01  1.400000e+01
     vertex -1.423603e+02 -8.547406e+01  1.400000e+01
   endloop
 endfacet
 facet normal  0.000000e+00  0.000000e+00  1.000000e+00
   outer loop
     vertex -1.418282e+02 -8.322382e+01  1.400000e+01
     vertex -1.434248e+02 -8.443126e+01  1.400000e+01
     vertex -1.417939e+02 -8.327352e+01  1.400000e+01
   endloop
 endfacet
 facet normal  0.000000e+00  0.000000e+00  1.000000e+00
   outer loop
     vertex -1.418282e+02 -8.322382e+01  1.400000e+01
     vertex -1.434902e+02 -8.433639e+01  1.400000e+01
     vertex -1.434248e+02 -8.443126e+01  1.400000e+01
   endloop
 endfacet
 facet normal  0.000000e+00  0.000000e+00  1.000000e+00
   outer loop
     vertex -1.411859e+02 -8.385298e+01  1.400000e+01
     vertex -1.423603e+02 -8.547406e+01  1.400000e+01
     vertex -1.422641e+02 -8.553751e+01  1.400000e+01
   endloop
 endfacet
 facet normal  0.000000e+00  0.000000e+00  1.000000e+00
   outer loop
     vertex -1.411859e+02 -8.385298e+01  1.400000e+01
     vertex -1.412363e+02 -8.381975e+01  1.400000e+01
     vertex -1.423603e+02 -8.547406e+01  1.400000e+01
   endloop
 endfacet
 facet normal  0.000000e+00  0.000000e+00  1.000000e+00
   outer loop
     vertex -1.418611e+02 -8.317321e+01  1.400000e+01
     vertex -1.435530e+02 -8.423976e+01  1.400000e+01
     vertex -1.434902e+02 -8.433639e+01  1.400000e+01
   endloop
 endfacet
 facet normal  0.000000e+00  0.000000e+00  1.000000e+00
   outer loop
     vertex -1.418611e+02 -8.317321e+01  1.400000e+01
     vertex -1.434902e+02 -8.433639e+01  1.400000e+01
     vertex -1.418282e+02 -8.322382e+01  1.400000e+01
   endloop
 endfacet
 facet normal  0.000000e+00  0.000000e+00  1.000000e+00
   outer loop
     vertex -1.411347e+02 -8.388482e+01  1.400000e+01
     vertex -1.411859e+02 -8.385298e+01  1.400000e+01
     vertex -1.422641e+02 -8.553751e+01  1.400000e+01
   endloop
 endfacet
 facet normal  0.000000e+00  0.000000e+00  1.000000e+00
   outer loop
     vertex -1.411347e+02 -8.388482e+01  1.400000e+01
     vertex -1.422641e+02 -8.553751e+01  1.400000e+01
     vertex -1.421662e+02 -8.559829e+01  1.400000e+01
   endloop
 endfacet
 facet normal  0.000000e+00  0.000000e+00  1.000000e+00
   outer loop
     vertex -1.418926e+02 -8.312171e+01  1.400000e+01
     vertex -1.435530e+02 -8.423976e+01  1.400000e+01
     vertex -1.418611e+02 -8.317321e+01  1.400000e+01
   endloop
 endfacet
 facet normal  0.000000e+00  0.000000e+00  1.000000e+00
   outer loop
     vertex -1.418926e+02 -8.312171e+01  1.400000e+01
     vertex -1.436131e+02 -8.414144e+01  1.400000e+01
     vertex -1.435530e+02 -8.423976e+01  1.400000e+01
   endloop
 endfacet
 facet normal  0.000000e+00  0.000000e+00  1.000000e+00
   outer loop
     vertex -1.410825e+02 -8.391524e+01  1.400000e+01
     vertex -1.421662e+02 -8.559829e+01  1.400000e+01
     vertex -1.420666e+02 -8.565636e+01  1.400000e+01
   endloop
 endfacet
 facet normal  0.000000e+00  0.000000e+00  1.000000e+00
   outer loop
     vertex -1.410825e+02 -8.391524e+01  1.400000e+01
     vertex -1.411347e+02 -8.388482e+01  1.400000e+01
     vertex -1.421662e+02 -8.559829e+01  1.400000e+01
   endloop
 endfacet
 facet normal  0.000000e+00  0.000000e+00  1.000000e+00
   outer loop
     vertex -1.419226e+02 -8.306937e+01  1.400000e+01
     vertex -1.436705e+02 -8.404152e+01  1.400000e+01
     vertex -1.436131e+02 -8.414144e+01  1.400000e+01
   endloop
 endfacet
 facet normal  0.000000e+00  0.000000e+00  1.000000e+00
   outer loop
     vertex -1.419226e+02 -8.306937e+01  1.400000e+01
     vertex -1.436131e+02 -8.414144e+01  1.400000e+01
     vertex -1.418926e+02 -8.312171e+01  1.400000e+01
   endloop
 endfacet
 facet normal  0.000000e+00  0.000000e+00  1.000000e+00
   outer loop
     vertex -1.410296e+02 -8.394421e+01  1.400000e+01
     vertex -1.410825e+02 -8.391524e+01  1.400000e+01
     vertex -1.420666e+02 -8.565636e+01  1.400000e+01
   endloop
 endfacet
 facet normal  0.000000e+00  0.000000e+00  1.000000e+00
   outer loop
     vertex -1.410296e+02 -8.394421e+01  1.400000e+01
     vertex -1.420666e+02 -8.565636e+01  1.400000e+01
     vertex -1.419656e+02 -8.571168e+01  1.400000e+01
   endloop
 endfacet
 facet normal  0.000000e+00  0.000000e+00  1.000000e+00
   outer loop
     vertex -1.419512e+02 -8.301622e+01  1.400000e+01
     vertex -1.437251e+02 -8.394005e+01  1.400000e+01
     vertex -1.436705e+02 -8.404152e+01  1.400000e+01
   endloop
 endfacet
 facet normal  0.000000e+00  0.000000e+00  1.000000e+00
   outer loop
     vertex -1.419512e+02 -8.301622e+01  1.400000e+01
     vertex -1.436705e+02 -8.404152e+01  1.400000e+01
     vertex -1.419226e+02 -8.306937e+01  1.400000e+01
   endloop
 endfacet
 facet normal  0.000000e+00  0.000000e+00  1.000000e+00
   outer loop
     vertex -1.409759e+02 -8.397173e+01  1.400000e+01
     vertex -1.410296e+02 -8.394421e+01  1.400000e+01
     vertex -1.419656e+02 -8.571168e+01  1.400000e+01
   endloop
 endfacet
 facet normal  0.000000e+00  0.000000e+00  1.000000e+00
   outer loop
     vertex -1.409759e+02 -8.397173e+01  1.400000e+01
     vertex -1.419656e+02 -8.571168e+01  1.400000e+01
     vertex -1.418630e+02 -8.576421e+01  1.400000e+01
   endloop
 endfacet
 facet normal  0.000000e+00  0.000000e+00  1.000000e+00
   outer loop
     vertex -1.419784e+02 -8.296231e+01  1.400000e+01
     vertex -1.437769e+02 -8.383713e+01  1.400000e+01
     vertex -1.437251e+02 -8.394005e+01  1.400000e+01
   endloop
 endfacet
 facet normal  0.000000e+00  0.000000e+00  1.000000e+00
   outer loop
     vertex -1.419784e+02 -8.296231e+01  1.400000e+01
     vertex -1.437251e+02 -8.394005e+01  1.400000e+01
     vertex -1.419512e+02 -8.301622e+01  1.400000e+01
   endloop
 endfacet
 facet normal  0.000000e+00  0.000000e+00  1.000000e+00
   outer loop
     vertex -1.409214e+02 -8.399776e+01  1.400000e+01
     vertex -1.418630e+02 -8.576421e+01  1.400000e+01
     vertex -1.417590e+02 -8.581390e+01  1.400000e+01
   endloop
 endfacet
 facet normal  0.000000e+00  0.000000e+00  1.000000e+00
   outer loop
     vertex -1.409214e+02 -8.399776e+01  1.400000e+01
     vertex -1.409759e+02 -8.397173e+01  1.400000e+01
     vertex -1.418630e+02 -8.576421e+01  1.400000e+01
   endloop
 endfacet
 facet normal  0.000000e+00  0.000000e+00  1.000000e+00
   outer loop
     vertex -1.420040e+02 -8.290767e+01  1.400000e+01
     vertex -1.438259e+02 -8.373282e+01  1.400000e+01
     vertex -1.437769e+02 -8.383713e+01  1.400000e+01
   endloop
 endfacet
 facet normal  0.000000e+00  0.000000e+00  1.000000e+00
   outer loop
     vertex -1.420040e+02 -8.290767e+01  1.400000e+01
     vertex -1.437769e+02 -8.383713e+01  1.400000e+01
     vertex -1.419784e+02 -8.296231e+01  1.400000e+01
   endloop
 endfacet
 facet normal  0.000000e+00  0.000000e+00  1.000000e+00
   outer loop
     vertex -1.408662e+02 -8.402228e+01  1.400000e+01
     vertex -1.417590e+02 -8.581390e+01  1.400000e+01
     vertex -1.416537e+02 -8.586072e+01  1.400000e+01
   endloop
 endfacet
 facet normal  0.000000e+00  0.000000e+00  1.000000e+00
   outer loop
     vertex -1.408662e+02 -8.402228e+01  1.400000e+01
     vertex -1.409214e+02 -8.399776e+01  1.400000e+01
     vertex -1.417590e+02 -8.581390e+01  1.400000e+01
   endloop
 endfacet
 facet normal  0.000000e+00  0.000000e+00  1.000000e+00
   outer loop
     vertex -1.420282e+02 -8.285235e+01  1.400000e+01
     vertex -1.438259e+02 -8.373282e+01  1.400000e+01
     vertex -1.420040e+02 -8.290767e+01  1.400000e+01
   endloop
 endfacet
 facet normal  0.000000e+00  0.000000e+00  1.000000e+00
   outer loop
     vertex -1.420282e+02 -8.285235e+01  1.400000e+01
     vertex -1.438720e+02 -8.362721e+01  1.400000e+01
     vertex -1.438259e+02 -8.373282e+01  1.400000e+01
   endloop
 endfacet
 facet normal  0.000000e+00  0.000000e+00  1.000000e+00
   outer loop
     vertex -1.408104e+02 -8.404529e+01  1.400000e+01
     vertex -1.416537e+02 -8.586072e+01  1.400000e+01
     vertex -1.415472e+02 -8.590464e+01  1.400000e+01
   endloop
 endfacet
 facet normal  0.000000e+00  0.000000e+00  1.000000e+00
   outer loop
     vertex -1.408104e+02 -8.404529e+01  1.400000e+01
     vertex -1.408662e+02 -8.402228e+01  1.400000e+01
     vertex -1.416537e+02 -8.586072e+01  1.400000e+01
   endloop
 endfacet
 facet normal  0.000000e+00  0.000000e+00  1.000000e+00
   outer loop
     vertex -1.420508e+02 -8.279639e+01  1.400000e+01
     vertex -1.438720e+02 -8.362721e+01  1.400000e+01
     vertex -1.420282e+02 -8.285235e+01  1.400000e+01
   endloop
 endfacet
 facet normal  0.000000e+00  0.000000e+00  1.000000e+00
   outer loop
     vertex -1.420508e+02 -8.279639e+01  1.400000e+01
     vertex -1.439152e+02 -8.352037e+01  1.400000e+01
     vertex -1.438720e+02 -8.362721e+01  1.400000e+01
   endloop
 endfacet
 facet normal  0.000000e+00  0.000000e+00  1.000000e+00
   outer loop
     vertex -1.407540e+02 -8.406675e+01  1.400000e+01
     vertex -1.415472e+02 -8.590464e+01  1.400000e+01
     vertex -1.414395e+02 -8.594561e+01  1.400000e+01
   endloop
 endfacet
 facet normal  0.000000e+00  0.000000e+00  1.000000e+00
   outer loop
     vertex -1.407540e+02 -8.406675e+01  1.400000e+01
     vertex -1.408104e+02 -8.404529e+01  1.400000e+01
     vertex -1.415472e+02 -8.590464e+01  1.400000e+01
   endloop
 endfacet
 facet normal  0.000000e+00  0.000000e+00  1.000000e+00
   outer loop
     vertex -1.420719e+02 -8.273983e+01  1.400000e+01
     vertex -1.439554e+02 -8.341239e+01  1.400000e+01
     vertex -1.439152e+02 -8.352037e+01  1.400000e+01
   endloop
 endfacet
 facet normal  0.000000e+00  0.000000e+00  1.000000e+00
   outer loop
     vertex -1.420719e+02 -8.273983e+01  1.400000e+01
     vertex -1.439152e+02 -8.352037e+01  1.400000e+01
     vertex -1.420508e+02 -8.279639e+01  1.400000e+01
   endloop
 endfacet
 facet normal  0.000000e+00  0.000000e+00  1.000000e+00
   outer loop
     vertex -1.406970e+02 -8.408666e+01  1.400000e+01
     vertex -1.414395e+02 -8.594561e+01  1.400000e+01
     vertex -1.413307e+02 -8.598362e+01  1.400000e+01
   endloop
 endfacet
 facet normal  0.000000e+00  0.000000e+00  1.000000e+00
   outer loop
     vertex -1.406970e+02 -8.408666e+01  1.400000e+01
     vertex -1.407540e+02 -8.406675e+01  1.400000e+01
     vertex -1.414395e+02 -8.594561e+01  1.400000e+01
   endloop
 endfacet
 facet normal  0.000000e+00  0.000000e+00  1.000000e+00
   outer loop
     vertex -1.420914e+02 -8.268271e+01  1.400000e+01
     vertex -1.439554e+02 -8.341239e+01  1.400000e+01
     vertex -1.420719e+02 -8.273983e+01  1.400000e+01
   endloop
 endfacet
 facet normal  0.000000e+00  0.000000e+00  1.000000e+00
   outer loop
     vertex -1.420914e+02 -8.268271e+01  1.400000e+01
     vertex -1.440269e+02 -8.319332e+01  1.400000e+01
     vertex -1.439927e+02 -8.330335e+01  1.400000e+01
   endloop
 endfacet
 facet normal  0.000000e+00  0.000000e+00  1.000000e+00
   outer loop
     vertex -1.420914e+02 -8.268271e+01  1.400000e+01
     vertex -1.439927e+02 -8.330335e+01  1.400000e+01
     vertex -1.439554e+02 -8.341239e+01  1.400000e+01
   endloop
 endfacet
 facet normal  0.000000e+00  0.000000e+00  1.000000e+00
   outer loop
     vertex -1.406395e+02 -8.410499e+01  1.400000e+01
     vertex -1.406970e+02 -8.408666e+01  1.400000e+01
     vertex -1.413307e+02 -8.598362e+01  1.400000e+01
   endloop
 endfacet
 facet normal  0.000000e+00  0.000000e+00  1.000000e+00
   outer loop
     vertex -1.406395e+02 -8.410499e+01  1.400000e+01
     vertex -1.413307e+02 -8.598362e+01  1.400000e+01
     vertex -1.412209e+02 -8.601863e+01  1.400000e+01
   endloop
 endfacet
 facet normal  0.000000e+00  0.000000e+00  1.000000e+00
   outer loop
     vertex -1.421093e+02 -8.262507e+01  1.400000e+01
     vertex -1.440269e+02 -8.319332e+01  1.400000e+01
     vertex -1.420914e+02 -8.268271e+01  1.400000e+01
   endloop
 endfacet
 facet normal  0.000000e+00  0.000000e+00  1.000000e+00
   outer loop
     vertex -1.405815e+02 -8.412175e+01  1.400000e+01
     vertex -1.412209e+02 -8.601863e+01  1.400000e+01
     vertex -1.411102e+02 -8.605061e+01  1.400000e+01
   endloop
 endfacet
 facet normal  0.000000e+00  0.000000e+00  1.000000e+00
   outer loop
     vertex -1.405815e+02 -8.412175e+01  1.400000e+01
     vertex -1.406395e+02 -8.410499e+01  1.400000e+01
     vertex -1.412209e+02 -8.601863e+01  1.400000e+01
   endloop
 endfacet
 facet normal  0.000000e+00  0.000000e+00  1.000000e+00
   outer loop
     vertex -1.421257e+02 -8.256697e+01  1.400000e+01
     vertex -1.440269e+02 -8.319332e+01  1.400000e+01
     vertex -1.421093e+02 -8.262507e+01  1.400000e+01
   endloop
 endfacet
 facet normal  0.000000e+00  0.000000e+00  1.000000e+00
   outer loop
     vertex -1.421257e+02 -8.256697e+01  1.400000e+01
     vertex -1.440581e+02 -8.308240e+01  1.400000e+01
     vertex -1.440269e+02 -8.319332e+01  1.400000e+01
   endloop
 endfacet
 facet normal  0.000000e+00  0.000000e+00  1.000000e+00
   outer loop
     vertex -1.405231e+02 -8.413690e+01  1.400000e+01
     vertex -1.411102e+02 -8.605061e+01  1.400000e+01
     vertex -1.409987e+02 -8.607954e+01  1.400000e+01
   endloop
 endfacet
 facet normal  0.000000e+00  0.000000e+00  1.000000e+00
   outer loop
     vertex -1.405231e+02 -8.413690e+01  1.400000e+01
     vertex -1.405815e+02 -8.412175e+01  1.400000e+01
     vertex -1.411102e+02 -8.605061e+01  1.400000e+01
   endloop
 endfacet
 facet normal  0.000000e+00  0.000000e+00  1.000000e+00
   outer loop
     vertex -1.421404e+02 -8.250844e+01  1.400000e+01
     vertex -1.440863e+02 -8.297066e+01  1.400000e+01
     vertex -1.440581e+02 -8.308240e+01  1.400000e+01
   endloop
 endfacet
 facet normal  0.000000e+00  0.000000e+00  1.000000e+00
   outer loop
     vertex -1.421404e+02 -8.250844e+01  1.400000e+01
     vertex -1.440581e+02 -8.308240e+01  1.400000e+01
     vertex -1.421257e+02 -8.256697e+01  1.400000e+01
   endloop
 endfacet
 facet normal  0.000000e+00  0.000000e+00  1.000000e+00
   outer loop
     vertex -1.404643e+02 -8.415045e+01  1.400000e+01
     vertex -1.409987e+02 -8.607954e+01  1.400000e+01
     vertex -1.408864e+02 -8.610540e+01  1.400000e+01
   endloop
 endfacet
 facet normal  0.000000e+00  0.000000e+00  1.000000e+00
   outer loop
     vertex -1.404643e+02 -8.415045e+01  1.400000e+01
     vertex -1.405231e+02 -8.413690e+01  1.400000e+01
     vertex -1.409987e+02 -8.607954e+01  1.400000e+01
   endloop
 endfacet
 facet normal  0.000000e+00  0.000000e+00  1.000000e+00
   outer loop
     vertex -1.421536e+02 -8.244953e+01  1.400000e+01
     vertex -1.441334e+02 -8.274508e+01  1.400000e+01
     vertex -1.441114e+02 -8.285819e+01  1.400000e+01
   endloop
 endfacet
 facet normal  0.000000e+00  0.000000e+00  1.000000e+00
   outer loop
     vertex -1.421536e+02 -8.244953e+01  1.400000e+01
     vertex -1.441114e+02 -8.285819e+01  1.400000e+01
     vertex -1.440863e+02 -8.297066e+01  1.400000e+01
   endloop
 endfacet
 facet normal  0.000000e+00  0.000000e+00  1.000000e+00
   outer loop
     vertex -1.421536e+02 -8.244953e+01  1.400000e+01
     vertex -1.440863e+02 -8.297066e+01  1.400000e+01
     vertex -1.421404e+02 -8.250844e+01  1.400000e+01
   endloop
 endfacet
 facet normal  0.000000e+00  0.000000e+00  1.000000e+00
   outer loop
     vertex -1.404051e+02 -8.416238e+01  1.400000e+01
     vertex -1.408864e+02 -8.610540e+01  1.400000e+01
     vertex -1.407734e+02 -8.612818e+01  1.400000e+01
   endloop
 endfacet
 facet normal  0.000000e+00  0.000000e+00  1.000000e+00
   outer loop
     vertex -1.404051e+02 -8.416238e+01  1.400000e+01
     vertex -1.407734e+02 -8.612818e+01  1.400000e+01
     vertex -1.406599e+02 -8.614784e+01  1.400000e+01
   endloop
 endfacet
 facet normal  0.000000e+00  0.000000e+00  1.000000e+00
   outer loop
     vertex -1.404051e+02 -8.416238e+01  1.400000e+01
     vertex -1.404643e+02 -8.415045e+01  1.400000e+01
     vertex -1.408864e+02 -8.610540e+01  1.400000e+01
   endloop
 endfacet
 facet normal  0.000000e+00  0.000000e+00  1.000000e+00
   outer loop
     vertex -1.421651e+02 -8.239028e+01  1.400000e+01
     vertex -1.441334e+02 -8.274508e+01  1.400000e+01
     vertex -1.421536e+02 -8.244953e+01  1.400000e+01
   endloop
 endfacet
 facet normal  0.000000e+00  0.000000e+00  1.000000e+00
   outer loop
     vertex -1.403456e+02 -8.417268e+01  1.400000e+01
     vertex -1.404051e+02 -8.416238e+01  1.400000e+01
     vertex -1.406599e+02 -8.614784e+01  1.400000e+01
   endloop
 endfacet
 facet normal  0.000000e+00  0.000000e+00  1.000000e+00
   outer loop
     vertex -1.421750e+02 -8.233074e+01  1.400000e+01
     vertex -1.441523e+02 -8.263140e+01  1.400000e+01
     vertex -1.441334e+02 -8.274508e+01  1.400000e+01
   endloop
 endfacet
 facet normal  0.000000e+00  0.000000e+00  1.000000e+00
   outer loop
     vertex -1.421750e+02 -8.233074e+01  1.400000e+01
     vertex -1.441334e+02 -8.274508e+01  1.400000e+01
     vertex -1.421651e+02 -8.239028e+01  1.400000e+01
   endloop
 endfacet
 facet normal  0.000000e+00  0.000000e+00  1.000000e+00
   outer loop
     vertex -1.402859e+02 -8.418134e+01  1.400000e+01
     vertex -1.403456e+02 -8.417268e+01  1.400000e+01
     vertex -1.406599e+02 -8.614784e+01  1.400000e+01
   endloop
 endfacet
 facet normal  0.000000e+00  0.000000e+00  1.000000e+00
   outer loop
     vertex -1.402859e+02 -8.418134e+01  1.400000e+01
     vertex -1.406599e+02 -8.614784e+01  1.400000e+01
     vertex -1.405458e+02 -8.616438e+01  1.400000e+01
   endloop
 endfacet
 facet normal  0.000000e+00  0.000000e+00  1.000000e+00
   outer loop
     vertex -1.421833e+02 -8.227094e+01  1.400000e+01
     vertex -1.441680e+02 -8.251725e+01  1.400000e+01
     vertex -1.441523e+02 -8.263140e+01  1.400000e+01
   endloop
 endfacet
 facet normal  0.000000e+00  0.000000e+00  1.000000e+00
   outer loop
     vertex -1.421833e+02 -8.227094e+01  1.400000e+01
     vertex -1.441523e+02 -8.263140e+01  1.400000e+01
     vertex -1.421750e+02 -8.233074e+01  1.400000e+01
   endloop
 endfacet
 facet normal  0.000000e+00  0.000000e+00  1.000000e+00
   outer loop
     vertex -1.402260e+02 -8.418837e+01  1.400000e+01
     vertex -1.402859e+02 -8.418134e+01  1.400000e+01
     vertex -1.405458e+02 -8.616438e+01  1.400000e+01
   endloop
 endfacet
 facet normal  0.000000e+00  0.000000e+00  1.000000e+00
   outer loop
     vertex -1.402260e+02 -8.418837e+01  1.400000e+01
     vertex -1.405458e+02 -8.616438e+01  1.400000e+01
     vertex -1.404314e+02 -8.617779e+01  1.400000e+01
   endloop
 endfacet
 facet normal  0.000000e+00  0.000000e+00  1.000000e+00
   outer loop
     vertex -1.421899e+02 -8.221094e+01  1.400000e+01
     vertex -1.441806e+02 -8.240271e+01  1.400000e+01
     vertex -1.441680e+02 -8.251725e+01  1.400000e+01
   endloop
 endfacet
 facet normal  0.000000e+00  0.000000e+00  1.000000e+00
   outer loop
     vertex -1.421899e+02 -8.221094e+01  1.400000e+01
     vertex -1.441680e+02 -8.251725e+01  1.400000e+01
     vertex -1.421833e+02 -8.227094e+01  1.400000e+01
   endloop
 endfacet
 facet normal  0.000000e+00  0.000000e+00  1.000000e+00
   outer loop
     vertex -1.401658e+02 -8.419374e+01  1.400000e+01
     vertex -1.402260e+02 -8.418837e+01  1.400000e+01
     vertex -1.404314e+02 -8.617779e+01  1.400000e+01
   endloop
 endfacet
 facet normal  0.000000e+00  0.000000e+00  1.000000e+00
   outer loop
     vertex -1.401658e+02 -8.419374e+01  1.400000e+01
     vertex -1.404314e+02 -8.617779e+01  1.400000e+01
     vertex -1.403166e+02 -8.618805e+01  1.400000e+01
   endloop
 endfacet
 facet normal  0.000000e+00  0.000000e+00  1.000000e+00
   outer loop
     vertex -1.421948e+02 -8.215079e+01  1.400000e+01
     vertex -1.441901e+02 -8.228787e+01  1.400000e+01
     vertex -1.441806e+02 -8.240271e+01  1.400000e+01
   endloop
 endfacet
 facet normal  0.000000e+00  0.000000e+00  1.000000e+00
   outer loop
     vertex -1.421948e+02 -8.215079e+01  1.400000e+01
     vertex -1.441806e+02 -8.240271e+01  1.400000e+01
     vertex -1.421899e+02 -8.221094e+01  1.400000e+01
   endloop
 endfacet
 facet normal  0.000000e+00  0.000000e+00  1.000000e+00
   outer loop
     vertex -1.401056e+02 -8.419746e+01  1.400000e+01
     vertex -1.401658e+02 -8.419374e+01  1.400000e+01
     vertex -1.403166e+02 -8.618805e+01  1.400000e+01
   endloop
 endfacet
 facet normal  0.000000e+00  0.000000e+00  1.000000e+00
   outer loop
     vertex -1.401056e+02 -8.419746e+01  1.400000e+01
     vertex -1.403166e+02 -8.618805e+01  1.400000e+01
     vertex -1.402016e+02 -8.619516e+01  1.400000e+01
   endloop
 endfacet
 facet normal  0.000000e+00  0.000000e+00  1.000000e+00
   outer loop
     vertex -1.421981e+02 -8.209052e+01  1.400000e+01
     vertex -1.441964e+02 -8.217281e+01  1.400000e+01
     vertex -1.441901e+02 -8.228787e+01  1.400000e+01
   endloop
 endfacet
 facet normal  0.000000e+00  0.000000e+00  1.000000e+00
   outer loop
     vertex -1.421981e+02 -8.209052e+01  1.400000e+01
     vertex -1.441901e+02 -8.228787e+01  1.400000e+01
     vertex -1.421948e+02 -8.215079e+01  1.400000e+01
   endloop
 endfacet
 facet normal  0.000000e+00  0.000000e+00  1.000000e+00
   outer loop
     vertex -1.400453e+02 -8.419953e+01  1.400000e+01
     vertex -1.401056e+02 -8.419746e+01  1.400000e+01
     vertex -1.402016e+02 -8.619516e+01  1.400000e+01
   endloop
 endfacet
 facet normal  0.000000e+00  0.000000e+00  1.000000e+00
   outer loop
     vertex -1.400453e+02 -8.419953e+01  1.400000e+01
     vertex -1.402016e+02 -8.619516e+01  1.400000e+01
     vertex -1.400864e+02 -8.619911e+01  1.400000e+01
   endloop
 endfacet
 facet normal  0.000000e+00  0.000000e+00  1.000000e+00
   outer loop
     vertex -1.421998e+02 -8.203018e+01  1.400000e+01
     vertex -1.441996e+02 -8.205762e+01  1.400000e+01
     vertex -1.441964e+02 -8.217281e+01  1.400000e+01
   endloop
 endfacet
 facet normal  0.000000e+00  0.000000e+00  1.000000e+00
   outer loop
     vertex -1.421998e+02 -8.203018e+01  1.400000e+01
     vertex -1.441964e+02 -8.217281e+01  1.400000e+01
     vertex -1.421981e+02 -8.209052e+01  1.400000e+01
   endloop
 endfacet
 facet normal  0.000000e+00  0.000000e+00  1.000000e+00
   outer loop
     vertex -1.399849e+02 -8.419995e+01  1.400000e+01
     vertex -1.400453e+02 -8.419953e+01  1.400000e+01
     vertex -1.400864e+02 -8.619911e+01  1.400000e+01
   endloop
 endfacet
 facet normal  0.000000e+00  0.000000e+00  1.000000e+00
   outer loop
     vertex -1.399849e+02 -8.419995e+01  1.400000e+01
     vertex -1.400864e+02 -8.619911e+01  1.400000e+01
     vertex -1.399712e+02 -8.619990e+01  1.400000e+01
   endloop
 endfacet
 facet normal  0.000000e+00  0.000000e+00  1.000000e+00
   outer loop
     vertex -1.421998e+02 -8.196982e+01  1.400000e+01
     vertex -1.441996e+02 -8.194238e+01  1.400000e+01
     vertex -1.441996e+02 -8.205762e+01  1.400000e+01
   endloop
 endfacet
 facet normal  0.000000e+00  0.000000e+00  1.000000e+00
   outer loop
     vertex -1.421998e+02 -8.196982e+01  1.400000e+01
     vertex -1.441996e+02 -8.205762e+01  1.400000e+01
     vertex -1.421998e+02 -8.203018e+01  1.400000e+01
   endloop
 endfacet
 facet normal  0.000000e+00  0.000000e+00  1.000000e+00
   outer loop
     vertex -1.399246e+02 -8.419871e+01  1.400000e+01
     vertex -1.399849e+02 -8.419995e+01  1.400000e+01
     vertex -1.399712e+02 -8.619990e+01  1.400000e+01
   endloop
 endfacet
 facet normal  0.000000e+00  0.000000e+00  1.000000e+00
   outer loop
     vertex -1.399246e+02 -8.419871e+01  1.400000e+01
     vertex -1.399712e+02 -8.619990e+01  1.400000e+01
     vertex -1.398560e+02 -8.619753e+01  1.400000e+01
   endloop
 endfacet
 facet normal  0.000000e+00  0.000000e+00  1.000000e+00
   outer loop
     vertex -1.399246e+02 -8.419871e+01  1.400000e+01
     vertex -1.398560e+02 -8.619753e+01  1.400000e+01
     vertex -1.397409e+02 -8.619200e+01  1.400000e+01
   endloop
 endfacet
 facet normal  0.000000e+00  0.000000e+00  1.000000e+00
   outer loop
     vertex -1.421981e+02 -8.190948e+01  1.400000e+01
     vertex -1.441964e+02 -8.182719e+01  1.400000e+01
     vertex -1.441996e+02 -8.194238e+01  1.400000e+01
   endloop
 endfacet
 facet normal  0.000000e+00  0.000000e+00  1.000000e+00
   outer loop
     vertex -1.421981e+02 -8.190948e+01  1.400000e+01
     vertex -1.441996e+02 -8.194238e+01  1.400000e+01
     vertex -1.421998e+02 -8.196982e+01  1.400000e+01
   endloop
 endfacet
 facet normal  0.000000e+00  0.000000e+00  1.000000e+00
   outer loop
     vertex -1.398643e+02 -8.419581e+01  1.400000e+01
     vertex -1.399246e+02 -8.419871e+01  1.400000e+01
     vertex -1.397409e+02 -8.619200e+01  1.400000e+01
   endloop
 endfacet
 facet normal  0.000000e+00  0.000000e+00  1.000000e+00
   outer loop
     vertex -1.398643e+02 -8.419581e+01  1.400000e+01
     vertex -1.397409e+02 -8.619200e+01  1.400000e+01
     vertex -1.396260e+02 -8.618331e+01  1.400000e+01
   endloop
 endfacet
 facet normal  0.000000e+00  0.000000e+00  1.000000e+00
   outer loop
     vertex -1.421948e+02 -8.184921e+01  1.400000e+01
     vertex -1.441901e+02 -8.171213e+01  1.400000e+01
     vertex -1.441964e+02 -8.182719e+01  1.400000e+01
   endloop
 endfacet
 facet normal  0.000000e+00  0.000000e+00  1.000000e+00
   outer loop
     vertex -1.421948e+02 -8.184921e+01  1.400000e+01
     vertex -1.441964e+02 -8.182719e+01  1.400000e+01
     vertex -1.421981e+02 -8.190948e+01  1.400000e+01
   endloop
 endfacet
 facet normal  0.000000e+00  0.000000e+00  1.000000e+00
   outer loop
     vertex -1.398041e+02 -8.419126e+01  1.400000e+01
     vertex -1.398643e+02 -8.419581e+01  1.400000e+01
     vertex -1.396260e+02 -8.618331e+01  1.400000e+01
   endloop
 endfacet
 facet normal  0.000000e+00  0.000000e+00  1.000000e+00
   outer loop
     vertex -1.421899e+02 -8.178906e+01  1.400000e+01
     vertex -1.441806e+02 -8.159729e+01  1.400000e+01
     vertex -1.441901e+02 -8.171213e+01  1.400000e+01
   endloop
 endfacet
 facet normal  0.000000e+00  0.000000e+00  1.000000e+00
   outer loop
     vertex -1.421899e+02 -8.178906e+01  1.400000e+01
     vertex -1.441901e+02 -8.171213e+01  1.400000e+01
     vertex -1.421948e+02 -8.184921e+01  1.400000e+01
   endloop
 endfacet
 facet normal  0.000000e+00  0.000000e+00  1.000000e+00
   outer loop
     vertex -1.397440e+02 -8.418506e+01  1.400000e+01
     vertex -1.398041e+02 -8.419126e+01  1.400000e+01
     vertex -1.396260e+02 -8.618331e+01  1.400000e+01
   endloop
 endfacet
 facet normal  0.000000e+00  0.000000e+00  1.000000e+00
   outer loop
     vertex -1.397440e+02 -8.418506e+01  1.400000e+01
     vertex -1.396260e+02 -8.618331e+01  1.400000e+01
     vertex -1.395113e+02 -8.617148e+01  1.400000e+01
   endloop
 endfacet
 facet normal  0.000000e+00  0.000000e+00  1.000000e+00
   outer loop
     vertex -1.421833e+02 -8.172906e+01  1.400000e+01
     vertex -1.441680e+02 -8.148275e+01  1.400000e+01
     vertex -1.441806e+02 -8.159729e+01  1.400000e+01
   endloop
 endfacet
 facet normal  0.000000e+00  0.000000e+00  1.000000e+00
   outer loop
     vertex -1.421833e+02 -8.172906e+01  1.400000e+01
     vertex -1.441806e+02 -8.159729e+01  1.400000e+01
     vertex -1.421899e+02 -8.178906e+01  1.400000e+01
   endloop
 endfacet
 facet normal  0.000000e+00  0.000000e+00  1.000000e+00
   outer loop
     vertex -1.396842e+02 -8.417722e+01  1.400000e+01
     vertex -1.397440e+02 -8.418506e+01  1.400000e+01
     vertex -1.395113e+02 -8.617148e+01  1.400000e+01
   endloop
 endfacet
 facet normal  0.000000e+00  0.000000e+00  1.000000e+00
   outer loop
     vertex -1.396842e+02 -8.417722e+01  1.400000e+01
     vertex -1.395113e+02 -8.617148e+01  1.400000e+01
     vertex -1.393971e+02 -8.615650e+01  1.400000e+01
   endloop
 endfacet
 facet normal  0.000000e+00  0.000000e+00  1.000000e+00
   outer loop
     vertex -1.421750e+02 -8.166926e+01  1.400000e+01
     vertex -1.441523e+02 -8.136860e+01  1.400000e+01
     vertex -1.441680e+02 -8.148275e+01  1.400000e+01
   endloop
 endfacet
 facet normal  0.000000e+00  0.000000e+00  1.000000e+00
   outer loop
     vertex -1.421750e+02 -8.166926e+01  1.400000e+01
     vertex -1.441680e+02 -8.148275e+01  1.400000e+01
     vertex -1.421833e+02 -8.172906e+01  1.400000e+01
   endloop
 endfacet
 facet normal  0.000000e+00  0.000000e+00  1.000000e+00
   outer loop
     vertex -1.396246e+02 -8.416773e+01  1.400000e+01
     vertex -1.396842e+02 -8.417722e+01  1.400000e+01
     vertex -1.393971e+02 -8.615650e+01  1.400000e+01
   endloop
 endfacet
 facet normal  0.000000e+00  0.000000e+00  1.000000e+00
   outer loop
     vertex -1.396246e+02 -8.416773e+01  1.400000e+01
     vertex -1.393971e+02 -8.615650e+01  1.400000e+01
     vertex -1.392833e+02 -8.613840e+01  1.400000e+01
   endloop
 endfacet
 facet normal  0.000000e+00  0.000000e+00  1.000000e+00
   outer loop
     vertex -1.421651e+02 -8.160972e+01  1.400000e+01
     vertex -1.441334e+02 -8.125492e+01  1.400000e+01
     vertex -1.441523e+02 -8.136860e+01  1.400000e+01
   endloop
 endfacet
 facet normal  0.000000e+00  0.000000e+00  1.000000e+00
   outer loop
     vertex -1.421651e+02 -8.160972e+01  1.400000e+01
     vertex -1.441523e+02 -8.136860e+01  1.400000e+01
     vertex -1.421750e+02 -8.166926e+01  1.400000e+01
   endloop
 endfacet
 facet normal  0.000000e+00  0.000000e+00  1.000000e+00
   outer loop
     vertex -1.395653e+02 -8.415662e+01  1.400000e+01
     vertex -1.396246e+02 -8.416773e+01  1.400000e+01
     vertex -1.392833e+02 -8.613840e+01  1.400000e+01
   endloop
 endfacet
 facet normal  0.000000e+00  0.000000e+00  1.000000e+00
   outer loop
     vertex -1.395653e+02 -8.415662e+01  1.400000e+01
     vertex -1.392833e+02 -8.613840e+01  1.400000e+01
     vertex -1.391700e+02 -8.611718e+01  1.400000e+01
   endloop
 endfacet
 facet normal  0.000000e+00  0.000000e+00  1.000000e+00
   outer loop
     vertex -1.421536e+02 -8.155047e+01  1.400000e+01
     vertex -1.441114e+02 -8.114181e+01  1.400000e+01
     vertex -1.441334e+02 -8.125492e+01  1.400000e+01
   endloop
 endfacet
 facet normal  0.000000e+00  0.000000e+00  1.000000e+00
   outer loop
     vertex -1.421536e+02 -8.155047e+01  1.400000e+01
     vertex -1.441334e+02 -8.125492e+01  1.400000e+01
     vertex -1.421651e+02 -8.160972e+01  1.400000e+01
   endloop
 endfacet
 facet normal  0.000000e+00  0.000000e+00  1.000000e+00
   outer loop
     vertex -1.395063e+02 -8.414388e+01  1.400000e+01
     vertex -1.395653e+02 -8.415662e+01  1.400000e+01
     vertex -1.391700e+02 -8.611718e+01  1.400000e+01
   endloop
 endfacet
 facet normal  0.000000e+00  0.000000e+00  1.000000e+00
   outer loop
     vertex -1.395063e+02 -8.414388e+01  1.400000e+01
     vertex -1.391700e+02 -8.611718e+01  1.400000e+01
     vertex -1.390574e+02 -8.609286e+01  1.400000e+01
   endloop
 endfacet
 facet normal  0.000000e+00  0.000000e+00  1.000000e+00
   outer loop
     vertex -1.395063e+02 -8.414388e+01  1.400000e+01
     vertex -1.390574e+02 -8.609286e+01  1.400000e+01
     vertex -1.389455e+02 -8.606546e+01  1.400000e+01
   endloop
 endfacet
 facet normal  0.000000e+00  0.000000e+00  1.000000e+00
   outer loop
     vertex -1.421404e+02 -8.149156e+01  1.400000e+01
     vertex -1.440863e+02 -8.102934e+01  1.400000e+01
     vertex -1.441114e+02 -8.114181e+01  1.400000e+01
   endloop
 endfacet
 facet normal  0.000000e+00  0.000000e+00  1.000000e+00
   outer loop
     vertex -1.421404e+02 -8.149156e+01  1.400000e+01
     vertex -1.441114e+02 -8.114181e+01  1.400000e+01
     vertex -1.421536e+02 -8.155047e+01  1.400000e+01
   endloop
 endfacet
 facet normal  0.000000e+00  0.000000e+00  1.000000e+00
   outer loop
     vertex -1.394476e+02 -8.412953e+01  1.400000e+01
     vertex -1.395063e+02 -8.414388e+01  1.400000e+01
     vertex -1.389455e+02 -8.606546e+01  1.400000e+01
   endloop
 endfacet
 facet normal  0.000000e+00  0.000000e+00  1.000000e+00
   outer loop
     vertex -1.421257e+02 -8.143303e+01  1.400000e+01
     vertex -1.440581e+02 -8.091760e+01  1.400000e+01
     vertex -1.440863e+02 -8.102934e+01  1.400000e+01
   endloop
 endfacet
 facet normal  0.000000e+00  0.000000e+00  1.000000e+00
   outer loop
     vertex -1.421257e+02 -8.143303e+01  1.400000e+01
     vertex -1.440863e+02 -8.102934e+01  1.400000e+01
     vertex -1.421404e+02 -8.149156e+01  1.400000e+01
   endloop
 endfacet
 facet normal  0.000000e+00  0.000000e+00  1.000000e+00
   outer loop
     vertex -1.393894e+02 -8.411357e+01  1.400000e+01
     vertex -1.394476e+02 -8.412953e+01  1.400000e+01
     vertex -1.389455e+02 -8.606546e+01  1.400000e+01
   endloop
 endfacet
 facet normal  0.000000e+00  0.000000e+00  1.000000e+00
   outer loop
     vertex -1.393894e+02 -8.411357e+01  1.400000e+01
     vertex -1.389455e+02 -8.606546e+01  1.400000e+01
     vertex -1.388343e+02 -8.603500e+01  1.400000e+01
   endloop
 endfacet
 facet normal  0.000000e+00  0.000000e+00  1.000000e+00
   outer loop
     vertex -1.421093e+02 -8.137493e+01  1.400000e+01
     vertex -1.440269e+02 -8.080668e+01  1.400000e+01
     vertex -1.440581e+02 -8.091760e+01  1.400000e+01
   endloop
 endfacet
 facet normal  0.000000e+00  0.000000e+00  1.000000e+00
   outer loop
     vertex -1.421093e+02 -8.137493e+01  1.400000e+01
     vertex -1.440581e+02 -8.091760e+01  1.400000e+01
     vertex -1.421257e+02 -8.143303e+01  1.400000e+01
   endloop
 endfacet
 facet normal  0.000000e+00  0.000000e+00  1.000000e+00
   outer loop
     vertex -1.393317e+02 -8.409602e+01  1.400000e+01
     vertex -1.393894e+02 -8.411357e+01  1.400000e+01
     vertex -1.388343e+02 -8.603500e+01  1.400000e+01
   endloop
 endfacet
 facet normal  0.000000e+00  0.000000e+00  1.000000e+00
   outer loop
     vertex -1.393317e+02 -8.409602e+01  1.400000e+01
     vertex -1.388343e+02 -8.603500e+01  1.400000e+01
     vertex -1.387241e+02 -8.600150e+01  1.400000e+01
   endloop
 endfacet
 facet normal  0.000000e+00  0.000000e+00  1.000000e+00
   outer loop
     vertex -1.420914e+02 -8.131729e+01  1.400000e+01
     vertex -1.439927e+02 -8.069665e+01  1.400000e+01
     vertex -1.440269e+02 -8.080668e+01  1.400000e+01
   endloop
 endfacet
 facet normal  0.000000e+00  0.000000e+00  1.000000e+00
   outer loop
     vertex -1.420914e+02 -8.131729e+01  1.400000e+01
     vertex -1.440269e+02 -8.080668e+01  1.400000e+01
     vertex -1.421093e+02 -8.137493e+01  1.400000e+01
   endloop
 endfacet
 facet normal  0.000000e+00  0.000000e+00  1.000000e+00
   outer loop
     vertex -1.392744e+02 -8.407690e+01  1.400000e+01
     vertex -1.393317e+02 -8.409602e+01  1.400000e+01
     vertex -1.387241e+02 -8.600150e+01  1.400000e+01
   endloop
 endfacet
 facet normal  0.000000e+00  0.000000e+00  1.000000e+00
   outer loop
     vertex -1.392744e+02 -8.407690e+01  1.400000e+01
     vertex -1.387241e+02 -8.600150e+01  1.400000e+01
     vertex -1.386148e+02 -8.596499e+01  1.400000e+01
   endloop
 endfacet
 facet normal  0.000000e+00  0.000000e+00  1.000000e+00
   outer loop
     vertex -1.420719e+02 -8.126017e+01  1.400000e+01
     vertex -1.439554e+02 -8.058761e+01  1.400000e+01
     vertex -1.439927e+02 -8.069665e+01  1.400000e+01
   endloop
 endfacet
 facet normal  0.000000e+00  0.000000e+00  1.000000e+00
   outer loop
     vertex -1.420719e+02 -8.126017e+01  1.400000e+01
     vertex -1.439927e+02 -8.069665e+01  1.400000e+01
     vertex -1.420914e+02 -8.131729e+01  1.400000e+01
   endloop
 endfacet
 facet normal  0.000000e+00  0.000000e+00  1.000000e+00
   outer loop
     vertex -1.392177e+02 -8.405621e+01  1.400000e+01
     vertex -1.392744e+02 -8.407690e+01  1.400000e+01
     vertex -1.386148e+02 -8.596499e+01  1.400000e+01
   endloop
 endfacet
 facet normal  0.000000e+00  0.000000e+00  1.000000e+00
   outer loop
     vertex -1.392177e+02 -8.405621e+01  1.400000e+01
     vertex -1.386148e+02 -8.596499e+01  1.400000e+01
     vertex -1.385065e+02 -8.592549e+01  1.400000e+01
   endloop
 endfacet
 facet normal  0.000000e+00  0.000000e+00  1.000000e+00
   outer loop
     vertex -1.420508e+02 -8.120361e+01  1.400000e+01
     vertex -1.439152e+02 -8.047963e+01  1.400000e+01
     vertex -1.439554e+02 -8.058761e+01  1.400000e+01
   endloop
 endfacet
 facet normal  0.000000e+00  0.000000e+00  1.000000e+00
   outer loop
     vertex -1.420508e+02 -8.120361e+01  1.400000e+01
     vertex -1.439554e+02 -8.058761e+01  1.400000e+01
     vertex -1.420719e+02 -8.126017e+01  1.400000e+01
   endloop
 endfacet
 facet normal  0.000000e+00  0.000000e+00  1.000000e+00
   outer loop
     vertex -1.391616e+02 -8.403398e+01  1.400000e+01
     vertex -1.392177e+02 -8.405621e+01  1.400000e+01
     vertex -1.385065e+02 -8.592549e+01  1.400000e+01
   endloop
 endfacet
 facet normal  0.000000e+00  0.000000e+00  1.000000e+00
   outer loop
     vertex -1.391616e+02 -8.403398e+01  1.400000e+01
     vertex -1.385065e+02 -8.592549e+01  1.400000e+01
     vertex -1.383994e+02 -8.588304e+01  1.400000e+01
   endloop
 endfacet
 facet normal  0.000000e+00  0.000000e+00  1.000000e+00
   outer loop
     vertex -1.420282e+02 -8.114765e+01  1.400000e+01
     vertex -1.438720e+02 -8.037279e+01  1.400000e+01
     vertex -1.439152e+02 -8.047963e+01  1.400000e+01
   endloop
 endfacet
 facet normal  0.000000e+00  0.000000e+00  1.000000e+00
   outer loop
     vertex -1.420282e+02 -8.114765e+01  1.400000e+01
     vertex -1.439152e+02 -8.047963e+01  1.400000e+01
     vertex -1.420508e+02 -8.120361e+01  1.400000e+01
   endloop
 endfacet
 facet normal  0.000000e+00  0.000000e+00  1.000000e+00
   outer loop
     vertex -1.391061e+02 -8.401021e+01  1.400000e+01
     vertex -1.391616e+02 -8.403398e+01  1.400000e+01
     vertex -1.383994e+02 -8.588304e+01  1.400000e+01
   endloop
 endfacet
 facet normal  0.000000e+00  0.000000e+00  1.000000e+00
   outer loop
     vertex -1.391061e+02 -8.401021e+01  1.400000e+01
     vertex -1.383994e+02 -8.588304e+01  1.400000e+01
     vertex -1.382935e+02 -8.583767e+01  1.400000e+01
   endloop
 endfacet
 facet normal  0.000000e+00  0.000000e+00  1.000000e+00
   outer loop
     vertex -1.420040e+02 -8.109233e+01  1.400000e+01
     vertex -1.438720e+02 -8.037279e+01  1.400000e+01
     vertex -1.420282e+02 -8.114765e+01  1.400000e+01
   endloop
 endfacet
 facet normal  0.000000e+00  0.000000e+00  1.000000e+00
   outer loop
     vertex -1.420040e+02 -8.109233e+01  1.400000e+01
     vertex -1.438259e+02 -8.026718e+01  1.400000e+01
     vertex -1.438720e+02 -8.037279e+01  1.400000e+01
   endloop
 endfacet
 facet normal  0.000000e+00  0.000000e+00  1.000000e+00
   outer loop
     vertex -1.390513e+02 -8.398493e+01  1.400000e+01
     vertex -1.382935e+02 -8.583767e+01  1.400000e+01
     vertex -1.381888e+02 -8.578941e+01  1.400000e+01
   endloop
 endfacet
 facet normal  0.000000e+00  0.000000e+00  1.000000e+00
   outer loop
     vertex -1.390513e+02 -8.398493e+01  1.400000e+01
     vertex -1.391061e+02 -8.401021e+01  1.400000e+01
     vertex -1.382935e+02 -8.583767e+01  1.400000e+01
   endloop
 endfacet
 facet normal  0.000000e+00  0.000000e+00  1.000000e+00
   outer loop
     vertex -1.419784e+02 -8.103769e+01  1.400000e+01
     vertex -1.438259e+02 -8.026718e+01  1.400000e+01
     vertex -1.420040e+02 -8.109233e+01  1.400000e+01
   endloop
 endfacet
 facet normal  0.000000e+00  0.000000e+00  1.000000e+00
   outer loop
     vertex -1.419784e+02 -8.103769e+01  1.400000e+01
     vertex -1.437769e+02 -8.016287e+01  1.400000e+01
     vertex -1.438259e+02 -8.026718e+01  1.400000e+01
   endloop
 endfacet
 facet normal  0.000000e+00  0.000000e+00  1.000000e+00
   outer loop
     vertex -1.389972e+02 -8.395815e+01  1.400000e+01
     vertex -1.381888e+02 -8.578941e+01  1.400000e+01
     vertex -1.380855e+02 -8.573830e+01  1.400000e+01
   endloop
 endfacet
 facet normal  0.000000e+00  0.000000e+00  1.000000e+00
   outer loop
     vertex -1.389972e+02 -8.395815e+01  1.400000e+01
     vertex -1.390513e+02 -8.398493e+01  1.400000e+01
     vertex -1.381888e+02 -8.578941e+01  1.400000e+01
   endloop
 endfacet
 facet normal  0.000000e+00  0.000000e+00  1.000000e+00
   outer loop
     vertex -1.419512e+02 -8.098378e+01  1.400000e+01
     vertex -1.437769e+02 -8.016287e+01  1.400000e+01
     vertex -1.419784e+02 -8.103769e+01  1.400000e+01
   endloop
 endfacet
 facet normal  0.000000e+00  0.000000e+00  1.000000e+00
   outer loop
     vertex -1.419512e+02 -8.098378e+01  1.400000e+01
     vertex -1.437251e+02 -8.005995e+01  1.400000e+01
     vertex -1.437769e+02 -8.016287e+01  1.400000e+01
   endloop
 endfacet
 facet normal  0.000000e+00  0.000000e+00  1.000000e+00
   outer loop
     vertex -1.389438e+02 -8.392991e+01  1.400000e+01
     vertex -1.389972e+02 -8.395815e+01  1.400000e+01
     vertex -1.380855e+02 -8.573830e+01  1.400000e+01
   endloop
 endfacet
 facet normal  0.000000e+00  0.000000e+00  1.000000e+00
   outer loop
     vertex -1.389438e+02 -8.392991e+01  1.400000e+01
     vertex -1.380855e+02 -8.573830e+01  1.400000e+01
     vertex -1.379837e+02 -8.568437e+01  1.400000e+01
   endloop
 endfacet
 facet normal  0.000000e+00  0.000000e+00  1.000000e+00
   outer loop
     vertex -1.419226e+02 -8.093063e+01  1.400000e+01
     vertex -1.437251e+02 -8.005995e+01  1.400000e+01
     vertex -1.419512e+02 -8.098378e+01  1.400000e+01
   endloop
 endfacet
 facet normal  0.000000e+00  0.000000e+00  1.000000e+00
   outer loop
     vertex -1.419226e+02 -8.093063e+01  1.400000e+01
     vertex -1.436705e+02 -7.995848e+01  1.400000e+01
     vertex -1.437251e+02 -8.005995e+01  1.400000e+01
   endloop
 endfacet
 facet normal  0.000000e+00  0.000000e+00  1.000000e+00
   outer loop
     vertex -1.388913e+02 -8.390021e+01  1.400000e+01
     vertex -1.389438e+02 -8.392991e+01  1.400000e+01
     vertex -1.379837e+02 -8.568437e+01  1.400000e+01
   endloop
 endfacet
 facet normal  0.000000e+00  0.000000e+00  1.000000e+00
   outer loop
     vertex -1.388913e+02 -8.390021e+01  1.400000e+01
     vertex -1.379837e+02 -8.568437e+01  1.400000e+01
     vertex -1.378834e+02 -8.562767e+01  1.400000e+01
   endloop
 endfacet
 facet normal  0.000000e+00  0.000000e+00  1.000000e+00
   outer loop
     vertex -1.418926e+02 -8.087829e+01  1.400000e+01
     vertex -1.436705e+02 -7.995848e+01  1.400000e+01
     vertex -1.419226e+02 -8.093063e+01  1.400000e+01
   endloop
 endfacet
 facet normal  0.000000e+00  0.000000e+00  1.000000e+00
   outer loop
     vertex -1.418926e+02 -8.087829e+01  1.400000e+01
     vertex -1.436131e+02 -7.985856e+01  1.400000e+01
     vertex -1.436705e+02 -7.995848e+01  1.400000e+01
   endloop
 endfacet
 facet normal  0.000000e+00  0.000000e+00  1.000000e+00
   outer loop
     vertex -1.388396e+02 -8.386907e+01  1.400000e+01
     vertex -1.388913e+02 -8.390021e+01  1.400000e+01
     vertex -1.378834e+02 -8.562767e+01  1.400000e+01
   endloop
 endfacet
 facet normal  0.000000e+00  0.000000e+00  1.000000e+00
   outer loop
     vertex -1.388396e+02 -8.386907e+01  1.400000e+01
     vertex -1.378834e+02 -8.562767e+01  1.400000e+01
     vertex -1.377847e+02 -8.556823e+01  1.400000e+01
   endloop
 endfacet
 facet normal  0.000000e+00  0.000000e+00  1.000000e+00
   outer loop
     vertex -1.418611e+02 -8.082679e+01  1.400000e+01
     vertex -1.436131e+02 -7.985856e+01  1.400000e+01
     vertex -1.418926e+02 -8.087829e+01  1.400000e+01
   endloop
 endfacet
 facet normal  0.000000e+00  0.000000e+00  1.000000e+00
   outer loop
     vertex -1.418611e+02 -8.082679e+01  1.400000e+01
     vertex -1.435530e+02 -7.976024e+01  1.400000e+01
     vertex -1.436131e+02 -7.985856e+01  1.400000e+01
   endloop
 endfacet
 facet normal  0.000000e+00  0.000000e+00  1.000000e+00
   outer loop
     vertex -1.387887e+02 -8.383654e+01  1.400000e+01
     vertex -1.388396e+02 -8.386907e+01  1.400000e+01
     vertex -1.377847e+02 -8.556823e+01  1.400000e+01
   endloop
 endfacet
 facet normal  0.000000e+00  0.000000e+00  1.000000e+00
   outer loop
     vertex -1.387887e+02 -8.383654e+01  1.400000e+01
     vertex -1.377847e+02 -8.556823e+01  1.400000e+01
     vertex -1.376876e+02 -8.550611e+01  1.400000e+01
   endloop
 endfacet
 facet normal  0.000000e+00  0.000000e+00  1.000000e+00
   outer loop
     vertex -1.418282e+02 -8.077618e+01  1.400000e+01
     vertex -1.435530e+02 -7.976024e+01  1.400000e+01
     vertex -1.418611e+02 -8.082679e+01  1.400000e+01
   endloop
 endfacet
 facet normal  0.000000e+00  0.000000e+00  1.000000e+00
   outer loop
     vertex -1.418282e+02 -8.077618e+01  1.400000e+01
     vertex -1.434902e+02 -7.966361e+01  1.400000e+01
     vertex -1.435530e+02 -7.976024e+01  1.400000e+01
   endloop
 endfacet
 facet normal  0.000000e+00  0.000000e+00  1.000000e+00
   outer loop
     vertex -1.387388e+02 -8.380262e+01  1.400000e+01
     vertex -1.387887e+02 -8.383654e+01  1.400000e+01
     vertex -1.376876e+02 -8.550611e+01  1.400000e+01
   endloop
 endfacet
 facet normal  0.000000e+00  0.000000e+00  1.000000e+00
   outer loop
     vertex -1.387388e+02 -8.380262e+01  1.400000e+01
     vertex -1.376876e+02 -8.550611e+01  1.400000e+01
     vertex -1.375923e+02 -8.544136e+01  1.400000e+01
   endloop
 endfacet
 facet normal  0.000000e+00  0.000000e+00  1.000000e+00
   outer loop
     vertex -1.417939e+02 -8.072648e+01  1.400000e+01
     vertex -1.434902e+02 -7.966361e+01  1.400000e+01
     vertex -1.418282e+02 -8.077618e+01  1.400000e+01
   endloop
 endfacet
 facet normal  0.000000e+00  0.000000e+00  1.000000e+00
   outer loop
     vertex -1.417939e+02 -8.072648e+01  1.400000e+01
     vertex -1.434248e+02 -7.956874e+01  1.400000e+01
     vertex -1.434902e+02 -7.966361e+01  1.400000e+01
   endloop
 endfacet
 facet normal  0.000000e+00  0.000000e+00  1.000000e+00
   outer loop
     vertex -1.386898e+02 -8.376734e+01  1.400000e+01
     vertex -1.387388e+02 -8.380262e+01  1.400000e+01
     vertex -1.375923e+02 -8.544136e+01  1.400000e+01
   endloop
 endfacet
 facet normal  0.000000e+00  0.000000e+00  1.000000e+00
   outer loop
     vertex -1.386898e+02 -8.376734e+01  1.400000e+01
     vertex -1.375923e+02 -8.544136e+01  1.400000e+01
     vertex -1.374988e+02 -8.537401e+01  1.400000e+01
   endloop
 endfacet
 facet normal  0.000000e+00  0.000000e+00  1.000000e+00
   outer loop
     vertex -1.417583e+02 -8.067775e+01  1.400000e+01
     vertex -1.434248e+02 -7.956874e+01  1.400000e+01
     vertex -1.417939e+02 -8.072648e+01  1.400000e+01
   endloop
 endfacet
 facet normal  0.000000e+00  0.000000e+00  1.000000e+00
   outer loop
     vertex -1.417583e+02 -8.067775e+01  1.400000e+01
     vertex -1.433568e+02 -7.947570e+01  1.400000e+01
     vertex -1.434248e+02 -7.956874e+01  1.400000e+01
   endloop
 endfacet
 facet normal  0.000000e+00  0.000000e+00  1.000000e+00
   outer loop
     vertex -1.386418e+02 -8.373073e+01  1.400000e+01
     vertex -1.386898e+02 -8.376734e+01  1.400000e+01
     vertex -1.374988e+02 -8.537401e+01  1.400000e+01
   endloop
 endfacet
 facet normal  0.000000e+00  0.000000e+00  1.000000e+00
   outer loop
     vertex -1.386418e+02 -8.373073e+01  1.400000e+01
     vertex -1.374988e+02 -8.537401e+01  1.400000e+01
     vertex -1.374072e+02 -8.530412e+01  1.400000e+01
   endloop
 endfacet
 facet normal  0.000000e+00  0.000000e+00  1.000000e+00
   outer loop
     vertex -1.417214e+02 -8.063001e+01  1.400000e+01
     vertex -1.433568e+02 -7.947570e+01  1.400000e+01
     vertex -1.417583e+02 -8.067775e+01  1.400000e+01
   endloop
 endfacet
 facet normal  0.000000e+00  0.000000e+00  1.000000e+00
   outer loop
     vertex -1.417214e+02 -8.063001e+01  1.400000e+01
     vertex -1.432863e+02 -7.938456e+01  1.400000e+01
     vertex -1.433568e+02 -7.947570e+01  1.400000e+01
   endloop
 endfacet
 facet normal  0.000000e+00  0.000000e+00  1.000000e+00
   outer loop
     vertex -1.385949e+02 -8.369282e+01  1.400000e+01
     vertex -1.386418e+02 -8.373073e+01  1.400000e+01
     vertex -1.374072e+02 -8.530412e+01  1.400000e+01
   endloop
 endfacet
 facet normal  0.000000e+00  0.000000e+00  1.000000e+00
   outer loop
     vertex -1.385949e+02 -8.369282e+01  1.400000e+01
     vertex -1.374072e+02 -8.530412e+01  1.400000e+01
     vertex -1.373175e+02 -8.523174e+01  1.400000e+01
   endloop
 endfacet
 facet normal  0.000000e+00  0.000000e+00  1.000000e+00
   outer loop
     vertex -1.416831e+02 -8.058330e+01  1.400000e+01
     vertex -1.432863e+02 -7.938456e+01  1.400000e+01
     vertex -1.417214e+02 -8.063001e+01  1.400000e+01
   endloop
 endfacet
 facet normal  0.000000e+00  0.000000e+00  1.000000e+00
   outer loop
     vertex -1.416831e+02 -8.058330e+01  1.400000e+01
     vertex -1.432133e+02 -7.929539e+01  1.400000e+01
     vertex -1.432863e+02 -7.938456e+01  1.400000e+01
   endloop
 endfacet
 facet normal  0.000000e+00  0.000000e+00  1.000000e+00
   outer loop
     vertex -1.385490e+02 -8.365363e+01  1.400000e+01
     vertex -1.385949e+02 -8.369282e+01  1.400000e+01
     vertex -1.373175e+02 -8.523174e+01  1.400000e+01
   endloop
 endfacet
 facet normal  0.000000e+00  0.000000e+00  1.000000e+00
   outer loop
     vertex -1.385490e+02 -8.365363e+01  1.400000e+01
     vertex -1.373175e+02 -8.523174e+01  1.400000e+01
     vertex -1.372298e+02 -8.515694e+01  1.400000e+01
   endloop
 endfacet
 facet normal  0.000000e+00  0.000000e+00  1.000000e+00
   outer loop
     vertex -1.416436e+02 -8.053766e+01  1.400000e+01
     vertex -1.430601e+02 -7.912322e+01  1.400000e+01
     vertex -1.431379e+02 -7.920826e+01  1.400000e+01
   endloop
 endfacet
 facet normal  0.000000e+00  0.000000e+00  1.000000e+00
   outer loop
     vertex -1.416436e+02 -8.053766e+01  1.400000e+01
     vertex -1.431379e+02 -7.920826e+01  1.400000e+01
     vertex -1.432133e+02 -7.929539e+01  1.400000e+01
   endloop
 endfacet
 facet normal  0.000000e+00  0.000000e+00  1.000000e+00
   outer loop
     vertex -1.416436e+02 -8.053766e+01  1.400000e+01
     vertex -1.432133e+02 -7.929539e+01  1.400000e+01
     vertex -1.416831e+02 -8.058330e+01  1.400000e+01
   endloop
 endfacet
 facet normal  0.000000e+00  0.000000e+00  1.000000e+00
   outer loop
     vertex -1.385041e+02 -8.361320e+01  1.400000e+01
     vertex -1.372298e+02 -8.515694e+01  1.400000e+01
     vertex -1.371443e+02 -8.507975e+01  1.400000e+01
   endloop
 endfacet
 facet normal  0.000000e+00  0.000000e+00  1.000000e+00
   outer loop
     vertex -1.385041e+02 -8.361320e+01  1.400000e+01
     vertex -1.385490e+02 -8.365363e+01  1.400000e+01
     vertex -1.372298e+02 -8.515694e+01  1.400000e+01
   endloop
 endfacet
 facet normal  0.000000e+00  0.000000e+00  1.000000e+00
   outer loop
     vertex -1.416029e+02 -8.049312e+01  1.400000e+01
     vertex -1.430601e+02 -7.912322e+01  1.400000e+01
     vertex -1.416436e+02 -8.053766e+01  1.400000e+01
   endloop
 endfacet
 facet normal  0.000000e+00  0.000000e+00  1.000000e+00
   outer loop
     vertex -1.384605e+02 -8.357156e+01  1.400000e+01
     vertex -1.385041e+02 -8.361320e+01  1.400000e+01
     vertex -1.371443e+02 -8.507975e+01  1.400000e+01
   endloop
 endfacet
 facet normal  0.000000e+00  0.000000e+00  1.000000e+00
   outer loop
     vertex -1.384605e+02 -8.357156e+01  1.400000e+01
     vertex -1.371443e+02 -8.507975e+01  1.400000e+01
     vertex -1.370609e+02 -8.500025e+01  1.400000e+01
   endloop
 endfacet
 facet normal  0.000000e+00  0.000000e+00  1.000000e+00
   outer loop
     vertex -1.415610e+02 -8.044971e+01  1.400000e+01
     vertex -1.429800e+02 -7.904035e+01  1.400000e+01
     vertex -1.430601e+02 -7.912322e+01  1.400000e+01
   endloop
 endfacet
 facet normal  0.000000e+00  0.000000e+00  1.000000e+00
   outer loop
     vertex -1.415610e+02 -8.044971e+01  1.400000e+01
     vertex -1.430601e+02 -7.912322e+01  1.400000e+01
     vertex -1.416029e+02 -8.049312e+01  1.400000e+01
   endloop
 endfacet
 facet normal  0.000000e+00  0.000000e+00  1.000000e+00
   outer loop
     vertex -1.369797e+02 -8.491849e+01  1.400000e+01
     vertex -1.384179e+02 -8.352873e+01  1.400000e+01
     vertex -1.384605e+02 -8.357156e+01  1.400000e+01
   endloop
 endfacet
 facet normal  0.000000e+00  0.000000e+00  1.000000e+00
   outer loop
     vertex -1.369797e+02 -8.491849e+01  1.400000e+01
     vertex -1.384605e+02 -8.357156e+01  1.400000e+01
     vertex -1.370609e+02 -8.500025e+01  1.400000e+01
   endloop
 endfacet
 facet normal  0.000000e+00  0.000000e+00  1.000000e+00
   outer loop
     vertex -1.383766e+02 -8.348475e+01  1.400000e+01
     vertex -1.384179e+02 -8.352873e+01  1.400000e+01
     vertex -1.369797e+02 -8.491849e+01  1.400000e+01
   endloop
 endfacet
 facet normal  0.000000e+00  0.000000e+00  1.000000e+00
   outer loop
     vertex -1.428977e+02 -7.895971e+01  1.400000e+01
     vertex -1.429800e+02 -7.904035e+01  1.400000e+01
     vertex -1.415610e+02 -8.044971e+01  1.400000e+01
   endloop
 endfacet
 facet normal  0.000000e+00  0.000000e+00  1.000000e+00
   outer loop
     vertex -1.428977e+02 -7.895971e+01  1.400000e+01
     vertex -1.415610e+02 -8.044971e+01  1.400000e+01
     vertex -1.415178e+02 -8.040747e+01  1.400000e+01
   endloop
 endfacet
 facet normal  0.000000e+00  0.000000e+00  1.000000e+00
   outer loop
     vertex -1.414736e+02 -8.036643e+01  1.400000e+01
     vertex -1.428977e+02 -7.895971e+01  1.400000e+01
     vertex -1.415178e+02 -8.040747e+01  1.400000e+01
   endloop
 endfacet
 facet normal  0.000000e+00  0.000000e+00  1.000000e+00
   outer loop
     vertex -1.369007e+02 -8.483453e+01  1.400000e+01
     vertex -1.383766e+02 -8.348475e+01  1.400000e+01
     vertex -1.369797e+02 -8.491849e+01  1.400000e+01
   endloop
 endfacet
 facet normal  0.000000e+00  0.000000e+00  1.000000e+00
   outer loop
     vertex -1.428132e+02 -7.888136e+01  1.400000e+01
     vertex -1.428977e+02 -7.895971e+01  1.400000e+01
     vertex -1.414736e+02 -8.036643e+01  1.400000e+01
   endloop
 endfacet
 facet normal  0.000000e+00  0.000000e+00  1.000000e+00
   outer loop
     vertex -1.368241e+02 -8.474844e+01  1.400000e+01
     vertex -1.383365e+02 -8.343966e+01  1.400000e+01
     vertex -1.383766e+02 -8.348475e+01  1.400000e+01
   endloop
 endfacet
 facet normal  0.000000e+00  0.000000e+00  1.000000e+00
   outer loop
     vertex -1.368241e+02 -8.474844e+01  1.400000e+01
     vertex -1.382976e+02 -8.339348e+01  1.400000e+01
     vertex -1.383365e+02 -8.343966e+01  1.400000e+01
   endloop
 endfacet
 facet normal  0.000000e+00  0.000000e+00  1.000000e+00
   outer loop
     vertex -1.368241e+02 -8.474844e+01  1.400000e+01
     vertex -1.383766e+02 -8.348475e+01  1.400000e+01
     vertex -1.369007e+02 -8.483453e+01  1.400000e+01
   endloop
 endfacet
 facet normal  0.000000e+00  0.000000e+00  1.000000e+00
   outer loop
     vertex -1.427266e+02 -7.880536e+01  1.400000e+01
     vertex -1.414736e+02 -8.036643e+01  1.400000e+01
     vertex -1.414282e+02 -8.032662e+01  1.400000e+01
   endloop
 endfacet
 facet normal  0.000000e+00  0.000000e+00  1.000000e+00
   outer loop
     vertex -1.427266e+02 -7.880536e+01  1.400000e+01
     vertex -1.428132e+02 -7.888136e+01  1.400000e+01
     vertex -1.414736e+02 -8.036643e+01  1.400000e+01
   endloop
 endfacet
 facet normal  0.000000e+00  0.000000e+00  1.000000e+00
   outer loop
     vertex -1.367499e+02 -8.466027e+01  1.400000e+01
     vertex -1.382976e+02 -8.339348e+01  1.400000e+01
     vertex -1.368241e+02 -8.474844e+01  1.400000e+01
   endloop
 endfacet
 facet normal  0.000000e+00  0.000000e+00  1.000000e+00
   outer loop
     vertex -1.426379e+02 -7.873176e+01  1.400000e+01
     vertex -1.414282e+02 -8.032662e+01  1.400000e+01
     vertex -1.413818e+02 -8.028807e+01  1.400000e+01
   endloop
 endfacet
 facet normal  0.000000e+00  0.000000e+00  1.000000e+00
   outer loop
     vertex -1.426379e+02 -7.873176e+01  1.400000e+01
     vertex -1.427266e+02 -7.880536e+01  1.400000e+01
     vertex -1.414282e+02 -8.032662e+01  1.400000e+01
   endloop
 endfacet
 facet normal  0.000000e+00  0.000000e+00  1.000000e+00
   outer loop
     vertex -1.366782e+02 -8.457011e+01  1.400000e+01
     vertex -1.382600e+02 -8.334625e+01  1.400000e+01
     vertex -1.382976e+02 -8.339348e+01  1.400000e+01
   endloop
 endfacet
 facet normal  0.000000e+00  0.000000e+00  1.000000e+00
   outer loop
     vertex -1.366782e+02 -8.457011e+01  1.400000e+01
     vertex -1.382976e+02 -8.339348e+01  1.400000e+01
     vertex -1.367499e+02 -8.466027e+01  1.400000e+01
   endloop
 endfacet
 facet normal  0.000000e+00  0.000000e+00  1.000000e+00
   outer loop
     vertex -1.425473e+02 -7.866062e+01  1.400000e+01
     vertex -1.413343e+02 -8.025080e+01  1.400000e+01
     vertex -1.412858e+02 -8.021486e+01  1.400000e+01
   endloop
 endfacet
 facet normal  0.000000e+00  0.000000e+00  1.000000e+00
   outer loop
     vertex -1.425473e+02 -7.866062e+01  1.400000e+01
     vertex -1.413818e+02 -8.028807e+01  1.400000e+01
     vertex -1.413343e+02 -8.025080e+01  1.400000e+01
   endloop
 endfacet
 facet normal  0.000000e+00  0.000000e+00  1.000000e+00
   outer loop
     vertex -1.425473e+02 -7.866062e+01  1.400000e+01
     vertex -1.426379e+02 -7.873176e+01  1.400000e+01
     vertex -1.413818e+02 -8.028807e+01  1.400000e+01
   endloop
 endfacet
 facet normal  0.000000e+00  0.000000e+00  1.000000e+00
   outer loop
     vertex -1.366089e+02 -8.447801e+01  1.400000e+01
     vertex -1.382237e+02 -8.329801e+01  1.400000e+01
     vertex -1.382600e+02 -8.334625e+01  1.400000e+01
   endloop
 endfacet
 facet normal  0.000000e+00  0.000000e+00  1.000000e+00
   outer loop
     vertex -1.366089e+02 -8.447801e+01  1.400000e+01
     vertex -1.382600e+02 -8.334625e+01  1.400000e+01
     vertex -1.366782e+02 -8.457011e+01  1.400000e+01
   endloop
 endfacet
 facet normal  0.000000e+00  0.000000e+00  1.000000e+00
   outer loop
     vertex -1.424547e+02 -7.859200e+01  1.400000e+01
     vertex -1.412858e+02 -8.021486e+01  1.400000e+01
     vertex -1.412363e+02 -8.018025e+01  1.400000e+01
   endloop
 endfacet
 facet normal  0.000000e+00  0.000000e+00  1.000000e+00
   outer loop
     vertex -1.424547e+02 -7.859200e+01  1.400000e+01
     vertex -1.425473e+02 -7.866062e+01  1.400000e+01
     vertex -1.412858e+02 -8.021486e+01  1.400000e+01
   endloop
 endfacet
 facet normal  0.000000e+00  0.000000e+00  1.000000e+00
   outer loop
     vertex -1.365422e+02 -8.438405e+01  1.400000e+01
     vertex -1.381888e+02 -8.324879e+01  1.400000e+01
     vertex -1.382237e+02 -8.329801e+01  1.400000e+01
   endloop
 endfacet
 facet normal  0.000000e+00  0.000000e+00  1.000000e+00
   outer loop
     vertex -1.365422e+02 -8.438405e+01  1.400000e+01
     vertex -1.381552e+02 -8.319863e+01  1.400000e+01
     vertex -1.381888e+02 -8.324879e+01  1.400000e+01
   endloop
 endfacet
 facet normal  0.000000e+00  0.000000e+00  1.000000e+00
   outer loop
     vertex -1.365422e+02 -8.438405e+01  1.400000e+01
     vertex -1.382237e+02 -8.329801e+01  1.400000e+01
     vertex -1.366089e+02 -8.447801e+01  1.400000e+01
   endloop
 endfacet
 facet normal  0.000000e+00  0.000000e+00  1.000000e+00
   outer loop
     vertex -1.423603e+02 -7.852594e+01  1.400000e+01
     vertex -1.424547e+02 -7.859200e+01  1.400000e+01
     vertex -1.412363e+02 -8.018025e+01  1.400000e+01
   endloop
 endfacet
 facet normal  0.000000e+00  0.000000e+00  1.000000e+00
   outer loop
     vertex -1.364781e+02 -8.428829e+01  1.400000e+01
     vertex -1.381552e+02 -8.319863e+01  1.400000e+01
     vertex -1.365422e+02 -8.438405e+01  1.400000e+01
   endloop
 endfacet
 facet normal  0.000000e+00  0.000000e+00  1.000000e+00
   outer loop
     vertex -1.422641e+02 -7.846249e+01  1.400000e+01
     vertex -1.412363e+02 -8.018025e+01  1.400000e+01
     vertex -1.411859e+02 -8.014702e+01  1.400000e+01
   endloop
 endfacet
 facet normal  0.000000e+00  0.000000e+00  1.000000e+00
   outer loop
     vertex -1.422641e+02 -7.846249e+01  1.400000e+01
     vertex -1.423603e+02 -7.852594e+01  1.400000e+01
     vertex -1.412363e+02 -8.018025e+01  1.400000e+01
   endloop
 endfacet
 facet normal  0.000000e+00  0.000000e+00  1.000000e+00
   outer loop
     vertex -1.364167e+02 -8.419081e+01  1.400000e+01
     vertex -1.381230e+02 -8.314757e+01  1.400000e+01
     vertex -1.381552e+02 -8.319863e+01  1.400000e+01
   endloop
 endfacet
 facet normal  0.000000e+00  0.000000e+00  1.000000e+00
   outer loop
     vertex -1.364167e+02 -8.419081e+01  1.400000e+01
     vertex -1.380922e+02 -8.309564e+01  1.400000e+01
     vertex -1.381230e+02 -8.314757e+01  1.400000e+01
   endloop
 endfacet
 facet normal  0.000000e+00  0.000000e+00  1.000000e+00
   outer loop
     vertex -1.364167e+02 -8.419081e+01  1.400000e+01
     vertex -1.381552e+02 -8.319863e+01  1.400000e+01
     vertex -1.364781e+02 -8.428829e+01  1.400000e+01
   endloop
 endfacet
 facet normal  0.000000e+00  0.000000e+00  1.000000e+00
   outer loop
     vertex -1.421662e+02 -7.840171e+01  1.400000e+01
     vertex -1.411859e+02 -8.014702e+01  1.400000e+01
     vertex -1.411347e+02 -8.011518e+01  1.400000e+01
   endloop
 endfacet
 facet normal  0.000000e+00  0.000000e+00  1.000000e+00
   outer loop
     vertex -1.421662e+02 -7.840171e+01  1.400000e+01
     vertex -1.422641e+02 -7.846249e+01  1.400000e+01
     vertex -1.411859e+02 -8.014702e+01  1.400000e+01
   endloop
 endfacet
 facet normal  0.000000e+00  0.000000e+00  1.000000e+00
   outer loop
     vertex -1.363579e+02 -8.409168e+01  1.400000e+01
     vertex -1.380629e+02 -8.304289e+01  1.400000e+01
     vertex -1.380922e+02 -8.309564e+01  1.400000e+01
   endloop
 endfacet
 facet normal  0.000000e+00  0.000000e+00  1.000000e+00
   outer loop
     vertex -1.363579e+02 -8.409168e+01  1.400000e+01
     vertex -1.380922e+02 -8.309564e+01  1.400000e+01
     vertex -1.364167e+02 -8.419081e+01  1.400000e+01
   endloop
 endfacet
 facet normal  0.000000e+00  0.000000e+00  1.000000e+00
   outer loop
     vertex -1.420666e+02 -7.834364e+01  1.400000e+01
     vertex -1.410825e+02 -8.008476e+01  1.400000e+01
     vertex -1.410296e+02 -8.005579e+01  1.400000e+01
   endloop
 endfacet
 facet normal  0.000000e+00  0.000000e+00  1.000000e+00
   outer loop
     vertex -1.420666e+02 -7.834364e+01  1.400000e+01
     vertex -1.411347e+02 -8.011518e+01  1.400000e+01
     vertex -1.410825e+02 -8.008476e+01  1.400000e+01
   endloop
 endfacet
 facet normal  0.000000e+00  0.000000e+00  1.000000e+00
   outer loop
     vertex -1.420666e+02 -7.834364e+01  1.400000e+01
     vertex -1.421662e+02 -7.840171e+01  1.400000e+01
     vertex -1.411347e+02 -8.011518e+01  1.400000e+01
   endloop
 endfacet
 facet normal  0.000000e+00  0.000000e+00  1.000000e+00
   outer loop
     vertex -1.363019e+02 -8.399097e+01  1.400000e+01
     vertex -1.380629e+02 -8.304289e+01  1.400000e+01
     vertex -1.363579e+02 -8.409168e+01  1.400000e+01
   endloop
 endfacet
 facet normal  0.000000e+00  0.000000e+00  1.000000e+00
   outer loop
     vertex -1.419656e+02 -7.828832e+01  1.400000e+01
     vertex -1.420666e+02 -7.834364e+01  1.400000e+01
     vertex -1.410296e+02 -8.005579e+01  1.400000e+01
   endloop
 endfacet
 facet normal  0.000000e+00  0.000000e+00  1.000000e+00
   outer loop
     vertex -1.362487e+02 -8.388877e+01  1.400000e+01
     vertex -1.380629e+02 -8.304289e+01  1.400000e+01
     vertex -1.363019e+02 -8.399097e+01  1.400000e+01
   endloop
 endfacet
 facet normal  0.000000e+00  0.000000e+00  1.000000e+00
   outer loop
     vertex -1.362487e+02 -8.388877e+01  1.400000e+01
     vertex -1.380350e+02 -8.298936e+01  1.400000e+01
     vertex -1.380629e+02 -8.304289e+01  1.400000e+01
   endloop
 endfacet
 facet normal  0.000000e+00  0.000000e+00  1.000000e+00
   outer loop
     vertex -1.418630e+02 -7.823579e+01  1.400000e+01
     vertex -1.409759e+02 -8.002827e+01  1.400000e+01
     vertex -1.409214e+02 -8.000224e+01  1.400000e+01
   endloop
 endfacet
 facet normal  0.000000e+00  0.000000e+00  1.000000e+00
   outer loop
     vertex -1.418630e+02 -7.823579e+01  1.400000e+01
     vertex -1.410296e+02 -8.005579e+01  1.400000e+01
     vertex -1.409759e+02 -8.002827e+01  1.400000e+01
   endloop
 endfacet
 facet normal  0.000000e+00  0.000000e+00  1.000000e+00
   outer loop
     vertex -1.418630e+02 -7.823579e+01  1.400000e+01
     vertex -1.419656e+02 -7.828832e+01  1.400000e+01
     vertex -1.410296e+02 -8.005579e+01  1.400000e+01
   endloop
 endfacet
 facet normal  0.000000e+00  0.000000e+00  1.000000e+00
   outer loop
     vertex -1.361983e+02 -8.378514e+01  1.400000e+01
     vertex -1.380350e+02 -8.298936e+01  1.400000e+01
     vertex -1.362487e+02 -8.388877e+01  1.400000e+01
   endloop
 endfacet
 facet normal  0.000000e+00  0.000000e+00  1.000000e+00
   outer loop
     vertex -1.361983e+02 -8.378514e+01  1.400000e+01
     vertex -1.380086e+02 -8.293508e+01  1.400000e+01
     vertex -1.380350e+02 -8.298936e+01  1.400000e+01
   endloop
 endfacet
 facet normal  0.000000e+00  0.000000e+00  1.000000e+00
   outer loop
     vertex -1.417590e+02 -7.818610e+01  1.400000e+01
     vertex -1.418630e+02 -7.823579e+01  1.400000e+01
     vertex -1.409214e+02 -8.000224e+01  1.400000e+01
   endloop
 endfacet
 facet normal  0.000000e+00  0.000000e+00  1.000000e+00
   outer loop
     vertex -1.361507e+02 -8.368018e+01  1.400000e+01
     vertex -1.379837e+02 -8.288009e+01  1.400000e+01
     vertex -1.380086e+02 -8.293508e+01  1.400000e+01
   endloop
 endfacet
 facet normal  0.000000e+00  0.000000e+00  1.000000e+00
   outer loop
     vertex -1.361507e+02 -8.368018e+01  1.400000e+01
     vertex -1.380086e+02 -8.293508e+01  1.400000e+01
     vertex -1.361983e+02 -8.378514e+01  1.400000e+01
   endloop
 endfacet
 facet normal  0.000000e+00  0.000000e+00  1.000000e+00
   outer loop
     vertex -1.416537e+02 -7.813928e+01  1.400000e+01
     vertex -1.417590e+02 -7.818610e+01  1.400000e+01
     vertex -1.409214e+02 -8.000224e+01  1.400000e+01
   endloop
 endfacet
 facet normal  0.000000e+00  0.000000e+00  1.000000e+00
   outer loop
     vertex -1.416537e+02 -7.813928e+01  1.400000e+01
     vertex -1.409214e+02 -8.000224e+01  1.400000e+01
     vertex -1.408662e+02 -7.997772e+01  1.400000e+01
   endloop
 endfacet
 facet normal  0.000000e+00  0.000000e+00  1.000000e+00
   outer loop
     vertex -1.361061e+02 -8.357394e+01  1.400000e+01
     vertex -1.379837e+02 -8.288009e+01  1.400000e+01
     vertex -1.361507e+02 -8.368018e+01  1.400000e+01
   endloop
 endfacet
 facet normal  0.000000e+00  0.000000e+00  1.000000e+00
   outer loop
     vertex -1.361061e+02 -8.357394e+01  1.400000e+01
     vertex -1.379603e+02 -8.282445e+01  1.400000e+01
     vertex -1.379837e+02 -8.288009e+01  1.400000e+01
   endloop
 endfacet
 facet normal  0.000000e+00  0.000000e+00  1.000000e+00
   outer loop
     vertex -1.361061e+02 -8.357394e+01  1.400000e+01
     vertex -1.379385e+02 -8.276818e+01  1.400000e+01
     vertex -1.379603e+02 -8.282445e+01  1.400000e+01
   endloop
 endfacet
 facet normal  0.000000e+00  0.000000e+00  1.000000e+00
   outer loop
     vertex -1.415472e+02 -7.809536e+01  1.400000e+01
     vertex -1.416537e+02 -7.813928e+01  1.400000e+01
     vertex -1.408662e+02 -7.997772e+01  1.400000e+01
   endloop
 endfacet
 facet normal  0.000000e+00  0.000000e+00  1.000000e+00
   outer loop
     vertex -1.415472e+02 -7.809536e+01  1.400000e+01
     vertex -1.408662e+02 -7.997772e+01  1.400000e+01
     vertex -1.408104e+02 -7.995471e+01  1.400000e+01
   endloop
 endfacet
 facet normal  0.000000e+00  0.000000e+00  1.000000e+00
   outer loop
     vertex -1.360644e+02 -8.346652e+01  1.400000e+01
     vertex -1.379385e+02 -8.276818e+01  1.400000e+01
     vertex -1.361061e+02 -8.357394e+01  1.400000e+01
   endloop
 endfacet
 facet normal  0.000000e+00  0.000000e+00  1.000000e+00
   outer loop
     vertex -1.414395e+02 -7.805439e+01  1.400000e+01
     vertex -1.415472e+02 -7.809536e+01  1.400000e+01
     vertex -1.408104e+02 -7.995471e+01  1.400000e+01
   endloop
 endfacet
 facet normal  0.000000e+00  0.000000e+00  1.000000e+00
   outer loop
     vertex -1.414395e+02 -7.805439e+01  1.400000e+01
     vertex -1.408104e+02 -7.995471e+01  1.400000e+01
     vertex -1.407540e+02 -7.993325e+01  1.400000e+01
   endloop
 endfacet
 facet normal  0.000000e+00  0.000000e+00  1.000000e+00
   outer loop
     vertex -1.360256e+02 -8.335800e+01  1.400000e+01
     vertex -1.379385e+02 -8.276818e+01  1.400000e+01
     vertex -1.360644e+02 -8.346652e+01  1.400000e+01
   endloop
 endfacet
 facet normal  0.000000e+00  0.000000e+00  1.000000e+00
   outer loop
     vertex -1.360256e+02 -8.335800e+01  1.400000e+01
     vertex -1.379182e+02 -8.271133e+01  1.400000e+01
     vertex -1.379385e+02 -8.276818e+01  1.400000e+01
   endloop
 endfacet
 facet normal  0.000000e+00  0.000000e+00  1.000000e+00
   outer loop
     vertex -1.413307e+02 -7.801638e+01  1.400000e+01
     vertex -1.414395e+02 -7.805439e+01  1.400000e+01
     vertex -1.407540e+02 -7.993325e+01  1.400000e+01
   endloop
 endfacet
 facet normal  0.000000e+00  0.000000e+00  1.000000e+00
   outer loop
     vertex -1.413307e+02 -7.801638e+01  1.400000e+01
     vertex -1.406970e+02 -7.991334e+01  1.400000e+01
     vertex -1.406395e+02 -7.989501e+01  1.400000e+01
   endloop
 endfacet
 facet normal  0.000000e+00  0.000000e+00  1.000000e+00
   outer loop
     vertex -1.413307e+02 -7.801638e+01  1.400000e+01
     vertex -1.407540e+02 -7.993325e+01  1.400000e+01
     vertex -1.406970e+02 -7.991334e+01  1.400000e+01
   endloop
 endfacet
 facet normal  0.000000e+00  0.000000e+00  1.000000e+00
   outer loop
     vertex -1.359898e+02 -8.324845e+01  1.400000e+01
     vertex -1.378994e+02 -8.265395e+01  1.400000e+01
     vertex -1.379182e+02 -8.271133e+01  1.400000e+01
   endloop
 endfacet
 facet normal  0.000000e+00  0.000000e+00  1.000000e+00
   outer loop
     vertex -1.359898e+02 -8.324845e+01  1.400000e+01
     vertex -1.379182e+02 -8.271133e+01  1.400000e+01
     vertex -1.360256e+02 -8.335800e+01  1.400000e+01
   endloop
 endfacet
 facet normal  0.000000e+00  0.000000e+00  1.000000e+00
   outer loop
     vertex -1.412209e+02 -7.798137e+01  1.400000e+01
     vertex -1.413307e+02 -7.801638e+01  1.400000e+01
     vertex -1.406395e+02 -7.989501e+01  1.400000e+01
   endloop
 endfacet
 facet normal  0.000000e+00  0.000000e+00  1.000000e+00
   outer loop
     vertex -1.412209e+02 -7.798137e+01  1.400000e+01
     vertex -1.406395e+02 -7.989501e+01  1.400000e+01
     vertex -1.405815e+02 -7.987825e+01  1.400000e+01
   endloop
 endfacet
 facet normal  0.000000e+00  0.000000e+00  1.000000e+00
   outer loop
     vertex -1.359571e+02 -8.313797e+01  1.400000e+01
     vertex -1.378994e+02 -8.265395e+01  1.400000e+01
     vertex -1.359898e+02 -8.324845e+01  1.400000e+01
   endloop
 endfacet
 facet normal  0.000000e+00  0.000000e+00  1.000000e+00
   outer loop
     vertex -1.359571e+02 -8.313797e+01  1.400000e+01
     vertex -1.378823e+02 -8.259608e+01  1.400000e+01
     vertex -1.378994e+02 -8.265395e+01  1.400000e+01
   endloop
 endfacet
 facet normal  0.000000e+00  0.000000e+00  1.000000e+00
   outer loop
     vertex -1.411102e+02 -7.794939e+01  1.400000e+01
     vertex -1.412209e+02 -7.798137e+01  1.400000e+01
     vertex -1.405815e+02 -7.987825e+01  1.400000e+01
   endloop
 endfacet
 facet normal  0.000000e+00  0.000000e+00  1.000000e+00
   outer loop
     vertex -1.411102e+02 -7.794939e+01  1.400000e+01
     vertex -1.405815e+02 -7.987825e+01  1.400000e+01
     vertex -1.405231e+02 -7.986310e+01  1.400000e+01
   endloop
 endfacet
 facet normal  0.000000e+00  0.000000e+00  1.000000e+00
   outer loop
     vertex -1.359274e+02 -8.302663e+01  1.400000e+01
     vertex -1.378823e+02 -8.259608e+01  1.400000e+01
     vertex -1.359571e+02 -8.313797e+01  1.400000e+01
   endloop
 endfacet
 facet normal  0.000000e+00  0.000000e+00  1.000000e+00
   outer loop
     vertex -1.359274e+02 -8.302663e+01  1.400000e+01
     vertex -1.378667e+02 -8.253776e+01  1.400000e+01
     vertex -1.378823e+02 -8.259608e+01  1.400000e+01
   endloop
 endfacet
 facet normal  0.000000e+00  0.000000e+00  1.000000e+00
   outer loop
     vertex -1.409987e+02 -7.792046e+01  1.400000e+01
     vertex -1.411102e+02 -7.794939e+01  1.400000e+01
     vertex -1.405231e+02 -7.986310e+01  1.400000e+01
   endloop
 endfacet
 facet normal  0.000000e+00  0.000000e+00  1.000000e+00
   outer loop
     vertex -1.359008e+02 -8.291451e+01  1.400000e+01
     vertex -1.378667e+02 -8.253776e+01  1.400000e+01
     vertex -1.359274e+02 -8.302663e+01  1.400000e+01
   endloop
 endfacet
 facet normal  0.000000e+00  0.000000e+00  1.000000e+00
   outer loop
     vertex -1.359008e+02 -8.291451e+01  1.400000e+01
     vertex -1.378528e+02 -8.247903e+01  1.400000e+01
     vertex -1.378667e+02 -8.253776e+01  1.400000e+01
   endloop
 endfacet
 facet normal  0.000000e+00  0.000000e+00  1.000000e+00
   outer loop
     vertex -1.408864e+02 -7.789460e+01  1.400000e+01
     vertex -1.409987e+02 -7.792046e+01  1.400000e+01
     vertex -1.405231e+02 -7.986310e+01  1.400000e+01
   endloop
 endfacet
 facet normal  0.000000e+00  0.000000e+00  1.000000e+00
   outer loop
     vertex -1.408864e+02 -7.789460e+01  1.400000e+01
     vertex -1.404643e+02 -7.984955e+01  1.400000e+01
     vertex -1.404051e+02 -7.983762e+01  1.400000e+01
   endloop
 endfacet
 facet normal  0.000000e+00  0.000000e+00  1.000000e+00
   outer loop
     vertex -1.408864e+02 -7.789460e+01  1.400000e+01
     vertex -1.405231e+02 -7.986310e+01  1.400000e+01
     vertex -1.404643e+02 -7.984955e+01  1.400000e+01
   endloop
 endfacet
 facet normal  0.000000e+00  0.000000e+00  1.000000e+00
   outer loop
     vertex -1.358772e+02 -8.280171e+01  1.400000e+01
     vertex -1.378405e+02 -8.241994e+01  1.400000e+01
     vertex -1.378528e+02 -8.247903e+01  1.400000e+01
   endloop
 endfacet
 facet normal  0.000000e+00  0.000000e+00  1.000000e+00
   outer loop
     vertex -1.358772e+02 -8.280171e+01  1.400000e+01
     vertex -1.378528e+02 -8.247903e+01  1.400000e+01
     vertex -1.359008e+02 -8.291451e+01  1.400000e+01
   endloop
 endfacet
 facet normal  0.000000e+00  0.000000e+00  1.000000e+00
   outer loop
     vertex -1.407734e+02 -7.787182e+01  1.400000e+01
     vertex -1.408864e+02 -7.789460e+01  1.400000e+01
     vertex -1.404051e+02 -7.983762e+01  1.400000e+01
   endloop
 endfacet
 facet normal  0.000000e+00  0.000000e+00  1.000000e+00
   outer loop
     vertex -1.358568e+02 -8.268831e+01  1.400000e+01
     vertex -1.378297e+02 -8.236054e+01  1.400000e+01
     vertex -1.378405e+02 -8.241994e+01  1.400000e+01
   endloop
 endfacet
 facet normal  0.000000e+00  0.000000e+00  1.000000e+00
   outer loop
     vertex -1.358568e+02 -8.268831e+01  1.400000e+01
     vertex -1.378405e+02 -8.241994e+01  1.400000e+01
     vertex -1.358772e+02 -8.280171e+01  1.400000e+01
   endloop
 endfacet
 facet normal  0.000000e+00  0.000000e+00  1.000000e+00
   outer loop
     vertex -1.406599e+02 -7.785216e+01  1.400000e+01
     vertex -1.407734e+02 -7.787182e+01  1.400000e+01
     vertex -1.404051e+02 -7.983762e+01  1.400000e+01
   endloop
 endfacet
 facet normal  0.000000e+00  0.000000e+00  1.000000e+00
   outer loop
     vertex -1.406599e+02 -7.785216e+01  1.400000e+01
     vertex -1.404051e+02 -7.983762e+01  1.400000e+01
     vertex -1.403456e+02 -7.982732e+01  1.400000e+01
   endloop
 endfacet
 facet normal  0.000000e+00  0.000000e+00  1.000000e+00
   outer loop
     vertex -1.358395e+02 -8.257438e+01  1.400000e+01
     vertex -1.378207e+02 -8.230087e+01  1.400000e+01
     vertex -1.378297e+02 -8.236054e+01  1.400000e+01
   endloop
 endfacet
 facet normal  0.000000e+00  0.000000e+00  1.000000e+00
   outer loop
     vertex -1.358395e+02 -8.257438e+01  1.400000e+01
     vertex -1.378297e+02 -8.236054e+01  1.400000e+01
     vertex -1.358568e+02 -8.268831e+01  1.400000e+01
   endloop
 endfacet
 facet normal  0.000000e+00  0.000000e+00  1.000000e+00
   outer loop
     vertex -1.405458e+02 -7.783562e+01  1.400000e+01
     vertex -1.406599e+02 -7.785216e+01  1.400000e+01
     vertex -1.403456e+02 -7.982732e+01  1.400000e+01
   endloop
 endfacet
 facet normal  0.000000e+00  0.000000e+00  1.000000e+00
   outer loop
     vertex -1.405458e+02 -7.783562e+01  1.400000e+01
     vertex -1.403456e+02 -7.982732e+01  1.400000e+01
     vertex -1.402859e+02 -7.981866e+01  1.400000e+01
   endloop
 endfacet
 facet normal  0.000000e+00  0.000000e+00  1.000000e+00
   outer loop
     vertex -1.358253e+02 -8.246003e+01  1.400000e+01
     vertex -1.378132e+02 -8.224097e+01  1.400000e+01
     vertex -1.378207e+02 -8.230087e+01  1.400000e+01
   endloop
 endfacet
 facet normal  0.000000e+00  0.000000e+00  1.000000e+00
   outer loop
     vertex -1.358253e+02 -8.246003e+01  1.400000e+01
     vertex -1.378207e+02 -8.230087e+01  1.400000e+01
     vertex -1.358395e+02 -8.257438e+01  1.400000e+01
   endloop
 endfacet
 facet normal  0.000000e+00  0.000000e+00  1.000000e+00
   outer loop
     vertex -1.404314e+02 -7.782221e+01  1.400000e+01
     vertex -1.405458e+02 -7.783562e+01  1.400000e+01
     vertex -1.402859e+02 -7.981866e+01  1.400000e+01
   endloop
 endfacet
 facet normal  0.000000e+00  0.000000e+00  1.000000e+00
   outer loop
     vertex -1.404314e+02 -7.782221e+01  1.400000e+01
     vertex -1.402859e+02 -7.981866e+01  1.400000e+01
     vertex -1.402260e+02 -7.981163e+01  1.400000e+01
   endloop
 endfacet
 facet normal  0.000000e+00  0.000000e+00  1.000000e+00
   outer loop
     vertex -1.358142e+02 -8.234532e+01  1.400000e+01
     vertex -1.378132e+02 -8.224097e+01  1.400000e+01
     vertex -1.358253e+02 -8.246003e+01  1.400000e+01
   endloop
 endfacet
 facet normal  0.000000e+00  0.000000e+00  1.000000e+00
   outer loop
     vertex -1.358142e+02 -8.234532e+01  1.400000e+01
     vertex -1.378074e+02 -8.218088e+01  1.400000e+01
     vertex -1.378132e+02 -8.224097e+01  1.400000e+01
   endloop
 endfacet
 facet normal  0.000000e+00  0.000000e+00  1.000000e+00
   outer loop
     vertex -1.403166e+02 -7.781195e+01  1.400000e+01
     vertex -1.404314e+02 -7.782221e+01  1.400000e+01
     vertex -1.402260e+02 -7.981163e+01  1.400000e+01
   endloop
 endfacet
 facet normal  0.000000e+00  0.000000e+00  1.000000e+00
   outer loop
     vertex -1.403166e+02 -7.781195e+01  1.400000e+01
     vertex -1.402260e+02 -7.981163e+01  1.400000e+01
     vertex -1.401658e+02 -7.980626e+01  1.400000e+01
   endloop
 endfacet
 facet normal  0.000000e+00  0.000000e+00  1.000000e+00
   outer loop
     vertex -1.358063e+02 -8.223036e+01  1.400000e+01
     vertex -1.378074e+02 -8.218088e+01  1.400000e+01
     vertex -1.358142e+02 -8.234532e+01  1.400000e+01
   endloop
 endfacet
 facet normal  0.000000e+00  0.000000e+00  1.000000e+00
   outer loop
     vertex -1.358063e+02 -8.223036e+01  1.400000e+01
     vertex -1.378033e+02 -8.212066e+01  1.400000e+01
     vertex -1.378074e+02 -8.218088e+01  1.400000e+01
   endloop
 endfacet
 facet normal  0.000000e+00  0.000000e+00  1.000000e+00
   outer loop
     vertex -1.402016e+02 -7.780484e+01  1.400000e+01
     vertex -1.403166e+02 -7.781195e+01  1.400000e+01
     vertex -1.401658e+02 -7.980626e+01  1.400000e+01
   endloop
 endfacet
 facet normal  0.000000e+00  0.000000e+00  1.000000e+00
   outer loop
     vertex -1.402016e+02 -7.780484e+01  1.400000e+01
     vertex -1.401658e+02 -7.980626e+01  1.400000e+01
     vertex -1.401056e+02 -7.980254e+01  1.400000e+01
   endloop
 endfacet
 facet normal  0.000000e+00  0.000000e+00  1.000000e+00
   outer loop
     vertex -1.358016e+02 -8.211522e+01  1.400000e+01
     vertex -1.378008e+02 -8.206035e+01  1.400000e+01
     vertex -1.378033e+02 -8.212066e+01  1.400000e+01
   endloop
 endfacet
 facet normal  0.000000e+00  0.000000e+00  1.000000e+00
   outer loop
     vertex -1.358016e+02 -8.211522e+01  1.400000e+01
     vertex -1.378033e+02 -8.212066e+01  1.400000e+01
     vertex -1.358063e+02 -8.223036e+01  1.400000e+01
   endloop
 endfacet
 facet normal  0.000000e+00  0.000000e+00  1.000000e+00
   outer loop
     vertex -1.400864e+02 -7.780089e+01  1.400000e+01
     vertex -1.402016e+02 -7.780484e+01  1.400000e+01
     vertex -1.401056e+02 -7.980254e+01  1.400000e+01
   endloop
 endfacet
 facet normal  0.000000e+00  0.000000e+00  1.000000e+00
   outer loop
     vertex -1.400864e+02 -7.780089e+01  1.400000e+01
     vertex -1.401056e+02 -7.980254e+01  1.400000e+01
     vertex -1.400453e+02 -7.980047e+01  1.400000e+01
   endloop
 endfacet
 facet normal  0.000000e+00  0.000000e+00  1.000000e+00
   outer loop
     vertex -1.358000e+02 -8.200000e+01  1.400000e+01
     vertex -1.378000e+02 -8.200000e+01  1.400000e+01
     vertex -1.378008e+02 -8.206035e+01  1.400000e+01
   endloop
 endfacet
 facet normal  0.000000e+00  0.000000e+00  1.000000e+00
   outer loop
     vertex -1.358000e+02 -8.200000e+01  1.400000e+01
     vertex -1.378008e+02 -8.206035e+01  1.400000e+01
     vertex -1.358016e+02 -8.211522e+01  1.400000e+01
   endloop
 endfacet
 facet normal  0.000000e+00  0.000000e+00  1.000000e+00
   outer loop
     vertex -1.399712e+02 -7.780010e+01  1.400000e+01
     vertex -1.400864e+02 -7.780089e+01  1.400000e+01
     vertex -1.400453e+02 -7.980047e+01  1.400000e+01
   endloop
 endfacet
 facet normal  0.000000e+00  0.000000e+00  1.000000e+00
   outer loop
     vertex -1.399712e+02 -7.780010e+01  1.400000e+01
     vertex -1.399849e+02 -7.980005e+01  1.400000e+01
     vertex -1.399246e+02 -7.980129e+01  1.400000e+01
   endloop
 endfacet
 facet normal  0.000000e+00  0.000000e+00  1.000000e+00
   outer loop
     vertex -1.399712e+02 -7.780010e+01  1.400000e+01
     vertex -1.400453e+02 -7.980047e+01  1.400000e+01
     vertex -1.399849e+02 -7.980005e+01  1.400000e+01
   endloop
 endfacet
 facet normal  0.000000e+00  0.000000e+00  1.000000e+00
   outer loop
     vertex -1.358016e+02 -8.188478e+01  1.400000e+01
     vertex -1.378008e+02 -8.193965e+01  1.400000e+01
     vertex -1.378000e+02 -8.200000e+01  1.400000e+01
   endloop
 endfacet
 facet normal  0.000000e+00  0.000000e+00  1.000000e+00
   outer loop
     vertex -1.358016e+02 -8.188478e+01  1.400000e+01
     vertex -1.378000e+02 -8.200000e+01  1.400000e+01
     vertex -1.358000e+02 -8.200000e+01  1.400000e+01
   endloop
 endfacet
 facet normal  0.000000e+00  0.000000e+00  1.000000e+00
   outer loop
     vertex -1.398560e+02 -7.780247e+01  1.400000e+01
     vertex -1.399712e+02 -7.780010e+01  1.400000e+01
     vertex -1.399246e+02 -7.980129e+01  1.400000e+01
   endloop
 endfacet
 facet normal  0.000000e+00  0.000000e+00  1.000000e+00
   outer loop
     vertex -1.398560e+02 -7.780247e+01  1.400000e+01
     vertex -1.399246e+02 -7.980129e+01  1.400000e+01
     vertex -1.398643e+02 -7.980419e+01  1.400000e+01
   endloop
 endfacet
 facet normal  0.000000e+00  0.000000e+00  1.000000e+00
   outer loop
     vertex -1.358063e+02 -8.176964e+01  1.400000e+01
     vertex -1.378033e+02 -8.187934e+01  1.400000e+01
     vertex -1.378008e+02 -8.193965e+01  1.400000e+01
   endloop
 endfacet
 facet normal  0.000000e+00  0.000000e+00  1.000000e+00
   outer loop
     vertex -1.358063e+02 -8.176964e+01  1.400000e+01
     vertex -1.378074e+02 -8.181912e+01  1.400000e+01
     vertex -1.378033e+02 -8.187934e+01  1.400000e+01
   endloop
 endfacet
 facet normal  0.000000e+00  0.000000e+00  1.000000e+00
   outer loop
     vertex -1.358063e+02 -8.176964e+01  1.400000e+01
     vertex -1.378008e+02 -8.193965e+01  1.400000e+01
     vertex -1.358016e+02 -8.188478e+01  1.400000e+01
   endloop
 endfacet
 facet normal  0.000000e+00  0.000000e+00  1.000000e+00
   outer loop
     vertex -1.397409e+02 -7.780800e+01  1.400000e+01
     vertex -1.398560e+02 -7.780247e+01  1.400000e+01
     vertex -1.398643e+02 -7.980419e+01  1.400000e+01
   endloop
 endfacet
 facet normal  0.000000e+00  0.000000e+00  1.000000e+00
   outer loop
     vertex -1.358142e+02 -8.165468e+01  1.400000e+01
     vertex -1.378074e+02 -8.181912e+01  1.400000e+01
     vertex -1.358063e+02 -8.176964e+01  1.400000e+01
   endloop
 endfacet
 facet normal  0.000000e+00  0.000000e+00  1.000000e+00
   outer loop
     vertex -1.396260e+02 -7.781669e+01  1.400000e+01
     vertex -1.398643e+02 -7.980419e+01  1.400000e+01
     vertex -1.398041e+02 -7.980874e+01  1.400000e+01
   endloop
 endfacet
 facet normal  0.000000e+00  0.000000e+00  1.000000e+00
   outer loop
     vertex -1.396260e+02 -7.781669e+01  1.400000e+01
     vertex -1.397409e+02 -7.780800e+01  1.400000e+01
     vertex -1.398643e+02 -7.980419e+01  1.400000e+01
   endloop
 endfacet
 facet normal  0.000000e+00  0.000000e+00  1.000000e+00
   outer loop
     vertex -1.358253e+02 -8.153997e+01  1.400000e+01
     vertex -1.378132e+02 -8.175903e+01  1.400000e+01
     vertex -1.378074e+02 -8.181912e+01  1.400000e+01
   endloop
 endfacet
 facet normal  0.000000e+00  0.000000e+00  1.000000e+00
   outer loop
     vertex -1.358253e+02 -8.153997e+01  1.400000e+01
     vertex -1.378207e+02 -8.169913e+01  1.400000e+01
     vertex -1.378132e+02 -8.175903e+01  1.400000e+01
   endloop
 endfacet
 facet normal  0.000000e+00  0.000000e+00  1.000000e+00
   outer loop
     vertex -1.358253e+02 -8.153997e+01  1.400000e+01
     vertex -1.378074e+02 -8.181912e+01  1.400000e+01
     vertex -1.358142e+02 -8.165468e+01  1.400000e+01
   endloop
 endfacet
 facet normal  0.000000e+00  0.000000e+00  1.000000e+00
   outer loop
     vertex -1.395113e+02 -7.782852e+01  1.400000e+01
     vertex -1.396260e+02 -7.781669e+01  1.400000e+01
     vertex -1.398041e+02 -7.980874e+01  1.400000e+01
   endloop
 endfacet
 facet normal  0.000000e+00  0.000000e+00  1.000000e+00
   outer loop
     vertex -1.395113e+02 -7.782852e+01  1.400000e+01
     vertex -1.397440e+02 -7.981494e+01  1.400000e+01
     vertex -1.396842e+02 -7.982278e+01  1.400000e+01
   endloop
 endfacet
 facet normal  0.000000e+00  0.000000e+00  1.000000e+00
   outer loop
     vertex -1.395113e+02 -7.782852e+01  1.400000e+01
     vertex -1.398041e+02 -7.980874e+01  1.400000e+01
     vertex -1.397440e+02 -7.981494e+01  1.400000e+01
   endloop
 endfacet
 facet normal  0.000000e+00  0.000000e+00  1.000000e+00
   outer loop
     vertex -1.358395e+02 -8.142562e+01  1.400000e+01
     vertex -1.378297e+02 -8.163946e+01  1.400000e+01
     vertex -1.378207e+02 -8.169913e+01  1.400000e+01
   endloop
 endfacet
 facet normal  0.000000e+00  0.000000e+00  1.000000e+00
   outer loop
     vertex -1.358395e+02 -8.142562e+01  1.400000e+01
     vertex -1.378207e+02 -8.169913e+01  1.400000e+01
     vertex -1.358253e+02 -8.153997e+01  1.400000e+01
   endloop
 endfacet
 facet normal  0.000000e+00  0.000000e+00  1.000000e+00
   outer loop
     vertex -1.393971e+02 -7.784350e+01  1.400000e+01
     vertex -1.395113e+02 -7.782852e+01  1.400000e+01
     vertex -1.396842e+02 -7.982278e+01  1.400000e+01
   endloop
 endfacet
 facet normal  0.000000e+00  0.000000e+00  1.000000e+00
   outer loop
     vertex -1.358568e+02 -8.131169e+01  1.400000e+01
     vertex -1.378297e+02 -8.163946e+01  1.400000e+01
     vertex -1.358395e+02 -8.142562e+01  1.400000e+01
   endloop
 endfacet
 facet normal  0.000000e+00  0.000000e+00  1.000000e+00
   outer loop
     vertex -1.392833e+02 -7.786160e+01  1.400000e+01
     vertex -1.393971e+02 -7.784350e+01  1.400000e+01
     vertex -1.396842e+02 -7.982278e+01  1.400000e+01
   endloop
 endfacet
 facet normal  0.000000e+00  0.000000e+00  1.000000e+00
   outer loop
     vertex -1.392833e+02 -7.786160e+01  1.400000e+01
     vertex -1.396246e+02 -7.983227e+01  1.400000e+01
     vertex -1.395653e+02 -7.984338e+01  1.400000e+01
   endloop
 endfacet
 facet normal  0.000000e+00  0.000000e+00  1.000000e+00
   outer loop
     vertex -1.392833e+02 -7.786160e+01  1.400000e+01
     vertex -1.396842e+02 -7.982278e+01  1.400000e+01
     vertex -1.396246e+02 -7.983227e+01  1.400000e+01
   endloop
 endfacet
 facet normal  0.000000e+00  0.000000e+00  1.000000e+00
   outer loop
     vertex -1.358772e+02 -8.119829e+01  1.400000e+01
     vertex -1.378297e+02 -8.163946e+01  1.400000e+01
     vertex -1.358568e+02 -8.131169e+01  1.400000e+01
   endloop
 endfacet
 facet normal  0.000000e+00  0.000000e+00  1.000000e+00
   outer loop
     vertex -1.358772e+02 -8.119829e+01  1.400000e+01
     vertex -1.378405e+02 -8.158006e+01  1.400000e+01
     vertex -1.378297e+02 -8.163946e+01  1.400000e+01
   endloop
 endfacet
 facet normal  0.000000e+00  0.000000e+00  1.000000e+00
   outer loop
     vertex -1.391700e+02 -7.788282e+01  1.400000e+01
     vertex -1.392833e+02 -7.786160e+01  1.400000e+01
     vertex -1.395653e+02 -7.984338e+01  1.400000e+01
   endloop
 endfacet
 facet normal  0.000000e+00  0.000000e+00  1.000000e+00
   outer loop
     vertex -1.359008e+02 -8.108549e+01  1.400000e+01
     vertex -1.378528e+02 -8.152097e+01  1.400000e+01
     vertex -1.378405e+02 -8.158006e+01  1.400000e+01
   endloop
 endfacet
 facet normal  0.000000e+00  0.000000e+00  1.000000e+00
   outer loop
     vertex -1.359008e+02 -8.108549e+01  1.400000e+01
     vertex -1.378667e+02 -8.146224e+01  1.400000e+01
     vertex -1.378528e+02 -8.152097e+01  1.400000e+01
   endloop
 endfacet
 facet normal  0.000000e+00  0.000000e+00  1.000000e+00
   outer loop
     vertex -1.359008e+02 -8.108549e+01  1.400000e+01
     vertex -1.378405e+02 -8.158006e+01  1.400000e+01
     vertex -1.358772e+02 -8.119829e+01  1.400000e+01
   endloop
 endfacet
 facet normal  0.000000e+00  0.000000e+00  1.000000e+00
   outer loop
     vertex -1.390574e+02 -7.790714e+01  1.400000e+01
     vertex -1.395653e+02 -7.984338e+01  1.400000e+01
     vertex -1.395063e+02 -7.985612e+01  1.400000e+01
   endloop
 endfacet
 facet normal  0.000000e+00  0.000000e+00  1.000000e+00
   outer loop
     vertex -1.390574e+02 -7.790714e+01  1.400000e+01
     vertex -1.391700e+02 -7.788282e+01  1.400000e+01
     vertex -1.395653e+02 -7.984338e+01  1.400000e+01
   endloop
 endfacet
 facet normal  0.000000e+00  0.000000e+00  1.000000e+00
   outer loop
     vertex -1.359274e+02 -8.097337e+01  1.400000e+01
     vertex -1.378667e+02 -8.146224e+01  1.400000e+01
     vertex -1.359008e+02 -8.108549e+01  1.400000e+01
   endloop
 endfacet
 facet normal  0.000000e+00  0.000000e+00  1.000000e+00
   outer loop
     vertex -1.389455e+02 -7.793454e+01  1.400000e+01
     vertex -1.390574e+02 -7.790714e+01  1.400000e+01
     vertex -1.395063e+02 -7.985612e+01  1.400000e+01
   endloop
 endfacet
 facet normal  0.000000e+00  0.000000e+00  1.000000e+00
   outer loop
     vertex -1.389455e+02 -7.793454e+01  1.400000e+01
     vertex -1.394476e+02 -7.987047e+01  1.400000e+01
     vertex -1.393894e+02 -7.988643e+01  1.400000e+01
   endloop
 endfacet
 facet normal  0.000000e+00  0.000000e+00  1.000000e+00
   outer loop
     vertex -1.389455e+02 -7.793454e+01  1.400000e+01
     vertex -1.395063e+02 -7.985612e+01  1.400000e+01
     vertex -1.394476e+02 -7.987047e+01  1.400000e+01
   endloop
 endfacet
 facet normal  0.000000e+00  0.000000e+00  1.000000e+00
   outer loop
     vertex -1.359571e+02 -8.086203e+01  1.400000e+01
     vertex -1.378823e+02 -8.140392e+01  1.400000e+01
     vertex -1.378667e+02 -8.146224e+01  1.400000e+01
   endloop
 endfacet
 facet normal  0.000000e+00  0.000000e+00  1.000000e+00
   outer loop
     vertex -1.359571e+02 -8.086203e+01  1.400000e+01
     vertex -1.378667e+02 -8.146224e+01  1.400000e+01
     vertex -1.359274e+02 -8.097337e+01  1.400000e+01
   endloop
 endfacet
 facet normal  0.000000e+00  0.000000e+00  1.000000e+00
   outer loop
     vertex -1.388343e+02 -7.796500e+01  1.400000e+01
     vertex -1.389455e+02 -7.793454e+01  1.400000e+01
     vertex -1.393894e+02 -7.988643e+01  1.400000e+01
   endloop
 endfacet
 facet normal  0.000000e+00  0.000000e+00  1.000000e+00
   outer loop
     vertex -1.359898e+02 -8.075155e+01  1.400000e+01
     vertex -1.378994e+02 -8.134605e+01  1.400000e+01
     vertex -1.378823e+02 -8.140392e+01  1.400000e+01
   endloop
 endfacet
 facet normal  0.000000e+00  0.000000e+00  1.000000e+00
   outer loop
     vertex -1.359898e+02 -8.075155e+01  1.400000e+01
     vertex -1.379182e+02 -8.128867e+01  1.400000e+01
     vertex -1.378994e+02 -8.134605e+01  1.400000e+01
   endloop
 endfacet
 facet normal  0.000000e+00  0.000000e+00  1.000000e+00
   outer loop
     vertex -1.359898e+02 -8.075155e+01  1.400000e+01
     vertex -1.378823e+02 -8.140392e+01  1.400000e+01
     vertex -1.359571e+02 -8.086203e+01  1.400000e+01
   endloop
 endfacet
 facet normal  0.000000e+00  0.000000e+00  1.000000e+00
   outer loop
     vertex -1.387241e+02 -7.799850e+01  1.400000e+01
     vertex -1.388343e+02 -7.796500e+01  1.400000e+01
     vertex -1.393894e+02 -7.988643e+01  1.400000e+01
   endloop
 endfacet
 facet normal  0.000000e+00  0.000000e+00  1.000000e+00
   outer loop
     vertex -1.387241e+02 -7.799850e+01  1.400000e+01
     vertex -1.393894e+02 -7.988643e+01  1.400000e+01
     vertex -1.393317e+02 -7.990398e+01  1.400000e+01
   endloop
 endfacet
 facet normal  0.000000e+00  0.000000e+00  1.000000e+00
   outer loop
     vertex -1.360256e+02 -8.064200e+01  1.400000e+01
     vertex -1.379385e+02 -8.123182e+01  1.400000e+01
     vertex -1.379182e+02 -8.128867e+01  1.400000e+01
   endloop
 endfacet
 facet normal  0.000000e+00  0.000000e+00  1.000000e+00
   outer loop
     vertex -1.360256e+02 -8.064200e+01  1.400000e+01
     vertex -1.379182e+02 -8.128867e+01  1.400000e+01
     vertex -1.359898e+02 -8.075155e+01  1.400000e+01
   endloop
 endfacet
 facet normal  0.000000e+00  0.000000e+00  1.000000e+00
   outer loop
     vertex -1.386148e+02 -7.803501e+01  1.400000e+01
     vertex -1.392744e+02 -7.992310e+01  1.400000e+01
     vertex -1.392177e+02 -7.994379e+01  1.400000e+01
   endloop
 endfacet
 facet normal  0.000000e+00  0.000000e+00  1.000000e+00
   outer loop
     vertex -1.386148e+02 -7.803501e+01  1.400000e+01
     vertex -1.393317e+02 -7.990398e+01  1.400000e+01
     vertex -1.392744e+02 -7.992310e+01  1.400000e+01
   endloop
 endfacet
 facet normal  0.000000e+00  0.000000e+00  1.000000e+00
   outer loop
     vertex -1.386148e+02 -7.803501e+01  1.400000e+01
     vertex -1.387241e+02 -7.799850e+01  1.400000e+01
     vertex -1.393317e+02 -7.990398e+01  1.400000e+01
   endloop
 endfacet
 facet normal  0.000000e+00  0.000000e+00  1.000000e+00
   outer loop
     vertex -1.360644e+02 -8.053348e+01  1.400000e+01
     vertex -1.379385e+02 -8.123182e+01  1.400000e+01
     vertex -1.360256e+02 -8.064200e+01  1.400000e+01
   endloop
 endfacet
 facet normal  0.000000e+00  0.000000e+00  1.000000e+00
   outer loop
     vertex -1.385065e+02 -7.807451e+01  1.400000e+01
     vertex -1.386148e+02 -7.803501e+01  1.400000e+01
     vertex -1.392177e+02 -7.994379e+01  1.400000e+01
   endloop
 endfacet
 facet normal  0.000000e+00  0.000000e+00  1.000000e+00
   outer loop
     vertex -1.361061e+02 -8.042606e+01  1.400000e+01
     vertex -1.379603e+02 -8.117555e+01  1.400000e+01
     vertex -1.379385e+02 -8.123182e+01  1.400000e+01
   endloop
 endfacet
 facet normal  0.000000e+00  0.000000e+00  1.000000e+00
   outer loop
     vertex -1.361061e+02 -8.042606e+01  1.400000e+01
     vertex -1.379385e+02 -8.123182e+01  1.400000e+01
     vertex -1.360644e+02 -8.053348e+01  1.400000e+01
   endloop
 endfacet
 facet normal  0.000000e+00  0.000000e+00  1.000000e+00
   outer loop
     vertex -1.383994e+02 -7.811696e+01  1.400000e+01
     vertex -1.391616e+02 -7.996602e+01  1.400000e+01
     vertex -1.391061e+02 -7.998979e+01  1.400000e+01
   endloop
 endfacet
 facet normal  0.000000e+00  0.000000e+00  1.000000e+00
   outer loop
     vertex -1.383994e+02 -7.811696e+01  1.400000e+01
     vertex -1.392177e+02 -7.994379e+01  1.400000e+01
     vertex -1.391616e+02 -7.996602e+01  1.400000e+01
   endloop
 endfacet
 facet normal  0.000000e+00  0.000000e+00  1.000000e+00
   outer loop
     vertex -1.383994e+02 -7.811696e+01  1.400000e+01
     vertex -1.385065e+02 -7.807451e+01  1.400000e+01
     vertex -1.392177e+02 -7.994379e+01  1.400000e+01
   endloop
 endfacet
 facet normal  0.000000e+00  0.000000e+00  1.000000e+00
   outer loop
     vertex -1.361507e+02 -8.031982e+01  1.400000e+01
     vertex -1.379603e+02 -8.117555e+01  1.400000e+01
     vertex -1.361061e+02 -8.042606e+01  1.400000e+01
   endloop
 endfacet
 facet normal  0.000000e+00  0.000000e+00  1.000000e+00
   outer loop
     vertex -1.361507e+02 -8.031982e+01  1.400000e+01
     vertex -1.379837e+02 -8.111991e+01  1.400000e+01
     vertex -1.379603e+02 -8.117555e+01  1.400000e+01
   endloop
 endfacet
 facet normal  0.000000e+00  0.000000e+00  1.000000e+00
   outer loop
     vertex -1.361507e+02 -8.031982e+01  1.400000e+01
     vertex -1.380086e+02 -8.106492e+01  1.400000e+01
     vertex -1.379837e+02 -8.111991e+01  1.400000e+01
   endloop
 endfacet
 facet normal  0.000000e+00  0.000000e+00  1.000000e+00
   outer loop
     vertex -1.382935e+02 -7.816233e+01  1.400000e+01
     vertex -1.383994e+02 -7.811696e+01  1.400000e+01
     vertex -1.391061e+02 -7.998979e+01  1.400000e+01
   endloop
 endfacet
 facet normal  0.000000e+00  0.000000e+00  1.000000e+00
   outer loop
     vertex -1.382935e+02 -7.816233e+01  1.400000e+01
     vertex -1.391061e+02 -7.998979e+01  1.400000e+01
     vertex -1.390513e+02 -8.001507e+01  1.400000e+01
   endloop
 endfacet
 facet normal  0.000000e+00  0.000000e+00  1.000000e+00
   outer loop
     vertex -1.361983e+02 -8.021486e+01  1.400000e+01
     vertex -1.380086e+02 -8.106492e+01  1.400000e+01
     vertex -1.361507e+02 -8.031982e+01  1.400000e+01
   endloop
 endfacet
 facet normal  0.000000e+00  0.000000e+00  1.000000e+00
   outer loop
     vertex -1.361983e+02 -8.021486e+01  1.400000e+01
     vertex -1.380350e+02 -8.101064e+01  1.400000e+01
     vertex -1.380086e+02 -8.106492e+01  1.400000e+01
   endloop
 endfacet
 facet normal  0.000000e+00  0.000000e+00  1.000000e+00
   outer loop
     vertex -1.381888e+02 -7.821059e+01  1.400000e+01
     vertex -1.382935e+02 -7.816233e+01  1.400000e+01
     vertex -1.390513e+02 -8.001507e+01  1.400000e+01
   endloop
 endfacet
 facet normal  0.000000e+00  0.000000e+00  1.000000e+00
   outer loop
     vertex -1.362487e+02 -8.011123e+01  1.400000e+01
     vertex -1.380350e+02 -8.101064e+01  1.400000e+01
     vertex -1.361983e+02 -8.021486e+01  1.400000e+01
   endloop
 endfacet
 facet normal  0.000000e+00  0.000000e+00  1.000000e+00
   outer loop
     vertex -1.380855e+02 -7.826170e+01  1.400000e+01
     vertex -1.381888e+02 -7.821059e+01  1.400000e+01
     vertex -1.390513e+02 -8.001507e+01  1.400000e+01
   endloop
 endfacet
 facet normal  0.000000e+00  0.000000e+00  1.000000e+00
   outer loop
     vertex -1.380855e+02 -7.826170e+01  1.400000e+01
     vertex -1.390513e+02 -8.001507e+01  1.400000e+01
     vertex -1.389972e+02 -8.004185e+01  1.400000e+01
   endloop
 endfacet
 facet normal  0.000000e+00  0.000000e+00  1.000000e+00
   outer loop
     vertex -1.363019e+02 -8.000903e+01  1.400000e+01
     vertex -1.380350e+02 -8.101064e+01  1.400000e+01
     vertex -1.362487e+02 -8.011123e+01  1.400000e+01
   endloop
 endfacet
 facet normal  0.000000e+00  0.000000e+00  1.000000e+00
   outer loop
     vertex -1.363019e+02 -8.000903e+01  1.400000e+01
     vertex -1.380629e+02 -8.095711e+01  1.400000e+01
     vertex -1.380350e+02 -8.101064e+01  1.400000e+01
   endloop
 endfacet
 facet normal  0.000000e+00  0.000000e+00  1.000000e+00
   outer loop
     vertex -1.363019e+02 -8.000903e+01  1.400000e+01
     vertex -1.380922e+02 -8.090436e+01  1.400000e+01
     vertex -1.380629e+02 -8.095711e+01  1.400000e+01
   endloop
 endfacet
 facet normal  0.000000e+00  0.000000e+00  1.000000e+00
   outer loop
     vertex -1.379837e+02 -7.831563e+01  1.400000e+01
     vertex -1.380855e+02 -7.826170e+01  1.400000e+01
     vertex -1.389972e+02 -8.004185e+01  1.400000e+01
   endloop
 endfacet
 facet normal  0.000000e+00  0.000000e+00  1.000000e+00
   outer loop
     vertex -1.379837e+02 -7.831563e+01  1.400000e+01
     vertex -1.389972e+02 -8.004185e+01  1.400000e+01
     vertex -1.389438e+02 -8.007009e+01  1.400000e+01
   endloop
 endfacet
 facet normal  0.000000e+00  0.000000e+00  1.000000e+00
   outer loop
     vertex -1.363579e+02 -7.990832e+01  1.400000e+01
     vertex -1.381230e+02 -8.085243e+01  1.400000e+01
     vertex -1.380922e+02 -8.090436e+01  1.400000e+01
   endloop
 endfacet
 facet normal  0.000000e+00  0.000000e+00  1.000000e+00
   outer loop
     vertex -1.363579e+02 -7.990832e+01  1.400000e+01
     vertex -1.380922e+02 -8.090436e+01  1.400000e+01
     vertex -1.363019e+02 -8.000903e+01  1.400000e+01
   endloop
 endfacet
 facet normal  0.000000e+00  0.000000e+00  1.000000e+00
   outer loop
     vertex -1.378834e+02 -7.837233e+01  1.400000e+01
     vertex -1.379837e+02 -7.831563e+01  1.400000e+01
     vertex -1.389438e+02 -8.007009e+01  1.400000e+01
   endloop
 endfacet
 facet normal  0.000000e+00  0.000000e+00  1.000000e+00
   outer loop
     vertex -1.378834e+02 -7.837233e+01  1.400000e+01
     vertex -1.389438e+02 -8.007009e+01  1.400000e+01
     vertex -1.388913e+02 -8.009979e+01  1.400000e+01
   endloop
 endfacet
 facet normal  0.000000e+00  0.000000e+00  1.000000e+00
   outer loop
     vertex -1.364167e+02 -7.980919e+01  1.400000e+01
     vertex -1.381230e+02 -8.085243e+01  1.400000e+01
     vertex -1.363579e+02 -7.990832e+01  1.400000e+01
   endloop
 endfacet
 facet normal  0.000000e+00  0.000000e+00  1.000000e+00
   outer loop
     vertex -1.377847e+02 -7.843177e+01  1.400000e+01
     vertex -1.378834e+02 -7.837233e+01  1.400000e+01
     vertex -1.388913e+02 -8.009979e+01  1.400000e+01
   endloop
 endfacet
 facet normal  0.000000e+00  0.000000e+00  1.000000e+00
   outer loop
     vertex -1.377847e+02 -7.843177e+01  1.400000e+01
     vertex -1.388396e+02 -8.013093e+01  1.400000e+01
     vertex -1.387887e+02 -8.016346e+01  1.400000e+01
   endloop
 endfacet
 facet normal  0.000000e+00  0.000000e+00  1.000000e+00
   outer loop
     vertex -1.377847e+02 -7.843177e+01  1.400000e+01
     vertex -1.388913e+02 -8.009979e+01  1.400000e+01
     vertex -1.388396e+02 -8.013093e+01  1.400000e+01
   endloop
 endfacet
 facet normal  0.000000e+00  0.000000e+00  1.000000e+00
   outer loop
     vertex -1.364781e+02 -7.971171e+01  1.400000e+01
     vertex -1.381552e+02 -8.080137e+01  1.400000e+01
     vertex -1.381230e+02 -8.085243e+01  1.400000e+01
   endloop
 endfacet
 facet normal  0.000000e+00  0.000000e+00  1.000000e+00
   outer loop
     vertex -1.364781e+02 -7.971171e+01  1.400000e+01
     vertex -1.381888e+02 -8.075121e+01  1.400000e+01
     vertex -1.381552e+02 -8.080137e+01  1.400000e+01
   endloop
 endfacet
 facet normal  0.000000e+00  0.000000e+00  1.000000e+00
   outer loop
     vertex -1.364781e+02 -7.971171e+01  1.400000e+01
     vertex -1.381230e+02 -8.085243e+01  1.400000e+01
     vertex -1.364167e+02 -7.980919e+01  1.400000e+01
   endloop
 endfacet
 facet normal  0.000000e+00  0.000000e+00  1.000000e+00
   outer loop
     vertex -1.376876e+02 -7.849389e+01  1.400000e+01
     vertex -1.377847e+02 -7.843177e+01  1.400000e+01
     vertex -1.387887e+02 -8.016346e+01  1.400000e+01
   endloop
 endfacet
 facet normal  0.000000e+00  0.000000e+00  1.000000e+00
   outer loop
     vertex -1.365422e+02 -7.961595e+01  1.400000e+01
     vertex -1.381888e+02 -8.075121e+01  1.400000e+01
     vertex -1.364781e+02 -7.971171e+01  1.400000e+01
   endloop
 endfacet
 facet normal  0.000000e+00  0.000000e+00  1.000000e+00
   outer loop
     vertex -1.375923e+02 -7.855864e+01  1.400000e+01
     vertex -1.376876e+02 -7.849389e+01  1.400000e+01
     vertex -1.387887e+02 -8.016346e+01  1.400000e+01
   endloop
 endfacet
 facet normal  0.000000e+00  0.000000e+00  1.000000e+00
   outer loop
     vertex -1.375923e+02 -7.855864e+01  1.400000e+01
     vertex -1.387887e+02 -8.016346e+01  1.400000e+01
     vertex -1.387388e+02 -8.019738e+01  1.400000e+01
   endloop
 endfacet
 facet normal  0.000000e+00  0.000000e+00  1.000000e+00
   outer loop
     vertex -1.366089e+02 -7.952199e+01  1.400000e+01
     vertex -1.381888e+02 -8.075121e+01  1.400000e+01
     vertex -1.365422e+02 -7.961595e+01  1.400000e+01
   endloop
 endfacet
 facet normal  0.000000e+00  0.000000e+00  1.000000e+00
   outer loop
     vertex -1.366089e+02 -7.952199e+01  1.400000e+01
     vertex -1.382237e+02 -8.070199e+01  1.400000e+01
     vertex -1.381888e+02 -8.075121e+01  1.400000e+01
   endloop
 endfacet
 facet normal  0.000000e+00  0.000000e+00  1.000000e+00
   outer loop
     vertex -1.374988e+02 -7.862599e+01  1.400000e+01
     vertex -1.375923e+02 -7.855864e+01  1.400000e+01
     vertex -1.387388e+02 -8.019738e+01  1.400000e+01
   endloop
 endfacet
 facet normal  0.000000e+00  0.000000e+00  1.000000e+00
   outer loop
     vertex -1.374988e+02 -7.862599e+01  1.400000e+01
     vertex -1.387388e+02 -8.019738e+01  1.400000e+01
     vertex -1.386898e+02 -8.023266e+01  1.400000e+01
   endloop
 endfacet
 facet normal  0.000000e+00  0.000000e+00  1.000000e+00
   outer loop
     vertex -1.366782e+02 -7.942989e+01  1.400000e+01
     vertex -1.382600e+02 -8.065375e+01  1.400000e+01
     vertex -1.382237e+02 -8.070199e+01  1.400000e+01
   endloop
 endfacet
 facet normal  0.000000e+00  0.000000e+00  1.000000e+00
   outer loop
     vertex -1.366782e+02 -7.942989e+01  1.400000e+01
     vertex -1.382237e+02 -8.070199e+01  1.400000e+01
     vertex -1.366089e+02 -7.952199e+01  1.400000e+01
   endloop
 endfacet
 facet normal  0.000000e+00  0.000000e+00  1.000000e+00
   outer loop
     vertex -1.374072e+02 -7.869588e+01  1.400000e+01
     vertex -1.374988e+02 -7.862599e+01  1.400000e+01
     vertex -1.386898e+02 -8.023266e+01  1.400000e+01
   endloop
 endfacet
 facet normal  0.000000e+00  0.000000e+00  1.000000e+00
   outer loop
     vertex -1.374072e+02 -7.869588e+01  1.400000e+01
     vertex -1.386898e+02 -8.023266e+01  1.400000e+01
     vertex -1.386418e+02 -8.026927e+01  1.400000e+01
   endloop
 endfacet
 facet normal  0.000000e+00  0.000000e+00  1.000000e+00
   outer loop
     vertex -1.367499e+02 -7.933973e+01  1.400000e+01
     vertex -1.382600e+02 -8.065375e+01  1.400000e+01
     vertex -1.366782e+02 -7.942989e+01  1.400000e+01
   endloop
 endfacet
 facet normal  0.000000e+00  0.000000e+00  1.000000e+00
   outer loop
     vertex -1.367499e+02 -7.933973e+01  1.400000e+01
     vertex -1.382976e+02 -8.060652e+01  1.400000e+01
     vertex -1.382600e+02 -8.065375e+01  1.400000e+01
   endloop
 endfacet
 facet normal  0.000000e+00  0.000000e+00  1.000000e+00
   outer loop
     vertex -1.373175e+02 -7.876826e+01  1.400000e+01
     vertex -1.374072e+02 -7.869588e+01  1.400000e+01
     vertex -1.386418e+02 -8.026927e+01  1.400000e+01
   endloop
 endfacet
 facet normal  0.000000e+00  0.000000e+00  1.000000e+00
   outer loop
     vertex -1.373175e+02 -7.876826e+01  1.400000e+01
     vertex -1.385949e+02 -8.030718e+01  1.400000e+01
     vertex -1.385490e+02 -8.034637e+01  1.400000e+01
   endloop
 endfacet
 facet normal  0.000000e+00  0.000000e+00  1.000000e+00
   outer loop
     vertex -1.373175e+02 -7.876826e+01  1.400000e+01
     vertex -1.386418e+02 -8.026927e+01  1.400000e+01
     vertex -1.385949e+02 -8.030718e+01  1.400000e+01
   endloop
 endfacet
 facet normal  0.000000e+00  0.000000e+00  1.000000e+00
   outer loop
     vertex -1.368241e+02 -7.925156e+01  1.400000e+01
     vertex -1.382976e+02 -8.060652e+01  1.400000e+01
     vertex -1.367499e+02 -7.933973e+01  1.400000e+01
   endloop
 endfacet
 facet normal  0.000000e+00  0.000000e+00  1.000000e+00
   outer loop
     vertex -1.368241e+02 -7.925156e+01  1.400000e+01
     vertex -1.383365e+02 -8.056034e+01  1.400000e+01
     vertex -1.382976e+02 -8.060652e+01  1.400000e+01
   endloop
 endfacet
 facet normal  0.000000e+00  0.000000e+00  1.000000e+00
   outer loop
     vertex -1.372298e+02 -7.884306e+01  1.400000e+01
     vertex -1.373175e+02 -7.876826e+01  1.400000e+01
     vertex -1.385490e+02 -8.034637e+01  1.400000e+01
   endloop
 endfacet
 facet normal  0.000000e+00  0.000000e+00  1.000000e+00
   outer loop
     vertex -1.369007e+02 -7.916547e+01  1.400000e+01
     vertex -1.383766e+02 -8.051525e+01  1.400000e+01
     vertex -1.383365e+02 -8.056034e+01  1.400000e+01
   endloop
 endfacet
 facet normal  0.000000e+00  0.000000e+00  1.000000e+00
   outer loop
     vertex -1.369007e+02 -7.916547e+01  1.400000e+01
     vertex -1.384179e+02 -8.047127e+01  1.400000e+01
     vertex -1.383766e+02 -8.051525e+01  1.400000e+01
   endloop
 endfacet
 facet normal  0.000000e+00  0.000000e+00  1.000000e+00
   outer loop
     vertex -1.369007e+02 -7.916547e+01  1.400000e+01
     vertex -1.383365e+02 -8.056034e+01  1.400000e+01
     vertex -1.368241e+02 -7.925156e+01  1.400000e+01
   endloop
 endfacet
 facet normal  0.000000e+00  0.000000e+00  1.000000e+00
   outer loop
     vertex -1.371443e+02 -7.892025e+01  1.400000e+01
     vertex -1.372298e+02 -7.884306e+01  1.400000e+01
     vertex -1.385490e+02 -8.034637e+01  1.400000e+01
   endloop
 endfacet
 facet normal  0.000000e+00  0.000000e+00  1.000000e+00
   outer loop
     vertex -1.371443e+02 -7.892025e+01  1.400000e+01
     vertex -1.385490e+02 -8.034637e+01  1.400000e+01
     vertex -1.385041e+02 -8.038680e+01  1.400000e+01
   endloop
 endfacet
 facet normal  0.000000e+00  0.000000e+00  1.000000e+00
   outer loop
     vertex -1.369797e+02 -7.908151e+01  1.400000e+01
     vertex -1.384179e+02 -8.047127e+01  1.400000e+01
     vertex -1.369007e+02 -7.916547e+01  1.400000e+01
   endloop
 endfacet
 facet normal  0.000000e+00  0.000000e+00  1.000000e+00
   outer loop
     vertex -1.370609e+02 -7.899975e+01  1.400000e+01
     vertex -1.384605e+02 -8.042844e+01  1.400000e+01
     vertex -1.384179e+02 -8.047127e+01  1.400000e+01
   endloop
 endfacet
 facet normal  0.000000e+00  0.000000e+00  1.000000e+00
   outer loop
     vertex -1.370609e+02 -7.899975e+01  1.400000e+01
     vertex -1.385041e+02 -8.038680e+01  1.400000e+01
     vertex -1.384605e+02 -8.042844e+01  1.400000e+01
   endloop
 endfacet
 facet normal  0.000000e+00  0.000000e+00  1.000000e+00
   outer loop
     vertex -1.370609e+02 -7.899975e+01  1.400000e+01
     vertex -1.371443e+02 -7.892025e+01  1.400000e+01
     vertex -1.385041e+02 -8.038680e+01  1.400000e+01
   endloop
 endfacet
 facet normal  0.000000e+00  0.000000e+00  1.000000e+00
   outer loop
     vertex -1.370609e+02 -7.899975e+01  1.400000e+01
     vertex -1.384179e+02 -8.047127e+01  1.400000e+01
     vertex -1.369797e+02 -7.908151e+01  1.400000e+01
   endloop
 endfacet
 facet normal  0.000000e+00  0.000000e+00  1.000000e+00
   outer loop
     vertex -1.265178e+02 -7.959253e+01  1.400000e+01
     vertex -1.279800e+02 -8.095965e+01  1.400000e+01
     vertex -1.278977e+02 -8.104029e+01  1.400000e+01
   endloop
 endfacet
 facet normal  0.000000e+00  0.000000e+00  1.000000e+00
   outer loop
     vertex -1.265178e+02 -7.959253e+01  1.400000e+01
     vertex -1.265610e+02 -7.955029e+01  1.400000e+01
     vertex -1.279800e+02 -8.095965e+01  1.400000e+01
   endloop
 endfacet
 facet normal  0.000000e+00  0.000000e+00  1.000000e+00
   outer loop
     vertex -1.266029e+02 -7.950688e+01  1.400000e+01
     vertex -1.280601e+02 -8.087678e+01  1.400000e+01
     vertex -1.279800e+02 -8.095965e+01  1.400000e+01
   endloop
 endfacet
 facet normal  0.000000e+00  0.000000e+00  1.000000e+00
   outer loop
     vertex -1.266029e+02 -7.950688e+01  1.400000e+01
     vertex -1.279800e+02 -8.095965e+01  1.400000e+01
     vertex -1.265610e+02 -7.955029e+01  1.400000e+01
   endloop
 endfacet
 facet normal  0.000000e+00  0.000000e+00  1.000000e+00
   outer loop
     vertex -1.264736e+02 -7.963357e+01  1.400000e+01
     vertex -1.265178e+02 -7.959253e+01  1.400000e+01
     vertex -1.278977e+02 -8.104029e+01  1.400000e+01
   endloop
 endfacet
 facet normal  0.000000e+00  0.000000e+00  1.000000e+00
   outer loop
     vertex -1.264736e+02 -7.963357e+01  1.400000e+01
     vertex -1.278977e+02 -8.104029e+01  1.400000e+01
     vertex -1.278132e+02 -8.111864e+01  1.400000e+01
   endloop
 endfacet
 facet normal  0.000000e+00  0.000000e+00  1.000000e+00
   outer loop
     vertex -1.266436e+02 -7.946234e+01  1.400000e+01
     vertex -1.280601e+02 -8.087678e+01  1.400000e+01
     vertex -1.266029e+02 -7.950688e+01  1.400000e+01
   endloop
 endfacet
 facet normal  0.000000e+00  0.000000e+00  1.000000e+00
   outer loop
     vertex -1.266436e+02 -7.946234e+01  1.400000e+01
     vertex -1.281379e+02 -8.079174e+01  1.400000e+01
     vertex -1.280601e+02 -8.087678e+01  1.400000e+01
   endloop
 endfacet
 facet normal  0.000000e+00  0.000000e+00  1.000000e+00
   outer loop
     vertex -1.264282e+02 -7.967338e+01  1.400000e+01
     vertex -1.264736e+02 -7.963357e+01  1.400000e+01
     vertex -1.278132e+02 -8.111864e+01  1.400000e+01
   endloop
 endfacet
 facet normal  0.000000e+00  0.000000e+00  1.000000e+00
   outer loop
     vertex -1.264282e+02 -7.967338e+01  1.400000e+01
     vertex -1.278132e+02 -8.111864e+01  1.400000e+01
     vertex -1.277266e+02 -8.119464e+01  1.400000e+01
   endloop
 endfacet
 facet normal  0.000000e+00  0.000000e+00  1.000000e+00
   outer loop
     vertex -1.266831e+02 -7.941670e+01  1.400000e+01
     vertex -1.281379e+02 -8.079174e+01  1.400000e+01
     vertex -1.266436e+02 -7.946234e+01  1.400000e+01
   endloop
 endfacet
 facet normal  0.000000e+00  0.000000e+00  1.000000e+00
   outer loop
     vertex -1.266831e+02 -7.941670e+01  1.400000e+01
     vertex -1.282133e+02 -8.070461e+01  1.400000e+01
     vertex -1.281379e+02 -8.079174e+01  1.400000e+01
   endloop
 endfacet
 facet normal  0.000000e+00  0.000000e+00  1.000000e+00
   outer loop
     vertex -1.263818e+02 -7.971193e+01  1.400000e+01
     vertex -1.264282e+02 -7.967338e+01  1.400000e+01
     vertex -1.277266e+02 -8.119464e+01  1.400000e+01
   endloop
 endfacet
 facet normal  0.000000e+00  0.000000e+00  1.000000e+00
   outer loop
     vertex -1.263818e+02 -7.971193e+01  1.400000e+01
     vertex -1.277266e+02 -8.119464e+01  1.400000e+01
     vertex -1.276379e+02 -8.126824e+01  1.400000e+01
   endloop
 endfacet
 facet normal  0.000000e+00  0.000000e+00  1.000000e+00
   outer loop
     vertex -1.267214e+02 -7.936999e+01  1.400000e+01
     vertex -1.282133e+02 -8.070461e+01  1.400000e+01
     vertex -1.266831e+02 -7.941670e+01  1.400000e+01
   endloop
 endfacet
 facet normal  0.000000e+00  0.000000e+00  1.000000e+00
   outer loop
     vertex -1.267214e+02 -7.936999e+01  1.400000e+01
     vertex -1.282863e+02 -8.061544e+01  1.400000e+01
     vertex -1.282133e+02 -8.070461e+01  1.400000e+01
   endloop
 endfacet
 facet normal  0.000000e+00  0.000000e+00  1.000000e+00
   outer loop
     vertex -1.263343e+02 -7.974920e+01  1.400000e+01
     vertex -1.263818e+02 -7.971193e+01  1.400000e+01
     vertex -1.276379e+02 -8.126824e+01  1.400000e+01
   endloop
 endfacet
 facet normal  0.000000e+00  0.000000e+00  1.000000e+00
   outer loop
     vertex -1.263343e+02 -7.974920e+01  1.400000e+01
     vertex -1.276379e+02 -8.126824e+01  1.400000e+01
     vertex -1.275473e+02 -8.133938e+01  1.400000e+01
   endloop
 endfacet
 facet normal  0.000000e+00  0.000000e+00  1.000000e+00
   outer loop
     vertex -1.267583e+02 -7.932225e+01  1.400000e+01
     vertex -1.282863e+02 -8.061544e+01  1.400000e+01
     vertex -1.267214e+02 -7.936999e+01  1.400000e+01
   endloop
 endfacet
 facet normal  0.000000e+00  0.000000e+00  1.000000e+00
   outer loop
     vertex -1.267583e+02 -7.932225e+01  1.400000e+01
     vertex -1.283568e+02 -8.052430e+01  1.400000e+01
     vertex -1.282863e+02 -8.061544e+01  1.400000e+01
   endloop
 endfacet
 facet normal  0.000000e+00  0.000000e+00  1.000000e+00
   outer loop
     vertex -1.262858e+02 -7.978514e+01  1.400000e+01
     vertex -1.263343e+02 -7.974920e+01  1.400000e+01
     vertex -1.275473e+02 -8.133938e+01  1.400000e+01
   endloop
 endfacet
 facet normal  0.000000e+00  0.000000e+00  1.000000e+00
   outer loop
     vertex -1.262858e+02 -7.978514e+01  1.400000e+01
     vertex -1.275473e+02 -8.133938e+01  1.400000e+01
     vertex -1.274547e+02 -8.140800e+01  1.400000e+01
   endloop
 endfacet
 facet normal  0.000000e+00  0.000000e+00  1.000000e+00
   outer loop
     vertex -1.267939e+02 -7.927352e+01  1.400000e+01
     vertex -1.283568e+02 -8.052430e+01  1.400000e+01
     vertex -1.267583e+02 -7.932225e+01  1.400000e+01
   endloop
 endfacet
 facet normal  0.000000e+00  0.000000e+00  1.000000e+00
   outer loop
     vertex -1.267939e+02 -7.927352e+01  1.400000e+01
     vertex -1.284248e+02 -8.043126e+01  1.400000e+01
     vertex -1.283568e+02 -8.052430e+01  1.400000e+01
   endloop
 endfacet
 facet normal  0.000000e+00  0.000000e+00  1.000000e+00
   outer loop
     vertex -1.262363e+02 -7.981975e+01  1.400000e+01
     vertex -1.262858e+02 -7.978514e+01  1.400000e+01
     vertex -1.274547e+02 -8.140800e+01  1.400000e+01
   endloop
 endfacet
 facet normal  0.000000e+00  0.000000e+00  1.000000e+00
   outer loop
     vertex -1.262363e+02 -7.981975e+01  1.400000e+01
     vertex -1.274547e+02 -8.140800e+01  1.400000e+01
     vertex -1.273603e+02 -8.147406e+01  1.400000e+01
   endloop
 endfacet
 facet normal  0.000000e+00  0.000000e+00  1.000000e+00
   outer loop
     vertex -1.268282e+02 -7.922382e+01  1.400000e+01
     vertex -1.284248e+02 -8.043126e+01  1.400000e+01
     vertex -1.267939e+02 -7.927352e+01  1.400000e+01
   endloop
 endfacet
 facet normal  0.000000e+00  0.000000e+00  1.000000e+00
   outer loop
     vertex -1.268282e+02 -7.922382e+01  1.400000e+01
     vertex -1.284902e+02 -8.033639e+01  1.400000e+01
     vertex -1.284248e+02 -8.043126e+01  1.400000e+01
   endloop
 endfacet
 facet normal  0.000000e+00  0.000000e+00  1.000000e+00
   outer loop
     vertex -1.261859e+02 -7.985298e+01  1.400000e+01
     vertex -1.273603e+02 -8.147406e+01  1.400000e+01
     vertex -1.272641e+02 -8.153751e+01  1.400000e+01
   endloop
 endfacet
 facet normal  0.000000e+00  0.000000e+00  1.000000e+00
   outer loop
     vertex -1.261859e+02 -7.985298e+01  1.400000e+01
     vertex -1.262363e+02 -7.981975e+01  1.400000e+01
     vertex -1.273603e+02 -8.147406e+01  1.400000e+01
   endloop
 endfacet
 facet normal  0.000000e+00  0.000000e+00  1.000000e+00
   outer loop
     vertex -1.268611e+02 -7.917321e+01  1.400000e+01
     vertex -1.285530e+02 -8.023976e+01  1.400000e+01
     vertex -1.284902e+02 -8.033639e+01  1.400000e+01
   endloop
 endfacet
 facet normal  0.000000e+00  0.000000e+00  1.000000e+00
   outer loop
     vertex -1.268611e+02 -7.917321e+01  1.400000e+01
     vertex -1.284902e+02 -8.033639e+01  1.400000e+01
     vertex -1.268282e+02 -7.922382e+01  1.400000e+01
   endloop
 endfacet
 facet normal  0.000000e+00  0.000000e+00  1.000000e+00
   outer loop
     vertex -1.261347e+02 -7.988482e+01  1.400000e+01
     vertex -1.261859e+02 -7.985298e+01  1.400000e+01
     vertex -1.272641e+02 -8.153751e+01  1.400000e+01
   endloop
 endfacet
 facet normal  0.000000e+00  0.000000e+00  1.000000e+00
   outer loop
     vertex -1.261347e+02 -7.988482e+01  1.400000e+01
     vertex -1.272641e+02 -8.153751e+01  1.400000e+01
     vertex -1.271662e+02 -8.159829e+01  1.400000e+01
   endloop
 endfacet
 facet normal  0.000000e+00  0.000000e+00  1.000000e+00
   outer loop
     vertex -1.268926e+02 -7.912171e+01  1.400000e+01
     vertex -1.285530e+02 -8.023976e+01  1.400000e+01
     vertex -1.268611e+02 -7.917321e+01  1.400000e+01
   endloop
 endfacet
 facet normal  0.000000e+00  0.000000e+00  1.000000e+00
   outer loop
     vertex -1.268926e+02 -7.912171e+01  1.400000e+01
     vertex -1.286131e+02 -8.014144e+01  1.400000e+01
     vertex -1.285530e+02 -8.023976e+01  1.400000e+01
   endloop
 endfacet
 facet normal  0.000000e+00  0.000000e+00  1.000000e+00
   outer loop
     vertex -1.260825e+02 -7.991524e+01  1.400000e+01
     vertex -1.261347e+02 -7.988482e+01  1.400000e+01
     vertex -1.271662e+02 -8.159829e+01  1.400000e+01
   endloop
 endfacet
 facet normal  0.000000e+00  0.000000e+00  1.000000e+00
   outer loop
     vertex -1.260825e+02 -7.991524e+01  1.400000e+01
     vertex -1.271662e+02 -8.159829e+01  1.400000e+01
     vertex -1.270666e+02 -8.165636e+01  1.400000e+01
   endloop
 endfacet
 facet normal  0.000000e+00  0.000000e+00  1.000000e+00
   outer loop
     vertex -1.269226e+02 -7.906937e+01  1.400000e+01
     vertex -1.286131e+02 -8.014144e+01  1.400000e+01
     vertex -1.268926e+02 -7.912171e+01  1.400000e+01
   endloop
 endfacet
 facet normal  0.000000e+00  0.000000e+00  1.000000e+00
   outer loop
     vertex -1.269226e+02 -7.906937e+01  1.400000e+01
     vertex -1.286705e+02 -8.004152e+01  1.400000e+01
     vertex -1.286131e+02 -8.014144e+01  1.400000e+01
   endloop
 endfacet
 facet normal  0.000000e+00  0.000000e+00  1.000000e+00
   outer loop
     vertex -1.260296e+02 -7.994421e+01  1.400000e+01
     vertex -1.260825e+02 -7.991524e+01  1.400000e+01
     vertex -1.270666e+02 -8.165636e+01  1.400000e+01
   endloop
 endfacet
 facet normal  0.000000e+00  0.000000e+00  1.000000e+00
   outer loop
     vertex -1.260296e+02 -7.994421e+01  1.400000e+01
     vertex -1.270666e+02 -8.165636e+01  1.400000e+01
     vertex -1.269656e+02 -8.171168e+01  1.400000e+01
   endloop
 endfacet
 facet normal  0.000000e+00  0.000000e+00  1.000000e+00
   outer loop
     vertex -1.269512e+02 -7.901622e+01  1.400000e+01
     vertex -1.287251e+02 -7.994005e+01  1.400000e+01
     vertex -1.286705e+02 -8.004152e+01  1.400000e+01
   endloop
 endfacet
 facet normal  0.000000e+00  0.000000e+00  1.000000e+00
   outer loop
     vertex -1.269512e+02 -7.901622e+01  1.400000e+01
     vertex -1.286705e+02 -8.004152e+01  1.400000e+01
     vertex -1.269226e+02 -7.906937e+01  1.400000e+01
   endloop
 endfacet
 facet normal  0.000000e+00  0.000000e+00  1.000000e+00
   outer loop
     vertex -1.259759e+02 -7.997173e+01  1.400000e+01
     vertex -1.260296e+02 -7.994421e+01  1.400000e+01
     vertex -1.269656e+02 -8.171168e+01  1.400000e+01
   endloop
 endfacet
 facet normal  0.000000e+00  0.000000e+00  1.000000e+00
   outer loop
     vertex -1.259759e+02 -7.997173e+01  1.400000e+01
     vertex -1.269656e+02 -8.171168e+01  1.400000e+01
     vertex -1.268630e+02 -8.176421e+01  1.400000e+01
   endloop
 endfacet
 facet normal  0.000000e+00  0.000000e+00  1.000000e+00
   outer loop
     vertex -1.269784e+02 -7.896231e+01  1.400000e+01
     vertex -1.287769e+02 -7.983713e+01  1.400000e+01
     vertex -1.287251e+02 -7.994005e+01  1.400000e+01
   endloop
 endfacet
 facet normal  0.000000e+00  0.000000e+00  1.000000e+00
   outer loop
     vertex -1.269784e+02 -7.896231e+01  1.400000e+01
     vertex -1.287251e+02 -7.994005e+01  1.400000e+01
     vertex -1.269512e+02 -7.901622e+01  1.400000e+01
   endloop
 endfacet
 facet normal  0.000000e+00  0.000000e+00  1.000000e+00
   outer loop
     vertex -1.259214e+02 -7.999776e+01  1.400000e+01
     vertex -1.259759e+02 -7.997173e+01  1.400000e+01
     vertex -1.268630e+02 -8.176421e+01  1.400000e+01
   endloop
 endfacet
 facet normal  0.000000e+00  0.000000e+00  1.000000e+00
   outer loop
     vertex -1.259214e+02 -7.999776e+01  1.400000e+01
     vertex -1.268630e+02 -8.176421e+01  1.400000e+01
     vertex -1.267590e+02 -8.181390e+01  1.400000e+01
   endloop
 endfacet
 facet normal  0.000000e+00  0.000000e+00  1.000000e+00
   outer loop
     vertex -1.270040e+02 -7.890767e+01  1.400000e+01
     vertex -1.288259e+02 -7.973282e+01  1.400000e+01
     vertex -1.287769e+02 -7.983713e+01  1.400000e+01
   endloop
 endfacet
 facet normal  0.000000e+00  0.000000e+00  1.000000e+00
   outer loop
     vertex -1.270040e+02 -7.890767e+01  1.400000e+01
     vertex -1.287769e+02 -7.983713e+01  1.400000e+01
     vertex -1.269784e+02 -7.896231e+01  1.400000e+01
   endloop
 endfacet
 facet normal  0.000000e+00  0.000000e+00  1.000000e+00
   outer loop
     vertex -1.258662e+02 -8.002228e+01  1.400000e+01
     vertex -1.259214e+02 -7.999776e+01  1.400000e+01
     vertex -1.267590e+02 -8.181390e+01  1.400000e+01
   endloop
 endfacet
 facet normal  0.000000e+00  0.000000e+00  1.000000e+00
   outer loop
     vertex -1.258662e+02 -8.002228e+01  1.400000e+01
     vertex -1.267590e+02 -8.181390e+01  1.400000e+01
     vertex -1.266537e+02 -8.186072e+01  1.400000e+01
   endloop
 endfacet
 facet normal  0.000000e+00  0.000000e+00  1.000000e+00
   outer loop
     vertex -1.270282e+02 -7.885235e+01  1.400000e+01
     vertex -1.288259e+02 -7.973282e+01  1.400000e+01
     vertex -1.270040e+02 -7.890767e+01  1.400000e+01
   endloop
 endfacet
 facet normal  0.000000e+00  0.000000e+00  1.000000e+00
   outer loop
     vertex -1.270282e+02 -7.885235e+01  1.400000e+01
     vertex -1.288720e+02 -7.962721e+01  1.400000e+01
     vertex -1.288259e+02 -7.973282e+01  1.400000e+01
   endloop
 endfacet
 facet normal  0.000000e+00  0.000000e+00  1.000000e+00
   outer loop
     vertex -1.258104e+02 -8.004529e+01  1.400000e+01
     vertex -1.266537e+02 -8.186072e+01  1.400000e+01
     vertex -1.265472e+02 -8.190464e+01  1.400000e+01
   endloop
 endfacet
 facet normal  0.000000e+00  0.000000e+00  1.000000e+00
   outer loop
     vertex -1.258104e+02 -8.004529e+01  1.400000e+01
     vertex -1.258662e+02 -8.002228e+01  1.400000e+01
     vertex -1.266537e+02 -8.186072e+01  1.400000e+01
   endloop
 endfacet
 facet normal  0.000000e+00  0.000000e+00  1.000000e+00
   outer loop
     vertex -1.270508e+02 -7.879639e+01  1.400000e+01
     vertex -1.289152e+02 -7.952037e+01  1.400000e+01
     vertex -1.288720e+02 -7.962721e+01  1.400000e+01
   endloop
 endfacet
 facet normal  0.000000e+00  0.000000e+00  1.000000e+00
   outer loop
     vertex -1.270508e+02 -7.879639e+01  1.400000e+01
     vertex -1.288720e+02 -7.962721e+01  1.400000e+01
     vertex -1.270282e+02 -7.885235e+01  1.400000e+01
   endloop
 endfacet
 facet normal  0.000000e+00  0.000000e+00  1.000000e+00
   outer loop
     vertex -1.257540e+02 -8.006675e+01  1.400000e+01
     vertex -1.265472e+02 -8.190464e+01  1.400000e+01
     vertex -1.264395e+02 -8.194561e+01  1.400000e+01
   endloop
 endfacet
 facet normal  0.000000e+00  0.000000e+00  1.000000e+00
   outer loop
     vertex -1.257540e+02 -8.006675e+01  1.400000e+01
     vertex -1.258104e+02 -8.004529e+01  1.400000e+01
     vertex -1.265472e+02 -8.190464e+01  1.400000e+01
   endloop
 endfacet
 facet normal  0.000000e+00  0.000000e+00  1.000000e+00
   outer loop
     vertex -1.270719e+02 -7.873983e+01  1.400000e+01
     vertex -1.289152e+02 -7.952037e+01  1.400000e+01
     vertex -1.270508e+02 -7.879639e+01  1.400000e+01
   endloop
 endfacet
 facet normal  0.000000e+00  0.000000e+00  1.000000e+00
   outer loop
     vertex -1.270719e+02 -7.873983e+01  1.400000e+01
     vertex -1.289554e+02 -7.941239e+01  1.400000e+01
     vertex -1.289152e+02 -7.952037e+01  1.400000e+01
   endloop
 endfacet
 facet normal  0.000000e+00  0.000000e+00  1.000000e+00
   outer loop
     vertex -1.256970e+02 -8.008666e+01  1.400000e+01
     vertex -1.257540e+02 -8.006675e+01  1.400000e+01
     vertex -1.264395e+02 -8.194561e+01  1.400000e+01
   endloop
 endfacet
 facet normal  0.000000e+00  0.000000e+00  1.000000e+00
   outer loop
     vertex -1.256970e+02 -8.008666e+01  1.400000e+01
     vertex -1.264395e+02 -8.194561e+01  1.400000e+01
     vertex -1.263307e+02 -8.198362e+01  1.400000e+01
   endloop
 endfacet
 facet normal  0.000000e+00  0.000000e+00  1.000000e+00
   outer loop
     vertex -1.270914e+02 -7.868271e+01  1.400000e+01
     vertex -1.289927e+02 -7.930335e+01  1.400000e+01
     vertex -1.289554e+02 -7.941239e+01  1.400000e+01
   endloop
 endfacet
 facet normal  0.000000e+00  0.000000e+00  1.000000e+00
   outer loop
     vertex -1.270914e+02 -7.868271e+01  1.400000e+01
     vertex -1.289554e+02 -7.941239e+01  1.400000e+01
     vertex -1.270719e+02 -7.873983e+01  1.400000e+01
   endloop
 endfacet
 facet normal  0.000000e+00  0.000000e+00  1.000000e+00
   outer loop
     vertex -1.256395e+02 -8.010499e+01  1.400000e+01
     vertex -1.263307e+02 -8.198362e+01  1.400000e+01
     vertex -1.262209e+02 -8.201863e+01  1.400000e+01
   endloop
 endfacet
 facet normal  0.000000e+00  0.000000e+00  1.000000e+00
   outer loop
     vertex -1.256395e+02 -8.010499e+01  1.400000e+01
     vertex -1.256970e+02 -8.008666e+01  1.400000e+01
     vertex -1.263307e+02 -8.198362e+01  1.400000e+01
   endloop
 endfacet
 facet normal  0.000000e+00  0.000000e+00  1.000000e+00
   outer loop
     vertex -1.271093e+02 -7.862507e+01  1.400000e+01
     vertex -1.290269e+02 -7.919332e+01  1.400000e+01
     vertex -1.289927e+02 -7.930335e+01  1.400000e+01
   endloop
 endfacet
 facet normal  0.000000e+00  0.000000e+00  1.000000e+00
   outer loop
     vertex -1.271093e+02 -7.862507e+01  1.400000e+01
     vertex -1.289927e+02 -7.930335e+01  1.400000e+01
     vertex -1.270914e+02 -7.868271e+01  1.400000e+01
   endloop
 endfacet
 facet normal  0.000000e+00  0.000000e+00  1.000000e+00
   outer loop
     vertex -1.255815e+02 -8.012175e+01  1.400000e+01
     vertex -1.256395e+02 -8.010499e+01  1.400000e+01
     vertex -1.262209e+02 -8.201863e+01  1.400000e+01
   endloop
 endfacet
 facet normal  0.000000e+00  0.000000e+00  1.000000e+00
   outer loop
     vertex -1.255815e+02 -8.012175e+01  1.400000e+01
     vertex -1.262209e+02 -8.201863e+01  1.400000e+01
     vertex -1.261102e+02 -8.205061e+01  1.400000e+01
   endloop
 endfacet
 facet normal  0.000000e+00  0.000000e+00  1.000000e+00
   outer loop
     vertex -1.271257e+02 -7.856697e+01  1.400000e+01
     vertex -1.290581e+02 -7.908240e+01  1.400000e+01
     vertex -1.290269e+02 -7.919332e+01  1.400000e+01
   endloop
 endfacet
 facet normal  0.000000e+00  0.000000e+00  1.000000e+00
   outer loop
     vertex -1.271257e+02 -7.856697e+01  1.400000e+01
     vertex -1.290269e+02 -7.919332e+01  1.400000e+01
     vertex -1.271093e+02 -7.862507e+01  1.400000e+01
   endloop
 endfacet
 facet normal  0.000000e+00  0.000000e+00  1.000000e+00
   outer loop
     vertex -1.255231e+02 -8.013690e+01  1.400000e+01
     vertex -1.261102e+02 -8.205061e+01  1.400000e+01
     vertex -1.259987e+02 -8.207954e+01  1.400000e+01
   endloop
 endfacet
 facet normal  0.000000e+00  0.000000e+00  1.000000e+00
   outer loop
     vertex -1.255231e+02 -8.013690e+01  1.400000e+01
     vertex -1.259987e+02 -8.207954e+01  1.400000e+01
     vertex -1.258864e+02 -8.210540e+01  1.400000e+01
   endloop
 endfacet
 facet normal  0.000000e+00  0.000000e+00  1.000000e+00
   outer loop
     vertex -1.255231e+02 -8.013690e+01  1.400000e+01
     vertex -1.255815e+02 -8.012175e+01  1.400000e+01
     vertex -1.261102e+02 -8.205061e+01  1.400000e+01
   endloop
 endfacet
 facet normal  0.000000e+00  0.000000e+00  1.000000e+00
   outer loop
     vertex -1.271404e+02 -7.850844e+01  1.400000e+01
     vertex -1.290863e+02 -7.897066e+01  1.400000e+01
     vertex -1.290581e+02 -7.908240e+01  1.400000e+01
   endloop
 endfacet
 facet normal  0.000000e+00  0.000000e+00  1.000000e+00
   outer loop
     vertex -1.271404e+02 -7.850844e+01  1.400000e+01
     vertex -1.290581e+02 -7.908240e+01  1.400000e+01
     vertex -1.271257e+02 -7.856697e+01  1.400000e+01
   endloop
 endfacet
 facet normal  0.000000e+00  0.000000e+00  1.000000e+00
   outer loop
     vertex -1.254643e+02 -8.015045e+01  1.400000e+01
     vertex -1.255231e+02 -8.013690e+01  1.400000e+01
     vertex -1.258864e+02 -8.210540e+01  1.400000e+01
   endloop
 endfacet
 facet normal  0.000000e+00  0.000000e+00  1.000000e+00
   outer loop
     vertex -1.271536e+02 -7.844953e+01  1.400000e+01
     vertex -1.291334e+02 -7.874508e+01  1.400000e+01
     vertex -1.291114e+02 -7.885819e+01  1.400000e+01
   endloop
 endfacet
 facet normal  0.000000e+00  0.000000e+00  1.000000e+00
   outer loop
     vertex -1.271536e+02 -7.844953e+01  1.400000e+01
     vertex -1.291114e+02 -7.885819e+01  1.400000e+01
     vertex -1.290863e+02 -7.897066e+01  1.400000e+01
   endloop
 endfacet
 facet normal  0.000000e+00  0.000000e+00  1.000000e+00
   outer loop
     vertex -1.271536e+02 -7.844953e+01  1.400000e+01
     vertex -1.290863e+02 -7.897066e+01  1.400000e+01
     vertex -1.271404e+02 -7.850844e+01  1.400000e+01
   endloop
 endfacet
 facet normal  0.000000e+00  0.000000e+00  1.000000e+00
   outer loop
     vertex -1.254051e+02 -8.016238e+01  1.400000e+01
     vertex -1.258864e+02 -8.210540e+01  1.400000e+01
     vertex -1.257734e+02 -8.212818e+01  1.400000e+01
   endloop
 endfacet
 facet normal  0.000000e+00  0.000000e+00  1.000000e+00
   outer loop
     vertex -1.254051e+02 -8.016238e+01  1.400000e+01
     vertex -1.254643e+02 -8.015045e+01  1.400000e+01
     vertex -1.258864e+02 -8.210540e+01  1.400000e+01
   endloop
 endfacet
 facet normal  0.000000e+00  0.000000e+00  1.000000e+00
   outer loop
     vertex -1.271651e+02 -7.839028e+01  1.400000e+01
     vertex -1.291334e+02 -7.874508e+01  1.400000e+01
     vertex -1.271536e+02 -7.844953e+01  1.400000e+01
   endloop
 endfacet
 facet normal  0.000000e+00  0.000000e+00  1.000000e+00
   outer loop
     vertex -1.253456e+02 -8.017268e+01  1.400000e+01
     vertex -1.254051e+02 -8.016238e+01  1.400000e+01
     vertex -1.257734e+02 -8.212818e+01  1.400000e+01
   endloop
 endfacet
 facet normal  0.000000e+00  0.000000e+00  1.000000e+00
   outer loop
     vertex -1.253456e+02 -8.017268e+01  1.400000e+01
     vertex -1.257734e+02 -8.212818e+01  1.400000e+01
     vertex -1.256599e+02 -8.214784e+01  1.400000e+01
   endloop
 endfacet
 facet normal  0.000000e+00  0.000000e+00  1.000000e+00
   outer loop
     vertex -1.271750e+02 -7.833074e+01  1.400000e+01
     vertex -1.291334e+02 -7.874508e+01  1.400000e+01
     vertex -1.271651e+02 -7.839028e+01  1.400000e+01
   endloop
 endfacet
 facet normal  0.000000e+00  0.000000e+00  1.000000e+00
   outer loop
     vertex -1.271750e+02 -7.833074e+01  1.400000e+01
     vertex -1.291523e+02 -7.863140e+01  1.400000e+01
     vertex -1.291334e+02 -7.874508e+01  1.400000e+01
   endloop
 endfacet
 facet normal  0.000000e+00  0.000000e+00  1.000000e+00
   outer loop
     vertex -1.252859e+02 -8.018134e+01  1.400000e+01
     vertex -1.256599e+02 -8.214784e+01  1.400000e+01
     vertex -1.255458e+02 -8.216438e+01  1.400000e+01
   endloop
 endfacet
 facet normal  0.000000e+00  0.000000e+00  1.000000e+00
   outer loop
     vertex -1.252859e+02 -8.018134e+01  1.400000e+01
     vertex -1.253456e+02 -8.017268e+01  1.400000e+01
     vertex -1.256599e+02 -8.214784e+01  1.400000e+01
   endloop
 endfacet
 facet normal  0.000000e+00  0.000000e+00  1.000000e+00
   outer loop
     vertex -1.271833e+02 -7.827094e+01  1.400000e+01
     vertex -1.291523e+02 -7.863140e+01  1.400000e+01
     vertex -1.271750e+02 -7.833074e+01  1.400000e+01
   endloop
 endfacet
 facet normal  0.000000e+00  0.000000e+00  1.000000e+00
   outer loop
     vertex -1.271833e+02 -7.827094e+01  1.400000e+01
     vertex -1.291680e+02 -7.851725e+01  1.400000e+01
     vertex -1.291523e+02 -7.863140e+01  1.400000e+01
   endloop
 endfacet
 facet normal  0.000000e+00  0.000000e+00  1.000000e+00
   outer loop
     vertex -1.252260e+02 -8.018837e+01  1.400000e+01
     vertex -1.252859e+02 -8.018134e+01  1.400000e+01
     vertex -1.255458e+02 -8.216438e+01  1.400000e+01
   endloop
 endfacet
 facet normal  0.000000e+00  0.000000e+00  1.000000e+00
   outer loop
     vertex -1.252260e+02 -8.018837e+01  1.400000e+01
     vertex -1.255458e+02 -8.216438e+01  1.400000e+01
     vertex -1.254314e+02 -8.217779e+01  1.400000e+01
   endloop
 endfacet
 facet normal  0.000000e+00  0.000000e+00  1.000000e+00
   outer loop
     vertex -1.252260e+02 -8.018837e+01  1.400000e+01
     vertex -1.254314e+02 -8.217779e+01  1.400000e+01
     vertex -1.253166e+02 -8.218805e+01  1.400000e+01
   endloop
 endfacet
 facet normal  0.000000e+00  0.000000e+00  1.000000e+00
   outer loop
     vertex -1.271899e+02 -7.821094e+01  1.400000e+01
     vertex -1.291806e+02 -7.840271e+01  1.400000e+01
     vertex -1.291680e+02 -7.851725e+01  1.400000e+01
   endloop
 endfacet
 facet normal  0.000000e+00  0.000000e+00  1.000000e+00
   outer loop
     vertex -1.271899e+02 -7.821094e+01  1.400000e+01
     vertex -1.291680e+02 -7.851725e+01  1.400000e+01
     vertex -1.271833e+02 -7.827094e+01  1.400000e+01
   endloop
 endfacet
 facet normal  0.000000e+00  0.000000e+00  1.000000e+00
   outer loop
     vertex -1.251658e+02 -8.019374e+01  1.400000e+01
     vertex -1.252260e+02 -8.018837e+01  1.400000e+01
     vertex -1.253166e+02 -8.218805e+01  1.400000e+01
   endloop
 endfacet
 facet normal  0.000000e+00  0.000000e+00  1.000000e+00
   outer loop
     vertex -1.271948e+02 -7.815079e+01  1.400000e+01
     vertex -1.291901e+02 -7.828787e+01  1.400000e+01
     vertex -1.291806e+02 -7.840271e+01  1.400000e+01
   endloop
 endfacet
 facet normal  0.000000e+00  0.000000e+00  1.000000e+00
   outer loop
     vertex -1.271948e+02 -7.815079e+01  1.400000e+01
     vertex -1.291806e+02 -7.840271e+01  1.400000e+01
     vertex -1.271899e+02 -7.821094e+01  1.400000e+01
   endloop
 endfacet
 facet normal  0.000000e+00  0.000000e+00  1.000000e+00
   outer loop
     vertex -1.251056e+02 -8.019746e+01  1.400000e+01
     vertex -1.253166e+02 -8.218805e+01  1.400000e+01
     vertex -1.252016e+02 -8.219516e+01  1.400000e+01
   endloop
 endfacet
 facet normal  0.000000e+00  0.000000e+00  1.000000e+00
   outer loop
     vertex -1.251056e+02 -8.019746e+01  1.400000e+01
     vertex -1.251658e+02 -8.019374e+01  1.400000e+01
     vertex -1.253166e+02 -8.218805e+01  1.400000e+01
   endloop
 endfacet
 facet normal  0.000000e+00  0.000000e+00  1.000000e+00
   outer loop
     vertex -1.271981e+02 -7.809052e+01  1.400000e+01
     vertex -1.291964e+02 -7.817281e+01  1.400000e+01
     vertex -1.291901e+02 -7.828787e+01  1.400000e+01
   endloop
 endfacet
 facet normal  0.000000e+00  0.000000e+00  1.000000e+00
   outer loop
     vertex -1.271981e+02 -7.809052e+01  1.400000e+01
     vertex -1.291901e+02 -7.828787e+01  1.400000e+01
     vertex -1.271948e+02 -7.815079e+01  1.400000e+01
   endloop
 endfacet
 facet normal  0.000000e+00  0.000000e+00  1.000000e+00
   outer loop
     vertex -1.250453e+02 -8.019953e+01  1.400000e+01
     vertex -1.252016e+02 -8.219516e+01  1.400000e+01
     vertex -1.250864e+02 -8.219911e+01  1.400000e+01
   endloop
 endfacet
 facet normal  0.000000e+00  0.000000e+00  1.000000e+00
   outer loop
     vertex -1.250453e+02 -8.019953e+01  1.400000e+01
     vertex -1.251056e+02 -8.019746e+01  1.400000e+01
     vertex -1.252016e+02 -8.219516e+01  1.400000e+01
   endloop
 endfacet
 facet normal  0.000000e+00  0.000000e+00  1.000000e+00
   outer loop
     vertex -1.271998e+02 -7.803018e+01  1.400000e+01
     vertex -1.291964e+02 -7.817281e+01  1.400000e+01
     vertex -1.271981e+02 -7.809052e+01  1.400000e+01
   endloop
 endfacet
 facet normal  0.000000e+00  0.000000e+00  1.000000e+00
   outer loop
     vertex -1.271998e+02 -7.803018e+01  1.400000e+01
     vertex -1.291996e+02 -7.805762e+01  1.400000e+01
     vertex -1.291964e+02 -7.817281e+01  1.400000e+01
   endloop
 endfacet
 facet normal  0.000000e+00  0.000000e+00  1.000000e+00
   outer loop
     vertex -1.249849e+02 -8.019995e+01  1.400000e+01
     vertex -1.250864e+02 -8.219911e+01  1.400000e+01
     vertex -1.249712e+02 -8.219990e+01  1.400000e+01
   endloop
 endfacet
 facet normal  0.000000e+00  0.000000e+00  1.000000e+00
   outer loop
     vertex -1.249849e+02 -8.019995e+01  1.400000e+01
     vertex -1.250453e+02 -8.019953e+01  1.400000e+01
     vertex -1.250864e+02 -8.219911e+01  1.400000e+01
   endloop
 endfacet
 facet normal  0.000000e+00  0.000000e+00  1.000000e+00
   outer loop
     vertex -1.271998e+02 -7.796982e+01  1.400000e+01
     vertex -1.291996e+02 -7.805762e+01  1.400000e+01
     vertex -1.271998e+02 -7.803018e+01  1.400000e+01
   endloop
 endfacet
 facet normal  0.000000e+00  0.000000e+00  1.000000e+00
   outer loop
     vertex -1.271998e+02 -7.796982e+01  1.400000e+01
     vertex -1.291996e+02 -7.794238e+01  1.400000e+01
     vertex -1.291996e+02 -7.805762e+01  1.400000e+01
   endloop
 endfacet
 facet normal  0.000000e+00  0.000000e+00  1.000000e+00
   outer loop
     vertex -1.249246e+02 -8.019871e+01  1.400000e+01
     vertex -1.249849e+02 -8.019995e+01  1.400000e+01
     vertex -1.249712e+02 -8.219990e+01  1.400000e+01
   endloop
 endfacet
 facet normal  0.000000e+00  0.000000e+00  1.000000e+00
   outer loop
     vertex -1.249246e+02 -8.019871e+01  1.400000e+01
     vertex -1.249712e+02 -8.219990e+01  1.400000e+01
     vertex -1.248560e+02 -8.219753e+01  1.400000e+01
   endloop
 endfacet
 facet normal  0.000000e+00  0.000000e+00  1.000000e+00
   outer loop
     vertex -1.249246e+02 -8.019871e+01  1.400000e+01
     vertex -1.248560e+02 -8.219753e+01  1.400000e+01
     vertex -1.247409e+02 -8.219200e+01  1.400000e+01
   endloop
 endfacet
 facet normal  0.000000e+00  0.000000e+00  1.000000e+00
   outer loop
     vertex -1.271981e+02 -7.790948e+01  1.400000e+01
     vertex -1.291964e+02 -7.782719e+01  1.400000e+01
     vertex -1.291996e+02 -7.794238e+01  1.400000e+01
   endloop
 endfacet
 facet normal  0.000000e+00  0.000000e+00  1.000000e+00
   outer loop
     vertex -1.271981e+02 -7.790948e+01  1.400000e+01
     vertex -1.291996e+02 -7.794238e+01  1.400000e+01
     vertex -1.271998e+02 -7.796982e+01  1.400000e+01
   endloop
 endfacet
 facet normal  0.000000e+00  0.000000e+00  1.000000e+00
   outer loop
     vertex -1.248643e+02 -8.019581e+01  1.400000e+01
     vertex -1.249246e+02 -8.019871e+01  1.400000e+01
     vertex -1.247409e+02 -8.219200e+01  1.400000e+01
   endloop
 endfacet
 facet normal  0.000000e+00  0.000000e+00  1.000000e+00
   outer loop
     vertex -1.248643e+02 -8.019581e+01  1.400000e+01
     vertex -1.247409e+02 -8.219200e+01  1.400000e+01
     vertex -1.246260e+02 -8.218331e+01  1.400000e+01
   endloop
 endfacet
 facet normal  0.000000e+00  0.000000e+00  1.000000e+00
   outer loop
     vertex -1.271948e+02 -7.784921e+01  1.400000e+01
     vertex -1.291806e+02 -7.759729e+01  1.400000e+01
     vertex -1.291901e+02 -7.771213e+01  1.400000e+01
   endloop
 endfacet
 facet normal  0.000000e+00  0.000000e+00  1.000000e+00
   outer loop
     vertex -1.271948e+02 -7.784921e+01  1.400000e+01
     vertex -1.291901e+02 -7.771213e+01  1.400000e+01
     vertex -1.291964e+02 -7.782719e+01  1.400000e+01
   endloop
 endfacet
 facet normal  0.000000e+00  0.000000e+00  1.000000e+00
   outer loop
     vertex -1.271948e+02 -7.784921e+01  1.400000e+01
     vertex -1.291964e+02 -7.782719e+01  1.400000e+01
     vertex -1.271981e+02 -7.790948e+01  1.400000e+01
   endloop
 endfacet
 facet normal  0.000000e+00  0.000000e+00  1.000000e+00
   outer loop
     vertex -1.248041e+02 -8.019126e+01  1.400000e+01
     vertex -1.248643e+02 -8.019581e+01  1.400000e+01
     vertex -1.246260e+02 -8.218331e+01  1.400000e+01
   endloop
 endfacet
 facet normal  0.000000e+00  0.000000e+00  1.000000e+00
   outer loop
     vertex -1.271899e+02 -7.778906e+01  1.400000e+01
     vertex -1.291806e+02 -7.759729e+01  1.400000e+01
     vertex -1.271948e+02 -7.784921e+01  1.400000e+01
   endloop
 endfacet
 facet normal  0.000000e+00  0.000000e+00  1.000000e+00
   outer loop
     vertex -1.247440e+02 -8.018506e+01  1.400000e+01
     vertex -1.248041e+02 -8.019126e+01  1.400000e+01
     vertex -1.246260e+02 -8.218331e+01  1.400000e+01
   endloop
 endfacet
 facet normal  0.000000e+00  0.000000e+00  1.000000e+00
   outer loop
     vertex -1.247440e+02 -8.018506e+01  1.400000e+01
     vertex -1.246260e+02 -8.218331e+01  1.400000e+01
     vertex -1.245113e+02 -8.217148e+01  1.400000e+01
   endloop
 endfacet
 facet normal  0.000000e+00  0.000000e+00  1.000000e+00
   outer loop
     vertex -1.271833e+02 -7.772906e+01  1.400000e+01
     vertex -1.291806e+02 -7.759729e+01  1.400000e+01
     vertex -1.271899e+02 -7.778906e+01  1.400000e+01
   endloop
 endfacet
 facet normal  0.000000e+00  0.000000e+00  1.000000e+00
   outer loop
     vertex -1.271833e+02 -7.772906e+01  1.400000e+01
     vertex -1.291680e+02 -7.748275e+01  1.400000e+01
     vertex -1.291806e+02 -7.759729e+01  1.400000e+01
   endloop
 endfacet
 facet normal  0.000000e+00  0.000000e+00  1.000000e+00
   outer loop
     vertex -1.246842e+02 -8.017722e+01  1.400000e+01
     vertex -1.247440e+02 -8.018506e+01  1.400000e+01
     vertex -1.245113e+02 -8.217148e+01  1.400000e+01
   endloop
 endfacet
 facet normal  0.000000e+00  0.000000e+00  1.000000e+00
   outer loop
     vertex -1.246842e+02 -8.017722e+01  1.400000e+01
     vertex -1.245113e+02 -8.217148e+01  1.400000e+01
     vertex -1.243971e+02 -8.215650e+01  1.400000e+01
   endloop
 endfacet
 facet normal  0.000000e+00  0.000000e+00  1.000000e+00
   outer loop
     vertex -1.246842e+02 -8.017722e+01  1.400000e+01
     vertex -1.243971e+02 -8.215650e+01  1.400000e+01
     vertex -1.242833e+02 -8.213840e+01  1.400000e+01
   endloop
 endfacet
 facet normal  0.000000e+00  0.000000e+00  1.000000e+00
   outer loop
     vertex -1.271750e+02 -7.766926e+01  1.400000e+01
     vertex -1.291523e+02 -7.736860e+01  1.400000e+01
     vertex -1.291680e+02 -7.748275e+01  1.400000e+01
   endloop
 endfacet
 facet normal  0.000000e+00  0.000000e+00  1.000000e+00
   outer loop
     vertex -1.271750e+02 -7.766926e+01  1.400000e+01
     vertex -1.291680e+02 -7.748275e+01  1.400000e+01
     vertex -1.271833e+02 -7.772906e+01  1.400000e+01
   endloop
 endfacet
 facet normal  0.000000e+00  0.000000e+00  1.000000e+00
   outer loop
     vertex -1.246246e+02 -8.016773e+01  1.400000e+01
     vertex -1.246842e+02 -8.017722e+01  1.400000e+01
     vertex -1.242833e+02 -8.213840e+01  1.400000e+01
   endloop
 endfacet
 facet normal  0.000000e+00  0.000000e+00  1.000000e+00
   outer loop
     vertex -1.271651e+02 -7.760972e+01  1.400000e+01
     vertex -1.291334e+02 -7.725492e+01  1.400000e+01
     vertex -1.291523e+02 -7.736860e+01  1.400000e+01
   endloop
 endfacet
 facet normal  0.000000e+00  0.000000e+00  1.000000e+00
   outer loop
     vertex -1.271651e+02 -7.760972e+01  1.400000e+01
     vertex -1.291523e+02 -7.736860e+01  1.400000e+01
     vertex -1.271750e+02 -7.766926e+01  1.400000e+01
   endloop
 endfacet
 facet normal  0.000000e+00  0.000000e+00  1.000000e+00
   outer loop
     vertex -1.245653e+02 -8.015662e+01  1.400000e+01
     vertex -1.242833e+02 -8.213840e+01  1.400000e+01
     vertex -1.241700e+02 -8.211718e+01  1.400000e+01
   endloop
 endfacet
 facet normal  0.000000e+00  0.000000e+00  1.000000e+00
   outer loop
     vertex -1.245653e+02 -8.015662e+01  1.400000e+01
     vertex -1.246246e+02 -8.016773e+01  1.400000e+01
     vertex -1.242833e+02 -8.213840e+01  1.400000e+01
   endloop
 endfacet
 facet normal  0.000000e+00  0.000000e+00  1.000000e+00
   outer loop
     vertex -1.271536e+02 -7.755047e+01  1.400000e+01
     vertex -1.291114e+02 -7.714181e+01  1.400000e+01
     vertex -1.291334e+02 -7.725492e+01  1.400000e+01
   endloop
 endfacet
 facet normal  0.000000e+00  0.000000e+00  1.000000e+00
   outer loop
     vertex -1.271536e+02 -7.755047e+01  1.400000e+01
     vertex -1.291334e+02 -7.725492e+01  1.400000e+01
     vertex -1.271651e+02 -7.760972e+01  1.400000e+01
   endloop
 endfacet
 facet normal  0.000000e+00  0.000000e+00  1.000000e+00
   outer loop
     vertex -1.245063e+02 -8.014388e+01  1.400000e+01
     vertex -1.245653e+02 -8.015662e+01  1.400000e+01
     vertex -1.241700e+02 -8.211718e+01  1.400000e+01
   endloop
 endfacet
 facet normal  0.000000e+00  0.000000e+00  1.000000e+00
   outer loop
     vertex -1.245063e+02 -8.014388e+01  1.400000e+01
     vertex -1.241700e+02 -8.211718e+01  1.400000e+01
     vertex -1.240574e+02 -8.209286e+01  1.400000e+01
   endloop
 endfacet
 facet normal  0.000000e+00  0.000000e+00  1.000000e+00
   outer loop
     vertex -1.271404e+02 -7.749156e+01  1.400000e+01
     vertex -1.290863e+02 -7.702934e+01  1.400000e+01
     vertex -1.291114e+02 -7.714181e+01  1.400000e+01
   endloop
 endfacet
 facet normal  0.000000e+00  0.000000e+00  1.000000e+00
   outer loop
     vertex -1.271404e+02 -7.749156e+01  1.400000e+01
     vertex -1.291114e+02 -7.714181e+01  1.400000e+01
     vertex -1.271536e+02 -7.755047e+01  1.400000e+01
   endloop
 endfacet
 facet normal  0.000000e+00  0.000000e+00  1.000000e+00
   outer loop
     vertex -1.244476e+02 -8.012953e+01  1.400000e+01
     vertex -1.240574e+02 -8.209286e+01  1.400000e+01
     vertex -1.239455e+02 -8.206546e+01  1.400000e+01
   endloop
 endfacet
 facet normal  0.000000e+00  0.000000e+00  1.000000e+00
   outer loop
     vertex -1.244476e+02 -8.012953e+01  1.400000e+01
     vertex -1.245063e+02 -8.014388e+01  1.400000e+01
     vertex -1.240574e+02 -8.209286e+01  1.400000e+01
   endloop
 endfacet
 facet normal  0.000000e+00  0.000000e+00  1.000000e+00
   outer loop
     vertex -1.271257e+02 -7.743303e+01  1.400000e+01
     vertex -1.290581e+02 -7.691760e+01  1.400000e+01
     vertex -1.290863e+02 -7.702934e+01  1.400000e+01
   endloop
 endfacet
 facet normal  0.000000e+00  0.000000e+00  1.000000e+00
   outer loop
     vertex -1.271257e+02 -7.743303e+01  1.400000e+01
     vertex -1.290863e+02 -7.702934e+01  1.400000e+01
     vertex -1.271404e+02 -7.749156e+01  1.400000e+01
   endloop
 endfacet
 facet normal  0.000000e+00  0.000000e+00  1.000000e+00
   outer loop
     vertex -1.243894e+02 -8.011357e+01  1.400000e+01
     vertex -1.244476e+02 -8.012953e+01  1.400000e+01
     vertex -1.239455e+02 -8.206546e+01  1.400000e+01
   endloop
 endfacet
 facet normal  0.000000e+00  0.000000e+00  1.000000e+00
   outer loop
     vertex -1.243894e+02 -8.011357e+01  1.400000e+01
     vertex -1.239455e+02 -8.206546e+01  1.400000e+01
     vertex -1.238343e+02 -8.203500e+01  1.400000e+01
   endloop
 endfacet
 facet normal  0.000000e+00  0.000000e+00  1.000000e+00
   outer loop
     vertex -1.271093e+02 -7.737493e+01  1.400000e+01
     vertex -1.290269e+02 -7.680668e+01  1.400000e+01
     vertex -1.290581e+02 -7.691760e+01  1.400000e+01
   endloop
 endfacet
 facet normal  0.000000e+00  0.000000e+00  1.000000e+00
   outer loop
     vertex -1.271093e+02 -7.737493e+01  1.400000e+01
     vertex -1.290581e+02 -7.691760e+01  1.400000e+01
     vertex -1.271257e+02 -7.743303e+01  1.400000e+01
   endloop
 endfacet
 facet normal  0.000000e+00  0.000000e+00  1.000000e+00
   outer loop
     vertex -1.243317e+02 -8.009602e+01  1.400000e+01
     vertex -1.243894e+02 -8.011357e+01  1.400000e+01
     vertex -1.238343e+02 -8.203500e+01  1.400000e+01
   endloop
 endfacet
 facet normal  0.000000e+00  0.000000e+00  1.000000e+00
   outer loop
     vertex -1.243317e+02 -8.009602e+01  1.400000e+01
     vertex -1.238343e+02 -8.203500e+01  1.400000e+01
     vertex -1.237241e+02 -8.200150e+01  1.400000e+01
   endloop
 endfacet
 facet normal  0.000000e+00  0.000000e+00  1.000000e+00
   outer loop
     vertex -1.270914e+02 -7.731729e+01  1.400000e+01
     vertex -1.289927e+02 -7.669665e+01  1.400000e+01
     vertex -1.290269e+02 -7.680668e+01  1.400000e+01
   endloop
 endfacet
 facet normal  0.000000e+00  0.000000e+00  1.000000e+00
   outer loop
     vertex -1.270914e+02 -7.731729e+01  1.400000e+01
     vertex -1.290269e+02 -7.680668e+01  1.400000e+01
     vertex -1.271093e+02 -7.737493e+01  1.400000e+01
   endloop
 endfacet
 facet normal  0.000000e+00  0.000000e+00  1.000000e+00
   outer loop
     vertex -1.242744e+02 -8.007690e+01  1.400000e+01
     vertex -1.243317e+02 -8.009602e+01  1.400000e+01
     vertex -1.237241e+02 -8.200150e+01  1.400000e+01
   endloop
 endfacet
 facet normal  0.000000e+00  0.000000e+00  1.000000e+00
   outer loop
     vertex -1.242744e+02 -8.007690e+01  1.400000e+01
     vertex -1.237241e+02 -8.200150e+01  1.400000e+01
     vertex -1.236148e+02 -8.196499e+01  1.400000e+01
   endloop
 endfacet
 facet normal  0.000000e+00  0.000000e+00  1.000000e+00
   outer loop
     vertex -1.270719e+02 -7.726017e+01  1.400000e+01
     vertex -1.289927e+02 -7.669665e+01  1.400000e+01
     vertex -1.270914e+02 -7.731729e+01  1.400000e+01
   endloop
 endfacet
 facet normal  0.000000e+00  0.000000e+00  1.000000e+00
   outer loop
     vertex -1.270719e+02 -7.726017e+01  1.400000e+01
     vertex -1.289554e+02 -7.658761e+01  1.400000e+01
     vertex -1.289927e+02 -7.669665e+01  1.400000e+01
   endloop
 endfacet
 facet normal  0.000000e+00  0.000000e+00  1.000000e+00
   outer loop
     vertex -1.242177e+02 -8.005621e+01  1.400000e+01
     vertex -1.242744e+02 -8.007690e+01  1.400000e+01
     vertex -1.236148e+02 -8.196499e+01  1.400000e+01
   endloop
 endfacet
 facet normal  0.000000e+00  0.000000e+00  1.000000e+00
   outer loop
     vertex -1.242177e+02 -8.005621e+01  1.400000e+01
     vertex -1.236148e+02 -8.196499e+01  1.400000e+01
     vertex -1.235065e+02 -8.192549e+01  1.400000e+01
   endloop
 endfacet
 facet normal  0.000000e+00  0.000000e+00  1.000000e+00
   outer loop
     vertex -1.242177e+02 -8.005621e+01  1.400000e+01
     vertex -1.235065e+02 -8.192549e+01  1.400000e+01
     vertex -1.233994e+02 -8.188304e+01  1.400000e+01
   endloop
 endfacet
 facet normal  0.000000e+00  0.000000e+00  1.000000e+00
   outer loop
     vertex -1.270508e+02 -7.720361e+01  1.400000e+01
     vertex -1.289152e+02 -7.647963e+01  1.400000e+01
     vertex -1.289554e+02 -7.658761e+01  1.400000e+01
   endloop
 endfacet
 facet normal  0.000000e+00  0.000000e+00  1.000000e+00
   outer loop
     vertex -1.270508e+02 -7.720361e+01  1.400000e+01
     vertex -1.289554e+02 -7.658761e+01  1.400000e+01
     vertex -1.270719e+02 -7.726017e+01  1.400000e+01
   endloop
 endfacet
 facet normal  0.000000e+00  0.000000e+00  1.000000e+00
   outer loop
     vertex -1.241616e+02 -8.003398e+01  1.400000e+01
     vertex -1.242177e+02 -8.005621e+01  1.400000e+01
     vertex -1.233994e+02 -8.188304e+01  1.400000e+01
   endloop
 endfacet
 facet normal  0.000000e+00  0.000000e+00  1.000000e+00
   outer loop
     vertex -1.270282e+02 -7.714765e+01  1.400000e+01
     vertex -1.288720e+02 -7.637279e+01  1.400000e+01
     vertex -1.289152e+02 -7.647963e+01  1.400000e+01
   endloop
 endfacet
 facet normal  0.000000e+00  0.000000e+00  1.000000e+00
   outer loop
     vertex -1.270282e+02 -7.714765e+01  1.400000e+01
     vertex -1.289152e+02 -7.647963e+01  1.400000e+01
     vertex -1.270508e+02 -7.720361e+01  1.400000e+01
   endloop
 endfacet
 facet normal  0.000000e+00  0.000000e+00  1.000000e+00
   outer loop
     vertex -1.241061e+02 -8.001021e+01  1.400000e+01
     vertex -1.241616e+02 -8.003398e+01  1.400000e+01
     vertex -1.233994e+02 -8.188304e+01  1.400000e+01
   endloop
 endfacet
 facet normal  0.000000e+00  0.000000e+00  1.000000e+00
   outer loop
     vertex -1.241061e+02 -8.001021e+01  1.400000e+01
     vertex -1.233994e+02 -8.188304e+01  1.400000e+01
     vertex -1.232935e+02 -8.183767e+01  1.400000e+01
   endloop
 endfacet
 facet normal  0.000000e+00  0.000000e+00  1.000000e+00
   outer loop
     vertex -1.270040e+02 -7.709233e+01  1.400000e+01
     vertex -1.288720e+02 -7.637279e+01  1.400000e+01
     vertex -1.270282e+02 -7.714765e+01  1.400000e+01
   endloop
 endfacet
 facet normal  0.000000e+00  0.000000e+00  1.000000e+00
   outer loop
     vertex -1.270040e+02 -7.709233e+01  1.400000e+01
     vertex -1.288259e+02 -7.626718e+01  1.400000e+01
     vertex -1.288720e+02 -7.637279e+01  1.400000e+01
   endloop
 endfacet
 facet normal  0.000000e+00  0.000000e+00  1.000000e+00
   outer loop
     vertex -1.240513e+02 -7.998493e+01  1.400000e+01
     vertex -1.241061e+02 -8.001021e+01  1.400000e+01
     vertex -1.232935e+02 -8.183767e+01  1.400000e+01
   endloop
 endfacet
 facet normal  0.000000e+00  0.000000e+00  1.000000e+00
   outer loop
     vertex -1.240513e+02 -7.998493e+01  1.400000e+01
     vertex -1.232935e+02 -8.183767e+01  1.400000e+01
     vertex -1.231888e+02 -8.178941e+01  1.400000e+01
   endloop
 endfacet
 facet normal  0.000000e+00  0.000000e+00  1.000000e+00
   outer loop
     vertex -1.269784e+02 -7.703769e+01  1.400000e+01
     vertex -1.288259e+02 -7.626718e+01  1.400000e+01
     vertex -1.270040e+02 -7.709233e+01  1.400000e+01
   endloop
 endfacet
 facet normal  0.000000e+00  0.000000e+00  1.000000e+00
   outer loop
     vertex -1.269784e+02 -7.703769e+01  1.400000e+01
     vertex -1.287769e+02 -7.616287e+01  1.400000e+01
     vertex -1.288259e+02 -7.626718e+01  1.400000e+01
   endloop
 endfacet
 facet normal  0.000000e+00  0.000000e+00  1.000000e+00
   outer loop
     vertex -1.239972e+02 -7.995815e+01  1.400000e+01
     vertex -1.240513e+02 -7.998493e+01  1.400000e+01
     vertex -1.231888e+02 -8.178941e+01  1.400000e+01
   endloop
 endfacet
 facet normal  0.000000e+00  0.000000e+00  1.000000e+00
   outer loop
     vertex -1.239972e+02 -7.995815e+01  1.400000e+01
     vertex -1.231888e+02 -8.178941e+01  1.400000e+01
     vertex -1.230855e+02 -8.173830e+01  1.400000e+01
   endloop
 endfacet
 facet normal  0.000000e+00  0.000000e+00  1.000000e+00
   outer loop
     vertex -1.269512e+02 -7.698378e+01  1.400000e+01
     vertex -1.287769e+02 -7.616287e+01  1.400000e+01
     vertex -1.269784e+02 -7.703769e+01  1.400000e+01
   endloop
 endfacet
 facet normal  0.000000e+00  0.000000e+00  1.000000e+00
   outer loop
     vertex -1.269512e+02 -7.698378e+01  1.400000e+01
     vertex -1.287251e+02 -7.605995e+01  1.400000e+01
     vertex -1.287769e+02 -7.616287e+01  1.400000e+01
   endloop
 endfacet
 facet normal  0.000000e+00  0.000000e+00  1.000000e+00
   outer loop
     vertex -1.239438e+02 -7.992991e+01  1.400000e+01
     vertex -1.239972e+02 -7.995815e+01  1.400000e+01
     vertex -1.230855e+02 -8.173830e+01  1.400000e+01
   endloop
 endfacet
 facet normal  0.000000e+00  0.000000e+00  1.000000e+00
   outer loop
     vertex -1.239438e+02 -7.992991e+01  1.400000e+01
     vertex -1.230855e+02 -8.173830e+01  1.400000e+01
     vertex -1.229837e+02 -8.168437e+01  1.400000e+01
   endloop
 endfacet
 facet normal  0.000000e+00  0.000000e+00  1.000000e+00
   outer loop
     vertex -1.269226e+02 -7.693063e+01  1.400000e+01
     vertex -1.287251e+02 -7.605995e+01  1.400000e+01
     vertex -1.269512e+02 -7.698378e+01  1.400000e+01
   endloop
 endfacet
 facet normal  0.000000e+00  0.000000e+00  1.000000e+00
   outer loop
     vertex -1.269226e+02 -7.693063e+01  1.400000e+01
     vertex -1.286705e+02 -7.595848e+01  1.400000e+01
     vertex -1.287251e+02 -7.605995e+01  1.400000e+01
   endloop
 endfacet
 facet normal  0.000000e+00  0.000000e+00  1.000000e+00
   outer loop
     vertex -1.238913e+02 -7.990021e+01  1.400000e+01
     vertex -1.229837e+02 -8.168437e+01  1.400000e+01
     vertex -1.228834e+02 -8.162767e+01  1.400000e+01
   endloop
 endfacet
 facet normal  0.000000e+00  0.000000e+00  1.000000e+00
   outer loop
     vertex -1.238913e+02 -7.990021e+01  1.400000e+01
     vertex -1.239438e+02 -7.992991e+01  1.400000e+01
     vertex -1.229837e+02 -8.168437e+01  1.400000e+01
   endloop
 endfacet
 facet normal  0.000000e+00  0.000000e+00  1.000000e+00
   outer loop
     vertex -1.268926e+02 -7.687829e+01  1.400000e+01
     vertex -1.286705e+02 -7.595848e+01  1.400000e+01
     vertex -1.269226e+02 -7.693063e+01  1.400000e+01
   endloop
 endfacet
 facet normal  0.000000e+00  0.000000e+00  1.000000e+00
   outer loop
     vertex -1.268926e+02 -7.687829e+01  1.400000e+01
     vertex -1.286131e+02 -7.585856e+01  1.400000e+01
     vertex -1.286705e+02 -7.595848e+01  1.400000e+01
   endloop
 endfacet
 facet normal  0.000000e+00  0.000000e+00  1.000000e+00
   outer loop
     vertex -1.238396e+02 -7.986907e+01  1.400000e+01
     vertex -1.228834e+02 -8.162767e+01  1.400000e+01
     vertex -1.227847e+02 -8.156823e+01  1.400000e+01
   endloop
 endfacet
 facet normal  0.000000e+00  0.000000e+00  1.000000e+00
   outer loop
     vertex -1.238396e+02 -7.986907e+01  1.400000e+01
     vertex -1.238913e+02 -7.990021e+01  1.400000e+01
     vertex -1.228834e+02 -8.162767e+01  1.400000e+01
   endloop
 endfacet
 facet normal  0.000000e+00  0.000000e+00  1.000000e+00
   outer loop
     vertex -1.268611e+02 -7.682679e+01  1.400000e+01
     vertex -1.286131e+02 -7.585856e+01  1.400000e+01
     vertex -1.268926e+02 -7.687829e+01  1.400000e+01
   endloop
 endfacet
 facet normal  0.000000e+00  0.000000e+00  1.000000e+00
   outer loop
     vertex -1.268611e+02 -7.682679e+01  1.400000e+01
     vertex -1.285530e+02 -7.576024e+01  1.400000e+01
     vertex -1.286131e+02 -7.585856e+01  1.400000e+01
   endloop
 endfacet
 facet normal  0.000000e+00  0.000000e+00  1.000000e+00
   outer loop
     vertex -1.237887e+02 -7.983654e+01  1.400000e+01
     vertex -1.238396e+02 -7.986907e+01  1.400000e+01
     vertex -1.227847e+02 -8.156823e+01  1.400000e+01
   endloop
 endfacet
 facet normal  0.000000e+00  0.000000e+00  1.000000e+00
   outer loop
     vertex -1.237887e+02 -7.983654e+01  1.400000e+01
     vertex -1.227847e+02 -8.156823e+01  1.400000e+01
     vertex -1.226876e+02 -8.150611e+01  1.400000e+01
   endloop
 endfacet
 facet normal  0.000000e+00  0.000000e+00  1.000000e+00
   outer loop
     vertex -1.268282e+02 -7.677618e+01  1.400000e+01
     vertex -1.285530e+02 -7.576024e+01  1.400000e+01
     vertex -1.268611e+02 -7.682679e+01  1.400000e+01
   endloop
 endfacet
 facet normal  0.000000e+00  0.000000e+00  1.000000e+00
   outer loop
     vertex -1.268282e+02 -7.677618e+01  1.400000e+01
     vertex -1.284902e+02 -7.566361e+01  1.400000e+01
     vertex -1.285530e+02 -7.576024e+01  1.400000e+01
   endloop
 endfacet
 facet normal  0.000000e+00  0.000000e+00  1.000000e+00
   outer loop
     vertex -1.237388e+02 -7.980262e+01  1.400000e+01
     vertex -1.237887e+02 -7.983654e+01  1.400000e+01
     vertex -1.226876e+02 -8.150611e+01  1.400000e+01
   endloop
 endfacet
 facet normal  0.000000e+00  0.000000e+00  1.000000e+00
   outer loop
     vertex -1.237388e+02 -7.980262e+01  1.400000e+01
     vertex -1.226876e+02 -8.150611e+01  1.400000e+01
     vertex -1.225923e+02 -8.144136e+01  1.400000e+01
   endloop
 endfacet
 facet normal  0.000000e+00  0.000000e+00  1.000000e+00
   outer loop
     vertex -1.267939e+02 -7.672648e+01  1.400000e+01
     vertex -1.284902e+02 -7.566361e+01  1.400000e+01
     vertex -1.268282e+02 -7.677618e+01  1.400000e+01
   endloop
 endfacet
 facet normal  0.000000e+00  0.000000e+00  1.000000e+00
   outer loop
     vertex -1.267939e+02 -7.672648e+01  1.400000e+01
     vertex -1.284248e+02 -7.556874e+01  1.400000e+01
     vertex -1.284902e+02 -7.566361e+01  1.400000e+01
   endloop
 endfacet
 facet normal  0.000000e+00  0.000000e+00  1.000000e+00
   outer loop
     vertex -1.236898e+02 -7.976734e+01  1.400000e+01
     vertex -1.237388e+02 -7.980262e+01  1.400000e+01
     vertex -1.225923e+02 -8.144136e+01  1.400000e+01
   endloop
 endfacet
 facet normal  0.000000e+00  0.000000e+00  1.000000e+00
   outer loop
     vertex -1.236898e+02 -7.976734e+01  1.400000e+01
     vertex -1.225923e+02 -8.144136e+01  1.400000e+01
     vertex -1.224988e+02 -8.137401e+01  1.400000e+01
   endloop
 endfacet
 facet normal  0.000000e+00  0.000000e+00  1.000000e+00
   outer loop
     vertex -1.267583e+02 -7.667775e+01  1.400000e+01
     vertex -1.284248e+02 -7.556874e+01  1.400000e+01
     vertex -1.267939e+02 -7.672648e+01  1.400000e+01
   endloop
 endfacet
 facet normal  0.000000e+00  0.000000e+00  1.000000e+00
   outer loop
     vertex -1.267583e+02 -7.667775e+01  1.400000e+01
     vertex -1.283568e+02 -7.547570e+01  1.400000e+01
     vertex -1.284248e+02 -7.556874e+01  1.400000e+01
   endloop
 endfacet
 facet normal  0.000000e+00  0.000000e+00  1.000000e+00
   outer loop
     vertex -1.236418e+02 -7.973073e+01  1.400000e+01
     vertex -1.236898e+02 -7.976734e+01  1.400000e+01
     vertex -1.224988e+02 -8.137401e+01  1.400000e+01
   endloop
 endfacet
 facet normal  0.000000e+00  0.000000e+00  1.000000e+00
   outer loop
     vertex -1.236418e+02 -7.973073e+01  1.400000e+01
     vertex -1.224988e+02 -8.137401e+01  1.400000e+01
     vertex -1.224072e+02 -8.130412e+01  1.400000e+01
   endloop
 endfacet
 facet normal  0.000000e+00  0.000000e+00  1.000000e+00
   outer loop
     vertex -1.267214e+02 -7.663001e+01  1.400000e+01
     vertex -1.283568e+02 -7.547570e+01  1.400000e+01
     vertex -1.267583e+02 -7.667775e+01  1.400000e+01
   endloop
 endfacet
 facet normal  0.000000e+00  0.000000e+00  1.000000e+00
   outer loop
     vertex -1.267214e+02 -7.663001e+01  1.400000e+01
     vertex -1.282863e+02 -7.538456e+01  1.400000e+01
     vertex -1.283568e+02 -7.547570e+01  1.400000e+01
   endloop
 endfacet
 facet normal  0.000000e+00  0.000000e+00  1.000000e+00
   outer loop
     vertex -1.235949e+02 -7.969282e+01  1.400000e+01
     vertex -1.236418e+02 -7.973073e+01  1.400000e+01
     vertex -1.224072e+02 -8.130412e+01  1.400000e+01
   endloop
 endfacet
 facet normal  0.000000e+00  0.000000e+00  1.000000e+00
   outer loop
     vertex -1.235949e+02 -7.969282e+01  1.400000e+01
     vertex -1.224072e+02 -8.130412e+01  1.400000e+01
     vertex -1.223175e+02 -8.123174e+01  1.400000e+01
   endloop
 endfacet
 facet normal  0.000000e+00  0.000000e+00  1.000000e+00
   outer loop
     vertex -1.235949e+02 -7.969282e+01  1.400000e+01
     vertex -1.223175e+02 -8.123174e+01  1.400000e+01
     vertex -1.222298e+02 -8.115694e+01  1.400000e+01
   endloop
 endfacet
 facet normal  0.000000e+00  0.000000e+00  1.000000e+00
   outer loop
     vertex -1.266831e+02 -7.658330e+01  1.400000e+01
     vertex -1.282863e+02 -7.538456e+01  1.400000e+01
     vertex -1.267214e+02 -7.663001e+01  1.400000e+01
   endloop
 endfacet
 facet normal  0.000000e+00  0.000000e+00  1.000000e+00
   outer loop
     vertex -1.266831e+02 -7.658330e+01  1.400000e+01
     vertex -1.282133e+02 -7.529539e+01  1.400000e+01
     vertex -1.282863e+02 -7.538456e+01  1.400000e+01
   endloop
 endfacet
 facet normal  0.000000e+00  0.000000e+00  1.000000e+00
   outer loop
     vertex -1.235490e+02 -7.965363e+01  1.400000e+01
     vertex -1.235949e+02 -7.969282e+01  1.400000e+01
     vertex -1.222298e+02 -8.115694e+01  1.400000e+01
   endloop
 endfacet
 facet normal  0.000000e+00  0.000000e+00  1.000000e+00
   outer loop
     vertex -1.266436e+02 -7.653766e+01  1.400000e+01
     vertex -1.281379e+02 -7.520826e+01  1.400000e+01
     vertex -1.282133e+02 -7.529539e+01  1.400000e+01
   endloop
 endfacet
 facet normal  0.000000e+00  0.000000e+00  1.000000e+00
   outer loop
     vertex -1.266436e+02 -7.653766e+01  1.400000e+01
     vertex -1.282133e+02 -7.529539e+01  1.400000e+01
     vertex -1.266831e+02 -7.658330e+01  1.400000e+01
   endloop
 endfacet
 facet normal  0.000000e+00  0.000000e+00  1.000000e+00
   outer loop
     vertex -1.235041e+02 -7.961320e+01  1.400000e+01
     vertex -1.222298e+02 -8.115694e+01  1.400000e+01
     vertex -1.221443e+02 -8.107975e+01  1.400000e+01
   endloop
 endfacet
 facet normal  0.000000e+00  0.000000e+00  1.000000e+00
   outer loop
     vertex -1.235041e+02 -7.961320e+01  1.400000e+01
     vertex -1.235490e+02 -7.965363e+01  1.400000e+01
     vertex -1.222298e+02 -8.115694e+01  1.400000e+01
   endloop
 endfacet
 facet normal  0.000000e+00  0.000000e+00  1.000000e+00
   outer loop
     vertex -1.266029e+02 -7.649312e+01  1.400000e+01
     vertex -1.281379e+02 -7.520826e+01  1.400000e+01
     vertex -1.266436e+02 -7.653766e+01  1.400000e+01
   endloop
 endfacet
 facet normal  0.000000e+00  0.000000e+00  1.000000e+00
   outer loop
     vertex -1.266029e+02 -7.649312e+01  1.400000e+01
     vertex -1.280601e+02 -7.512322e+01  1.400000e+01
     vertex -1.281379e+02 -7.520826e+01  1.400000e+01
   endloop
 endfacet
 facet normal  0.000000e+00  0.000000e+00  1.000000e+00
   outer loop
     vertex -1.234605e+02 -7.957156e+01  1.400000e+01
     vertex -1.235041e+02 -7.961320e+01  1.400000e+01
     vertex -1.221443e+02 -8.107975e+01  1.400000e+01
   endloop
 endfacet
 facet normal  0.000000e+00  0.000000e+00  1.000000e+00
   outer loop
     vertex -1.234605e+02 -7.957156e+01  1.400000e+01
     vertex -1.221443e+02 -8.107975e+01  1.400000e+01
     vertex -1.220609e+02 -8.100025e+01  1.400000e+01
   endloop
 endfacet
 facet normal  0.000000e+00  0.000000e+00  1.000000e+00
   outer loop
     vertex -1.265610e+02 -7.644971e+01  1.400000e+01
     vertex -1.280601e+02 -7.512322e+01  1.400000e+01
     vertex -1.266029e+02 -7.649312e+01  1.400000e+01
   endloop
 endfacet
 facet normal  0.000000e+00  0.000000e+00  1.000000e+00
   outer loop
     vertex -1.265610e+02 -7.644971e+01  1.400000e+01
     vertex -1.279800e+02 -7.504035e+01  1.400000e+01
     vertex -1.280601e+02 -7.512322e+01  1.400000e+01
   endloop
 endfacet
 facet normal  0.000000e+00  0.000000e+00  1.000000e+00
   outer loop
     vertex -1.219797e+02 -8.091849e+01  1.400000e+01
     vertex -1.234605e+02 -7.957156e+01  1.400000e+01
     vertex -1.220609e+02 -8.100025e+01  1.400000e+01
   endloop
 endfacet
 facet normal  0.000000e+00  0.000000e+00  1.000000e+00
   outer loop
     vertex -1.219797e+02 -8.091849e+01  1.400000e+01
     vertex -1.234179e+02 -7.952873e+01  1.400000e+01
     vertex -1.234605e+02 -7.957156e+01  1.400000e+01
   endloop
 endfacet
 facet normal  0.000000e+00  0.000000e+00  1.000000e+00
   outer loop
     vertex -1.278977e+02 -7.495971e+01  1.400000e+01
     vertex -1.265610e+02 -7.644971e+01  1.400000e+01
     vertex -1.265178e+02 -7.640747e+01  1.400000e+01
   endloop
 endfacet
 facet normal  0.000000e+00  0.000000e+00  1.000000e+00
   outer loop
     vertex -1.278977e+02 -7.495971e+01  1.400000e+01
     vertex -1.279800e+02 -7.504035e+01  1.400000e+01
     vertex -1.265610e+02 -7.644971e+01  1.400000e+01
   endloop
 endfacet
 facet normal  0.000000e+00  0.000000e+00  1.000000e+00
   outer loop
     vertex -1.264736e+02 -7.636643e+01  1.400000e+01
     vertex -1.278977e+02 -7.495971e+01  1.400000e+01
     vertex -1.265178e+02 -7.640747e+01  1.400000e+01
   endloop
 endfacet
 facet normal  0.000000e+00  0.000000e+00  1.000000e+00
   outer loop
     vertex -1.219007e+02 -8.083453e+01  1.400000e+01
     vertex -1.234179e+02 -7.952873e+01  1.400000e+01
     vertex -1.219797e+02 -8.091849e+01  1.400000e+01
   endloop
 endfacet
 facet normal  0.000000e+00  0.000000e+00  1.000000e+00
   outer loop
     vertex -1.219007e+02 -8.083453e+01  1.400000e+01
     vertex -1.233766e+02 -7.948475e+01  1.400000e+01
     vertex -1.234179e+02 -7.952873e+01  1.400000e+01
   endloop
 endfacet
 facet normal  0.000000e+00  0.000000e+00  1.000000e+00
   outer loop
     vertex -1.278132e+02 -7.488136e+01  1.400000e+01
     vertex -1.278977e+02 -7.495971e+01  1.400000e+01
     vertex -1.264736e+02 -7.636643e+01  1.400000e+01
   endloop
 endfacet
 facet normal  0.000000e+00  0.000000e+00  1.000000e+00
   outer loop
     vertex -1.218241e+02 -8.074844e+01  1.400000e+01
     vertex -1.233365e+02 -7.943966e+01  1.400000e+01
     vertex -1.233766e+02 -7.948475e+01  1.400000e+01
   endloop
 endfacet
 facet normal  0.000000e+00  0.000000e+00  1.000000e+00
   outer loop
     vertex -1.218241e+02 -8.074844e+01  1.400000e+01
     vertex -1.233766e+02 -7.948475e+01  1.400000e+01
     vertex -1.219007e+02 -8.083453e+01  1.400000e+01
   endloop
 endfacet
 facet normal  0.000000e+00  0.000000e+00  1.000000e+00
   outer loop
     vertex -1.277266e+02 -7.480536e+01  1.400000e+01
     vertex -1.264736e+02 -7.636643e+01  1.400000e+01
     vertex -1.264282e+02 -7.632662e+01  1.400000e+01
   endloop
 endfacet
 facet normal  0.000000e+00  0.000000e+00  1.000000e+00
   outer loop
     vertex -1.277266e+02 -7.480536e+01  1.400000e+01
     vertex -1.278132e+02 -7.488136e+01  1.400000e+01
     vertex -1.264736e+02 -7.636643e+01  1.400000e+01
   endloop
 endfacet
 facet normal  0.000000e+00  0.000000e+00  1.000000e+00
   outer loop
     vertex -1.217499e+02 -8.066027e+01  1.400000e+01
     vertex -1.232976e+02 -7.939348e+01  1.400000e+01
     vertex -1.233365e+02 -7.943966e+01  1.400000e+01
   endloop
 endfacet
 facet normal  0.000000e+00  0.000000e+00  1.000000e+00
   outer loop
     vertex -1.217499e+02 -8.066027e+01  1.400000e+01
     vertex -1.233365e+02 -7.943966e+01  1.400000e+01
     vertex -1.218241e+02 -8.074844e+01  1.400000e+01
   endloop
 endfacet
 facet normal  0.000000e+00  0.000000e+00  1.000000e+00
   outer loop
     vertex -1.276379e+02 -7.473176e+01  1.400000e+01
     vertex -1.264282e+02 -7.632662e+01  1.400000e+01
     vertex -1.263818e+02 -7.628807e+01  1.400000e+01
   endloop
 endfacet
 facet normal  0.000000e+00  0.000000e+00  1.000000e+00
   outer loop
     vertex -1.276379e+02 -7.473176e+01  1.400000e+01
     vertex -1.277266e+02 -7.480536e+01  1.400000e+01
     vertex -1.264282e+02 -7.632662e+01  1.400000e+01
   endloop
 endfacet
 facet normal  0.000000e+00  0.000000e+00  1.000000e+00
   outer loop
     vertex -1.216782e+02 -8.057011e+01  1.400000e+01
     vertex -1.232600e+02 -7.934625e+01  1.400000e+01
     vertex -1.232976e+02 -7.939348e+01  1.400000e+01
   endloop
 endfacet
 facet normal  0.000000e+00  0.000000e+00  1.000000e+00
   outer loop
     vertex -1.216782e+02 -8.057011e+01  1.400000e+01
     vertex -1.232976e+02 -7.939348e+01  1.400000e+01
     vertex -1.217499e+02 -8.066027e+01  1.400000e+01
   endloop
 endfacet
 facet normal  0.000000e+00  0.000000e+00  1.000000e+00
   outer loop
     vertex -1.275473e+02 -7.466062e+01  1.400000e+01
     vertex -1.263343e+02 -7.625080e+01  1.400000e+01
     vertex -1.262858e+02 -7.621486e+01  1.400000e+01
   endloop
 endfacet
 facet normal  0.000000e+00  0.000000e+00  1.000000e+00
   outer loop
     vertex -1.275473e+02 -7.466062e+01  1.400000e+01
     vertex -1.263818e+02 -7.628807e+01  1.400000e+01
     vertex -1.263343e+02 -7.625080e+01  1.400000e+01
   endloop
 endfacet
 facet normal  0.000000e+00  0.000000e+00  1.000000e+00
   outer loop
     vertex -1.275473e+02 -7.466062e+01  1.400000e+01
     vertex -1.276379e+02 -7.473176e+01  1.400000e+01
     vertex -1.263818e+02 -7.628807e+01  1.400000e+01
   endloop
 endfacet
 facet normal  0.000000e+00  0.000000e+00  1.000000e+00
   outer loop
     vertex -1.216089e+02 -8.047801e+01  1.400000e+01
     vertex -1.232237e+02 -7.929801e+01  1.400000e+01
     vertex -1.232600e+02 -7.934625e+01  1.400000e+01
   endloop
 endfacet
 facet normal  0.000000e+00  0.000000e+00  1.000000e+00
   outer loop
     vertex -1.216089e+02 -8.047801e+01  1.400000e+01
     vertex -1.232600e+02 -7.934625e+01  1.400000e+01
     vertex -1.216782e+02 -8.057011e+01  1.400000e+01
   endloop
 endfacet
 facet normal  0.000000e+00  0.000000e+00  1.000000e+00
   outer loop
     vertex -1.274547e+02 -7.459200e+01  1.400000e+01
     vertex -1.262858e+02 -7.621486e+01  1.400000e+01
     vertex -1.262363e+02 -7.618025e+01  1.400000e+01
   endloop
 endfacet
 facet normal  0.000000e+00  0.000000e+00  1.000000e+00
   outer loop
     vertex -1.274547e+02 -7.459200e+01  1.400000e+01
     vertex -1.275473e+02 -7.466062e+01  1.400000e+01
     vertex -1.262858e+02 -7.621486e+01  1.400000e+01
   endloop
 endfacet
 facet normal  0.000000e+00  0.000000e+00  1.000000e+00
   outer loop
     vertex -1.215422e+02 -8.038405e+01  1.400000e+01
     vertex -1.231888e+02 -7.924879e+01  1.400000e+01
     vertex -1.232237e+02 -7.929801e+01  1.400000e+01
   endloop
 endfacet
 facet normal  0.000000e+00  0.000000e+00  1.000000e+00
   outer loop
     vertex -1.215422e+02 -8.038405e+01  1.400000e+01
     vertex -1.232237e+02 -7.929801e+01  1.400000e+01
     vertex -1.216089e+02 -8.047801e+01  1.400000e+01
   endloop
 endfacet
 facet normal  0.000000e+00  0.000000e+00  1.000000e+00
   outer loop
     vertex -1.273603e+02 -7.452594e+01  1.400000e+01
     vertex -1.274547e+02 -7.459200e+01  1.400000e+01
     vertex -1.262363e+02 -7.618025e+01  1.400000e+01
   endloop
 endfacet
 facet normal  0.000000e+00  0.000000e+00  1.000000e+00
   outer loop
     vertex -1.214781e+02 -8.028829e+01  1.400000e+01
     vertex -1.231552e+02 -7.919863e+01  1.400000e+01
     vertex -1.231888e+02 -7.924879e+01  1.400000e+01
   endloop
 endfacet
 facet normal  0.000000e+00  0.000000e+00  1.000000e+00
   outer loop
     vertex -1.214781e+02 -8.028829e+01  1.400000e+01
     vertex -1.231230e+02 -7.914757e+01  1.400000e+01
     vertex -1.231552e+02 -7.919863e+01  1.400000e+01
   endloop
 endfacet
 facet normal  0.000000e+00  0.000000e+00  1.000000e+00
   outer loop
     vertex -1.214781e+02 -8.028829e+01  1.400000e+01
     vertex -1.231888e+02 -7.924879e+01  1.400000e+01
     vertex -1.215422e+02 -8.038405e+01  1.400000e+01
   endloop
 endfacet
 facet normal  0.000000e+00  0.000000e+00  1.000000e+00
   outer loop
     vertex -1.272641e+02 -7.446249e+01  1.400000e+01
     vertex -1.262363e+02 -7.618025e+01  1.400000e+01
     vertex -1.261859e+02 -7.614702e+01  1.400000e+01
   endloop
 endfacet
 facet normal  0.000000e+00  0.000000e+00  1.000000e+00
   outer loop
     vertex -1.272641e+02 -7.446249e+01  1.400000e+01
     vertex -1.273603e+02 -7.452594e+01  1.400000e+01
     vertex -1.262363e+02 -7.618025e+01  1.400000e+01
   endloop
 endfacet
 facet normal  0.000000e+00  0.000000e+00  1.000000e+00
   outer loop
     vertex -1.214167e+02 -8.019081e+01  1.400000e+01
     vertex -1.230922e+02 -7.909564e+01  1.400000e+01
     vertex -1.231230e+02 -7.914757e+01  1.400000e+01
   endloop
 endfacet
 facet normal  0.000000e+00  0.000000e+00  1.000000e+00
   outer loop
     vertex -1.214167e+02 -8.019081e+01  1.400000e+01
     vertex -1.231230e+02 -7.914757e+01  1.400000e+01
     vertex -1.214781e+02 -8.028829e+01  1.400000e+01
   endloop
 endfacet
 facet normal  0.000000e+00  0.000000e+00  1.000000e+00
   outer loop
     vertex -1.271662e+02 -7.440171e+01  1.400000e+01
     vertex -1.261347e+02 -7.611518e+01  1.400000e+01
     vertex -1.260825e+02 -7.608476e+01  1.400000e+01
   endloop
 endfacet
 facet normal  0.000000e+00  0.000000e+00  1.000000e+00
   outer loop
     vertex -1.271662e+02 -7.440171e+01  1.400000e+01
     vertex -1.261859e+02 -7.614702e+01  1.400000e+01
     vertex -1.261347e+02 -7.611518e+01  1.400000e+01
   endloop
 endfacet
 facet normal  0.000000e+00  0.000000e+00  1.000000e+00
   outer loop
     vertex -1.271662e+02 -7.440171e+01  1.400000e+01
     vertex -1.272641e+02 -7.446249e+01  1.400000e+01
     vertex -1.261859e+02 -7.614702e+01  1.400000e+01
   endloop
 endfacet
 facet normal  0.000000e+00  0.000000e+00  1.000000e+00
   outer loop
     vertex -1.213579e+02 -8.009168e+01  1.400000e+01
     vertex -1.230922e+02 -7.909564e+01  1.400000e+01
     vertex -1.214167e+02 -8.019081e+01  1.400000e+01
   endloop
 endfacet
 facet normal  0.000000e+00  0.000000e+00  1.000000e+00
   outer loop
     vertex -1.270666e+02 -7.434364e+01  1.400000e+01
     vertex -1.271662e+02 -7.440171e+01  1.400000e+01
     vertex -1.260825e+02 -7.608476e+01  1.400000e+01
   endloop
 endfacet
 facet normal  0.000000e+00  0.000000e+00  1.000000e+00
   outer loop
     vertex -1.213019e+02 -7.999097e+01  1.400000e+01
     vertex -1.230922e+02 -7.909564e+01  1.400000e+01
     vertex -1.213579e+02 -8.009168e+01  1.400000e+01
   endloop
 endfacet
 facet normal  0.000000e+00  0.000000e+00  1.000000e+00
   outer loop
     vertex -1.213019e+02 -7.999097e+01  1.400000e+01
     vertex -1.230629e+02 -7.904289e+01  1.400000e+01
     vertex -1.230922e+02 -7.909564e+01  1.400000e+01
   endloop
 endfacet
 facet normal  0.000000e+00  0.000000e+00  1.000000e+00
   outer loop
     vertex -1.213019e+02 -7.999097e+01  1.400000e+01
     vertex -1.230350e+02 -7.898936e+01  1.400000e+01
     vertex -1.230629e+02 -7.904289e+01  1.400000e+01
   endloop
 endfacet
 facet normal  0.000000e+00  0.000000e+00  1.000000e+00
   outer loop
     vertex -1.269656e+02 -7.428832e+01  1.400000e+01
     vertex -1.260296e+02 -7.605579e+01  1.400000e+01
     vertex -1.259759e+02 -7.602827e+01  1.400000e+01
   endloop
 endfacet
 facet normal  0.000000e+00  0.000000e+00  1.000000e+00
   outer loop
     vertex -1.269656e+02 -7.428832e+01  1.400000e+01
     vertex -1.260825e+02 -7.608476e+01  1.400000e+01
     vertex -1.260296e+02 -7.605579e+01  1.400000e+01
   endloop
 endfacet
 facet normal  0.000000e+00  0.000000e+00  1.000000e+00
   outer loop
     vertex -1.269656e+02 -7.428832e+01  1.400000e+01
     vertex -1.270666e+02 -7.434364e+01  1.400000e+01
     vertex -1.260825e+02 -7.608476e+01  1.400000e+01
   endloop
 endfacet
 facet normal  0.000000e+00  0.000000e+00  1.000000e+00
   outer loop
     vertex -1.212487e+02 -7.988877e+01  1.400000e+01
     vertex -1.230350e+02 -7.898936e+01  1.400000e+01
     vertex -1.213019e+02 -7.999097e+01  1.400000e+01
   endloop
 endfacet
 facet normal  0.000000e+00  0.000000e+00  1.000000e+00
   outer loop
     vertex -1.212487e+02 -7.988877e+01  1.400000e+01
     vertex -1.230086e+02 -7.893508e+01  1.400000e+01
     vertex -1.230350e+02 -7.898936e+01  1.400000e+01
   endloop
 endfacet
 facet normal  0.000000e+00  0.000000e+00  1.000000e+00
   outer loop
     vertex -1.268630e+02 -7.423579e+01  1.400000e+01
     vertex -1.269656e+02 -7.428832e+01  1.400000e+01
     vertex -1.259759e+02 -7.602827e+01  1.400000e+01
   endloop
 endfacet
 facet normal  0.000000e+00  0.000000e+00  1.000000e+00
   outer loop
     vertex -1.211983e+02 -7.978514e+01  1.400000e+01
     vertex -1.230086e+02 -7.893508e+01  1.400000e+01
     vertex -1.212487e+02 -7.988877e+01  1.400000e+01
   endloop
 endfacet
 facet normal  0.000000e+00  0.000000e+00  1.000000e+00
   outer loop
     vertex -1.267590e+02 -7.418610e+01  1.400000e+01
     vertex -1.259759e+02 -7.602827e+01  1.400000e+01
     vertex -1.259214e+02 -7.600224e+01  1.400000e+01
   endloop
 endfacet
 facet normal  0.000000e+00  0.000000e+00  1.000000e+00
   outer loop
     vertex -1.267590e+02 -7.418610e+01  1.400000e+01
     vertex -1.268630e+02 -7.423579e+01  1.400000e+01
     vertex -1.259759e+02 -7.602827e+01  1.400000e+01
   endloop
 endfacet
 facet normal  0.000000e+00  0.000000e+00  1.000000e+00
   outer loop
     vertex -1.211507e+02 -7.968018e+01  1.400000e+01
     vertex -1.230086e+02 -7.893508e+01  1.400000e+01
     vertex -1.211983e+02 -7.978514e+01  1.400000e+01
   endloop
 endfacet
 facet normal  0.000000e+00  0.000000e+00  1.000000e+00
   outer loop
     vertex -1.211507e+02 -7.968018e+01  1.400000e+01
     vertex -1.229837e+02 -7.888009e+01  1.400000e+01
     vertex -1.230086e+02 -7.893508e+01  1.400000e+01
   endloop
 endfacet
 facet normal  0.000000e+00  0.000000e+00  1.000000e+00
   outer loop
     vertex -1.266537e+02 -7.413928e+01  1.400000e+01
     vertex -1.267590e+02 -7.418610e+01  1.400000e+01
     vertex -1.259214e+02 -7.600224e+01  1.400000e+01
   endloop
 endfacet
 facet normal  0.000000e+00  0.000000e+00  1.000000e+00
   outer loop
     vertex -1.266537e+02 -7.413928e+01  1.400000e+01
     vertex -1.259214e+02 -7.600224e+01  1.400000e+01
     vertex -1.258662e+02 -7.597772e+01  1.400000e+01
   endloop
 endfacet
 facet normal  0.000000e+00  0.000000e+00  1.000000e+00
   outer loop
     vertex -1.211061e+02 -7.957394e+01  1.400000e+01
     vertex -1.229603e+02 -7.882445e+01  1.400000e+01
     vertex -1.229837e+02 -7.888009e+01  1.400000e+01
   endloop
 endfacet
 facet normal  0.000000e+00  0.000000e+00  1.000000e+00
   outer loop
     vertex -1.211061e+02 -7.957394e+01  1.400000e+01
     vertex -1.229837e+02 -7.888009e+01  1.400000e+01
     vertex -1.211507e+02 -7.968018e+01  1.400000e+01
   endloop
 endfacet
 facet normal  0.000000e+00  0.000000e+00  1.000000e+00
   outer loop
     vertex -1.265472e+02 -7.409536e+01  1.400000e+01
     vertex -1.266537e+02 -7.413928e+01  1.400000e+01
     vertex -1.258662e+02 -7.597772e+01  1.400000e+01
   endloop
 endfacet
 facet normal  0.000000e+00  0.000000e+00  1.000000e+00
   outer loop
     vertex -1.265472e+02 -7.409536e+01  1.400000e+01
     vertex -1.258104e+02 -7.595471e+01  1.400000e+01
     vertex -1.257540e+02 -7.593325e+01  1.400000e+01
   endloop
 endfacet
 facet normal  0.000000e+00  0.000000e+00  1.000000e+00
   outer loop
     vertex -1.265472e+02 -7.409536e+01  1.400000e+01
     vertex -1.258662e+02 -7.597772e+01  1.400000e+01
     vertex -1.258104e+02 -7.595471e+01  1.400000e+01
   endloop
 endfacet
 facet normal  0.000000e+00  0.000000e+00  1.000000e+00
   outer loop
     vertex -1.210644e+02 -7.946652e+01  1.400000e+01
     vertex -1.229603e+02 -7.882445e+01  1.400000e+01
     vertex -1.211061e+02 -7.957394e+01  1.400000e+01
   endloop
 endfacet
 facet normal  0.000000e+00  0.000000e+00  1.000000e+00
   outer loop
     vertex -1.210644e+02 -7.946652e+01  1.400000e+01
     vertex -1.229385e+02 -7.876818e+01  1.400000e+01
     vertex -1.229603e+02 -7.882445e+01  1.400000e+01
   endloop
 endfacet
 facet normal  0.000000e+00  0.000000e+00  1.000000e+00
   outer loop
     vertex -1.210644e+02 -7.946652e+01  1.400000e+01
     vertex -1.229182e+02 -7.871133e+01  1.400000e+01
     vertex -1.229385e+02 -7.876818e+01  1.400000e+01
   endloop
 endfacet
 facet normal  0.000000e+00  0.000000e+00  1.000000e+00
   outer loop
     vertex -1.264395e+02 -7.405439e+01  1.400000e+01
     vertex -1.265472e+02 -7.409536e+01  1.400000e+01
     vertex -1.257540e+02 -7.593325e+01  1.400000e+01
   endloop
 endfacet
 facet normal  0.000000e+00  0.000000e+00  1.000000e+00
   outer loop
     vertex -1.210256e+02 -7.935800e+01  1.400000e+01
     vertex -1.228994e+02 -7.865395e+01  1.400000e+01
     vertex -1.229182e+02 -7.871133e+01  1.400000e+01
   endloop
 endfacet
 facet normal  0.000000e+00  0.000000e+00  1.000000e+00
   outer loop
     vertex -1.210256e+02 -7.935800e+01  1.400000e+01
     vertex -1.229182e+02 -7.871133e+01  1.400000e+01
     vertex -1.210644e+02 -7.946652e+01  1.400000e+01
   endloop
 endfacet
 facet normal  0.000000e+00  0.000000e+00  1.000000e+00
   outer loop
     vertex -1.263307e+02 -7.401638e+01  1.400000e+01
     vertex -1.264395e+02 -7.405439e+01  1.400000e+01
     vertex -1.257540e+02 -7.593325e+01  1.400000e+01
   endloop
 endfacet
 facet normal  0.000000e+00  0.000000e+00  1.000000e+00
   outer loop
     vertex -1.263307e+02 -7.401638e+01  1.400000e+01
     vertex -1.257540e+02 -7.593325e+01  1.400000e+01
     vertex -1.256970e+02 -7.591334e+01  1.400000e+01
   endloop
 endfacet
 facet normal  0.000000e+00  0.000000e+00  1.000000e+00
   outer loop
     vertex -1.209898e+02 -7.924845e+01  1.400000e+01
     vertex -1.228994e+02 -7.865395e+01  1.400000e+01
     vertex -1.210256e+02 -7.935800e+01  1.400000e+01
   endloop
 endfacet
 facet normal  0.000000e+00  0.000000e+00  1.000000e+00
   outer loop
     vertex -1.262209e+02 -7.398137e+01  1.400000e+01
     vertex -1.263307e+02 -7.401638e+01  1.400000e+01
     vertex -1.256970e+02 -7.591334e+01  1.400000e+01
   endloop
 endfacet
 facet normal  0.000000e+00  0.000000e+00  1.000000e+00
   outer loop
     vertex -1.262209e+02 -7.398137e+01  1.400000e+01
     vertex -1.256395e+02 -7.589501e+01  1.400000e+01
     vertex -1.255815e+02 -7.587825e+01  1.400000e+01
   endloop
 endfacet
 facet normal  0.000000e+00  0.000000e+00  1.000000e+00
   outer loop
     vertex -1.262209e+02 -7.398137e+01  1.400000e+01
     vertex -1.256970e+02 -7.591334e+01  1.400000e+01
     vertex -1.256395e+02 -7.589501e+01  1.400000e+01
   endloop
 endfacet
 facet normal  0.000000e+00  0.000000e+00  1.000000e+00
   outer loop
     vertex -1.209571e+02 -7.913797e+01  1.400000e+01
     vertex -1.228994e+02 -7.865395e+01  1.400000e+01
     vertex -1.209898e+02 -7.924845e+01  1.400000e+01
   endloop
 endfacet
 facet normal  0.000000e+00  0.000000e+00  1.000000e+00
   outer loop
     vertex -1.209571e+02 -7.913797e+01  1.400000e+01
     vertex -1.228823e+02 -7.859608e+01  1.400000e+01
     vertex -1.228994e+02 -7.865395e+01  1.400000e+01
   endloop
 endfacet
 facet normal  0.000000e+00  0.000000e+00  1.000000e+00
   outer loop
     vertex -1.261102e+02 -7.394939e+01  1.400000e+01
     vertex -1.262209e+02 -7.398137e+01  1.400000e+01
     vertex -1.255815e+02 -7.587825e+01  1.400000e+01
   endloop
 endfacet
 facet normal  0.000000e+00  0.000000e+00  1.000000e+00
   outer loop
     vertex -1.261102e+02 -7.394939e+01  1.400000e+01
     vertex -1.255815e+02 -7.587825e+01  1.400000e+01
     vertex -1.255231e+02 -7.586310e+01  1.400000e+01
   endloop
 endfacet
 facet normal  0.000000e+00  0.000000e+00  1.000000e+00
   outer loop
     vertex -1.209274e+02 -7.902663e+01  1.400000e+01
     vertex -1.228823e+02 -7.859608e+01  1.400000e+01
     vertex -1.209571e+02 -7.913797e+01  1.400000e+01
   endloop
 endfacet
 facet normal  0.000000e+00  0.000000e+00  1.000000e+00
   outer loop
     vertex -1.209274e+02 -7.902663e+01  1.400000e+01
     vertex -1.228667e+02 -7.853776e+01  1.400000e+01
     vertex -1.228823e+02 -7.859608e+01  1.400000e+01
   endloop
 endfacet
 facet normal  0.000000e+00  0.000000e+00  1.000000e+00
   outer loop
     vertex -1.259987e+02 -7.392046e+01  1.400000e+01
     vertex -1.261102e+02 -7.394939e+01  1.400000e+01
     vertex -1.255231e+02 -7.586310e+01  1.400000e+01
   endloop
 endfacet
 facet normal  0.000000e+00  0.000000e+00  1.000000e+00
   outer loop
     vertex -1.209008e+02 -7.891451e+01  1.400000e+01
     vertex -1.228667e+02 -7.853776e+01  1.400000e+01
     vertex -1.209274e+02 -7.902663e+01  1.400000e+01
   endloop
 endfacet
 facet normal  0.000000e+00  0.000000e+00  1.000000e+00
   outer loop
     vertex -1.209008e+02 -7.891451e+01  1.400000e+01
     vertex -1.228528e+02 -7.847903e+01  1.400000e+01
     vertex -1.228667e+02 -7.853776e+01  1.400000e+01
   endloop
 endfacet
 facet normal  0.000000e+00  0.000000e+00  1.000000e+00
   outer loop
     vertex -1.258864e+02 -7.389460e+01  1.400000e+01
     vertex -1.259987e+02 -7.392046e+01  1.400000e+01
     vertex -1.255231e+02 -7.586310e+01  1.400000e+01
   endloop
 endfacet
 facet normal  0.000000e+00  0.000000e+00  1.000000e+00
   outer loop
     vertex -1.258864e+02 -7.389460e+01  1.400000e+01
     vertex -1.254643e+02 -7.584955e+01  1.400000e+01
     vertex -1.254051e+02 -7.583762e+01  1.400000e+01
   endloop
 endfacet
 facet normal  0.000000e+00  0.000000e+00  1.000000e+00
   outer loop
     vertex -1.258864e+02 -7.389460e+01  1.400000e+01
     vertex -1.255231e+02 -7.586310e+01  1.400000e+01
     vertex -1.254643e+02 -7.584955e+01  1.400000e+01
   endloop
 endfacet
 facet normal  0.000000e+00  0.000000e+00  1.000000e+00
   outer loop
     vertex -1.208772e+02 -7.880171e+01  1.400000e+01
     vertex -1.228405e+02 -7.841994e+01  1.400000e+01
     vertex -1.228528e+02 -7.847903e+01  1.400000e+01
   endloop
 endfacet
 facet normal  0.000000e+00  0.000000e+00  1.000000e+00
   outer loop
     vertex -1.208772e+02 -7.880171e+01  1.400000e+01
     vertex -1.228528e+02 -7.847903e+01  1.400000e+01
     vertex -1.209008e+02 -7.891451e+01  1.400000e+01
   endloop
 endfacet
 facet normal  0.000000e+00  0.000000e+00  1.000000e+00
   outer loop
     vertex -1.257734e+02 -7.387182e+01  1.400000e+01
     vertex -1.258864e+02 -7.389460e+01  1.400000e+01
     vertex -1.254051e+02 -7.583762e+01  1.400000e+01
   endloop
 endfacet
 facet normal  0.000000e+00  0.000000e+00  1.000000e+00
   outer loop
     vertex -1.208568e+02 -7.868831e+01  1.400000e+01
     vertex -1.228405e+02 -7.841994e+01  1.400000e+01
     vertex -1.208772e+02 -7.880171e+01  1.400000e+01
   endloop
 endfacet
 facet normal  0.000000e+00  0.000000e+00  1.000000e+00
   outer loop
     vertex -1.208568e+02 -7.868831e+01  1.400000e+01
     vertex -1.228297e+02 -7.836054e+01  1.400000e+01
     vertex -1.228405e+02 -7.841994e+01  1.400000e+01
   endloop
 endfacet
 facet normal  0.000000e+00  0.000000e+00  1.000000e+00
   outer loop
     vertex -1.208568e+02 -7.868831e+01  1.400000e+01
     vertex -1.228207e+02 -7.830087e+01  1.400000e+01
     vertex -1.228297e+02 -7.836054e+01  1.400000e+01
   endloop
 endfacet
 facet normal  0.000000e+00  0.000000e+00  1.000000e+00
   outer loop
     vertex -1.256599e+02 -7.385216e+01  1.400000e+01
     vertex -1.257734e+02 -7.387182e+01  1.400000e+01
     vertex -1.254051e+02 -7.583762e+01  1.400000e+01
   endloop
 endfacet
 facet normal  0.000000e+00  0.000000e+00  1.000000e+00
   outer loop
     vertex -1.256599e+02 -7.385216e+01  1.400000e+01
     vertex -1.253456e+02 -7.582732e+01  1.400000e+01
     vertex -1.252859e+02 -7.581866e+01  1.400000e+01
   endloop
 endfacet
 facet normal  0.000000e+00  0.000000e+00  1.000000e+00
   outer loop
     vertex -1.256599e+02 -7.385216e+01  1.400000e+01
     vertex -1.254051e+02 -7.583762e+01  1.400000e+01
     vertex -1.253456e+02 -7.582732e+01  1.400000e+01
   endloop
 endfacet
 facet normal  0.000000e+00  0.000000e+00  1.000000e+00
   outer loop
     vertex -1.208395e+02 -7.857438e+01  1.400000e+01
     vertex -1.228207e+02 -7.830087e+01  1.400000e+01
     vertex -1.208568e+02 -7.868831e+01  1.400000e+01
   endloop
 endfacet
 facet normal  0.000000e+00  0.000000e+00  1.000000e+00
   outer loop
     vertex -1.255458e+02 -7.383562e+01  1.400000e+01
     vertex -1.256599e+02 -7.385216e+01  1.400000e+01
     vertex -1.252859e+02 -7.581866e+01  1.400000e+01
   endloop
 endfacet
 facet normal  0.000000e+00  0.000000e+00  1.000000e+00
   outer loop
     vertex -1.208253e+02 -7.846003e+01  1.400000e+01
     vertex -1.228132e+02 -7.824097e+01  1.400000e+01
     vertex -1.228207e+02 -7.830087e+01  1.400000e+01
   endloop
 endfacet
 facet normal  0.000000e+00  0.000000e+00  1.000000e+00
   outer loop
     vertex -1.208253e+02 -7.846003e+01  1.400000e+01
     vertex -1.228207e+02 -7.830087e+01  1.400000e+01
     vertex -1.208395e+02 -7.857438e+01  1.400000e+01
   endloop
 endfacet
 facet normal  0.000000e+00  0.000000e+00  1.000000e+00
   outer loop
     vertex -1.254314e+02 -7.382221e+01  1.400000e+01
     vertex -1.255458e+02 -7.383562e+01  1.400000e+01
     vertex -1.252859e+02 -7.581866e+01  1.400000e+01
   endloop
 endfacet
 facet normal  0.000000e+00  0.000000e+00  1.000000e+00
   outer loop
     vertex -1.254314e+02 -7.382221e+01  1.400000e+01
     vertex -1.252859e+02 -7.581866e+01  1.400000e+01
     vertex -1.252260e+02 -7.581163e+01  1.400000e+01
   endloop
 endfacet
 facet normal  0.000000e+00  0.000000e+00  1.000000e+00
   outer loop
     vertex -1.208142e+02 -7.834532e+01  1.400000e+01
     vertex -1.228132e+02 -7.824097e+01  1.400000e+01
     vertex -1.208253e+02 -7.846003e+01  1.400000e+01
   endloop
 endfacet
 facet normal  0.000000e+00  0.000000e+00  1.000000e+00
   outer loop
     vertex -1.208142e+02 -7.834532e+01  1.400000e+01
     vertex -1.228074e+02 -7.818088e+01  1.400000e+01
     vertex -1.228132e+02 -7.824097e+01  1.400000e+01
   endloop
 endfacet
 facet normal  0.000000e+00  0.000000e+00  1.000000e+00
   outer loop
     vertex -1.208142e+02 -7.834532e+01  1.400000e+01
     vertex -1.228033e+02 -7.812066e+01  1.400000e+01
     vertex -1.228074e+02 -7.818088e+01  1.400000e+01
   endloop
 endfacet
 facet normal  0.000000e+00  0.000000e+00  1.000000e+00
   outer loop
     vertex -1.253166e+02 -7.381195e+01  1.400000e+01
     vertex -1.254314e+02 -7.382221e+01  1.400000e+01
     vertex -1.252260e+02 -7.581163e+01  1.400000e+01
   endloop
 endfacet
 facet normal  0.000000e+00  0.000000e+00  1.000000e+00
   outer loop
     vertex -1.253166e+02 -7.381195e+01  1.400000e+01
     vertex -1.252260e+02 -7.581163e+01  1.400000e+01
     vertex -1.251658e+02 -7.580626e+01  1.400000e+01
   endloop
 endfacet
 facet normal  0.000000e+00  0.000000e+00  1.000000e+00
   outer loop
     vertex -1.208063e+02 -7.823036e+01  1.400000e+01
     vertex -1.228033e+02 -7.812066e+01  1.400000e+01
     vertex -1.208142e+02 -7.834532e+01  1.400000e+01
   endloop
 endfacet
 facet normal  0.000000e+00  0.000000e+00  1.000000e+00
   outer loop
     vertex -1.252016e+02 -7.380484e+01  1.400000e+01
     vertex -1.253166e+02 -7.381195e+01  1.400000e+01
     vertex -1.251658e+02 -7.580626e+01  1.400000e+01
   endloop
 endfacet
 facet normal  0.000000e+00  0.000000e+00  1.000000e+00
   outer loop
     vertex -1.252016e+02 -7.380484e+01  1.400000e+01
     vertex -1.251658e+02 -7.580626e+01  1.400000e+01
     vertex -1.251056e+02 -7.580254e+01  1.400000e+01
   endloop
 endfacet
 facet normal  0.000000e+00  0.000000e+00  1.000000e+00
   outer loop
     vertex -1.208016e+02 -7.811522e+01  1.400000e+01
     vertex -1.228033e+02 -7.812066e+01  1.400000e+01
     vertex -1.208063e+02 -7.823036e+01  1.400000e+01
   endloop
 endfacet
 facet normal  0.000000e+00  0.000000e+00  1.000000e+00
   outer loop
     vertex -1.208016e+02 -7.811522e+01  1.400000e+01
     vertex -1.228008e+02 -7.806035e+01  1.400000e+01
     vertex -1.228033e+02 -7.812066e+01  1.400000e+01
   endloop
 endfacet
 facet normal  0.000000e+00  0.000000e+00  1.000000e+00
   outer loop
     vertex -1.250864e+02 -7.380089e+01  1.400000e+01
     vertex -1.252016e+02 -7.380484e+01  1.400000e+01
     vertex -1.251056e+02 -7.580254e+01  1.400000e+01
   endloop
 endfacet
 facet normal  0.000000e+00  0.000000e+00  1.000000e+00
   outer loop
     vertex -1.250864e+02 -7.380089e+01  1.400000e+01
     vertex -1.251056e+02 -7.580254e+01  1.400000e+01
     vertex -1.250453e+02 -7.580047e+01  1.400000e+01
   endloop
 endfacet
 facet normal  0.000000e+00  0.000000e+00  1.000000e+00
   outer loop
     vertex -1.208000e+02 -7.800000e+01  1.400000e+01
     vertex -1.228008e+02 -7.806035e+01  1.400000e+01
     vertex -1.208016e+02 -7.811522e+01  1.400000e+01
   endloop
 endfacet
 facet normal  0.000000e+00  0.000000e+00  1.000000e+00
   outer loop
     vertex -1.208000e+02 -7.800000e+01  1.400000e+01
     vertex -1.228000e+02 -7.800000e+01  1.400000e+01
     vertex -1.228008e+02 -7.806035e+01  1.400000e+01
   endloop
 endfacet
 facet normal  0.000000e+00  0.000000e+00  1.000000e+00
   outer loop
     vertex -1.249712e+02 -7.380010e+01  1.400000e+01
     vertex -1.250864e+02 -7.380089e+01  1.400000e+01
     vertex -1.250453e+02 -7.580047e+01  1.400000e+01
   endloop
 endfacet
 facet normal  0.000000e+00  0.000000e+00  1.000000e+00
   outer loop
     vertex -1.249712e+02 -7.380010e+01  1.400000e+01
     vertex -1.249849e+02 -7.580005e+01  1.400000e+01
     vertex -1.249246e+02 -7.580129e+01  1.400000e+01
   endloop
 endfacet
 facet normal  0.000000e+00  0.000000e+00  1.000000e+00
   outer loop
     vertex -1.249712e+02 -7.380010e+01  1.400000e+01
     vertex -1.250453e+02 -7.580047e+01  1.400000e+01
     vertex -1.249849e+02 -7.580005e+01  1.400000e+01
   endloop
 endfacet
 facet normal  0.000000e+00  0.000000e+00  1.000000e+00
   outer loop
     vertex -1.208016e+02 -7.788478e+01  1.400000e+01
     vertex -1.228008e+02 -7.793965e+01  1.400000e+01
     vertex -1.228000e+02 -7.800000e+01  1.400000e+01
   endloop
 endfacet
 facet normal  0.000000e+00  0.000000e+00  1.000000e+00
   outer loop
     vertex -1.208016e+02 -7.788478e+01  1.400000e+01
     vertex -1.228000e+02 -7.800000e+01  1.400000e+01
     vertex -1.208000e+02 -7.800000e+01  1.400000e+01
   endloop
 endfacet
 facet normal  0.000000e+00  0.000000e+00  1.000000e+00
   outer loop
     vertex -1.248560e+02 -7.380247e+01  1.400000e+01
     vertex -1.249712e+02 -7.380010e+01  1.400000e+01
     vertex -1.249246e+02 -7.580129e+01  1.400000e+01
   endloop
 endfacet
 facet normal  0.000000e+00  0.000000e+00  1.000000e+00
   outer loop
     vertex -1.248560e+02 -7.380247e+01  1.400000e+01
     vertex -1.249246e+02 -7.580129e+01  1.400000e+01
     vertex -1.248643e+02 -7.580419e+01  1.400000e+01
   endloop
 endfacet
 facet normal  0.000000e+00  0.000000e+00  1.000000e+00
   outer loop
     vertex -1.208063e+02 -7.776964e+01  1.400000e+01
     vertex -1.228033e+02 -7.787934e+01  1.400000e+01
     vertex -1.228008e+02 -7.793965e+01  1.400000e+01
   endloop
 endfacet
 facet normal  0.000000e+00  0.000000e+00  1.000000e+00
   outer loop
     vertex -1.208063e+02 -7.776964e+01  1.400000e+01
     vertex -1.228074e+02 -7.781912e+01  1.400000e+01
     vertex -1.228033e+02 -7.787934e+01  1.400000e+01
   endloop
 endfacet
 facet normal  0.000000e+00  0.000000e+00  1.000000e+00
   outer loop
     vertex -1.208063e+02 -7.776964e+01  1.400000e+01
     vertex -1.228008e+02 -7.793965e+01  1.400000e+01
     vertex -1.208016e+02 -7.788478e+01  1.400000e+01
   endloop
 endfacet
 facet normal  0.000000e+00  0.000000e+00  1.000000e+00
   outer loop
     vertex -1.247409e+02 -7.380800e+01  1.400000e+01
     vertex -1.248560e+02 -7.380247e+01  1.400000e+01
     vertex -1.248643e+02 -7.580419e+01  1.400000e+01
   endloop
 endfacet
 facet normal  0.000000e+00  0.000000e+00  1.000000e+00
   outer loop
     vertex -1.208142e+02 -7.765468e+01  1.400000e+01
     vertex -1.228074e+02 -7.781912e+01  1.400000e+01
     vertex -1.208063e+02 -7.776964e+01  1.400000e+01
   endloop
 endfacet
 facet normal  0.000000e+00  0.000000e+00  1.000000e+00
   outer loop
     vertex -1.246260e+02 -7.381669e+01  1.400000e+01
     vertex -1.247409e+02 -7.380800e+01  1.400000e+01
     vertex -1.248643e+02 -7.580419e+01  1.400000e+01
   endloop
 endfacet
 facet normal  0.000000e+00  0.000000e+00  1.000000e+00
   outer loop
     vertex -1.246260e+02 -7.381669e+01  1.400000e+01
     vertex -1.248643e+02 -7.580419e+01  1.400000e+01
     vertex -1.248041e+02 -7.580874e+01  1.400000e+01
   endloop
 endfacet
 facet normal  0.000000e+00  0.000000e+00  1.000000e+00
   outer loop
     vertex -1.208253e+02 -7.753997e+01  1.400000e+01
     vertex -1.228132e+02 -7.775903e+01  1.400000e+01
     vertex -1.228074e+02 -7.781912e+01  1.400000e+01
   endloop
 endfacet
 facet normal  0.000000e+00  0.000000e+00  1.000000e+00
   outer loop
     vertex -1.208253e+02 -7.753997e+01  1.400000e+01
     vertex -1.228074e+02 -7.781912e+01  1.400000e+01
     vertex -1.208142e+02 -7.765468e+01  1.400000e+01
   endloop
 endfacet
 facet normal  0.000000e+00  0.000000e+00  1.000000e+00
   outer loop
     vertex -1.245113e+02 -7.382852e+01  1.400000e+01
     vertex -1.246260e+02 -7.381669e+01  1.400000e+01
     vertex -1.248041e+02 -7.580874e+01  1.400000e+01
   endloop
 endfacet
 facet normal  0.000000e+00  0.000000e+00  1.000000e+00
   outer loop
     vertex -1.245113e+02 -7.382852e+01  1.400000e+01
     vertex -1.247440e+02 -7.581494e+01  1.400000e+01
     vertex -1.246842e+02 -7.582278e+01  1.400000e+01
   endloop
 endfacet
 facet normal  0.000000e+00  0.000000e+00  1.000000e+00
   outer loop
     vertex -1.245113e+02 -7.382852e+01  1.400000e+01
     vertex -1.248041e+02 -7.580874e+01  1.400000e+01
     vertex -1.247440e+02 -7.581494e+01  1.400000e+01
   endloop
 endfacet
 facet normal  0.000000e+00  0.000000e+00  1.000000e+00
   outer loop
     vertex -1.208395e+02 -7.742562e+01  1.400000e+01
     vertex -1.228132e+02 -7.775903e+01  1.400000e+01
     vertex -1.208253e+02 -7.753997e+01  1.400000e+01
   endloop
 endfacet
 facet normal  0.000000e+00  0.000000e+00  1.000000e+00
   outer loop
     vertex -1.208395e+02 -7.742562e+01  1.400000e+01
     vertex -1.228207e+02 -7.769913e+01  1.400000e+01
     vertex -1.228132e+02 -7.775903e+01  1.400000e+01
   endloop
 endfacet
 facet normal  0.000000e+00  0.000000e+00  1.000000e+00
   outer loop
     vertex -1.208395e+02 -7.742562e+01  1.400000e+01
     vertex -1.228297e+02 -7.763946e+01  1.400000e+01
     vertex -1.228207e+02 -7.769913e+01  1.400000e+01
   endloop
 endfacet
 facet normal  0.000000e+00  0.000000e+00  1.000000e+00
   outer loop
     vertex -1.243971e+02 -7.384350e+01  1.400000e+01
     vertex -1.245113e+02 -7.382852e+01  1.400000e+01
     vertex -1.246842e+02 -7.582278e+01  1.400000e+01
   endloop
 endfacet
 facet normal  0.000000e+00  0.000000e+00  1.000000e+00
   outer loop
     vertex -1.208568e+02 -7.731169e+01  1.400000e+01
     vertex -1.228297e+02 -7.763946e+01  1.400000e+01
     vertex -1.208395e+02 -7.742562e+01  1.400000e+01
   endloop
 endfacet
 facet normal  0.000000e+00  0.000000e+00  1.000000e+00
   outer loop
     vertex -1.242833e+02 -7.386160e+01  1.400000e+01
     vertex -1.243971e+02 -7.384350e+01  1.400000e+01
     vertex -1.246842e+02 -7.582278e+01  1.400000e+01
   endloop
 endfacet
 facet normal  0.000000e+00  0.000000e+00  1.000000e+00
   outer loop
     vertex -1.242833e+02 -7.386160e+01  1.400000e+01
     vertex -1.246246e+02 -7.583227e+01  1.400000e+01
     vertex -1.245653e+02 -7.584338e+01  1.400000e+01
   endloop
 endfacet
 facet normal  0.000000e+00  0.000000e+00  1.000000e+00
   outer loop
     vertex -1.242833e+02 -7.386160e+01  1.400000e+01
     vertex -1.246842e+02 -7.582278e+01  1.400000e+01
     vertex -1.246246e+02 -7.583227e+01  1.400000e+01
   endloop
 endfacet
 facet normal  0.000000e+00  0.000000e+00  1.000000e+00
   outer loop
     vertex -1.208772e+02 -7.719829e+01  1.400000e+01
     vertex -1.228405e+02 -7.758006e+01  1.400000e+01
     vertex -1.228297e+02 -7.763946e+01  1.400000e+01
   endloop
 endfacet
 facet normal  0.000000e+00  0.000000e+00  1.000000e+00
   outer loop
     vertex -1.208772e+02 -7.719829e+01  1.400000e+01
     vertex -1.228297e+02 -7.763946e+01  1.400000e+01
     vertex -1.208568e+02 -7.731169e+01  1.400000e+01
   endloop
 endfacet
 facet normal  0.000000e+00  0.000000e+00  1.000000e+00
   outer loop
     vertex -1.241700e+02 -7.388282e+01  1.400000e+01
     vertex -1.242833e+02 -7.386160e+01  1.400000e+01
     vertex -1.245653e+02 -7.584338e+01  1.400000e+01
   endloop
 endfacet
 facet normal  0.000000e+00  0.000000e+00  1.000000e+00
   outer loop
     vertex -1.209008e+02 -7.708549e+01  1.400000e+01
     vertex -1.228528e+02 -7.752097e+01  1.400000e+01
     vertex -1.228405e+02 -7.758006e+01  1.400000e+01
   endloop
 endfacet
 facet normal  0.000000e+00  0.000000e+00  1.000000e+00
   outer loop
     vertex -1.209008e+02 -7.708549e+01  1.400000e+01
     vertex -1.228405e+02 -7.758006e+01  1.400000e+01
     vertex -1.208772e+02 -7.719829e+01  1.400000e+01
   endloop
 endfacet
 facet normal  0.000000e+00  0.000000e+00  1.000000e+00
   outer loop
     vertex -1.240574e+02 -7.390714e+01  1.400000e+01
     vertex -1.245063e+02 -7.585612e+01  1.400000e+01
     vertex -1.244476e+02 -7.587047e+01  1.400000e+01
   endloop
 endfacet
 facet normal  0.000000e+00  0.000000e+00  1.000000e+00
   outer loop
     vertex -1.240574e+02 -7.390714e+01  1.400000e+01
     vertex -1.245653e+02 -7.584338e+01  1.400000e+01
     vertex -1.245063e+02 -7.585612e+01  1.400000e+01
   endloop
 endfacet
 facet normal  0.000000e+00  0.000000e+00  1.000000e+00
   outer loop
     vertex -1.240574e+02 -7.390714e+01  1.400000e+01
     vertex -1.241700e+02 -7.388282e+01  1.400000e+01
     vertex -1.245653e+02 -7.584338e+01  1.400000e+01
   endloop
 endfacet
 facet normal  0.000000e+00  0.000000e+00  1.000000e+00
   outer loop
     vertex -1.209274e+02 -7.697337e+01  1.400000e+01
     vertex -1.228667e+02 -7.746224e+01  1.400000e+01
     vertex -1.228528e+02 -7.752097e+01  1.400000e+01
   endloop
 endfacet
 facet normal  0.000000e+00  0.000000e+00  1.000000e+00
   outer loop
     vertex -1.209274e+02 -7.697337e+01  1.400000e+01
     vertex -1.228528e+02 -7.752097e+01  1.400000e+01
     vertex -1.209008e+02 -7.708549e+01  1.400000e+01
   endloop
 endfacet
 facet normal  0.000000e+00  0.000000e+00  1.000000e+00
   outer loop
     vertex -1.239455e+02 -7.393454e+01  1.400000e+01
     vertex -1.240574e+02 -7.390714e+01  1.400000e+01
     vertex -1.244476e+02 -7.587047e+01  1.400000e+01
   endloop
 endfacet
 facet normal  0.000000e+00  0.000000e+00  1.000000e+00
   outer loop
     vertex -1.209571e+02 -7.686203e+01  1.400000e+01
     vertex -1.228667e+02 -7.746224e+01  1.400000e+01
     vertex -1.209274e+02 -7.697337e+01  1.400000e+01
   endloop
 endfacet
 facet normal  0.000000e+00  0.000000e+00  1.000000e+00
   outer loop
     vertex -1.209571e+02 -7.686203e+01  1.400000e+01
     vertex -1.228823e+02 -7.740392e+01  1.400000e+01
     vertex -1.228667e+02 -7.746224e+01  1.400000e+01
   endloop
 endfacet
 facet normal  0.000000e+00  0.000000e+00  1.000000e+00
   outer loop
     vertex -1.238343e+02 -7.396500e+01  1.400000e+01
     vertex -1.243894e+02 -7.588643e+01  1.400000e+01
     vertex -1.243317e+02 -7.590398e+01  1.400000e+01
   endloop
 endfacet
 facet normal  0.000000e+00  0.000000e+00  1.000000e+00
   outer loop
     vertex -1.238343e+02 -7.396500e+01  1.400000e+01
     vertex -1.244476e+02 -7.587047e+01  1.400000e+01
     vertex -1.243894e+02 -7.588643e+01  1.400000e+01
   endloop
 endfacet
 facet normal  0.000000e+00  0.000000e+00  1.000000e+00
   outer loop
     vertex -1.238343e+02 -7.396500e+01  1.400000e+01
     vertex -1.239455e+02 -7.393454e+01  1.400000e+01
     vertex -1.244476e+02 -7.587047e+01  1.400000e+01
   endloop
 endfacet
 facet normal  0.000000e+00  0.000000e+00  1.000000e+00
   outer loop
     vertex -1.209898e+02 -7.675155e+01  1.400000e+01
     vertex -1.228994e+02 -7.734605e+01  1.400000e+01
     vertex -1.228823e+02 -7.740392e+01  1.400000e+01
   endloop
 endfacet
 facet normal  0.000000e+00  0.000000e+00  1.000000e+00
   outer loop
     vertex -1.209898e+02 -7.675155e+01  1.400000e+01
     vertex -1.229182e+02 -7.728867e+01  1.400000e+01
     vertex -1.228994e+02 -7.734605e+01  1.400000e+01
   endloop
 endfacet
 facet normal  0.000000e+00  0.000000e+00  1.000000e+00
   outer loop
     vertex -1.209898e+02 -7.675155e+01  1.400000e+01
     vertex -1.228823e+02 -7.740392e+01  1.400000e+01
     vertex -1.209571e+02 -7.686203e+01  1.400000e+01
   endloop
 endfacet
 facet normal  0.000000e+00  0.000000e+00  1.000000e+00
   outer loop
     vertex -1.237241e+02 -7.399850e+01  1.400000e+01
     vertex -1.238343e+02 -7.396500e+01  1.400000e+01
     vertex -1.243317e+02 -7.590398e+01  1.400000e+01
   endloop
 endfacet
 facet normal  0.000000e+00  0.000000e+00  1.000000e+00
   outer loop
     vertex -1.210256e+02 -7.664200e+01  1.400000e+01
     vertex -1.229182e+02 -7.728867e+01  1.400000e+01
     vertex -1.209898e+02 -7.675155e+01  1.400000e+01
   endloop
 endfacet
 facet normal  0.000000e+00  0.000000e+00  1.000000e+00
   outer loop
     vertex -1.236148e+02 -7.403501e+01  1.400000e+01
     vertex -1.237241e+02 -7.399850e+01  1.400000e+01
     vertex -1.243317e+02 -7.590398e+01  1.400000e+01
   endloop
 endfacet
 facet normal  0.000000e+00  0.000000e+00  1.000000e+00
   outer loop
     vertex -1.236148e+02 -7.403501e+01  1.400000e+01
     vertex -1.243317e+02 -7.590398e+01  1.400000e+01
     vertex -1.242744e+02 -7.592310e+01  1.400000e+01
   endloop
 endfacet
 facet normal  0.000000e+00  0.000000e+00  1.000000e+00
   outer loop
     vertex -1.210644e+02 -7.653348e+01  1.400000e+01
     vertex -1.229385e+02 -7.723182e+01  1.400000e+01
     vertex -1.229182e+02 -7.728867e+01  1.400000e+01
   endloop
 endfacet
 facet normal  0.000000e+00  0.000000e+00  1.000000e+00
   outer loop
     vertex -1.210644e+02 -7.653348e+01  1.400000e+01
     vertex -1.229603e+02 -7.717555e+01  1.400000e+01
     vertex -1.229385e+02 -7.723182e+01  1.400000e+01
   endloop
 endfacet
 facet normal  0.000000e+00  0.000000e+00  1.000000e+00
   outer loop
     vertex -1.210644e+02 -7.653348e+01  1.400000e+01
     vertex -1.229182e+02 -7.728867e+01  1.400000e+01
     vertex -1.210256e+02 -7.664200e+01  1.400000e+01
   endloop
 endfacet
 facet normal  0.000000e+00  0.000000e+00  1.000000e+00
   outer loop
     vertex -1.235065e+02 -7.407451e+01  1.400000e+01
     vertex -1.236148e+02 -7.403501e+01  1.400000e+01
     vertex -1.242744e+02 -7.592310e+01  1.400000e+01
   endloop
 endfacet
 facet normal  0.000000e+00  0.000000e+00  1.000000e+00
   outer loop
     vertex -1.235065e+02 -7.407451e+01  1.400000e+01
     vertex -1.242744e+02 -7.592310e+01  1.400000e+01
     vertex -1.242177e+02 -7.594379e+01  1.400000e+01
   endloop
 endfacet
 facet normal  0.000000e+00  0.000000e+00  1.000000e+00
   outer loop
     vertex -1.211061e+02 -7.642606e+01  1.400000e+01
     vertex -1.229603e+02 -7.717555e+01  1.400000e+01
     vertex -1.210644e+02 -7.653348e+01  1.400000e+01
   endloop
 endfacet
 facet normal  0.000000e+00  0.000000e+00  1.000000e+00
   outer loop
     vertex -1.233994e+02 -7.411696e+01  1.400000e+01
     vertex -1.235065e+02 -7.407451e+01  1.400000e+01
     vertex -1.242177e+02 -7.594379e+01  1.400000e+01
   endloop
 endfacet
 facet normal  0.000000e+00  0.000000e+00  1.000000e+00
   outer loop
     vertex -1.233994e+02 -7.411696e+01  1.400000e+01
     vertex -1.241616e+02 -7.596602e+01  1.400000e+01
     vertex -1.241061e+02 -7.598979e+01  1.400000e+01
   endloop
 endfacet
 facet normal  0.000000e+00  0.000000e+00  1.000000e+00
   outer loop
     vertex -1.233994e+02 -7.411696e+01  1.400000e+01
     vertex -1.242177e+02 -7.594379e+01  1.400000e+01
     vertex -1.241616e+02 -7.596602e+01  1.400000e+01
   endloop
 endfacet
 facet normal  0.000000e+00  0.000000e+00  1.000000e+00
   outer loop
     vertex -1.211507e+02 -7.631982e+01  1.400000e+01
     vertex -1.229837e+02 -7.711991e+01  1.400000e+01
     vertex -1.229603e+02 -7.717555e+01  1.400000e+01
   endloop
 endfacet
 facet normal  0.000000e+00  0.000000e+00  1.000000e+00
   outer loop
     vertex -1.211507e+02 -7.631982e+01  1.400000e+01
     vertex -1.229603e+02 -7.717555e+01  1.400000e+01
     vertex -1.211061e+02 -7.642606e+01  1.400000e+01
   endloop
 endfacet
 facet normal  0.000000e+00  0.000000e+00  1.000000e+00
   outer loop
     vertex -1.232935e+02 -7.416233e+01  1.400000e+01
     vertex -1.233994e+02 -7.411696e+01  1.400000e+01
     vertex -1.241061e+02 -7.598979e+01  1.400000e+01
   endloop
 endfacet
 facet normal  0.000000e+00  0.000000e+00  1.000000e+00
   outer loop
     vertex -1.211983e+02 -7.621486e+01  1.400000e+01
     vertex -1.230086e+02 -7.706492e+01  1.400000e+01
     vertex -1.229837e+02 -7.711991e+01  1.400000e+01
   endloop
 endfacet
 facet normal  0.000000e+00  0.000000e+00  1.000000e+00
   outer loop
     vertex -1.211983e+02 -7.621486e+01  1.400000e+01
     vertex -1.229837e+02 -7.711991e+01  1.400000e+01
     vertex -1.211507e+02 -7.631982e+01  1.400000e+01
   endloop
 endfacet
 facet normal  0.000000e+00  0.000000e+00  1.000000e+00
   outer loop
     vertex -1.231888e+02 -7.421059e+01  1.400000e+01
     vertex -1.232935e+02 -7.416233e+01  1.400000e+01
     vertex -1.241061e+02 -7.598979e+01  1.400000e+01
   endloop
 endfacet
 facet normal  0.000000e+00  0.000000e+00  1.000000e+00
   outer loop
     vertex -1.231888e+02 -7.421059e+01  1.400000e+01
     vertex -1.241061e+02 -7.598979e+01  1.400000e+01
     vertex -1.240513e+02 -7.601507e+01  1.400000e+01
   endloop
 endfacet
 facet normal  0.000000e+00  0.000000e+00  1.000000e+00
   outer loop
     vertex -1.212487e+02 -7.611123e+01  1.400000e+01
     vertex -1.230350e+02 -7.701064e+01  1.400000e+01
     vertex -1.230086e+02 -7.706492e+01  1.400000e+01
   endloop
 endfacet
 facet normal  0.000000e+00  0.000000e+00  1.000000e+00
   outer loop
     vertex -1.212487e+02 -7.611123e+01  1.400000e+01
     vertex -1.230086e+02 -7.706492e+01  1.400000e+01
     vertex -1.211983e+02 -7.621486e+01  1.400000e+01
   endloop
 endfacet
 facet normal  0.000000e+00  0.000000e+00  1.000000e+00
   outer loop
     vertex -1.230855e+02 -7.426170e+01  1.400000e+01
     vertex -1.231888e+02 -7.421059e+01  1.400000e+01
     vertex -1.240513e+02 -7.601507e+01  1.400000e+01
   endloop
 endfacet
 facet normal  0.000000e+00  0.000000e+00  1.000000e+00
   outer loop
     vertex -1.230855e+02 -7.426170e+01  1.400000e+01
     vertex -1.240513e+02 -7.601507e+01  1.400000e+01
     vertex -1.239972e+02 -7.604185e+01  1.400000e+01
   endloop
 endfacet
 facet normal  0.000000e+00  0.000000e+00  1.000000e+00
   outer loop
     vertex -1.213019e+02 -7.600903e+01  1.400000e+01
     vertex -1.230629e+02 -7.695711e+01  1.400000e+01
     vertex -1.230350e+02 -7.701064e+01  1.400000e+01
   endloop
 endfacet
 facet normal  0.000000e+00  0.000000e+00  1.000000e+00
   outer loop
     vertex -1.213019e+02 -7.600903e+01  1.400000e+01
     vertex -1.230350e+02 -7.701064e+01  1.400000e+01
     vertex -1.212487e+02 -7.611123e+01  1.400000e+01
   endloop
 endfacet
 facet normal  0.000000e+00  0.000000e+00  1.000000e+00
   outer loop
     vertex -1.229837e+02 -7.431563e+01  1.400000e+01
     vertex -1.230855e+02 -7.426170e+01  1.400000e+01
     vertex -1.239972e+02 -7.604185e+01  1.400000e+01
   endloop
 endfacet
 facet normal  0.000000e+00  0.000000e+00  1.000000e+00
   outer loop
     vertex -1.229837e+02 -7.431563e+01  1.400000e+01
     vertex -1.239972e+02 -7.604185e+01  1.400000e+01
     vertex -1.239438e+02 -7.607009e+01  1.400000e+01
   endloop
 endfacet
 facet normal  0.000000e+00  0.000000e+00  1.000000e+00
   outer loop
     vertex -1.213579e+02 -7.590832e+01  1.400000e+01
     vertex -1.230629e+02 -7.695711e+01  1.400000e+01
     vertex -1.213019e+02 -7.600903e+01  1.400000e+01
   endloop
 endfacet
 facet normal  0.000000e+00  0.000000e+00  1.000000e+00
   outer loop
     vertex -1.213579e+02 -7.590832e+01  1.400000e+01
     vertex -1.230922e+02 -7.690436e+01  1.400000e+01
     vertex -1.230629e+02 -7.695711e+01  1.400000e+01
   endloop
 endfacet
 facet normal  0.000000e+00  0.000000e+00  1.000000e+00
   outer loop
     vertex -1.228834e+02 -7.437233e+01  1.400000e+01
     vertex -1.229837e+02 -7.431563e+01  1.400000e+01
     vertex -1.239438e+02 -7.607009e+01  1.400000e+01
   endloop
 endfacet
 facet normal  0.000000e+00  0.000000e+00  1.000000e+00
   outer loop
     vertex -1.228834e+02 -7.437233e+01  1.400000e+01
     vertex -1.239438e+02 -7.607009e+01  1.400000e+01
     vertex -1.238913e+02 -7.609979e+01  1.400000e+01
   endloop
 endfacet
 facet normal  0.000000e+00  0.000000e+00  1.000000e+00
   outer loop
     vertex -1.214167e+02 -7.580919e+01  1.400000e+01
     vertex -1.230922e+02 -7.690436e+01  1.400000e+01
     vertex -1.213579e+02 -7.590832e+01  1.400000e+01
   endloop
 endfacet
 facet normal  0.000000e+00  0.000000e+00  1.000000e+00
   outer loop
     vertex -1.214167e+02 -7.580919e+01  1.400000e+01
     vertex -1.231230e+02 -7.685243e+01  1.400000e+01
     vertex -1.230922e+02 -7.690436e+01  1.400000e+01
   endloop
 endfacet
 facet normal  0.000000e+00  0.000000e+00  1.000000e+00
   outer loop
     vertex -1.227847e+02 -7.443177e+01  1.400000e+01
     vertex -1.228834e+02 -7.437233e+01  1.400000e+01
     vertex -1.238913e+02 -7.609979e+01  1.400000e+01
   endloop
 endfacet
 facet normal  0.000000e+00  0.000000e+00  1.000000e+00
   outer loop
     vertex -1.227847e+02 -7.443177e+01  1.400000e+01
     vertex -1.238396e+02 -7.613093e+01  1.400000e+01
     vertex -1.237887e+02 -7.616346e+01  1.400000e+01
   endloop
 endfacet
 facet normal  0.000000e+00  0.000000e+00  1.000000e+00
   outer loop
     vertex -1.227847e+02 -7.443177e+01  1.400000e+01
     vertex -1.238913e+02 -7.609979e+01  1.400000e+01
     vertex -1.238396e+02 -7.613093e+01  1.400000e+01
   endloop
 endfacet
 facet normal  0.000000e+00  0.000000e+00  1.000000e+00
   outer loop
     vertex -1.214781e+02 -7.571171e+01  1.400000e+01
     vertex -1.231552e+02 -7.680137e+01  1.400000e+01
     vertex -1.231230e+02 -7.685243e+01  1.400000e+01
   endloop
 endfacet
 facet normal  0.000000e+00  0.000000e+00  1.000000e+00
   outer loop
     vertex -1.214781e+02 -7.571171e+01  1.400000e+01
     vertex -1.231888e+02 -7.675121e+01  1.400000e+01
     vertex -1.231552e+02 -7.680137e+01  1.400000e+01
   endloop
 endfacet
 facet normal  0.000000e+00  0.000000e+00  1.000000e+00
   outer loop
     vertex -1.214781e+02 -7.571171e+01  1.400000e+01
     vertex -1.231230e+02 -7.685243e+01  1.400000e+01
     vertex -1.214167e+02 -7.580919e+01  1.400000e+01
   endloop
 endfacet
 facet normal  0.000000e+00  0.000000e+00  1.000000e+00
   outer loop
     vertex -1.226876e+02 -7.449389e+01  1.400000e+01
     vertex -1.227847e+02 -7.443177e+01  1.400000e+01
     vertex -1.237887e+02 -7.616346e+01  1.400000e+01
   endloop
 endfacet
 facet normal  0.000000e+00  0.000000e+00  1.000000e+00
   outer loop
     vertex -1.215422e+02 -7.561595e+01  1.400000e+01
     vertex -1.231888e+02 -7.675121e+01  1.400000e+01
     vertex -1.214781e+02 -7.571171e+01  1.400000e+01
   endloop
 endfacet
 facet normal  0.000000e+00  0.000000e+00  1.000000e+00
   outer loop
     vertex -1.215422e+02 -7.561595e+01  1.400000e+01
     vertex -1.232237e+02 -7.670199e+01  1.400000e+01
     vertex -1.231888e+02 -7.675121e+01  1.400000e+01
   endloop
 endfacet
 facet normal  0.000000e+00  0.000000e+00  1.000000e+00
   outer loop
     vertex -1.225923e+02 -7.455864e+01  1.400000e+01
     vertex -1.226876e+02 -7.449389e+01  1.400000e+01
     vertex -1.237887e+02 -7.616346e+01  1.400000e+01
   endloop
 endfacet
 facet normal  0.000000e+00  0.000000e+00  1.000000e+00
   outer loop
     vertex -1.225923e+02 -7.455864e+01  1.400000e+01
     vertex -1.237887e+02 -7.616346e+01  1.400000e+01
     vertex -1.237388e+02 -7.619738e+01  1.400000e+01
   endloop
 endfacet
 facet normal  0.000000e+00  0.000000e+00  1.000000e+00
   outer loop
     vertex -1.216089e+02 -7.552199e+01  1.400000e+01
     vertex -1.232237e+02 -7.670199e+01  1.400000e+01
     vertex -1.215422e+02 -7.561595e+01  1.400000e+01
   endloop
 endfacet
 facet normal  0.000000e+00  0.000000e+00  1.000000e+00
   outer loop
     vertex -1.224988e+02 -7.462599e+01  1.400000e+01
     vertex -1.225923e+02 -7.455864e+01  1.400000e+01
     vertex -1.237388e+02 -7.619738e+01  1.400000e+01
   endloop
 endfacet
 facet normal  0.000000e+00  0.000000e+00  1.000000e+00
   outer loop
     vertex -1.224988e+02 -7.462599e+01  1.400000e+01
     vertex -1.237388e+02 -7.619738e+01  1.400000e+01
     vertex -1.236898e+02 -7.623266e+01  1.400000e+01
   endloop
 endfacet
 facet normal  0.000000e+00  0.000000e+00  1.000000e+00
   outer loop
     vertex -1.216782e+02 -7.542989e+01  1.400000e+01
     vertex -1.232237e+02 -7.670199e+01  1.400000e+01
     vertex -1.216089e+02 -7.552199e+01  1.400000e+01
   endloop
 endfacet
 facet normal  0.000000e+00  0.000000e+00  1.000000e+00
   outer loop
     vertex -1.216782e+02 -7.542989e+01  1.400000e+01
     vertex -1.232600e+02 -7.665375e+01  1.400000e+01
     vertex -1.232237e+02 -7.670199e+01  1.400000e+01
   endloop
 endfacet
 facet normal  0.000000e+00  0.000000e+00  1.000000e+00
   outer loop
     vertex -1.216782e+02 -7.542989e+01  1.400000e+01
     vertex -1.232976e+02 -7.660652e+01  1.400000e+01
     vertex -1.232600e+02 -7.665375e+01  1.400000e+01
   endloop
 endfacet
 facet normal  0.000000e+00  0.000000e+00  1.000000e+00
   outer loop
     vertex -1.224072e+02 -7.469588e+01  1.400000e+01
     vertex -1.224988e+02 -7.462599e+01  1.400000e+01
     vertex -1.236898e+02 -7.623266e+01  1.400000e+01
   endloop
 endfacet
 facet normal  0.000000e+00  0.000000e+00  1.000000e+00
   outer loop
     vertex -1.224072e+02 -7.469588e+01  1.400000e+01
     vertex -1.236418e+02 -7.626927e+01  1.400000e+01
     vertex -1.235949e+02 -7.630718e+01  1.400000e+01
   endloop
 endfacet
 facet normal  0.000000e+00  0.000000e+00  1.000000e+00
   outer loop
     vertex -1.224072e+02 -7.469588e+01  1.400000e+01
     vertex -1.236898e+02 -7.623266e+01  1.400000e+01
     vertex -1.236418e+02 -7.626927e+01  1.400000e+01
   endloop
 endfacet
 facet normal  0.000000e+00  0.000000e+00  1.000000e+00
   outer loop
     vertex -1.217499e+02 -7.533973e+01  1.400000e+01
     vertex -1.232976e+02 -7.660652e+01  1.400000e+01
     vertex -1.216782e+02 -7.542989e+01  1.400000e+01
   endloop
 endfacet
 facet normal  0.000000e+00  0.000000e+00  1.000000e+00
   outer loop
     vertex -1.223175e+02 -7.476826e+01  1.400000e+01
     vertex -1.224072e+02 -7.469588e+01  1.400000e+01
     vertex -1.235949e+02 -7.630718e+01  1.400000e+01
   endloop
 endfacet
 facet normal  0.000000e+00  0.000000e+00  1.000000e+00
   outer loop
     vertex -1.218241e+02 -7.525156e+01  1.400000e+01
     vertex -1.233365e+02 -7.656034e+01  1.400000e+01
     vertex -1.232976e+02 -7.660652e+01  1.400000e+01
   endloop
 endfacet
 facet normal  0.000000e+00  0.000000e+00  1.000000e+00
   outer loop
     vertex -1.218241e+02 -7.525156e+01  1.400000e+01
     vertex -1.232976e+02 -7.660652e+01  1.400000e+01
     vertex -1.217499e+02 -7.533973e+01  1.400000e+01
   endloop
 endfacet
 facet normal  0.000000e+00  0.000000e+00  1.000000e+00
   outer loop
     vertex -1.222298e+02 -7.484306e+01  1.400000e+01
     vertex -1.223175e+02 -7.476826e+01  1.400000e+01
     vertex -1.235949e+02 -7.630718e+01  1.400000e+01
   endloop
 endfacet
 facet normal  0.000000e+00  0.000000e+00  1.000000e+00
   outer loop
     vertex -1.222298e+02 -7.484306e+01  1.400000e+01
     vertex -1.235490e+02 -7.634637e+01  1.400000e+01
     vertex -1.235041e+02 -7.638680e+01  1.400000e+01
   endloop
 endfacet
 facet normal  0.000000e+00  0.000000e+00  1.000000e+00
   outer loop
     vertex -1.222298e+02 -7.484306e+01  1.400000e+01
     vertex -1.235949e+02 -7.630718e+01  1.400000e+01
     vertex -1.235490e+02 -7.634637e+01  1.400000e+01
   endloop
 endfacet
 facet normal  0.000000e+00  0.000000e+00  1.000000e+00
   outer loop
     vertex -1.219007e+02 -7.516547e+01  1.400000e+01
     vertex -1.233365e+02 -7.656034e+01  1.400000e+01
     vertex -1.218241e+02 -7.525156e+01  1.400000e+01
   endloop
 endfacet
 facet normal  0.000000e+00  0.000000e+00  1.000000e+00
   outer loop
     vertex -1.219007e+02 -7.516547e+01  1.400000e+01
     vertex -1.233766e+02 -7.651525e+01  1.400000e+01
     vertex -1.233365e+02 -7.656034e+01  1.400000e+01
   endloop
 endfacet
 facet normal  0.000000e+00  0.000000e+00  1.000000e+00
   outer loop
     vertex -1.221443e+02 -7.492025e+01  1.400000e+01
     vertex -1.222298e+02 -7.484306e+01  1.400000e+01
     vertex -1.235041e+02 -7.638680e+01  1.400000e+01
   endloop
 endfacet
 facet normal  0.000000e+00  0.000000e+00  1.000000e+00
   outer loop
     vertex -1.219797e+02 -7.508151e+01  1.400000e+01
     vertex -1.234179e+02 -7.647127e+01  1.400000e+01
     vertex -1.233766e+02 -7.651525e+01  1.400000e+01
   endloop
 endfacet
 facet normal  0.000000e+00  0.000000e+00  1.000000e+00
   outer loop
     vertex -1.219797e+02 -7.508151e+01  1.400000e+01
     vertex -1.233766e+02 -7.651525e+01  1.400000e+01
     vertex -1.219007e+02 -7.516547e+01  1.400000e+01
   endloop
 endfacet
 facet normal  0.000000e+00  0.000000e+00  1.000000e+00
   outer loop
     vertex -1.220609e+02 -7.499975e+01  1.400000e+01
     vertex -1.221443e+02 -7.492025e+01  1.400000e+01
     vertex -1.235041e+02 -7.638680e+01  1.400000e+01
   endloop
 endfacet
 facet normal  0.000000e+00  0.000000e+00  1.000000e+00
   outer loop
     vertex -1.220609e+02 -7.499975e+01  1.400000e+01
     vertex -1.234605e+02 -7.642844e+01  1.400000e+01
     vertex -1.234179e+02 -7.647127e+01  1.400000e+01
   endloop
 endfacet
 facet normal  0.000000e+00  0.000000e+00  1.000000e+00
   outer loop
     vertex -1.220609e+02 -7.499975e+01  1.400000e+01
     vertex -1.235041e+02 -7.638680e+01  1.400000e+01
     vertex -1.234605e+02 -7.642844e+01  1.400000e+01
   endloop
 endfacet
 facet normal  0.000000e+00  0.000000e+00  1.000000e+00
   outer loop
     vertex -1.220609e+02 -7.499975e+01  1.400000e+01
     vertex -1.234179e+02 -7.647127e+01  1.400000e+01
     vertex -1.219797e+02 -7.508151e+01  1.400000e+01
   endloop
 endfacet
 facet normal -8.480481e-01 -5.299193e-01 -0.000000e+00
   outer loop
     vertex -9.053999e+01 -1.721351e+02  2.300000e+01
     vertex -1.053777e+02 -1.483898e+02 -1.000000e+00
     vertex -9.053999e+01 -1.721351e+02 -1.000000e+00
   endloop
 endfacet
 facet normal -8.480481e-01 -5.299193e-01  0.000000e+00
   outer loop
     vertex -9.053999e+01 -1.721351e+02  2.300000e+01
     vertex -1.053777e+02 -1.483898e+02  2.300000e+01
     vertex -1.053777e+02 -1.483898e+02 -1.000000e+00
   endloop
 endfacet
 facet normal  8.480481e-01  5.299193e-01  0.000000e+00
   outer loop
     vertex -6.170636e+01 -1.541179e+02  2.300000e+01
     vertex -6.170636e+01 -1.541179e+02 -1.000000e+00
     vertex -7.654410e+01 -1.303725e+02 -1.000000e+00
   endloop
 endfacet
 facet normal  8.480481e-01  5.299193e-01  0.000000e+00
   outer loop
     vertex -6.170636e+01 -1.541179e+02  2.300000e+01
     vertex -7.654410e+01 -1.303725e+02 -1.000000e+00
     vertex -7.654410e+01 -1.303725e+02  2.300000e+01
   endloop
 endfacet
 facet normal  5.299193e-01 -8.480481e-01  0.000000e+00
   outer loop
     vertex -6.170636e+01 -1.541179e+02 -1.000000e+00
     vertex -9.053999e+01 -1.721351e+02  2.300000e+01
     vertex -9.053999e+01 -1.721351e+02 -1.000000e+00
   endloop
 endfacet
 facet normal  5.299193e-01 -8.480481e-01  0.000000e+00
   outer loop
     vertex -6.170636e+01 -1.541179e+02  2.300000e+01
     vertex -9.053999e+01 -1.721351e+02  2.300000e+01
     vertex -6.170636e+01 -1.541179e+02 -1.000000e+00
   endloop
 endfacet
 facet normal -5.299193e-01  8.480481e-01  0.000000e+00
   outer loop
     vertex -7.654410e+01 -1.303725e+02  2.300000e+01
     vertex -7.654410e+01 -1.303725e+02 -1.000000e+00
     vertex -1.053777e+02 -1.483898e+02 -1.000000e+00
   endloop
 endfacet
 facet normal -5.299193e-01  8.480481e-01  0.000000e+00
   outer loop
     vertex -7.654410e+01 -1.303725e+02  2.300000e+01
     vertex -1.053777e+02 -1.483898e+02 -1.000000e+00
     vertex -1.053777e+02 -1.483898e+02  2.300000e+01
   endloop
 endfacet
 facet normal  0.000000e+00  0.000000e+00 -1.000000e+00
   outer loop
     vertex -7.654410e+01 -1.303725e+02 -1.000000e+00
     vertex -9.053999e+01 -1.721351e+02 -1.000000e+00
     vertex -1.053777e+02 -1.483898e+02 -1.000000e+00
   endloop
 endfacet
 facet normal  0.000000e+00 -0.000000e+00 -1.000000e+00
   outer loop
     vertex -7.654410e+01 -1.303725e+02 -1.000000e+00
     vertex -6.170636e+01 -1.541179e+02 -1.000000e+00
     vertex -9.053999e+01 -1.721351e+02 -1.000000e+00
   endloop
 endfacet
 facet normal  0.000000e+00  0.000000e+00  1.000000e+00
   outer loop
     vertex -7.654410e+01 -1.303725e+02  2.300000e+01
     vertex -1.053777e+02 -1.483898e+02  2.300000e+01
     vertex -9.053999e+01 -1.721351e+02  2.300000e+01
   endloop
 endfacet
 facet normal  0.000000e+00  0.000000e+00  1.000000e+00
   outer loop
     vertex -7.654410e+01 -1.303725e+02  2.300000e+01
     vertex -9.053999e+01 -1.721351e+02  2.300000e+01
     vertex -6.170636e+01 -1.541179e+02  2.300000e+01
   endloop
 endfacet
 facet normal -1.000000e+00  0.000000e+00  0.000000e+00
   outer loop
     vertex  6.800000e+01 -1.400000e+01  2.100000e+01
     vertex  6.800000e+01  2.400000e+01  1.000000e+00
     vertex  6.800000e+01 -1.400000e+01  1.000000e+00
   endloop
 endfacet
 facet normal -1.000000e+00  0.000000e+00  0.000000e+00
   outer loop
     vertex  6.800000e+01 -1.400000e+01  2.100000e+01
     vertex  6.800000e+01  2.400000e+01  2.100000e+01
     vertex  6.800000e+01  2.400000e+01  1.000000e+00
   endloop
 endfacet
 facet normal  1.000000e+00  0.000000e+00  0.000000e+00
   outer loop
     vertex  1.160000e+02 -1.400000e+01  2.100000e+01
     vertex  1.160000e+02 -1.400000e+01  1.000000e+00
     vertex  1.160000e+02  2.400000e+01  1.000000e+00
   endloop
 endfacet
 facet normal  1.000000e+00 -0.000000e+00  0.000000e+00
   outer loop
     vertex  1.160000e+02 -1.400000e+01  2.100000e+01
     vertex  1.160000e+02  2.400000e+01  1.000000e+00
     vertex  1.160000e+02  2.400000e+01  2.100000e+01
   endloop
 endfacet
 facet normal  0.000000e+00 -1.000000e+00 -0.000000e+00
   outer loop
     vertex  1.160000e+02 -1.400000e+01  2.100000e+01
     vertex  6.800000e+01 -1.400000e+01  1.000000e+00
     vertex  1.160000e+02 -1.400000e+01  1.000000e+00
   endloop
 endfacet
 facet normal -0.000000e+00 -1.000000e+00  0.000000e+00
   outer loop
     vertex  1.160000e+02 -1.400000e+01  2.100000e+01
     vertex  6.800000e+01 -1.400000e+01  2.100000e+01
     vertex  6.800000e+01 -1.400000e+01  1.000000e+00
   endloop
 endfacet
 facet normal  0.000000e+00  1.000000e+00  0.000000e+00
   outer loop
     vertex  1.160000e+02  2.400000e+01  2.100000e+01
     vertex  1.160000e+02  2.400000e+01  1.000000e+00
     vertex  6.800000e+01  2.400000e+01  1.000000e+00
   endloop
 endfacet
 facet normal  0.000000e+00  1.000000e+00  0.000000e+00
   outer loop
     vertex  1.160000e+02  2.400000e+01  2.100000e+01
     vertex  6.800000e+01  2.400000e+01  1.000000e+00
     vertex  6.800000e+01  2.400000e+01  2.100000e+01
   endloop
 endfacet
 facet normal -0.000000e+00  0.000000e+00 -1.000000e+00
   outer loop
     vertex  1.160000e+02  2.400000e+01  1.000000e+00
     vertex  6.800000e+01 -1.400000e+01  1.000000e+00
     vertex  6.800000e+01  2.400000e+01  1.000000e+00
   endloop
 endfacet
 facet normal  0.000000e+00 -0.000000e+00 -1.000000e+00
   outer loop
     vertex  1.160000e+02  2.400000e+01  1.000000e+00
     vertex  1.160000e+02 -1.400000e+01  1.000000e+00
     vertex  6.800000e+01 -1.400000e+01  1.000000e+00
   endloop
 endfacet
 facet normal  0.000000e+00  0.000000e+00  1.000000e+00
   outer loop
     vertex  1.160000e+02  2.400000e+01  2.100000e+01
     vertex  6.800000e+01  2.400000e+01  2.100000e+01
     vertex  6.800000e+01 -1.400000e+01  2.100000e+01
   endloop
 endfacet
 facet normal  0.000000e+00  0.000000e+00  1.000000e+00
   outer loop
     vertex  1.160000e+02  2.400000e+01  2.100000e+01
     vertex  6.800000e+01 -1.400000e+01  2.100000e+01
     vertex  1.160000e+02 -1.400000e+01  2.100000e+01
   endloop
 endfacet
endsolid
