solid 
 facet normal -1.000000e+00  0.000000e+00  0.000000e+00
   outer loop
     vertex -4.000000e+00 -4.000000e+00  6.000000e+00
     vertex -4.000000e+00  4.000000e+00  0.000000e+00
     vertex -4.000000e+00 -4.000000e+00  0.000000e+00
   endloop
 endfacet
 facet normal -1.000000e+00  0.000000e+00  0.000000e+00
   outer loop
     vertex -4.000000e+00 -4.000000e+00  6.000000e+00
     vertex -4.000000e+00  4.000000e+00  6.000000e+00
     vertex -4.000000e+00  4.000000e+00  0.000000e+00
   endloop
 endfacet
 facet normal  0.000000e+00 -1.000000e+00 -0.000000e+00
   outer loop
     vertex  4.000000e+00 -4.000000e+00  6.000000e+00
     vertex -4.000000e+00 -4.000000e+00  0.000000e+00
     vertex  4.000000e+00 -4.000000e+00  0.000000e+00
   endloop
 endfacet
 facet normal -0.000000e+00 -1.000000e+00  0.000000e+00
   outer loop
     vertex  4.000000e+00 -4.000000e+00  6.000000e+00
     vertex -4.000000e+00 -4.000000e+00  6.000000e+00
     vertex -4.000000e+00 -4.000000e+00  0.000000e+00
   endloop
 endfacet
 facet normal  0.000000e+00  0.000000e+00  1.000000e+00
   outer loop
     vertex -8.604804e-01 -1.523835e+00  6.000000e+00
     vertex -9.013878e-01 -1.500000e+00  6.000000e+00
     vertex -1.500000e+00 -1.500000e+00  6.000000e+00
   endloop
 endfacet
 facet normal  0.000000e+00  0.000000e+00  1.000000e+00
   outer loop
     vertex -1.523835e+00 -8.604804e-01  6.000000e+00
     vertex -1.500000e+00 -1.500000e+00  6.000000e+00
     vertex -1.500000e+00 -9.013878e-01  6.000000e+00
   endloop
 endfacet
 facet normal  0.000000e+00  0.000000e+00  1.000000e+00
   outer loop
     vertex -8.189432e-01 -1.546555e+00  6.000000e+00
     vertex -8.604804e-01 -1.523835e+00  6.000000e+00
     vertex -1.500000e+00 -1.500000e+00  6.000000e+00
   endloop
 endfacet
 facet normal  0.000000e+00  0.000000e+00  1.000000e+00
   outer loop
     vertex -1.546555e+00 -8.189432e-01  6.000000e+00
     vertex -1.500000e+00 -1.500000e+00  6.000000e+00
     vertex -1.523835e+00 -8.604804e-01  6.000000e+00
   endloop
 endfacet
 facet normal  0.000000e+00  0.000000e+00  1.000000e+00
   outer loop
     vertex -7.768066e-01 -1.568143e+00  6.000000e+00
     vertex -8.189432e-01 -1.546555e+00  6.000000e+00
     vertex -1.500000e+00 -1.500000e+00  6.000000e+00
   endloop
 endfacet
 facet normal  0.000000e+00  0.000000e+00  1.000000e+00
   outer loop
     vertex -1.568143e+00 -7.768066e-01  6.000000e+00
     vertex -1.500000e+00 -1.500000e+00  6.000000e+00
     vertex -1.546555e+00 -8.189432e-01  6.000000e+00
   endloop
 endfacet
 facet normal  0.000000e+00  0.000000e+00  1.000000e+00
   outer loop
     vertex -7.341015e-01 -1.588583e+00  6.000000e+00
     vertex -7.768066e-01 -1.568143e+00  6.000000e+00
     vertex -1.500000e+00 -1.500000e+00  6.000000e+00
   endloop
 endfacet
 facet normal  0.000000e+00  0.000000e+00  1.000000e+00
   outer loop
     vertex -1.588583e+00 -7.341015e-01  6.000000e+00
     vertex -1.500000e+00 -1.500000e+00  6.000000e+00
     vertex -1.568143e+00 -7.768066e-01  6.000000e+00
   endloop
 endfacet
 facet normal  0.000000e+00  0.000000e+00  1.000000e+00
   outer loop
     vertex -6.908590e-01 -1.607860e+00  6.000000e+00
     vertex -7.341015e-01 -1.588583e+00  6.000000e+00
     vertex -1.500000e+00 -1.500000e+00  6.000000e+00
   endloop
 endfacet
 facet normal  0.000000e+00  0.000000e+00  1.000000e+00
   outer loop
     vertex -1.607860e+00 -6.908590e-01  6.000000e+00
     vertex -1.500000e+00 -1.500000e+00  6.000000e+00
     vertex -1.588583e+00 -7.341015e-01  6.000000e+00
   endloop
 endfacet
 facet normal  0.000000e+00  0.000000e+00  1.000000e+00
   outer loop
     vertex -6.471108e-01 -1.625961e+00  6.000000e+00
     vertex -6.908590e-01 -1.607860e+00  6.000000e+00
     vertex -1.500000e+00 -1.500000e+00  6.000000e+00
   endloop
 endfacet
 facet normal  0.000000e+00  0.000000e+00  1.000000e+00
   outer loop
     vertex -1.625961e+00 -6.471108e-01  6.000000e+00
     vertex -1.500000e+00 -1.500000e+00  6.000000e+00
     vertex -1.607860e+00 -6.908590e-01  6.000000e+00
   endloop
 endfacet
 facet normal  0.000000e+00  0.000000e+00  1.000000e+00
   outer loop
     vertex -6.028891e-01 -1.642871e+00  6.000000e+00
     vertex -1.500000e+00 -1.500000e+00  6.000000e+00
     vertex -4.000000e+00 -4.000000e+00  6.000000e+00
   endloop
 endfacet
 facet normal  0.000000e+00  0.000000e+00  1.000000e+00
   outer loop
     vertex -6.028891e-01 -1.642871e+00  6.000000e+00
     vertex -6.471108e-01 -1.625961e+00  6.000000e+00
     vertex -1.500000e+00 -1.500000e+00  6.000000e+00
   endloop
 endfacet
 facet normal  0.000000e+00  0.000000e+00  1.000000e+00
   outer loop
     vertex -1.642871e+00 -6.028891e-01  6.000000e+00
     vertex -4.000000e+00 -4.000000e+00  6.000000e+00
     vertex -1.500000e+00 -1.500000e+00  6.000000e+00
   endloop
 endfacet
 facet normal  0.000000e+00  0.000000e+00  1.000000e+00
   outer loop
     vertex -1.642871e+00 -6.028891e-01  6.000000e+00
     vertex -1.500000e+00 -1.500000e+00  6.000000e+00
     vertex -1.625961e+00 -6.471108e-01  6.000000e+00
   endloop
 endfacet
 facet normal  0.000000e+00  0.000000e+00  1.000000e+00
   outer loop
     vertex -5.582260e-01 -1.658579e+00  6.000000e+00
     vertex -6.028891e-01 -1.642871e+00  6.000000e+00
     vertex -4.000000e+00 -4.000000e+00  6.000000e+00
   endloop
 endfacet
 facet normal  0.000000e+00  0.000000e+00  1.000000e+00
   outer loop
     vertex -1.658579e+00 -5.582260e-01  6.000000e+00
     vertex -4.000000e+00 -4.000000e+00  6.000000e+00
     vertex -1.642871e+00 -6.028891e-01  6.000000e+00
   endloop
 endfacet
 facet normal  0.000000e+00  0.000000e+00  1.000000e+00
   outer loop
     vertex -5.131544e-01 -1.673073e+00  6.000000e+00
     vertex -5.582260e-01 -1.658579e+00  6.000000e+00
     vertex -4.000000e+00 -4.000000e+00  6.000000e+00
   endloop
 endfacet
 facet normal  0.000000e+00  0.000000e+00  1.000000e+00
   outer loop
     vertex -1.673073e+00 -5.131544e-01  6.000000e+00
     vertex -4.000000e+00 -4.000000e+00  6.000000e+00
     vertex -1.658579e+00 -5.582260e-01  6.000000e+00
   endloop
 endfacet
 facet normal  0.000000e+00  0.000000e+00  1.000000e+00
   outer loop
     vertex -4.677072e-01 -1.686342e+00  6.000000e+00
     vertex -5.131544e-01 -1.673073e+00  6.000000e+00
     vertex -4.000000e+00 -4.000000e+00  6.000000e+00
   endloop
 endfacet
 facet normal  0.000000e+00  0.000000e+00  1.000000e+00
   outer loop
     vertex -1.686342e+00 -4.677072e-01  6.000000e+00
     vertex -4.000000e+00 -4.000000e+00  6.000000e+00
     vertex -1.673073e+00 -5.131544e-01  6.000000e+00
   endloop
 endfacet
 facet normal  0.000000e+00  0.000000e+00  1.000000e+00
   outer loop
     vertex -4.219176e-01 -1.698377e+00  6.000000e+00
     vertex -4.677072e-01 -1.686342e+00  6.000000e+00
     vertex -4.000000e+00 -4.000000e+00  6.000000e+00
   endloop
 endfacet
 facet normal  0.000000e+00  0.000000e+00  1.000000e+00
   outer loop
     vertex -1.698377e+00 -4.219176e-01  6.000000e+00
     vertex -4.000000e+00 -4.000000e+00  6.000000e+00
     vertex -1.686342e+00 -4.677072e-01  6.000000e+00
   endloop
 endfacet
 facet normal  0.000000e+00  0.000000e+00  1.000000e+00
   outer loop
     vertex -3.758193e-01 -1.709169e+00  6.000000e+00
     vertex -4.219176e-01 -1.698377e+00  6.000000e+00
     vertex -4.000000e+00 -4.000000e+00  6.000000e+00
   endloop
 endfacet
 facet normal  0.000000e+00  0.000000e+00  1.000000e+00
   outer loop
     vertex -1.709169e+00 -3.758193e-01  6.000000e+00
     vertex -4.000000e+00 -4.000000e+00  6.000000e+00
     vertex -1.698377e+00 -4.219176e-01  6.000000e+00
   endloop
 endfacet
 facet normal  0.000000e+00  0.000000e+00  1.000000e+00
   outer loop
     vertex -3.294458e-01 -1.718710e+00  6.000000e+00
     vertex -3.758193e-01 -1.709169e+00  6.000000e+00
     vertex -4.000000e+00 -4.000000e+00  6.000000e+00
   endloop
 endfacet
 facet normal  0.000000e+00  0.000000e+00  1.000000e+00
   outer loop
     vertex -1.718710e+00 -3.294458e-01  6.000000e+00
     vertex -4.000000e+00 -4.000000e+00  6.000000e+00
     vertex -1.709169e+00 -3.758193e-01  6.000000e+00
   endloop
 endfacet
 facet normal  0.000000e+00  0.000000e+00  1.000000e+00
   outer loop
     vertex -2.828313e-01 -1.726993e+00  6.000000e+00
     vertex -3.294458e-01 -1.718710e+00  6.000000e+00
     vertex -4.000000e+00 -4.000000e+00  6.000000e+00
   endloop
 endfacet
 facet normal  0.000000e+00  0.000000e+00  1.000000e+00
   outer loop
     vertex -1.726993e+00 -2.828313e-01  6.000000e+00
     vertex -4.000000e+00 -4.000000e+00  6.000000e+00
     vertex -1.718710e+00 -3.294458e-01  6.000000e+00
   endloop
 endfacet
 facet normal  0.000000e+00  0.000000e+00  1.000000e+00
   outer loop
     vertex -2.360097e-01 -1.734013e+00  6.000000e+00
     vertex -2.828313e-01 -1.726993e+00  6.000000e+00
     vertex -4.000000e+00 -4.000000e+00  6.000000e+00
   endloop
 endfacet
 facet normal  0.000000e+00  0.000000e+00  1.000000e+00
   outer loop
     vertex -1.734013e+00 -2.360097e-01  6.000000e+00
     vertex -4.000000e+00 -4.000000e+00  6.000000e+00
     vertex -1.726993e+00 -2.828313e-01  6.000000e+00
   endloop
 endfacet
 facet normal  0.000000e+00  0.000000e+00  1.000000e+00
   outer loop
     vertex -1.890154e-01 -1.739762e+00  6.000000e+00
     vertex -2.360097e-01 -1.734013e+00  6.000000e+00
     vertex -4.000000e+00 -4.000000e+00  6.000000e+00
   endloop
 endfacet
 facet normal  0.000000e+00  0.000000e+00  1.000000e+00
   outer loop
     vertex -1.739762e+00 -1.890154e-01  6.000000e+00
     vertex -4.000000e+00 -4.000000e+00  6.000000e+00
     vertex -1.734013e+00 -2.360097e-01  6.000000e+00
   endloop
 endfacet
 facet normal  0.000000e+00  0.000000e+00  1.000000e+00
   outer loop
     vertex -1.418827e-01 -1.744239e+00  6.000000e+00
     vertex -1.890154e-01 -1.739762e+00  6.000000e+00
     vertex -4.000000e+00 -4.000000e+00  6.000000e+00
   endloop
 endfacet
 facet normal  0.000000e+00  0.000000e+00  1.000000e+00
   outer loop
     vertex -1.744239e+00 -1.418827e-01  6.000000e+00
     vertex -4.000000e+00 -4.000000e+00  6.000000e+00
     vertex -1.739762e+00 -1.890154e-01  6.000000e+00
   endloop
 endfacet
 facet normal  0.000000e+00  0.000000e+00  1.000000e+00
   outer loop
     vertex -9.464622e-02 -1.747439e+00  6.000000e+00
     vertex -1.418827e-01 -1.744239e+00  6.000000e+00
     vertex -4.000000e+00 -4.000000e+00  6.000000e+00
   endloop
 endfacet
 facet normal  0.000000e+00  0.000000e+00  1.000000e+00
   outer loop
     vertex -1.747439e+00 -9.464622e-02  6.000000e+00
     vertex -4.000000e+00 -4.000000e+00  6.000000e+00
     vertex -1.744239e+00 -1.418827e-01  6.000000e+00
   endloop
 endfacet
 facet normal  0.000000e+00  0.000000e+00  1.000000e+00
   outer loop
     vertex -4.734043e-02 -1.749360e+00  6.000000e+00
     vertex -9.464622e-02 -1.747439e+00  6.000000e+00
     vertex -4.000000e+00 -4.000000e+00  6.000000e+00
   endloop
 endfacet
 facet normal  0.000000e+00  0.000000e+00  1.000000e+00
   outer loop
     vertex -1.749360e+00 -4.734043e-02  6.000000e+00
     vertex -4.000000e+00 -4.000000e+00  6.000000e+00
     vertex -1.747439e+00 -9.464622e-02  6.000000e+00
   endloop
 endfacet
 facet normal  0.000000e+00  0.000000e+00  1.000000e+00
   outer loop
     vertex -1.275597e-14 -1.750000e+00  6.000000e+00
     vertex -4.734043e-02 -1.749360e+00  6.000000e+00
     vertex -4.000000e+00 -4.000000e+00  6.000000e+00
   endloop
 endfacet
 facet normal  0.000000e+00  0.000000e+00  1.000000e+00
   outer loop
     vertex -1.750000e+00  3.322938e-15  6.000000e+00
     vertex -4.000000e+00 -4.000000e+00  6.000000e+00
     vertex -1.749360e+00 -4.734043e-02  6.000000e+00
   endloop
 endfacet
 facet normal  0.000000e+00  0.000000e+00  1.000000e+00
   outer loop
     vertex  4.000000e+00 -4.000000e+00  6.000000e+00
     vertex -1.275597e-14 -1.750000e+00  6.000000e+00
     vertex -4.000000e+00 -4.000000e+00  6.000000e+00
   endloop
 endfacet
 facet normal  0.000000e+00  0.000000e+00  1.000000e+00
   outer loop
     vertex  4.000000e+00 -4.000000e+00  6.000000e+00
     vertex  4.734043e-02 -1.749360e+00  6.000000e+00
     vertex -1.275597e-14 -1.750000e+00  6.000000e+00
   endloop
 endfacet
 facet normal  0.000000e+00  0.000000e+00  1.000000e+00
   outer loop
     vertex  4.000000e+00 -4.000000e+00  6.000000e+00
     vertex  9.464622e-02 -1.747439e+00  6.000000e+00
     vertex  4.734043e-02 -1.749360e+00  6.000000e+00
   endloop
 endfacet
 facet normal  0.000000e+00  0.000000e+00  1.000000e+00
   outer loop
     vertex  4.000000e+00 -4.000000e+00  6.000000e+00
     vertex  1.418827e-01 -1.744239e+00  6.000000e+00
     vertex  9.464622e-02 -1.747439e+00  6.000000e+00
   endloop
 endfacet
 facet normal  0.000000e+00  0.000000e+00  1.000000e+00
   outer loop
     vertex  4.000000e+00 -4.000000e+00  6.000000e+00
     vertex  1.890154e-01 -1.739762e+00  6.000000e+00
     vertex  1.418827e-01 -1.744239e+00  6.000000e+00
   endloop
 endfacet
 facet normal  0.000000e+00  0.000000e+00  1.000000e+00
   outer loop
     vertex  4.000000e+00 -4.000000e+00  6.000000e+00
     vertex  2.360097e-01 -1.734013e+00  6.000000e+00
     vertex  1.890154e-01 -1.739762e+00  6.000000e+00
   endloop
 endfacet
 facet normal  0.000000e+00  0.000000e+00  1.000000e+00
   outer loop
     vertex  4.000000e+00 -4.000000e+00  6.000000e+00
     vertex  2.828313e-01 -1.726993e+00  6.000000e+00
     vertex  2.360097e-01 -1.734013e+00  6.000000e+00
   endloop
 endfacet
 facet normal  0.000000e+00  0.000000e+00  1.000000e+00
   outer loop
     vertex  4.000000e+00 -4.000000e+00  6.000000e+00
     vertex  3.294458e-01 -1.718710e+00  6.000000e+00
     vertex  2.828313e-01 -1.726993e+00  6.000000e+00
   endloop
 endfacet
 facet normal  0.000000e+00  0.000000e+00  1.000000e+00
   outer loop
     vertex  4.000000e+00 -4.000000e+00  6.000000e+00
     vertex  3.758193e-01 -1.709169e+00  6.000000e+00
     vertex  3.294458e-01 -1.718710e+00  6.000000e+00
   endloop
 endfacet
 facet normal  0.000000e+00  0.000000e+00  1.000000e+00
   outer loop
     vertex  4.000000e+00 -4.000000e+00  6.000000e+00
     vertex  4.219176e-01 -1.698377e+00  6.000000e+00
     vertex  3.758193e-01 -1.709169e+00  6.000000e+00
   endloop
 endfacet
 facet normal  0.000000e+00  0.000000e+00  1.000000e+00
   outer loop
     vertex  4.000000e+00 -4.000000e+00  6.000000e+00
     vertex  4.677072e-01 -1.686342e+00  6.000000e+00
     vertex  4.219176e-01 -1.698377e+00  6.000000e+00
   endloop
 endfacet
 facet normal  0.000000e+00  0.000000e+00  1.000000e+00
   outer loop
     vertex  4.000000e+00 -4.000000e+00  6.000000e+00
     vertex  5.131544e-01 -1.673073e+00  6.000000e+00
     vertex  4.677072e-01 -1.686342e+00  6.000000e+00
   endloop
 endfacet
 facet normal  0.000000e+00  0.000000e+00  1.000000e+00
   outer loop
     vertex  4.000000e+00 -4.000000e+00  6.000000e+00
     vertex  5.582260e-01 -1.658579e+00  6.000000e+00
     vertex  5.131544e-01 -1.673073e+00  6.000000e+00
   endloop
 endfacet
 facet normal  0.000000e+00  0.000000e+00  1.000000e+00
   outer loop
     vertex  4.000000e+00 -4.000000e+00  6.000000e+00
     vertex  6.028891e-01 -1.642871e+00  6.000000e+00
     vertex  5.582260e-01 -1.658579e+00  6.000000e+00
   endloop
 endfacet
 facet normal  0.000000e+00  0.000000e+00  1.000000e+00
   outer loop
     vertex  1.500000e+00 -1.500000e+00  6.000000e+00
     vertex  6.028891e-01 -1.642871e+00  6.000000e+00
     vertex  4.000000e+00 -4.000000e+00  6.000000e+00
   endloop
 endfacet
 facet normal  0.000000e+00  0.000000e+00  1.000000e+00
   outer loop
     vertex  1.500000e+00 -1.500000e+00  6.000000e+00
     vertex  6.471108e-01 -1.625961e+00  6.000000e+00
     vertex  6.028891e-01 -1.642871e+00  6.000000e+00
   endloop
 endfacet
 facet normal  0.000000e+00  0.000000e+00  1.000000e+00
   outer loop
     vertex  1.500000e+00 -1.500000e+00  6.000000e+00
     vertex  6.908590e-01 -1.607860e+00  6.000000e+00
     vertex  6.471108e-01 -1.625961e+00  6.000000e+00
   endloop
 endfacet
 facet normal  0.000000e+00  0.000000e+00  1.000000e+00
   outer loop
     vertex  1.500000e+00 -1.500000e+00  6.000000e+00
     vertex  7.341015e-01 -1.588583e+00  6.000000e+00
     vertex  6.908590e-01 -1.607860e+00  6.000000e+00
   endloop
 endfacet
 facet normal  0.000000e+00  0.000000e+00  1.000000e+00
   outer loop
     vertex  1.500000e+00 -1.500000e+00  6.000000e+00
     vertex  7.768066e-01 -1.568143e+00  6.000000e+00
     vertex  7.341015e-01 -1.588583e+00  6.000000e+00
   endloop
 endfacet
 facet normal  0.000000e+00  0.000000e+00  1.000000e+00
   outer loop
     vertex  1.500000e+00 -1.500000e+00  6.000000e+00
     vertex  8.189432e-01 -1.546555e+00  6.000000e+00
     vertex  7.768066e-01 -1.568143e+00  6.000000e+00
   endloop
 endfacet
 facet normal  0.000000e+00  0.000000e+00  1.000000e+00
   outer loop
     vertex  1.500000e+00 -1.500000e+00  6.000000e+00
     vertex  8.604804e-01 -1.523835e+00  6.000000e+00
     vertex  8.189432e-01 -1.546555e+00  6.000000e+00
   endloop
 endfacet
 facet normal  0.000000e+00  0.000000e+00  1.000000e+00
   outer loop
     vertex  1.500000e+00 -1.500000e+00  6.000000e+00
     vertex  9.013878e-01 -1.500000e+00  6.000000e+00
     vertex  8.604804e-01 -1.523835e+00  6.000000e+00
   endloop
 endfacet
 facet normal  0.000000e+00  0.000000e+00  1.000000e+00
   outer loop
     vertex -1.500000e+00  1.500000e+00  6.000000e+00
     vertex -1.523835e+00  8.604804e-01  6.000000e+00
     vertex -1.500000e+00  9.013878e-01  6.000000e+00
   endloop
 endfacet
 facet normal  0.000000e+00  0.000000e+00  1.000000e+00
   outer loop
     vertex -1.500000e+00  1.500000e+00  6.000000e+00
     vertex -1.546555e+00  8.189432e-01  6.000000e+00
     vertex -1.523835e+00  8.604804e-01  6.000000e+00
   endloop
 endfacet
 facet normal  0.000000e+00  0.000000e+00  1.000000e+00
   outer loop
     vertex -1.500000e+00  1.500000e+00  6.000000e+00
     vertex -1.568143e+00  7.768066e-01  6.000000e+00
     vertex -1.546555e+00  8.189432e-01  6.000000e+00
   endloop
 endfacet
 facet normal  0.000000e+00  0.000000e+00  1.000000e+00
   outer loop
     vertex -1.500000e+00  1.500000e+00  6.000000e+00
     vertex -1.588583e+00  7.341015e-01  6.000000e+00
     vertex -1.568143e+00  7.768066e-01  6.000000e+00
   endloop
 endfacet
 facet normal  0.000000e+00  0.000000e+00  1.000000e+00
   outer loop
     vertex -1.500000e+00  1.500000e+00  6.000000e+00
     vertex -1.607860e+00  6.908590e-01  6.000000e+00
     vertex -1.588583e+00  7.341015e-01  6.000000e+00
   endloop
 endfacet
 facet normal  0.000000e+00  0.000000e+00  1.000000e+00
   outer loop
     vertex -1.500000e+00  1.500000e+00  6.000000e+00
     vertex -1.625961e+00  6.471108e-01  6.000000e+00
     vertex -1.607860e+00  6.908590e-01  6.000000e+00
   endloop
 endfacet
 facet normal  0.000000e+00  0.000000e+00  1.000000e+00
   outer loop
     vertex -1.500000e+00  1.500000e+00  6.000000e+00
     vertex -1.642871e+00  6.028891e-01  6.000000e+00
     vertex -1.625961e+00  6.471108e-01  6.000000e+00
   endloop
 endfacet
 facet normal  0.000000e+00  0.000000e+00  1.000000e+00
   outer loop
     vertex -4.000000e+00  4.000000e+00  6.000000e+00
     vertex -1.718710e+00  3.294458e-01  6.000000e+00
     vertex -1.709169e+00  3.758193e-01  6.000000e+00
   endloop
 endfacet
 facet normal  0.000000e+00  0.000000e+00  1.000000e+00
   outer loop
     vertex -4.000000e+00  4.000000e+00  6.000000e+00
     vertex -1.726993e+00  2.828313e-01  6.000000e+00
     vertex -1.718710e+00  3.294458e-01  6.000000e+00
   endloop
 endfacet
 facet normal  0.000000e+00  0.000000e+00  1.000000e+00
   outer loop
     vertex -4.000000e+00  4.000000e+00  6.000000e+00
     vertex -1.734013e+00  2.360097e-01  6.000000e+00
     vertex -1.726993e+00  2.828313e-01  6.000000e+00
   endloop
 endfacet
 facet normal  0.000000e+00  0.000000e+00  1.000000e+00
   outer loop
     vertex -4.000000e+00  4.000000e+00  6.000000e+00
     vertex -1.739762e+00  1.890154e-01  6.000000e+00
     vertex -1.734013e+00  2.360097e-01  6.000000e+00
   endloop
 endfacet
 facet normal  0.000000e+00  0.000000e+00  1.000000e+00
   outer loop
     vertex -4.000000e+00  4.000000e+00  6.000000e+00
     vertex -1.744239e+00  1.418827e-01  6.000000e+00
     vertex -1.739762e+00  1.890154e-01  6.000000e+00
   endloop
 endfacet
 facet normal  0.000000e+00  0.000000e+00  1.000000e+00
   outer loop
     vertex -4.000000e+00  4.000000e+00  6.000000e+00
     vertex -1.747439e+00  9.464622e-02  6.000000e+00
     vertex -1.744239e+00  1.418827e-01  6.000000e+00
   endloop
 endfacet
 facet normal  0.000000e+00  0.000000e+00  1.000000e+00
   outer loop
     vertex -4.000000e+00  4.000000e+00  6.000000e+00
     vertex -1.749360e+00  4.734043e-02  6.000000e+00
     vertex -1.747439e+00  9.464622e-02  6.000000e+00
   endloop
 endfacet
 facet normal  0.000000e+00  0.000000e+00  1.000000e+00
   outer loop
     vertex -4.000000e+00  4.000000e+00  6.000000e+00
     vertex -1.750000e+00  3.322938e-15  6.000000e+00
     vertex -1.749360e+00  4.734043e-02  6.000000e+00
   endloop
 endfacet
 facet normal  0.000000e+00  0.000000e+00  1.000000e+00
   outer loop
     vertex -4.000000e+00  4.000000e+00  6.000000e+00
     vertex -1.642871e+00  6.028891e-01  6.000000e+00
     vertex -1.500000e+00  1.500000e+00  6.000000e+00
   endloop
 endfacet
 facet normal  0.000000e+00  0.000000e+00  1.000000e+00
   outer loop
     vertex -4.000000e+00  4.000000e+00  6.000000e+00
     vertex -4.000000e+00 -4.000000e+00  6.000000e+00
     vertex -1.750000e+00  3.322938e-15  6.000000e+00
   endloop
 endfacet
 facet normal  0.000000e+00  0.000000e+00  1.000000e+00
   outer loop
     vertex -4.000000e+00  4.000000e+00  6.000000e+00
     vertex -1.658579e+00  5.582260e-01  6.000000e+00
     vertex -1.642871e+00  6.028891e-01  6.000000e+00
   endloop
 endfacet
 facet normal  0.000000e+00  0.000000e+00  1.000000e+00
   outer loop
     vertex -4.000000e+00  4.000000e+00  6.000000e+00
     vertex -1.673073e+00  5.131544e-01  6.000000e+00
     vertex -1.658579e+00  5.582260e-01  6.000000e+00
   endloop
 endfacet
 facet normal  0.000000e+00  0.000000e+00  1.000000e+00
   outer loop
     vertex -4.000000e+00  4.000000e+00  6.000000e+00
     vertex -1.686342e+00  4.677072e-01  6.000000e+00
     vertex -1.673073e+00  5.131544e-01  6.000000e+00
   endloop
 endfacet
 facet normal  0.000000e+00  0.000000e+00  1.000000e+00
   outer loop
     vertex -4.000000e+00  4.000000e+00  6.000000e+00
     vertex -1.698377e+00  4.219176e-01  6.000000e+00
     vertex -1.686342e+00  4.677072e-01  6.000000e+00
   endloop
 endfacet
 facet normal  0.000000e+00  0.000000e+00  1.000000e+00
   outer loop
     vertex -4.000000e+00  4.000000e+00  6.000000e+00
     vertex -1.709169e+00  3.758193e-01  6.000000e+00
     vertex -1.698377e+00  4.219176e-01  6.000000e+00
   endloop
 endfacet
 facet normal  0.000000e+00  0.000000e+00  1.000000e+00
   outer loop
     vertex -8.604804e-01  1.523835e+00  6.000000e+00
     vertex -1.500000e+00  1.500000e+00  6.000000e+00
     vertex -9.013878e-01  1.500000e+00  6.000000e+00
   endloop
 endfacet
 facet normal  0.000000e+00  0.000000e+00  1.000000e+00
   outer loop
     vertex  1.523835e+00 -8.604804e-01  6.000000e+00
     vertex  1.500000e+00 -9.013878e-01  6.000000e+00
     vertex  1.500000e+00 -1.500000e+00  6.000000e+00
   endloop
 endfacet
 facet normal  0.000000e+00  0.000000e+00  1.000000e+00
   outer loop
     vertex -8.189432e-01  1.546555e+00  6.000000e+00
     vertex -1.500000e+00  1.500000e+00  6.000000e+00
     vertex -8.604804e-01  1.523835e+00  6.000000e+00
   endloop
 endfacet
 facet normal  0.000000e+00  0.000000e+00  1.000000e+00
   outer loop
     vertex  1.546555e+00 -8.189432e-01  6.000000e+00
     vertex  1.523835e+00 -8.604804e-01  6.000000e+00
     vertex  1.500000e+00 -1.500000e+00  6.000000e+00
   endloop
 endfacet
 facet normal  0.000000e+00  0.000000e+00  1.000000e+00
   outer loop
     vertex -7.768066e-01  1.568143e+00  6.000000e+00
     vertex -1.500000e+00  1.500000e+00  6.000000e+00
     vertex -8.189432e-01  1.546555e+00  6.000000e+00
   endloop
 endfacet
 facet normal  0.000000e+00  0.000000e+00  1.000000e+00
   outer loop
     vertex  1.568143e+00 -7.768066e-01  6.000000e+00
     vertex  1.546555e+00 -8.189432e-01  6.000000e+00
     vertex  1.500000e+00 -1.500000e+00  6.000000e+00
   endloop
 endfacet
 facet normal  0.000000e+00  0.000000e+00  1.000000e+00
   outer loop
     vertex -7.341015e-01  1.588583e+00  6.000000e+00
     vertex -1.500000e+00  1.500000e+00  6.000000e+00
     vertex -7.768066e-01  1.568143e+00  6.000000e+00
   endloop
 endfacet
 facet normal  0.000000e+00  0.000000e+00  1.000000e+00
   outer loop
     vertex  1.588583e+00 -7.341015e-01  6.000000e+00
     vertex  1.568143e+00 -7.768066e-01  6.000000e+00
     vertex  1.500000e+00 -1.500000e+00  6.000000e+00
   endloop
 endfacet
 facet normal  0.000000e+00  0.000000e+00  1.000000e+00
   outer loop
     vertex -6.908590e-01  1.607860e+00  6.000000e+00
     vertex -1.500000e+00  1.500000e+00  6.000000e+00
     vertex -7.341015e-01  1.588583e+00  6.000000e+00
   endloop
 endfacet
 facet normal  0.000000e+00  0.000000e+00  1.000000e+00
   outer loop
     vertex  1.607860e+00 -6.908590e-01  6.000000e+00
     vertex  1.588583e+00 -7.341015e-01  6.000000e+00
     vertex  1.500000e+00 -1.500000e+00  6.000000e+00
   endloop
 endfacet
 facet normal  0.000000e+00  0.000000e+00  1.000000e+00
   outer loop
     vertex -6.471108e-01  1.625961e+00  6.000000e+00
     vertex -1.500000e+00  1.500000e+00  6.000000e+00
     vertex -6.908590e-01  1.607860e+00  6.000000e+00
   endloop
 endfacet
 facet normal  0.000000e+00  0.000000e+00  1.000000e+00
   outer loop
     vertex  1.625961e+00 -6.471108e-01  6.000000e+00
     vertex  1.607860e+00 -6.908590e-01  6.000000e+00
     vertex  1.500000e+00 -1.500000e+00  6.000000e+00
   endloop
 endfacet
 facet normal  0.000000e+00  0.000000e+00  1.000000e+00
   outer loop
     vertex -6.028891e-01  1.642871e+00  6.000000e+00
     vertex -1.500000e+00  1.500000e+00  6.000000e+00
     vertex -6.471108e-01  1.625961e+00  6.000000e+00
   endloop
 endfacet
 facet normal  0.000000e+00  0.000000e+00  1.000000e+00
   outer loop
     vertex -6.028891e-01  1.642871e+00  6.000000e+00
     vertex -4.000000e+00  4.000000e+00  6.000000e+00
     vertex -1.500000e+00  1.500000e+00  6.000000e+00
   endloop
 endfacet
 facet normal  0.000000e+00  0.000000e+00  1.000000e+00
   outer loop
     vertex  1.642871e+00 -6.028891e-01  6.000000e+00
     vertex  1.500000e+00 -1.500000e+00  6.000000e+00
     vertex  4.000000e+00 -4.000000e+00  6.000000e+00
   endloop
 endfacet
 facet normal  0.000000e+00  0.000000e+00  1.000000e+00
   outer loop
     vertex  1.642871e+00 -6.028891e-01  6.000000e+00
     vertex  1.625961e+00 -6.471108e-01  6.000000e+00
     vertex  1.500000e+00 -1.500000e+00  6.000000e+00
   endloop
 endfacet
 facet normal  0.000000e+00  0.000000e+00  1.000000e+00
   outer loop
     vertex -5.582260e-01  1.658579e+00  6.000000e+00
     vertex -4.000000e+00  4.000000e+00  6.000000e+00
     vertex -6.028891e-01  1.642871e+00  6.000000e+00
   endloop
 endfacet
 facet normal  0.000000e+00  0.000000e+00  1.000000e+00
   outer loop
     vertex  1.658579e+00 -5.582260e-01  6.000000e+00
     vertex  1.642871e+00 -6.028891e-01  6.000000e+00
     vertex  4.000000e+00 -4.000000e+00  6.000000e+00
   endloop
 endfacet
 facet normal  0.000000e+00  0.000000e+00  1.000000e+00
   outer loop
     vertex -5.131544e-01  1.673073e+00  6.000000e+00
     vertex -4.000000e+00  4.000000e+00  6.000000e+00
     vertex -5.582260e-01  1.658579e+00  6.000000e+00
   endloop
 endfacet
 facet normal  0.000000e+00  0.000000e+00  1.000000e+00
   outer loop
     vertex  1.673073e+00 -5.131544e-01  6.000000e+00
     vertex  1.658579e+00 -5.582260e-01  6.000000e+00
     vertex  4.000000e+00 -4.000000e+00  6.000000e+00
   endloop
 endfacet
 facet normal  0.000000e+00  0.000000e+00  1.000000e+00
   outer loop
     vertex -4.677072e-01  1.686342e+00  6.000000e+00
     vertex -4.000000e+00  4.000000e+00  6.000000e+00
     vertex -5.131544e-01  1.673073e+00  6.000000e+00
   endloop
 endfacet
 facet normal  0.000000e+00  0.000000e+00  1.000000e+00
   outer loop
     vertex  1.686342e+00 -4.677072e-01  6.000000e+00
     vertex  1.673073e+00 -5.131544e-01  6.000000e+00
     vertex  4.000000e+00 -4.000000e+00  6.000000e+00
   endloop
 endfacet
 facet normal  0.000000e+00  0.000000e+00  1.000000e+00
   outer loop
     vertex -4.219176e-01  1.698377e+00  6.000000e+00
     vertex -4.000000e+00  4.000000e+00  6.000000e+00
     vertex -4.677072e-01  1.686342e+00  6.000000e+00
   endloop
 endfacet
 facet normal  0.000000e+00  0.000000e+00  1.000000e+00
   outer loop
     vertex  1.698377e+00 -4.219176e-01  6.000000e+00
     vertex  1.686342e+00 -4.677072e-01  6.000000e+00
     vertex  4.000000e+00 -4.000000e+00  6.000000e+00
   endloop
 endfacet
 facet normal  0.000000e+00  0.000000e+00  1.000000e+00
   outer loop
     vertex -3.758193e-01  1.709169e+00  6.000000e+00
     vertex -4.000000e+00  4.000000e+00  6.000000e+00
     vertex -4.219176e-01  1.698377e+00  6.000000e+00
   endloop
 endfacet
 facet normal  0.000000e+00  0.000000e+00  1.000000e+00
   outer loop
     vertex  1.709169e+00 -3.758193e-01  6.000000e+00
     vertex  1.698377e+00 -4.219176e-01  6.000000e+00
     vertex  4.000000e+00 -4.000000e+00  6.000000e+00
   endloop
 endfacet
 facet normal  0.000000e+00  0.000000e+00  1.000000e+00
   outer loop
     vertex -3.294458e-01  1.718710e+00  6.000000e+00
     vertex -4.000000e+00  4.000000e+00  6.000000e+00
     vertex -3.758193e-01  1.709169e+00  6.000000e+00
   endloop
 endfacet
 facet normal  0.000000e+00  0.000000e+00  1.000000e+00
   outer loop
     vertex  1.718710e+00 -3.294458e-01  6.000000e+00
     vertex  1.709169e+00 -3.758193e-01  6.000000e+00
     vertex  4.000000e+00 -4.000000e+00  6.000000e+00
   endloop
 endfacet
 facet normal  0.000000e+00  0.000000e+00  1.000000e+00
   outer loop
     vertex -2.828313e-01  1.726993e+00  6.000000e+00
     vertex -4.000000e+00  4.000000e+00  6.000000e+00
     vertex -3.294458e-01  1.718710e+00  6.000000e+00
   endloop
 endfacet
 facet normal  0.000000e+00  0.000000e+00  1.000000e+00
   outer loop
     vertex  1.726993e+00 -2.828313e-01  6.000000e+00
     vertex  1.718710e+00 -3.294458e-01  6.000000e+00
     vertex  4.000000e+00 -4.000000e+00  6.000000e+00
   endloop
 endfacet
 facet normal  0.000000e+00  0.000000e+00  1.000000e+00
   outer loop
     vertex -2.360097e-01  1.734013e+00  6.000000e+00
     vertex -4.000000e+00  4.000000e+00  6.000000e+00
     vertex -2.828313e-01  1.726993e+00  6.000000e+00
   endloop
 endfacet
 facet normal  0.000000e+00  0.000000e+00  1.000000e+00
   outer loop
     vertex  1.734013e+00 -2.360097e-01  6.000000e+00
     vertex  1.726993e+00 -2.828313e-01  6.000000e+00
     vertex  4.000000e+00 -4.000000e+00  6.000000e+00
   endloop
 endfacet
 facet normal  0.000000e+00  0.000000e+00  1.000000e+00
   outer loop
     vertex -1.890154e-01  1.739762e+00  6.000000e+00
     vertex -4.000000e+00  4.000000e+00  6.000000e+00
     vertex -2.360097e-01  1.734013e+00  6.000000e+00
   endloop
 endfacet
 facet normal  0.000000e+00  0.000000e+00  1.000000e+00
   outer loop
     vertex  1.739762e+00 -1.890154e-01  6.000000e+00
     vertex  1.734013e+00 -2.360097e-01  6.000000e+00
     vertex  4.000000e+00 -4.000000e+00  6.000000e+00
   endloop
 endfacet
 facet normal  0.000000e+00  0.000000e+00  1.000000e+00
   outer loop
     vertex -1.418827e-01  1.744239e+00  6.000000e+00
     vertex -4.000000e+00  4.000000e+00  6.000000e+00
     vertex -1.890154e-01  1.739762e+00  6.000000e+00
   endloop
 endfacet
 facet normal  0.000000e+00  0.000000e+00  1.000000e+00
   outer loop
     vertex  1.744239e+00 -1.418827e-01  6.000000e+00
     vertex  1.739762e+00 -1.890154e-01  6.000000e+00
     vertex  4.000000e+00 -4.000000e+00  6.000000e+00
   endloop
 endfacet
 facet normal  0.000000e+00  0.000000e+00  1.000000e+00
   outer loop
     vertex  1.747439e+00 -9.464622e-02  6.000000e+00
     vertex  1.744239e+00 -1.418827e-01  6.000000e+00
     vertex  4.000000e+00 -4.000000e+00  6.000000e+00
   endloop
 endfacet
 facet normal  0.000000e+00  0.000000e+00  1.000000e+00
   outer loop
     vertex -9.464622e-02  1.747439e+00  6.000000e+00
     vertex -4.000000e+00  4.000000e+00  6.000000e+00
     vertex -1.418827e-01  1.744239e+00  6.000000e+00
   endloop
 endfacet
 facet normal  0.000000e+00  0.000000e+00  1.000000e+00
   outer loop
     vertex  1.749360e+00 -4.734043e-02  6.000000e+00
     vertex  1.747439e+00 -9.464622e-02  6.000000e+00
     vertex  4.000000e+00 -4.000000e+00  6.000000e+00
   endloop
 endfacet
 facet normal  0.000000e+00  0.000000e+00  1.000000e+00
   outer loop
     vertex -4.734043e-02  1.749360e+00  6.000000e+00
     vertex -4.000000e+00  4.000000e+00  6.000000e+00
     vertex -9.464622e-02  1.747439e+00  6.000000e+00
   endloop
 endfacet
 facet normal  0.000000e+00  0.000000e+00  1.000000e+00
   outer loop
     vertex  1.750000e+00 -4.286264e-16  6.000000e+00
     vertex  1.749360e+00 -4.734043e-02  6.000000e+00
     vertex  4.000000e+00 -4.000000e+00  6.000000e+00
   endloop
 endfacet
 facet normal  0.000000e+00  0.000000e+00  1.000000e+00
   outer loop
     vertex  8.843127e-16  1.750000e+00  6.000000e+00
     vertex -4.000000e+00  4.000000e+00  6.000000e+00
     vertex -4.734043e-02  1.749360e+00  6.000000e+00
   endloop
 endfacet
 facet normal  0.000000e+00  0.000000e+00  1.000000e+00
   outer loop
     vertex  1.500000e+00  1.500000e+00  6.000000e+00
     vertex  1.625961e+00  6.471108e-01  6.000000e+00
     vertex  1.642871e+00  6.028891e-01  6.000000e+00
   endloop
 endfacet
 facet normal  0.000000e+00  0.000000e+00  1.000000e+00
   outer loop
     vertex  1.500000e+00  1.500000e+00  6.000000e+00
     vertex  1.607860e+00  6.908590e-01  6.000000e+00
     vertex  1.625961e+00  6.471108e-01  6.000000e+00
   endloop
 endfacet
 facet normal  0.000000e+00  0.000000e+00  1.000000e+00
   outer loop
     vertex  1.500000e+00  1.500000e+00  6.000000e+00
     vertex  1.588583e+00  7.341015e-01  6.000000e+00
     vertex  1.607860e+00  6.908590e-01  6.000000e+00
   endloop
 endfacet
 facet normal  0.000000e+00  0.000000e+00  1.000000e+00
   outer loop
     vertex  1.500000e+00  1.500000e+00  6.000000e+00
     vertex  1.568143e+00  7.768066e-01  6.000000e+00
     vertex  1.588583e+00  7.341015e-01  6.000000e+00
   endloop
 endfacet
 facet normal  0.000000e+00  0.000000e+00  1.000000e+00
   outer loop
     vertex  1.500000e+00  1.500000e+00  6.000000e+00
     vertex  1.546555e+00  8.189432e-01  6.000000e+00
     vertex  1.568143e+00  7.768066e-01  6.000000e+00
   endloop
 endfacet
 facet normal  0.000000e+00  0.000000e+00  1.000000e+00
   outer loop
     vertex  1.500000e+00  1.500000e+00  6.000000e+00
     vertex  1.523835e+00  8.604804e-01  6.000000e+00
     vertex  1.546555e+00  8.189432e-01  6.000000e+00
   endloop
 endfacet
 facet normal  0.000000e+00  0.000000e+00  1.000000e+00
   outer loop
     vertex  1.500000e+00  1.500000e+00  6.000000e+00
     vertex  1.500000e+00  9.013878e-01  6.000000e+00
     vertex  1.523835e+00  8.604804e-01  6.000000e+00
   endloop
 endfacet
 facet normal  0.000000e+00  0.000000e+00  1.000000e+00
   outer loop
     vertex  1.500000e+00  1.500000e+00  6.000000e+00
     vertex  8.604804e-01  1.523835e+00  6.000000e+00
     vertex  9.013878e-01  1.500000e+00  6.000000e+00
   endloop
 endfacet
 facet normal  0.000000e+00  0.000000e+00  1.000000e+00
   outer loop
     vertex  1.500000e+00  1.500000e+00  6.000000e+00
     vertex  8.189432e-01  1.546555e+00  6.000000e+00
     vertex  8.604804e-01  1.523835e+00  6.000000e+00
   endloop
 endfacet
 facet normal  0.000000e+00  0.000000e+00  1.000000e+00
   outer loop
     vertex  1.500000e+00  1.500000e+00  6.000000e+00
     vertex  7.768066e-01  1.568143e+00  6.000000e+00
     vertex  8.189432e-01  1.546555e+00  6.000000e+00
   endloop
 endfacet
 facet normal  0.000000e+00  0.000000e+00  1.000000e+00
   outer loop
     vertex  1.500000e+00  1.500000e+00  6.000000e+00
     vertex  7.341015e-01  1.588583e+00  6.000000e+00
     vertex  7.768066e-01  1.568143e+00  6.000000e+00
   endloop
 endfacet
 facet normal  0.000000e+00  0.000000e+00  1.000000e+00
   outer loop
     vertex  1.500000e+00  1.500000e+00  6.000000e+00
     vertex  6.908590e-01  1.607860e+00  6.000000e+00
     vertex  7.341015e-01  1.588583e+00  6.000000e+00
   endloop
 endfacet
 facet normal  0.000000e+00  0.000000e+00  1.000000e+00
   outer loop
     vertex  1.500000e+00  1.500000e+00  6.000000e+00
     vertex  6.471108e-01  1.625961e+00  6.000000e+00
     vertex  6.908590e-01  1.607860e+00  6.000000e+00
   endloop
 endfacet
 facet normal  0.000000e+00  0.000000e+00  1.000000e+00
   outer loop
     vertex  1.500000e+00  1.500000e+00  6.000000e+00
     vertex  6.028891e-01  1.642871e+00  6.000000e+00
     vertex  6.471108e-01  1.625961e+00  6.000000e+00
   endloop
 endfacet
 facet normal  0.000000e+00  0.000000e+00  1.000000e+00
   outer loop
     vertex  4.000000e+00  4.000000e+00  6.000000e+00
     vertex  1.749360e+00  4.734043e-02  6.000000e+00
     vertex  1.750000e+00 -4.286264e-16  6.000000e+00
   endloop
 endfacet
 facet normal  0.000000e+00  0.000000e+00  1.000000e+00
   outer loop
     vertex  4.000000e+00  4.000000e+00  6.000000e+00
     vertex  1.747439e+00  9.464622e-02  6.000000e+00
     vertex  1.749360e+00  4.734043e-02  6.000000e+00
   endloop
 endfacet
 facet normal  0.000000e+00  0.000000e+00  1.000000e+00
   outer loop
     vertex  4.000000e+00  4.000000e+00  6.000000e+00
     vertex  1.744239e+00  1.418827e-01  6.000000e+00
     vertex  1.747439e+00  9.464622e-02  6.000000e+00
   endloop
 endfacet
 facet normal  0.000000e+00  0.000000e+00  1.000000e+00
   outer loop
     vertex  4.000000e+00  4.000000e+00  6.000000e+00
     vertex  1.739762e+00  1.890154e-01  6.000000e+00
     vertex  1.744239e+00  1.418827e-01  6.000000e+00
   endloop
 endfacet
 facet normal  0.000000e+00  0.000000e+00  1.000000e+00
   outer loop
     vertex  4.000000e+00  4.000000e+00  6.000000e+00
     vertex  1.734013e+00  2.360097e-01  6.000000e+00
     vertex  1.739762e+00  1.890154e-01  6.000000e+00
   endloop
 endfacet
 facet normal  0.000000e+00  0.000000e+00  1.000000e+00
   outer loop
     vertex  4.000000e+00  4.000000e+00  6.000000e+00
     vertex  1.726993e+00  2.828313e-01  6.000000e+00
     vertex  1.734013e+00  2.360097e-01  6.000000e+00
   endloop
 endfacet
 facet normal  0.000000e+00  0.000000e+00  1.000000e+00
   outer loop
     vertex  4.000000e+00  4.000000e+00  6.000000e+00
     vertex  1.718710e+00  3.294458e-01  6.000000e+00
     vertex  1.726993e+00  2.828313e-01  6.000000e+00
   endloop
 endfacet
 facet normal  0.000000e+00  0.000000e+00  1.000000e+00
   outer loop
     vertex  4.000000e+00  4.000000e+00  6.000000e+00
     vertex  1.709169e+00  3.758193e-01  6.000000e+00
     vertex  1.718710e+00  3.294458e-01  6.000000e+00
   endloop
 endfacet
 facet normal  0.000000e+00  0.000000e+00  1.000000e+00
   outer loop
     vertex  4.000000e+00  4.000000e+00  6.000000e+00
     vertex  1.500000e+00  1.500000e+00  6.000000e+00
     vertex  1.642871e+00  6.028891e-01  6.000000e+00
   endloop
 endfacet
 facet normal  0.000000e+00  0.000000e+00  1.000000e+00
   outer loop
     vertex  4.000000e+00  4.000000e+00  6.000000e+00
     vertex  1.698377e+00  4.219176e-01  6.000000e+00
     vertex  1.709169e+00  3.758193e-01  6.000000e+00
   endloop
 endfacet
 facet normal  0.000000e+00  0.000000e+00  1.000000e+00
   outer loop
     vertex  4.000000e+00  4.000000e+00  6.000000e+00
     vertex  1.686342e+00  4.677072e-01  6.000000e+00
     vertex  1.698377e+00  4.219176e-01  6.000000e+00
   endloop
 endfacet
 facet normal  0.000000e+00  0.000000e+00  1.000000e+00
   outer loop
     vertex  4.000000e+00  4.000000e+00  6.000000e+00
     vertex  1.673073e+00  5.131544e-01  6.000000e+00
     vertex  1.686342e+00  4.677072e-01  6.000000e+00
   endloop
 endfacet
 facet normal  0.000000e+00  0.000000e+00  1.000000e+00
   outer loop
     vertex  4.000000e+00  4.000000e+00  6.000000e+00
     vertex  1.658579e+00  5.582260e-01  6.000000e+00
     vertex  1.673073e+00  5.131544e-01  6.000000e+00
   endloop
 endfacet
 facet normal  0.000000e+00  0.000000e+00  1.000000e+00
   outer loop
     vertex  4.000000e+00  4.000000e+00  6.000000e+00
     vertex  1.642871e+00  6.028891e-01  6.000000e+00
     vertex  1.658579e+00  5.582260e-01  6.000000e+00
   endloop
 endfacet
 facet normal  0.000000e+00  0.000000e+00  1.000000e+00
   outer loop
     vertex  4.000000e+00  4.000000e+00  6.000000e+00
     vertex  1.750000e+00 -4.286264e-16  6.000000e+00
     vertex  4.000000e+00 -4.000000e+00  6.000000e+00
   endloop
 endfacet
 facet normal  0.000000e+00  0.000000e+00  1.000000e+00
   outer loop
     vertex  4.000000e+00  4.000000e+00  6.000000e+00
     vertex -4.000000e+00  4.000000e+00  6.000000e+00
     vertex  8.843127e-16  1.750000e+00  6.000000e+00
   endloop
 endfacet
 facet normal  0.000000e+00  0.000000e+00  1.000000e+00
   outer loop
     vertex  4.000000e+00  4.000000e+00  6.000000e+00
     vertex  5.582260e-01  1.658579e+00  6.000000e+00
     vertex  6.028891e-01  1.642871e+00  6.000000e+00
   endloop
 endfacet
 facet normal  0.000000e+00  0.000000e+00  1.000000e+00
   outer loop
     vertex  4.000000e+00  4.000000e+00  6.000000e+00
     vertex  5.131544e-01  1.673073e+00  6.000000e+00
     vertex  5.582260e-01  1.658579e+00  6.000000e+00
   endloop
 endfacet
 facet normal  0.000000e+00  0.000000e+00  1.000000e+00
   outer loop
     vertex  4.000000e+00  4.000000e+00  6.000000e+00
     vertex  4.677072e-01  1.686342e+00  6.000000e+00
     vertex  5.131544e-01  1.673073e+00  6.000000e+00
   endloop
 endfacet
 facet normal  0.000000e+00  0.000000e+00  1.000000e+00
   outer loop
     vertex  4.000000e+00  4.000000e+00  6.000000e+00
     vertex  4.219176e-01  1.698377e+00  6.000000e+00
     vertex  4.677072e-01  1.686342e+00  6.000000e+00
   endloop
 endfacet
 facet normal  0.000000e+00  0.000000e+00  1.000000e+00
   outer loop
     vertex  4.000000e+00  4.000000e+00  6.000000e+00
     vertex  3.758193e-01  1.709169e+00  6.000000e+00
     vertex  4.219176e-01  1.698377e+00  6.000000e+00
   endloop
 endfacet
 facet normal  0.000000e+00  0.000000e+00  1.000000e+00
   outer loop
     vertex  4.000000e+00  4.000000e+00  6.000000e+00
     vertex  3.294458e-01  1.718710e+00  6.000000e+00
     vertex  3.758193e-01  1.709169e+00  6.000000e+00
   endloop
 endfacet
 facet normal  0.000000e+00  0.000000e+00  1.000000e+00
   outer loop
     vertex  4.000000e+00  4.000000e+00  6.000000e+00
     vertex  2.828313e-01  1.726993e+00  6.000000e+00
     vertex  3.294458e-01  1.718710e+00  6.000000e+00
   endloop
 endfacet
 facet normal  0.000000e+00  0.000000e+00  1.000000e+00
   outer loop
     vertex  4.000000e+00  4.000000e+00  6.000000e+00
     vertex  2.360097e-01  1.734013e+00  6.000000e+00
     vertex  2.828313e-01  1.726993e+00  6.000000e+00
   endloop
 endfacet
 facet normal  0.000000e+00  0.000000e+00  1.000000e+00
   outer loop
     vertex  4.000000e+00  4.000000e+00  6.000000e+00
     vertex  1.890154e-01  1.739762e+00  6.000000e+00
     vertex  2.360097e-01  1.734013e+00  6.000000e+00
   endloop
 endfacet
 facet normal  0.000000e+00  0.000000e+00  1.000000e+00
   outer loop
     vertex  4.000000e+00  4.000000e+00  6.000000e+00
     vertex  1.418827e-01  1.744239e+00  6.000000e+00
     vertex  1.890154e-01  1.739762e+00  6.000000e+00
   endloop
 endfacet
 facet normal  0.000000e+00  0.000000e+00  1.000000e+00
   outer loop
     vertex  4.000000e+00  4.000000e+00  6.000000e+00
     vertex  9.464622e-02  1.747439e+00  6.000000e+00
     vertex  1.418827e-01  1.744239e+00  6.000000e+00
   endloop
 endfacet
 facet normal  0.000000e+00  0.000000e+00  1.000000e+00
   outer loop
     vertex  4.000000e+00  4.000000e+00  6.000000e+00
     vertex  4.734043e-02  1.749360e+00  6.000000e+00
     vertex  9.464622e-02  1.747439e+00  6.000000e+00
   endloop
 endfacet
 facet normal  0.000000e+00  0.000000e+00  1.000000e+00
   outer loop
     vertex  4.000000e+00  4.000000e+00  6.000000e+00
     vertex  8.843127e-16  1.750000e+00  6.000000e+00
     vertex  4.734043e-02  1.749360e+00  6.000000e+00
   endloop
 endfacet
 facet normal  0.000000e+00  0.000000e+00  1.000000e+00
   outer loop
     vertex  4.000000e+00  4.000000e+00  6.000000e+00
     vertex  6.028891e-01  1.642871e+00  6.000000e+00
     vertex  1.500000e+00  1.500000e+00  6.000000e+00
   endloop
 endfacet
 facet normal  0.000000e+00  1.000000e+00  0.000000e+00
   outer loop
     vertex  4.000000e+00  4.000000e+00  6.000000e+00
     vertex  4.000000e+00  4.000000e+00  0.000000e+00
     vertex -4.000000e+00  4.000000e+00  0.000000e+00
   endloop
 endfacet
 facet normal  0.000000e+00  1.000000e+00  0.000000e+00
   outer loop
     vertex  4.000000e+00  4.000000e+00  6.000000e+00
     vertex -4.000000e+00  4.000000e+00  0.000000e+00
     vertex -4.000000e+00  4.000000e+00  6.000000e+00
   endloop
 endfacet
 facet normal -0.000000e+00  0.000000e+00 -1.000000e+00
   outer loop
     vertex -1.207375e+00 -1.266786e+00  0.000000e+00
     vertex -4.000000e+00 -4.000000e+00  0.000000e+00
     vertex -1.241674e+00 -1.233186e+00  0.000000e+00
   endloop
 endfacet
 facet normal  0.000000e+00 -0.000000e+00 -1.000000e+00
   outer loop
     vertex -1.275038e+00 -1.198657e+00  0.000000e+00
     vertex -1.241674e+00 -1.233186e+00  0.000000e+00
     vertex -4.000000e+00 -4.000000e+00  0.000000e+00
   endloop
 endfacet
 facet normal -0.000000e+00  0.000000e+00 -1.000000e+00
   outer loop
     vertex -1.172167e+00 -1.299432e+00  0.000000e+00
     vertex -4.000000e+00 -4.000000e+00  0.000000e+00
     vertex -1.207375e+00 -1.266786e+00  0.000000e+00
   endloop
 endfacet
 facet normal  0.000000e+00 -0.000000e+00 -1.000000e+00
   outer loop
     vertex -1.307442e+00 -1.163227e+00  0.000000e+00
     vertex -1.275038e+00 -1.198657e+00  0.000000e+00
     vertex -4.000000e+00 -4.000000e+00  0.000000e+00
   endloop
 endfacet
 facet normal -0.000000e+00  0.000000e+00 -1.000000e+00
   outer loop
     vertex -1.136078e+00 -1.331100e+00  0.000000e+00
     vertex -4.000000e+00 -4.000000e+00  0.000000e+00
     vertex -1.172167e+00 -1.299432e+00  0.000000e+00
   endloop
 endfacet
 facet normal  0.000000e+00 -0.000000e+00 -1.000000e+00
   outer loop
     vertex -1.338862e+00 -1.126920e+00  0.000000e+00
     vertex -1.307442e+00 -1.163227e+00  0.000000e+00
     vertex -4.000000e+00 -4.000000e+00  0.000000e+00
   endloop
 endfacet
 facet normal -0.000000e+00  0.000000e+00 -1.000000e+00
   outer loop
     vertex -1.099133e+00 -1.361766e+00  0.000000e+00
     vertex -4.000000e+00 -4.000000e+00  0.000000e+00
     vertex -1.136078e+00 -1.331100e+00  0.000000e+00
   endloop
 endfacet
 facet normal  0.000000e+00 -0.000000e+00 -1.000000e+00
   outer loop
     vertex -1.369274e+00 -1.089766e+00  0.000000e+00
     vertex -1.338862e+00 -1.126920e+00  0.000000e+00
     vertex -4.000000e+00 -4.000000e+00  0.000000e+00
   endloop
 endfacet
 facet normal -0.000000e+00  0.000000e+00 -1.000000e+00
   outer loop
     vertex -1.061360e+00 -1.391407e+00  0.000000e+00
     vertex -4.000000e+00 -4.000000e+00  0.000000e+00
     vertex -1.099133e+00 -1.361766e+00  0.000000e+00
   endloop
 endfacet
 facet normal  0.000000e+00 -0.000000e+00 -1.000000e+00
   outer loop
     vertex -1.398655e+00 -1.051791e+00  0.000000e+00
     vertex -1.369274e+00 -1.089766e+00  0.000000e+00
     vertex -4.000000e+00 -4.000000e+00  0.000000e+00
   endloop
 endfacet
 facet normal -0.000000e+00  0.000000e+00 -1.000000e+00
   outer loop
     vertex -1.022789e+00 -1.420001e+00  0.000000e+00
     vertex -4.000000e+00 -4.000000e+00  0.000000e+00
     vertex -1.061360e+00 -1.391407e+00  0.000000e+00
   endloop
 endfacet
 facet normal  0.000000e+00 -0.000000e+00 -1.000000e+00
   outer loop
     vertex -1.426983e+00 -1.013024e+00  0.000000e+00
     vertex -1.398655e+00 -1.051791e+00  0.000000e+00
     vertex -4.000000e+00 -4.000000e+00  0.000000e+00
   endloop
 endfacet
 facet normal -0.000000e+00  0.000000e+00 -1.000000e+00
   outer loop
     vertex -9.834473e-01 -1.447526e+00  0.000000e+00
     vertex -4.000000e+00 -4.000000e+00  0.000000e+00
     vertex -1.022789e+00 -1.420001e+00  0.000000e+00
   endloop
 endfacet
 facet normal  0.000000e+00 -0.000000e+00 -1.000000e+00
   outer loop
     vertex -1.454238e+00 -9.734952e-01  0.000000e+00
     vertex -1.426983e+00 -1.013024e+00  0.000000e+00
     vertex -4.000000e+00 -4.000000e+00  0.000000e+00
   endloop
 endfacet
 facet normal -0.000000e+00  0.000000e+00 -1.000000e+00
   outer loop
     vertex -9.433657e-01 -1.473961e+00  0.000000e+00
     vertex -4.000000e+00 -4.000000e+00  0.000000e+00
     vertex -9.834473e-01 -1.447526e+00  0.000000e+00
   endloop
 endfacet
 facet normal  0.000000e+00 -0.000000e+00 -1.000000e+00
   outer loop
     vertex -1.480397e+00 -9.332331e-01  0.000000e+00
     vertex -1.454238e+00 -9.734952e-01  0.000000e+00
     vertex -4.000000e+00 -4.000000e+00  0.000000e+00
   endloop
 endfacet
 facet normal -0.000000e+00  0.000000e+00 -1.000000e+00
   outer loop
     vertex -9.025739e-01 -1.499287e+00  0.000000e+00
     vertex -4.000000e+00 -4.000000e+00  0.000000e+00
     vertex -9.433657e-01 -1.473961e+00  0.000000e+00
   endloop
 endfacet
 facet normal  0.000000e+00 -0.000000e+00 -1.000000e+00
   outer loop
     vertex -1.505442e+00 -8.922686e-01  0.000000e+00
     vertex -1.480397e+00 -9.332331e-01  0.000000e+00
     vertex -4.000000e+00 -4.000000e+00  0.000000e+00
   endloop
 endfacet
 facet normal -0.000000e+00  0.000000e+00 -1.000000e+00
   outer loop
     vertex -8.611027e-01 -1.523484e+00  0.000000e+00
     vertex -4.000000e+00 -4.000000e+00  0.000000e+00
     vertex -9.025739e-01 -1.499287e+00  0.000000e+00
   endloop
 endfacet
 facet normal  0.000000e+00 -0.000000e+00 -1.000000e+00
   outer loop
     vertex -1.529354e+00 -8.506324e-01  0.000000e+00
     vertex -1.505442e+00 -8.922686e-01  0.000000e+00
     vertex -4.000000e+00 -4.000000e+00  0.000000e+00
   endloop
 endfacet
 facet normal -0.000000e+00  0.000000e+00 -1.000000e+00
   outer loop
     vertex -8.189833e-01 -1.546534e+00  0.000000e+00
     vertex -4.000000e+00 -4.000000e+00  0.000000e+00
     vertex -8.611027e-01 -1.523484e+00  0.000000e+00
   endloop
 endfacet
 facet normal  0.000000e+00 -0.000000e+00 -1.000000e+00
   outer loop
     vertex -1.552115e+00 -8.083558e-01  0.000000e+00
     vertex -1.529354e+00 -8.506324e-01  0.000000e+00
     vertex -4.000000e+00 -4.000000e+00  0.000000e+00
   endloop
 endfacet
 facet normal -0.000000e+00  0.000000e+00 -1.000000e+00
   outer loop
     vertex -7.762473e-01 -1.568420e+00  0.000000e+00
     vertex -4.000000e+00 -4.000000e+00  0.000000e+00
     vertex -8.189833e-01 -1.546534e+00  0.000000e+00
   endloop
 endfacet
 facet normal  0.000000e+00 -0.000000e+00 -1.000000e+00
   outer loop
     vertex -1.573707e+00 -7.654708e-01  0.000000e+00
     vertex -1.552115e+00 -8.083558e-01  0.000000e+00
     vertex -4.000000e+00 -4.000000e+00  0.000000e+00
   endloop
 endfacet
 facet normal -0.000000e+00  0.000000e+00 -1.000000e+00
   outer loop
     vertex -7.329271e-01 -1.589125e+00  0.000000e+00
     vertex -4.000000e+00 -4.000000e+00  0.000000e+00
     vertex -7.762473e-01 -1.568420e+00  0.000000e+00
   endloop
 endfacet
 facet normal  0.000000e+00 -0.000000e+00 -1.000000e+00
   outer loop
     vertex -1.594115e+00 -7.220095e-01  0.000000e+00
     vertex -1.573707e+00 -7.654708e-01  0.000000e+00
     vertex -4.000000e+00 -4.000000e+00  0.000000e+00
   endloop
 endfacet
 facet normal -0.000000e+00  0.000000e+00 -1.000000e+00
   outer loop
     vertex -6.890551e-01 -1.608634e+00  0.000000e+00
     vertex -4.000000e+00 -4.000000e+00  0.000000e+00
     vertex -7.329271e-01 -1.589125e+00  0.000000e+00
   endloop
 endfacet
 facet normal  0.000000e+00 -0.000000e+00 -1.000000e+00
   outer loop
     vertex -1.613323e+00 -6.780047e-01  0.000000e+00
     vertex -1.594115e+00 -7.220095e-01  0.000000e+00
     vertex -4.000000e+00 -4.000000e+00  0.000000e+00
   endloop
 endfacet
 facet normal -0.000000e+00  0.000000e+00 -1.000000e+00
   outer loop
     vertex -6.446644e-01 -1.626932e+00  0.000000e+00
     vertex -4.000000e+00 -4.000000e+00  0.000000e+00
     vertex -6.890551e-01 -1.608634e+00  0.000000e+00
   endloop
 endfacet
 facet normal  0.000000e+00 -0.000000e+00 -1.000000e+00
   outer loop
     vertex -1.631316e+00 -6.334896e-01  0.000000e+00
     vertex -1.613323e+00 -6.780047e-01  0.000000e+00
     vertex -4.000000e+00 -4.000000e+00  0.000000e+00
   endloop
 endfacet
 facet normal -0.000000e+00  0.000000e+00 -1.000000e+00
   outer loop
     vertex -5.997884e-01 -1.644005e+00  0.000000e+00
     vertex -4.000000e+00 -4.000000e+00  0.000000e+00
     vertex -6.446644e-01 -1.626932e+00  0.000000e+00
   endloop
 endfacet
 facet normal  0.000000e+00 -0.000000e+00 -1.000000e+00
   outer loop
     vertex -1.648081e+00 -5.884975e-01  0.000000e+00
     vertex -1.631316e+00 -6.334896e-01  0.000000e+00
     vertex -4.000000e+00 -4.000000e+00  0.000000e+00
   endloop
 endfacet
 facet normal -0.000000e+00  0.000000e+00 -1.000000e+00
   outer loop
     vertex -5.544609e-01 -1.659841e+00  0.000000e+00
     vertex -4.000000e+00 -4.000000e+00  0.000000e+00
     vertex -5.997884e-01 -1.644005e+00  0.000000e+00
   endloop
 endfacet
 facet normal  0.000000e+00 -0.000000e+00 -1.000000e+00
   outer loop
     vertex -1.663605e+00 -5.430625e-01  0.000000e+00
     vertex -1.648081e+00 -5.884975e-01  0.000000e+00
     vertex -4.000000e+00 -4.000000e+00  0.000000e+00
   endloop
 endfacet
 facet normal -0.000000e+00  0.000000e+00 -1.000000e+00
   outer loop
     vertex -5.087161e-01 -1.674428e+00  0.000000e+00
     vertex -4.000000e+00 -4.000000e+00  0.000000e+00
     vertex -5.544609e-01 -1.659841e+00  0.000000e+00
   endloop
 endfacet
 facet normal  0.000000e+00 -0.000000e+00 -1.000000e+00
   outer loop
     vertex -1.677878e+00 -4.972187e-01  0.000000e+00
     vertex -1.663605e+00 -5.430625e-01  0.000000e+00
     vertex -4.000000e+00 -4.000000e+00  0.000000e+00
   endloop
 endfacet
 facet normal -0.000000e+00  0.000000e+00 -1.000000e+00
   outer loop
     vertex -4.625883e-01 -1.687754e+00  0.000000e+00
     vertex -4.000000e+00 -4.000000e+00  0.000000e+00
     vertex -5.087161e-01 -1.674428e+00  0.000000e+00
   endloop
 endfacet
 facet normal  0.000000e+00 -0.000000e+00 -1.000000e+00
   outer loop
     vertex -1.690887e+00 -4.510006e-01  0.000000e+00
     vertex -1.677878e+00 -4.972187e-01  0.000000e+00
     vertex -4.000000e+00 -4.000000e+00  0.000000e+00
   endloop
 endfacet
 facet normal -0.000000e+00  0.000000e+00 -1.000000e+00
   outer loop
     vertex -4.161123e-01 -1.699809e+00  0.000000e+00
     vertex -4.000000e+00 -4.000000e+00  0.000000e+00
     vertex -4.625883e-01 -1.687754e+00  0.000000e+00
   endloop
 endfacet
 facet normal  0.000000e+00 -0.000000e+00 -1.000000e+00
   outer loop
     vertex -1.702623e+00 -4.044429e-01  0.000000e+00
     vertex -1.690887e+00 -4.510006e-01  0.000000e+00
     vertex -4.000000e+00 -4.000000e+00  0.000000e+00
   endloop
 endfacet
 facet normal -0.000000e+00  0.000000e+00 -1.000000e+00
   outer loop
     vertex -3.693230e-01 -1.710585e+00  0.000000e+00
     vertex -4.000000e+00 -4.000000e+00  0.000000e+00
     vertex -4.161123e-01 -1.699809e+00  0.000000e+00
   endloop
 endfacet
 facet normal  0.000000e+00 -0.000000e+00 -1.000000e+00
   outer loop
     vertex -1.713078e+00 -3.575809e-01  0.000000e+00
     vertex -1.702623e+00 -4.044429e-01  0.000000e+00
     vertex -4.000000e+00 -4.000000e+00  0.000000e+00
   endloop
 endfacet
 facet normal -0.000000e+00  0.000000e+00 -1.000000e+00
   outer loop
     vertex -3.222557e-01 -1.720073e+00  0.000000e+00
     vertex -4.000000e+00 -4.000000e+00  0.000000e+00
     vertex -3.693230e-01 -1.710585e+00  0.000000e+00
   endloop
 endfacet
 facet normal  0.000000e+00 -0.000000e+00 -1.000000e+00
   outer loop
     vertex -1.722243e+00 -3.104496e-01  0.000000e+00
     vertex -1.713078e+00 -3.575809e-01  0.000000e+00
     vertex -4.000000e+00 -4.000000e+00  0.000000e+00
   endloop
 endfacet
 facet normal -0.000000e+00  0.000000e+00 -1.000000e+00
   outer loop
     vertex -2.749459e-01 -1.728266e+00  0.000000e+00
     vertex -4.000000e+00 -4.000000e+00  0.000000e+00
     vertex -3.222557e-01 -1.720073e+00  0.000000e+00
   endloop
 endfacet
 facet normal  0.000000e+00 -0.000000e+00 -1.000000e+00
   outer loop
     vertex -1.730112e+00 -2.630847e-01  0.000000e+00
     vertex -1.722243e+00 -3.104496e-01  0.000000e+00
     vertex -4.000000e+00 -4.000000e+00  0.000000e+00
   endloop
 endfacet
 facet normal -0.000000e+00  0.000000e+00 -1.000000e+00
   outer loop
     vertex -2.274290e-01 -1.735159e+00  0.000000e+00
     vertex -4.000000e+00 -4.000000e+00  0.000000e+00
     vertex -2.749459e-01 -1.728266e+00  0.000000e+00
   endloop
 endfacet
 facet normal  0.000000e+00 -0.000000e+00 -1.000000e+00
   outer loop
     vertex -1.736678e+00 -2.155217e-01  0.000000e+00
     vertex -1.730112e+00 -2.630847e-01  0.000000e+00
     vertex -4.000000e+00 -4.000000e+00  0.000000e+00
   endloop
 endfacet
 facet normal -0.000000e+00  0.000000e+00 -1.000000e+00
   outer loop
     vertex -1.797410e-01 -1.740745e+00  0.000000e+00
     vertex -4.000000e+00 -4.000000e+00  0.000000e+00
     vertex -2.274290e-01 -1.735159e+00  0.000000e+00
   endloop
 endfacet
 facet normal  0.000000e+00 -0.000000e+00 -1.000000e+00
   outer loop
     vertex -1.741937e+00 -1.677964e-01  0.000000e+00
     vertex -1.736678e+00 -2.155217e-01  0.000000e+00
     vertex -4.000000e+00 -4.000000e+00  0.000000e+00
   endloop
 endfacet
 facet normal -0.000000e+00  0.000000e+00 -1.000000e+00
   outer loop
     vertex -1.319177e-01 -1.745021e+00  0.000000e+00
     vertex -4.000000e+00 -4.000000e+00  0.000000e+00
     vertex -1.797410e-01 -1.740745e+00  0.000000e+00
   endloop
 endfacet
 facet normal  0.000000e+00 -0.000000e+00 -1.000000e+00
   outer loop
     vertex -1.745885e+00 -1.199449e-01  0.000000e+00
     vertex -1.741937e+00 -1.677964e-01  0.000000e+00
     vertex -4.000000e+00 -4.000000e+00  0.000000e+00
   endloop
 endfacet
 facet normal -0.000000e+00  0.000000e+00 -1.000000e+00
   outer loop
     vertex -8.399503e-02 -1.747983e+00  0.000000e+00
     vertex -4.000000e+00 -4.000000e+00  0.000000e+00
     vertex -1.319177e-01 -1.745021e+00  0.000000e+00
   endloop
 endfacet
 facet normal  0.000000e+00 -0.000000e+00 -1.000000e+00
   outer loop
     vertex -1.748518e+00 -7.200308e-02  0.000000e+00
     vertex -1.745885e+00 -1.199449e-01  0.000000e+00
     vertex -4.000000e+00 -4.000000e+00  0.000000e+00
   endloop
 endfacet
 facet normal -0.000000e+00  0.000000e+00 -1.000000e+00
   outer loop
     vertex -3.600916e-02 -1.749629e+00  0.000000e+00
     vertex -4.000000e+00 -4.000000e+00  0.000000e+00
     vertex -8.399503e-02 -1.747983e+00  0.000000e+00
   endloop
 endfacet
 facet normal  0.000000e+00 -0.000000e+00 -1.000000e+00
   outer loop
     vertex -1.749835e+00 -2.400705e-02  0.000000e+00
     vertex -1.748518e+00 -7.200308e-02  0.000000e+00
     vertex -4.000000e+00 -4.000000e+00  0.000000e+00
   endloop
 endfacet
 facet normal -0.000000e+00  0.000000e+00 -1.000000e+00
   outer loop
     vertex  1.200381e-02 -1.749959e+00  0.000000e+00
     vertex -4.000000e+00 -4.000000e+00  0.000000e+00
     vertex -3.600916e-02 -1.749629e+00  0.000000e+00
   endloop
 endfacet
 facet normal  0.000000e+00  0.000000e+00 -1.000000e+00
   outer loop
     vertex  4.000000e+00 -4.000000e+00  0.000000e+00
     vertex  1.117710e+00 -1.346560e+00  0.000000e+00
     vertex  1.154231e+00 -1.315390e+00  0.000000e+00
   endloop
 endfacet
 facet normal  0.000000e+00  0.000000e+00 -1.000000e+00
   outer loop
     vertex  4.000000e+00 -4.000000e+00  0.000000e+00
     vertex  1.154231e+00 -1.315390e+00  0.000000e+00
     vertex  1.189883e+00 -1.283230e+00  0.000000e+00
   endloop
 endfacet
 facet normal  0.000000e+00  0.000000e+00 -1.000000e+00
   outer loop
     vertex  4.000000e+00 -4.000000e+00  0.000000e+00
     vertex  1.189883e+00 -1.283230e+00  0.000000e+00
     vertex  1.224640e+00 -1.250103e+00  0.000000e+00
   endloop
 endfacet
 facet normal  0.000000e+00  0.000000e+00 -1.000000e+00
   outer loop
     vertex  4.000000e+00 -4.000000e+00  0.000000e+00
     vertex -4.000000e+00 -4.000000e+00  0.000000e+00
     vertex  1.200381e-02 -1.749959e+00  0.000000e+00
   endloop
 endfacet
 facet normal  0.000000e+00  0.000000e+00 -1.000000e+00
   outer loop
     vertex  4.000000e+00 -4.000000e+00  0.000000e+00
     vertex  1.200381e-02 -1.749959e+00  0.000000e+00
     vertex  6.000774e-02 -1.748971e+00  0.000000e+00
   endloop
 endfacet
 facet normal  0.000000e+00  0.000000e+00 -1.000000e+00
   outer loop
     vertex  4.000000e+00 -4.000000e+00  0.000000e+00
     vertex  6.000774e-02 -1.748971e+00  0.000000e+00
     vertex  1.079665e-01 -1.746666e+00  0.000000e+00
   endloop
 endfacet
 facet normal  0.000000e+00  0.000000e+00 -1.000000e+00
   outer loop
     vertex  4.000000e+00 -4.000000e+00  0.000000e+00
     vertex  1.079665e-01 -1.746666e+00  0.000000e+00
     vertex  1.558440e-01 -1.743047e+00  0.000000e+00
   endloop
 endfacet
 facet normal  0.000000e+00  0.000000e+00 -1.000000e+00
   outer loop
     vertex  4.000000e+00 -4.000000e+00  0.000000e+00
     vertex  1.558440e-01 -1.743047e+00  0.000000e+00
     vertex  2.036042e-01 -1.738115e+00  0.000000e+00
   endloop
 endfacet
 facet normal  0.000000e+00  0.000000e+00 -1.000000e+00
   outer loop
     vertex  4.000000e+00 -4.000000e+00  0.000000e+00
     vertex  2.036042e-01 -1.738115e+00  0.000000e+00
     vertex  2.512111e-01 -1.731876e+00  0.000000e+00
   endloop
 endfacet
 facet normal  0.000000e+00  0.000000e+00 -1.000000e+00
   outer loop
     vertex  4.000000e+00 -4.000000e+00  0.000000e+00
     vertex  2.512111e-01 -1.731876e+00  0.000000e+00
     vertex  2.986289e-01 -1.724332e+00  0.000000e+00
   endloop
 endfacet
 facet normal  0.000000e+00  0.000000e+00 -1.000000e+00
   outer loop
     vertex  4.000000e+00 -4.000000e+00  0.000000e+00
     vertex  2.986289e-01 -1.724332e+00  0.000000e+00
     vertex  3.458219e-01 -1.715490e+00  0.000000e+00
   endloop
 endfacet
 facet normal  0.000000e+00  0.000000e+00 -1.000000e+00
   outer loop
     vertex  4.000000e+00 -4.000000e+00  0.000000e+00
     vertex  3.458219e-01 -1.715490e+00  0.000000e+00
     vertex  3.927546e-01 -1.705357e+00  0.000000e+00
   endloop
 endfacet
 facet normal  0.000000e+00  0.000000e+00 -1.000000e+00
   outer loop
     vertex  4.000000e+00 -4.000000e+00  0.000000e+00
     vertex  3.927546e-01 -1.705357e+00  0.000000e+00
     vertex  4.393916e-01 -1.693941e+00  0.000000e+00
   endloop
 endfacet
 facet normal  0.000000e+00  0.000000e+00 -1.000000e+00
   outer loop
     vertex  4.000000e+00 -4.000000e+00  0.000000e+00
     vertex  4.393916e-01 -1.693941e+00  0.000000e+00
     vertex  4.856979e-01 -1.681249e+00  0.000000e+00
   endloop
 endfacet
 facet normal  0.000000e+00  0.000000e+00 -1.000000e+00
   outer loop
     vertex  4.000000e+00 -4.000000e+00  0.000000e+00
     vertex  4.856979e-01 -1.681249e+00  0.000000e+00
     vertex  5.316385e-01 -1.667291e+00  0.000000e+00
   endloop
 endfacet
 facet normal  0.000000e+00  0.000000e+00 -1.000000e+00
   outer loop
     vertex  4.000000e+00 -4.000000e+00  0.000000e+00
     vertex  5.316385e-01 -1.667291e+00  0.000000e+00
     vertex  5.771790e-01 -1.652079e+00  0.000000e+00
   endloop
 endfacet
 facet normal  0.000000e+00  0.000000e+00 -1.000000e+00
   outer loop
     vertex  4.000000e+00 -4.000000e+00  0.000000e+00
     vertex  5.771790e-01 -1.652079e+00  0.000000e+00
     vertex  6.222850e-01 -1.635623e+00  0.000000e+00
   endloop
 endfacet
 facet normal  0.000000e+00  0.000000e+00 -1.000000e+00
   outer loop
     vertex  4.000000e+00 -4.000000e+00  0.000000e+00
     vertex  6.222850e-01 -1.635623e+00  0.000000e+00
     vertex  6.669225e-01 -1.617935e+00  0.000000e+00
   endloop
 endfacet
 facet normal  0.000000e+00  0.000000e+00 -1.000000e+00
   outer loop
     vertex  4.000000e+00 -4.000000e+00  0.000000e+00
     vertex  6.669225e-01 -1.617935e+00  0.000000e+00
     vertex  7.110580e-01 -1.599030e+00  0.000000e+00
   endloop
 endfacet
 facet normal  0.000000e+00  0.000000e+00 -1.000000e+00
   outer loop
     vertex  4.000000e+00 -4.000000e+00  0.000000e+00
     vertex  7.110580e-01 -1.599030e+00  0.000000e+00
     vertex  7.546582e-01 -1.578921e+00  0.000000e+00
   endloop
 endfacet
 facet normal  0.000000e+00  0.000000e+00 -1.000000e+00
   outer loop
     vertex  4.000000e+00 -4.000000e+00  0.000000e+00
     vertex  7.546582e-01 -1.578921e+00  0.000000e+00
     vertex  7.976904e-01 -1.557623e+00  0.000000e+00
   endloop
 endfacet
 facet normal  0.000000e+00  0.000000e+00 -1.000000e+00
   outer loop
     vertex  4.000000e+00 -4.000000e+00  0.000000e+00
     vertex  7.976904e-01 -1.557623e+00  0.000000e+00
     vertex  8.401220e-01 -1.535153e+00  0.000000e+00
   endloop
 endfacet
 facet normal  0.000000e+00  0.000000e+00 -1.000000e+00
   outer loop
     vertex  4.000000e+00 -4.000000e+00  0.000000e+00
     vertex  8.401220e-01 -1.535153e+00  0.000000e+00
     vertex  8.819213e-01 -1.511527e+00  0.000000e+00
   endloop
 endfacet
 facet normal  0.000000e+00  0.000000e+00 -1.000000e+00
   outer loop
     vertex  4.000000e+00 -4.000000e+00  0.000000e+00
     vertex  8.819213e-01 -1.511527e+00  0.000000e+00
     vertex  9.230567e-01 -1.486764e+00  0.000000e+00
   endloop
 endfacet
 facet normal  0.000000e+00  0.000000e+00 -1.000000e+00
   outer loop
     vertex  4.000000e+00 -4.000000e+00  0.000000e+00
     vertex  9.230567e-01 -1.486764e+00  0.000000e+00
     vertex  9.634972e-01 -1.460881e+00  0.000000e+00
   endloop
 endfacet
 facet normal  0.000000e+00  0.000000e+00 -1.000000e+00
   outer loop
     vertex  4.000000e+00 -4.000000e+00  0.000000e+00
     vertex  9.634972e-01 -1.460881e+00  0.000000e+00
     vertex  1.003212e+00 -1.433898e+00  0.000000e+00
   endloop
 endfacet
 facet normal  0.000000e+00  0.000000e+00 -1.000000e+00
   outer loop
     vertex  4.000000e+00 -4.000000e+00  0.000000e+00
     vertex  1.003212e+00 -1.433898e+00  0.000000e+00
     vertex  1.042172e+00 -1.405837e+00  0.000000e+00
   endloop
 endfacet
 facet normal  0.000000e+00  0.000000e+00 -1.000000e+00
   outer loop
     vertex  4.000000e+00 -4.000000e+00  0.000000e+00
     vertex  1.042172e+00 -1.405837e+00  0.000000e+00
     vertex  1.080348e+00 -1.376716e+00  0.000000e+00
   endloop
 endfacet
 facet normal  0.000000e+00  0.000000e+00 -1.000000e+00
   outer loop
     vertex  4.000000e+00 -4.000000e+00  0.000000e+00
     vertex  1.080348e+00 -1.376716e+00  0.000000e+00
     vertex  1.117710e+00 -1.346560e+00  0.000000e+00
   endloop
 endfacet
 facet normal  0.000000e+00  0.000000e+00 -1.000000e+00
   outer loop
     vertex -4.000000e+00  4.000000e+00  0.000000e+00
     vertex -1.529354e+00  8.506324e-01  0.000000e+00
     vertex -1.552115e+00  8.083558e-01  0.000000e+00
   endloop
 endfacet
 facet normal  0.000000e+00  0.000000e+00 -1.000000e+00
   outer loop
     vertex -4.000000e+00  4.000000e+00  0.000000e+00
     vertex -1.552115e+00  8.083558e-01  0.000000e+00
     vertex -1.573707e+00  7.654708e-01  0.000000e+00
   endloop
 endfacet
 facet normal  0.000000e+00  0.000000e+00 -1.000000e+00
   outer loop
     vertex -4.000000e+00  4.000000e+00  0.000000e+00
     vertex -1.573707e+00  7.654708e-01  0.000000e+00
     vertex -1.594115e+00  7.220095e-01  0.000000e+00
   endloop
 endfacet
 facet normal  0.000000e+00  0.000000e+00 -1.000000e+00
   outer loop
     vertex -4.000000e+00  4.000000e+00  0.000000e+00
     vertex -1.594115e+00  7.220095e-01  0.000000e+00
     vertex -1.613323e+00  6.780047e-01  0.000000e+00
   endloop
 endfacet
 facet normal  0.000000e+00  0.000000e+00 -1.000000e+00
   outer loop
     vertex -4.000000e+00  4.000000e+00  0.000000e+00
     vertex -1.613323e+00  6.780047e-01  0.000000e+00
     vertex -1.631316e+00  6.334896e-01  0.000000e+00
   endloop
 endfacet
 facet normal  0.000000e+00  0.000000e+00 -1.000000e+00
   outer loop
     vertex -4.000000e+00  4.000000e+00  0.000000e+00
     vertex -1.631316e+00  6.334896e-01  0.000000e+00
     vertex -1.648081e+00  5.884975e-01  0.000000e+00
   endloop
 endfacet
 facet normal  0.000000e+00  0.000000e+00 -1.000000e+00
   outer loop
     vertex -4.000000e+00  4.000000e+00  0.000000e+00
     vertex -1.648081e+00  5.884975e-01  0.000000e+00
     vertex -1.663605e+00  5.430625e-01  0.000000e+00
   endloop
 endfacet
 facet normal  0.000000e+00  0.000000e+00 -1.000000e+00
   outer loop
     vertex -4.000000e+00  4.000000e+00  0.000000e+00
     vertex -1.663605e+00  5.430625e-01  0.000000e+00
     vertex -1.677878e+00  4.972187e-01  0.000000e+00
   endloop
 endfacet
 facet normal  0.000000e+00  0.000000e+00 -1.000000e+00
   outer loop
     vertex -4.000000e+00  4.000000e+00  0.000000e+00
     vertex -1.677878e+00  4.972187e-01  0.000000e+00
     vertex -1.690887e+00  4.510006e-01  0.000000e+00
   endloop
 endfacet
 facet normal  0.000000e+00  0.000000e+00 -1.000000e+00
   outer loop
     vertex -4.000000e+00  4.000000e+00  0.000000e+00
     vertex -1.690887e+00  4.510006e-01  0.000000e+00
     vertex -1.702623e+00  4.044429e-01  0.000000e+00
   endloop
 endfacet
 facet normal  0.000000e+00  0.000000e+00 -1.000000e+00
   outer loop
     vertex -4.000000e+00  4.000000e+00  0.000000e+00
     vertex -1.702623e+00  4.044429e-01  0.000000e+00
     vertex -1.713078e+00  3.575809e-01  0.000000e+00
   endloop
 endfacet
 facet normal  0.000000e+00  0.000000e+00 -1.000000e+00
   outer loop
     vertex -4.000000e+00  4.000000e+00  0.000000e+00
     vertex -1.713078e+00  3.575809e-01  0.000000e+00
     vertex -1.722243e+00  3.104496e-01  0.000000e+00
   endloop
 endfacet
 facet normal  0.000000e+00  0.000000e+00 -1.000000e+00
   outer loop
     vertex -4.000000e+00  4.000000e+00  0.000000e+00
     vertex -1.722243e+00  3.104496e-01  0.000000e+00
     vertex -1.730112e+00  2.630847e-01  0.000000e+00
   endloop
 endfacet
 facet normal  0.000000e+00  0.000000e+00 -1.000000e+00
   outer loop
     vertex -4.000000e+00  4.000000e+00  0.000000e+00
     vertex -1.730112e+00  2.630847e-01  0.000000e+00
     vertex -1.736678e+00  2.155217e-01  0.000000e+00
   endloop
 endfacet
 facet normal  0.000000e+00  0.000000e+00 -1.000000e+00
   outer loop
     vertex -4.000000e+00  4.000000e+00  0.000000e+00
     vertex -1.736678e+00  2.155217e-01  0.000000e+00
     vertex -1.741937e+00  1.677964e-01  0.000000e+00
   endloop
 endfacet
 facet normal  0.000000e+00  0.000000e+00 -1.000000e+00
   outer loop
     vertex -4.000000e+00  4.000000e+00  0.000000e+00
     vertex -1.741937e+00  1.677964e-01  0.000000e+00
     vertex -1.745885e+00  1.199449e-01  0.000000e+00
   endloop
 endfacet
 facet normal  0.000000e+00  0.000000e+00 -1.000000e+00
   outer loop
     vertex -4.000000e+00  4.000000e+00  0.000000e+00
     vertex -1.745885e+00  1.199449e-01  0.000000e+00
     vertex -1.748518e+00  7.200308e-02  0.000000e+00
   endloop
 endfacet
 facet normal  0.000000e+00  0.000000e+00 -1.000000e+00
   outer loop
     vertex -4.000000e+00  4.000000e+00  0.000000e+00
     vertex -1.748518e+00  7.200308e-02  0.000000e+00
     vertex -1.749835e+00  2.400705e-02  0.000000e+00
   endloop
 endfacet
 facet normal  0.000000e+00  0.000000e+00 -1.000000e+00
   outer loop
     vertex -4.000000e+00  4.000000e+00  0.000000e+00
     vertex -1.749835e+00  2.400705e-02  0.000000e+00
     vertex -1.749835e+00 -2.400705e-02  0.000000e+00
   endloop
 endfacet
 facet normal  0.000000e+00  0.000000e+00 -1.000000e+00
   outer loop
     vertex -4.000000e+00  4.000000e+00  0.000000e+00
     vertex -1.749835e+00 -2.400705e-02  0.000000e+00
     vertex -4.000000e+00 -4.000000e+00  0.000000e+00
   endloop
 endfacet
 facet normal  0.000000e+00  0.000000e+00 -1.000000e+00
   outer loop
     vertex -4.000000e+00  4.000000e+00  0.000000e+00
     vertex -1.241674e+00  1.233186e+00  0.000000e+00
     vertex -1.275038e+00  1.198657e+00  0.000000e+00
   endloop
 endfacet
 facet normal  0.000000e+00  0.000000e+00 -1.000000e+00
   outer loop
     vertex -4.000000e+00  4.000000e+00  0.000000e+00
     vertex -1.275038e+00  1.198657e+00  0.000000e+00
     vertex -1.307442e+00  1.163227e+00  0.000000e+00
   endloop
 endfacet
 facet normal  0.000000e+00  0.000000e+00 -1.000000e+00
   outer loop
     vertex -4.000000e+00  4.000000e+00  0.000000e+00
     vertex -1.307442e+00  1.163227e+00  0.000000e+00
     vertex -1.338862e+00  1.126920e+00  0.000000e+00
   endloop
 endfacet
 facet normal  0.000000e+00  0.000000e+00 -1.000000e+00
   outer loop
     vertex -4.000000e+00  4.000000e+00  0.000000e+00
     vertex -1.338862e+00  1.126920e+00  0.000000e+00
     vertex -1.369274e+00  1.089766e+00  0.000000e+00
   endloop
 endfacet
 facet normal  0.000000e+00  0.000000e+00 -1.000000e+00
   outer loop
     vertex -4.000000e+00  4.000000e+00  0.000000e+00
     vertex -1.369274e+00  1.089766e+00  0.000000e+00
     vertex -1.398655e+00  1.051791e+00  0.000000e+00
   endloop
 endfacet
 facet normal  0.000000e+00  0.000000e+00 -1.000000e+00
   outer loop
     vertex -4.000000e+00  4.000000e+00  0.000000e+00
     vertex -1.398655e+00  1.051791e+00  0.000000e+00
     vertex -1.426983e+00  1.013024e+00  0.000000e+00
   endloop
 endfacet
 facet normal  0.000000e+00  0.000000e+00 -1.000000e+00
   outer loop
     vertex -4.000000e+00  4.000000e+00  0.000000e+00
     vertex -1.426983e+00  1.013024e+00  0.000000e+00
     vertex -1.454238e+00  9.734952e-01  0.000000e+00
   endloop
 endfacet
 facet normal  0.000000e+00  0.000000e+00 -1.000000e+00
   outer loop
     vertex -4.000000e+00  4.000000e+00  0.000000e+00
     vertex -1.454238e+00  9.734952e-01  0.000000e+00
     vertex -1.480397e+00  9.332331e-01  0.000000e+00
   endloop
 endfacet
 facet normal  0.000000e+00  0.000000e+00 -1.000000e+00
   outer loop
     vertex -4.000000e+00  4.000000e+00  0.000000e+00
     vertex -1.480397e+00  9.332331e-01  0.000000e+00
     vertex -1.505442e+00  8.922686e-01  0.000000e+00
   endloop
 endfacet
 facet normal  0.000000e+00  0.000000e+00 -1.000000e+00
   outer loop
     vertex -4.000000e+00  4.000000e+00  0.000000e+00
     vertex -1.505442e+00  8.922686e-01  0.000000e+00
     vertex -1.529354e+00  8.506324e-01  0.000000e+00
   endloop
 endfacet
 facet normal  0.000000e+00 -0.000000e+00 -1.000000e+00
   outer loop
     vertex  1.258474e+00 -1.216036e+00  0.000000e+00
     vertex  4.000000e+00 -4.000000e+00  0.000000e+00
     vertex  1.224640e+00 -1.250103e+00  0.000000e+00
   endloop
 endfacet
 facet normal -0.000000e+00  0.000000e+00 -1.000000e+00
   outer loop
     vertex -1.207375e+00  1.266786e+00  0.000000e+00
     vertex -1.241674e+00  1.233186e+00  0.000000e+00
     vertex -4.000000e+00  4.000000e+00  0.000000e+00
   endloop
 endfacet
 facet normal  0.000000e+00 -0.000000e+00 -1.000000e+00
   outer loop
     vertex  1.291361e+00 -1.181053e+00  0.000000e+00
     vertex  4.000000e+00 -4.000000e+00  0.000000e+00
     vertex  1.258474e+00 -1.216036e+00  0.000000e+00
   endloop
 endfacet
 facet normal -0.000000e+00  0.000000e+00 -1.000000e+00
   outer loop
     vertex -1.172167e+00  1.299432e+00  0.000000e+00
     vertex -1.207375e+00  1.266786e+00  0.000000e+00
     vertex -4.000000e+00  4.000000e+00  0.000000e+00
   endloop
 endfacet
 facet normal  0.000000e+00 -0.000000e+00 -1.000000e+00
   outer loop
     vertex  1.323276e+00 -1.145181e+00  0.000000e+00
     vertex  4.000000e+00 -4.000000e+00  0.000000e+00
     vertex  1.291361e+00 -1.181053e+00  0.000000e+00
   endloop
 endfacet
 facet normal -0.000000e+00  0.000000e+00 -1.000000e+00
   outer loop
     vertex -1.136078e+00  1.331100e+00  0.000000e+00
     vertex -1.172167e+00  1.299432e+00  0.000000e+00
     vertex -4.000000e+00  4.000000e+00  0.000000e+00
   endloop
 endfacet
 facet normal  0.000000e+00 -0.000000e+00 -1.000000e+00
   outer loop
     vertex  1.354195e+00 -1.108447e+00  0.000000e+00
     vertex  4.000000e+00 -4.000000e+00  0.000000e+00
     vertex  1.323276e+00 -1.145181e+00  0.000000e+00
   endloop
 endfacet
 facet normal -0.000000e+00  0.000000e+00 -1.000000e+00
   outer loop
     vertex -1.099133e+00  1.361766e+00  0.000000e+00
     vertex -1.136078e+00  1.331100e+00  0.000000e+00
     vertex -4.000000e+00  4.000000e+00  0.000000e+00
   endloop
 endfacet
 facet normal  0.000000e+00 -0.000000e+00 -1.000000e+00
   outer loop
     vertex  1.384095e+00 -1.070879e+00  0.000000e+00
     vertex  4.000000e+00 -4.000000e+00  0.000000e+00
     vertex  1.354195e+00 -1.108447e+00  0.000000e+00
   endloop
 endfacet
 facet normal -0.000000e+00  0.000000e+00 -1.000000e+00
   outer loop
     vertex -1.061360e+00  1.391407e+00  0.000000e+00
     vertex -1.099133e+00  1.361766e+00  0.000000e+00
     vertex -4.000000e+00  4.000000e+00  0.000000e+00
   endloop
 endfacet
 facet normal  0.000000e+00 -0.000000e+00 -1.000000e+00
   outer loop
     vertex  1.412952e+00 -1.032505e+00  0.000000e+00
     vertex  4.000000e+00 -4.000000e+00  0.000000e+00
     vertex  1.384095e+00 -1.070879e+00  0.000000e+00
   endloop
 endfacet
 facet normal -0.000000e+00  0.000000e+00 -1.000000e+00
   outer loop
     vertex -1.022789e+00  1.420001e+00  0.000000e+00
     vertex -1.061360e+00  1.391407e+00  0.000000e+00
     vertex -4.000000e+00  4.000000e+00  0.000000e+00
   endloop
 endfacet
 facet normal  0.000000e+00 -0.000000e+00 -1.000000e+00
   outer loop
     vertex  1.440746e+00 -9.933532e-01  0.000000e+00
     vertex  4.000000e+00 -4.000000e+00  0.000000e+00
     vertex  1.412952e+00 -1.032505e+00  0.000000e+00
   endloop
 endfacet
 facet normal -0.000000e+00  0.000000e+00 -1.000000e+00
   outer loop
     vertex -9.834473e-01  1.447526e+00  0.000000e+00
     vertex -1.022789e+00  1.420001e+00  0.000000e+00
     vertex -4.000000e+00  4.000000e+00  0.000000e+00
   endloop
 endfacet
 facet normal  0.000000e+00 -0.000000e+00 -1.000000e+00
   outer loop
     vertex  1.467456e+00 -9.534539e-01  0.000000e+00
     vertex  4.000000e+00 -4.000000e+00  0.000000e+00
     vertex  1.440746e+00 -9.933532e-01  0.000000e+00
   endloop
 endfacet
 facet normal -0.000000e+00  0.000000e+00 -1.000000e+00
   outer loop
     vertex -9.433657e-01  1.473961e+00  0.000000e+00
     vertex -9.834473e-01  1.447526e+00  0.000000e+00
     vertex -4.000000e+00  4.000000e+00  0.000000e+00
   endloop
 endfacet
 facet normal  0.000000e+00 -0.000000e+00 -1.000000e+00
   outer loop
     vertex  1.493060e+00 -9.128368e-01  0.000000e+00
     vertex  4.000000e+00 -4.000000e+00  0.000000e+00
     vertex  1.467456e+00 -9.534539e-01  0.000000e+00
   endloop
 endfacet
 facet normal -0.000000e+00  0.000000e+00 -1.000000e+00
   outer loop
     vertex -9.025739e-01  1.499287e+00  0.000000e+00
     vertex -9.433657e-01  1.473961e+00  0.000000e+00
     vertex -4.000000e+00  4.000000e+00  0.000000e+00
   endloop
 endfacet
 facet normal  0.000000e+00 -0.000000e+00 -1.000000e+00
   outer loop
     vertex  1.517541e+00 -8.715325e-01  0.000000e+00
     vertex  4.000000e+00 -4.000000e+00  0.000000e+00
     vertex  1.493060e+00 -9.128368e-01  0.000000e+00
   endloop
 endfacet
 facet normal -0.000000e+00  0.000000e+00 -1.000000e+00
   outer loop
     vertex -8.611027e-01  1.523484e+00  0.000000e+00
     vertex -9.025739e-01  1.499287e+00  0.000000e+00
     vertex -4.000000e+00  4.000000e+00  0.000000e+00
   endloop
 endfacet
 facet normal  0.000000e+00 -0.000000e+00 -1.000000e+00
   outer loop
     vertex  1.540880e+00 -8.295722e-01  0.000000e+00
     vertex  4.000000e+00 -4.000000e+00  0.000000e+00
     vertex  1.517541e+00 -8.715325e-01  0.000000e+00
   endloop
 endfacet
 facet normal -0.000000e+00  0.000000e+00 -1.000000e+00
   outer loop
     vertex -8.189833e-01  1.546534e+00  0.000000e+00
     vertex -8.611027e-01  1.523484e+00  0.000000e+00
     vertex -4.000000e+00  4.000000e+00  0.000000e+00
   endloop
 endfacet
 facet normal  0.000000e+00 -0.000000e+00 -1.000000e+00
   outer loop
     vertex  1.563058e+00 -7.869874e-01  0.000000e+00
     vertex  4.000000e+00 -4.000000e+00  0.000000e+00
     vertex  1.540880e+00 -8.295722e-01  0.000000e+00
   endloop
 endfacet
 facet normal -0.000000e+00  0.000000e+00 -1.000000e+00
   outer loop
     vertex -7.762473e-01  1.568420e+00  0.000000e+00
     vertex -8.189833e-01  1.546534e+00  0.000000e+00
     vertex -4.000000e+00  4.000000e+00  0.000000e+00
   endloop
 endfacet
 facet normal  0.000000e+00 -0.000000e+00 -1.000000e+00
   outer loop
     vertex  1.584060e+00 -7.438101e-01  0.000000e+00
     vertex  4.000000e+00 -4.000000e+00  0.000000e+00
     vertex  1.563058e+00 -7.869874e-01  0.000000e+00
   endloop
 endfacet
 facet normal -0.000000e+00  0.000000e+00 -1.000000e+00
   outer loop
     vertex -7.329271e-01  1.589125e+00  0.000000e+00
     vertex -7.762473e-01  1.568420e+00  0.000000e+00
     vertex -4.000000e+00  4.000000e+00  0.000000e+00
   endloop
 endfacet
 facet normal  0.000000e+00 -0.000000e+00 -1.000000e+00
   outer loop
     vertex  1.603870e+00 -7.000730e-01  0.000000e+00
     vertex  4.000000e+00 -4.000000e+00  0.000000e+00
     vertex  1.584060e+00 -7.438101e-01  0.000000e+00
   endloop
 endfacet
 facet normal -0.000000e+00  0.000000e+00 -1.000000e+00
   outer loop
     vertex -6.890551e-01  1.608634e+00  0.000000e+00
     vertex -7.329271e-01  1.589125e+00  0.000000e+00
     vertex -4.000000e+00  4.000000e+00  0.000000e+00
   endloop
 endfacet
 facet normal  0.000000e+00 -0.000000e+00 -1.000000e+00
   outer loop
     vertex  1.622472e+00 -6.558089e-01  0.000000e+00
     vertex  4.000000e+00 -4.000000e+00  0.000000e+00
     vertex  1.603870e+00 -7.000730e-01  0.000000e+00
   endloop
 endfacet
 facet normal -0.000000e+00  0.000000e+00 -1.000000e+00
   outer loop
     vertex -6.446644e-01  1.626932e+00  0.000000e+00
     vertex -6.890551e-01  1.608634e+00  0.000000e+00
     vertex -4.000000e+00  4.000000e+00  0.000000e+00
   endloop
 endfacet
 facet normal  0.000000e+00 -0.000000e+00 -1.000000e+00
   outer loop
     vertex  1.639853e+00 -6.110511e-01  0.000000e+00
     vertex  4.000000e+00 -4.000000e+00  0.000000e+00
     vertex  1.622472e+00 -6.558089e-01  0.000000e+00
   endloop
 endfacet
 facet normal -0.000000e+00  0.000000e+00 -1.000000e+00
   outer loop
     vertex -5.997884e-01  1.644005e+00  0.000000e+00
     vertex -6.446644e-01  1.626932e+00  0.000000e+00
     vertex -4.000000e+00  4.000000e+00  0.000000e+00
   endloop
 endfacet
 facet normal  0.000000e+00 -0.000000e+00 -1.000000e+00
   outer loop
     vertex  1.655999e+00 -5.658333e-01  0.000000e+00
     vertex  4.000000e+00 -4.000000e+00  0.000000e+00
     vertex  1.639853e+00 -6.110511e-01  0.000000e+00
   endloop
 endfacet
 facet normal -0.000000e+00  0.000000e+00 -1.000000e+00
   outer loop
     vertex -5.544609e-01  1.659841e+00  0.000000e+00
     vertex -5.997884e-01  1.644005e+00  0.000000e+00
     vertex -4.000000e+00  4.000000e+00  0.000000e+00
   endloop
 endfacet
 facet normal  0.000000e+00 -0.000000e+00 -1.000000e+00
   outer loop
     vertex  1.670899e+00 -5.201895e-01  0.000000e+00
     vertex  4.000000e+00 -4.000000e+00  0.000000e+00
     vertex  1.655999e+00 -5.658333e-01  0.000000e+00
   endloop
 endfacet
 facet normal -0.000000e+00  0.000000e+00 -1.000000e+00
   outer loop
     vertex -5.087161e-01  1.674428e+00  0.000000e+00
     vertex -5.544609e-01  1.659841e+00  0.000000e+00
     vertex -4.000000e+00  4.000000e+00  0.000000e+00
   endloop
 endfacet
 facet normal  0.000000e+00 -0.000000e+00 -1.000000e+00
   outer loop
     vertex  1.684541e+00 -4.741542e-01  0.000000e+00
     vertex  4.000000e+00 -4.000000e+00  0.000000e+00
     vertex  1.670899e+00 -5.201895e-01  0.000000e+00
   endloop
 endfacet
 facet normal -0.000000e+00  0.000000e+00 -1.000000e+00
   outer loop
     vertex -4.625883e-01  1.687754e+00  0.000000e+00
     vertex -5.087161e-01  1.674428e+00  0.000000e+00
     vertex -4.000000e+00  4.000000e+00  0.000000e+00
   endloop
 endfacet
 facet normal  0.000000e+00 -0.000000e+00 -1.000000e+00
   outer loop
     vertex  1.696915e+00 -4.277620e-01  0.000000e+00
     vertex  4.000000e+00 -4.000000e+00  0.000000e+00
     vertex  1.684541e+00 -4.741542e-01  0.000000e+00
   endloop
 endfacet
 facet normal -0.000000e+00  0.000000e+00 -1.000000e+00
   outer loop
     vertex -4.161123e-01  1.699809e+00  0.000000e+00
     vertex -4.625883e-01  1.687754e+00  0.000000e+00
     vertex -4.000000e+00  4.000000e+00  0.000000e+00
   endloop
 endfacet
 facet normal  0.000000e+00 -0.000000e+00 -1.000000e+00
   outer loop
     vertex  1.708011e+00 -3.810478e-01  0.000000e+00
     vertex  4.000000e+00 -4.000000e+00  0.000000e+00
     vertex  1.696915e+00 -4.277620e-01  0.000000e+00
   endloop
 endfacet
 facet normal -0.000000e+00  0.000000e+00 -1.000000e+00
   outer loop
     vertex -3.693230e-01  1.710585e+00  0.000000e+00
     vertex -4.161123e-01  1.699809e+00  0.000000e+00
     vertex -4.000000e+00  4.000000e+00  0.000000e+00
   endloop
 endfacet
 facet normal  0.000000e+00 -0.000000e+00 -1.000000e+00
   outer loop
     vertex  1.717822e+00 -3.340467e-01  0.000000e+00
     vertex  4.000000e+00 -4.000000e+00  0.000000e+00
     vertex  1.708011e+00 -3.810478e-01  0.000000e+00
   endloop
 endfacet
 facet normal -0.000000e+00  0.000000e+00 -1.000000e+00
   outer loop
     vertex -3.222557e-01  1.720073e+00  0.000000e+00
     vertex -3.693230e-01  1.710585e+00  0.000000e+00
     vertex -4.000000e+00  4.000000e+00  0.000000e+00
   endloop
 endfacet
 facet normal  0.000000e+00 -0.000000e+00 -1.000000e+00
   outer loop
     vertex  1.726340e+00 -2.867941e-01  0.000000e+00
     vertex  4.000000e+00 -4.000000e+00  0.000000e+00
     vertex  1.717822e+00 -3.340467e-01  0.000000e+00
   endloop
 endfacet
 facet normal -0.000000e+00  0.000000e+00 -1.000000e+00
   outer loop
     vertex -2.749459e-01  1.728266e+00  0.000000e+00
     vertex -3.222557e-01  1.720073e+00  0.000000e+00
     vertex -4.000000e+00  4.000000e+00  0.000000e+00
   endloop
 endfacet
 facet normal  0.000000e+00 -0.000000e+00 -1.000000e+00
   outer loop
     vertex  1.733558e+00 -2.393257e-01  0.000000e+00
     vertex  4.000000e+00 -4.000000e+00  0.000000e+00
     vertex  1.726340e+00 -2.867941e-01  0.000000e+00
   endloop
 endfacet
 facet normal -0.000000e+00  0.000000e+00 -1.000000e+00
   outer loop
     vertex -2.274290e-01  1.735159e+00  0.000000e+00
     vertex -2.749459e-01  1.728266e+00  0.000000e+00
     vertex -4.000000e+00  4.000000e+00  0.000000e+00
   endloop
 endfacet
 facet normal  0.000000e+00 -0.000000e+00 -1.000000e+00
   outer loop
     vertex  1.739471e+00 -1.916771e-01  0.000000e+00
     vertex  4.000000e+00 -4.000000e+00  0.000000e+00
     vertex  1.733558e+00 -2.393257e-01  0.000000e+00
   endloop
 endfacet
 facet normal -0.000000e+00  0.000000e+00 -1.000000e+00
   outer loop
     vertex -1.797410e-01  1.740745e+00  0.000000e+00
     vertex -2.274290e-01  1.735159e+00  0.000000e+00
     vertex -4.000000e+00  4.000000e+00  0.000000e+00
   endloop
 endfacet
 facet normal  0.000000e+00 -0.000000e+00 -1.000000e+00
   outer loop
     vertex  1.744075e+00 -1.438842e-01  0.000000e+00
     vertex  4.000000e+00 -4.000000e+00  0.000000e+00
     vertex  1.739471e+00 -1.916771e-01  0.000000e+00
   endloop
 endfacet
 facet normal -0.000000e+00  0.000000e+00 -1.000000e+00
   outer loop
     vertex -1.319177e-01  1.745021e+00  0.000000e+00
     vertex -1.797410e-01  1.740745e+00  0.000000e+00
     vertex -4.000000e+00  4.000000e+00  0.000000e+00
   endloop
 endfacet
 facet normal  0.000000e+00 -0.000000e+00 -1.000000e+00
   outer loop
     vertex  1.747366e+00 -9.598303e-02  0.000000e+00
     vertex  4.000000e+00 -4.000000e+00  0.000000e+00
     vertex  1.744075e+00 -1.438842e-01  0.000000e+00
   endloop
 endfacet
 facet normal -0.000000e+00  0.000000e+00 -1.000000e+00
   outer loop
     vertex -8.399503e-02  1.747983e+00  0.000000e+00
     vertex -1.319177e-01  1.745021e+00  0.000000e+00
     vertex -4.000000e+00  4.000000e+00  0.000000e+00
   endloop
 endfacet
 facet normal  0.000000e+00 -0.000000e+00 -1.000000e+00
   outer loop
     vertex  1.749341e+00 -4.800958e-02  0.000000e+00
     vertex  4.000000e+00 -4.000000e+00  0.000000e+00
     vertex  1.747366e+00 -9.598303e-02  0.000000e+00
   endloop
 endfacet
 facet normal -0.000000e+00  0.000000e+00 -1.000000e+00
   outer loop
     vertex -3.600916e-02  1.749629e+00  0.000000e+00
     vertex -8.399503e-02  1.747983e+00  0.000000e+00
     vertex -4.000000e+00  4.000000e+00  0.000000e+00
   endloop
 endfacet
 facet normal  0.000000e+00 -0.000000e+00 -1.000000e+00
   outer loop
     vertex  1.750000e+00 -4.286264e-16  0.000000e+00
     vertex  4.000000e+00 -4.000000e+00  0.000000e+00
     vertex  1.749341e+00 -4.800958e-02  0.000000e+00
   endloop
 endfacet
 facet normal -0.000000e+00  0.000000e+00 -1.000000e+00
   outer loop
     vertex  1.200381e-02  1.749959e+00  0.000000e+00
     vertex -3.600916e-02  1.749629e+00  0.000000e+00
     vertex -4.000000e+00  4.000000e+00  0.000000e+00
   endloop
 endfacet
 facet normal  0.000000e+00  0.000000e+00 -1.000000e+00
   outer loop
     vertex  4.000000e+00  4.000000e+00  0.000000e+00
     vertex  1.750000e+00 -4.286264e-16  0.000000e+00
     vertex  1.749341e+00  4.800958e-02  0.000000e+00
   endloop
 endfacet
 facet normal  0.000000e+00  0.000000e+00 -1.000000e+00
   outer loop
     vertex  4.000000e+00  4.000000e+00  0.000000e+00
     vertex  1.749341e+00  4.800958e-02  0.000000e+00
     vertex  1.747366e+00  9.598303e-02  0.000000e+00
   endloop
 endfacet
 facet normal  0.000000e+00  0.000000e+00 -1.000000e+00
   outer loop
     vertex  4.000000e+00  4.000000e+00  0.000000e+00
     vertex  1.747366e+00  9.598303e-02  0.000000e+00
     vertex  1.744075e+00  1.438842e-01  0.000000e+00
   endloop
 endfacet
 facet normal  0.000000e+00  0.000000e+00 -1.000000e+00
   outer loop
     vertex  4.000000e+00  4.000000e+00  0.000000e+00
     vertex  1.744075e+00  1.438842e-01  0.000000e+00
     vertex  1.739471e+00  1.916771e-01  0.000000e+00
   endloop
 endfacet
 facet normal  0.000000e+00  0.000000e+00 -1.000000e+00
   outer loop
     vertex  4.000000e+00  4.000000e+00  0.000000e+00
     vertex  1.739471e+00  1.916771e-01  0.000000e+00
     vertex  1.733558e+00  2.393257e-01  0.000000e+00
   endloop
 endfacet
 facet normal  0.000000e+00  0.000000e+00 -1.000000e+00
   outer loop
     vertex  4.000000e+00  4.000000e+00  0.000000e+00
     vertex  1.733558e+00  2.393257e-01  0.000000e+00
     vertex  1.726340e+00  2.867941e-01  0.000000e+00
   endloop
 endfacet
 facet normal  0.000000e+00  0.000000e+00 -1.000000e+00
   outer loop
     vertex  4.000000e+00  4.000000e+00  0.000000e+00
     vertex  1.726340e+00  2.867941e-01  0.000000e+00
     vertex  1.717822e+00  3.340467e-01  0.000000e+00
   endloop
 endfacet
 facet normal  0.000000e+00  0.000000e+00 -1.000000e+00
   outer loop
     vertex  4.000000e+00  4.000000e+00  0.000000e+00
     vertex  1.717822e+00  3.340467e-01  0.000000e+00
     vertex  1.708011e+00  3.810478e-01  0.000000e+00
   endloop
 endfacet
 facet normal  0.000000e+00  0.000000e+00 -1.000000e+00
   outer loop
     vertex  4.000000e+00  4.000000e+00  0.000000e+00
     vertex  1.708011e+00  3.810478e-01  0.000000e+00
     vertex  1.696915e+00  4.277620e-01  0.000000e+00
   endloop
 endfacet
 facet normal  0.000000e+00  0.000000e+00 -1.000000e+00
   outer loop
     vertex  4.000000e+00  4.000000e+00  0.000000e+00
     vertex  1.696915e+00  4.277620e-01  0.000000e+00
     vertex  1.684541e+00  4.741542e-01  0.000000e+00
   endloop
 endfacet
 facet normal  0.000000e+00  0.000000e+00 -1.000000e+00
   outer loop
     vertex  4.000000e+00  4.000000e+00  0.000000e+00
     vertex  1.684541e+00  4.741542e-01  0.000000e+00
     vertex  1.670899e+00  5.201895e-01  0.000000e+00
   endloop
 endfacet
 facet normal  0.000000e+00  0.000000e+00 -1.000000e+00
   outer loop
     vertex  4.000000e+00  4.000000e+00  0.000000e+00
     vertex  1.670899e+00  5.201895e-01  0.000000e+00
     vertex  1.655999e+00  5.658333e-01  0.000000e+00
   endloop
 endfacet
 facet normal  0.000000e+00  0.000000e+00 -1.000000e+00
   outer loop
     vertex  4.000000e+00  4.000000e+00  0.000000e+00
     vertex  1.655999e+00  5.658333e-01  0.000000e+00
     vertex  1.639853e+00  6.110511e-01  0.000000e+00
   endloop
 endfacet
 facet normal  0.000000e+00  0.000000e+00 -1.000000e+00
   outer loop
     vertex  4.000000e+00  4.000000e+00  0.000000e+00
     vertex  1.639853e+00  6.110511e-01  0.000000e+00
     vertex  1.622472e+00  6.558089e-01  0.000000e+00
   endloop
 endfacet
 facet normal  0.000000e+00  0.000000e+00 -1.000000e+00
   outer loop
     vertex  4.000000e+00  4.000000e+00  0.000000e+00
     vertex  1.622472e+00  6.558089e-01  0.000000e+00
     vertex  1.603870e+00  7.000730e-01  0.000000e+00
   endloop
 endfacet
 facet normal  0.000000e+00  0.000000e+00 -1.000000e+00
   outer loop
     vertex  4.000000e+00  4.000000e+00  0.000000e+00
     vertex  1.603870e+00  7.000730e-01  0.000000e+00
     vertex  1.584060e+00  7.438101e-01  0.000000e+00
   endloop
 endfacet
 facet normal  0.000000e+00  0.000000e+00 -1.000000e+00
   outer loop
     vertex  4.000000e+00  4.000000e+00  0.000000e+00
     vertex  1.584060e+00  7.438101e-01  0.000000e+00
     vertex  1.563058e+00  7.869874e-01  0.000000e+00
   endloop
 endfacet
 facet normal  0.000000e+00  0.000000e+00 -1.000000e+00
   outer loop
     vertex  4.000000e+00  4.000000e+00  0.000000e+00
     vertex  1.563058e+00  7.869874e-01  0.000000e+00
     vertex  1.540880e+00  8.295722e-01  0.000000e+00
   endloop
 endfacet
 facet normal  0.000000e+00  0.000000e+00 -1.000000e+00
   outer loop
     vertex  4.000000e+00  4.000000e+00  0.000000e+00
     vertex  1.540880e+00  8.295722e-01  0.000000e+00
     vertex  1.517541e+00  8.715325e-01  0.000000e+00
   endloop
 endfacet
 facet normal  0.000000e+00  0.000000e+00 -1.000000e+00
   outer loop
     vertex  4.000000e+00  4.000000e+00  0.000000e+00
     vertex  1.517541e+00  8.715325e-01  0.000000e+00
     vertex  1.493060e+00  9.128368e-01  0.000000e+00
   endloop
 endfacet
 facet normal  0.000000e+00  0.000000e+00 -1.000000e+00
   outer loop
     vertex  4.000000e+00  4.000000e+00  0.000000e+00
     vertex  1.493060e+00  9.128368e-01  0.000000e+00
     vertex  1.467456e+00  9.534539e-01  0.000000e+00
   endloop
 endfacet
 facet normal  0.000000e+00  0.000000e+00 -1.000000e+00
   outer loop
     vertex  4.000000e+00  4.000000e+00  0.000000e+00
     vertex  1.467456e+00  9.534539e-01  0.000000e+00
     vertex  1.440746e+00  9.933532e-01  0.000000e+00
   endloop
 endfacet
 facet normal  0.000000e+00  0.000000e+00 -1.000000e+00
   outer loop
     vertex  4.000000e+00  4.000000e+00  0.000000e+00
     vertex  1.440746e+00  9.933532e-01  0.000000e+00
     vertex  1.412952e+00  1.032505e+00  0.000000e+00
   endloop
 endfacet
 facet normal  0.000000e+00  0.000000e+00 -1.000000e+00
   outer loop
     vertex  4.000000e+00  4.000000e+00  0.000000e+00
     vertex  1.412952e+00  1.032505e+00  0.000000e+00
     vertex  1.384095e+00  1.070879e+00  0.000000e+00
   endloop
 endfacet
 facet normal  0.000000e+00  0.000000e+00 -1.000000e+00
   outer loop
     vertex  4.000000e+00  4.000000e+00  0.000000e+00
     vertex  1.384095e+00  1.070879e+00  0.000000e+00
     vertex  1.354195e+00  1.108447e+00  0.000000e+00
   endloop
 endfacet
 facet normal  0.000000e+00  0.000000e+00 -1.000000e+00
   outer loop
     vertex  4.000000e+00  4.000000e+00  0.000000e+00
     vertex  1.354195e+00  1.108447e+00  0.000000e+00
     vertex  1.323276e+00  1.145181e+00  0.000000e+00
   endloop
 endfacet
 facet normal  0.000000e+00  0.000000e+00 -1.000000e+00
   outer loop
     vertex  4.000000e+00  4.000000e+00  0.000000e+00
     vertex  1.323276e+00  1.145181e+00  0.000000e+00
     vertex  1.291361e+00  1.181053e+00  0.000000e+00
   endloop
 endfacet
 facet normal  0.000000e+00  0.000000e+00 -1.000000e+00
   outer loop
     vertex  4.000000e+00  4.000000e+00  0.000000e+00
     vertex  1.291361e+00  1.181053e+00  0.000000e+00
     vertex  1.258474e+00  1.216036e+00  0.000000e+00
   endloop
 endfacet
 facet normal  0.000000e+00  0.000000e+00 -1.000000e+00
   outer loop
     vertex  4.000000e+00  4.000000e+00  0.000000e+00
     vertex  1.258474e+00  1.216036e+00  0.000000e+00
     vertex  1.224640e+00  1.250103e+00  0.000000e+00
   endloop
 endfacet
 facet normal  0.000000e+00  0.000000e+00 -1.000000e+00
   outer loop
     vertex  4.000000e+00  4.000000e+00  0.000000e+00
     vertex  1.224640e+00  1.250103e+00  0.000000e+00
     vertex  1.189883e+00  1.283230e+00  0.000000e+00
   endloop
 endfacet
 facet normal  0.000000e+00  0.000000e+00 -1.000000e+00
   outer loop
     vertex  4.000000e+00  4.000000e+00  0.000000e+00
     vertex  1.189883e+00  1.283230e+00  0.000000e+00
     vertex  1.154231e+00  1.315390e+00  0.000000e+00
   endloop
 endfacet
 facet normal  0.000000e+00  0.000000e+00 -1.000000e+00
   outer loop
     vertex  4.000000e+00  4.000000e+00  0.000000e+00
     vertex  1.154231e+00  1.315390e+00  0.000000e+00
     vertex  1.117710e+00  1.346560e+00  0.000000e+00
   endloop
 endfacet
 facet normal  0.000000e+00  0.000000e+00 -1.000000e+00
   outer loop
     vertex  4.000000e+00  4.000000e+00  0.000000e+00
     vertex  1.117710e+00  1.346560e+00  0.000000e+00
     vertex  1.080348e+00  1.376716e+00  0.000000e+00
   endloop
 endfacet
 facet normal  0.000000e+00  0.000000e+00 -1.000000e+00
   outer loop
     vertex  4.000000e+00  4.000000e+00  0.000000e+00
     vertex  1.080348e+00  1.376716e+00  0.000000e+00
     vertex  1.042172e+00  1.405837e+00  0.000000e+00
   endloop
 endfacet
 facet normal  0.000000e+00  0.000000e+00 -1.000000e+00
   outer loop
     vertex  4.000000e+00  4.000000e+00  0.000000e+00
     vertex  1.042172e+00  1.405837e+00  0.000000e+00
     vertex  1.003212e+00  1.433898e+00  0.000000e+00
   endloop
 endfacet
 facet normal  0.000000e+00  0.000000e+00 -1.000000e+00
   outer loop
     vertex  4.000000e+00  4.000000e+00  0.000000e+00
     vertex  1.003212e+00  1.433898e+00  0.000000e+00
     vertex  9.634972e-01  1.460881e+00  0.000000e+00
   endloop
 endfacet
 facet normal  0.000000e+00  0.000000e+00 -1.000000e+00
   outer loop
     vertex  4.000000e+00  4.000000e+00  0.000000e+00
     vertex  9.634972e-01  1.460881e+00  0.000000e+00
     vertex  9.230567e-01  1.486764e+00  0.000000e+00
   endloop
 endfacet
 facet normal  0.000000e+00  0.000000e+00 -1.000000e+00
   outer loop
     vertex  4.000000e+00  4.000000e+00  0.000000e+00
     vertex  9.230567e-01  1.486764e+00  0.000000e+00
     vertex  8.819213e-01  1.511527e+00  0.000000e+00
   endloop
 endfacet
 facet normal  0.000000e+00  0.000000e+00 -1.000000e+00
   outer loop
     vertex  4.000000e+00  4.000000e+00  0.000000e+00
     vertex  8.819213e-01  1.511527e+00  0.000000e+00
     vertex  8.401220e-01  1.535153e+00  0.000000e+00
   endloop
 endfacet
 facet normal  0.000000e+00  0.000000e+00 -1.000000e+00
   outer loop
     vertex  4.000000e+00  4.000000e+00  0.000000e+00
     vertex  8.401220e-01  1.535153e+00  0.000000e+00
     vertex  7.976904e-01  1.557623e+00  0.000000e+00
   endloop
 endfacet
 facet normal  0.000000e+00  0.000000e+00 -1.000000e+00
   outer loop
     vertex  4.000000e+00  4.000000e+00  0.000000e+00
     vertex  7.976904e-01  1.557623e+00  0.000000e+00
     vertex  7.546582e-01  1.578921e+00  0.000000e+00
   endloop
 endfacet
 facet normal  0.000000e+00  0.000000e+00 -1.000000e+00
   outer loop
     vertex  4.000000e+00  4.000000e+00  0.000000e+00
     vertex  7.546582e-01  1.578921e+00  0.000000e+00
     vertex  7.110580e-01  1.599030e+00  0.000000e+00
   endloop
 endfacet
 facet normal  0.000000e+00  0.000000e+00 -1.000000e+00
   outer loop
     vertex  4.000000e+00  4.000000e+00  0.000000e+00
     vertex  7.110580e-01  1.599030e+00  0.000000e+00
     vertex  6.669225e-01  1.617935e+00  0.000000e+00
   endloop
 endfacet
 facet normal  0.000000e+00  0.000000e+00 -1.000000e+00
   outer loop
     vertex  4.000000e+00  4.000000e+00  0.000000e+00
     vertex  6.669225e-01  1.617935e+00  0.000000e+00
     vertex  6.222850e-01  1.635623e+00  0.000000e+00
   endloop
 endfacet
 facet normal  0.000000e+00  0.000000e+00 -1.000000e+00
   outer loop
     vertex  4.000000e+00  4.000000e+00  0.000000e+00
     vertex  6.222850e-01  1.635623e+00  0.000000e+00
     vertex  5.771790e-01  1.652079e+00  0.000000e+00
   endloop
 endfacet
 facet normal  0.000000e+00  0.000000e+00 -1.000000e+00
   outer loop
     vertex  4.000000e+00  4.000000e+00  0.000000e+00
     vertex  5.771790e-01  1.652079e+00  0.000000e+00
     vertex  5.316385e-01  1.667291e+00  0.000000e+00
   endloop
 endfacet
 facet normal  0.000000e+00  0.000000e+00 -1.000000e+00
   outer loop
     vertex  4.000000e+00  4.000000e+00  0.000000e+00
     vertex  5.316385e-01  1.667291e+00  0.000000e+00
     vertex  4.856979e-01  1.681249e+00  0.000000e+00
   endloop
 endfacet
 facet normal  0.000000e+00  0.000000e+00 -1.000000e+00
   outer loop
     vertex  4.000000e+00  4.000000e+00  0.000000e+00
     vertex  4.856979e-01  1.681249e+00  0.000000e+00
     vertex  4.393916e-01  1.693941e+00  0.000000e+00
   endloop
 endfacet
 facet normal  0.000000e+00  0.000000e+00 -1.000000e+00
   outer loop
     vertex  4.000000e+00  4.000000e+00  0.000000e+00
     vertex  4.393916e-01  1.693941e+00  0.000000e+00
     vertex  3.927546e-01  1.705357e+00  0.000000e+00
   endloop
 endfacet
 facet normal  0.000000e+00  0.000000e+00 -1.000000e+00
   outer loop
     vertex  4.000000e+00  4.000000e+00  0.000000e+00
     vertex  3.927546e-01  1.705357e+00  0.000000e+00
     vertex  3.458219e-01  1.715490e+00  0.000000e+00
   endloop
 endfacet
 facet normal  0.000000e+00  0.000000e+00 -1.000000e+00
   outer loop
     vertex  4.000000e+00  4.000000e+00  0.000000e+00
     vertex  3.458219e-01  1.715490e+00  0.000000e+00
     vertex  2.986289e-01  1.724332e+00  0.000000e+00
   endloop
 endfacet
 facet normal  0.000000e+00  0.000000e+00 -1.000000e+00
   outer loop
     vertex  4.000000e+00  4.000000e+00  0.000000e+00
     vertex  2.986289e-01  1.724332e+00  0.000000e+00
     vertex  2.512111e-01  1.731876e+00  0.000000e+00
   endloop
 endfacet
 facet normal  0.000000e+00  0.000000e+00 -1.000000e+00
   outer loop
     vertex  4.000000e+00  4.000000e+00  0.000000e+00
     vertex  2.512111e-01  1.731876e+00  0.000000e+00
     vertex  2.036042e-01  1.738115e+00  0.000000e+00
   endloop
 endfacet
 facet normal  0.000000e+00  0.000000e+00 -1.000000e+00
   outer loop
     vertex  4.000000e+00  4.000000e+00  0.000000e+00
     vertex  2.036042e-01  1.738115e+00  0.000000e+00
     vertex  1.558440e-01  1.743047e+00  0.000000e+00
   endloop
 endfacet
 facet normal  0.000000e+00  0.000000e+00 -1.000000e+00
   outer loop
     vertex  4.000000e+00  4.000000e+00  0.000000e+00
     vertex  1.558440e-01  1.743047e+00  0.000000e+00
     vertex  1.079665e-01  1.746666e+00  0.000000e+00
   endloop
 endfacet
 facet normal  0.000000e+00  0.000000e+00 -1.000000e+00
   outer loop
     vertex  4.000000e+00  4.000000e+00  0.000000e+00
     vertex  1.079665e-01  1.746666e+00  0.000000e+00
     vertex  6.000774e-02  1.748971e+00  0.000000e+00
   endloop
 endfacet
 facet normal  0.000000e+00  0.000000e+00 -1.000000e+00
   outer loop
     vertex  4.000000e+00  4.000000e+00  0.000000e+00
     vertex  6.000774e-02  1.748971e+00  0.000000e+00
     vertex  1.200381e-02  1.749959e+00  0.000000e+00
   endloop
 endfacet
 facet normal  0.000000e+00 -0.000000e+00 -1.000000e+00
   outer loop
     vertex  4.000000e+00  4.000000e+00  0.000000e+00
     vertex  4.000000e+00 -4.000000e+00  0.000000e+00
     vertex  1.750000e+00 -4.286264e-16  0.000000e+00
   endloop
 endfacet
 facet normal -0.000000e+00  0.000000e+00 -1.000000e+00
   outer loop
     vertex  4.000000e+00  4.000000e+00  0.000000e+00
     vertex  1.200381e-02  1.749959e+00  0.000000e+00
     vertex -4.000000e+00  4.000000e+00  0.000000e+00
   endloop
 endfacet
 facet normal  1.000000e+00  0.000000e+00  0.000000e+00
   outer loop
     vertex  4.000000e+00 -4.000000e+00  6.000000e+00
     vertex  4.000000e+00 -4.000000e+00  0.000000e+00
     vertex  4.000000e+00  4.000000e+00  0.000000e+00
   endloop
 endfacet
 facet normal  1.000000e+00 -0.000000e+00  0.000000e+00
   outer loop
     vertex  4.000000e+00 -4.000000e+00  6.000000e+00
     vertex  4.000000e+00  4.000000e+00  0.000000e+00
     vertex  4.000000e+00  4.000000e+00  6.000000e+00
   endloop
 endfacet
 facet normal -9.999085e-01 -1.352708e-02  0.000000e+00
   outer loop
     vertex  1.749360e+00  4.734043e-02  6.000000e+00
     vertex  1.750000e+00 -4.286264e-16  0.000000e+00
     vertex  1.750000e+00 -4.286264e-16  6.000000e+00
   endloop
 endfacet
 facet normal -9.999059e-01 -1.371831e-02  1.509170e-06
   outer loop
     vertex  1.749360e+00  4.734043e-02  6.000000e+00
     vertex  1.749341e+00  4.800958e-02  0.000000e+00
     vertex  1.750000e+00 -4.286264e-16  0.000000e+00
   endloop
 endfacet
 facet normal -9.991532e-01 -4.114462e-02  2.975668e-06
   outer loop
     vertex  1.747439e+00  9.464622e-02  6.000000e+00
     vertex  1.747366e+00  9.598303e-02  0.000000e+00
     vertex  1.749341e+00  4.800958e-02  0.000000e+00
   endloop
 endfacet
 facet normal -9.991766e-01 -4.057133e-02 -1.487834e-06
   outer loop
     vertex  1.747439e+00  9.464622e-02  6.000000e+00
     vertex  1.749341e+00  4.800958e-02  0.000000e+00
     vertex  1.749360e+00  4.734043e-02  6.000000e+00
   endloop
 endfacet
 facet normal -9.976484e-01 -6.853995e-02  4.399494e-06
   outer loop
     vertex  1.744239e+00  1.418827e-01  6.000000e+00
     vertex  1.744075e+00  1.438842e-01  0.000000e+00
     vertex  1.747366e+00  9.598303e-02  0.000000e+00
   endloop
 endfacet
 facet normal -9.977135e-01 -6.758588e-02 -2.932996e-06
   outer loop
     vertex  1.744239e+00  1.418827e-01  6.000000e+00
     vertex  1.747366e+00  9.598303e-02  0.000000e+00
     vertex  1.747439e+00  9.464622e-02  6.000000e+00
   endloop
 endfacet
 facet normal -9.953925e-01 -9.588368e-02  5.780647e-06
   outer loop
     vertex  1.739762e+00  1.890154e-01  6.000000e+00
     vertex  1.739471e+00  1.916771e-01  0.000000e+00
     vertex  1.744075e+00  1.438842e-01  0.000000e+00
   endloop
 endfacet
 facet normal -9.955200e-01 -9.455097e-02 -4.335486e-06
   outer loop
     vertex  1.739762e+00  1.890154e-01  6.000000e+00
     vertex  1.744075e+00  1.438842e-01  0.000000e+00
     vertex  1.744239e+00  1.418827e-01  6.000000e+00
   endloop
 endfacet
 facet normal -9.923874e-01 -1.231552e-01  7.119128e-06
   outer loop
     vertex  1.734013e+00  2.360097e-01  6.000000e+00
     vertex  1.733558e+00  2.393257e-01  0.000000e+00
     vertex  1.739471e+00  1.916771e-01  0.000000e+00
   endloop
 endfacet
 facet normal -9.925979e-01 -1.214469e-01 -5.695303e-06
   outer loop
     vertex  1.734013e+00  2.360097e-01  6.000000e+00
     vertex  1.739471e+00  1.916771e-01  0.000000e+00
     vertex  1.739762e+00  1.890154e-01  6.000000e+00
   endloop
 endfacet
 facet normal -9.886353e-01 -1.503341e-01  8.414936e-06
   outer loop
     vertex  1.726993e+00  2.828313e-01  6.000000e+00
     vertex  1.726340e+00  2.867941e-01  0.000000e+00
     vertex  1.733558e+00  2.393257e-01  0.000000e+00
   endloop
 endfacet
 facet normal -9.889493e-01 -1.482538e-01 -7.012447e-06
   outer loop
     vertex  1.726993e+00  2.828313e-01  6.000000e+00
     vertex  1.733558e+00  2.393257e-01  0.000000e+00
     vertex  1.734013e+00  2.360097e-01  6.000000e+00
   endloop
 endfacet
 facet normal -9.841389e-01 -1.773998e-01  9.668071e-06
   outer loop
     vertex  1.718710e+00  3.294458e-01  6.000000e+00
     vertex  1.717822e+00  3.340467e-01  0.000000e+00
     vertex  1.726340e+00  2.867941e-01  0.000000e+00
   endloop
 endfacet
 facet normal -9.845769e-01 -1.749523e-01 -8.286919e-06
   outer loop
     vertex  1.718710e+00  3.294458e-01  6.000000e+00
     vertex  1.726340e+00  2.867941e-01  0.000000e+00
     vertex  1.726993e+00  2.828313e-01  6.000000e+00
   endloop
 endfacet
 facet normal -9.794838e-01 -2.015228e-01 -9.518717e-06
   outer loop
     vertex  1.709169e+00  3.758193e-01  6.000000e+00
     vertex  1.717822e+00  3.340467e-01  0.000000e+00
     vertex  1.718710e+00  3.294458e-01  6.000000e+00
   endloop
 endfacet
 facet normal -9.789017e-01 -2.043319e-01  1.087853e-05
   outer loop
     vertex  1.709169e+00  3.758193e-01  6.000000e+00
     vertex  1.708011e+00  3.810478e-01  0.000000e+00
     vertex  1.717822e+00  3.340467e-01  0.000000e+00
   endloop
 endfacet
 facet normal -9.736738e-01 -2.279457e-01 -1.070784e-05
   outer loop
     vertex  1.698377e+00  4.219176e-01  6.000000e+00
     vertex  1.708011e+00  3.810478e-01  0.000000e+00
     vertex  1.709169e+00  3.758193e-01  6.000000e+00
   endloop
 endfacet
 facet normal -9.729276e-01 -2.311102e-01  1.204632e-05
   outer loop
     vertex  1.698377e+00  4.219176e-01  6.000000e+00
     vertex  1.696915e+00  4.277620e-01  0.000000e+00
     vertex  1.708011e+00  3.810478e-01  0.000000e+00
   endloop
 endfacet
 facet normal -9.671512e-01 -2.542018e-01 -1.185429e-05
   outer loop
     vertex  1.686342e+00  4.677072e-01  6.000000e+00
     vertex  1.696915e+00  4.277620e-01  0.000000e+00
     vertex  1.698377e+00  4.219176e-01  6.000000e+00
   endloop
 endfacet
 facet normal -9.662211e-01 -2.577146e-01  1.317144e-05
   outer loop
     vertex  1.686342e+00  4.677072e-01  6.000000e+00
     vertex  1.684541e+00  4.741542e-01  0.000000e+00
     vertex  1.696915e+00  4.277620e-01  0.000000e+00
   endloop
 endfacet
 facet normal -9.599207e-01 -2.802718e-01 -1.295807e-05
   outer loop
     vertex  1.673073e+00  5.131544e-01  6.000000e+00
     vertex  1.684541e+00  4.741542e-01  0.000000e+00
     vertex  1.686342e+00  4.677072e-01  6.000000e+00
   endloop
 endfacet
 facet normal -9.587873e-01 -2.841250e-01  1.425388e-05
   outer loop
     vertex  1.673073e+00  5.131544e-01  6.000000e+00
     vertex  1.670899e+00  5.201895e-01  0.000000e+00
     vertex  1.684541e+00  4.741542e-01  0.000000e+00
   endloop
 endfacet
 facet normal -9.519876e-01 -3.061367e-01 -1.401918e-05
   outer loop
     vertex  1.658579e+00  5.582260e-01  6.000000e+00
     vertex  1.670899e+00  5.201895e-01  0.000000e+00
     vertex  1.673073e+00  5.131544e-01  6.000000e+00
   endloop
 endfacet
 facet normal -9.506317e-01 -3.103214e-01  1.529364e-05
   outer loop
     vertex  1.658579e+00  5.582260e-01  6.000000e+00
     vertex  1.655999e+00  5.658333e-01  0.000000e+00
     vertex  1.670899e+00  5.201895e-01  0.000000e+00
   endloop
 endfacet
 facet normal -9.433577e-01 -3.317775e-01 -1.503761e-05
   outer loop
     vertex  1.642871e+00  6.028891e-01  6.000000e+00
     vertex  1.655999e+00  5.658333e-01  0.000000e+00
     vertex  1.658579e+00  5.582260e-01  6.000000e+00
   endloop
 endfacet
 facet normal -9.417605e-01 -3.362843e-01  1.629074e-05
   outer loop
     vertex  1.642871e+00  6.028891e-01  6.000000e+00
     vertex  1.639853e+00  6.110511e-01  0.000000e+00
     vertex  1.655999e+00  5.658333e-01  0.000000e+00
   endloop
 endfacet
 facet normal -9.340373e-01 -3.571755e-01 -1.601336e-05
   outer loop
     vertex  1.625961e+00  6.471108e-01  6.000000e+00
     vertex  1.639853e+00  6.110511e-01  0.000000e+00
     vertex  1.642871e+00  6.028891e-01  6.000000e+00
   endloop
 endfacet
 facet normal -9.321804e-01 -3.619940e-01  1.724516e-05
   outer loop
     vertex  1.625961e+00  6.471108e-01  6.000000e+00
     vertex  1.622472e+00  6.558089e-01  0.000000e+00
     vertex  1.639853e+00  6.110511e-01  0.000000e+00
   endloop
 endfacet
 facet normal -9.240333e-01 -3.823121e-01 -1.694644e-05
   outer loop
     vertex  1.607860e+00  6.908590e-01  6.000000e+00
     vertex  1.622472e+00  6.558089e-01  0.000000e+00
     vertex  1.625961e+00  6.471108e-01  6.000000e+00
   endloop
 endfacet
 facet normal -9.218986e-01 -3.874313e-01  1.815690e-05
   outer loop
     vertex  1.607860e+00  6.908590e-01  6.000000e+00
     vertex  1.603870e+00  7.000730e-01  0.000000e+00
     vertex  1.622472e+00  6.558089e-01  0.000000e+00
   endloop
 endfacet
 facet normal -9.133529e-01 -4.071688e-01 -1.783685e-05
   outer loop
     vertex  1.588583e+00  7.341015e-01  6.000000e+00
     vertex  1.603870e+00  7.000730e-01  0.000000e+00
     vertex  1.607860e+00  6.908590e-01  6.000000e+00
   endloop
 endfacet
 facet normal -9.109228e-01 -4.125769e-01  1.902597e-05
   outer loop
     vertex  1.588583e+00  7.341015e-01  6.000000e+00
     vertex  1.584060e+00  7.438101e-01  0.000000e+00
     vertex  1.603870e+00  7.000730e-01  0.000000e+00
   endloop
 endfacet
 facet normal -9.020041e-01 -4.317275e-01 -1.868458e-05
   outer loop
     vertex  1.568143e+00  7.768066e-01  6.000000e+00
     vertex  1.584060e+00  7.438101e-01  0.000000e+00
     vertex  1.588583e+00  7.341015e-01  6.000000e+00
   endloop
 endfacet
 facet normal -8.992613e-01 -4.374119e-01  1.985237e-05
   outer loop
     vertex  1.568143e+00  7.768066e-01  6.000000e+00
     vertex  1.563058e+00  7.869874e-01  0.000000e+00
     vertex  1.584060e+00  7.438101e-01  0.000000e+00
   endloop
 endfacet
 facet normal -8.899950e-01 -4.559703e-01 -1.948964e-05
   outer loop
     vertex  1.546555e+00  8.189432e-01  6.000000e+00
     vertex  1.563058e+00  7.869874e-01  0.000000e+00
     vertex  1.568143e+00  7.768066e-01  6.000000e+00
   endloop
 endfacet
 facet normal -8.869228e-01 -4.619176e-01  2.063609e-05
   outer loop
     vertex  1.546555e+00  8.189432e-01  6.000000e+00
     vertex  1.540880e+00  8.295722e-01  0.000000e+00
     vertex  1.563058e+00  7.869874e-01  0.000000e+00
   endloop
 endfacet
 facet normal -8.773346e-01 -4.798792e-01 -2.025203e-05
   outer loop
     vertex  1.523835e+00  8.604804e-01  6.000000e+00
     vertex  1.540880e+00  8.295722e-01  0.000000e+00
     vertex  1.546555e+00  8.189432e-01  6.000000e+00
   endloop
 endfacet
 facet normal -8.739167e-01 -4.860756e-01  2.137713e-05
   outer loop
     vertex  1.523835e+00  8.604804e-01  6.000000e+00
     vertex  1.517541e+00  8.715325e-01  0.000000e+00
     vertex  1.540880e+00  8.295722e-01  0.000000e+00
   endloop
 endfacet
 facet normal -8.635417e-01 -5.042775e-01 -2.303424e-05
   outer loop
     vertex  1.500000e+00  9.013878e-01  4.000000e+00
     vertex  1.517541e+00  8.715325e-01  0.000000e+00
     vertex  1.523835e+00  8.604804e-01  6.000000e+00
   endloop
 endfacet
 facet normal -8.602528e-01 -5.098678e-01  3.311326e-05
   outer loop
     vertex  1.500000e+00  9.013878e-01  4.000000e+00
     vertex  1.493060e+00  9.128368e-01  0.000000e+00
     vertex  1.517541e+00  8.715325e-01  0.000000e+00
   endloop
 endfacet
 facet normal -8.640319e-01 -5.034370e-01 -6.220520e-15
   outer loop
     vertex  1.500000e+00  9.013878e-01  6.000000e+00
     vertex  1.500000e+00  9.013878e-01  4.000000e+00
     vertex  1.523835e+00  8.604804e-01  6.000000e+00
   endloop
 endfacet
 facet normal -8.500734e-01 -5.266642e-01 -3.262262e-05
   outer loop
     vertex  1.474983e+00  9.417672e-01  4.000000e+00
     vertex  1.493060e+00  9.128368e-01  0.000000e+00
     vertex  1.500000e+00  9.013878e-01  4.000000e+00
   endloop
 endfacet
 facet normal -8.459413e-01 -5.332761e-01  3.387287e-05
   outer loop
     vertex  1.474983e+00  9.417672e-01  4.000000e+00
     vertex  1.467456e+00  9.534539e-01  0.000000e+00
     vertex  1.493060e+00  9.128368e-01  0.000000e+00
   endloop
 endfacet
 facet normal -8.309929e-01 -5.562829e-01  3.459488e-05
   outer loop
     vertex  1.448879e+00  9.814527e-01  4.000000e+00
     vertex  1.440746e+00  9.933532e-01  0.000000e+00
     vertex  1.467456e+00  9.534539e-01  0.000000e+00
   endloop
 endfacet
 facet normal -8.354661e-01 -5.495420e-01 -3.336343e-05
   outer loop
     vertex  1.448879e+00  9.814527e-01  4.000000e+00
     vertex  1.467456e+00  9.534539e-01  0.000000e+00
     vertex  1.474983e+00  9.417672e-01  4.000000e+00
   endloop
 endfacet
 facet normal -8.154191e-01 -5.788711e-01  3.527928e-05
   outer loop
     vertex  1.421708e+00  1.020415e+00  4.000000e+00
     vertex  1.412952e+00  1.032505e+00  0.000000e+00
     vertex  1.440746e+00  9.933532e-01  0.000000e+00
   endloop
 endfacet
 facet normal -8.202432e-01 -5.720149e-01 -3.406663e-05
   outer loop
     vertex  1.421708e+00  1.020415e+00  4.000000e+00
     vertex  1.440746e+00  9.933532e-01  0.000000e+00
     vertex  1.448879e+00  9.814527e-01  4.000000e+00
   endloop
 endfacet
 facet normal -7.992314e-01 -6.010234e-01  3.592607e-05
   outer loop
     vertex  1.393489e+00  1.058626e+00  4.000000e+00
     vertex  1.384095e+00  1.070879e+00  0.000000e+00
     vertex  1.412952e+00  1.032505e+00  0.000000e+00
   endloop
 endfacet
 facet normal -8.044160e-01 -5.940664e-01 -3.473222e-05
   outer loop
     vertex  1.393489e+00  1.058626e+00  4.000000e+00
     vertex  1.412952e+00  1.032505e+00  0.000000e+00
     vertex  1.421708e+00  1.020415e+00  4.000000e+00
   endloop
 endfacet
 facet normal -7.824421e-01 -6.227234e-01  3.653525e-05
   outer loop
     vertex  1.364244e+00  1.096056e+00  4.000000e+00
     vertex  1.354195e+00  1.108447e+00  0.000000e+00
     vertex  1.384095e+00  1.070879e+00  0.000000e+00
   endloop
 endfacet
 facet normal -7.879961e-01 -6.156802e-01 -3.536021e-05
   outer loop
     vertex  1.364244e+00  1.096056e+00  4.000000e+00
     vertex  1.384095e+00  1.070879e+00  0.000000e+00
     vertex  1.393489e+00  1.058626e+00  4.000000e+00
   endloop
 endfacet
 facet normal -7.650637e-01 -6.439545e-01  3.710682e-05
   outer loop
     vertex  1.333993e+00  1.132680e+00  4.000000e+00
     vertex  1.323276e+00  1.145181e+00  0.000000e+00
     vertex  1.354195e+00  1.108447e+00  0.000000e+00
   endloop
 endfacet
 facet normal -7.709957e-01 -6.368403e-01 -3.595058e-05
   outer loop
     vertex  1.333993e+00  1.132680e+00  4.000000e+00
     vertex  1.354195e+00  1.108447e+00  0.000000e+00
     vertex  1.364244e+00  1.096056e+00  4.000000e+00
   endloop
 endfacet
 facet normal -7.471095e-01 -6.647010e-01  3.764078e-05
   outer loop
     vertex  1.302760e+00  1.168468e+00  4.000000e+00
     vertex  1.291361e+00  1.181053e+00  0.000000e+00
     vertex  1.323276e+00  1.145181e+00  0.000000e+00
   endloop
 endfacet
 facet normal -7.534272e-01 -6.575313e-01 -3.650335e-05
   outer loop
     vertex  1.302760e+00  1.168468e+00  4.000000e+00
     vertex  1.323276e+00  1.145181e+00  0.000000e+00
     vertex  1.333993e+00  1.132680e+00  4.000000e+00
   endloop
 endfacet
 facet normal -7.285929e-01 -6.849470e-01  3.813713e-05
   outer loop
     vertex  1.270566e+00  1.203396e+00  4.000000e+00
     vertex  1.258474e+00  1.216036e+00  0.000000e+00
     vertex  1.291361e+00  1.181053e+00  0.000000e+00
   endloop
 endfacet
 facet normal -7.353036e-01 -6.777378e-01 -3.701851e-05
   outer loop
     vertex  1.270566e+00  1.203396e+00  4.000000e+00
     vertex  1.291361e+00  1.181053e+00  0.000000e+00
     vertex  1.302760e+00  1.168468e+00  4.000000e+00
   endloop
 endfacet
 facet normal -7.095278e-01 -7.046775e-01  3.859587e-05
   outer loop
     vertex  1.237437e+00  1.237437e+00  4.000000e+00
     vertex  1.224640e+00  1.250103e+00  0.000000e+00
     vertex  1.258474e+00  1.216036e+00  0.000000e+00
   endloop
 endfacet
 facet normal -7.166383e-01 -6.974450e-01 -3.749605e-05
   outer loop
     vertex  1.237437e+00  1.237437e+00  4.000000e+00
     vertex  1.258474e+00  1.216036e+00  0.000000e+00
     vertex  1.270566e+00  1.203396e+00  4.000000e+00
   endloop
 endfacet
 facet normal -6.899286e-01 -7.238775e-01  3.901701e-05
   outer loop
     vertex  1.203396e+00  1.270566e+00  4.000000e+00
     vertex  1.189883e+00  1.283230e+00  0.000000e+00
     vertex  1.224640e+00  1.250103e+00  0.000000e+00
   endloop
 endfacet
 facet normal -6.974450e-01 -7.166383e-01 -3.793599e-05
   outer loop
     vertex  1.203396e+00  1.270566e+00  4.000000e+00
     vertex  1.224640e+00  1.250103e+00  0.000000e+00
     vertex  1.237437e+00  1.237437e+00  4.000000e+00
   endloop
 endfacet
 facet normal -6.698100e-01 -7.425325e-01  3.940053e-05
   outer loop
     vertex  1.168468e+00  1.302760e+00  4.000000e+00
     vertex  1.154231e+00  1.315390e+00  0.000000e+00
     vertex  1.189883e+00  1.283230e+00  0.000000e+00
   endloop
 endfacet
 facet normal -6.777378e-01 -7.353036e-01 -3.833832e-05
   outer loop
     vertex  1.168468e+00  1.302760e+00  4.000000e+00
     vertex  1.189883e+00  1.283230e+00  0.000000e+00
     vertex  1.203396e+00  1.270566e+00  4.000000e+00
   endloop
 endfacet
 facet normal -6.491872e-01 -7.606287e-01  3.974645e-05
   outer loop
     vertex  1.132680e+00  1.333993e+00  4.000000e+00
     vertex  1.117710e+00  1.346560e+00  0.000000e+00
     vertex  1.154231e+00  1.315390e+00  0.000000e+00
   endloop
 endfacet
 facet normal -6.575313e-01 -7.534272e-01 -3.870304e-05
   outer loop
     vertex  1.132680e+00  1.333993e+00  4.000000e+00
     vertex  1.154231e+00  1.315390e+00  0.000000e+00
     vertex  1.168468e+00  1.302760e+00  4.000000e+00
   endloop
 endfacet
 facet normal -6.368403e-01 -7.709957e-01 -3.903015e-05
   outer loop
     vertex  1.096056e+00  1.364244e+00  4.000000e+00
     vertex  1.117710e+00  1.346560e+00  0.000000e+00
     vertex  1.132680e+00  1.333993e+00  4.000000e+00
   endloop
 endfacet
 facet normal -6.280757e-01 -7.781522e-01  4.005475e-05
   outer loop
     vertex  1.096056e+00  1.364244e+00  4.000000e+00
     vertex  1.080348e+00  1.376716e+00  0.000000e+00
     vertex  1.117710e+00  1.346560e+00  0.000000e+00
   endloop
 endfacet
 facet normal -6.156802e-01 -7.879961e-01 -3.931965e-05
   outer loop
     vertex  1.058626e+00  1.393489e+00  4.000000e+00
     vertex  1.080348e+00  1.376716e+00  0.000000e+00
     vertex  1.096056e+00  1.364244e+00  4.000000e+00
   endloop
 endfacet
 facet normal -6.064915e-01 -7.950900e-01  4.032545e-05
   outer loop
     vertex  1.058626e+00  1.393489e+00  4.000000e+00
     vertex  1.042172e+00  1.405837e+00  0.000000e+00
     vertex  1.080348e+00  1.376716e+00  0.000000e+00
   endloop
 endfacet
 facet normal -5.940664e-01 -8.044160e-01 -3.957154e-05
   outer loop
     vertex  1.020415e+00  1.421708e+00  4.000000e+00
     vertex  1.042172e+00  1.405837e+00  0.000000e+00
     vertex  1.058626e+00  1.393489e+00  4.000000e+00
   endloop
 endfacet
 facet normal -5.844507e-01 -8.114292e-01  4.055853e-05
   outer loop
     vertex  1.020415e+00  1.421708e+00  4.000000e+00
     vertex  1.003212e+00  1.433898e+00  0.000000e+00
     vertex  1.042172e+00  1.405837e+00  0.000000e+00
   endloop
 endfacet
 facet normal -5.720149e-01 -8.202432e-01 -3.978582e-05
   outer loop
     vertex  9.814527e-01  1.448879e+00  4.000000e+00
     vertex  1.003212e+00  1.433898e+00  0.000000e+00
     vertex  1.020415e+00  1.421708e+00  4.000000e+00
   endloop
 endfacet
 facet normal -5.619699e-01 -8.271577e-01  4.075401e-05
   outer loop
     vertex  9.814527e-01  1.448879e+00  4.000000e+00
     vertex  9.634972e-01  1.460881e+00  0.000000e+00
     vertex  1.003212e+00  1.433898e+00  0.000000e+00
   endloop
 endfacet
 facet normal -5.495420e-01 -8.354661e-01 -3.996250e-05
   outer loop
     vertex  9.417672e-01  1.474983e+00  4.000000e+00
     vertex  9.634972e-01  1.460881e+00  0.000000e+00
     vertex  9.814527e-01  1.448879e+00  4.000000e+00
   endloop
 endfacet
 facet normal -5.390661e-01 -8.422635e-01  4.091188e-05
   outer loop
     vertex  9.417672e-01  1.474983e+00  4.000000e+00
     vertex  9.230567e-01  1.486764e+00  0.000000e+00
     vertex  9.634972e-01  1.460881e+00  0.000000e+00
   endloop
 endfacet
 facet normal -5.266642e-01 -8.500734e-01 -4.010156e-05
   outer loop
     vertex  9.013878e-01  1.500000e+00  4.000000e+00
     vertex  9.230567e-01  1.486764e+00  0.000000e+00
     vertex  9.417672e-01  1.474983e+00  4.000000e+00
   endloop
 endfacet
 facet normal -5.157565e-01 -8.567352e-01  4.103214e-05
   outer loop
     vertex  9.013878e-01  1.500000e+00  4.000000e+00
     vertex  8.819213e-01  1.511527e+00  0.000000e+00
     vertex  9.230567e-01  1.486764e+00  0.000000e+00
   endloop
 endfacet
 facet normal -4.920587e-01 -8.705620e-01 -1.141431e-04
   outer loop
     vertex  8.401220e-01  1.535153e+00  0.000000e+00
     vertex  8.819213e-01  1.511527e+00  0.000000e+00
     vertex  9.013878e-01  1.500000e+00  4.000000e+00
   endloop
 endfacet
 facet normal -5.034370e-01 -8.640319e-01  1.424389e-15
   outer loop
     vertex  8.604804e-01  1.523835e+00  6.000000e+00
     vertex  9.013878e-01  1.500000e+00  4.000000e+00
     vertex  9.013878e-01  1.500000e+00  6.000000e+00
   endloop
 endfacet
 facet normal -5.009782e-01 -8.654599e-01  6.731030e-05
   outer loop
     vertex  8.604804e-01  1.523835e+00  6.000000e+00
     vertex  8.401220e-01  1.535153e+00  0.000000e+00
     vertex  9.013878e-01  1.500000e+00  4.000000e+00
   endloop
 endfacet
 facet normal -4.679904e-01 -8.837335e-01  2.744588e-05
   outer loop
     vertex  8.189432e-01  1.546555e+00  6.000000e+00
     vertex  7.976904e-01  1.557623e+00  0.000000e+00
     vertex  8.401220e-01  1.535153e+00  0.000000e+00
   endloop
 endfacet
 facet normal -4.798792e-01 -8.773346e-01 -2.667919e-05
   outer loop
     vertex  8.189432e-01  1.546555e+00  6.000000e+00
     vertex  8.401220e-01  1.535153e+00  0.000000e+00
     vertex  8.604804e-01  1.523835e+00  6.000000e+00
   endloop
 endfacet
 facet normal -4.559703e-01 -8.899950e-01 -2.668207e-05
   outer loop
     vertex  7.768066e-01  1.568143e+00  6.000000e+00
     vertex  7.976904e-01  1.557623e+00  0.000000e+00
     vertex  8.189432e-01  1.546555e+00  6.000000e+00
   endloop
 endfacet
 facet normal -4.435699e-01 -8.962398e-01  2.742743e-05
   outer loop
     vertex  7.768066e-01  1.568143e+00  6.000000e+00
     vertex  7.546582e-01  1.578921e+00  0.000000e+00
     vertex  7.976904e-01  1.557623e+00  0.000000e+00
   endloop
 endfacet
 facet normal -4.317275e-01 -9.020041e-01 -2.664229e-05
   outer loop
     vertex  7.341015e-01  1.588583e+00  6.000000e+00
     vertex  7.546582e-01  1.578921e+00  0.000000e+00
     vertex  7.768066e-01  1.568143e+00  6.000000e+00
   endloop
 endfacet
 facet normal -4.188155e-01 -9.080714e-01  2.736631e-05
   outer loop
     vertex  7.341015e-01  1.588583e+00  6.000000e+00
     vertex  7.110580e-01  1.599030e+00  0.000000e+00
     vertex  7.546582e-01  1.578921e+00  0.000000e+00
   endloop
 endfacet
 facet normal -4.071688e-01 -9.133529e-01 -2.655982e-05
   outer loop
     vertex  6.908590e-01  1.607860e+00  6.000000e+00
     vertex  7.110580e-01  1.599030e+00  0.000000e+00
     vertex  7.341015e-01  1.588583e+00  6.000000e+00
   endloop
 endfacet
 facet normal -3.937458e-01 -9.192194e-01  2.726251e-05
   outer loop
     vertex  6.908590e-01  1.607860e+00  6.000000e+00
     vertex  6.669225e-01  1.617935e+00  0.000000e+00
     vertex  7.110580e-01  1.599030e+00  0.000000e+00
   endloop
 endfacet
 facet normal -3.823121e-01 -9.240333e-01 -2.643468e-05
   outer loop
     vertex  6.471108e-01  1.625961e+00  6.000000e+00
     vertex  6.669225e-01  1.617935e+00  0.000000e+00
     vertex  6.908590e-01  1.607860e+00  6.000000e+00
   endloop
 endfacet
 facet normal -3.683796e-01 -9.296754e-01  2.711603e-05
   outer loop
     vertex  6.471108e-01  1.625961e+00  6.000000e+00
     vertex  6.222850e-01  1.635623e+00  0.000000e+00
     vertex  6.669225e-01  1.617935e+00  0.000000e+00
   endloop
 endfacet
 facet normal -3.571755e-01 -9.340373e-01 -2.626687e-05
   outer loop
     vertex  6.028891e-01  1.642871e+00  6.000000e+00
     vertex  6.222850e-01  1.635623e+00  0.000000e+00
     vertex  6.471108e-01  1.625961e+00  6.000000e+00
   endloop
 endfacet
 facet normal -3.427362e-01 -9.394317e-01  2.692687e-05
   outer loop
     vertex  6.028891e-01  1.642871e+00  6.000000e+00
     vertex  5.771790e-01  1.652079e+00  0.000000e+00
     vertex  6.222850e-01  1.635623e+00  0.000000e+00
   endloop
 endfacet
 facet normal -3.317775e-01 -9.433577e-01 -2.605638e-05
   outer loop
     vertex  5.582260e-01  1.658579e+00  6.000000e+00
     vertex  5.771790e-01  1.652079e+00  0.000000e+00
     vertex  6.028891e-01  1.642871e+00  6.000000e+00
   endloop
 endfacet
 facet normal -3.168348e-01 -9.484807e-01  2.669505e-05
   outer loop
     vertex  5.582260e-01  1.658579e+00  6.000000e+00
     vertex  5.316385e-01  1.667291e+00  0.000000e+00
     vertex  5.771790e-01  1.652079e+00  0.000000e+00
   endloop
 endfacet
 facet normal -3.061367e-01 -9.519876e-01 -2.580321e-05
   outer loop
     vertex  5.131544e-01  1.673073e+00  6.000000e+00
     vertex  5.316385e-01  1.667291e+00  0.000000e+00
     vertex  5.582260e-01  1.658579e+00  6.000000e+00
   endloop
 endfacet
 facet normal -2.906949e-01 -9.568158e-01  2.642054e-05
   outer loop
     vertex  5.131544e-01  1.673073e+00  6.000000e+00
     vertex  4.856979e-01  1.681249e+00  0.000000e+00
     vertex  5.316385e-01  1.667291e+00  0.000000e+00
   endloop
 endfacet
 facet normal -2.802718e-01 -9.599207e-01 -2.550737e-05
   outer loop
     vertex  4.677072e-01  1.686342e+00  6.000000e+00
     vertex  4.856979e-01  1.681249e+00  0.000000e+00
     vertex  5.131544e-01  1.673073e+00  6.000000e+00
   endloop
 endfacet
 facet normal -2.643362e-01 -9.644306e-01  2.610336e-05
   outer loop
     vertex  4.677072e-01  1.686342e+00  6.000000e+00
     vertex  4.393916e-01  1.693941e+00  0.000000e+00
     vertex  4.856979e-01  1.681249e+00  0.000000e+00
   endloop
 endfacet
 facet normal -2.542018e-01 -9.671512e-01 -2.516885e-05
   outer loop
     vertex  4.219176e-01  1.698377e+00  6.000000e+00
     vertex  4.393916e-01  1.693941e+00  0.000000e+00
     vertex  4.677072e-01  1.686342e+00  6.000000e+00
   endloop
 endfacet
 facet normal -2.377784e-01 -9.713194e-01  2.574350e-05
   outer loop
     vertex  4.219176e-01  1.698377e+00  6.000000e+00
     vertex  3.927546e-01  1.705357e+00  0.000000e+00
     vertex  4.393916e-01  1.693941e+00  0.000000e+00
   endloop
 endfacet
 facet normal -2.279457e-01 -9.736738e-01 -2.478765e-05
   outer loop
     vertex  3.758193e-01  1.709169e+00  6.000000e+00
     vertex  3.927546e-01  1.705357e+00  0.000000e+00
     vertex  4.219176e-01  1.698377e+00  6.000000e+00
   endloop
 endfacet
 facet normal -2.110417e-01 -9.774771e-01  2.534097e-05
   outer loop
     vertex  3.758193e-01  1.709169e+00  6.000000e+00
     vertex  3.458219e-01  1.715490e+00  0.000000e+00
     vertex  3.927546e-01  1.705357e+00  0.000000e+00
   endloop
 endfacet
 facet normal -2.015228e-01 -9.794838e-01 -2.436378e-05
   outer loop
     vertex  3.294458e-01  1.718710e+00  6.000000e+00
     vertex  3.458219e-01  1.715490e+00  0.000000e+00
     vertex  3.758193e-01  1.709169e+00  6.000000e+00
   endloop
 endfacet
 facet normal -1.841461e-01 -9.828989e-01  2.489576e-05
   outer loop
     vertex  3.294458e-01  1.718710e+00  6.000000e+00
     vertex  2.986289e-01  1.724332e+00  0.000000e+00
     vertex  3.458219e-01  1.715490e+00  0.000000e+00
   endloop
 endfacet
 facet normal -1.749523e-01 -9.845769e-01 -2.389724e-05
   outer loop
     vertex  2.828313e-01  1.726993e+00  6.000000e+00
     vertex  2.986289e-01  1.724332e+00  0.000000e+00
     vertex  3.294458e-01  1.718710e+00  6.000000e+00
   endloop
 endfacet
 facet normal -1.571119e-01 -9.875808e-01  2.440788e-05
   outer loop
     vertex  2.828313e-01  1.726993e+00  6.000000e+00
     vertex  2.512111e-01  1.731876e+00  0.000000e+00
     vertex  2.986289e-01  1.724332e+00  0.000000e+00
   endloop
 endfacet
 facet normal -1.482538e-01 -9.889493e-01 -2.338802e-05
   outer loop
     vertex  2.360097e-01  1.734013e+00  6.000000e+00
     vertex  2.512111e-01  1.731876e+00  0.000000e+00
     vertex  2.828313e-01  1.726993e+00  6.000000e+00
   endloop
 endfacet
 facet normal -1.299594e-01 -9.915193e-01  2.387732e-05
   outer loop
     vertex  2.360097e-01  1.734013e+00  6.000000e+00
     vertex  2.036042e-01  1.738115e+00  0.000000e+00
     vertex  2.512111e-01  1.731876e+00  0.000000e+00
   endloop
 endfacet
 facet normal -1.214469e-01 -9.925979e-01 -2.283612e-05
   outer loop
     vertex  1.890154e-01  1.739762e+00  6.000000e+00
     vertex  2.036042e-01  1.738115e+00  0.000000e+00
     vertex  2.360097e-01  1.734013e+00  6.000000e+00
   endloop
 endfacet
 facet normal -1.027091e-01 -9.947114e-01  2.330409e-05
   outer loop
     vertex  1.890154e-01  1.739762e+00  6.000000e+00
     vertex  1.558440e-01  1.743047e+00  0.000000e+00
     vertex  2.036042e-01  1.738115e+00  0.000000e+00
   endloop
 endfacet
 facet normal -7.538152e-02 -9.971548e-01  2.268818e-05
   outer loop
     vertex  1.418827e-01  1.744239e+00  6.000000e+00
     vertex  1.079665e-01  1.746666e+00  0.000000e+00
     vertex  1.558440e-01  1.743047e+00  0.000000e+00
   endloop
 endfacet
 facet normal -9.455097e-02 -9.955200e-01 -2.224155e-05
   outer loop
     vertex  1.418827e-01  1.744239e+00  6.000000e+00
     vertex  1.558440e-01  1.743047e+00  0.000000e+00
     vertex  1.890154e-01  1.739762e+00  6.000000e+00
   endloop
 endfacet
 facet normal -4.799716e-02 -9.988475e-01  2.202960e-05
   outer loop
     vertex  9.464622e-02  1.747439e+00  6.000000e+00
     vertex  6.000774e-02  1.748971e+00  0.000000e+00
     vertex  1.079665e-01  1.746666e+00  0.000000e+00
   endloop
 endfacet
 facet normal -6.758588e-02 -9.977135e-01 -2.160431e-05
   outer loop
     vertex  9.464622e-02  1.747439e+00  6.000000e+00
     vertex  1.079665e-01  1.746666e+00  0.000000e+00
     vertex  1.418827e-01  1.744239e+00  6.000000e+00
   endloop
 endfacet
 facet normal -2.057667e-02 -9.997883e-01  2.132834e-05
   outer loop
     vertex  4.734043e-02  1.749360e+00  6.000000e+00
     vertex  1.200381e-02  1.749959e+00  0.000000e+00
     vertex  6.000774e-02  1.748971e+00  0.000000e+00
   endloop
 endfacet
 facet normal -4.057133e-02 -9.991766e-01 -2.092438e-05
   outer loop
     vertex  4.734043e-02  1.749360e+00  6.000000e+00
     vertex  6.000774e-02  1.748971e+00  0.000000e+00
     vertex  9.464622e-02  1.747439e+00  6.000000e+00
   endloop
 endfacet
 facet normal -1.352708e-02 -9.999085e-01 -2.020179e-05
   outer loop
     vertex  8.843127e-16  1.750000e+00  6.000000e+00
     vertex  1.200381e-02  1.749959e+00  0.000000e+00
     vertex  4.734043e-02  1.749360e+00  6.000000e+00
   endloop
 endfacet
 facet normal  6.859319e-03 -9.999765e-01  2.058441e-05
   outer loop
     vertex  8.843127e-16  1.750000e+00  6.000000e+00
     vertex -3.600916e-02  1.749629e+00  0.000000e+00
     vertex  1.200381e-02  1.749959e+00  0.000000e+00
   endloop
 endfacet
 facet normal  1.352708e-02 -9.999085e-01 -1.943652e-05
   outer loop
     vertex -4.734043e-02  1.749360e+00  6.000000e+00
     vertex -3.600916e-02  1.749629e+00  0.000000e+00
     vertex  8.843127e-16  1.750000e+00  6.000000e+00
   endloop
 endfacet
 facet normal  3.429014e-02 -9.994119e-01  1.979780e-05
   outer loop
     vertex -4.734043e-02  1.749360e+00  6.000000e+00
     vertex -8.399503e-02  1.747983e+00  0.000000e+00
     vertex -3.600916e-02  1.749629e+00  0.000000e+00
   endloop
 endfacet
 facet normal  4.057133e-02 -9.991766e-01 -1.862857e-05
   outer loop
     vertex -9.464622e-02  1.747439e+00  6.000000e+00
     vertex -8.399503e-02  1.747983e+00  0.000000e+00
     vertex -4.734043e-02  1.749360e+00  6.000000e+00
   endloop
 endfacet
 facet normal  6.169515e-02 -9.980950e-01  1.896851e-05
   outer loop
     vertex -9.464622e-02  1.747439e+00  6.000000e+00
     vertex -1.319177e-01  1.745021e+00  0.000000e+00
     vertex -8.399503e-02  1.747983e+00  0.000000e+00
   endloop
 endfacet
 facet normal  8.905371e-02 -9.960268e-01  1.809656e-05
   outer loop
     vertex -1.418827e-01  1.744239e+00  6.000000e+00
     vertex -1.797410e-01  1.740745e+00  0.000000e+00
     vertex -1.319177e-01  1.745021e+00  0.000000e+00
   endloop
 endfacet
 facet normal  6.758588e-02 -9.977135e-01 -1.777795e-05
   outer loop
     vertex -1.418827e-01  1.744239e+00  6.000000e+00
     vertex -1.319177e-01  1.745021e+00  0.000000e+00
     vertex -9.464622e-02  1.747439e+00  6.000000e+00
   endloop
 endfacet
 facet normal  1.163452e-01 -9.932088e-01  1.718192e-05
   outer loop
     vertex -1.890154e-01  1.739762e+00  6.000000e+00
     vertex -2.274290e-01  1.735159e+00  0.000000e+00
     vertex -1.797410e-01  1.740745e+00  0.000000e+00
   endloop
 endfacet
 facet normal  9.455097e-02 -9.955200e-01 -1.688466e-05
   outer loop
     vertex -1.890154e-01  1.739762e+00  6.000000e+00
     vertex -1.797410e-01  1.740745e+00  0.000000e+00
     vertex -1.418827e-01  1.744239e+00  6.000000e+00
   endloop
 endfacet
 facet normal  1.435492e-01 -9.896432e-01  1.622462e-05
   outer loop
     vertex -2.360097e-01  1.734013e+00  6.000000e+00
     vertex -2.749459e-01  1.728266e+00  0.000000e+00
     vertex -2.274290e-01  1.735159e+00  0.000000e+00
   endloop
 endfacet
 facet normal  1.214469e-01 -9.925979e-01 -1.594869e-05
   outer loop
     vertex -2.360097e-01  1.734013e+00  6.000000e+00
     vertex -2.274290e-01  1.735159e+00  0.000000e+00
     vertex -1.890154e-01  1.739762e+00  6.000000e+00
   endloop
 endfacet
 facet normal  1.706451e-01 -9.853326e-01  1.522464e-05
   outer loop
     vertex -2.828313e-01  1.726993e+00  6.000000e+00
     vertex -3.222557e-01  1.720073e+00  0.000000e+00
     vertex -2.749459e-01  1.728266e+00  0.000000e+00
   endloop
 endfacet
 facet normal  1.482538e-01 -9.889493e-01 -1.497004e-05
   outer loop
     vertex -2.828313e-01  1.726993e+00  6.000000e+00
     vertex -2.749459e-01  1.728266e+00  0.000000e+00
     vertex -2.360097e-01  1.734013e+00  6.000000e+00
   endloop
 endfacet
 facet normal  1.976125e-01 -9.802802e-01  1.418198e-05
   outer loop
     vertex -3.294458e-01  1.718710e+00  6.000000e+00
     vertex -3.693230e-01  1.710585e+00  0.000000e+00
     vertex -3.222557e-01  1.720073e+00  0.000000e+00
   endloop
 endfacet
 facet normal  1.749523e-01 -9.845769e-01 -1.394873e-05
   outer loop
     vertex -3.294458e-01  1.718710e+00  6.000000e+00
     vertex -3.222557e-01  1.720073e+00  0.000000e+00
     vertex -2.828313e-01  1.726993e+00  6.000000e+00
   endloop
 endfacet
 facet normal  2.244312e-01 -9.744899e-01  1.309665e-05
   outer loop
     vertex -3.758193e-01  1.709169e+00  6.000000e+00
     vertex -4.161123e-01  1.699809e+00  0.000000e+00
     vertex -3.693230e-01  1.710585e+00  0.000000e+00
   endloop
 endfacet
 facet normal  2.015228e-01 -9.794838e-01 -1.288473e-05
   outer loop
     vertex -3.758193e-01  1.709169e+00  6.000000e+00
     vertex -3.693230e-01  1.710585e+00  0.000000e+00
     vertex -3.294458e-01  1.718710e+00  6.000000e+00
   endloop
 endfacet
 facet normal  2.510809e-01 -9.679661e-01  1.196865e-05
   outer loop
     vertex -4.219176e-01  1.698377e+00  6.000000e+00
     vertex -4.625883e-01  1.687754e+00  0.000000e+00
     vertex -4.161123e-01  1.699809e+00  0.000000e+00
   endloop
 endfacet
 facet normal  2.279457e-01 -9.736738e-01 -1.177807e-05
   outer loop
     vertex -4.219176e-01  1.698377e+00  6.000000e+00
     vertex -4.161123e-01  1.699809e+00  0.000000e+00
     vertex -3.758193e-01  1.709169e+00  6.000000e+00
   endloop
 endfacet
 facet normal  2.775416e-01 -9.607136e-01  1.079798e-05
   outer loop
     vertex -4.677072e-01  1.686342e+00  6.000000e+00
     vertex -5.087161e-01  1.674428e+00  0.000000e+00
     vertex -4.625883e-01  1.687754e+00  0.000000e+00
   endloop
 endfacet
 facet normal  2.542018e-01 -9.671512e-01 -1.062873e-05
   outer loop
     vertex -4.677072e-01  1.686342e+00  6.000000e+00
     vertex -4.625883e-01  1.687754e+00  0.000000e+00
     vertex -4.219176e-01  1.698377e+00  6.000000e+00
   endloop
 endfacet
 facet normal  3.037934e-01 -9.527379e-01  9.584627e-06
   outer loop
     vertex -5.131544e-01  1.673073e+00  6.000000e+00
     vertex -5.544609e-01  1.659841e+00  0.000000e+00
     vertex -5.087161e-01  1.674428e+00  0.000000e+00
   endloop
 endfacet
 facet normal  2.802718e-01 -9.599207e-01 -9.436717e-06
   outer loop
     vertex -5.131544e-01  1.673073e+00  6.000000e+00
     vertex -5.087161e-01  1.674428e+00  0.000000e+00
     vertex -4.677072e-01  1.686342e+00  6.000000e+00
   endloop
 endfacet
 facet normal  3.298166e-01 -9.440450e-01  8.328605e-06
   outer loop
     vertex -5.582260e-01  1.658579e+00  6.000000e+00
     vertex -5.997884e-01  1.644005e+00  0.000000e+00
     vertex -5.544609e-01  1.659841e+00  0.000000e+00
   endloop
 endfacet
 facet normal  3.061367e-01 -9.519876e-01 -8.202031e-06
   outer loop
     vertex -5.582260e-01  1.658579e+00  6.000000e+00
     vertex -5.544609e-01  1.659841e+00  0.000000e+00
     vertex -5.131544e-01  1.673073e+00  6.000000e+00
   endloop
 endfacet
 facet normal  3.555914e-01 -9.346415e-01  7.029910e-06
   outer loop
     vertex -6.028891e-01  1.642871e+00  6.000000e+00
     vertex -6.446644e-01  1.626932e+00  0.000000e+00
     vertex -5.997884e-01  1.644005e+00  0.000000e+00
   endloop
 endfacet
 facet normal  3.317775e-01 -9.433577e-01 -6.924673e-06
   outer loop
     vertex -6.028891e-01  1.642871e+00  6.000000e+00
     vertex -5.997884e-01  1.644005e+00  0.000000e+00
     vertex -5.582260e-01  1.658579e+00  6.000000e+00
   endloop
 endfacet
 facet normal  3.810986e-01 -9.245344e-01  5.688542e-06
   outer loop
     vertex -6.471108e-01  1.625961e+00  6.000000e+00
     vertex -6.890551e-01  1.608634e+00  0.000000e+00
     vertex -6.446644e-01  1.626932e+00  0.000000e+00
   endloop
 endfacet
 facet normal  3.571755e-01 -9.340373e-01 -5.604641e-06
   outer loop
     vertex -6.471108e-01  1.625961e+00  6.000000e+00
     vertex -6.446644e-01  1.626932e+00  0.000000e+00
     vertex -6.028891e-01  1.642871e+00  6.000000e+00
   endloop
 endfacet
 facet normal  4.063188e-01 -9.137314e-01  4.304501e-06
   outer loop
     vertex -6.908590e-01  1.607860e+00  6.000000e+00
     vertex -7.329271e-01  1.589125e+00  0.000000e+00
     vertex -6.890551e-01  1.608634e+00  0.000000e+00
   endloop
 endfacet
 facet normal  3.823121e-01 -9.240333e-01 -4.241936e-06
   outer loop
     vertex -6.908590e-01  1.607860e+00  6.000000e+00
     vertex -6.890551e-01  1.608634e+00  0.000000e+00
     vertex -6.471108e-01  1.625961e+00  6.000000e+00
   endloop
 endfacet
 facet normal  4.312333e-01 -9.022405e-01  2.877788e-06
   outer loop
     vertex -7.341015e-01  1.588583e+00  6.000000e+00
     vertex -7.762473e-01  1.568420e+00  0.000000e+00
     vertex -7.329271e-01  1.589125e+00  0.000000e+00
   endloop
 endfacet
 facet normal  4.071688e-01 -9.133529e-01 -2.836560e-06
   outer loop
     vertex -7.341015e-01  1.588583e+00  6.000000e+00
     vertex -7.329271e-01  1.589125e+00  0.000000e+00
     vertex -6.908590e-01  1.607860e+00  6.000000e+00
   endloop
 endfacet
 facet normal  4.558231e-01 -8.900704e-01  1.408403e-06
   outer loop
     vertex -7.768066e-01  1.568143e+00  6.000000e+00
     vertex -8.189833e-01  1.546534e+00  0.000000e+00
     vertex -7.762473e-01  1.568420e+00  0.000000e+00
   endloop
 endfacet
 facet normal  4.317275e-01 -9.020041e-01 -1.388510e-06
   outer loop
     vertex -7.768066e-01  1.568143e+00  6.000000e+00
     vertex -7.762473e-01  1.568420e+00  0.000000e+00
     vertex -7.341015e-01  1.588583e+00  6.000000e+00
   endloop
 endfacet
 facet normal  4.559703e-01 -8.899950e-01  1.022111e-07
   outer loop
     vertex -8.189432e-01  1.546555e+00  6.000000e+00
     vertex -8.189833e-01  1.546534e+00  0.000000e+00
     vertex -7.768066e-01  1.568143e+00  6.000000e+00
   endloop
 endfacet
 facet normal  4.800697e-01 -8.772303e-01  1.609742e-06
   outer loop
     vertex -8.604804e-01  1.523835e+00  6.000000e+00
     vertex -8.611027e-01  1.523484e+00  0.000000e+00
     vertex -8.189833e-01  1.546534e+00  0.000000e+00
   endloop
 endfacet
 facet normal  4.798792e-01 -8.773346e-01 -1.020158e-07
   outer loop
     vertex -8.604804e-01  1.523835e+00  6.000000e+00
     vertex -8.189833e-01  1.546534e+00  0.000000e+00
     vertex -8.189432e-01  1.546555e+00  6.000000e+00
   endloop
 endfacet
 facet normal  5.039550e-01 -8.637299e-01  4.610030e-06
   outer loop
     vertex -9.013878e-01  1.500000e+00  4.000000e+00
     vertex -9.025739e-01  1.499287e+00  0.000000e+00
     vertex -8.611027e-01  1.523484e+00  0.000000e+00
   endloop
 endfacet
 facet normal  5.034952e-01 -8.639980e-01 -1.594988e-06
   outer loop
     vertex -9.013878e-01  1.500000e+00  4.000000e+00
     vertex -8.611027e-01  1.523484e+00  0.000000e+00
     vertex -8.604804e-01  1.523835e+00  6.000000e+00
   endloop
 endfacet
 facet normal  5.034370e-01 -8.640319e-01  1.814189e-15
   outer loop
     vertex -9.013878e-01  1.500000e+00  6.000000e+00
     vertex -9.013878e-01  1.500000e+00  4.000000e+00
     vertex -8.604804e-01  1.523835e+00  6.000000e+00
   endloop
 endfacet
 facet normal  5.274609e-01 -8.495793e-01  6.249483e-06
   outer loop
     vertex -9.417672e-01  1.474983e+00  4.000000e+00
     vertex -9.433657e-01  1.473961e+00  0.000000e+00
     vertex -9.025739e-01  1.499287e+00  0.000000e+00
   endloop
 endfacet
 facet normal  5.266642e-01 -8.500734e-01 -4.559307e-06
   outer loop
     vertex -9.417672e-01  1.474983e+00  4.000000e+00
     vertex -9.025739e-01  1.499287e+00  0.000000e+00
     vertex -9.013878e-01  1.500000e+00  4.000000e+00
   endloop
 endfacet
 facet normal  5.505698e-01 -8.347891e-01  7.851331e-06
   outer loop
     vertex -9.814527e-01  1.448879e+00  4.000000e+00
     vertex -9.834473e-01  1.447526e+00  0.000000e+00
     vertex -9.433657e-01  1.473961e+00  0.000000e+00
   endloop
 endfacet
 facet normal  5.495420e-01 -8.354661e-01 -6.179958e-06
   outer loop
     vertex -9.814527e-01  1.448879e+00  4.000000e+00
     vertex -9.433657e-01  1.473961e+00  0.000000e+00
     vertex -9.417672e-01  1.474983e+00  4.000000e+00
   endloop
 endfacet
 facet normal  5.732642e-01 -8.193706e-01  9.415571e-06
   outer loop
     vertex -1.020415e+00  1.421708e+00  4.000000e+00
     vertex -1.022789e+00  1.420001e+00  0.000000e+00
     vertex -9.834473e-01  1.447526e+00  0.000000e+00
   endloop
 endfacet
 facet normal  5.720149e-01 -8.202432e-01 -7.763002e-06
   outer loop
     vertex -1.020415e+00  1.421708e+00  4.000000e+00
     vertex -9.834473e-01  1.447526e+00  0.000000e+00
     vertex -9.814527e-01  1.448879e+00  4.000000e+00
   endloop
 endfacet
 facet normal  5.955271e-01 -8.033352e-01  1.094220e-05
   outer loop
     vertex -1.058626e+00  1.393489e+00  4.000000e+00
     vertex -1.061360e+00  1.391407e+00  0.000000e+00
     vertex -1.022789e+00  1.420001e+00  0.000000e+00
   endloop
 endfacet
 facet normal  5.940664e-01 -8.044160e-01 -9.308439e-06
   outer loop
     vertex -1.058626e+00  1.393489e+00  4.000000e+00
     vertex -1.022789e+00  1.420001e+00  0.000000e+00
     vertex -1.020415e+00  1.421708e+00  4.000000e+00
   endloop
 endfacet
 facet normal  6.173417e-01 -7.866951e-01  1.243123e-05
   outer loop
     vertex -1.096056e+00  1.364244e+00  4.000000e+00
     vertex -1.099133e+00  1.361766e+00  0.000000e+00
     vertex -1.061360e+00  1.391407e+00  0.000000e+00
   endloop
 endfacet
 facet normal  6.156802e-01 -7.879961e-01 -1.081627e-05
   outer loop
     vertex -1.096056e+00  1.364244e+00  4.000000e+00
     vertex -1.061360e+00  1.391407e+00  0.000000e+00
     vertex -1.058626e+00  1.393489e+00  4.000000e+00
   endloop
 endfacet
 facet normal  6.368403e-01 -7.709957e-01 -1.228649e-05
   outer loop
     vertex -1.132680e+00  1.333993e+00  4.000000e+00
     vertex -1.099133e+00  1.361766e+00  0.000000e+00
     vertex -1.096056e+00  1.364244e+00  4.000000e+00
   endloop
 endfacet
 facet normal  6.386916e-01 -7.694628e-01  1.388265e-05
   outer loop
     vertex -1.132680e+00  1.333993e+00  4.000000e+00
     vertex -1.136078e+00  1.331100e+00  0.000000e+00
     vertex -1.099133e+00  1.361766e+00  0.000000e+00
   endloop
 endfacet
 facet normal  6.575313e-01 -7.534272e-01 -1.371911e-05
   outer loop
     vertex -1.168468e+00  1.302760e+00  4.000000e+00
     vertex -1.136078e+00  1.331100e+00  0.000000e+00
     vertex -1.132680e+00  1.333993e+00  4.000000e+00
   endloop
 endfacet
 facet normal  6.595607e-01 -7.516513e-01  1.529646e-05
   outer loop
     vertex -1.168468e+00  1.302760e+00  4.000000e+00
     vertex -1.172167e+00  1.299432e+00  0.000000e+00
     vertex -1.136078e+00  1.331100e+00  0.000000e+00
   endloop
 endfacet
 facet normal  6.777378e-01 -7.353036e-01 -1.511412e-05
   outer loop
     vertex -1.203396e+00  1.270566e+00  4.000000e+00
     vertex -1.172167e+00  1.299432e+00  0.000000e+00
     vertex -1.168468e+00  1.302760e+00  4.000000e+00
   endloop
 endfacet
 facet normal  6.799333e-01 -7.332740e-01  1.667267e-05
   outer loop
     vertex -1.203396e+00  1.270566e+00  4.000000e+00
     vertex -1.207375e+00  1.266786e+00  0.000000e+00
     vertex -1.172167e+00  1.299432e+00  0.000000e+00
   endloop
 endfacet
 facet normal  6.974450e-01 -7.166383e-01 -1.647152e-05
   outer loop
     vertex -1.237437e+00  1.237437e+00  4.000000e+00
     vertex -1.207375e+00  1.266786e+00  0.000000e+00
     vertex -1.203396e+00  1.270566e+00  4.000000e+00
   endloop
 endfacet
 facet normal  6.997940e-01 -7.143447e-01  1.801127e-05
   outer loop
     vertex -1.237437e+00  1.237437e+00  4.000000e+00
     vertex -1.241674e+00  1.233186e+00  0.000000e+00
     vertex -1.207375e+00  1.266786e+00  0.000000e+00
   endloop
 endfacet
 facet normal  7.166383e-01 -6.974450e-01 -1.779131e-05
   outer loop
     vertex -1.270566e+00  1.203396e+00  4.000000e+00
     vertex -1.241674e+00  1.233186e+00  0.000000e+00
     vertex -1.237437e+00  1.237437e+00  4.000000e+00
   endloop
 endfacet
 facet normal  7.191280e-01 -6.948776e-01  1.931226e-05
   outer loop
     vertex -1.270566e+00  1.203396e+00  4.000000e+00
     vertex -1.275038e+00  1.198657e+00  0.000000e+00
     vertex -1.241674e+00  1.233186e+00  0.000000e+00
   endloop
 endfacet
 facet normal  7.379206e-01 -6.748875e-01  2.057564e-05
   outer loop
     vertex -1.302760e+00  1.168468e+00  4.000000e+00
     vertex -1.307442e+00  1.163227e+00  0.000000e+00
     vertex -1.275038e+00  1.198657e+00  0.000000e+00
   endloop
 endfacet
 facet normal  7.353036e-01 -6.777378e-01 -1.907350e-05
   outer loop
     vertex -1.302760e+00  1.168468e+00  4.000000e+00
     vertex -1.275038e+00  1.198657e+00  0.000000e+00
     vertex -1.270566e+00  1.203396e+00  4.000000e+00
   endloop
 endfacet
 facet normal  7.534272e-01 -6.575313e-01 -2.031808e-05
   outer loop
     vertex -1.333993e+00  1.132680e+00  4.000000e+00
     vertex -1.307442e+00  1.163227e+00  0.000000e+00
     vertex -1.302760e+00  1.168468e+00  4.000000e+00
   endloop
 endfacet
 facet normal  7.561578e-01 -6.543893e-01  2.180141e-05
   outer loop
     vertex -1.333993e+00  1.132680e+00  4.000000e+00
     vertex -1.338862e+00  1.126920e+00  0.000000e+00
     vertex -1.307442e+00  1.163227e+00  0.000000e+00
   endloop
 endfacet
 facet normal  7.738257e-01 -6.333986e-01  2.298958e-05
   outer loop
     vertex -1.364244e+00  1.096056e+00  4.000000e+00
     vertex -1.369274e+00  1.089766e+00  0.000000e+00
     vertex -1.338862e+00  1.126920e+00  0.000000e+00
   endloop
 endfacet
 facet normal  7.709957e-01 -6.368403e-01 -2.152505e-05
   outer loop
     vertex -1.364244e+00  1.096056e+00  4.000000e+00
     vertex -1.338862e+00  1.126920e+00  0.000000e+00
     vertex -1.333993e+00  1.132680e+00  4.000000e+00
   endloop
 endfacet
 facet normal  7.909112e-01 -6.119310e-01  2.414014e-05
   outer loop
     vertex -1.393489e+00  1.058626e+00  4.000000e+00
     vertex -1.398655e+00  1.051791e+00  0.000000e+00
     vertex -1.369274e+00  1.089766e+00  0.000000e+00
   endloop
 endfacet
 facet normal  7.879961e-01 -6.156802e-01 -2.269441e-05
   outer loop
     vertex -1.393489e+00  1.058626e+00  4.000000e+00
     vertex -1.369274e+00  1.089766e+00  0.000000e+00
     vertex -1.364244e+00  1.096056e+00  4.000000e+00
   endloop
 endfacet
 facet normal  8.074012e-01 -5.900028e-01  2.525309e-05
   outer loop
     vertex -1.421708e+00  1.020415e+00  4.000000e+00
     vertex -1.426983e+00  1.013024e+00  0.000000e+00
     vertex -1.398655e+00  1.051791e+00  0.000000e+00
   endloop
 endfacet
 facet normal  8.044160e-01 -5.940664e-01 -2.382617e-05
   outer loop
     vertex -1.421708e+00  1.020415e+00  4.000000e+00
     vertex -1.398655e+00  1.051791e+00  0.000000e+00
     vertex -1.393489e+00  1.058626e+00  4.000000e+00
   endloop
 endfacet
 facet normal  8.232835e-01 -5.676304e-01  2.632843e-05
   outer loop
     vertex -1.448879e+00  9.814527e-01  4.000000e+00
     vertex -1.454238e+00  9.734952e-01  0.000000e+00
     vertex -1.426983e+00  1.013024e+00  0.000000e+00
   endloop
 endfacet
 facet normal  8.202432e-01 -5.720149e-01 -2.492031e-05
   outer loop
     vertex -1.448879e+00  9.814527e-01  4.000000e+00
     vertex -1.426983e+00  1.013024e+00  0.000000e+00
     vertex -1.421708e+00  1.020415e+00  4.000000e+00
   endloop
 endfacet
 facet normal  8.385460e-01 -5.448308e-01  2.736617e-05
   outer loop
     vertex -1.474983e+00  9.417672e-01  4.000000e+00
     vertex -1.480397e+00  9.332331e-01  0.000000e+00
     vertex -1.454238e+00  9.734952e-01  0.000000e+00
   endloop
 endfacet
 facet normal  8.354661e-01 -5.495420e-01 -2.597685e-05
   outer loop
     vertex -1.474983e+00  9.417672e-01  4.000000e+00
     vertex -1.454238e+00  9.734952e-01  0.000000e+00
     vertex -1.448879e+00  9.814527e-01  4.000000e+00
   endloop
 endfacet
 facet normal  8.531773e-01 -5.216210e-01  2.836629e-05
   outer loop
     vertex -1.500000e+00  9.013878e-01  4.000000e+00
     vertex -1.505442e+00  8.922686e-01  0.000000e+00
     vertex -1.480397e+00  9.332331e-01  0.000000e+00
   endloop
 endfacet
 facet normal  8.671664e-01 -4.980186e-01 -4.447621e-05
   outer loop
     vertex -1.500000e+00  9.013878e-01  4.000000e+00
     vertex -1.529354e+00  8.506324e-01  0.000000e+00
     vertex -1.505442e+00  8.922686e-01  0.000000e+00
   endloop
 endfacet
 facet normal  8.500734e-01 -5.266642e-01 -2.699578e-05
   outer loop
     vertex -1.500000e+00  9.013878e-01  4.000000e+00
     vertex -1.480397e+00  9.332331e-01  0.000000e+00
     vertex -1.474983e+00  9.417672e-01  4.000000e+00
   endloop
 endfacet
 facet normal  8.640319e-01 -5.034370e-01 -6.906685e-15
   outer loop
     vertex -1.523835e+00  8.604804e-01  6.000000e+00
     vertex -1.500000e+00  9.013878e-01  4.000000e+00
     vertex -1.500000e+00  9.013878e-01  6.000000e+00
   endloop
 endfacet
 facet normal  8.646523e-01 -5.023708e-01  2.919926e-05
   outer loop
     vertex -1.523835e+00  8.604804e-01  6.000000e+00
     vertex -1.529354e+00  8.506324e-01  0.000000e+00
     vertex -1.500000e+00  9.013878e-01  4.000000e+00
   endloop
 endfacet
 facet normal  8.805026e-01 -4.740412e-01  2.053253e-05
   outer loop
     vertex -1.546555e+00  8.189432e-01  6.000000e+00
     vertex -1.552115e+00  8.083558e-01  0.000000e+00
     vertex -1.529354e+00  8.506324e-01  0.000000e+00
   endloop
 endfacet
 facet normal  8.773346e-01 -4.798792e-01 -1.938320e-05
   outer loop
     vertex -1.546555e+00  8.189432e-01  6.000000e+00
     vertex -1.529354e+00  8.506324e-01  0.000000e+00
     vertex -1.523835e+00  8.604804e-01  6.000000e+00
   endloop
 endfacet
 facet normal  8.931761e-01 -4.497071e-01  2.127935e-05
   outer loop
     vertex -1.568143e+00  7.768066e-01  6.000000e+00
     vertex -1.573707e+00  7.654708e-01  0.000000e+00
     vertex -1.552115e+00  8.083558e-01  0.000000e+00
   endloop
 endfacet
 facet normal  8.899950e-01 -4.559703e-01 -2.015135e-05
   outer loop
     vertex -1.568143e+00  7.768066e-01  6.000000e+00
     vertex -1.552115e+00  8.083558e-01  0.000000e+00
     vertex -1.546555e+00  8.189432e-01  6.000000e+00
   endloop
 endfacet
 facet normal  9.051772e-01 -4.250344e-01  2.198350e-05
   outer loop
     vertex -1.588583e+00  7.341015e-01  6.000000e+00
     vertex -1.594115e+00  7.220095e-01  0.000000e+00
     vertex -1.573707e+00  7.654708e-01  0.000000e+00
   endloop
 endfacet
 facet normal  9.020041e-01 -4.317275e-01 -2.087684e-05
   outer loop
     vertex -1.588583e+00  7.341015e-01  6.000000e+00
     vertex -1.573707e+00  7.654708e-01  0.000000e+00
     vertex -1.568143e+00  7.768066e-01  6.000000e+00
   endloop
 endfacet
 facet normal  9.164969e-01 -4.000417e-01  2.264497e-05
   outer loop
     vertex -1.607860e+00  6.908590e-01  6.000000e+00
     vertex -1.613323e+00  6.780047e-01  0.000000e+00
     vertex -1.594115e+00  7.220095e-01  0.000000e+00
   endloop
 endfacet
 facet normal  9.133529e-01 -4.071688e-01 -2.155965e-05
   outer loop
     vertex -1.607860e+00  6.908590e-01  6.000000e+00
     vertex -1.594115e+00  7.220095e-01  0.000000e+00
     vertex -1.588583e+00  7.341015e-01  6.000000e+00
   endloop
 endfacet
 facet normal  9.271267e-01 -3.747479e-01  2.326376e-05
   outer loop
     vertex -1.625961e+00  6.471108e-01  6.000000e+00
     vertex -1.631316e+00  6.334896e-01  0.000000e+00
     vertex -1.613323e+00  6.780047e-01  0.000000e+00
   endloop
 endfacet
 facet normal  9.240333e-01 -3.823121e-01 -2.219978e-05
   outer loop
     vertex -1.625961e+00  6.471108e-01  6.000000e+00
     vertex -1.613323e+00  6.780047e-01  0.000000e+00
     vertex -1.607860e+00  6.908590e-01  6.000000e+00
   endloop
 endfacet
 facet normal  9.370586e-01 -3.491720e-01  2.383988e-05
   outer loop
     vertex -1.642871e+00  6.028891e-01  6.000000e+00
     vertex -1.648081e+00  5.884975e-01  0.000000e+00
     vertex -1.631316e+00  6.334896e-01  0.000000e+00
   endloop
 endfacet
 facet normal  9.340373e-01 -3.571755e-01 -2.279724e-05
   outer loop
     vertex -1.642871e+00  6.028891e-01  6.000000e+00
     vertex -1.631316e+00  6.334896e-01  0.000000e+00
     vertex -1.625961e+00  6.471108e-01  6.000000e+00
   endloop
 endfacet
 facet normal  9.462851e-01 -3.233333e-01  2.437333e-05
   outer loop
     vertex -1.658579e+00  5.582260e-01  6.000000e+00
     vertex -1.663605e+00  5.430625e-01  0.000000e+00
     vertex -1.648081e+00  5.884975e-01  0.000000e+00
   endloop
 endfacet
 facet normal  9.433577e-01 -3.317775e-01 -2.335202e-05
   outer loop
     vertex -1.658579e+00  5.582260e-01  6.000000e+00
     vertex -1.648081e+00  5.884975e-01  0.000000e+00
     vertex -1.642871e+00  6.028891e-01  6.000000e+00
   endloop
 endfacet
 facet normal  9.547993e-01 -2.972512e-01  2.486410e-05
   outer loop
     vertex -1.673073e+00  5.131544e-01  6.000000e+00
     vertex -1.677878e+00  4.972187e-01  0.000000e+00
     vertex -1.663605e+00  5.430625e-01  0.000000e+00
   endloop
 endfacet
 facet normal  9.519876e-01 -3.061367e-01 -2.386413e-05
   outer loop
     vertex -1.673073e+00  5.131544e-01  6.000000e+00
     vertex -1.663605e+00  5.430625e-01  0.000000e+00
     vertex -1.658579e+00  5.582260e-01  6.000000e+00
   endloop
 endfacet
 facet normal  9.625948e-01 -2.709453e-01  2.531219e-05
   outer loop
     vertex -1.686342e+00  4.677072e-01  6.000000e+00
     vertex -1.690887e+00  4.510006e-01  0.000000e+00
     vertex -1.677878e+00  4.972187e-01  0.000000e+00
   endloop
 endfacet
 facet normal  9.599207e-01 -2.802718e-01 -2.433356e-05
   outer loop
     vertex -1.686342e+00  4.677072e-01  6.000000e+00
     vertex -1.677878e+00  4.972187e-01  0.000000e+00
     vertex -1.673073e+00  5.131544e-01  6.000000e+00
   endloop
 endfacet
 facet normal  9.696656e-01 -2.444354e-01  2.571761e-05
   outer loop
     vertex -1.698377e+00  4.219176e-01  6.000000e+00
     vertex -1.702623e+00  4.044429e-01  0.000000e+00
     vertex -1.690887e+00  4.510006e-01  0.000000e+00
   endloop
 endfacet
 facet normal  9.671512e-01 -2.542018e-01 -2.476032e-05
   outer loop
     vertex -1.698377e+00  4.219176e-01  6.000000e+00
     vertex -1.690887e+00  4.510006e-01  0.000000e+00
     vertex -1.686342e+00  4.677072e-01  6.000000e+00
   endloop
 endfacet
 facet normal  9.736738e-01 -2.279457e-01 -2.514440e-05
   outer loop
     vertex -1.709169e+00  3.758193e-01  6.000000e+00
     vertex -1.702623e+00  4.044429e-01  0.000000e+00
     vertex -1.698377e+00  4.219176e-01  6.000000e+00
   endloop
 endfacet
 facet normal  9.760065e-01 -2.177416e-01  2.608036e-05
   outer loop
     vertex -1.709169e+00  3.758193e-01  6.000000e+00
     vertex -1.713078e+00  3.575809e-01  0.000000e+00
     vertex -1.702623e+00  4.044429e-01  0.000000e+00
   endloop
 endfacet
 facet normal  9.794838e-01 -2.015228e-01 -2.548581e-05
   outer loop
     vertex -1.718710e+00  3.294458e-01  6.000000e+00
     vertex -1.713078e+00  3.575809e-01  0.000000e+00
     vertex -1.709169e+00  3.758193e-01  6.000000e+00
   endloop
 endfacet
 facet normal  9.816126e-01 -1.908838e-01  2.640043e-05
   outer loop
     vertex -1.718710e+00  3.294458e-01  6.000000e+00
     vertex -1.722243e+00  3.104496e-01  0.000000e+00
     vertex -1.713078e+00  3.575809e-01  0.000000e+00
   endloop
 endfacet
 facet normal  9.845769e-01 -1.749523e-01 -2.578454e-05
   outer loop
     vertex -1.726993e+00  2.828313e-01  6.000000e+00
     vertex -1.722243e+00  3.104496e-01  0.000000e+00
     vertex -1.718710e+00  3.294458e-01  6.000000e+00
   endloop
 endfacet
 facet normal  9.864799e-01 -1.638824e-01  2.667782e-05
   outer loop
     vertex -1.726993e+00  2.828313e-01  6.000000e+00
     vertex -1.730112e+00  2.630847e-01  0.000000e+00
     vertex -1.722243e+00  3.104496e-01  0.000000e+00
   endloop
 endfacet
 facet normal  9.889493e-01 -1.482538e-01 -2.604059e-05
   outer loop
     vertex -1.734013e+00  2.360097e-01  6.000000e+00
     vertex -1.730112e+00  2.630847e-01  0.000000e+00
     vertex -1.726993e+00  2.828313e-01  6.000000e+00
   endloop
 endfacet
 facet normal  9.906046e-01 -1.367575e-01  2.691253e-05
   outer loop
     vertex -1.734013e+00  2.360097e-01  6.000000e+00
     vertex -1.736678e+00  2.155217e-01  0.000000e+00
     vertex -1.730112e+00  2.630847e-01  0.000000e+00
   endloop
 endfacet
 facet normal  9.925979e-01 -1.214469e-01 -2.625397e-05
   outer loop
     vertex -1.739762e+00  1.890154e-01  6.000000e+00
     vertex -1.736678e+00  2.155217e-01  0.000000e+00
     vertex -1.734013e+00  2.360097e-01  6.000000e+00
   endloop
 endfacet
 facet normal  9.939835e-01 -1.095298e-01  2.710458e-05
   outer loop
     vertex -1.739762e+00  1.890154e-01  6.000000e+00
     vertex -1.741937e+00  1.677964e-01  0.000000e+00
     vertex -1.736678e+00  2.155217e-01  0.000000e+00
   endloop
 endfacet
 facet normal  9.955200e-01 -9.455097e-02 -2.642467e-05
   outer loop
     vertex -1.744239e+00  1.418827e-01  6.000000e+00
     vertex -1.741937e+00  1.677964e-01  0.000000e+00
     vertex -1.739762e+00  1.890154e-01  6.000000e+00
   endloop
 endfacet
 facet normal  9.966142e-01 -8.221955e-02  2.725394e-05
   outer loop
     vertex -1.744239e+00  1.418827e-01  6.000000e+00
     vertex -1.745885e+00  1.199449e-01  0.000000e+00
     vertex -1.741937e+00  1.677964e-01  0.000000e+00
   endloop
 endfacet
 facet normal  9.977135e-01 -6.758588e-02 -2.655270e-05
   outer loop
     vertex -1.747439e+00  9.464622e-02  6.000000e+00
     vertex -1.745885e+00  1.199449e-01  0.000000e+00
     vertex -1.744239e+00  1.418827e-01  6.000000e+00
   endloop
 endfacet
 facet normal  9.984947e-01 -5.484744e-02  2.736063e-05
   outer loop
     vertex -1.747439e+00  9.464622e-02  6.000000e+00
     vertex -1.748518e+00  7.200308e-02  0.000000e+00
     vertex -1.745885e+00  1.199449e-01  0.000000e+00
   endloop
 endfacet
 facet normal  9.991766e-01 -4.057133e-02 -2.663805e-05
   outer loop
     vertex -1.749360e+00  4.734043e-02  6.000000e+00
     vertex -1.748518e+00  7.200308e-02  0.000000e+00
     vertex -1.747439e+00  9.464622e-02  6.000000e+00
   endloop
 endfacet
 facet normal  9.996236e-01 -2.743405e-02  2.742464e-05
   outer loop
     vertex -1.749360e+00  4.734043e-02  6.000000e+00
     vertex -1.749835e+00  2.400705e-02  0.000000e+00
     vertex -1.748518e+00  7.200308e-02  0.000000e+00
   endloop
 endfacet
 facet normal  9.999085e-01 -1.352708e-02 -2.668073e-05
   outer loop
     vertex -1.750000e+00  3.322938e-15  6.000000e+00
     vertex -1.749835e+00  2.400705e-02  0.000000e+00
     vertex -1.749360e+00  4.734043e-02  6.000000e+00
   endloop
 endfacet
 facet normal  1.000000e+00  4.624571e-15  2.744598e-05
   outer loop
     vertex -1.750000e+00  3.322938e-15  6.000000e+00
     vertex -1.749835e+00 -2.400705e-02  0.000000e+00
     vertex -1.749835e+00  2.400705e-02  0.000000e+00
   endloop
 endfacet
 facet normal  9.999085e-01  1.352708e-02 -2.668073e-05
   outer loop
     vertex -1.749360e+00 -4.734043e-02  6.000000e+00
     vertex -1.749835e+00 -2.400705e-02  0.000000e+00
     vertex -1.750000e+00  3.322938e-15  6.000000e+00
   endloop
 endfacet
 facet normal  9.996236e-01  2.743405e-02  2.742464e-05
   outer loop
     vertex -1.749360e+00 -4.734043e-02  6.000000e+00
     vertex -1.748518e+00 -7.200308e-02  0.000000e+00
     vertex -1.749835e+00 -2.400705e-02  0.000000e+00
   endloop
 endfacet
 facet normal  9.991766e-01  4.057133e-02 -2.663805e-05
   outer loop
     vertex -1.747439e+00 -9.464622e-02  6.000000e+00
     vertex -1.748518e+00 -7.200308e-02  0.000000e+00
     vertex -1.749360e+00 -4.734043e-02  6.000000e+00
   endloop
 endfacet
 facet normal  9.984947e-01  5.484744e-02  2.736063e-05
   outer loop
     vertex -1.747439e+00 -9.464622e-02  6.000000e+00
     vertex -1.745885e+00 -1.199449e-01  0.000000e+00
     vertex -1.748518e+00 -7.200308e-02  0.000000e+00
   endloop
 endfacet
 facet normal  9.977135e-01  6.758588e-02 -2.655270e-05
   outer loop
     vertex -1.744239e+00 -1.418827e-01  6.000000e+00
     vertex -1.745885e+00 -1.199449e-01  0.000000e+00
     vertex -1.747439e+00 -9.464622e-02  6.000000e+00
   endloop
 endfacet
 facet normal  9.966142e-01  8.221955e-02  2.725394e-05
   outer loop
     vertex -1.744239e+00 -1.418827e-01  6.000000e+00
     vertex -1.741937e+00 -1.677964e-01  0.000000e+00
     vertex -1.745885e+00 -1.199449e-01  0.000000e+00
   endloop
 endfacet
 facet normal  9.955200e-01  9.455097e-02 -2.642467e-05
   outer loop
     vertex -1.739762e+00 -1.890154e-01  6.000000e+00
     vertex -1.741937e+00 -1.677964e-01  0.000000e+00
     vertex -1.744239e+00 -1.418827e-01  6.000000e+00
   endloop
 endfacet
 facet normal  9.939835e-01  1.095298e-01  2.710458e-05
   outer loop
     vertex -1.739762e+00 -1.890154e-01  6.000000e+00
     vertex -1.736678e+00 -2.155217e-01  0.000000e+00
     vertex -1.741937e+00 -1.677964e-01  0.000000e+00
   endloop
 endfacet
 facet normal  9.925979e-01  1.214469e-01 -2.625397e-05
   outer loop
     vertex -1.734013e+00 -2.360097e-01  6.000000e+00
     vertex -1.736678e+00 -2.155217e-01  0.000000e+00
     vertex -1.739762e+00 -1.890154e-01  6.000000e+00
   endloop
 endfacet
 facet normal  9.906046e-01  1.367575e-01  2.691253e-05
   outer loop
     vertex -1.734013e+00 -2.360097e-01  6.000000e+00
     vertex -1.730112e+00 -2.630847e-01  0.000000e+00
     vertex -1.736678e+00 -2.155217e-01  0.000000e+00
   endloop
 endfacet
 facet normal  9.864799e-01  1.638824e-01  2.667782e-05
   outer loop
     vertex -1.726993e+00 -2.828313e-01  6.000000e+00
     vertex -1.722243e+00 -3.104496e-01  0.000000e+00
     vertex -1.730112e+00 -2.630847e-01  0.000000e+00
   endloop
 endfacet
 facet normal  9.889493e-01  1.482538e-01 -2.604059e-05
   outer loop
     vertex -1.726993e+00 -2.828313e-01  6.000000e+00
     vertex -1.730112e+00 -2.630847e-01  0.000000e+00
     vertex -1.734013e+00 -2.360097e-01  6.000000e+00
   endloop
 endfacet
 facet normal  9.816126e-01  1.908838e-01  2.640043e-05
   outer loop
     vertex -1.718710e+00 -3.294458e-01  6.000000e+00
     vertex -1.713078e+00 -3.575809e-01  0.000000e+00
     vertex -1.722243e+00 -3.104496e-01  0.000000e+00
   endloop
 endfacet
 facet normal  9.845769e-01  1.749523e-01 -2.578454e-05
   outer loop
     vertex -1.718710e+00 -3.294458e-01  6.000000e+00
     vertex -1.722243e+00 -3.104496e-01  0.000000e+00
     vertex -1.726993e+00 -2.828313e-01  6.000000e+00
   endloop
 endfacet
 facet normal  9.760065e-01  2.177416e-01  2.608036e-05
   outer loop
     vertex -1.709169e+00 -3.758193e-01  6.000000e+00
     vertex -1.702623e+00 -4.044429e-01  0.000000e+00
     vertex -1.713078e+00 -3.575809e-01  0.000000e+00
   endloop
 endfacet
 facet normal  9.794838e-01  2.015228e-01 -2.548581e-05
   outer loop
     vertex -1.709169e+00 -3.758193e-01  6.000000e+00
     vertex -1.713078e+00 -3.575809e-01  0.000000e+00
     vertex -1.718710e+00 -3.294458e-01  6.000000e+00
   endloop
 endfacet
 facet normal  9.696656e-01  2.444354e-01  2.571761e-05
   outer loop
     vertex -1.698377e+00 -4.219176e-01  6.000000e+00
     vertex -1.690887e+00 -4.510006e-01  0.000000e+00
     vertex -1.702623e+00 -4.044429e-01  0.000000e+00
   endloop
 endfacet
 facet normal  9.736738e-01  2.279457e-01 -2.514440e-05
   outer loop
     vertex -1.698377e+00 -4.219176e-01  6.000000e+00
     vertex -1.702623e+00 -4.044429e-01  0.000000e+00
     vertex -1.709169e+00 -3.758193e-01  6.000000e+00
   endloop
 endfacet
 facet normal  9.625948e-01  2.709453e-01  2.531219e-05
   outer loop
     vertex -1.686342e+00 -4.677072e-01  6.000000e+00
     vertex -1.677878e+00 -4.972187e-01  0.000000e+00
     vertex -1.690887e+00 -4.510006e-01  0.000000e+00
   endloop
 endfacet
 facet normal  9.671512e-01  2.542018e-01 -2.476032e-05
   outer loop
     vertex -1.686342e+00 -4.677072e-01  6.000000e+00
     vertex -1.690887e+00 -4.510006e-01  0.000000e+00
     vertex -1.698377e+00 -4.219176e-01  6.000000e+00
   endloop
 endfacet
 facet normal  9.547993e-01  2.972512e-01  2.486410e-05
   outer loop
     vertex -1.673073e+00 -5.131544e-01  6.000000e+00
     vertex -1.663605e+00 -5.430625e-01  0.000000e+00
     vertex -1.677878e+00 -4.972187e-01  0.000000e+00
   endloop
 endfacet
 facet normal  9.599207e-01  2.802718e-01 -2.433356e-05
   outer loop
     vertex -1.673073e+00 -5.131544e-01  6.000000e+00
     vertex -1.677878e+00 -4.972187e-01  0.000000e+00
     vertex -1.686342e+00 -4.677072e-01  6.000000e+00
   endloop
 endfacet
 facet normal  9.462851e-01  3.233333e-01  2.437333e-05
   outer loop
     vertex -1.658579e+00 -5.582260e-01  6.000000e+00
     vertex -1.648081e+00 -5.884975e-01  0.000000e+00
     vertex -1.663605e+00 -5.430625e-01  0.000000e+00
   endloop
 endfacet
 facet normal  9.519876e-01  3.061367e-01 -2.386413e-05
   outer loop
     vertex -1.658579e+00 -5.582260e-01  6.000000e+00
     vertex -1.663605e+00 -5.430625e-01  0.000000e+00
     vertex -1.673073e+00 -5.131544e-01  6.000000e+00
   endloop
 endfacet
 facet normal  9.370586e-01  3.491720e-01  2.383988e-05
   outer loop
     vertex -1.642871e+00 -6.028891e-01  6.000000e+00
     vertex -1.631316e+00 -6.334896e-01  0.000000e+00
     vertex -1.648081e+00 -5.884975e-01  0.000000e+00
   endloop
 endfacet
 facet normal  9.433577e-01  3.317775e-01 -2.335202e-05
   outer loop
     vertex -1.642871e+00 -6.028891e-01  6.000000e+00
     vertex -1.648081e+00 -5.884975e-01  0.000000e+00
     vertex -1.658579e+00 -5.582260e-01  6.000000e+00
   endloop
 endfacet
 facet normal  9.271267e-01  3.747479e-01  2.326376e-05
   outer loop
     vertex -1.625961e+00 -6.471108e-01  6.000000e+00
     vertex -1.613323e+00 -6.780047e-01  0.000000e+00
     vertex -1.631316e+00 -6.334896e-01  0.000000e+00
   endloop
 endfacet
 facet normal  9.340373e-01  3.571755e-01 -2.279724e-05
   outer loop
     vertex -1.625961e+00 -6.471108e-01  6.000000e+00
     vertex -1.631316e+00 -6.334896e-01  0.000000e+00
     vertex -1.642871e+00 -6.028891e-01  6.000000e+00
   endloop
 endfacet
 facet normal  9.164969e-01  4.000417e-01  2.264497e-05
   outer loop
     vertex -1.607860e+00 -6.908590e-01  6.000000e+00
     vertex -1.594115e+00 -7.220095e-01  0.000000e+00
     vertex -1.613323e+00 -6.780047e-01  0.000000e+00
   endloop
 endfacet
 facet normal  9.240333e-01  3.823121e-01 -2.219978e-05
   outer loop
     vertex -1.607860e+00 -6.908590e-01  6.000000e+00
     vertex -1.613323e+00 -6.780047e-01  0.000000e+00
     vertex -1.625961e+00 -6.471108e-01  6.000000e+00
   endloop
 endfacet
 facet normal  9.051772e-01  4.250344e-01  2.198350e-05
   outer loop
     vertex -1.588583e+00 -7.341015e-01  6.000000e+00
     vertex -1.573707e+00 -7.654708e-01  0.000000e+00
     vertex -1.594115e+00 -7.220095e-01  0.000000e+00
   endloop
 endfacet
 facet normal  9.133529e-01  4.071688e-01 -2.155965e-05
   outer loop
     vertex -1.588583e+00 -7.341015e-01  6.000000e+00
     vertex -1.594115e+00 -7.220095e-01  0.000000e+00
     vertex -1.607860e+00 -6.908590e-01  6.000000e+00
   endloop
 endfacet
 facet normal  9.020041e-01  4.317275e-01 -2.087684e-05
   outer loop
     vertex -1.568143e+00 -7.768066e-01  6.000000e+00
     vertex -1.573707e+00 -7.654708e-01  0.000000e+00
     vertex -1.588583e+00 -7.341015e-01  6.000000e+00
   endloop
 endfacet
 facet normal  8.931761e-01  4.497071e-01  2.127935e-05
   outer loop
     vertex -1.568143e+00 -7.768066e-01  6.000000e+00
     vertex -1.552115e+00 -8.083558e-01  0.000000e+00
     vertex -1.573707e+00 -7.654708e-01  0.000000e+00
   endloop
 endfacet
 facet normal  8.899950e-01  4.559703e-01 -2.015135e-05
   outer loop
     vertex -1.546555e+00 -8.189432e-01  6.000000e+00
     vertex -1.552115e+00 -8.083558e-01  0.000000e+00
     vertex -1.568143e+00 -7.768066e-01  6.000000e+00
   endloop
 endfacet
 facet normal  8.805026e-01  4.740412e-01  2.053253e-05
   outer loop
     vertex -1.546555e+00 -8.189432e-01  6.000000e+00
     vertex -1.529354e+00 -8.506324e-01  0.000000e+00
     vertex -1.552115e+00 -8.083558e-01  0.000000e+00
   endloop
 endfacet
 facet normal  8.773346e-01  4.798792e-01 -1.938320e-05
   outer loop
     vertex -1.523835e+00 -8.604804e-01  6.000000e+00
     vertex -1.529354e+00 -8.506324e-01  0.000000e+00
     vertex -1.546555e+00 -8.189432e-01  6.000000e+00
   endloop
 endfacet
 facet normal  8.646523e-01  5.023708e-01  2.919926e-05
   outer loop
     vertex -1.500000e+00 -9.013878e-01  4.000000e+00
     vertex -1.529354e+00 -8.506324e-01  0.000000e+00
     vertex -1.523835e+00 -8.604804e-01  6.000000e+00
   endloop
 endfacet
 facet normal  8.671664e-01  4.980186e-01 -4.447621e-05
   outer loop
     vertex -1.500000e+00 -9.013878e-01  4.000000e+00
     vertex -1.505442e+00 -8.922686e-01  0.000000e+00
     vertex -1.529354e+00 -8.506324e-01  0.000000e+00
   endloop
 endfacet
 facet normal  8.531773e-01  5.216210e-01  2.836629e-05
   outer loop
     vertex -1.500000e+00 -9.013878e-01  4.000000e+00
     vertex -1.480397e+00 -9.332331e-01  0.000000e+00
     vertex -1.505442e+00 -8.922686e-01  0.000000e+00
   endloop
 endfacet
 facet normal  8.640319e-01  5.034370e-01 -6.778672e-15
   outer loop
     vertex -1.500000e+00 -9.013878e-01  6.000000e+00
     vertex -1.500000e+00 -9.013878e-01  4.000000e+00
     vertex -1.523835e+00 -8.604804e-01  6.000000e+00
   endloop
 endfacet
 facet normal  8.500734e-01  5.266642e-01 -2.699578e-05
   outer loop
     vertex -1.474983e+00 -9.417672e-01  4.000000e+00
     vertex -1.480397e+00 -9.332331e-01  0.000000e+00
     vertex -1.500000e+00 -9.013878e-01  4.000000e+00
   endloop
 endfacet
 facet normal  8.385460e-01  5.448308e-01  2.736617e-05
   outer loop
     vertex -1.474983e+00 -9.417672e-01  4.000000e+00
     vertex -1.454238e+00 -9.734952e-01  0.000000e+00
     vertex -1.480397e+00 -9.332331e-01  0.000000e+00
   endloop
 endfacet
 facet normal  8.354661e-01  5.495420e-01 -2.597685e-05
   outer loop
     vertex -1.448879e+00 -9.814527e-01  4.000000e+00
     vertex -1.454238e+00 -9.734952e-01  0.000000e+00
     vertex -1.474983e+00 -9.417672e-01  4.000000e+00
   endloop
 endfacet
 facet normal  8.232835e-01  5.676304e-01  2.632843e-05
   outer loop
     vertex -1.448879e+00 -9.814527e-01  4.000000e+00
     vertex -1.426983e+00 -1.013024e+00  0.000000e+00
     vertex -1.454238e+00 -9.734952e-01  0.000000e+00
   endloop
 endfacet
 facet normal  8.202432e-01  5.720149e-01 -2.492031e-05
   outer loop
     vertex -1.421708e+00 -1.020415e+00  4.000000e+00
     vertex -1.426983e+00 -1.013024e+00  0.000000e+00
     vertex -1.448879e+00 -9.814527e-01  4.000000e+00
   endloop
 endfacet
 facet normal  8.074012e-01  5.900028e-01  2.525309e-05
   outer loop
     vertex -1.421708e+00 -1.020415e+00  4.000000e+00
     vertex -1.398655e+00 -1.051791e+00  0.000000e+00
     vertex -1.426983e+00 -1.013024e+00  0.000000e+00
   endloop
 endfacet
 facet normal  8.044160e-01  5.940664e-01 -2.382617e-05
   outer loop
     vertex -1.393489e+00 -1.058626e+00  4.000000e+00
     vertex -1.398655e+00 -1.051791e+00  0.000000e+00
     vertex -1.421708e+00 -1.020415e+00  4.000000e+00
   endloop
 endfacet
 facet normal  7.909112e-01  6.119310e-01  2.414014e-05
   outer loop
     vertex -1.393489e+00 -1.058626e+00  4.000000e+00
     vertex -1.369274e+00 -1.089766e+00  0.000000e+00
     vertex -1.398655e+00 -1.051791e+00  0.000000e+00
   endloop
 endfacet
 facet normal  7.879961e-01  6.156802e-01 -2.269441e-05
   outer loop
     vertex -1.364244e+00 -1.096056e+00  4.000000e+00
     vertex -1.369274e+00 -1.089766e+00  0.000000e+00
     vertex -1.393489e+00 -1.058626e+00  4.000000e+00
   endloop
 endfacet
 facet normal  7.738257e-01  6.333986e-01  2.298958e-05
   outer loop
     vertex -1.364244e+00 -1.096056e+00  4.000000e+00
     vertex -1.338862e+00 -1.126920e+00  0.000000e+00
     vertex -1.369274e+00 -1.089766e+00  0.000000e+00
   endloop
 endfacet
 facet normal  7.709957e-01  6.368403e-01 -2.152505e-05
   outer loop
     vertex -1.333993e+00 -1.132680e+00  4.000000e+00
     vertex -1.338862e+00 -1.126920e+00  0.000000e+00
     vertex -1.364244e+00 -1.096056e+00  4.000000e+00
   endloop
 endfacet
 facet normal  7.561578e-01  6.543893e-01  2.180141e-05
   outer loop
     vertex -1.333993e+00 -1.132680e+00  4.000000e+00
     vertex -1.307442e+00 -1.163227e+00  0.000000e+00
     vertex -1.338862e+00 -1.126920e+00  0.000000e+00
   endloop
 endfacet
 facet normal  7.534272e-01  6.575313e-01 -2.031808e-05
   outer loop
     vertex -1.302760e+00 -1.168468e+00  4.000000e+00
     vertex -1.307442e+00 -1.163227e+00  0.000000e+00
     vertex -1.333993e+00 -1.132680e+00  4.000000e+00
   endloop
 endfacet
 facet normal  7.379206e-01  6.748875e-01  2.057564e-05
   outer loop
     vertex -1.302760e+00 -1.168468e+00  4.000000e+00
     vertex -1.275038e+00 -1.198657e+00  0.000000e+00
     vertex -1.307442e+00 -1.163227e+00  0.000000e+00
   endloop
 endfacet
 facet normal  7.353036e-01  6.777378e-01 -1.907350e-05
   outer loop
     vertex -1.270566e+00 -1.203396e+00  4.000000e+00
     vertex -1.275038e+00 -1.198657e+00  0.000000e+00
     vertex -1.302760e+00 -1.168468e+00  4.000000e+00
   endloop
 endfacet
 facet normal  7.191280e-01  6.948776e-01  1.931226e-05
   outer loop
     vertex -1.270566e+00 -1.203396e+00  4.000000e+00
     vertex -1.241674e+00 -1.233186e+00  0.000000e+00
     vertex -1.275038e+00 -1.198657e+00  0.000000e+00
   endloop
 endfacet
 facet normal  7.166383e-01  6.974450e-01 -1.779131e-05
   outer loop
     vertex -1.237437e+00 -1.237437e+00  4.000000e+00
     vertex -1.241674e+00 -1.233186e+00  0.000000e+00
     vertex -1.270566e+00 -1.203396e+00  4.000000e+00
   endloop
 endfacet
 facet normal  6.997940e-01  7.143447e-01  1.801127e-05
   outer loop
     vertex -1.237437e+00 -1.237437e+00  4.000000e+00
     vertex -1.207375e+00 -1.266786e+00  0.000000e+00
     vertex -1.241674e+00 -1.233186e+00  0.000000e+00
   endloop
 endfacet
 facet normal  6.974450e-01  7.166383e-01 -1.647152e-05
   outer loop
     vertex -1.203396e+00 -1.270566e+00  4.000000e+00
     vertex -1.207375e+00 -1.266786e+00  0.000000e+00
     vertex -1.237437e+00 -1.237437e+00  4.000000e+00
   endloop
 endfacet
 facet normal  6.799333e-01  7.332740e-01  1.667267e-05
   outer loop
     vertex -1.203396e+00 -1.270566e+00  4.000000e+00
     vertex -1.172167e+00 -1.299432e+00  0.000000e+00
     vertex -1.207375e+00 -1.266786e+00  0.000000e+00
   endloop
 endfacet
 facet normal  6.777378e-01  7.353036e-01 -1.511412e-05
   outer loop
     vertex -1.168468e+00 -1.302760e+00  4.000000e+00
     vertex -1.172167e+00 -1.299432e+00  0.000000e+00
     vertex -1.203396e+00 -1.270566e+00  4.000000e+00
   endloop
 endfacet
 facet normal  6.595607e-01  7.516513e-01  1.529646e-05
   outer loop
     vertex -1.168468e+00 -1.302760e+00  4.000000e+00
     vertex -1.136078e+00 -1.331100e+00  0.000000e+00
     vertex -1.172167e+00 -1.299432e+00  0.000000e+00
   endloop
 endfacet
 facet normal  6.575313e-01  7.534272e-01 -1.371911e-05
   outer loop
     vertex -1.132680e+00 -1.333993e+00  4.000000e+00
     vertex -1.136078e+00 -1.331100e+00  0.000000e+00
     vertex -1.168468e+00 -1.302760e+00  4.000000e+00
   endloop
 endfacet
 facet normal  6.386916e-01  7.694628e-01  1.388265e-05
   outer loop
     vertex -1.132680e+00 -1.333993e+00  4.000000e+00
     vertex -1.099133e+00 -1.361766e+00  0.000000e+00
     vertex -1.136078e+00 -1.331100e+00  0.000000e+00
   endloop
 endfacet
 facet normal  6.368403e-01  7.709957e-01 -1.228649e-05
   outer loop
     vertex -1.096056e+00 -1.364244e+00  4.000000e+00
     vertex -1.099133e+00 -1.361766e+00  0.000000e+00
     vertex -1.132680e+00 -1.333993e+00  4.000000e+00
   endloop
 endfacet
 facet normal  6.173417e-01  7.866951e-01  1.243123e-05
   outer loop
     vertex -1.096056e+00 -1.364244e+00  4.000000e+00
     vertex -1.061360e+00 -1.391407e+00  0.000000e+00
     vertex -1.099133e+00 -1.361766e+00  0.000000e+00
   endloop
 endfacet
 facet normal  6.156802e-01  7.879961e-01 -1.081627e-05
   outer loop
     vertex -1.058626e+00 -1.393489e+00  4.000000e+00
     vertex -1.061360e+00 -1.391407e+00  0.000000e+00
     vertex -1.096056e+00 -1.364244e+00  4.000000e+00
   endloop
 endfacet
 facet normal  5.955271e-01  8.033352e-01  1.094220e-05
   outer loop
     vertex -1.058626e+00 -1.393489e+00  4.000000e+00
     vertex -1.022789e+00 -1.420001e+00  0.000000e+00
     vertex -1.061360e+00 -1.391407e+00  0.000000e+00
   endloop
 endfacet
 facet normal  5.940664e-01  8.044160e-01 -9.308439e-06
   outer loop
     vertex -1.020415e+00 -1.421708e+00  4.000000e+00
     vertex -1.022789e+00 -1.420001e+00  0.000000e+00
     vertex -1.058626e+00 -1.393489e+00  4.000000e+00
   endloop
 endfacet
 facet normal  5.732642e-01  8.193706e-01  9.415571e-06
   outer loop
     vertex -1.020415e+00 -1.421708e+00  4.000000e+00
     vertex -9.834473e-01 -1.447526e+00  0.000000e+00
     vertex -1.022789e+00 -1.420001e+00  0.000000e+00
   endloop
 endfacet
 facet normal  5.720149e-01  8.202432e-01 -7.763002e-06
   outer loop
     vertex -9.814527e-01 -1.448879e+00  4.000000e+00
     vertex -9.834473e-01 -1.447526e+00  0.000000e+00
     vertex -1.020415e+00 -1.421708e+00  4.000000e+00
   endloop
 endfacet
 facet normal  5.505698e-01  8.347891e-01  7.851331e-06
   outer loop
     vertex -9.814527e-01 -1.448879e+00  4.000000e+00
     vertex -9.433657e-01 -1.473961e+00  0.000000e+00
     vertex -9.834473e-01 -1.447526e+00  0.000000e+00
   endloop
 endfacet
 facet normal  5.495420e-01  8.354661e-01 -6.179958e-06
   outer loop
     vertex -9.417672e-01 -1.474983e+00  4.000000e+00
     vertex -9.433657e-01 -1.473961e+00  0.000000e+00
     vertex -9.814527e-01 -1.448879e+00  4.000000e+00
   endloop
 endfacet
 facet normal  5.274609e-01  8.495793e-01  6.249483e-06
   outer loop
     vertex -9.417672e-01 -1.474983e+00  4.000000e+00
     vertex -9.025739e-01 -1.499287e+00  0.000000e+00
     vertex -9.433657e-01 -1.473961e+00  0.000000e+00
   endloop
 endfacet
 facet normal  5.266642e-01  8.500734e-01 -4.559307e-06
   outer loop
     vertex -9.013878e-01 -1.500000e+00  4.000000e+00
     vertex -9.025739e-01 -1.499287e+00  0.000000e+00
     vertex -9.417672e-01 -1.474983e+00  4.000000e+00
   endloop
 endfacet
 facet normal  5.039550e-01  8.637299e-01  4.610030e-06
   outer loop
     vertex -9.013878e-01 -1.500000e+00  4.000000e+00
     vertex -8.611027e-01 -1.523484e+00  0.000000e+00
     vertex -9.025739e-01 -1.499287e+00  0.000000e+00
   endloop
 endfacet
 facet normal  5.034370e-01  8.640319e-01  1.898422e-15
   outer loop
     vertex -8.604804e-01 -1.523835e+00  6.000000e+00
     vertex -9.013878e-01 -1.500000e+00  4.000000e+00
     vertex -9.013878e-01 -1.500000e+00  6.000000e+00
   endloop
 endfacet
 facet normal  5.034952e-01  8.639980e-01 -1.594988e-06
   outer loop
     vertex -8.604804e-01 -1.523835e+00  6.000000e+00
     vertex -8.611027e-01 -1.523484e+00  0.000000e+00
     vertex -9.013878e-01 -1.500000e+00  4.000000e+00
   endloop
 endfacet
 facet normal  4.800697e-01  8.772303e-01  1.609742e-06
   outer loop
     vertex -8.604804e-01 -1.523835e+00  6.000000e+00
     vertex -8.189833e-01 -1.546534e+00  0.000000e+00
     vertex -8.611027e-01 -1.523484e+00  0.000000e+00
   endloop
 endfacet
 facet normal  4.798792e-01  8.773346e-01 -1.020158e-07
   outer loop
     vertex -8.189432e-01 -1.546555e+00  6.000000e+00
     vertex -8.189833e-01 -1.546534e+00  0.000000e+00
     vertex -8.604804e-01 -1.523835e+00  6.000000e+00
   endloop
 endfacet
 facet normal  4.559703e-01  8.899950e-01  1.022111e-07
   outer loop
     vertex -7.768066e-01 -1.568143e+00  6.000000e+00
     vertex -8.189833e-01 -1.546534e+00  0.000000e+00
     vertex -8.189432e-01 -1.546555e+00  6.000000e+00
   endloop
 endfacet
 facet normal  4.558231e-01  8.900704e-01  1.408403e-06
   outer loop
     vertex -7.768066e-01 -1.568143e+00  6.000000e+00
     vertex -7.762473e-01 -1.568420e+00  0.000000e+00
     vertex -8.189833e-01 -1.546534e+00  0.000000e+00
   endloop
 endfacet
 facet normal  4.317275e-01  9.020041e-01 -1.388510e-06
   outer loop
     vertex -7.341015e-01 -1.588583e+00  6.000000e+00
     vertex -7.762473e-01 -1.568420e+00  0.000000e+00
     vertex -7.768066e-01 -1.568143e+00  6.000000e+00
   endloop
 endfacet
 facet normal  4.312333e-01  9.022405e-01  2.877788e-06
   outer loop
     vertex -7.341015e-01 -1.588583e+00  6.000000e+00
     vertex -7.329271e-01 -1.589125e+00  0.000000e+00
     vertex -7.762473e-01 -1.568420e+00  0.000000e+00
   endloop
 endfacet
 facet normal  4.071688e-01  9.133529e-01 -2.836560e-06
   outer loop
     vertex -6.908590e-01 -1.607860e+00  6.000000e+00
     vertex -7.329271e-01 -1.589125e+00  0.000000e+00
     vertex -7.341015e-01 -1.588583e+00  6.000000e+00
   endloop
 endfacet
 facet normal  4.063188e-01  9.137314e-01  4.304501e-06
   outer loop
     vertex -6.908590e-01 -1.607860e+00  6.000000e+00
     vertex -6.890551e-01 -1.608634e+00  0.000000e+00
     vertex -7.329271e-01 -1.589125e+00  0.000000e+00
   endloop
 endfacet
 facet normal  3.823121e-01  9.240333e-01 -4.241936e-06
   outer loop
     vertex -6.471108e-01 -1.625961e+00  6.000000e+00
     vertex -6.890551e-01 -1.608634e+00  0.000000e+00
     vertex -6.908590e-01 -1.607860e+00  6.000000e+00
   endloop
 endfacet
 facet normal  3.810986e-01  9.245344e-01  5.688542e-06
   outer loop
     vertex -6.471108e-01 -1.625961e+00  6.000000e+00
     vertex -6.446644e-01 -1.626932e+00  0.000000e+00
     vertex -6.890551e-01 -1.608634e+00  0.000000e+00
   endloop
 endfacet
 facet normal  3.571755e-01  9.340373e-01 -5.604641e-06
   outer loop
     vertex -6.028891e-01 -1.642871e+00  6.000000e+00
     vertex -6.446644e-01 -1.626932e+00  0.000000e+00
     vertex -6.471108e-01 -1.625961e+00  6.000000e+00
   endloop
 endfacet
 facet normal  3.555914e-01  9.346415e-01  7.029910e-06
   outer loop
     vertex -6.028891e-01 -1.642871e+00  6.000000e+00
     vertex -5.997884e-01 -1.644005e+00  0.000000e+00
     vertex -6.446644e-01 -1.626932e+00  0.000000e+00
   endloop
 endfacet
 facet normal  3.317775e-01  9.433577e-01 -6.924673e-06
   outer loop
     vertex -5.582260e-01 -1.658579e+00  6.000000e+00
     vertex -5.997884e-01 -1.644005e+00  0.000000e+00
     vertex -6.028891e-01 -1.642871e+00  6.000000e+00
   endloop
 endfacet
 facet normal  3.298166e-01  9.440450e-01  8.328605e-06
   outer loop
     vertex -5.582260e-01 -1.658579e+00  6.000000e+00
     vertex -5.544609e-01 -1.659841e+00  0.000000e+00
     vertex -5.997884e-01 -1.644005e+00  0.000000e+00
   endloop
 endfacet
 facet normal  3.061367e-01  9.519876e-01 -8.202031e-06
   outer loop
     vertex -5.131544e-01 -1.673073e+00  6.000000e+00
     vertex -5.544609e-01 -1.659841e+00  0.000000e+00
     vertex -5.582260e-01 -1.658579e+00  6.000000e+00
   endloop
 endfacet
 facet normal  3.037934e-01  9.527379e-01  9.584627e-06
   outer loop
     vertex -5.131544e-01 -1.673073e+00  6.000000e+00
     vertex -5.087161e-01 -1.674428e+00  0.000000e+00
     vertex -5.544609e-01 -1.659841e+00  0.000000e+00
   endloop
 endfacet
 facet normal  2.775416e-01  9.607136e-01  1.079798e-05
   outer loop
     vertex -4.677072e-01 -1.686342e+00  6.000000e+00
     vertex -4.625883e-01 -1.687754e+00  0.000000e+00
     vertex -5.087161e-01 -1.674428e+00  0.000000e+00
   endloop
 endfacet
 facet normal  2.802718e-01  9.599207e-01 -9.436717e-06
   outer loop
     vertex -4.677072e-01 -1.686342e+00  6.000000e+00
     vertex -5.087161e-01 -1.674428e+00  0.000000e+00
     vertex -5.131544e-01 -1.673073e+00  6.000000e+00
   endloop
 endfacet
 facet normal  2.510809e-01  9.679661e-01  1.196865e-05
   outer loop
     vertex -4.219176e-01 -1.698377e+00  6.000000e+00
     vertex -4.161123e-01 -1.699809e+00  0.000000e+00
     vertex -4.625883e-01 -1.687754e+00  0.000000e+00
   endloop
 endfacet
 facet normal  2.542018e-01  9.671512e-01 -1.062873e-05
   outer loop
     vertex -4.219176e-01 -1.698377e+00  6.000000e+00
     vertex -4.625883e-01 -1.687754e+00  0.000000e+00
     vertex -4.677072e-01 -1.686342e+00  6.000000e+00
   endloop
 endfacet
 facet normal  2.244312e-01  9.744899e-01  1.309665e-05
   outer loop
     vertex -3.758193e-01 -1.709169e+00  6.000000e+00
     vertex -3.693230e-01 -1.710585e+00  0.000000e+00
     vertex -4.161123e-01 -1.699809e+00  0.000000e+00
   endloop
 endfacet
 facet normal  2.279457e-01  9.736738e-01 -1.177807e-05
   outer loop
     vertex -3.758193e-01 -1.709169e+00  6.000000e+00
     vertex -4.161123e-01 -1.699809e+00  0.000000e+00
     vertex -4.219176e-01 -1.698377e+00  6.000000e+00
   endloop
 endfacet
 facet normal  1.976125e-01  9.802802e-01  1.418198e-05
   outer loop
     vertex -3.294458e-01 -1.718710e+00  6.000000e+00
     vertex -3.222557e-01 -1.720073e+00  0.000000e+00
     vertex -3.693230e-01 -1.710585e+00  0.000000e+00
   endloop
 endfacet
 facet normal  2.015228e-01  9.794838e-01 -1.288473e-05
   outer loop
     vertex -3.294458e-01 -1.718710e+00  6.000000e+00
     vertex -3.693230e-01 -1.710585e+00  0.000000e+00
     vertex -3.758193e-01 -1.709169e+00  6.000000e+00
   endloop
 endfacet
 facet normal  1.706451e-01  9.853326e-01  1.522464e-05
   outer loop
     vertex -2.828313e-01 -1.726993e+00  6.000000e+00
     vertex -2.749459e-01 -1.728266e+00  0.000000e+00
     vertex -3.222557e-01 -1.720073e+00  0.000000e+00
   endloop
 endfacet
 facet normal  1.749523e-01  9.845769e-01 -1.394873e-05
   outer loop
     vertex -2.828313e-01 -1.726993e+00  6.000000e+00
     vertex -3.222557e-01 -1.720073e+00  0.000000e+00
     vertex -3.294458e-01 -1.718710e+00  6.000000e+00
   endloop
 endfacet
 facet normal  1.435492e-01  9.896432e-01  1.622462e-05
   outer loop
     vertex -2.360097e-01 -1.734013e+00  6.000000e+00
     vertex -2.274290e-01 -1.735159e+00  0.000000e+00
     vertex -2.749459e-01 -1.728266e+00  0.000000e+00
   endloop
 endfacet
 facet normal  1.482538e-01  9.889493e-01 -1.497004e-05
   outer loop
     vertex -2.360097e-01 -1.734013e+00  6.000000e+00
     vertex -2.749459e-01 -1.728266e+00  0.000000e+00
     vertex -2.828313e-01 -1.726993e+00  6.000000e+00
   endloop
 endfacet
 facet normal  1.163452e-01  9.932088e-01  1.718192e-05
   outer loop
     vertex -1.890154e-01 -1.739762e+00  6.000000e+00
     vertex -1.797410e-01 -1.740745e+00  0.000000e+00
     vertex -2.274290e-01 -1.735159e+00  0.000000e+00
   endloop
 endfacet
 facet normal  1.214469e-01  9.925979e-01 -1.594869e-05
   outer loop
     vertex -1.890154e-01 -1.739762e+00  6.000000e+00
     vertex -2.274290e-01 -1.735159e+00  0.000000e+00
     vertex -2.360097e-01 -1.734013e+00  6.000000e+00
   endloop
 endfacet
 facet normal  8.905371e-02  9.960268e-01  1.809656e-05
   outer loop
     vertex -1.418827e-01 -1.744239e+00  6.000000e+00
     vertex -1.319177e-01 -1.745021e+00  0.000000e+00
     vertex -1.797410e-01 -1.740745e+00  0.000000e+00
   endloop
 endfacet
 facet normal  9.455097e-02  9.955200e-01 -1.688466e-05
   outer loop
     vertex -1.418827e-01 -1.744239e+00  6.000000e+00
     vertex -1.797410e-01 -1.740745e+00  0.000000e+00
     vertex -1.890154e-01 -1.739762e+00  6.000000e+00
   endloop
 endfacet
 facet normal  6.169515e-02  9.980950e-01  1.896851e-05
   outer loop
     vertex -9.464622e-02 -1.747439e+00  6.000000e+00
     vertex -8.399503e-02 -1.747983e+00  0.000000e+00
     vertex -1.319177e-01 -1.745021e+00  0.000000e+00
   endloop
 endfacet
 facet normal  6.758588e-02  9.977135e-01 -1.777795e-05
   outer loop
     vertex -9.464622e-02 -1.747439e+00  6.000000e+00
     vertex -1.319177e-01 -1.745021e+00  0.000000e+00
     vertex -1.418827e-01 -1.744239e+00  6.000000e+00
   endloop
 endfacet
 facet normal  3.429014e-02  9.994119e-01  1.979780e-05
   outer loop
     vertex -4.734043e-02 -1.749360e+00  6.000000e+00
     vertex -3.600916e-02 -1.749629e+00  0.000000e+00
     vertex -8.399503e-02 -1.747983e+00  0.000000e+00
   endloop
 endfacet
 facet normal  4.057133e-02  9.991766e-01 -1.862857e-05
   outer loop
     vertex -4.734043e-02 -1.749360e+00  6.000000e+00
     vertex -8.399503e-02 -1.747983e+00  0.000000e+00
     vertex -9.464622e-02 -1.747439e+00  6.000000e+00
   endloop
 endfacet
 facet normal  6.859319e-03  9.999765e-01  2.058441e-05
   outer loop
     vertex -1.275597e-14 -1.750000e+00  6.000000e+00
     vertex  1.200381e-02 -1.749959e+00  0.000000e+00
     vertex -3.600916e-02 -1.749629e+00  0.000000e+00
   endloop
 endfacet
 facet normal  1.352708e-02  9.999085e-01 -1.943652e-05
   outer loop
     vertex -1.275597e-14 -1.750000e+00  6.000000e+00
     vertex -3.600916e-02 -1.749629e+00  0.000000e+00
     vertex -4.734043e-02 -1.749360e+00  6.000000e+00
   endloop
 endfacet
 facet normal -2.057667e-02  9.997883e-01  2.132834e-05
   outer loop
     vertex  4.734043e-02 -1.749360e+00  6.000000e+00
     vertex  6.000774e-02 -1.748971e+00  0.000000e+00
     vertex  1.200381e-02 -1.749959e+00  0.000000e+00
   endloop
 endfacet
 facet normal -1.352708e-02  9.999085e-01 -2.020179e-05
   outer loop
     vertex  4.734043e-02 -1.749360e+00  6.000000e+00
     vertex  1.200381e-02 -1.749959e+00  0.000000e+00
     vertex -1.275597e-14 -1.750000e+00  6.000000e+00
   endloop
 endfacet
 facet normal -4.799716e-02  9.988475e-01  2.202960e-05
   outer loop
     vertex  9.464622e-02 -1.747439e+00  6.000000e+00
     vertex  1.079665e-01 -1.746666e+00  0.000000e+00
     vertex  6.000774e-02 -1.748971e+00  0.000000e+00
   endloop
 endfacet
 facet normal -4.057133e-02  9.991766e-01 -2.092438e-05
   outer loop
     vertex  9.464622e-02 -1.747439e+00  6.000000e+00
     vertex  6.000774e-02 -1.748971e+00  0.000000e+00
     vertex  4.734043e-02 -1.749360e+00  6.000000e+00
   endloop
 endfacet
 facet normal -7.538152e-02  9.971548e-01  2.268818e-05
   outer loop
     vertex  1.418827e-01 -1.744239e+00  6.000000e+00
     vertex  1.558440e-01 -1.743047e+00  0.000000e+00
     vertex  1.079665e-01 -1.746666e+00  0.000000e+00
   endloop
 endfacet
 facet normal -6.758588e-02  9.977135e-01 -2.160431e-05
   outer loop
     vertex  1.418827e-01 -1.744239e+00  6.000000e+00
     vertex  1.079665e-01 -1.746666e+00  0.000000e+00
     vertex  9.464622e-02 -1.747439e+00  6.000000e+00
   endloop
 endfacet
 facet normal -1.027091e-01  9.947114e-01  2.330409e-05
   outer loop
     vertex  1.890154e-01 -1.739762e+00  6.000000e+00
     vertex  2.036042e-01 -1.738115e+00  0.000000e+00
     vertex  1.558440e-01 -1.743047e+00  0.000000e+00
   endloop
 endfacet
 facet normal -9.455097e-02  9.955200e-01 -2.224155e-05
   outer loop
     vertex  1.890154e-01 -1.739762e+00  6.000000e+00
     vertex  1.558440e-01 -1.743047e+00  0.000000e+00
     vertex  1.418827e-01 -1.744239e+00  6.000000e+00
   endloop
 endfacet
 facet normal -1.299594e-01  9.915193e-01  2.387732e-05
   outer loop
     vertex  2.360097e-01 -1.734013e+00  6.000000e+00
     vertex  2.512111e-01 -1.731876e+00  0.000000e+00
     vertex  2.036042e-01 -1.738115e+00  0.000000e+00
   endloop
 endfacet
 facet normal -1.214469e-01  9.925979e-01 -2.283612e-05
   outer loop
     vertex  2.360097e-01 -1.734013e+00  6.000000e+00
     vertex  2.036042e-01 -1.738115e+00  0.000000e+00
     vertex  1.890154e-01 -1.739762e+00  6.000000e+00
   endloop
 endfacet
 facet normal -1.571119e-01  9.875808e-01  2.440788e-05
   outer loop
     vertex  2.828313e-01 -1.726993e+00  6.000000e+00
     vertex  2.986289e-01 -1.724332e+00  0.000000e+00
     vertex  2.512111e-01 -1.731876e+00  0.000000e+00
   endloop
 endfacet
 facet normal -1.482538e-01  9.889493e-01 -2.338802e-05
   outer loop
     vertex  2.828313e-01 -1.726993e+00  6.000000e+00
     vertex  2.512111e-01 -1.731876e+00  0.000000e+00
     vertex  2.360097e-01 -1.734013e+00  6.000000e+00
   endloop
 endfacet
 facet normal -1.841461e-01  9.828989e-01  2.489576e-05
   outer loop
     vertex  3.294458e-01 -1.718710e+00  6.000000e+00
     vertex  3.458219e-01 -1.715490e+00  0.000000e+00
     vertex  2.986289e-01 -1.724332e+00  0.000000e+00
   endloop
 endfacet
 facet normal -1.749523e-01  9.845769e-01 -2.389724e-05
   outer loop
     vertex  3.294458e-01 -1.718710e+00  6.000000e+00
     vertex  2.986289e-01 -1.724332e+00  0.000000e+00
     vertex  2.828313e-01 -1.726993e+00  6.000000e+00
   endloop
 endfacet
 facet normal -2.110417e-01  9.774771e-01  2.534097e-05
   outer loop
     vertex  3.758193e-01 -1.709169e+00  6.000000e+00
     vertex  3.927546e-01 -1.705357e+00  0.000000e+00
     vertex  3.458219e-01 -1.715490e+00  0.000000e+00
   endloop
 endfacet
 facet normal -2.015228e-01  9.794838e-01 -2.436378e-05
   outer loop
     vertex  3.758193e-01 -1.709169e+00  6.000000e+00
     vertex  3.458219e-01 -1.715490e+00  0.000000e+00
     vertex  3.294458e-01 -1.718710e+00  6.000000e+00
   endloop
 endfacet
 facet normal -2.279457e-01  9.736738e-01 -2.478765e-05
   outer loop
     vertex  4.219176e-01 -1.698377e+00  6.000000e+00
     vertex  3.927546e-01 -1.705357e+00  0.000000e+00
     vertex  3.758193e-01 -1.709169e+00  6.000000e+00
   endloop
 endfacet
 facet normal -2.377784e-01  9.713194e-01  2.574350e-05
   outer loop
     vertex  4.219176e-01 -1.698377e+00  6.000000e+00
     vertex  4.393916e-01 -1.693941e+00  0.000000e+00
     vertex  3.927546e-01 -1.705357e+00  0.000000e+00
   endloop
 endfacet
 facet normal -2.542018e-01  9.671512e-01 -2.516885e-05
   outer loop
     vertex  4.677072e-01 -1.686342e+00  6.000000e+00
     vertex  4.393916e-01 -1.693941e+00  0.000000e+00
     vertex  4.219176e-01 -1.698377e+00  6.000000e+00
   endloop
 endfacet
 facet normal -2.643362e-01  9.644306e-01  2.610336e-05
   outer loop
     vertex  4.677072e-01 -1.686342e+00  6.000000e+00
     vertex  4.856979e-01 -1.681249e+00  0.000000e+00
     vertex  4.393916e-01 -1.693941e+00  0.000000e+00
   endloop
 endfacet
 facet normal -2.802718e-01  9.599207e-01 -2.550737e-05
   outer loop
     vertex  5.131544e-01 -1.673073e+00  6.000000e+00
     vertex  4.856979e-01 -1.681249e+00  0.000000e+00
     vertex  4.677072e-01 -1.686342e+00  6.000000e+00
   endloop
 endfacet
 facet normal -2.906949e-01  9.568158e-01  2.642054e-05
   outer loop
     vertex  5.131544e-01 -1.673073e+00  6.000000e+00
     vertex  5.316385e-01 -1.667291e+00  0.000000e+00
     vertex  4.856979e-01 -1.681249e+00  0.000000e+00
   endloop
 endfacet
 facet normal -3.061367e-01  9.519876e-01 -2.580321e-05
   outer loop
     vertex  5.582260e-01 -1.658579e+00  6.000000e+00
     vertex  5.316385e-01 -1.667291e+00  0.000000e+00
     vertex  5.131544e-01 -1.673073e+00  6.000000e+00
   endloop
 endfacet
 facet normal -3.168348e-01  9.484807e-01  2.669505e-05
   outer loop
     vertex  5.582260e-01 -1.658579e+00  6.000000e+00
     vertex  5.771790e-01 -1.652079e+00  0.000000e+00
     vertex  5.316385e-01 -1.667291e+00  0.000000e+00
   endloop
 endfacet
 facet normal -3.317775e-01  9.433577e-01 -2.605638e-05
   outer loop
     vertex  6.028891e-01 -1.642871e+00  6.000000e+00
     vertex  5.771790e-01 -1.652079e+00  0.000000e+00
     vertex  5.582260e-01 -1.658579e+00  6.000000e+00
   endloop
 endfacet
 facet normal -3.427362e-01  9.394317e-01  2.692687e-05
   outer loop
     vertex  6.028891e-01 -1.642871e+00  6.000000e+00
     vertex  6.222850e-01 -1.635623e+00  0.000000e+00
     vertex  5.771790e-01 -1.652079e+00  0.000000e+00
   endloop
 endfacet
 facet normal -3.571755e-01  9.340373e-01 -2.626687e-05
   outer loop
     vertex  6.471108e-01 -1.625961e+00  6.000000e+00
     vertex  6.222850e-01 -1.635623e+00  0.000000e+00
     vertex  6.028891e-01 -1.642871e+00  6.000000e+00
   endloop
 endfacet
 facet normal -3.683796e-01  9.296754e-01  2.711603e-05
   outer loop
     vertex  6.471108e-01 -1.625961e+00  6.000000e+00
     vertex  6.669225e-01 -1.617935e+00  0.000000e+00
     vertex  6.222850e-01 -1.635623e+00  0.000000e+00
   endloop
 endfacet
 facet normal -3.823121e-01  9.240333e-01 -2.643468e-05
   outer loop
     vertex  6.908590e-01 -1.607860e+00  6.000000e+00
     vertex  6.669225e-01 -1.617935e+00  0.000000e+00
     vertex  6.471108e-01 -1.625961e+00  6.000000e+00
   endloop
 endfacet
 facet normal -3.937458e-01  9.192194e-01  2.726251e-05
   outer loop
     vertex  6.908590e-01 -1.607860e+00  6.000000e+00
     vertex  7.110580e-01 -1.599030e+00  0.000000e+00
     vertex  6.669225e-01 -1.617935e+00  0.000000e+00
   endloop
 endfacet
 facet normal -4.188155e-01  9.080714e-01  2.736631e-05
   outer loop
     vertex  7.341015e-01 -1.588583e+00  6.000000e+00
     vertex  7.546582e-01 -1.578921e+00  0.000000e+00
     vertex  7.110580e-01 -1.599030e+00  0.000000e+00
   endloop
 endfacet
 facet normal -4.071688e-01  9.133529e-01 -2.655982e-05
   outer loop
     vertex  7.341015e-01 -1.588583e+00  6.000000e+00
     vertex  7.110580e-01 -1.599030e+00  0.000000e+00
     vertex  6.908590e-01 -1.607860e+00  6.000000e+00
   endloop
 endfacet
 facet normal -4.435699e-01  8.962398e-01  2.742743e-05
   outer loop
     vertex  7.768066e-01 -1.568143e+00  6.000000e+00
     vertex  7.976904e-01 -1.557623e+00  0.000000e+00
     vertex  7.546582e-01 -1.578921e+00  0.000000e+00
   endloop
 endfacet
 facet normal -4.317275e-01  9.020041e-01 -2.664229e-05
   outer loop
     vertex  7.768066e-01 -1.568143e+00  6.000000e+00
     vertex  7.546582e-01 -1.578921e+00  0.000000e+00
     vertex  7.341015e-01 -1.588583e+00  6.000000e+00
   endloop
 endfacet
 facet normal -4.679904e-01  8.837335e-01  2.744588e-05
   outer loop
     vertex  8.189432e-01 -1.546555e+00  6.000000e+00
     vertex  8.401220e-01 -1.535153e+00  0.000000e+00
     vertex  7.976904e-01 -1.557623e+00  0.000000e+00
   endloop
 endfacet
 facet normal -4.559703e-01  8.899950e-01 -2.668207e-05
   outer loop
     vertex  8.189432e-01 -1.546555e+00  6.000000e+00
     vertex  7.976904e-01 -1.557623e+00  0.000000e+00
     vertex  7.768066e-01 -1.568143e+00  6.000000e+00
   endloop
 endfacet
 facet normal -4.798792e-01  8.773346e-01 -2.667919e-05
   outer loop
     vertex  8.604804e-01 -1.523835e+00  6.000000e+00
     vertex  8.401220e-01 -1.535153e+00  0.000000e+00
     vertex  8.189432e-01 -1.546555e+00  6.000000e+00
   endloop
 endfacet
 facet normal -4.920587e-01  8.705620e-01 -1.141431e-04
   outer loop
     vertex  9.013878e-01 -1.500000e+00  4.000000e+00
     vertex  8.819213e-01 -1.511527e+00  0.000000e+00
     vertex  8.401220e-01 -1.535153e+00  0.000000e+00
   endloop
 endfacet
 facet normal -5.157565e-01  8.567352e-01  4.103214e-05
   outer loop
     vertex  9.013878e-01 -1.500000e+00  4.000000e+00
     vertex  9.230567e-01 -1.486764e+00  0.000000e+00
     vertex  8.819213e-01 -1.511527e+00  0.000000e+00
   endloop
 endfacet
 facet normal -5.009782e-01  8.654599e-01  6.731030e-05
   outer loop
     vertex  9.013878e-01 -1.500000e+00  4.000000e+00
     vertex  8.401220e-01 -1.535153e+00  0.000000e+00
     vertex  8.604804e-01 -1.523835e+00  6.000000e+00
   endloop
 endfacet
 facet normal -5.034370e-01  8.640319e-01  1.116305e-15
   outer loop
     vertex  9.013878e-01 -1.500000e+00  6.000000e+00
     vertex  9.013878e-01 -1.500000e+00  4.000000e+00
     vertex  8.604804e-01 -1.523835e+00  6.000000e+00
   endloop
 endfacet
 facet normal -5.390661e-01  8.422635e-01  4.091188e-05
   outer loop
     vertex  9.417672e-01 -1.474983e+00  4.000000e+00
     vertex  9.634972e-01 -1.460881e+00  0.000000e+00
     vertex  9.230567e-01 -1.486764e+00  0.000000e+00
   endloop
 endfacet
 facet normal -5.266642e-01  8.500734e-01 -4.010156e-05
   outer loop
     vertex  9.417672e-01 -1.474983e+00  4.000000e+00
     vertex  9.230567e-01 -1.486764e+00  0.000000e+00
     vertex  9.013878e-01 -1.500000e+00  4.000000e+00
   endloop
 endfacet
 facet normal -5.619699e-01  8.271577e-01  4.075401e-05
   outer loop
     vertex  9.814527e-01 -1.448879e+00  4.000000e+00
     vertex  1.003212e+00 -1.433898e+00  0.000000e+00
     vertex  9.634972e-01 -1.460881e+00  0.000000e+00
   endloop
 endfacet
 facet normal -5.495420e-01  8.354661e-01 -3.996250e-05
   outer loop
     vertex  9.814527e-01 -1.448879e+00  4.000000e+00
     vertex  9.634972e-01 -1.460881e+00  0.000000e+00
     vertex  9.417672e-01 -1.474983e+00  4.000000e+00
   endloop
 endfacet
 facet normal -5.844507e-01  8.114292e-01  4.055853e-05
   outer loop
     vertex  1.020415e+00 -1.421708e+00  4.000000e+00
     vertex  1.042172e+00 -1.405837e+00  0.000000e+00
     vertex  1.003212e+00 -1.433898e+00  0.000000e+00
   endloop
 endfacet
 facet normal -5.720149e-01  8.202432e-01 -3.978582e-05
   outer loop
     vertex  1.020415e+00 -1.421708e+00  4.000000e+00
     vertex  1.003212e+00 -1.433898e+00  0.000000e+00
     vertex  9.814527e-01 -1.448879e+00  4.000000e+00
   endloop
 endfacet
 facet normal -6.064915e-01  7.950900e-01  4.032545e-05
   outer loop
     vertex  1.058626e+00 -1.393489e+00  4.000000e+00
     vertex  1.080348e+00 -1.376716e+00  0.000000e+00
     vertex  1.042172e+00 -1.405837e+00  0.000000e+00
   endloop
 endfacet
 facet normal -5.940664e-01  8.044160e-01 -3.957154e-05
   outer loop
     vertex  1.058626e+00 -1.393489e+00  4.000000e+00
     vertex  1.042172e+00 -1.405837e+00  0.000000e+00
     vertex  1.020415e+00 -1.421708e+00  4.000000e+00
   endloop
 endfacet
 facet normal -6.280757e-01  7.781522e-01  4.005475e-05
   outer loop
     vertex  1.096056e+00 -1.364244e+00  4.000000e+00
     vertex  1.117710e+00 -1.346560e+00  0.000000e+00
     vertex  1.080348e+00 -1.376716e+00  0.000000e+00
   endloop
 endfacet
 facet normal -6.156802e-01  7.879961e-01 -3.931965e-05
   outer loop
     vertex  1.096056e+00 -1.364244e+00  4.000000e+00
     vertex  1.080348e+00 -1.376716e+00  0.000000e+00
     vertex  1.058626e+00 -1.393489e+00  4.000000e+00
   endloop
 endfacet
 facet normal -6.491872e-01  7.606287e-01  3.974645e-05
   outer loop
     vertex  1.132680e+00 -1.333993e+00  4.000000e+00
     vertex  1.154231e+00 -1.315390e+00  0.000000e+00
     vertex  1.117710e+00 -1.346560e+00  0.000000e+00
   endloop
 endfacet
 facet normal -6.368403e-01  7.709957e-01 -3.903015e-05
   outer loop
     vertex  1.132680e+00 -1.333993e+00  4.000000e+00
     vertex  1.117710e+00 -1.346560e+00  0.000000e+00
     vertex  1.096056e+00 -1.364244e+00  4.000000e+00
   endloop
 endfacet
 facet normal -6.698100e-01  7.425325e-01  3.940053e-05
   outer loop
     vertex  1.168468e+00 -1.302760e+00  4.000000e+00
     vertex  1.189883e+00 -1.283230e+00  0.000000e+00
     vertex  1.154231e+00 -1.315390e+00  0.000000e+00
   endloop
 endfacet
 facet normal -6.575313e-01  7.534272e-01 -3.870304e-05
   outer loop
     vertex  1.168468e+00 -1.302760e+00  4.000000e+00
     vertex  1.154231e+00 -1.315390e+00  0.000000e+00
     vertex  1.132680e+00 -1.333993e+00  4.000000e+00
   endloop
 endfacet
 facet normal -6.899286e-01  7.238775e-01  3.901701e-05
   outer loop
     vertex  1.203396e+00 -1.270566e+00  4.000000e+00
     vertex  1.224640e+00 -1.250103e+00  0.000000e+00
     vertex  1.189883e+00 -1.283230e+00  0.000000e+00
   endloop
 endfacet
 facet normal -6.777378e-01  7.353036e-01 -3.833832e-05
   outer loop
     vertex  1.203396e+00 -1.270566e+00  4.000000e+00
     vertex  1.189883e+00 -1.283230e+00  0.000000e+00
     vertex  1.168468e+00 -1.302760e+00  4.000000e+00
   endloop
 endfacet
 facet normal -7.095278e-01  7.046775e-01  3.859587e-05
   outer loop
     vertex  1.237437e+00 -1.237437e+00  4.000000e+00
     vertex  1.258474e+00 -1.216036e+00  0.000000e+00
     vertex  1.224640e+00 -1.250103e+00  0.000000e+00
   endloop
 endfacet
 facet normal -6.974450e-01  7.166383e-01 -3.793599e-05
   outer loop
     vertex  1.237437e+00 -1.237437e+00  4.000000e+00
     vertex  1.224640e+00 -1.250103e+00  0.000000e+00
     vertex  1.203396e+00 -1.270566e+00  4.000000e+00
   endloop
 endfacet
 facet normal -7.285929e-01  6.849470e-01  3.813713e-05
   outer loop
     vertex  1.270566e+00 -1.203396e+00  4.000000e+00
     vertex  1.291361e+00 -1.181053e+00  0.000000e+00
     vertex  1.258474e+00 -1.216036e+00  0.000000e+00
   endloop
 endfacet
 facet normal -7.166383e-01  6.974450e-01 -3.749605e-05
   outer loop
     vertex  1.270566e+00 -1.203396e+00  4.000000e+00
     vertex  1.258474e+00 -1.216036e+00  0.000000e+00
     vertex  1.237437e+00 -1.237437e+00  4.000000e+00
   endloop
 endfacet
 facet normal -7.471095e-01  6.647010e-01  3.764078e-05
   outer loop
     vertex  1.302760e+00 -1.168468e+00  4.000000e+00
     vertex  1.323276e+00 -1.145181e+00  0.000000e+00
     vertex  1.291361e+00 -1.181053e+00  0.000000e+00
   endloop
 endfacet
 facet normal -7.353036e-01  6.777378e-01 -3.701851e-05
   outer loop
     vertex  1.302760e+00 -1.168468e+00  4.000000e+00
     vertex  1.291361e+00 -1.181053e+00  0.000000e+00
     vertex  1.270566e+00 -1.203396e+00  4.000000e+00
   endloop
 endfacet
 facet normal -7.650637e-01  6.439545e-01  3.710682e-05
   outer loop
     vertex  1.333993e+00 -1.132680e+00  4.000000e+00
     vertex  1.354195e+00 -1.108447e+00  0.000000e+00
     vertex  1.323276e+00 -1.145181e+00  0.000000e+00
   endloop
 endfacet
 facet normal -7.534272e-01  6.575313e-01 -3.650335e-05
   outer loop
     vertex  1.333993e+00 -1.132680e+00  4.000000e+00
     vertex  1.323276e+00 -1.145181e+00  0.000000e+00
     vertex  1.302760e+00 -1.168468e+00  4.000000e+00
   endloop
 endfacet
 facet normal -7.824421e-01  6.227234e-01  3.653525e-05
   outer loop
     vertex  1.364244e+00 -1.096056e+00  4.000000e+00
     vertex  1.384095e+00 -1.070879e+00  0.000000e+00
     vertex  1.354195e+00 -1.108447e+00  0.000000e+00
   endloop
 endfacet
 facet normal -7.709957e-01  6.368403e-01 -3.595058e-05
   outer loop
     vertex  1.364244e+00 -1.096056e+00  4.000000e+00
     vertex  1.354195e+00 -1.108447e+00  0.000000e+00
     vertex  1.333993e+00 -1.132680e+00  4.000000e+00
   endloop
 endfacet
 facet normal -7.879961e-01  6.156802e-01 -3.536021e-05
   outer loop
     vertex  1.393489e+00 -1.058626e+00  4.000000e+00
     vertex  1.384095e+00 -1.070879e+00  0.000000e+00
     vertex  1.364244e+00 -1.096056e+00  4.000000e+00
   endloop
 endfacet
 facet normal -7.992314e-01  6.010234e-01  3.592607e-05
   outer loop
     vertex  1.393489e+00 -1.058626e+00  4.000000e+00
     vertex  1.412952e+00 -1.032505e+00  0.000000e+00
     vertex  1.384095e+00 -1.070879e+00  0.000000e+00
   endloop
 endfacet
 facet normal -8.044160e-01  5.940664e-01 -3.473222e-05
   outer loop
     vertex  1.421708e+00 -1.020415e+00  4.000000e+00
     vertex  1.412952e+00 -1.032505e+00  0.000000e+00
     vertex  1.393489e+00 -1.058626e+00  4.000000e+00
   endloop
 endfacet
 facet normal -8.154191e-01  5.788711e-01  3.527928e-05
   outer loop
     vertex  1.421708e+00 -1.020415e+00  4.000000e+00
     vertex  1.440746e+00 -9.933532e-01  0.000000e+00
     vertex  1.412952e+00 -1.032505e+00  0.000000e+00
   endloop
 endfacet
 facet normal -8.202432e-01  5.720149e-01 -3.406663e-05
   outer loop
     vertex  1.448879e+00 -9.814527e-01  4.000000e+00
     vertex  1.440746e+00 -9.933532e-01  0.000000e+00
     vertex  1.421708e+00 -1.020415e+00  4.000000e+00
   endloop
 endfacet
 facet normal -8.309929e-01  5.562829e-01  3.459488e-05
   outer loop
     vertex  1.448879e+00 -9.814527e-01  4.000000e+00
     vertex  1.467456e+00 -9.534539e-01  0.000000e+00
     vertex  1.440746e+00 -9.933532e-01  0.000000e+00
   endloop
 endfacet
 facet normal -8.354661e-01  5.495420e-01 -3.336343e-05
   outer loop
     vertex  1.474983e+00 -9.417672e-01  4.000000e+00
     vertex  1.467456e+00 -9.534539e-01  0.000000e+00
     vertex  1.448879e+00 -9.814527e-01  4.000000e+00
   endloop
 endfacet
 facet normal -8.459413e-01  5.332761e-01  3.387287e-05
   outer loop
     vertex  1.474983e+00 -9.417672e-01  4.000000e+00
     vertex  1.493060e+00 -9.128368e-01  0.000000e+00
     vertex  1.467456e+00 -9.534539e-01  0.000000e+00
   endloop
 endfacet
 facet normal -8.500734e-01  5.266642e-01 -3.262262e-05
   outer loop
     vertex  1.500000e+00 -9.013878e-01  4.000000e+00
     vertex  1.493060e+00 -9.128368e-01  0.000000e+00
     vertex  1.474983e+00 -9.417672e-01  4.000000e+00
   endloop
 endfacet
 facet normal -8.602528e-01  5.098678e-01  3.311326e-05
   outer loop
     vertex  1.500000e+00 -9.013878e-01  4.000000e+00
     vertex  1.517541e+00 -8.715325e-01  0.000000e+00
     vertex  1.493060e+00 -9.128368e-01  0.000000e+00
   endloop
 endfacet
 facet normal -8.640319e-01  5.034370e-01 -6.180750e-15
   outer loop
     vertex  1.523835e+00 -8.604804e-01  6.000000e+00
     vertex  1.500000e+00 -9.013878e-01  4.000000e+00
     vertex  1.500000e+00 -9.013878e-01  6.000000e+00
   endloop
 endfacet
 facet normal -8.635417e-01  5.042775e-01 -2.303424e-05
   outer loop
     vertex  1.523835e+00 -8.604804e-01  6.000000e+00
     vertex  1.517541e+00 -8.715325e-01  0.000000e+00
     vertex  1.500000e+00 -9.013878e-01  4.000000e+00
   endloop
 endfacet
 facet normal -8.739167e-01  4.860756e-01  2.137713e-05
   outer loop
     vertex  1.523835e+00 -8.604804e-01  6.000000e+00
     vertex  1.540880e+00 -8.295722e-01  0.000000e+00
     vertex  1.517541e+00 -8.715325e-01  0.000000e+00
   endloop
 endfacet
 facet normal -8.773346e-01  4.798792e-01 -2.025203e-05
   outer loop
     vertex  1.546555e+00 -8.189432e-01  6.000000e+00
     vertex  1.540880e+00 -8.295722e-01  0.000000e+00
     vertex  1.523835e+00 -8.604804e-01  6.000000e+00
   endloop
 endfacet
 facet normal -8.869228e-01  4.619176e-01  2.063609e-05
   outer loop
     vertex  1.546555e+00 -8.189432e-01  6.000000e+00
     vertex  1.563058e+00 -7.869874e-01  0.000000e+00
     vertex  1.540880e+00 -8.295722e-01  0.000000e+00
   endloop
 endfacet
 facet normal -8.899950e-01  4.559703e-01 -1.948964e-05
   outer loop
     vertex  1.568143e+00 -7.768066e-01  6.000000e+00
     vertex  1.563058e+00 -7.869874e-01  0.000000e+00
     vertex  1.546555e+00 -8.189432e-01  6.000000e+00
   endloop
 endfacet
 facet normal -8.992613e-01  4.374119e-01  1.985237e-05
   outer loop
     vertex  1.568143e+00 -7.768066e-01  6.000000e+00
     vertex  1.584060e+00 -7.438101e-01  0.000000e+00
     vertex  1.563058e+00 -7.869874e-01  0.000000e+00
   endloop
 endfacet
 facet normal -9.020041e-01  4.317275e-01 -1.868458e-05
   outer loop
     vertex  1.588583e+00 -7.341015e-01  6.000000e+00
     vertex  1.584060e+00 -7.438101e-01  0.000000e+00
     vertex  1.568143e+00 -7.768066e-01  6.000000e+00
   endloop
 endfacet
 facet normal -9.109228e-01  4.125769e-01  1.902597e-05
   outer loop
     vertex  1.588583e+00 -7.341015e-01  6.000000e+00
     vertex  1.603870e+00 -7.000730e-01  0.000000e+00
     vertex  1.584060e+00 -7.438101e-01  0.000000e+00
   endloop
 endfacet
 facet normal -9.133529e-01  4.071688e-01 -1.783685e-05
   outer loop
     vertex  1.607860e+00 -6.908590e-01  6.000000e+00
     vertex  1.603870e+00 -7.000730e-01  0.000000e+00
     vertex  1.588583e+00 -7.341015e-01  6.000000e+00
   endloop
 endfacet
 facet normal -9.218986e-01  3.874313e-01  1.815690e-05
   outer loop
     vertex  1.607860e+00 -6.908590e-01  6.000000e+00
     vertex  1.622472e+00 -6.558089e-01  0.000000e+00
     vertex  1.603870e+00 -7.000730e-01  0.000000e+00
   endloop
 endfacet
 facet normal -9.240333e-01  3.823121e-01 -1.694644e-05
   outer loop
     vertex  1.625961e+00 -6.471108e-01  6.000000e+00
     vertex  1.622472e+00 -6.558089e-01  0.000000e+00
     vertex  1.607860e+00 -6.908590e-01  6.000000e+00
   endloop
 endfacet
 facet normal -9.321804e-01  3.619940e-01  1.724516e-05
   outer loop
     vertex  1.625961e+00 -6.471108e-01  6.000000e+00
     vertex  1.639853e+00 -6.110511e-01  0.000000e+00
     vertex  1.622472e+00 -6.558089e-01  0.000000e+00
   endloop
 endfacet
 facet normal -9.340373e-01  3.571755e-01 -1.601336e-05
   outer loop
     vertex  1.642871e+00 -6.028891e-01  6.000000e+00
     vertex  1.639853e+00 -6.110511e-01  0.000000e+00
     vertex  1.625961e+00 -6.471108e-01  6.000000e+00
   endloop
 endfacet
 facet normal -9.417605e-01  3.362843e-01  1.629074e-05
   outer loop
     vertex  1.642871e+00 -6.028891e-01  6.000000e+00
     vertex  1.655999e+00 -5.658333e-01  0.000000e+00
     vertex  1.639853e+00 -6.110511e-01  0.000000e+00
   endloop
 endfacet
 facet normal -9.506317e-01  3.103214e-01  1.529364e-05
   outer loop
     vertex  1.658579e+00 -5.582260e-01  6.000000e+00
     vertex  1.670899e+00 -5.201895e-01  0.000000e+00
     vertex  1.655999e+00 -5.658333e-01  0.000000e+00
   endloop
 endfacet
 facet normal -9.433577e-01  3.317775e-01 -1.503761e-05
   outer loop
     vertex  1.658579e+00 -5.582260e-01  6.000000e+00
     vertex  1.655999e+00 -5.658333e-01  0.000000e+00
     vertex  1.642871e+00 -6.028891e-01  6.000000e+00
   endloop
 endfacet
 facet normal -9.519876e-01  3.061367e-01 -1.401918e-05
   outer loop
     vertex  1.673073e+00 -5.131544e-01  6.000000e+00
     vertex  1.670899e+00 -5.201895e-01  0.000000e+00
     vertex  1.658579e+00 -5.582260e-01  6.000000e+00
   endloop
 endfacet
 facet normal -9.587873e-01  2.841250e-01  1.425388e-05
   outer loop
     vertex  1.673073e+00 -5.131544e-01  6.000000e+00
     vertex  1.684541e+00 -4.741542e-01  0.000000e+00
     vertex  1.670899e+00 -5.201895e-01  0.000000e+00
   endloop
 endfacet
 facet normal -9.662211e-01  2.577146e-01  1.317144e-05
   outer loop
     vertex  1.686342e+00 -4.677072e-01  6.000000e+00
     vertex  1.696915e+00 -4.277620e-01  0.000000e+00
     vertex  1.684541e+00 -4.741542e-01  0.000000e+00
   endloop
 endfacet
 facet normal -9.599207e-01  2.802718e-01 -1.295807e-05
   outer loop
     vertex  1.686342e+00 -4.677072e-01  6.000000e+00
     vertex  1.684541e+00 -4.741542e-01  0.000000e+00
     vertex  1.673073e+00 -5.131544e-01  6.000000e+00
   endloop
 endfacet
 facet normal -9.729276e-01  2.311102e-01  1.204632e-05
   outer loop
     vertex  1.698377e+00 -4.219176e-01  6.000000e+00
     vertex  1.708011e+00 -3.810478e-01  0.000000e+00
     vertex  1.696915e+00 -4.277620e-01  0.000000e+00
   endloop
 endfacet
 facet normal -9.671512e-01  2.542018e-01 -1.185429e-05
   outer loop
     vertex  1.698377e+00 -4.219176e-01  6.000000e+00
     vertex  1.696915e+00 -4.277620e-01  0.000000e+00
     vertex  1.686342e+00 -4.677072e-01  6.000000e+00
   endloop
 endfacet
 facet normal -9.789017e-01  2.043319e-01  1.087853e-05
   outer loop
     vertex  1.709169e+00 -3.758193e-01  6.000000e+00
     vertex  1.717822e+00 -3.340467e-01  0.000000e+00
     vertex  1.708011e+00 -3.810478e-01  0.000000e+00
   endloop
 endfacet
 facet normal -9.736738e-01  2.279457e-01 -1.070784e-05
   outer loop
     vertex  1.709169e+00 -3.758193e-01  6.000000e+00
     vertex  1.708011e+00 -3.810478e-01  0.000000e+00
     vertex  1.698377e+00 -4.219176e-01  6.000000e+00
   endloop
 endfacet
 facet normal -9.841389e-01  1.773998e-01  9.668071e-06
   outer loop
     vertex  1.718710e+00 -3.294458e-01  6.000000e+00
     vertex  1.726340e+00 -2.867941e-01  0.000000e+00
     vertex  1.717822e+00 -3.340467e-01  0.000000e+00
   endloop
 endfacet
 facet normal -9.794838e-01  2.015228e-01 -9.518717e-06
   outer loop
     vertex  1.718710e+00 -3.294458e-01  6.000000e+00
     vertex  1.717822e+00 -3.340467e-01  0.000000e+00
     vertex  1.709169e+00 -3.758193e-01  6.000000e+00
   endloop
 endfacet
 facet normal -9.886353e-01  1.503341e-01  8.414936e-06
   outer loop
     vertex  1.726993e+00 -2.828313e-01  6.000000e+00
     vertex  1.733558e+00 -2.393257e-01  0.000000e+00
     vertex  1.726340e+00 -2.867941e-01  0.000000e+00
   endloop
 endfacet
 facet normal -9.845769e-01  1.749523e-01 -8.286919e-06
   outer loop
     vertex  1.726993e+00 -2.828313e-01  6.000000e+00
     vertex  1.726340e+00 -2.867941e-01  0.000000e+00
     vertex  1.718710e+00 -3.294458e-01  6.000000e+00
   endloop
 endfacet
 facet normal -9.923874e-01  1.231552e-01  7.119128e-06
   outer loop
     vertex  1.734013e+00 -2.360097e-01  6.000000e+00
     vertex  1.739471e+00 -1.916771e-01  0.000000e+00
     vertex  1.733558e+00 -2.393257e-01  0.000000e+00
   endloop
 endfacet
 facet normal -9.889493e-01  1.482538e-01 -7.012447e-06
   outer loop
     vertex  1.734013e+00 -2.360097e-01  6.000000e+00
     vertex  1.733558e+00 -2.393257e-01  0.000000e+00
     vertex  1.726993e+00 -2.828313e-01  6.000000e+00
   endloop
 endfacet
 facet normal -9.953925e-01  9.588368e-02  5.780647e-06
   outer loop
     vertex  1.739762e+00 -1.890154e-01  6.000000e+00
     vertex  1.744075e+00 -1.438842e-01  0.000000e+00
     vertex  1.739471e+00 -1.916771e-01  0.000000e+00
   endloop
 endfacet
 facet normal -9.925979e-01  1.214469e-01 -5.695303e-06
   outer loop
     vertex  1.739762e+00 -1.890154e-01  6.000000e+00
     vertex  1.739471e+00 -1.916771e-01  0.000000e+00
     vertex  1.734013e+00 -2.360097e-01  6.000000e+00
   endloop
 endfacet
 facet normal -9.976484e-01  6.853995e-02  4.399494e-06
   outer loop
     vertex  1.744239e+00 -1.418827e-01  6.000000e+00
     vertex  1.747366e+00 -9.598303e-02  0.000000e+00
     vertex  1.744075e+00 -1.438842e-01  0.000000e+00
   endloop
 endfacet
 facet normal -9.955200e-01  9.455097e-02 -4.335486e-06
   outer loop
     vertex  1.744239e+00 -1.418827e-01  6.000000e+00
     vertex  1.744075e+00 -1.438842e-01  0.000000e+00
     vertex  1.739762e+00 -1.890154e-01  6.000000e+00
   endloop
 endfacet
 facet normal -9.991532e-01  4.114462e-02  2.975668e-06
   outer loop
     vertex  1.747439e+00 -9.464622e-02  6.000000e+00
     vertex  1.749341e+00 -4.800958e-02  0.000000e+00
     vertex  1.747366e+00 -9.598303e-02  0.000000e+00
   endloop
 endfacet
 facet normal -9.977135e-01  6.758588e-02 -2.932996e-06
   outer loop
     vertex  1.747439e+00 -9.464622e-02  6.000000e+00
     vertex  1.747366e+00 -9.598303e-02  0.000000e+00
     vertex  1.744239e+00 -1.418827e-01  6.000000e+00
   endloop
 endfacet
 facet normal -9.999059e-01  1.371831e-02  1.509170e-06
   outer loop
     vertex  1.749360e+00 -4.734043e-02  6.000000e+00
     vertex  1.750000e+00 -4.286264e-16  0.000000e+00
     vertex  1.749341e+00 -4.800958e-02  0.000000e+00
   endloop
 endfacet
 facet normal -9.991766e-01  4.057133e-02 -1.487834e-06
   outer loop
     vertex  1.749360e+00 -4.734043e-02  6.000000e+00
     vertex  1.749341e+00 -4.800958e-02  0.000000e+00
     vertex  1.747439e+00 -9.464622e-02  6.000000e+00
   endloop
 endfacet
 facet normal -9.999085e-01  1.352708e-02  0.000000e+00
   outer loop
     vertex  1.750000e+00 -4.286264e-16  6.000000e+00
     vertex  1.750000e+00 -4.286264e-16  0.000000e+00
     vertex  1.749360e+00 -4.734043e-02  6.000000e+00
   endloop
 endfacet
 facet normal  0.000000e+00  0.000000e+00  1.000000e+00
   outer loop
     vertex  1.500000e+00  1.500000e+00  6.000000e+00
     vertex  1.474983e+00  9.417672e-01  6.000000e+00
     vertex  1.500000e+00  9.013878e-01  6.000000e+00
   endloop
 endfacet
 facet normal  0.000000e+00  0.000000e+00  1.000000e+00
   outer loop
     vertex  1.500000e+00  1.500000e+00  6.000000e+00
     vertex  1.448879e+00  9.814527e-01  6.000000e+00
     vertex  1.474983e+00  9.417672e-01  6.000000e+00
   endloop
 endfacet
 facet normal  0.000000e+00  0.000000e+00  1.000000e+00
   outer loop
     vertex  1.500000e+00  1.500000e+00  6.000000e+00
     vertex  1.421708e+00  1.020415e+00  6.000000e+00
     vertex  1.448879e+00  9.814527e-01  6.000000e+00
   endloop
 endfacet
 facet normal  0.000000e+00  0.000000e+00  1.000000e+00
   outer loop
     vertex  1.500000e+00  1.500000e+00  6.000000e+00
     vertex  1.393489e+00  1.058626e+00  6.000000e+00
     vertex  1.421708e+00  1.020415e+00  6.000000e+00
   endloop
 endfacet
 facet normal  0.000000e+00  0.000000e+00  1.000000e+00
   outer loop
     vertex  1.500000e+00  1.500000e+00  6.000000e+00
     vertex  1.364244e+00  1.096056e+00  6.000000e+00
     vertex  1.393489e+00  1.058626e+00  6.000000e+00
   endloop
 endfacet
 facet normal  0.000000e+00  0.000000e+00  1.000000e+00
   outer loop
     vertex  1.500000e+00  1.500000e+00  6.000000e+00
     vertex  1.333993e+00  1.132680e+00  6.000000e+00
     vertex  1.364244e+00  1.096056e+00  6.000000e+00
   endloop
 endfacet
 facet normal  0.000000e+00  0.000000e+00  1.000000e+00
   outer loop
     vertex  1.500000e+00  1.500000e+00  6.000000e+00
     vertex  1.302760e+00  1.168468e+00  6.000000e+00
     vertex  1.333993e+00  1.132680e+00  6.000000e+00
   endloop
 endfacet
 facet normal  0.000000e+00  0.000000e+00  1.000000e+00
   outer loop
     vertex  1.500000e+00  1.500000e+00  6.000000e+00
     vertex  1.270566e+00  1.203396e+00  6.000000e+00
     vertex  1.302760e+00  1.168468e+00  6.000000e+00
   endloop
 endfacet
 facet normal  0.000000e+00  0.000000e+00  1.000000e+00
   outer loop
     vertex  1.500000e+00  1.500000e+00  6.000000e+00
     vertex  1.237437e+00  1.237437e+00  6.000000e+00
     vertex  1.270566e+00  1.203396e+00  6.000000e+00
   endloop
 endfacet
 facet normal  0.000000e+00  0.000000e+00  1.000000e+00
   outer loop
     vertex  1.500000e+00  1.500000e+00  6.000000e+00
     vertex  1.203396e+00  1.270566e+00  6.000000e+00
     vertex  1.237437e+00  1.237437e+00  6.000000e+00
   endloop
 endfacet
 facet normal  0.000000e+00  0.000000e+00  1.000000e+00
   outer loop
     vertex  1.500000e+00  1.500000e+00  6.000000e+00
     vertex  1.168468e+00  1.302760e+00  6.000000e+00
     vertex  1.203396e+00  1.270566e+00  6.000000e+00
   endloop
 endfacet
 facet normal  0.000000e+00  0.000000e+00  1.000000e+00
   outer loop
     vertex  1.500000e+00  1.500000e+00  6.000000e+00
     vertex  1.132680e+00  1.333993e+00  6.000000e+00
     vertex  1.168468e+00  1.302760e+00  6.000000e+00
   endloop
 endfacet
 facet normal  0.000000e+00  0.000000e+00  1.000000e+00
   outer loop
     vertex  1.500000e+00  1.500000e+00  6.000000e+00
     vertex  1.096056e+00  1.364244e+00  6.000000e+00
     vertex  1.132680e+00  1.333993e+00  6.000000e+00
   endloop
 endfacet
 facet normal  0.000000e+00  0.000000e+00  1.000000e+00
   outer loop
     vertex  1.500000e+00  1.500000e+00  6.000000e+00
     vertex  1.058626e+00  1.393489e+00  6.000000e+00
     vertex  1.096056e+00  1.364244e+00  6.000000e+00
   endloop
 endfacet
 facet normal  0.000000e+00  0.000000e+00  1.000000e+00
   outer loop
     vertex  1.500000e+00  1.500000e+00  6.000000e+00
     vertex  1.020415e+00  1.421708e+00  6.000000e+00
     vertex  1.058626e+00  1.393489e+00  6.000000e+00
   endloop
 endfacet
 facet normal  0.000000e+00  0.000000e+00  1.000000e+00
   outer loop
     vertex  1.500000e+00  1.500000e+00  6.000000e+00
     vertex  9.013878e-01  1.500000e+00  6.000000e+00
     vertex  9.417672e-01  1.474983e+00  6.000000e+00
   endloop
 endfacet
 facet normal  0.000000e+00  0.000000e+00  1.000000e+00
   outer loop
     vertex  1.500000e+00  1.500000e+00  6.000000e+00
     vertex  9.417672e-01  1.474983e+00  6.000000e+00
     vertex  9.814527e-01  1.448879e+00  6.000000e+00
   endloop
 endfacet
 facet normal  0.000000e+00  0.000000e+00  1.000000e+00
   outer loop
     vertex  1.500000e+00  1.500000e+00  6.000000e+00
     vertex  9.814527e-01  1.448879e+00  6.000000e+00
     vertex  1.020415e+00  1.421708e+00  6.000000e+00
   endloop
 endfacet
 facet normal  0.000000e+00  0.000000e+00  1.000000e+00
   outer loop
     vertex -1.500000e+00  1.500000e+00  6.000000e+00
     vertex -1.270566e+00  1.203396e+00  6.000000e+00
     vertex -1.237437e+00  1.237437e+00  6.000000e+00
   endloop
 endfacet
 facet normal  0.000000e+00  0.000000e+00  1.000000e+00
   outer loop
     vertex -1.500000e+00  1.500000e+00  6.000000e+00
     vertex -1.302760e+00  1.168468e+00  6.000000e+00
     vertex -1.270566e+00  1.203396e+00  6.000000e+00
   endloop
 endfacet
 facet normal  0.000000e+00  0.000000e+00  1.000000e+00
   outer loop
     vertex -1.500000e+00  1.500000e+00  6.000000e+00
     vertex -1.333993e+00  1.132680e+00  6.000000e+00
     vertex -1.302760e+00  1.168468e+00  6.000000e+00
   endloop
 endfacet
 facet normal  0.000000e+00  0.000000e+00  1.000000e+00
   outer loop
     vertex -1.500000e+00  1.500000e+00  6.000000e+00
     vertex -1.364244e+00  1.096056e+00  6.000000e+00
     vertex -1.333993e+00  1.132680e+00  6.000000e+00
   endloop
 endfacet
 facet normal  0.000000e+00  0.000000e+00  1.000000e+00
   outer loop
     vertex -1.500000e+00  1.500000e+00  6.000000e+00
     vertex -1.393489e+00  1.058626e+00  6.000000e+00
     vertex -1.364244e+00  1.096056e+00  6.000000e+00
   endloop
 endfacet
 facet normal  0.000000e+00  0.000000e+00  1.000000e+00
   outer loop
     vertex -1.500000e+00  1.500000e+00  6.000000e+00
     vertex -1.421708e+00  1.020415e+00  6.000000e+00
     vertex -1.393489e+00  1.058626e+00  6.000000e+00
   endloop
 endfacet
 facet normal  0.000000e+00  0.000000e+00  1.000000e+00
   outer loop
     vertex -1.500000e+00  1.500000e+00  6.000000e+00
     vertex -1.448879e+00  9.814527e-01  6.000000e+00
     vertex -1.421708e+00  1.020415e+00  6.000000e+00
   endloop
 endfacet
 facet normal  0.000000e+00  0.000000e+00  1.000000e+00
   outer loop
     vertex -1.500000e+00  1.500000e+00  6.000000e+00
     vertex -1.474983e+00  9.417672e-01  6.000000e+00
     vertex -1.448879e+00  9.814527e-01  6.000000e+00
   endloop
 endfacet
 facet normal  0.000000e+00  0.000000e+00  1.000000e+00
   outer loop
     vertex -1.500000e+00  1.500000e+00  6.000000e+00
     vertex -1.500000e+00  9.013878e-01  6.000000e+00
     vertex -1.474983e+00  9.417672e-01  6.000000e+00
   endloop
 endfacet
 facet normal  0.000000e+00  0.000000e+00  1.000000e+00
   outer loop
     vertex -1.203396e+00  1.270566e+00  6.000000e+00
     vertex -1.500000e+00  1.500000e+00  6.000000e+00
     vertex -1.237437e+00  1.237437e+00  6.000000e+00
   endloop
 endfacet
 facet normal  0.000000e+00  0.000000e+00  1.000000e+00
   outer loop
     vertex -1.168468e+00  1.302760e+00  6.000000e+00
     vertex -1.500000e+00  1.500000e+00  6.000000e+00
     vertex -1.203396e+00  1.270566e+00  6.000000e+00
   endloop
 endfacet
 facet normal  0.000000e+00  0.000000e+00  1.000000e+00
   outer loop
     vertex -1.132680e+00  1.333993e+00  6.000000e+00
     vertex -1.500000e+00  1.500000e+00  6.000000e+00
     vertex -1.168468e+00  1.302760e+00  6.000000e+00
   endloop
 endfacet
 facet normal  0.000000e+00  0.000000e+00  1.000000e+00
   outer loop
     vertex -1.096056e+00  1.364244e+00  6.000000e+00
     vertex -1.500000e+00  1.500000e+00  6.000000e+00
     vertex -1.132680e+00  1.333993e+00  6.000000e+00
   endloop
 endfacet
 facet normal  0.000000e+00  0.000000e+00  1.000000e+00
   outer loop
     vertex -1.058626e+00  1.393489e+00  6.000000e+00
     vertex -1.500000e+00  1.500000e+00  6.000000e+00
     vertex -1.096056e+00  1.364244e+00  6.000000e+00
   endloop
 endfacet
 facet normal  0.000000e+00  0.000000e+00  1.000000e+00
   outer loop
     vertex -1.020415e+00  1.421708e+00  6.000000e+00
     vertex -1.500000e+00  1.500000e+00  6.000000e+00
     vertex -1.058626e+00  1.393489e+00  6.000000e+00
   endloop
 endfacet
 facet normal  0.000000e+00  0.000000e+00  1.000000e+00
   outer loop
     vertex -9.013878e-01  1.500000e+00  6.000000e+00
     vertex -1.500000e+00  1.500000e+00  6.000000e+00
     vertex -9.417672e-01  1.474983e+00  6.000000e+00
   endloop
 endfacet
 facet normal  0.000000e+00  0.000000e+00  1.000000e+00
   outer loop
     vertex -9.417672e-01  1.474983e+00  6.000000e+00
     vertex -1.500000e+00  1.500000e+00  6.000000e+00
     vertex -9.814527e-01  1.448879e+00  6.000000e+00
   endloop
 endfacet
 facet normal  0.000000e+00  0.000000e+00  1.000000e+00
   outer loop
     vertex -9.814527e-01  1.448879e+00  6.000000e+00
     vertex -1.500000e+00  1.500000e+00  6.000000e+00
     vertex -1.020415e+00  1.421708e+00  6.000000e+00
   endloop
 endfacet
 facet normal  0.000000e+00  0.000000e+00  1.000000e+00
   outer loop
     vertex -1.203396e+00 -1.270566e+00  6.000000e+00
     vertex -1.237437e+00 -1.237437e+00  6.000000e+00
     vertex -1.500000e+00 -1.500000e+00  6.000000e+00
   endloop
 endfacet
 facet normal  0.000000e+00  0.000000e+00  1.000000e+00
   outer loop
     vertex -1.270566e+00 -1.203396e+00  6.000000e+00
     vertex -1.500000e+00 -1.500000e+00  6.000000e+00
     vertex -1.237437e+00 -1.237437e+00  6.000000e+00
   endloop
 endfacet
 facet normal  0.000000e+00  0.000000e+00  1.000000e+00
   outer loop
     vertex -1.168468e+00 -1.302760e+00  6.000000e+00
     vertex -1.203396e+00 -1.270566e+00  6.000000e+00
     vertex -1.500000e+00 -1.500000e+00  6.000000e+00
   endloop
 endfacet
 facet normal  0.000000e+00  0.000000e+00  1.000000e+00
   outer loop
     vertex -1.302760e+00 -1.168468e+00  6.000000e+00
     vertex -1.500000e+00 -1.500000e+00  6.000000e+00
     vertex -1.270566e+00 -1.203396e+00  6.000000e+00
   endloop
 endfacet
 facet normal  0.000000e+00  0.000000e+00  1.000000e+00
   outer loop
     vertex -1.132680e+00 -1.333993e+00  6.000000e+00
     vertex -1.168468e+00 -1.302760e+00  6.000000e+00
     vertex -1.500000e+00 -1.500000e+00  6.000000e+00
   endloop
 endfacet
 facet normal  0.000000e+00  0.000000e+00  1.000000e+00
   outer loop
     vertex -1.333993e+00 -1.132680e+00  6.000000e+00
     vertex -1.500000e+00 -1.500000e+00  6.000000e+00
     vertex -1.302760e+00 -1.168468e+00  6.000000e+00
   endloop
 endfacet
 facet normal  0.000000e+00  0.000000e+00  1.000000e+00
   outer loop
     vertex -1.096056e+00 -1.364244e+00  6.000000e+00
     vertex -1.132680e+00 -1.333993e+00  6.000000e+00
     vertex -1.500000e+00 -1.500000e+00  6.000000e+00
   endloop
 endfacet
 facet normal  0.000000e+00  0.000000e+00  1.000000e+00
   outer loop
     vertex -1.364244e+00 -1.096056e+00  6.000000e+00
     vertex -1.500000e+00 -1.500000e+00  6.000000e+00
     vertex -1.333993e+00 -1.132680e+00  6.000000e+00
   endloop
 endfacet
 facet normal  0.000000e+00  0.000000e+00  1.000000e+00
   outer loop
     vertex -1.058626e+00 -1.393489e+00  6.000000e+00
     vertex -1.096056e+00 -1.364244e+00  6.000000e+00
     vertex -1.500000e+00 -1.500000e+00  6.000000e+00
   endloop
 endfacet
 facet normal  0.000000e+00  0.000000e+00  1.000000e+00
   outer loop
     vertex -1.393489e+00 -1.058626e+00  6.000000e+00
     vertex -1.500000e+00 -1.500000e+00  6.000000e+00
     vertex -1.364244e+00 -1.096056e+00  6.000000e+00
   endloop
 endfacet
 facet normal  0.000000e+00  0.000000e+00  1.000000e+00
   outer loop
     vertex -1.020415e+00 -1.421708e+00  6.000000e+00
     vertex -1.058626e+00 -1.393489e+00  6.000000e+00
     vertex -1.500000e+00 -1.500000e+00  6.000000e+00
   endloop
 endfacet
 facet normal  0.000000e+00  0.000000e+00  1.000000e+00
   outer loop
     vertex -1.421708e+00 -1.020415e+00  6.000000e+00
     vertex -1.500000e+00 -1.500000e+00  6.000000e+00
     vertex -1.393489e+00 -1.058626e+00  6.000000e+00
   endloop
 endfacet
 facet normal  0.000000e+00  0.000000e+00  1.000000e+00
   outer loop
     vertex -9.814527e-01 -1.448879e+00  6.000000e+00
     vertex -1.020415e+00 -1.421708e+00  6.000000e+00
     vertex -1.500000e+00 -1.500000e+00  6.000000e+00
   endloop
 endfacet
 facet normal  0.000000e+00  0.000000e+00  1.000000e+00
   outer loop
     vertex -1.448879e+00 -9.814527e-01  6.000000e+00
     vertex -1.500000e+00 -1.500000e+00  6.000000e+00
     vertex -1.421708e+00 -1.020415e+00  6.000000e+00
   endloop
 endfacet
 facet normal  0.000000e+00  0.000000e+00  1.000000e+00
   outer loop
     vertex -9.417672e-01 -1.474983e+00  6.000000e+00
     vertex -9.814527e-01 -1.448879e+00  6.000000e+00
     vertex -1.500000e+00 -1.500000e+00  6.000000e+00
   endloop
 endfacet
 facet normal  0.000000e+00  0.000000e+00  1.000000e+00
   outer loop
     vertex -1.474983e+00 -9.417672e-01  6.000000e+00
     vertex -1.500000e+00 -1.500000e+00  6.000000e+00
     vertex -1.448879e+00 -9.814527e-01  6.000000e+00
   endloop
 endfacet
 facet normal  0.000000e+00  0.000000e+00  1.000000e+00
   outer loop
     vertex -9.013878e-01 -1.500000e+00  6.000000e+00
     vertex -9.417672e-01 -1.474983e+00  6.000000e+00
     vertex -1.500000e+00 -1.500000e+00  6.000000e+00
   endloop
 endfacet
 facet normal  0.000000e+00  0.000000e+00  1.000000e+00
   outer loop
     vertex -1.500000e+00 -9.013878e-01  6.000000e+00
     vertex -1.500000e+00 -1.500000e+00  6.000000e+00
     vertex -1.474983e+00 -9.417672e-01  6.000000e+00
   endloop
 endfacet
 facet normal  0.000000e+00  0.000000e+00  1.000000e+00
   outer loop
     vertex  1.500000e+00 -1.500000e+00  6.000000e+00
     vertex  9.417672e-01 -1.474983e+00  6.000000e+00
     vertex  9.013878e-01 -1.500000e+00  6.000000e+00
   endloop
 endfacet
 facet normal  0.000000e+00  0.000000e+00  1.000000e+00
   outer loop
     vertex  1.500000e+00 -1.500000e+00  6.000000e+00
     vertex  9.814527e-01 -1.448879e+00  6.000000e+00
     vertex  9.417672e-01 -1.474983e+00  6.000000e+00
   endloop
 endfacet
 facet normal  0.000000e+00  0.000000e+00  1.000000e+00
   outer loop
     vertex  1.500000e+00 -1.500000e+00  6.000000e+00
     vertex  1.020415e+00 -1.421708e+00  6.000000e+00
     vertex  9.814527e-01 -1.448879e+00  6.000000e+00
   endloop
 endfacet
 facet normal  0.000000e+00  0.000000e+00  1.000000e+00
   outer loop
     vertex  1.500000e+00 -1.500000e+00  6.000000e+00
     vertex  1.058626e+00 -1.393489e+00  6.000000e+00
     vertex  1.020415e+00 -1.421708e+00  6.000000e+00
   endloop
 endfacet
 facet normal  0.000000e+00  0.000000e+00  1.000000e+00
   outer loop
     vertex  1.500000e+00 -1.500000e+00  6.000000e+00
     vertex  1.096056e+00 -1.364244e+00  6.000000e+00
     vertex  1.058626e+00 -1.393489e+00  6.000000e+00
   endloop
 endfacet
 facet normal  0.000000e+00  0.000000e+00  1.000000e+00
   outer loop
     vertex  1.500000e+00 -1.500000e+00  6.000000e+00
     vertex  1.132680e+00 -1.333993e+00  6.000000e+00
     vertex  1.096056e+00 -1.364244e+00  6.000000e+00
   endloop
 endfacet
 facet normal  0.000000e+00  0.000000e+00  1.000000e+00
   outer loop
     vertex  1.500000e+00 -1.500000e+00  6.000000e+00
     vertex  1.168468e+00 -1.302760e+00  6.000000e+00
     vertex  1.132680e+00 -1.333993e+00  6.000000e+00
   endloop
 endfacet
 facet normal  0.000000e+00  0.000000e+00  1.000000e+00
   outer loop
     vertex  1.500000e+00 -1.500000e+00  6.000000e+00
     vertex  1.203396e+00 -1.270566e+00  6.000000e+00
     vertex  1.168468e+00 -1.302760e+00  6.000000e+00
   endloop
 endfacet
 facet normal  0.000000e+00  0.000000e+00  1.000000e+00
   outer loop
     vertex  1.237437e+00 -1.237437e+00  6.000000e+00
     vertex  1.203396e+00 -1.270566e+00  6.000000e+00
     vertex  1.500000e+00 -1.500000e+00  6.000000e+00
   endloop
 endfacet
 facet normal  0.000000e+00  0.000000e+00  1.000000e+00
   outer loop
     vertex  1.270566e+00 -1.203396e+00  6.000000e+00
     vertex  1.237437e+00 -1.237437e+00  6.000000e+00
     vertex  1.500000e+00 -1.500000e+00  6.000000e+00
   endloop
 endfacet
 facet normal  0.000000e+00  0.000000e+00  1.000000e+00
   outer loop
     vertex  1.302760e+00 -1.168468e+00  6.000000e+00
     vertex  1.270566e+00 -1.203396e+00  6.000000e+00
     vertex  1.500000e+00 -1.500000e+00  6.000000e+00
   endloop
 endfacet
 facet normal  0.000000e+00  0.000000e+00  1.000000e+00
   outer loop
     vertex  1.333993e+00 -1.132680e+00  6.000000e+00
     vertex  1.302760e+00 -1.168468e+00  6.000000e+00
     vertex  1.500000e+00 -1.500000e+00  6.000000e+00
   endloop
 endfacet
 facet normal  0.000000e+00  0.000000e+00  1.000000e+00
   outer loop
     vertex  1.364244e+00 -1.096056e+00  6.000000e+00
     vertex  1.333993e+00 -1.132680e+00  6.000000e+00
     vertex  1.500000e+00 -1.500000e+00  6.000000e+00
   endloop
 endfacet
 facet normal  0.000000e+00  0.000000e+00  1.000000e+00
   outer loop
     vertex  1.393489e+00 -1.058626e+00  6.000000e+00
     vertex  1.364244e+00 -1.096056e+00  6.000000e+00
     vertex  1.500000e+00 -1.500000e+00  6.000000e+00
   endloop
 endfacet
 facet normal  0.000000e+00  0.000000e+00  1.000000e+00
   outer loop
     vertex  1.421708e+00 -1.020415e+00  6.000000e+00
     vertex  1.393489e+00 -1.058626e+00  6.000000e+00
     vertex  1.500000e+00 -1.500000e+00  6.000000e+00
   endloop
 endfacet
 facet normal  0.000000e+00  0.000000e+00  1.000000e+00
   outer loop
     vertex  1.448879e+00 -9.814527e-01  6.000000e+00
     vertex  1.421708e+00 -1.020415e+00  6.000000e+00
     vertex  1.500000e+00 -1.500000e+00  6.000000e+00
   endloop
 endfacet
 facet normal  0.000000e+00  0.000000e+00  1.000000e+00
   outer loop
     vertex  1.474983e+00 -9.417672e-01  6.000000e+00
     vertex  1.448879e+00 -9.814527e-01  6.000000e+00
     vertex  1.500000e+00 -1.500000e+00  6.000000e+00
   endloop
 endfacet
 facet normal  0.000000e+00  0.000000e+00  1.000000e+00
   outer loop
     vertex  1.500000e+00 -9.013878e-01  6.000000e+00
     vertex  1.474983e+00 -9.417672e-01  6.000000e+00
     vertex  1.500000e+00 -1.500000e+00  6.000000e+00
   endloop
 endfacet
 facet normal  1.000000e+00  0.000000e+00 -7.660539e-15
   outer loop
     vertex  1.500000e+00 -9.013878e-01  6.000000e+00
     vertex  1.500000e+00 -9.013878e-01  4.000000e+00
     vertex  1.500000e+00  9.013878e-01  4.000000e+00
   endloop
 endfacet
 facet normal  1.000000e+00  1.231682e-16 -7.549517e-15
   outer loop
     vertex  1.500000e+00 -9.013878e-01  6.000000e+00
     vertex  1.500000e+00  9.013878e-01  4.000000e+00
     vertex  1.500000e+00  9.013878e-01  6.000000e+00
   endloop
 endfacet
 facet normal  0.000000e+00  0.000000e+00 -1.000000e+00
   outer loop
     vertex -1.203396e+00 -1.270566e+00  4.000000e+00
     vertex -1.237437e+00 -1.237437e+00  4.000000e+00
     vertex -1.270566e+00 -1.203396e+00  4.000000e+00
   endloop
 endfacet
 facet normal  0.000000e+00  0.000000e+00 -1.000000e+00
   outer loop
     vertex -1.020415e+00 -1.421708e+00  4.000000e+00
     vertex -1.096056e+00 -1.364244e+00  4.000000e+00
     vertex -1.132680e+00 -1.333993e+00  4.000000e+00
   endloop
 endfacet
 facet normal  0.000000e+00  0.000000e+00 -1.000000e+00
   outer loop
     vertex -1.020415e+00 -1.421708e+00  4.000000e+00
     vertex -1.058626e+00 -1.393489e+00  4.000000e+00
     vertex -1.096056e+00 -1.364244e+00  4.000000e+00
   endloop
 endfacet
 facet normal  0.000000e+00  0.000000e+00 -1.000000e+00
   outer loop
     vertex -1.500000e+00 -9.013878e-01  4.000000e+00
     vertex -1.448879e+00 -9.814527e-01  4.000000e+00
     vertex -1.474983e+00 -9.417672e-01  4.000000e+00
   endloop
 endfacet
 facet normal  0.000000e+00  0.000000e+00 -1.000000e+00
   outer loop
     vertex -1.500000e+00 -9.013878e-01  4.000000e+00
     vertex -1.421708e+00 -1.020415e+00  4.000000e+00
     vertex -1.448879e+00 -9.814527e-01  4.000000e+00
   endloop
 endfacet
 facet normal  0.000000e+00  0.000000e+00 -1.000000e+00
   outer loop
     vertex -1.500000e+00 -9.013878e-01  4.000000e+00
     vertex -1.393489e+00 -1.058626e+00  4.000000e+00
     vertex -1.421708e+00 -1.020415e+00  4.000000e+00
   endloop
 endfacet
 facet normal  0.000000e+00  0.000000e+00 -1.000000e+00
   outer loop
     vertex -1.500000e+00 -9.013878e-01  4.000000e+00
     vertex -1.364244e+00 -1.096056e+00  4.000000e+00
     vertex -1.393489e+00 -1.058626e+00  4.000000e+00
   endloop
 endfacet
 facet normal  0.000000e+00  0.000000e+00 -1.000000e+00
   outer loop
     vertex -1.500000e+00 -9.013878e-01  4.000000e+00
     vertex -1.333993e+00 -1.132680e+00  4.000000e+00
     vertex -1.364244e+00 -1.096056e+00  4.000000e+00
   endloop
 endfacet
 facet normal  0.000000e+00  0.000000e+00 -1.000000e+00
   outer loop
     vertex -1.500000e+00 -9.013878e-01  4.000000e+00
     vertex -1.302760e+00 -1.168468e+00  4.000000e+00
     vertex -1.333993e+00 -1.132680e+00  4.000000e+00
   endloop
 endfacet
 facet normal  0.000000e+00  0.000000e+00 -1.000000e+00
   outer loop
     vertex -1.500000e+00 -9.013878e-01  4.000000e+00
     vertex -1.270566e+00 -1.203396e+00  4.000000e+00
     vertex -1.302760e+00 -1.168468e+00  4.000000e+00
   endloop
 endfacet
 facet normal  0.000000e+00  0.000000e+00 -1.000000e+00
   outer loop
     vertex -1.500000e+00 -9.013878e-01  4.000000e+00
     vertex -1.203396e+00 -1.270566e+00  4.000000e+00
     vertex -1.270566e+00 -1.203396e+00  4.000000e+00
   endloop
 endfacet
 facet normal  0.000000e+00  0.000000e+00 -1.000000e+00
   outer loop
     vertex -9.013878e-01 -1.500000e+00  4.000000e+00
     vertex -1.168468e+00 -1.302760e+00  4.000000e+00
     vertex -1.203396e+00 -1.270566e+00  4.000000e+00
   endloop
 endfacet
 facet normal  0.000000e+00  0.000000e+00 -1.000000e+00
   outer loop
     vertex -9.013878e-01 -1.500000e+00  4.000000e+00
     vertex -1.132680e+00 -1.333993e+00  4.000000e+00
     vertex -1.168468e+00 -1.302760e+00  4.000000e+00
   endloop
 endfacet
 facet normal  0.000000e+00  0.000000e+00 -1.000000e+00
   outer loop
     vertex -9.013878e-01 -1.500000e+00  4.000000e+00
     vertex -9.814527e-01 -1.448879e+00  4.000000e+00
     vertex -1.020415e+00 -1.421708e+00  4.000000e+00
   endloop
 endfacet
 facet normal  0.000000e+00  0.000000e+00 -1.000000e+00
   outer loop
     vertex -9.013878e-01 -1.500000e+00  4.000000e+00
     vertex -9.417672e-01 -1.474983e+00  4.000000e+00
     vertex -9.814527e-01 -1.448879e+00  4.000000e+00
   endloop
 endfacet
 facet normal  0.000000e+00  0.000000e+00 -1.000000e+00
   outer loop
     vertex -9.013878e-01 -1.500000e+00  4.000000e+00
     vertex -1.020415e+00 -1.421708e+00  4.000000e+00
     vertex -1.132680e+00 -1.333993e+00  4.000000e+00
   endloop
 endfacet
 facet normal  0.000000e+00  0.000000e+00 -1.000000e+00
   outer loop
     vertex  1.020415e+00 -1.421708e+00  4.000000e+00
     vertex  9.417672e-01 -1.474983e+00  4.000000e+00
     vertex  9.013878e-01 -1.500000e+00  4.000000e+00
   endloop
 endfacet
 facet normal  0.000000e+00  0.000000e+00 -1.000000e+00
   outer loop
     vertex  1.020415e+00 -1.421708e+00  4.000000e+00
     vertex  9.814527e-01 -1.448879e+00  4.000000e+00
     vertex  9.417672e-01 -1.474983e+00  4.000000e+00
   endloop
 endfacet
 facet normal  0.000000e+00  0.000000e+00 -1.000000e+00
   outer loop
     vertex  1.058626e+00 -1.393489e+00  4.000000e+00
     vertex  1.020415e+00 -1.421708e+00  4.000000e+00
     vertex  9.013878e-01 -1.500000e+00  4.000000e+00
   endloop
 endfacet
 facet normal  0.000000e+00  0.000000e+00 -1.000000e+00
   outer loop
     vertex -1.393489e+00  1.058626e+00  4.000000e+00
     vertex -1.448879e+00  9.814527e-01  4.000000e+00
     vertex -1.421708e+00  1.020415e+00  4.000000e+00
   endloop
 endfacet
 facet normal  0.000000e+00  0.000000e+00 -1.000000e+00
   outer loop
     vertex  1.096056e+00 -1.364244e+00  4.000000e+00
     vertex  1.058626e+00 -1.393489e+00  4.000000e+00
     vertex  9.013878e-01 -1.500000e+00  4.000000e+00
   endloop
 endfacet
 facet normal  0.000000e+00  0.000000e+00 -1.000000e+00
   outer loop
     vertex -1.364244e+00  1.096056e+00  4.000000e+00
     vertex -1.448879e+00  9.814527e-01  4.000000e+00
     vertex -1.393489e+00  1.058626e+00  4.000000e+00
   endloop
 endfacet
 facet normal  0.000000e+00  0.000000e+00 -1.000000e+00
   outer loop
     vertex -1.364244e+00  1.096056e+00  4.000000e+00
     vertex -1.474983e+00  9.417672e-01  4.000000e+00
     vertex -1.448879e+00  9.814527e-01  4.000000e+00
   endloop
 endfacet
 facet normal  0.000000e+00  0.000000e+00 -1.000000e+00
   outer loop
     vertex -1.364244e+00  1.096056e+00  4.000000e+00
     vertex -1.500000e+00  9.013878e-01  4.000000e+00
     vertex -1.474983e+00  9.417672e-01  4.000000e+00
   endloop
 endfacet
 facet normal  0.000000e+00  0.000000e+00 -1.000000e+00
   outer loop
     vertex -1.333993e+00  1.132680e+00  4.000000e+00
     vertex -1.500000e+00  9.013878e-01  4.000000e+00
     vertex -1.364244e+00  1.096056e+00  4.000000e+00
   endloop
 endfacet
 facet normal  0.000000e+00  0.000000e+00 -1.000000e+00
   outer loop
     vertex  1.203396e+00 -1.270566e+00  4.000000e+00
     vertex  1.132680e+00 -1.333993e+00  4.000000e+00
     vertex  1.096056e+00 -1.364244e+00  4.000000e+00
   endloop
 endfacet
 facet normal  0.000000e+00  0.000000e+00 -1.000000e+00
   outer loop
     vertex  1.203396e+00 -1.270566e+00  4.000000e+00
     vertex  1.168468e+00 -1.302760e+00  4.000000e+00
     vertex  1.132680e+00 -1.333993e+00  4.000000e+00
   endloop
 endfacet
 facet normal  0.000000e+00  0.000000e+00 -1.000000e+00
   outer loop
     vertex -1.270566e+00  1.203396e+00  4.000000e+00
     vertex -1.500000e+00  9.013878e-01  4.000000e+00
     vertex -1.333993e+00  1.132680e+00  4.000000e+00
   endloop
 endfacet
 facet normal  0.000000e+00  0.000000e+00 -1.000000e+00
   outer loop
     vertex -1.270566e+00  1.203396e+00  4.000000e+00
     vertex -1.333993e+00  1.132680e+00  4.000000e+00
     vertex -1.302760e+00  1.168468e+00  4.000000e+00
   endloop
 endfacet
 facet normal  0.000000e+00  0.000000e+00 -1.000000e+00
   outer loop
     vertex -1.237437e+00  1.237437e+00  4.000000e+00
     vertex -1.500000e+00  9.013878e-01  4.000000e+00
     vertex -1.270566e+00  1.203396e+00  4.000000e+00
   endloop
 endfacet
 facet normal  0.000000e+00  0.000000e+00 -1.000000e+00
   outer loop
     vertex  1.270566e+00 -1.203396e+00  4.000000e+00
     vertex  1.096056e+00 -1.364244e+00  4.000000e+00
     vertex  9.013878e-01 -1.500000e+00  4.000000e+00
   endloop
 endfacet
 facet normal  0.000000e+00  0.000000e+00 -1.000000e+00
   outer loop
     vertex  1.270566e+00 -1.203396e+00  4.000000e+00
     vertex  1.237437e+00 -1.237437e+00  4.000000e+00
     vertex  1.203396e+00 -1.270566e+00  4.000000e+00
   endloop
 endfacet
 facet normal  0.000000e+00  0.000000e+00 -1.000000e+00
   outer loop
     vertex  1.270566e+00 -1.203396e+00  4.000000e+00
     vertex  1.203396e+00 -1.270566e+00  4.000000e+00
     vertex  1.096056e+00 -1.364244e+00  4.000000e+00
   endloop
 endfacet
 facet normal  0.000000e+00  0.000000e+00 -1.000000e+00
   outer loop
     vertex -1.132680e+00  1.333993e+00  4.000000e+00
     vertex -1.203396e+00  1.270566e+00  4.000000e+00
     vertex -1.168468e+00  1.302760e+00  4.000000e+00
   endloop
 endfacet
 facet normal  0.000000e+00  0.000000e+00 -1.000000e+00
   outer loop
     vertex -1.132680e+00  1.333993e+00  4.000000e+00
     vertex -1.237437e+00  1.237437e+00  4.000000e+00
     vertex -1.203396e+00  1.270566e+00  4.000000e+00
   endloop
 endfacet
 facet normal  0.000000e+00  0.000000e+00 -1.000000e+00
   outer loop
     vertex  1.333993e+00 -1.132680e+00  4.000000e+00
     vertex  1.302760e+00 -1.168468e+00  4.000000e+00
     vertex  1.270566e+00 -1.203396e+00  4.000000e+00
   endloop
 endfacet
 facet normal  0.000000e+00  0.000000e+00 -1.000000e+00
   outer loop
     vertex -1.096056e+00  1.364244e+00  4.000000e+00
     vertex -1.237437e+00  1.237437e+00  4.000000e+00
     vertex -1.132680e+00  1.333993e+00  4.000000e+00
   endloop
 endfacet
 facet normal  0.000000e+00  0.000000e+00 -1.000000e+00
   outer loop
     vertex  1.364244e+00 -1.096056e+00  4.000000e+00
     vertex  1.270566e+00 -1.203396e+00  4.000000e+00
     vertex  9.013878e-01 -1.500000e+00  4.000000e+00
   endloop
 endfacet
 facet normal  0.000000e+00  0.000000e+00 -1.000000e+00
   outer loop
     vertex  1.364244e+00 -1.096056e+00  4.000000e+00
     vertex  1.333993e+00 -1.132680e+00  4.000000e+00
     vertex  1.270566e+00 -1.203396e+00  4.000000e+00
   endloop
 endfacet
 facet normal  0.000000e+00  0.000000e+00 -1.000000e+00
   outer loop
     vertex  1.421708e+00 -1.020415e+00  4.000000e+00
     vertex  1.393489e+00 -1.058626e+00  4.000000e+00
     vertex  1.364244e+00 -1.096056e+00  4.000000e+00
   endloop
 endfacet
 facet normal  0.000000e+00  0.000000e+00 -1.000000e+00
   outer loop
     vertex  1.421708e+00 -1.020415e+00  4.000000e+00
     vertex  1.364244e+00 -1.096056e+00  4.000000e+00
     vertex  9.013878e-01 -1.500000e+00  4.000000e+00
   endloop
 endfacet
 facet normal  0.000000e+00  0.000000e+00 -1.000000e+00
   outer loop
     vertex  1.448879e+00 -9.814527e-01  4.000000e+00
     vertex  1.421708e+00 -1.020415e+00  4.000000e+00
     vertex  9.013878e-01 -1.500000e+00  4.000000e+00
   endloop
 endfacet
 facet normal  0.000000e+00  0.000000e+00 -1.000000e+00
   outer loop
     vertex -9.417672e-01  1.474983e+00  4.000000e+00
     vertex -1.020415e+00  1.421708e+00  4.000000e+00
     vertex -9.814527e-01  1.448879e+00  4.000000e+00
   endloop
 endfacet
 facet normal  0.000000e+00  0.000000e+00 -1.000000e+00
   outer loop
     vertex -9.013878e-01  1.500000e+00  4.000000e+00
     vertex -1.500000e+00 -9.013878e-01  4.000000e+00
     vertex -1.500000e+00  9.013878e-01  4.000000e+00
   endloop
 endfacet
 facet normal  0.000000e+00  0.000000e+00 -1.000000e+00
   outer loop
     vertex -9.013878e-01  1.500000e+00  4.000000e+00
     vertex -1.500000e+00  9.013878e-01  4.000000e+00
     vertex -1.237437e+00  1.237437e+00  4.000000e+00
   endloop
 endfacet
 facet normal  0.000000e+00  0.000000e+00 -1.000000e+00
   outer loop
     vertex -9.013878e-01  1.500000e+00  4.000000e+00
     vertex -1.237437e+00  1.237437e+00  4.000000e+00
     vertex -1.096056e+00  1.364244e+00  4.000000e+00
   endloop
 endfacet
 facet normal  0.000000e+00  0.000000e+00 -1.000000e+00
   outer loop
     vertex -9.013878e-01  1.500000e+00  4.000000e+00
     vertex -1.058626e+00  1.393489e+00  4.000000e+00
     vertex -1.020415e+00  1.421708e+00  4.000000e+00
   endloop
 endfacet
 facet normal  0.000000e+00  0.000000e+00 -1.000000e+00
   outer loop
     vertex -9.013878e-01  1.500000e+00  4.000000e+00
     vertex -1.096056e+00  1.364244e+00  4.000000e+00
     vertex -1.058626e+00  1.393489e+00  4.000000e+00
   endloop
 endfacet
 facet normal  0.000000e+00  0.000000e+00 -1.000000e+00
   outer loop
     vertex -9.013878e-01  1.500000e+00  4.000000e+00
     vertex -1.020415e+00  1.421708e+00  4.000000e+00
     vertex -9.417672e-01  1.474983e+00  4.000000e+00
   endloop
 endfacet
 facet normal  0.000000e+00  0.000000e+00 -1.000000e+00
   outer loop
     vertex -9.013878e-01  1.500000e+00  4.000000e+00
     vertex -1.203396e+00 -1.270566e+00  4.000000e+00
     vertex -1.500000e+00 -9.013878e-01  4.000000e+00
   endloop
 endfacet
 facet normal  0.000000e+00  0.000000e+00 -1.000000e+00
   outer loop
     vertex  1.500000e+00 -9.013878e-01  4.000000e+00
     vertex  1.474983e+00 -9.417672e-01  4.000000e+00
     vertex  1.448879e+00 -9.814527e-01  4.000000e+00
   endloop
 endfacet
 facet normal  0.000000e+00  0.000000e+00 -1.000000e+00
   outer loop
     vertex  1.500000e+00 -9.013878e-01  4.000000e+00
     vertex  1.448879e+00 -9.814527e-01  4.000000e+00
     vertex  9.013878e-01 -1.500000e+00  4.000000e+00
   endloop
 endfacet
 facet normal  0.000000e+00  0.000000e+00 -1.000000e+00
   outer loop
     vertex  9.814527e-01  1.448879e+00  4.000000e+00
     vertex  9.013878e-01  1.500000e+00  4.000000e+00
     vertex  9.417672e-01  1.474983e+00  4.000000e+00
   endloop
 endfacet
 facet normal  0.000000e+00  0.000000e+00 -1.000000e+00
   outer loop
     vertex  9.814527e-01  1.448879e+00  4.000000e+00
     vertex -9.013878e-01  1.500000e+00  4.000000e+00
     vertex  9.013878e-01  1.500000e+00  4.000000e+00
   endloop
 endfacet
 facet normal  0.000000e+00  0.000000e+00 -1.000000e+00
   outer loop
     vertex  1.421708e+00  1.020415e+00  4.000000e+00
     vertex  1.500000e+00  9.013878e-01  4.000000e+00
     vertex  1.500000e+00 -9.013878e-01  4.000000e+00
   endloop
 endfacet
 facet normal  0.000000e+00  0.000000e+00 -1.000000e+00
   outer loop
     vertex  1.421708e+00  1.020415e+00  4.000000e+00
     vertex  1.474983e+00  9.417672e-01  4.000000e+00
     vertex  1.500000e+00  9.013878e-01  4.000000e+00
   endloop
 endfacet
 facet normal  0.000000e+00  0.000000e+00 -1.000000e+00
   outer loop
     vertex  1.421708e+00  1.020415e+00  4.000000e+00
     vertex  1.448879e+00  9.814527e-01  4.000000e+00
     vertex  1.474983e+00  9.417672e-01  4.000000e+00
   endloop
 endfacet
 facet normal  0.000000e+00  0.000000e+00 -1.000000e+00
   outer loop
     vertex  1.096056e+00  1.364244e+00  4.000000e+00
     vertex  1.020415e+00  1.421708e+00  4.000000e+00
     vertex  1.058626e+00  1.393489e+00  4.000000e+00
   endloop
 endfacet
 facet normal  0.000000e+00  0.000000e+00 -1.000000e+00
   outer loop
     vertex  1.096056e+00  1.364244e+00  4.000000e+00
     vertex  9.814527e-01  1.448879e+00  4.000000e+00
     vertex  1.020415e+00  1.421708e+00  4.000000e+00
   endloop
 endfacet
 facet normal  0.000000e+00  0.000000e+00 -1.000000e+00
   outer loop
     vertex  1.333993e+00  1.132680e+00  4.000000e+00
     vertex  1.393489e+00  1.058626e+00  4.000000e+00
     vertex  1.421708e+00  1.020415e+00  4.000000e+00
   endloop
 endfacet
 facet normal  0.000000e+00  0.000000e+00 -1.000000e+00
   outer loop
     vertex  1.333993e+00  1.132680e+00  4.000000e+00
     vertex  1.364244e+00  1.096056e+00  4.000000e+00
     vertex  1.393489e+00  1.058626e+00  4.000000e+00
   endloop
 endfacet
 facet normal  0.000000e+00  0.000000e+00 -1.000000e+00
   outer loop
     vertex  1.203396e+00  1.270566e+00  4.000000e+00
     vertex  9.814527e-01  1.448879e+00  4.000000e+00
     vertex  1.096056e+00  1.364244e+00  4.000000e+00
   endloop
 endfacet
 facet normal  0.000000e+00  0.000000e+00 -1.000000e+00
   outer loop
     vertex  1.203396e+00  1.270566e+00  4.000000e+00
     vertex  1.132680e+00  1.333993e+00  4.000000e+00
     vertex  1.168468e+00  1.302760e+00  4.000000e+00
   endloop
 endfacet
 facet normal  0.000000e+00  0.000000e+00 -1.000000e+00
   outer loop
     vertex  1.203396e+00  1.270566e+00  4.000000e+00
     vertex  1.096056e+00  1.364244e+00  4.000000e+00
     vertex  1.132680e+00  1.333993e+00  4.000000e+00
   endloop
 endfacet
 facet normal  0.000000e+00  0.000000e+00 -1.000000e+00
   outer loop
     vertex  1.270566e+00  1.203396e+00  4.000000e+00
     vertex  1.302760e+00  1.168468e+00  4.000000e+00
     vertex  1.333993e+00  1.132680e+00  4.000000e+00
   endloop
 endfacet
 facet normal  0.000000e+00  0.000000e+00 -1.000000e+00
   outer loop
     vertex  1.237437e+00  1.237437e+00  4.000000e+00
     vertex -9.013878e-01  1.500000e+00  4.000000e+00
     vertex  9.814527e-01  1.448879e+00  4.000000e+00
   endloop
 endfacet
 facet normal  0.000000e+00  0.000000e+00 -1.000000e+00
   outer loop
     vertex  1.237437e+00  1.237437e+00  4.000000e+00
     vertex  1.421708e+00  1.020415e+00  4.000000e+00
     vertex  1.500000e+00 -9.013878e-01  4.000000e+00
   endloop
 endfacet
 facet normal  0.000000e+00  0.000000e+00 -1.000000e+00
   outer loop
     vertex  1.237437e+00  1.237437e+00  4.000000e+00
     vertex -9.013878e-01 -1.500000e+00  4.000000e+00
     vertex -1.203396e+00 -1.270566e+00  4.000000e+00
   endloop
 endfacet
 facet normal  0.000000e+00  0.000000e+00 -1.000000e+00
   outer loop
     vertex  1.237437e+00  1.237437e+00  4.000000e+00
     vertex  9.814527e-01  1.448879e+00  4.000000e+00
     vertex  1.203396e+00  1.270566e+00  4.000000e+00
   endloop
 endfacet
 facet normal  0.000000e+00  0.000000e+00 -1.000000e+00
   outer loop
     vertex  1.237437e+00  1.237437e+00  4.000000e+00
     vertex  1.333993e+00  1.132680e+00  4.000000e+00
     vertex  1.421708e+00  1.020415e+00  4.000000e+00
   endloop
 endfacet
 facet normal  0.000000e+00  0.000000e+00 -1.000000e+00
   outer loop
     vertex  1.237437e+00  1.237437e+00  4.000000e+00
     vertex  9.013878e-01 -1.500000e+00  4.000000e+00
     vertex -9.013878e-01 -1.500000e+00  4.000000e+00
   endloop
 endfacet
 facet normal  0.000000e+00  0.000000e+00 -1.000000e+00
   outer loop
     vertex  1.237437e+00  1.237437e+00  4.000000e+00
     vertex  1.270566e+00  1.203396e+00  4.000000e+00
     vertex  1.333993e+00  1.132680e+00  4.000000e+00
   endloop
 endfacet
 facet normal -0.000000e+00  0.000000e+00 -1.000000e+00
   outer loop
     vertex  1.237437e+00  1.237437e+00  4.000000e+00
     vertex -1.203396e+00 -1.270566e+00  4.000000e+00
     vertex -9.013878e-01  1.500000e+00  4.000000e+00
   endloop
 endfacet
 facet normal  0.000000e+00 -0.000000e+00 -1.000000e+00
   outer loop
     vertex  1.237437e+00  1.237437e+00  4.000000e+00
     vertex  1.500000e+00 -9.013878e-01  4.000000e+00
     vertex  9.013878e-01 -1.500000e+00  4.000000e+00
   endloop
 endfacet
 facet normal  0.000000e+00  1.000000e+00  1.554312e-15
   outer loop
     vertex  9.013878e-01  1.500000e+00  6.000000e+00
     vertex  9.013878e-01  1.500000e+00  4.000000e+00
     vertex -9.013878e-01  1.500000e+00  4.000000e+00
   endloop
 endfacet
 facet normal -8.621773e-16  1.000000e+00  2.331468e-15
   outer loop
     vertex  9.013878e-01  1.500000e+00  6.000000e+00
     vertex -9.013878e-01  1.500000e+00  4.000000e+00
     vertex -9.013878e-01  1.500000e+00  6.000000e+00
   endloop
 endfacet
 facet normal -1.000000e+00  0.000000e+00 -8.437695e-15
   outer loop
     vertex -1.500000e+00  9.013878e-01  6.000000e+00
     vertex -1.500000e+00  9.013878e-01  4.000000e+00
     vertex -1.500000e+00 -9.013878e-01  4.000000e+00
   endloop
 endfacet
 facet normal -1.000000e+00 -1.231682e-16 -8.326673e-15
   outer loop
     vertex -1.500000e+00 -9.013878e-01  6.000000e+00
     vertex -1.500000e+00  9.013878e-01  6.000000e+00
     vertex -1.500000e+00 -9.013878e-01  4.000000e+00
   endloop
 endfacet
 facet normal  0.000000e+00 -1.000000e+00  1.554312e-15
   outer loop
     vertex  9.013878e-01 -1.500000e+00  6.000000e+00
     vertex -9.013878e-01 -1.500000e+00  4.000000e+00
     vertex  9.013878e-01 -1.500000e+00  4.000000e+00
   endloop
 endfacet
 facet normal -8.621773e-16 -1.000000e+00  2.331468e-15
   outer loop
     vertex  9.013878e-01 -1.500000e+00  6.000000e+00
     vertex -9.013878e-01 -1.500000e+00  6.000000e+00
     vertex -9.013878e-01 -1.500000e+00  4.000000e+00
   endloop
 endfacet
 facet normal  0.000000e+00  0.000000e+00  1.000000e+00
   outer loop
     vertex -1.020415e+00 -1.421708e+00  6.000000e+00
     vertex -1.096056e+00 -1.364244e+00  6.000000e+00
     vertex -1.058626e+00 -1.393489e+00  6.000000e+00
   endloop
 endfacet
 facet normal  0.000000e+00  0.000000e+00  1.000000e+00
   outer loop
     vertex -9.417672e-01 -1.474983e+00  6.000000e+00
     vertex -1.270566e+00 -1.203396e+00  6.000000e+00
     vertex -1.237437e+00 -1.237437e+00  6.000000e+00
   endloop
 endfacet
 facet normal  0.000000e+00  0.000000e+00  1.000000e+00
   outer loop
     vertex -9.417672e-01 -1.474983e+00  6.000000e+00
     vertex -1.237437e+00 -1.237437e+00  6.000000e+00
     vertex -1.203396e+00 -1.270566e+00  6.000000e+00
   endloop
 endfacet
 facet normal  0.000000e+00  0.000000e+00  1.000000e+00
   outer loop
     vertex -9.417672e-01 -1.474983e+00  6.000000e+00
     vertex -1.203396e+00 -1.270566e+00  6.000000e+00
     vertex -1.168468e+00 -1.302760e+00  6.000000e+00
   endloop
 endfacet
 facet normal  0.000000e+00  0.000000e+00  1.000000e+00
   outer loop
     vertex -9.417672e-01 -1.474983e+00  6.000000e+00
     vertex -1.168468e+00 -1.302760e+00  6.000000e+00
     vertex -1.132680e+00 -1.333993e+00  6.000000e+00
   endloop
 endfacet
 facet normal  0.000000e+00  0.000000e+00  1.000000e+00
   outer loop
     vertex -9.417672e-01 -1.474983e+00  6.000000e+00
     vertex -1.132680e+00 -1.333993e+00  6.000000e+00
     vertex -1.096056e+00 -1.364244e+00  6.000000e+00
   endloop
 endfacet
 facet normal  0.000000e+00  0.000000e+00  1.000000e+00
   outer loop
     vertex -9.417672e-01 -1.474983e+00  6.000000e+00
     vertex -1.020415e+00 -1.421708e+00  6.000000e+00
     vertex -9.814527e-01 -1.448879e+00  6.000000e+00
   endloop
 endfacet
 facet normal  0.000000e+00  0.000000e+00  1.000000e+00
   outer loop
     vertex -9.417672e-01 -1.474983e+00  6.000000e+00
     vertex -1.096056e+00 -1.364244e+00  6.000000e+00
     vertex -1.020415e+00 -1.421708e+00  6.000000e+00
   endloop
 endfacet
 facet normal  0.000000e+00  0.000000e+00  1.000000e+00
   outer loop
     vertex -1.500000e+00 -9.013878e-01  6.000000e+00
     vertex -1.474983e+00 -9.417672e-01  6.000000e+00
     vertex -1.448879e+00 -9.814527e-01  6.000000e+00
   endloop
 endfacet
 facet normal  0.000000e+00  0.000000e+00  1.000000e+00
   outer loop
     vertex -1.500000e+00 -9.013878e-01  6.000000e+00
     vertex -1.448879e+00 -9.814527e-01  6.000000e+00
     vertex -1.421708e+00 -1.020415e+00  6.000000e+00
   endloop
 endfacet
 facet normal  0.000000e+00  0.000000e+00  1.000000e+00
   outer loop
     vertex -1.500000e+00 -9.013878e-01  6.000000e+00
     vertex -1.421708e+00 -1.020415e+00  6.000000e+00
     vertex -1.393489e+00 -1.058626e+00  6.000000e+00
   endloop
 endfacet
 facet normal  0.000000e+00  0.000000e+00  1.000000e+00
   outer loop
     vertex -1.500000e+00 -9.013878e-01  6.000000e+00
     vertex -1.393489e+00 -1.058626e+00  6.000000e+00
     vertex -1.364244e+00 -1.096056e+00  6.000000e+00
   endloop
 endfacet
 facet normal  0.000000e+00  0.000000e+00  1.000000e+00
   outer loop
     vertex -1.500000e+00 -9.013878e-01  6.000000e+00
     vertex -1.364244e+00 -1.096056e+00  6.000000e+00
     vertex -1.333993e+00 -1.132680e+00  6.000000e+00
   endloop
 endfacet
 facet normal  0.000000e+00  0.000000e+00  1.000000e+00
   outer loop
     vertex -1.500000e+00 -9.013878e-01  6.000000e+00
     vertex -1.333993e+00 -1.132680e+00  6.000000e+00
     vertex -1.302760e+00 -1.168468e+00  6.000000e+00
   endloop
 endfacet
 facet normal  0.000000e+00  0.000000e+00  1.000000e+00
   outer loop
     vertex -1.500000e+00 -9.013878e-01  6.000000e+00
     vertex -1.302760e+00 -1.168468e+00  6.000000e+00
     vertex -1.270566e+00 -1.203396e+00  6.000000e+00
   endloop
 endfacet
 facet normal  0.000000e+00  0.000000e+00  1.000000e+00
   outer loop
     vertex  9.013878e-01 -1.500000e+00  6.000000e+00
     vertex -9.417672e-01 -1.474983e+00  6.000000e+00
     vertex -9.013878e-01 -1.500000e+00  6.000000e+00
   endloop
 endfacet
 facet normal  0.000000e+00  0.000000e+00  1.000000e+00
   outer loop
     vertex -1.448879e+00  9.814527e-01  6.000000e+00
     vertex -1.474983e+00  9.417672e-01  6.000000e+00
     vertex -1.500000e+00  9.013878e-01  6.000000e+00
   endloop
 endfacet
 facet normal  0.000000e+00  0.000000e+00  1.000000e+00
   outer loop
     vertex -1.421708e+00  1.020415e+00  6.000000e+00
     vertex -1.448879e+00  9.814527e-01  6.000000e+00
     vertex -1.500000e+00  9.013878e-01  6.000000e+00
   endloop
 endfacet
 facet normal  0.000000e+00  0.000000e+00  1.000000e+00
   outer loop
     vertex  1.020415e+00 -1.421708e+00  6.000000e+00
     vertex  9.013878e-01 -1.500000e+00  6.000000e+00
     vertex  9.417672e-01 -1.474983e+00  6.000000e+00
   endloop
 endfacet
 facet normal  0.000000e+00  0.000000e+00  1.000000e+00
   outer loop
     vertex  1.020415e+00 -1.421708e+00  6.000000e+00
     vertex  9.417672e-01 -1.474983e+00  6.000000e+00
     vertex  9.814527e-01 -1.448879e+00  6.000000e+00
   endloop
 endfacet
 facet normal  0.000000e+00  0.000000e+00  1.000000e+00
   outer loop
     vertex -1.333993e+00  1.132680e+00  6.000000e+00
     vertex -1.364244e+00  1.096056e+00  6.000000e+00
     vertex -1.393489e+00  1.058626e+00  6.000000e+00
   endloop
 endfacet
 facet normal  0.000000e+00  0.000000e+00  1.000000e+00
   outer loop
     vertex -1.333993e+00  1.132680e+00  6.000000e+00
     vertex -1.393489e+00  1.058626e+00  6.000000e+00
     vertex -1.421708e+00  1.020415e+00  6.000000e+00
   endloop
 endfacet
 facet normal  0.000000e+00  0.000000e+00  1.000000e+00
   outer loop
     vertex -1.237437e+00  1.237437e+00  6.000000e+00
     vertex -1.333993e+00  1.132680e+00  6.000000e+00
     vertex -1.421708e+00  1.020415e+00  6.000000e+00
   endloop
 endfacet
 facet normal  0.000000e+00  0.000000e+00  1.000000e+00
   outer loop
     vertex -1.237437e+00  1.237437e+00  6.000000e+00
     vertex -1.270566e+00  1.203396e+00  6.000000e+00
     vertex -1.302760e+00  1.168468e+00  6.000000e+00
   endloop
 endfacet
 facet normal  0.000000e+00  0.000000e+00  1.000000e+00
   outer loop
     vertex -1.237437e+00  1.237437e+00  6.000000e+00
     vertex -1.302760e+00  1.168468e+00  6.000000e+00
     vertex -1.333993e+00  1.132680e+00  6.000000e+00
   endloop
 endfacet
 facet normal  0.000000e+00  0.000000e+00  1.000000e+00
   outer loop
     vertex  1.237437e+00 -1.237437e+00  6.000000e+00
     vertex  1.132680e+00 -1.333993e+00  6.000000e+00
     vertex  1.168468e+00 -1.302760e+00  6.000000e+00
   endloop
 endfacet
 facet normal  0.000000e+00  0.000000e+00  1.000000e+00
   outer loop
     vertex  1.237437e+00 -1.237437e+00  6.000000e+00
     vertex  1.168468e+00 -1.302760e+00  6.000000e+00
     vertex  1.203396e+00 -1.270566e+00  6.000000e+00
   endloop
 endfacet
 facet normal  0.000000e+00  0.000000e+00  1.000000e+00
   outer loop
     vertex -1.203396e+00  1.270566e+00  6.000000e+00
     vertex -1.421708e+00  1.020415e+00  6.000000e+00
     vertex -1.500000e+00  9.013878e-01  6.000000e+00
   endloop
 endfacet
 facet normal  0.000000e+00  0.000000e+00  1.000000e+00
   outer loop
     vertex -1.203396e+00  1.270566e+00  6.000000e+00
     vertex -1.237437e+00  1.237437e+00  6.000000e+00
     vertex -1.421708e+00  1.020415e+00  6.000000e+00
   endloop
 endfacet
 facet normal  0.000000e+00  0.000000e+00  1.000000e+00
   outer loop
     vertex  1.270566e+00 -1.203396e+00  6.000000e+00
     vertex  1.020415e+00 -1.421708e+00  6.000000e+00
     vertex  1.058626e+00 -1.393489e+00  6.000000e+00
   endloop
 endfacet
 facet normal  0.000000e+00  0.000000e+00  1.000000e+00
   outer loop
     vertex  1.270566e+00 -1.203396e+00  6.000000e+00
     vertex  1.058626e+00 -1.393489e+00  6.000000e+00
     vertex  1.096056e+00 -1.364244e+00  6.000000e+00
   endloop
 endfacet
 facet normal  0.000000e+00  0.000000e+00  1.000000e+00
   outer loop
     vertex  1.270566e+00 -1.203396e+00  6.000000e+00
     vertex  1.096056e+00 -1.364244e+00  6.000000e+00
     vertex  1.132680e+00 -1.333993e+00  6.000000e+00
   endloop
 endfacet
 facet normal  0.000000e+00  0.000000e+00  1.000000e+00
   outer loop
     vertex  1.270566e+00 -1.203396e+00  6.000000e+00
     vertex  1.132680e+00 -1.333993e+00  6.000000e+00
     vertex  1.237437e+00 -1.237437e+00  6.000000e+00
   endloop
 endfacet
 facet normal  0.000000e+00  0.000000e+00  1.000000e+00
   outer loop
     vertex  1.364244e+00 -1.096056e+00  6.000000e+00
     vertex  1.302760e+00 -1.168468e+00  6.000000e+00
     vertex  1.333993e+00 -1.132680e+00  6.000000e+00
   endloop
 endfacet
 facet normal  0.000000e+00  0.000000e+00  1.000000e+00
   outer loop
     vertex -1.058626e+00  1.393489e+00  6.000000e+00
     vertex -1.096056e+00  1.364244e+00  6.000000e+00
     vertex -1.132680e+00  1.333993e+00  6.000000e+00
   endloop
 endfacet
 facet normal  0.000000e+00  0.000000e+00  1.000000e+00
   outer loop
     vertex -1.058626e+00  1.393489e+00  6.000000e+00
     vertex -1.132680e+00  1.333993e+00  6.000000e+00
     vertex -1.168468e+00  1.302760e+00  6.000000e+00
   endloop
 endfacet
 facet normal  0.000000e+00  0.000000e+00  1.000000e+00
   outer loop
     vertex -1.058626e+00  1.393489e+00  6.000000e+00
     vertex -1.168468e+00  1.302760e+00  6.000000e+00
     vertex -1.203396e+00  1.270566e+00  6.000000e+00
   endloop
 endfacet
 facet normal  0.000000e+00  0.000000e+00  1.000000e+00
   outer loop
     vertex -1.020415e+00  1.421708e+00  6.000000e+00
     vertex -1.058626e+00  1.393489e+00  6.000000e+00
     vertex -1.203396e+00  1.270566e+00  6.000000e+00
   endloop
 endfacet
 facet normal  0.000000e+00  0.000000e+00  1.000000e+00
   outer loop
     vertex -9.814527e-01  1.448879e+00  6.000000e+00
     vertex -1.020415e+00  1.421708e+00  6.000000e+00
     vertex -1.203396e+00  1.270566e+00  6.000000e+00
   endloop
 endfacet
 facet normal  0.000000e+00  0.000000e+00  1.000000e+00
   outer loop
     vertex -9.417672e-01  1.474983e+00  6.000000e+00
     vertex -9.814527e-01  1.448879e+00  6.000000e+00
     vertex -1.203396e+00  1.270566e+00  6.000000e+00
   endloop
 endfacet
 facet normal  0.000000e+00  0.000000e+00  1.000000e+00
   outer loop
     vertex  1.500000e+00 -9.013878e-01  6.000000e+00
     vertex -1.500000e+00  9.013878e-01  6.000000e+00
     vertex -1.500000e+00 -9.013878e-01  6.000000e+00
   endloop
 endfacet
 facet normal  0.000000e+00  0.000000e+00  1.000000e+00
   outer loop
     vertex  1.500000e+00 -9.013878e-01  6.000000e+00
     vertex  1.270566e+00 -1.203396e+00  6.000000e+00
     vertex  1.302760e+00 -1.168468e+00  6.000000e+00
   endloop
 endfacet
 facet normal  0.000000e+00  0.000000e+00  1.000000e+00
   outer loop
     vertex  1.500000e+00 -9.013878e-01  6.000000e+00
     vertex  1.364244e+00 -1.096056e+00  6.000000e+00
     vertex  1.393489e+00 -1.058626e+00  6.000000e+00
   endloop
 endfacet
 facet normal  0.000000e+00  0.000000e+00  1.000000e+00
   outer loop
     vertex  1.500000e+00 -9.013878e-01  6.000000e+00
     vertex  1.393489e+00 -1.058626e+00  6.000000e+00
     vertex  1.421708e+00 -1.020415e+00  6.000000e+00
   endloop
 endfacet
 facet normal  0.000000e+00  0.000000e+00  1.000000e+00
   outer loop
     vertex  1.500000e+00 -9.013878e-01  6.000000e+00
     vertex -1.203396e+00  1.270566e+00  6.000000e+00
     vertex -1.500000e+00  9.013878e-01  6.000000e+00
   endloop
 endfacet
 facet normal  0.000000e+00  0.000000e+00  1.000000e+00
   outer loop
     vertex  1.500000e+00 -9.013878e-01  6.000000e+00
     vertex  1.421708e+00 -1.020415e+00  6.000000e+00
     vertex  1.448879e+00 -9.814527e-01  6.000000e+00
   endloop
 endfacet
 facet normal  0.000000e+00  0.000000e+00  1.000000e+00
   outer loop
     vertex  1.500000e+00 -9.013878e-01  6.000000e+00
     vertex  1.448879e+00 -9.814527e-01  6.000000e+00
     vertex  1.474983e+00 -9.417672e-01  6.000000e+00
   endloop
 endfacet
 facet normal  0.000000e+00  0.000000e+00  1.000000e+00
   outer loop
     vertex  1.500000e+00 -9.013878e-01  6.000000e+00
     vertex  1.020415e+00 -1.421708e+00  6.000000e+00
     vertex  1.270566e+00 -1.203396e+00  6.000000e+00
   endloop
 endfacet
 facet normal  0.000000e+00  0.000000e+00  1.000000e+00
   outer loop
     vertex  1.500000e+00 -9.013878e-01  6.000000e+00
     vertex  1.302760e+00 -1.168468e+00  6.000000e+00
     vertex  1.364244e+00 -1.096056e+00  6.000000e+00
   endloop
 endfacet
 facet normal  0.000000e+00  0.000000e+00  1.000000e+00
   outer loop
     vertex  1.500000e+00 -9.013878e-01  6.000000e+00
     vertex -9.417672e-01  1.474983e+00  6.000000e+00
     vertex -1.203396e+00  1.270566e+00  6.000000e+00
   endloop
 endfacet
 facet normal  0.000000e+00  0.000000e+00  1.000000e+00
   outer loop
     vertex  1.500000e+00 -9.013878e-01  6.000000e+00
     vertex -9.417672e-01 -1.474983e+00  6.000000e+00
     vertex  9.013878e-01 -1.500000e+00  6.000000e+00
   endloop
 endfacet
 facet normal  0.000000e+00  0.000000e+00  1.000000e+00
   outer loop
     vertex  1.500000e+00 -9.013878e-01  6.000000e+00
     vertex  9.013878e-01 -1.500000e+00  6.000000e+00
     vertex  1.020415e+00 -1.421708e+00  6.000000e+00
   endloop
 endfacet
 facet normal  0.000000e+00  0.000000e+00  1.000000e+00
   outer loop
     vertex  1.500000e+00 -9.013878e-01  6.000000e+00
     vertex -1.500000e+00 -9.013878e-01  6.000000e+00
     vertex -1.270566e+00 -1.203396e+00  6.000000e+00
   endloop
 endfacet
 facet normal  0.000000e+00  0.000000e+00  1.000000e+00
   outer loop
     vertex  1.500000e+00 -9.013878e-01  6.000000e+00
     vertex -1.270566e+00 -1.203396e+00  6.000000e+00
     vertex -9.417672e-01 -1.474983e+00  6.000000e+00
   endloop
 endfacet
 facet normal  0.000000e+00  0.000000e+00  1.000000e+00
   outer loop
     vertex  1.474983e+00  9.417672e-01  6.000000e+00
     vertex  1.500000e+00 -9.013878e-01  6.000000e+00
     vertex  1.500000e+00  9.013878e-01  6.000000e+00
   endloop
 endfacet
 facet normal  0.000000e+00  0.000000e+00  1.000000e+00
   outer loop
     vertex  9.417672e-01  1.474983e+00  6.000000e+00
     vertex  9.013878e-01  1.500000e+00  6.000000e+00
     vertex -9.013878e-01  1.500000e+00  6.000000e+00
   endloop
 endfacet
 facet normal  0.000000e+00  0.000000e+00  1.000000e+00
   outer loop
     vertex  9.417672e-01  1.474983e+00  6.000000e+00
     vertex -9.013878e-01  1.500000e+00  6.000000e+00
     vertex -9.417672e-01  1.474983e+00  6.000000e+00
   endloop
 endfacet
 facet normal  0.000000e+00  0.000000e+00  1.000000e+00
   outer loop
     vertex  1.421708e+00  1.020415e+00  6.000000e+00
     vertex  1.474983e+00  9.417672e-01  6.000000e+00
     vertex  1.448879e+00  9.814527e-01  6.000000e+00
   endloop
 endfacet
 facet normal  0.000000e+00  0.000000e+00  1.000000e+00
   outer loop
     vertex  1.096056e+00  1.364244e+00  6.000000e+00
     vertex  1.058626e+00  1.393489e+00  6.000000e+00
     vertex  1.020415e+00  1.421708e+00  6.000000e+00
   endloop
 endfacet
 facet normal  0.000000e+00  0.000000e+00  1.000000e+00
   outer loop
     vertex  1.096056e+00  1.364244e+00  6.000000e+00
     vertex  1.020415e+00  1.421708e+00  6.000000e+00
     vertex  9.814527e-01  1.448879e+00  6.000000e+00
   endloop
 endfacet
 facet normal  0.000000e+00  0.000000e+00  1.000000e+00
   outer loop
     vertex  1.333993e+00  1.132680e+00  6.000000e+00
     vertex  1.474983e+00  9.417672e-01  6.000000e+00
     vertex  1.421708e+00  1.020415e+00  6.000000e+00
   endloop
 endfacet
 facet normal  0.000000e+00  0.000000e+00  1.000000e+00
   outer loop
     vertex  1.333993e+00  1.132680e+00  6.000000e+00
     vertex  1.421708e+00  1.020415e+00  6.000000e+00
     vertex  1.393489e+00  1.058626e+00  6.000000e+00
   endloop
 endfacet
 facet normal  0.000000e+00  0.000000e+00  1.000000e+00
   outer loop
     vertex  1.333993e+00  1.132680e+00  6.000000e+00
     vertex  1.393489e+00  1.058626e+00  6.000000e+00
     vertex  1.364244e+00  1.096056e+00  6.000000e+00
   endloop
 endfacet
 facet normal  0.000000e+00  0.000000e+00  1.000000e+00
   outer loop
     vertex  1.132680e+00  1.333993e+00  6.000000e+00
     vertex  1.096056e+00  1.364244e+00  6.000000e+00
     vertex  9.814527e-01  1.448879e+00  6.000000e+00
   endloop
 endfacet
 facet normal  0.000000e+00  0.000000e+00  1.000000e+00
   outer loop
     vertex  1.132680e+00  1.333993e+00  6.000000e+00
     vertex  9.814527e-01  1.448879e+00  6.000000e+00
     vertex  9.417672e-01  1.474983e+00  6.000000e+00
   endloop
 endfacet
 facet normal  0.000000e+00  0.000000e+00  1.000000e+00
   outer loop
     vertex  1.270566e+00  1.203396e+00  6.000000e+00
     vertex  1.474983e+00  9.417672e-01  6.000000e+00
     vertex  1.333993e+00  1.132680e+00  6.000000e+00
   endloop
 endfacet
 facet normal  0.000000e+00  0.000000e+00  1.000000e+00
   outer loop
     vertex  1.270566e+00  1.203396e+00  6.000000e+00
     vertex  1.333993e+00  1.132680e+00  6.000000e+00
     vertex  1.302760e+00  1.168468e+00  6.000000e+00
   endloop
 endfacet
 facet normal  0.000000e+00  0.000000e+00  1.000000e+00
   outer loop
     vertex  1.270566e+00  1.203396e+00  6.000000e+00
     vertex  1.500000e+00 -9.013878e-01  6.000000e+00
     vertex  1.474983e+00  9.417672e-01  6.000000e+00
   endloop
 endfacet
 facet normal  0.000000e+00  0.000000e+00  1.000000e+00
   outer loop
     vertex  1.237437e+00  1.237437e+00  6.000000e+00
     vertex  1.132680e+00  1.333993e+00  6.000000e+00
     vertex  9.417672e-01  1.474983e+00  6.000000e+00
   endloop
 endfacet
 facet normal  0.000000e+00  0.000000e+00  1.000000e+00
   outer loop
     vertex  1.237437e+00  1.237437e+00  6.000000e+00
     vertex  1.500000e+00 -9.013878e-01  6.000000e+00
     vertex  1.270566e+00  1.203396e+00  6.000000e+00
   endloop
 endfacet
 facet normal  0.000000e+00  0.000000e+00  1.000000e+00
   outer loop
     vertex  1.237437e+00  1.237437e+00  6.000000e+00
     vertex  1.203396e+00  1.270566e+00  6.000000e+00
     vertex  1.168468e+00  1.302760e+00  6.000000e+00
   endloop
 endfacet
 facet normal  0.000000e+00  0.000000e+00  1.000000e+00
   outer loop
     vertex  1.237437e+00  1.237437e+00  6.000000e+00
     vertex  1.168468e+00  1.302760e+00  6.000000e+00
     vertex  1.132680e+00  1.333993e+00  6.000000e+00
   endloop
 endfacet
 facet normal  0.000000e+00  0.000000e+00  1.000000e+00
   outer loop
     vertex  1.237437e+00  1.237437e+00  6.000000e+00
     vertex -9.417672e-01  1.474983e+00  6.000000e+00
     vertex  1.500000e+00 -9.013878e-01  6.000000e+00
   endloop
 endfacet
 facet normal  0.000000e+00  0.000000e+00  1.000000e+00
   outer loop
     vertex  1.237437e+00  1.237437e+00  6.000000e+00
     vertex  9.417672e-01  1.474983e+00  6.000000e+00
     vertex -9.417672e-01  1.474983e+00  6.000000e+00
   endloop
 endfacet
endsolid
