ISO-10303-21;
HEADER;
FILE_DESCRIPTION(('FreeCAD Model'),'2;1');
FILE_NAME('Open CASCADE Shape Model','2026-10-04T15:25:31',('FreeCAD'),(
    'FreeCAD'),'Open CASCADE STEP processor 7.8','FreeCAD','Unknown');
FILE_SCHEMA(('AUTOMOTIVE_DESIGN { 1 0 10303 214 1 1 1 1 }'));
ENDSEC;
DATA;
#1 = APPLICATION_PROTOCOL_DEFINITION('international standard',
  'automotive_design',2000,#2);
#2 = APPLICATION_CONTEXT(
  'core data for automotive mechanical design processes');
#3 = SHAPE_DEFINITION_REPRESENTATION(#4,#10);
#4 = PRODUCT_DEFINITION_SHAPE('','',#5);
#5 = PRODUCT_DEFINITION('design','',#6,#9);
#6 = PRODUCT_DEFINITION_FORMATION('','',#7);
#7 = PRODUCT('Open CASCADE STEP translator 7.8 9',
  'Open CASCADE STEP translator 7.8 9','',(#8));
#8 = PRODUCT_CONTEXT('',#2,'mechanical');
#9 = PRODUCT_DEFINITION_CONTEXT('part definition',#2,'design');
#10 = ADVANCED_BREP_SHAPE_REPRESENTATION('',(#11,#15),#5137);
#11 = AXIS2_PLACEMENT_3D('',#12,#13,#14);
#12 = CARTESIAN_POINT('',(0.,0.,0.));
#13 = DIRECTION('',(0.,0.,1.));
#14 = DIRECTION('',(1.,0.,-0.));
#15 = MANIFOLD_SOLID_BREP('',#16);
#16 = CLOSED_SHELL('',(#17,#353,#480,#504,#535,#559,#590,#614,#672,#696,
    #720,#744,#775,#799,#926,#950,#974,#998,#1022,#1046,#1070,#1094,
    #1118,#1142,#1166,#1183,#1214,#1238,#1262,#1279,#1310,#1334,#1358,
    #1375,#1406,#1430,#1454,#1471,#1502,#1526,#1550,#1567,#1584,#1608,
    #1632,#1656,#1680,#1704,#1728,#1752,#1776,#1800,#1824,#1848,#2034,
    #2058,#2082,#2099,#2123,#2154,#2178,#2202,#2355,#2372,#2396,#2420,
    #2437,#2454,#2478,#2502,#2526,#2550,#2574,#2598,#2622,#2646,#2670,
    #2694,#2711,#2742,#2759,#2783,#2800,#2831,#2843,#2855,#2867,#2879,
    #2896,#2927,#2944,#2975,#2992,#3004,#3021,#3045,#3069,#3081,#3105,
    #3129,#3153,#3170,#3194,#3218,#3242,#3266,#3290,#3314,#3331,#3362,
    #3386,#3410,#3427,#3444,#3461,#3473,#3504,#3528,#3552,#3569,#3600,
    #3624,#3648,#3665,#3696,#3720,#3744,#3761,#3792,#3816,#3840,#3857,
    #3874,#3905,#3922,#3946,#3977,#3994,#4011,#4028,#4059,#4076,#4105,
    #4134,#4146,#4170,#4187,#4204,#4235,#4247,#4278,#4302,#4314,#4326,
    #4338,#4350,#4379,#4396,#4413,#4437,#4461,#4492,#4516,#4547,#4571,
    #4595,#4619,#4643,#4674,#4691,#4715,#4739,#4756,#4778,#4800,#4812,
    #4829,#4860,#4884,#4908,#4930,#4947,#4959,#4971,#4988,#5000,#5031,
    #5055,#5079,#5096,#5108,#5125));
#17 = ADVANCED_FACE('',(#18,#212,#246,#280,#314),#348,.F.);
#18 = FACE_BOUND('',#19,.F.);
#19 = EDGE_LOOP('',(#20,#30,#38,#46,#54,#62,#70,#78,#86,#94,#102,#110,
    #118,#126,#134,#142,#150,#158,#166,#174,#182,#190,#198,#206));
#20 = ORIENTED_EDGE('',*,*,#21,.T.);
#21 = EDGE_CURVE('',#22,#24,#26,.T.);
#22 = VERTEX_POINT('',#23);
#23 = CARTESIAN_POINT('',(-18.7398448916,-6.008892449921,13.5));
#24 = VERTEX_POINT('',#25);
#25 = CARTESIAN_POINT('',(-18.7398448916,-6.008892449921,22.5));
#26 = LINE('',#27,#28);
#27 = CARTESIAN_POINT('',(-18.7398448916,-6.008892449921,13.5));
#28 = VECTOR('',#29,1.);
#29 = DIRECTION('',(0.,0.,1.));
#30 = ORIENTED_EDGE('',*,*,#31,.T.);
#31 = EDGE_CURVE('',#24,#32,#34,.T.);
#32 = VERTEX_POINT('',#33);
#33 = CARTESIAN_POINT('',(-18.7398448916,-6.008892449921,26.));
#34 = LINE('',#35,#36);
#35 = CARTESIAN_POINT('',(-18.7398448916,-6.008892449921,13.5));
#36 = VECTOR('',#37,1.);
#37 = DIRECTION('',(0.,0.,1.));
#38 = ORIENTED_EDGE('',*,*,#39,.T.);
#39 = EDGE_CURVE('',#32,#40,#42,.T.);
#40 = VERTEX_POINT('',#41);
#41 = CARTESIAN_POINT('',(-18.7398448916,-6.008892449921,36.5));
#42 = LINE('',#43,#44);
#43 = CARTESIAN_POINT('',(-18.7398448916,-6.008892449921,13.5));
#44 = VECTOR('',#45,1.);
#45 = DIRECTION('',(0.,0.,1.));
#46 = ORIENTED_EDGE('',*,*,#47,.F.);
#47 = EDGE_CURVE('',#48,#40,#50,.T.);
#48 = VERTEX_POINT('',#49);
#49 = CARTESIAN_POINT('',(6.008892449921,18.739844891609,36.5));
#50 = LINE('',#51,#52);
#51 = CARTESIAN_POINT('',(6.008892449921,18.739844891609,36.5));
#52 = VECTOR('',#53,1.);
#53 = DIRECTION('',(-0.707106781187,-0.707106781187,0.));
#54 = ORIENTED_EDGE('',*,*,#55,.F.);
#55 = EDGE_CURVE('',#56,#48,#58,.T.);
#56 = VERTEX_POINT('',#57);
#57 = CARTESIAN_POINT('',(6.008892449921,18.739844891609,26.));
#58 = LINE('',#59,#60);
#59 = CARTESIAN_POINT('',(6.008892449921,18.739844891609,13.5));
#60 = VECTOR('',#61,1.);
#61 = DIRECTION('',(0.,0.,1.));
#62 = ORIENTED_EDGE('',*,*,#63,.F.);
#63 = EDGE_CURVE('',#64,#56,#66,.T.);
#64 = VERTEX_POINT('',#65);
#65 = CARTESIAN_POINT('',(6.008892449921,18.739844891609,22.5));
#66 = LINE('',#67,#68);
#67 = CARTESIAN_POINT('',(6.008892449921,18.739844891609,13.5));
#68 = VECTOR('',#69,1.);
#69 = DIRECTION('',(0.,0.,1.));
#70 = ORIENTED_EDGE('',*,*,#71,.F.);
#71 = EDGE_CURVE('',#72,#64,#74,.T.);
#72 = VERTEX_POINT('',#73);
#73 = CARTESIAN_POINT('',(6.008892449921,18.739844891609,13.5));
#74 = LINE('',#75,#76);
#75 = CARTESIAN_POINT('',(6.008892449921,18.739844891609,13.5));
#76 = VECTOR('',#77,1.);
#77 = DIRECTION('',(0.,0.,1.));
#78 = ORIENTED_EDGE('',*,*,#79,.T.);
#79 = EDGE_CURVE('',#72,#80,#82,.T.);
#80 = VERTEX_POINT('',#81);
#81 = CARTESIAN_POINT('',(4.771455582844,17.502408024532,13.5));
#82 = LINE('',#83,#84);
#83 = CARTESIAN_POINT('',(6.008892449921,18.739844891609,13.5));
#84 = VECTOR('',#85,1.);
#85 = DIRECTION('',(-0.707106781187,-0.707106781187,0.));
#86 = ORIENTED_EDGE('',*,*,#87,.T.);
#87 = EDGE_CURVE('',#80,#88,#90,.T.);
#88 = VERTEX_POINT('',#89);
#89 = CARTESIAN_POINT('',(4.771455582844,17.502408024532,14.7));
#90 = LINE('',#91,#92);
#91 = CARTESIAN_POINT('',(4.771455582844,17.502408024532,13.5));
#92 = VECTOR('',#93,1.);
#93 = DIRECTION('',(0.,0.,1.));
#94 = ORIENTED_EDGE('',*,*,#95,.F.);
#95 = EDGE_CURVE('',#96,#88,#98,.T.);
#96 = VERTEX_POINT('',#97);
#97 = CARTESIAN_POINT('',(3.710795411064,16.441747852752,14.7));
#98 = LINE('',#99,#100);
#99 = CARTESIAN_POINT('',(5.390174016382,18.12112645807,14.7));
#100 = VECTOR('',#101,1.);
#101 = DIRECTION('',(0.707106781187,0.707106781187,0.));
#102 = ORIENTED_EDGE('',*,*,#103,.F.);
#103 = EDGE_CURVE('',#104,#96,#106,.T.);
#104 = VERTEX_POINT('',#105);
#105 = CARTESIAN_POINT('',(3.710795411064,16.441747852752,13.5));
#106 = LINE('',#107,#108);
#107 = CARTESIAN_POINT('',(3.710795411064,16.441747852752,13.5));
#108 = VECTOR('',#109,1.);
#109 = DIRECTION('',(0.,0.,1.));
#110 = ORIENTED_EDGE('',*,*,#111,.T.);
#111 = EDGE_CURVE('',#104,#112,#114,.T.);
#112 = VERTEX_POINT('',#113);
#113 = CARTESIAN_POINT('',(-0.531845276055,12.199107165633,13.5));
#114 = LINE('',#115,#116);
#115 = CARTESIAN_POINT('',(6.008892449921,18.739844891609,13.5));
#116 = VECTOR('',#117,1.);
#117 = DIRECTION('',(-0.707106781187,-0.707106781187,0.));
#118 = ORIENTED_EDGE('',*,*,#119,.T.);
#119 = EDGE_CURVE('',#112,#120,#122,.T.);
#120 = VERTEX_POINT('',#121);
#121 = CARTESIAN_POINT('',(-0.531845276055,12.199107165633,14.7));
#122 = LINE('',#123,#124);
#123 = CARTESIAN_POINT('',(-0.531845276055,12.199107165633,13.5));
#124 = VECTOR('',#125,1.);
#125 = DIRECTION('',(0.,0.,1.));
#126 = ORIENTED_EDGE('',*,*,#127,.F.);
#127 = EDGE_CURVE('',#128,#120,#130,.T.);
#128 = VERTEX_POINT('',#129);
#129 = CARTESIAN_POINT('',(-1.592505447835,11.138446993853,14.7));
#130 = LINE('',#131,#132);
#131 = CARTESIAN_POINT('',(2.738523586933,15.469476028621,14.7));
#132 = VECTOR('',#133,1.);
#133 = DIRECTION('',(0.707106781187,0.707106781187,0.));
#134 = ORIENTED_EDGE('',*,*,#135,.F.);
#135 = EDGE_CURVE('',#136,#128,#138,.T.);
#136 = VERTEX_POINT('',#137);
#137 = CARTESIAN_POINT('',(-1.592505447835,11.138446993853,13.5));
#138 = LINE('',#139,#140);
#139 = CARTESIAN_POINT('',(-1.592505447835,11.138446993853,13.5));
#140 = VECTOR('',#141,1.);
#141 = DIRECTION('',(0.,0.,1.));
#142 = ORIENTED_EDGE('',*,*,#143,.T.);
#143 = EDGE_CURVE('',#136,#144,#146,.T.);
#144 = VERTEX_POINT('',#145);
#145 = CARTESIAN_POINT('',(-11.13844699385,1.592505447835,13.5));
#146 = LINE('',#147,#148);
#147 = CARTESIAN_POINT('',(6.008892449921,18.739844891609,13.5));
#148 = VECTOR('',#149,1.);
#149 = DIRECTION('',(-0.707106781187,-0.707106781187,0.));
#150 = ORIENTED_EDGE('',*,*,#151,.T.);
#151 = EDGE_CURVE('',#144,#152,#154,.T.);
#152 = VERTEX_POINT('',#153);
#153 = CARTESIAN_POINT('',(-11.13844699385,1.592505447835,14.7));
#154 = LINE('',#155,#156);
#155 = CARTESIAN_POINT('',(-11.13844699385,1.592505447835,13.5));
#156 = VECTOR('',#157,1.);
#157 = DIRECTION('',(0.,0.,1.));
#158 = ORIENTED_EDGE('',*,*,#159,.F.);
#159 = EDGE_CURVE('',#160,#152,#162,.T.);
#160 = VERTEX_POINT('',#161);
#161 = CARTESIAN_POINT('',(-12.19910716563,0.531845276055,14.7));
#162 = LINE('',#163,#164);
#163 = CARTESIAN_POINT('',(-2.564777271966,10.166175169722,14.7));
#164 = VECTOR('',#165,1.);
#165 = DIRECTION('',(0.707106781187,0.707106781187,0.));
#166 = ORIENTED_EDGE('',*,*,#167,.F.);
#167 = EDGE_CURVE('',#168,#160,#170,.T.);
#168 = VERTEX_POINT('',#169);
#169 = CARTESIAN_POINT('',(-12.19910716563,0.531845276055,13.5));
#170 = LINE('',#171,#172);
#171 = CARTESIAN_POINT('',(-12.19910716563,0.531845276055,13.5));
#172 = VECTOR('',#173,1.);
#173 = DIRECTION('',(0.,0.,1.));
#174 = ORIENTED_EDGE('',*,*,#175,.T.);
#175 = EDGE_CURVE('',#168,#176,#178,.T.);
#176 = VERTEX_POINT('',#177);
#177 = CARTESIAN_POINT('',(-16.44174785275,-3.710795411064,13.5));
#178 = LINE('',#179,#180);
#179 = CARTESIAN_POINT('',(6.008892449921,18.739844891609,13.5));
#180 = VECTOR('',#181,1.);
#181 = DIRECTION('',(-0.707106781187,-0.707106781187,0.));
#182 = ORIENTED_EDGE('',*,*,#183,.T.);
#183 = EDGE_CURVE('',#176,#184,#186,.T.);
#184 = VERTEX_POINT('',#185);
#185 = CARTESIAN_POINT('',(-16.44174785275,-3.710795411064,14.7));
#186 = LINE('',#187,#188);
#187 = CARTESIAN_POINT('',(-16.44174785275,-3.710795411064,13.5));
#188 = VECTOR('',#189,1.);
#189 = DIRECTION('',(0.,0.,1.));
#190 = ORIENTED_EDGE('',*,*,#191,.F.);
#191 = EDGE_CURVE('',#192,#184,#194,.T.);
#192 = VERTEX_POINT('',#193);
#193 = CARTESIAN_POINT('',(-17.50240802453,-4.771455582844,14.7));
#194 = LINE('',#195,#196);
#195 = CARTESIAN_POINT('',(-5.216427701416,7.514524740272,14.7));
#196 = VECTOR('',#197,1.);
#197 = DIRECTION('',(0.707106781187,0.707106781187,0.));
#198 = ORIENTED_EDGE('',*,*,#199,.F.);
#199 = EDGE_CURVE('',#200,#192,#202,.T.);
#200 = VERTEX_POINT('',#201);
#201 = CARTESIAN_POINT('',(-17.50240802453,-4.771455582844,13.5));
#202 = LINE('',#203,#204);
#203 = CARTESIAN_POINT('',(-17.50240802453,-4.771455582844,13.5));
#204 = VECTOR('',#205,1.);
#205 = DIRECTION('',(0.,0.,1.));
#206 = ORIENTED_EDGE('',*,*,#207,.T.);
#207 = EDGE_CURVE('',#200,#22,#208,.T.);
#208 = LINE('',#209,#210);
#209 = CARTESIAN_POINT('',(6.008892449921,18.739844891609,13.5));
#210 = VECTOR('',#211,1.);
#211 = DIRECTION('',(-0.707106781187,-0.707106781187,0.));
#212 = FACE_BOUND('',#213,.F.);
#213 = EDGE_LOOP('',(#214,#224,#232,#240));
#214 = ORIENTED_EDGE('',*,*,#215,.T.);
#215 = EDGE_CURVE('',#216,#218,#220,.T.);
#216 = VERTEX_POINT('',#217);
#217 = CARTESIAN_POINT('',(-14.5679148826,-1.83696244092,19.5));
#218 = VERTEX_POINT('',#219);
#219 = CARTESIAN_POINT('',(-12.30517318281,0.425779258877,19.5));
#220 = LINE('',#221,#222);
#221 = CARTESIAN_POINT('',(-3.148140366445,9.582812075243,19.5));
#222 = VECTOR('',#223,1.);
#223 = DIRECTION('',(0.707106781187,0.707106781187,0.));
#224 = ORIENTED_EDGE('',*,*,#225,.T.);
#225 = EDGE_CURVE('',#218,#226,#228,.T.);
#226 = VERTEX_POINT('',#227);
#227 = CARTESIAN_POINT('',(-12.30517318281,0.425779258877,20.9));
#228 = LINE('',#229,#230);
#229 = CARTESIAN_POINT('',(-12.30517318281,0.425779258877,16.5));
#230 = VECTOR('',#231,1.);
#231 = DIRECTION('',(0.,0.,1.));
#232 = ORIENTED_EDGE('',*,*,#233,.F.);
#233 = EDGE_CURVE('',#234,#226,#236,.T.);
#234 = VERTEX_POINT('',#235);
#235 = CARTESIAN_POINT('',(-14.5679148826,-1.83696244092,20.9));
#236 = LINE('',#237,#238);
#237 = CARTESIAN_POINT('',(-3.148140366445,9.582812075243,20.9));
#238 = VECTOR('',#239,1.);
#239 = DIRECTION('',(0.707106781187,0.707106781187,0.));
#240 = ORIENTED_EDGE('',*,*,#241,.F.);
#241 = EDGE_CURVE('',#216,#234,#242,.T.);
#242 = LINE('',#243,#244);
#243 = CARTESIAN_POINT('',(-14.5679148826,-1.83696244092,16.5));
#244 = VECTOR('',#245,1.);
#245 = DIRECTION('',(0.,0.,1.));
#246 = FACE_BOUND('',#247,.F.);
#247 = EDGE_LOOP('',(#248,#258,#266,#274));
#248 = ORIENTED_EDGE('',*,*,#249,.T.);
#249 = EDGE_CURVE('',#250,#252,#254,.T.);
#250 = VERTEX_POINT('',#251);
#251 = CARTESIAN_POINT('',(-10.32527419548,2.405678246199,19.5));
#252 = VERTEX_POINT('',#253);
#253 = CARTESIAN_POINT('',(-8.062532495692,4.668419945996,19.5));
#254 = LINE('',#255,#256);
#255 = CARTESIAN_POINT('',(-1.026820022885,11.704132418802,19.5));
#256 = VECTOR('',#257,1.);
#257 = DIRECTION('',(0.707106781187,0.707106781187,0.));
#258 = ORIENTED_EDGE('',*,*,#259,.T.);
#259 = EDGE_CURVE('',#252,#260,#262,.T.);
#260 = VERTEX_POINT('',#261);
#261 = CARTESIAN_POINT('',(-8.062532495692,4.668419945996,20.9));
#262 = LINE('',#263,#264);
#263 = CARTESIAN_POINT('',(-8.062532495692,4.668419945996,16.5));
#264 = VECTOR('',#265,1.);
#265 = DIRECTION('',(0.,0.,1.));
#266 = ORIENTED_EDGE('',*,*,#267,.F.);
#267 = EDGE_CURVE('',#268,#260,#270,.T.);
#268 = VERTEX_POINT('',#269);
#269 = CARTESIAN_POINT('',(-10.32527419548,2.405678246199,20.9));
#270 = LINE('',#271,#272);
#271 = CARTESIAN_POINT('',(-1.026820022885,11.704132418802,20.9));
#272 = VECTOR('',#273,1.);
#273 = DIRECTION('',(0.707106781187,0.707106781187,0.));
#274 = ORIENTED_EDGE('',*,*,#275,.F.);
#275 = EDGE_CURVE('',#250,#268,#276,.T.);
#276 = LINE('',#277,#278);
#277 = CARTESIAN_POINT('',(-10.32527419548,2.405678246199,16.5));
#278 = VECTOR('',#279,1.);
#279 = DIRECTION('',(0.,0.,1.));
#280 = FACE_BOUND('',#281,.F.);
#281 = EDGE_LOOP('',(#282,#292,#300,#308));
#282 = ORIENTED_EDGE('',*,*,#283,.T.);
#283 = EDGE_CURVE('',#284,#286,#288,.T.);
#284 = VERTEX_POINT('',#285);
#285 = CARTESIAN_POINT('',(-4.668419945996,8.062532495692,19.5));
#286 = VERTEX_POINT('',#287);
#287 = CARTESIAN_POINT('',(-2.405678246199,10.325274195489,19.5));
#288 = LINE('',#289,#290);
#289 = CARTESIAN_POINT('',(1.801607101861,14.532559543549,19.5));
#290 = VECTOR('',#291,1.);
#291 = DIRECTION('',(0.707106781187,0.707106781187,0.));
#292 = ORIENTED_EDGE('',*,*,#293,.T.);
#293 = EDGE_CURVE('',#286,#294,#296,.T.);
#294 = VERTEX_POINT('',#295);
#295 = CARTESIAN_POINT('',(-2.405678246199,10.325274195489,20.9));
#296 = LINE('',#297,#298);
#297 = CARTESIAN_POINT('',(-2.405678246199,10.325274195489,16.5));
#298 = VECTOR('',#299,1.);
#299 = DIRECTION('',(0.,0.,1.));
#300 = ORIENTED_EDGE('',*,*,#301,.F.);
#301 = EDGE_CURVE('',#302,#294,#304,.T.);
#302 = VERTEX_POINT('',#303);
#303 = CARTESIAN_POINT('',(-4.668419945996,8.062532495692,20.9));
#304 = LINE('',#305,#306);
#305 = CARTESIAN_POINT('',(1.801607101861,14.532559543549,20.9));
#306 = VECTOR('',#307,1.);
#307 = DIRECTION('',(0.707106781187,0.707106781187,0.));
#308 = ORIENTED_EDGE('',*,*,#309,.F.);
#309 = EDGE_CURVE('',#284,#302,#310,.T.);
#310 = LINE('',#311,#312);
#311 = CARTESIAN_POINT('',(-4.668419945996,8.062532495692,16.5));
#312 = VECTOR('',#313,1.);
#313 = DIRECTION('',(0.,0.,1.));
#314 = FACE_BOUND('',#315,.F.);
#315 = EDGE_LOOP('',(#316,#326,#334,#342));
#316 = ORIENTED_EDGE('',*,*,#317,.T.);
#317 = EDGE_CURVE('',#318,#320,#322,.T.);
#318 = VERTEX_POINT('',#319);
#319 = CARTESIAN_POINT('',(-0.425779258877,12.305173182811,19.5));
#320 = VERTEX_POINT('',#321);
#321 = CARTESIAN_POINT('',(1.83696244092,14.567914882608,19.5));
#322 = LINE('',#323,#324);
#323 = CARTESIAN_POINT('',(3.92292744542,16.653879887108,19.5));
#324 = VECTOR('',#325,1.);
#325 = DIRECTION('',(0.707106781187,0.707106781187,0.));
#326 = ORIENTED_EDGE('',*,*,#327,.T.);
#327 = EDGE_CURVE('',#320,#328,#330,.T.);
#328 = VERTEX_POINT('',#329);
#329 = CARTESIAN_POINT('',(1.83696244092,14.567914882608,20.9));
#330 = LINE('',#331,#332);
#331 = CARTESIAN_POINT('',(1.83696244092,14.567914882608,16.5));
#332 = VECTOR('',#333,1.);
#333 = DIRECTION('',(0.,0.,1.));
#334 = ORIENTED_EDGE('',*,*,#335,.F.);
#335 = EDGE_CURVE('',#336,#328,#338,.T.);
#336 = VERTEX_POINT('',#337);
#337 = CARTESIAN_POINT('',(-0.425779258877,12.305173182811,20.9));
#338 = LINE('',#339,#340);
#339 = CARTESIAN_POINT('',(3.92292744542,16.653879887108,20.9));
#340 = VECTOR('',#341,1.);
#341 = DIRECTION('',(0.707106781187,0.707106781187,0.));
#342 = ORIENTED_EDGE('',*,*,#343,.F.);
#343 = EDGE_CURVE('',#318,#336,#344,.T.);
#344 = LINE('',#345,#346);
#345 = CARTESIAN_POINT('',(-0.425779258877,12.305173182811,16.5));
#346 = VECTOR('',#347,1.);
#347 = DIRECTION('',(0.,0.,1.));
#348 = PLANE('',#349);
#349 = AXIS2_PLACEMENT_3D('',#350,#351,#352);
#350 = CARTESIAN_POINT('',(6.008892449921,18.739844891609,13.5));
#351 = DIRECTION('',(-0.707106781187,0.707106781187,0.));
#352 = DIRECTION('',(0.,0.,1.));
#353 = ADVANCED_FACE('',(#354),#475,.T.);
#354 = FACE_BOUND('',#355,.T.);
#355 = EDGE_LOOP('',(#356,#364,#365,#373,#381,#389,#397,#405,#413,#421,
    #429,#437,#445,#453,#461,#469));
#356 = ORIENTED_EDGE('',*,*,#357,.F.);
#357 = EDGE_CURVE('',#22,#358,#360,.T.);
#358 = VERTEX_POINT('',#359);
#359 = CARTESIAN_POINT('',(-27.40190296114,2.653165619615,13.5));
#360 = LINE('',#361,#362);
#361 = CARTESIAN_POINT('',(-18.7398448916,-6.008892449921,13.5));
#362 = VECTOR('',#363,1.);
#363 = DIRECTION('',(-0.707106781187,0.707106781187,0.));
#364 = ORIENTED_EDGE('',*,*,#21,.T.);
#365 = ORIENTED_EDGE('',*,*,#366,.T.);
#366 = EDGE_CURVE('',#24,#367,#369,.T.);
#367 = VERTEX_POINT('',#368);
#368 = CARTESIAN_POINT('',(-65.40889244992,40.660155108391,22.5));
#369 = LINE('',#370,#371);
#370 = CARTESIAN_POINT('',(-18.7398448916,-6.008892449921,22.5));
#371 = VECTOR('',#372,1.);
#372 = DIRECTION('',(-0.707106781187,0.707106781187,0.));
#373 = ORIENTED_EDGE('',*,*,#374,.F.);
#374 = EDGE_CURVE('',#375,#367,#377,.T.);
#375 = VERTEX_POINT('',#376);
#376 = CARTESIAN_POINT('',(-65.40889244992,40.660155108391,13.5));
#377 = LINE('',#378,#379);
#378 = CARTESIAN_POINT('',(-65.40889244992,40.660155108391,13.5));
#379 = VECTOR('',#380,1.);
#380 = DIRECTION('',(0.,0.,1.));
#381 = ORIENTED_EDGE('',*,*,#382,.F.);
#382 = EDGE_CURVE('',#383,#375,#385,.T.);
#383 = VERTEX_POINT('',#384);
#384 = CARTESIAN_POINT('',(-56.74683438038,31.998097038856,13.5));
#385 = LINE('',#386,#387);
#386 = CARTESIAN_POINT('',(-18.7398448916,-6.008892449921,13.5));
#387 = VECTOR('',#388,1.);
#388 = DIRECTION('',(-0.707106781187,0.707106781187,0.));
#389 = ORIENTED_EDGE('',*,*,#390,.F.);
#390 = EDGE_CURVE('',#391,#383,#393,.T.);
#391 = VERTEX_POINT('',#392);
#392 = CARTESIAN_POINT('',(-56.74683438038,31.998097038856,14.7));
#393 = LINE('',#394,#395);
#394 = CARTESIAN_POINT('',(-56.74683438038,31.998097038856,13.5));
#395 = VECTOR('',#396,1.);
#396 = DIRECTION('',(0.,-0.,-1.));
#397 = ORIENTED_EDGE('',*,*,#398,.F.);
#398 = EDGE_CURVE('',#399,#391,#401,.T.);
#399 = VERTEX_POINT('',#400);
#400 = CARTESIAN_POINT('',(-55.6861742086,30.937436867076,14.7));
#401 = LINE('',#402,#403);
#402 = CARTESIAN_POINT('',(-37.2130095501,12.464272208578,14.7));
#403 = VECTOR('',#404,1.);
#404 = DIRECTION('',(-0.707106781187,0.707106781187,0.));
#405 = ORIENTED_EDGE('',*,*,#406,.T.);
#406 = EDGE_CURVE('',#399,#407,#409,.T.);
#407 = VERTEX_POINT('',#408);
#408 = CARTESIAN_POINT('',(-55.6861742086,30.937436867076,13.5));
#409 = LINE('',#410,#411);
#410 = CARTESIAN_POINT('',(-55.6861742086,30.937436867076,13.5));
#411 = VECTOR('',#412,1.);
#412 = DIRECTION('',(0.,-0.,-1.));
#413 = ORIENTED_EDGE('',*,*,#414,.F.);
#414 = EDGE_CURVE('',#415,#407,#417,.T.);
#415 = VERTEX_POINT('',#416);
#416 = CARTESIAN_POINT('',(-42.60469875665,17.855961415125,13.5));
#417 = LINE('',#418,#419);
#418 = CARTESIAN_POINT('',(-18.7398448916,-6.008892449921,13.5));
#419 = VECTOR('',#420,1.);
#420 = DIRECTION('',(-0.707106781187,0.707106781187,0.));
#421 = ORIENTED_EDGE('',*,*,#422,.F.);
#422 = EDGE_CURVE('',#423,#415,#425,.T.);
#423 = VERTEX_POINT('',#424);
#424 = CARTESIAN_POINT('',(-42.60469875665,17.855961415125,14.7));
#425 = LINE('',#426,#427);
#426 = CARTESIAN_POINT('',(-42.60469875665,17.855961415125,13.5));
#427 = VECTOR('',#428,1.);
#428 = DIRECTION('',(0.,-0.,-1.));
#429 = ORIENTED_EDGE('',*,*,#430,.F.);
#430 = EDGE_CURVE('',#431,#423,#433,.T.);
#431 = VERTEX_POINT('',#432);
#432 = CARTESIAN_POINT('',(-41.54403858487,16.795301243346,14.7));
#433 = LINE('',#434,#435);
#434 = CARTESIAN_POINT('',(-30.14194173824,5.393204396712,14.7));
#435 = VECTOR('',#436,1.);
#436 = DIRECTION('',(-0.707106781187,0.707106781187,0.));
#437 = ORIENTED_EDGE('',*,*,#438,.T.);
#438 = EDGE_CURVE('',#431,#439,#441,.T.);
#439 = VERTEX_POINT('',#440);
#440 = CARTESIAN_POINT('',(-41.54403858487,16.795301243346,13.5));
#441 = LINE('',#442,#443);
#442 = CARTESIAN_POINT('',(-41.54403858487,16.795301243346,13.5));
#443 = VECTOR('',#444,1.);
#444 = DIRECTION('',(0.,-0.,-1.));
#445 = ORIENTED_EDGE('',*,*,#446,.F.);
#446 = EDGE_CURVE('',#447,#439,#449,.T.);
#447 = VERTEX_POINT('',#448);
#448 = CARTESIAN_POINT('',(-28.46256313292,3.713825791394,13.5));
#449 = LINE('',#450,#451);
#450 = CARTESIAN_POINT('',(-18.7398448916,-6.008892449921,13.5));
#451 = VECTOR('',#452,1.);
#452 = DIRECTION('',(-0.707106781187,0.707106781187,0.));
#453 = ORIENTED_EDGE('',*,*,#454,.F.);
#454 = EDGE_CURVE('',#455,#447,#457,.T.);
#455 = VERTEX_POINT('',#456);
#456 = CARTESIAN_POINT('',(-28.46256313292,3.713825791394,14.7));
#457 = LINE('',#458,#459);
#458 = CARTESIAN_POINT('',(-28.46256313292,3.713825791394,13.5));
#459 = VECTOR('',#460,1.);
#460 = DIRECTION('',(0.,-0.,-1.));
#461 = ORIENTED_EDGE('',*,*,#462,.F.);
#462 = EDGE_CURVE('',#463,#455,#465,.T.);
#463 = VERTEX_POINT('',#464);
#464 = CARTESIAN_POINT('',(-27.40190296114,2.653165619615,14.7));
#465 = LINE('',#466,#467);
#466 = CARTESIAN_POINT('',(-23.07087392637,-1.677863415153,14.7));
#467 = VECTOR('',#468,1.);
#468 = DIRECTION('',(-0.707106781187,0.707106781187,0.));
#469 = ORIENTED_EDGE('',*,*,#470,.T.);
#470 = EDGE_CURVE('',#463,#358,#471,.T.);
#471 = LINE('',#472,#473);
#472 = CARTESIAN_POINT('',(-27.40190296114,2.653165619615,13.5));
#473 = VECTOR('',#474,1.);
#474 = DIRECTION('',(0.,-0.,-1.));
#475 = PLANE('',#476);
#476 = AXIS2_PLACEMENT_3D('',#477,#478,#479);
#477 = CARTESIAN_POINT('',(-18.7398448916,-6.008892449921,13.5));
#478 = DIRECTION('',(-0.707106781187,-0.707106781187,0.));
#479 = DIRECTION('',(0.,0.,1.));
#480 = ADVANCED_FACE('',(#481),#499,.F.);
#481 = FACE_BOUND('',#482,.F.);
#482 = EDGE_LOOP('',(#483,#484,#492,#498));
#483 = ORIENTED_EDGE('',*,*,#207,.F.);
#484 = ORIENTED_EDGE('',*,*,#485,.T.);
#485 = EDGE_CURVE('',#200,#486,#488,.T.);
#486 = VERTEX_POINT('',#487);
#487 = CARTESIAN_POINT('',(-26.16446609406,3.890602486691,13.5));
#488 = LINE('',#489,#490);
#489 = CARTESIAN_POINT('',(-16.79530124334,-5.478562364031,13.5));
#490 = VECTOR('',#491,1.);
#491 = DIRECTION('',(-0.707106781187,0.707106781187,0.));
#492 = ORIENTED_EDGE('',*,*,#493,.T.);
#493 = EDGE_CURVE('',#486,#358,#494,.T.);
#494 = LINE('',#495,#496);
#495 = CARTESIAN_POINT('',(-1.946058838428,28.10900974233,13.5));
#496 = VECTOR('',#497,1.);
#497 = DIRECTION('',(-0.707106781187,-0.707106781187,0.));
#498 = ORIENTED_EDGE('',*,*,#357,.F.);
#499 = PLANE('',#500);
#500 = AXIS2_PLACEMENT_3D('',#501,#502,#503);
#501 = CARTESIAN_POINT('',(6.008892449921,18.739844891609,13.5));
#502 = DIRECTION('',(0.,0.,1.));
#503 = DIRECTION('',(-0.707106781187,0.707106781187,0.));
#504 = ADVANCED_FACE('',(#505),#530,.F.);
#505 = FACE_BOUND('',#506,.F.);
#506 = EDGE_LOOP('',(#507,#508,#516,#524));
#507 = ORIENTED_EDGE('',*,*,#31,.F.);
#508 = ORIENTED_EDGE('',*,*,#509,.T.);
#509 = EDGE_CURVE('',#24,#510,#512,.T.);
#510 = VERTEX_POINT('',#511);
#511 = CARTESIAN_POINT('',(-20.50761184457,-7.776659402887,22.5));
#512 = LINE('',#513,#514);
#513 = CARTESIAN_POINT('',(-18.7398448916,-6.008892449921,22.5));
#514 = VECTOR('',#515,1.);
#515 = DIRECTION('',(-0.707106781187,-0.707106781187,0.));
#516 = ORIENTED_EDGE('',*,*,#517,.T.);
#517 = EDGE_CURVE('',#510,#518,#520,.T.);
#518 = VERTEX_POINT('',#519);
#519 = CARTESIAN_POINT('',(-20.50761184457,-7.776659402887,26.));
#520 = LINE('',#521,#522);
#521 = CARTESIAN_POINT('',(-20.50761184457,-7.776659402887,22.5));
#522 = VECTOR('',#523,1.);
#523 = DIRECTION('',(0.,0.,1.));
#524 = ORIENTED_EDGE('',*,*,#525,.F.);
#525 = EDGE_CURVE('',#32,#518,#526,.T.);
#526 = LINE('',#527,#528);
#527 = CARTESIAN_POINT('',(-18.7398448916,-6.008892449921,26.));
#528 = VECTOR('',#529,1.);
#529 = DIRECTION('',(-0.707106781187,-0.707106781187,0.));
#530 = PLANE('',#531);
#531 = AXIS2_PLACEMENT_3D('',#532,#533,#534);
#532 = CARTESIAN_POINT('',(-18.7398448916,-6.008892449921,22.5));
#533 = DIRECTION('',(-0.707106781187,0.707106781187,0.));
#534 = DIRECTION('',(0.,0.,1.));
#535 = ADVANCED_FACE('',(#536),#554,.F.);
#536 = FACE_BOUND('',#537,.F.);
#537 = EDGE_LOOP('',(#538,#539,#540,#548));
#538 = ORIENTED_EDGE('',*,*,#485,.F.);
#539 = ORIENTED_EDGE('',*,*,#199,.T.);
#540 = ORIENTED_EDGE('',*,*,#541,.T.);
#541 = EDGE_CURVE('',#192,#542,#544,.T.);
#542 = VERTEX_POINT('',#543);
#543 = CARTESIAN_POINT('',(-26.16446609406,3.890602486691,14.7));
#544 = LINE('',#545,#546);
#545 = CARTESIAN_POINT('',(-16.79530124334,-5.478562364031,14.7));
#546 = VECTOR('',#547,1.);
#547 = DIRECTION('',(-0.707106781187,0.707106781187,0.));
#548 = ORIENTED_EDGE('',*,*,#549,.T.);
#549 = EDGE_CURVE('',#542,#486,#550,.T.);
#550 = LINE('',#551,#552);
#551 = CARTESIAN_POINT('',(-26.16446609406,3.890602486691,13.5));
#552 = VECTOR('',#553,1.);
#553 = DIRECTION('',(0.,-0.,-1.));
#554 = PLANE('',#555);
#555 = AXIS2_PLACEMENT_3D('',#556,#557,#558);
#556 = CARTESIAN_POINT('',(-16.79530124334,-5.478562364031,13.5));
#557 = DIRECTION('',(-0.707106781187,-0.707106781187,0.));
#558 = DIRECTION('',(0.,0.,1.));
#559 = ADVANCED_FACE('',(#560),#585,.T.);
#560 = FACE_BOUND('',#561,.T.);
#561 = EDGE_LOOP('',(#562,#570,#571,#579));
#562 = ORIENTED_EDGE('',*,*,#563,.F.);
#563 = EDGE_CURVE('',#32,#564,#566,.T.);
#564 = VERTEX_POINT('',#565);
#565 = CARTESIAN_POINT('',(-65.40889244992,40.660155108391,26.));
#566 = LINE('',#567,#568);
#567 = CARTESIAN_POINT('',(-18.7398448916,-6.008892449921,26.));
#568 = VECTOR('',#569,1.);
#569 = DIRECTION('',(-0.707106781187,0.707106781187,0.));
#570 = ORIENTED_EDGE('',*,*,#39,.T.);
#571 = ORIENTED_EDGE('',*,*,#572,.T.);
#572 = EDGE_CURVE('',#40,#573,#575,.T.);
#573 = VERTEX_POINT('',#574);
#574 = CARTESIAN_POINT('',(-65.40889244992,40.660155108391,36.5));
#575 = LINE('',#576,#577);
#576 = CARTESIAN_POINT('',(-18.7398448916,-6.008892449921,36.5));
#577 = VECTOR('',#578,1.);
#578 = DIRECTION('',(-0.707106781187,0.707106781187,0.));
#579 = ORIENTED_EDGE('',*,*,#580,.F.);
#580 = EDGE_CURVE('',#564,#573,#581,.T.);
#581 = LINE('',#582,#583);
#582 = CARTESIAN_POINT('',(-65.40889244992,40.660155108391,13.5));
#583 = VECTOR('',#584,1.);
#584 = DIRECTION('',(0.,0.,1.));
#585 = PLANE('',#586);
#586 = AXIS2_PLACEMENT_3D('',#587,#588,#589);
#587 = CARTESIAN_POINT('',(-18.7398448916,-6.008892449921,13.5));
#588 = DIRECTION('',(-0.707106781187,-0.707106781187,0.));
#589 = DIRECTION('',(0.,0.,1.));
#590 = ADVANCED_FACE('',(#591),#609,.F.);
#591 = FACE_BOUND('',#592,.F.);
#592 = EDGE_LOOP('',(#593,#594,#595,#603));
#593 = ORIENTED_EDGE('',*,*,#541,.F.);
#594 = ORIENTED_EDGE('',*,*,#191,.T.);
#595 = ORIENTED_EDGE('',*,*,#596,.T.);
#596 = EDGE_CURVE('',#184,#597,#599,.T.);
#597 = VERTEX_POINT('',#598);
#598 = CARTESIAN_POINT('',(-25.10380592228,4.951262658471,14.7));
#599 = LINE('',#600,#601);
#600 = CARTESIAN_POINT('',(-15.73464107156,-4.417902192251,14.7));
#601 = VECTOR('',#602,1.);
#602 = DIRECTION('',(-0.707106781187,0.707106781187,0.));
#603 = ORIENTED_EDGE('',*,*,#604,.T.);
#604 = EDGE_CURVE('',#597,#542,#605,.T.);
#605 = LINE('',#606,#607);
#606 = CARTESIAN_POINT('',(-1.946058838428,28.10900974233,14.7));
#607 = VECTOR('',#608,1.);
#608 = DIRECTION('',(-0.707106781187,-0.707106781187,0.));
#609 = PLANE('',#610);
#610 = AXIS2_PLACEMENT_3D('',#611,#612,#613);
#611 = CARTESIAN_POINT('',(-15.73464107156,-4.417902192251,14.7));
#612 = DIRECTION('',(0.,0.,1.));
#613 = DIRECTION('',(-0.707106781187,0.707106781187,0.));
#614 = ADVANCED_FACE('',(#615,#633),#667,.T.);
#615 = FACE_BOUND('',#616,.T.);
#616 = EDGE_LOOP('',(#617,#618,#626,#632));
#617 = ORIENTED_EDGE('',*,*,#47,.F.);
#618 = ORIENTED_EDGE('',*,*,#619,.T.);
#619 = EDGE_CURVE('',#48,#620,#622,.T.);
#620 = VERTEX_POINT('',#621);
#621 = CARTESIAN_POINT('',(-40.66015510839,65.408892449921,36.5));
#622 = LINE('',#623,#624);
#623 = CARTESIAN_POINT('',(6.008892449921,18.739844891609,36.5));
#624 = VECTOR('',#625,1.);
#625 = DIRECTION('',(-0.707106781187,0.707106781187,0.));
#626 = ORIENTED_EDGE('',*,*,#627,.T.);
#627 = EDGE_CURVE('',#620,#573,#628,.T.);
#628 = LINE('',#629,#630);
#629 = CARTESIAN_POINT('',(-40.66015510839,65.408892449921,36.5));
#630 = VECTOR('',#631,1.);
#631 = DIRECTION('',(-0.707106781187,-0.707106781187,0.));
#632 = ORIENTED_EDGE('',*,*,#572,.F.);
#633 = FACE_BOUND('',#634,.T.);
#634 = EDGE_LOOP('',(#635,#645,#653,#661));
#635 = ORIENTED_EDGE('',*,*,#636,.T.);
#636 = EDGE_CURVE('',#637,#639,#641,.T.);
#637 = VERTEX_POINT('',#638);
#638 = CARTESIAN_POINT('',(-40.1298250225,60.989475067505,36.5));
#639 = VERTEX_POINT('',#640);
#640 = CARTESIAN_POINT('',(1.589475067505,19.270174977498,36.5));
#641 = LINE('',#642,#643);
#642 = CARTESIAN_POINT('',(2.826911934581,18.032738110422,36.5));
#643 = VECTOR('',#644,1.);
#644 = DIRECTION('',(0.707106781187,-0.707106781187,0.));
#645 = ORIENTED_EDGE('',*,*,#646,.T.);
#646 = EDGE_CURVE('',#639,#647,#649,.T.);
#647 = VERTEX_POINT('',#648);
#648 = CARTESIAN_POINT('',(-19.27017497749,-1.589475067505,36.5));
#649 = LINE('',#650,#651);
#650 = CARTESIAN_POINT('',(2.561746891636,20.24244680163,36.5));
#651 = VECTOR('',#652,1.);
#652 = DIRECTION('',(-0.707106781187,-0.707106781187,0.));
#653 = ORIENTED_EDGE('',*,*,#654,.F.);
#654 = EDGE_CURVE('',#655,#647,#657,.T.);
#655 = VERTEX_POINT('',#656);
#656 = CARTESIAN_POINT('',(-60.9894750675,40.129825022502,36.5));
#657 = LINE('',#658,#659);
#658 = CARTESIAN_POINT('',(-18.03273811042,-2.826911934581,36.5));
#659 = VECTOR('',#660,1.);
#660 = DIRECTION('',(0.707106781187,-0.707106781187,0.));
#661 = ORIENTED_EDGE('',*,*,#662,.F.);
#662 = EDGE_CURVE('',#637,#655,#663,.T.);
#663 = LINE('',#664,#665);
#664 = CARTESIAN_POINT('',(-39.15755319837,61.961746891636,36.5));
#665 = VECTOR('',#666,1.);
#666 = DIRECTION('',(-0.707106781187,-0.707106781187,0.));
#667 = PLANE('',#668);
#668 = AXIS2_PLACEMENT_3D('',#669,#670,#671);
#669 = CARTESIAN_POINT('',(6.008892449921,18.739844891609,36.5));
#670 = DIRECTION('',(0.,0.,1.));
#671 = DIRECTION('',(-0.707106781187,0.707106781187,0.));
#672 = ADVANCED_FACE('',(#673),#691,.T.);
#673 = FACE_BOUND('',#674,.T.);
#674 = EDGE_LOOP('',(#675,#683,#684,#685));
#675 = ORIENTED_EDGE('',*,*,#676,.F.);
#676 = EDGE_CURVE('',#176,#677,#679,.T.);
#677 = VERTEX_POINT('',#678);
#678 = CARTESIAN_POINT('',(-25.10380592228,4.951262658471,13.5));
#679 = LINE('',#680,#681);
#680 = CARTESIAN_POINT('',(-15.73464107156,-4.417902192251,13.5));
#681 = VECTOR('',#682,1.);
#682 = DIRECTION('',(-0.707106781187,0.707106781187,0.));
#683 = ORIENTED_EDGE('',*,*,#183,.T.);
#684 = ORIENTED_EDGE('',*,*,#596,.T.);
#685 = ORIENTED_EDGE('',*,*,#686,.T.);
#686 = EDGE_CURVE('',#597,#677,#687,.T.);
#687 = LINE('',#688,#689);
#688 = CARTESIAN_POINT('',(-25.10380592228,4.951262658471,13.5));
#689 = VECTOR('',#690,1.);
#690 = DIRECTION('',(0.,-0.,-1.));
#691 = PLANE('',#692);
#692 = AXIS2_PLACEMENT_3D('',#693,#694,#695);
#693 = CARTESIAN_POINT('',(-15.73464107156,-4.417902192251,13.5));
#694 = DIRECTION('',(-0.707106781187,-0.707106781187,0.));
#695 = DIRECTION('',(0.,0.,1.));
#696 = ADVANCED_FACE('',(#697),#715,.F.);
#697 = FACE_BOUND('',#698,.F.);
#698 = EDGE_LOOP('',(#699,#707,#708,#709));
#699 = ORIENTED_EDGE('',*,*,#700,.F.);
#700 = EDGE_CURVE('',#56,#701,#703,.T.);
#701 = VERTEX_POINT('',#702);
#702 = CARTESIAN_POINT('',(-40.66015510839,65.408892449921,26.));
#703 = LINE('',#704,#705);
#704 = CARTESIAN_POINT('',(6.008892449921,18.739844891609,26.));
#705 = VECTOR('',#706,1.);
#706 = DIRECTION('',(-0.707106781187,0.707106781187,0.));
#707 = ORIENTED_EDGE('',*,*,#55,.T.);
#708 = ORIENTED_EDGE('',*,*,#619,.T.);
#709 = ORIENTED_EDGE('',*,*,#710,.F.);
#710 = EDGE_CURVE('',#701,#620,#711,.T.);
#711 = LINE('',#712,#713);
#712 = CARTESIAN_POINT('',(-40.66015510839,65.408892449921,13.5));
#713 = VECTOR('',#714,1.);
#714 = DIRECTION('',(0.,0.,1.));
#715 = PLANE('',#716);
#716 = AXIS2_PLACEMENT_3D('',#717,#718,#719);
#717 = CARTESIAN_POINT('',(6.008892449921,18.739844891609,13.5));
#718 = DIRECTION('',(-0.707106781187,-0.707106781187,0.));
#719 = DIRECTION('',(0.,0.,1.));
#720 = ADVANCED_FACE('',(#721),#739,.F.);
#721 = FACE_BOUND('',#722,.F.);
#722 = EDGE_LOOP('',(#723,#724,#732,#738));
#723 = ORIENTED_EDGE('',*,*,#175,.F.);
#724 = ORIENTED_EDGE('',*,*,#725,.T.);
#725 = EDGE_CURVE('',#168,#726,#728,.T.);
#726 = VERTEX_POINT('',#727);
#727 = CARTESIAN_POINT('',(-20.86116523516,9.19390334559,13.5));
#728 = LINE('',#729,#730);
#729 = CARTESIAN_POINT('',(-11.49200038444,-0.175261505132,13.5));
#730 = VECTOR('',#731,1.);
#731 = DIRECTION('',(-0.707106781187,0.707106781187,0.));
#732 = ORIENTED_EDGE('',*,*,#733,.T.);
#733 = EDGE_CURVE('',#726,#677,#734,.T.);
#734 = LINE('',#735,#736);
#735 = CARTESIAN_POINT('',(-1.946058838428,28.10900974233,13.5));
#736 = VECTOR('',#737,1.);
#737 = DIRECTION('',(-0.707106781187,-0.707106781187,0.));
#738 = ORIENTED_EDGE('',*,*,#676,.F.);
#739 = PLANE('',#740);
#740 = AXIS2_PLACEMENT_3D('',#741,#742,#743);
#741 = CARTESIAN_POINT('',(6.008892449921,18.739844891609,13.5));
#742 = DIRECTION('',(0.,0.,1.));
#743 = DIRECTION('',(-0.707106781187,0.707106781187,0.));
#744 = ADVANCED_FACE('',(#745),#770,.F.);
#745 = FACE_BOUND('',#746,.F.);
#746 = EDGE_LOOP('',(#747,#757,#763,#764));
#747 = ORIENTED_EDGE('',*,*,#748,.F.);
#748 = EDGE_CURVE('',#749,#751,#753,.T.);
#749 = VERTEX_POINT('',#750);
#750 = CARTESIAN_POINT('',(7.776659402887,20.507611844575,22.5));
#751 = VERTEX_POINT('',#752);
#752 = CARTESIAN_POINT('',(7.776659402887,20.507611844575,26.));
#753 = LINE('',#754,#755);
#754 = CARTESIAN_POINT('',(7.776659402887,20.507611844575,22.5));
#755 = VECTOR('',#756,1.);
#756 = DIRECTION('',(0.,0.,1.));
#757 = ORIENTED_EDGE('',*,*,#758,.T.);
#758 = EDGE_CURVE('',#749,#64,#759,.T.);
#759 = LINE('',#760,#761);
#760 = CARTESIAN_POINT('',(7.776659402887,20.507611844575,22.5));
#761 = VECTOR('',#762,1.);
#762 = DIRECTION('',(-0.707106781187,-0.707106781187,0.));
#763 = ORIENTED_EDGE('',*,*,#63,.T.);
#764 = ORIENTED_EDGE('',*,*,#765,.F.);
#765 = EDGE_CURVE('',#751,#56,#766,.T.);
#766 = LINE('',#767,#768);
#767 = CARTESIAN_POINT('',(7.776659402887,20.507611844575,26.));
#768 = VECTOR('',#769,1.);
#769 = DIRECTION('',(-0.707106781187,-0.707106781187,0.));
#770 = PLANE('',#771);
#771 = AXIS2_PLACEMENT_3D('',#772,#773,#774);
#772 = CARTESIAN_POINT('',(7.776659402887,20.507611844575,22.5));
#773 = DIRECTION('',(-0.707106781187,0.707106781187,0.));
#774 = DIRECTION('',(0.,0.,1.));
#775 = ADVANCED_FACE('',(#776),#794,.F.);
#776 = FACE_BOUND('',#777,.F.);
#777 = EDGE_LOOP('',(#778,#779,#780,#788));
#778 = ORIENTED_EDGE('',*,*,#725,.F.);
#779 = ORIENTED_EDGE('',*,*,#167,.T.);
#780 = ORIENTED_EDGE('',*,*,#781,.T.);
#781 = EDGE_CURVE('',#160,#782,#784,.T.);
#782 = VERTEX_POINT('',#783);
#783 = CARTESIAN_POINT('',(-20.86116523516,9.19390334559,14.7));
#784 = LINE('',#785,#786);
#785 = CARTESIAN_POINT('',(-11.49200038444,-0.175261505132,14.7));
#786 = VECTOR('',#787,1.);
#787 = DIRECTION('',(-0.707106781187,0.707106781187,0.));
#788 = ORIENTED_EDGE('',*,*,#789,.T.);
#789 = EDGE_CURVE('',#782,#726,#790,.T.);
#790 = LINE('',#791,#792);
#791 = CARTESIAN_POINT('',(-20.86116523516,9.19390334559,13.5));
#792 = VECTOR('',#793,1.);
#793 = DIRECTION('',(0.,-0.,-1.));
#794 = PLANE('',#795);
#795 = AXIS2_PLACEMENT_3D('',#796,#797,#798);
#796 = CARTESIAN_POINT('',(-11.49200038444,-0.175261505132,13.5));
#797 = DIRECTION('',(-0.707106781187,-0.707106781187,0.));
#798 = DIRECTION('',(0.,0.,1.));
#799 = ADVANCED_FACE('',(#800),#921,.F.);
#800 = FACE_BOUND('',#801,.F.);
#801 = EDGE_LOOP('',(#802,#810,#811,#819,#827,#835,#843,#851,#859,#867,
    #875,#883,#891,#899,#907,#915));
#802 = ORIENTED_EDGE('',*,*,#803,.F.);
#803 = EDGE_CURVE('',#72,#804,#806,.T.);
#804 = VERTEX_POINT('',#805);
#805 = CARTESIAN_POINT('',(-2.653165619615,27.401902961144,13.5));
#806 = LINE('',#807,#808);
#807 = CARTESIAN_POINT('',(6.008892449921,18.739844891609,13.5));
#808 = VECTOR('',#809,1.);
#809 = DIRECTION('',(-0.707106781187,0.707106781187,0.));
#810 = ORIENTED_EDGE('',*,*,#71,.T.);
#811 = ORIENTED_EDGE('',*,*,#812,.T.);
#812 = EDGE_CURVE('',#64,#813,#815,.T.);
#813 = VERTEX_POINT('',#814);
#814 = CARTESIAN_POINT('',(-40.66015510839,65.408892449921,22.5));
#815 = LINE('',#816,#817);
#816 = CARTESIAN_POINT('',(6.008892449921,18.739844891609,22.5));
#817 = VECTOR('',#818,1.);
#818 = DIRECTION('',(-0.707106781187,0.707106781187,0.));
#819 = ORIENTED_EDGE('',*,*,#820,.F.);
#820 = EDGE_CURVE('',#821,#813,#823,.T.);
#821 = VERTEX_POINT('',#822);
#822 = CARTESIAN_POINT('',(-40.66015510839,65.408892449921,13.5));
#823 = LINE('',#824,#825);
#824 = CARTESIAN_POINT('',(-40.66015510839,65.408892449921,13.5));
#825 = VECTOR('',#826,1.);
#826 = DIRECTION('',(0.,0.,1.));
#827 = ORIENTED_EDGE('',*,*,#828,.F.);
#828 = EDGE_CURVE('',#829,#821,#831,.T.);
#829 = VERTEX_POINT('',#830);
#830 = CARTESIAN_POINT('',(-31.99809703885,56.746834380385,13.5));
#831 = LINE('',#832,#833);
#832 = CARTESIAN_POINT('',(6.008892449921,18.739844891609,13.5));
#833 = VECTOR('',#834,1.);
#834 = DIRECTION('',(-0.707106781187,0.707106781187,0.));
#835 = ORIENTED_EDGE('',*,*,#836,.F.);
#836 = EDGE_CURVE('',#837,#829,#839,.T.);
#837 = VERTEX_POINT('',#838);
#838 = CARTESIAN_POINT('',(-31.99809703885,56.746834380385,14.7));
#839 = LINE('',#840,#841);
#840 = CARTESIAN_POINT('',(-31.99809703885,56.746834380385,13.5));
#841 = VECTOR('',#842,1.);
#842 = DIRECTION('',(0.,-0.,-1.));
#843 = ORIENTED_EDGE('',*,*,#844,.F.);
#844 = EDGE_CURVE('',#845,#837,#847,.T.);
#845 = VERTEX_POINT('',#846);
#846 = CARTESIAN_POINT('',(-30.93743686707,55.686174208606,14.7));
#847 = LINE('',#848,#849);
#848 = CARTESIAN_POINT('',(-12.46427220857,37.213009550107,14.7));
#849 = VECTOR('',#850,1.);
#850 = DIRECTION('',(-0.707106781187,0.707106781187,0.));
#851 = ORIENTED_EDGE('',*,*,#852,.T.);
#852 = EDGE_CURVE('',#845,#853,#855,.T.);
#853 = VERTEX_POINT('',#854);
#854 = CARTESIAN_POINT('',(-30.93743686707,55.686174208606,13.5));
#855 = LINE('',#856,#857);
#856 = CARTESIAN_POINT('',(-30.93743686707,55.686174208606,13.5));
#857 = VECTOR('',#858,1.);
#858 = DIRECTION('',(0.,-0.,-1.));
#859 = ORIENTED_EDGE('',*,*,#860,.F.);
#860 = EDGE_CURVE('',#861,#853,#863,.T.);
#861 = VERTEX_POINT('',#862);
#862 = CARTESIAN_POINT('',(-17.85596141512,42.604698756654,13.5));
#863 = LINE('',#864,#865);
#864 = CARTESIAN_POINT('',(6.008892449921,18.739844891609,13.5));
#865 = VECTOR('',#866,1.);
#866 = DIRECTION('',(-0.707106781187,0.707106781187,0.));
#867 = ORIENTED_EDGE('',*,*,#868,.F.);
#868 = EDGE_CURVE('',#869,#861,#871,.T.);
#869 = VERTEX_POINT('',#870);
#870 = CARTESIAN_POINT('',(-17.85596141512,42.604698756654,14.7));
#871 = LINE('',#872,#873);
#872 = CARTESIAN_POINT('',(-17.85596141512,42.604698756654,13.5));
#873 = VECTOR('',#874,1.);
#874 = DIRECTION('',(0.,-0.,-1.));
#875 = ORIENTED_EDGE('',*,*,#876,.F.);
#876 = EDGE_CURVE('',#877,#869,#879,.T.);
#877 = VERTEX_POINT('',#878);
#878 = CARTESIAN_POINT('',(-16.79530124334,41.544038584875,14.7));
#879 = LINE('',#880,#881);
#880 = CARTESIAN_POINT('',(-5.393204396712,30.141941738242,14.7));
#881 = VECTOR('',#882,1.);
#882 = DIRECTION('',(-0.707106781187,0.707106781187,0.));
#883 = ORIENTED_EDGE('',*,*,#884,.T.);
#884 = EDGE_CURVE('',#877,#885,#887,.T.);
#885 = VERTEX_POINT('',#886);
#886 = CARTESIAN_POINT('',(-16.79530124334,41.544038584875,13.5));
#887 = LINE('',#888,#889);
#888 = CARTESIAN_POINT('',(-16.79530124334,41.544038584875,13.5));
#889 = VECTOR('',#890,1.);
#890 = DIRECTION('',(0.,-0.,-1.));
#891 = ORIENTED_EDGE('',*,*,#892,.F.);
#892 = EDGE_CURVE('',#893,#885,#895,.T.);
#893 = VERTEX_POINT('',#894);
#894 = CARTESIAN_POINT('',(-3.713825791394,28.462563132924,13.5));
#895 = LINE('',#896,#897);
#896 = CARTESIAN_POINT('',(6.008892449921,18.739844891609,13.5));
#897 = VECTOR('',#898,1.);
#898 = DIRECTION('',(-0.707106781187,0.707106781187,0.));
#899 = ORIENTED_EDGE('',*,*,#900,.F.);
#900 = EDGE_CURVE('',#901,#893,#903,.T.);
#901 = VERTEX_POINT('',#902);
#902 = CARTESIAN_POINT('',(-3.713825791394,28.462563132924,14.7));
#903 = LINE('',#904,#905);
#904 = CARTESIAN_POINT('',(-3.713825791394,28.462563132924,13.5));
#905 = VECTOR('',#906,1.);
#906 = DIRECTION('',(0.,-0.,-1.));
#907 = ORIENTED_EDGE('',*,*,#908,.F.);
#908 = EDGE_CURVE('',#909,#901,#911,.T.);
#909 = VERTEX_POINT('',#910);
#910 = CARTESIAN_POINT('',(-2.653165619615,27.401902961144,14.7));
#911 = LINE('',#912,#913);
#912 = CARTESIAN_POINT('',(1.677863415153,23.070873926376,14.7));
#913 = VECTOR('',#914,1.);
#914 = DIRECTION('',(-0.707106781187,0.707106781187,0.));
#915 = ORIENTED_EDGE('',*,*,#916,.T.);
#916 = EDGE_CURVE('',#909,#804,#917,.T.);
#917 = LINE('',#918,#919);
#918 = CARTESIAN_POINT('',(-2.653165619615,27.401902961144,13.5));
#919 = VECTOR('',#920,1.);
#920 = DIRECTION('',(0.,-0.,-1.));
#921 = PLANE('',#922);
#922 = AXIS2_PLACEMENT_3D('',#923,#924,#925);
#923 = CARTESIAN_POINT('',(6.008892449921,18.739844891609,13.5));
#924 = DIRECTION('',(-0.707106781187,-0.707106781187,0.));
#925 = DIRECTION('',(0.,0.,1.));
#926 = ADVANCED_FACE('',(#927),#945,.F.);
#927 = FACE_BOUND('',#928,.F.);
#928 = EDGE_LOOP('',(#929,#930,#931,#939));
#929 = ORIENTED_EDGE('',*,*,#781,.F.);
#930 = ORIENTED_EDGE('',*,*,#159,.T.);
#931 = ORIENTED_EDGE('',*,*,#932,.T.);
#932 = EDGE_CURVE('',#152,#933,#935,.T.);
#933 = VERTEX_POINT('',#934);
#934 = CARTESIAN_POINT('',(-19.80050506338,10.25456351737,14.7));
#935 = LINE('',#936,#937);
#936 = CARTESIAN_POINT('',(-10.43134021266,0.885398666648,14.7));
#937 = VECTOR('',#938,1.);
#938 = DIRECTION('',(-0.707106781187,0.707106781187,0.));
#939 = ORIENTED_EDGE('',*,*,#940,.T.);
#940 = EDGE_CURVE('',#933,#782,#941,.T.);
#941 = LINE('',#942,#943);
#942 = CARTESIAN_POINT('',(-1.946058838428,28.10900974233,14.7));
#943 = VECTOR('',#944,1.);
#944 = DIRECTION('',(-0.707106781187,-0.707106781187,0.));
#945 = PLANE('',#946);
#946 = AXIS2_PLACEMENT_3D('',#947,#948,#949);
#947 = CARTESIAN_POINT('',(-10.43134021266,0.885398666648,14.7));
#948 = DIRECTION('',(0.,0.,1.));
#949 = DIRECTION('',(-0.707106781187,0.707106781187,0.));
#950 = ADVANCED_FACE('',(#951),#969,.F.);
#951 = FACE_BOUND('',#952,.F.);
#952 = EDGE_LOOP('',(#953,#954,#955,#963));
#953 = ORIENTED_EDGE('',*,*,#79,.F.);
#954 = ORIENTED_EDGE('',*,*,#803,.T.);
#955 = ORIENTED_EDGE('',*,*,#956,.T.);
#956 = EDGE_CURVE('',#804,#957,#959,.T.);
#957 = VERTEX_POINT('',#958);
#958 = CARTESIAN_POINT('',(-3.890602486691,26.164466094067,13.5));
#959 = LINE('',#960,#961);
#960 = CARTESIAN_POINT('',(-1.946058838428,28.10900974233,13.5));
#961 = VECTOR('',#962,1.);
#962 = DIRECTION('',(-0.707106781187,-0.707106781187,0.));
#963 = ORIENTED_EDGE('',*,*,#964,.F.);
#964 = EDGE_CURVE('',#80,#957,#965,.T.);
#965 = LINE('',#966,#967);
#966 = CARTESIAN_POINT('',(5.478562364031,16.795301243345,13.5));
#967 = VECTOR('',#968,1.);
#968 = DIRECTION('',(-0.707106781187,0.707106781187,0.));
#969 = PLANE('',#970);
#970 = AXIS2_PLACEMENT_3D('',#971,#972,#973);
#971 = CARTESIAN_POINT('',(6.008892449921,18.739844891609,13.5));
#972 = DIRECTION('',(0.,0.,1.));
#973 = DIRECTION('',(-0.707106781187,0.707106781187,0.));
#974 = ADVANCED_FACE('',(#975),#993,.T.);
#975 = FACE_BOUND('',#976,.T.);
#976 = EDGE_LOOP('',(#977,#985,#986,#987));
#977 = ORIENTED_EDGE('',*,*,#978,.F.);
#978 = EDGE_CURVE('',#144,#979,#981,.T.);
#979 = VERTEX_POINT('',#980);
#980 = CARTESIAN_POINT('',(-19.80050506338,10.25456351737,13.5));
#981 = LINE('',#982,#983);
#982 = CARTESIAN_POINT('',(-10.43134021266,0.885398666648,13.5));
#983 = VECTOR('',#984,1.);
#984 = DIRECTION('',(-0.707106781187,0.707106781187,0.));
#985 = ORIENTED_EDGE('',*,*,#151,.T.);
#986 = ORIENTED_EDGE('',*,*,#932,.T.);
#987 = ORIENTED_EDGE('',*,*,#988,.T.);
#988 = EDGE_CURVE('',#933,#979,#989,.T.);
#989 = LINE('',#990,#991);
#990 = CARTESIAN_POINT('',(-19.80050506338,10.25456351737,13.5));
#991 = VECTOR('',#992,1.);
#992 = DIRECTION('',(0.,-0.,-1.));
#993 = PLANE('',#994);
#994 = AXIS2_PLACEMENT_3D('',#995,#996,#997);
#995 = CARTESIAN_POINT('',(-10.43134021266,0.885398666648,13.5));
#996 = DIRECTION('',(-0.707106781187,-0.707106781187,0.));
#997 = DIRECTION('',(0.,0.,1.));
#998 = ADVANCED_FACE('',(#999),#1017,.T.);
#999 = FACE_BOUND('',#1000,.T.);
#1000 = EDGE_LOOP('',(#1001,#1002,#1003,#1011));
#1001 = ORIENTED_EDGE('',*,*,#964,.F.);
#1002 = ORIENTED_EDGE('',*,*,#87,.T.);
#1003 = ORIENTED_EDGE('',*,*,#1004,.T.);
#1004 = EDGE_CURVE('',#88,#1005,#1007,.T.);
#1005 = VERTEX_POINT('',#1006);
#1006 = CARTESIAN_POINT('',(-3.890602486691,26.164466094067,14.7));
#1007 = LINE('',#1008,#1009);
#1008 = CARTESIAN_POINT('',(5.478562364031,16.795301243345,14.7));
#1009 = VECTOR('',#1010,1.);
#1010 = DIRECTION('',(-0.707106781187,0.707106781187,0.));
#1011 = ORIENTED_EDGE('',*,*,#1012,.T.);
#1012 = EDGE_CURVE('',#1005,#957,#1013,.T.);
#1013 = LINE('',#1014,#1015);
#1014 = CARTESIAN_POINT('',(-3.890602486691,26.164466094067,13.5));
#1015 = VECTOR('',#1016,1.);
#1016 = DIRECTION('',(0.,-0.,-1.));
#1017 = PLANE('',#1018);
#1018 = AXIS2_PLACEMENT_3D('',#1019,#1020,#1021);
#1019 = CARTESIAN_POINT('',(5.478562364031,16.795301243345,13.5));
#1020 = DIRECTION('',(-0.707106781187,-0.707106781187,0.));
#1021 = DIRECTION('',(0.,0.,1.));
#1022 = ADVANCED_FACE('',(#1023),#1041,.F.);
#1023 = FACE_BOUND('',#1024,.F.);
#1024 = EDGE_LOOP('',(#1025,#1026,#1034,#1040));
#1025 = ORIENTED_EDGE('',*,*,#143,.F.);
#1026 = ORIENTED_EDGE('',*,*,#1027,.T.);
#1027 = EDGE_CURVE('',#136,#1028,#1030,.T.);
#1028 = VERTEX_POINT('',#1029);
#1029 = CARTESIAN_POINT('',(-10.25456351737,19.800505063388,13.5));
#1030 = LINE('',#1031,#1032);
#1031 = CARTESIAN_POINT('',(-0.885398666648,10.431340212667,13.5));
#1032 = VECTOR('',#1033,1.);
#1033 = DIRECTION('',(-0.707106781187,0.707106781187,0.));
#1034 = ORIENTED_EDGE('',*,*,#1035,.T.);
#1035 = EDGE_CURVE('',#1028,#979,#1036,.T.);
#1036 = LINE('',#1037,#1038);
#1037 = CARTESIAN_POINT('',(-1.946058838428,28.10900974233,13.5));
#1038 = VECTOR('',#1039,1.);
#1039 = DIRECTION('',(-0.707106781187,-0.707106781187,0.));
#1040 = ORIENTED_EDGE('',*,*,#978,.F.);
#1041 = PLANE('',#1042);
#1042 = AXIS2_PLACEMENT_3D('',#1043,#1044,#1045);
#1043 = CARTESIAN_POINT('',(6.008892449921,18.739844891609,13.5));
#1044 = DIRECTION('',(0.,0.,1.));
#1045 = DIRECTION('',(-0.707106781187,0.707106781187,0.));
#1046 = ADVANCED_FACE('',(#1047),#1065,.F.);
#1047 = FACE_BOUND('',#1048,.F.);
#1048 = EDGE_LOOP('',(#1049,#1057,#1058,#1059));
#1049 = ORIENTED_EDGE('',*,*,#1050,.F.);
#1050 = EDGE_CURVE('',#96,#1051,#1053,.T.);
#1051 = VERTEX_POINT('',#1052);
#1052 = CARTESIAN_POINT('',(-4.951262658471,25.103805922287,14.7));
#1053 = LINE('',#1054,#1055);
#1054 = CARTESIAN_POINT('',(4.417902192251,15.734641071566,14.7));
#1055 = VECTOR('',#1056,1.);
#1056 = DIRECTION('',(-0.707106781187,0.707106781187,0.));
#1057 = ORIENTED_EDGE('',*,*,#95,.T.);
#1058 = ORIENTED_EDGE('',*,*,#1004,.T.);
#1059 = ORIENTED_EDGE('',*,*,#1060,.T.);
#1060 = EDGE_CURVE('',#1005,#1051,#1061,.T.);
#1061 = LINE('',#1062,#1063);
#1062 = CARTESIAN_POINT('',(-1.946058838428,28.10900974233,14.7));
#1063 = VECTOR('',#1064,1.);
#1064 = DIRECTION('',(-0.707106781187,-0.707106781187,0.));
#1065 = PLANE('',#1066);
#1066 = AXIS2_PLACEMENT_3D('',#1067,#1068,#1069);
#1067 = CARTESIAN_POINT('',(5.478562364031,16.795301243345,14.7));
#1068 = DIRECTION('',(0.,0.,1.));
#1069 = DIRECTION('',(-0.707106781187,0.707106781187,0.));
#1070 = ADVANCED_FACE('',(#1071),#1089,.F.);
#1071 = FACE_BOUND('',#1072,.F.);
#1072 = EDGE_LOOP('',(#1073,#1074,#1075,#1083));
#1073 = ORIENTED_EDGE('',*,*,#1027,.F.);
#1074 = ORIENTED_EDGE('',*,*,#135,.T.);
#1075 = ORIENTED_EDGE('',*,*,#1076,.T.);
#1076 = EDGE_CURVE('',#128,#1077,#1079,.T.);
#1077 = VERTEX_POINT('',#1078);
#1078 = CARTESIAN_POINT('',(-10.25456351737,19.800505063388,14.7));
#1079 = LINE('',#1080,#1081);
#1080 = CARTESIAN_POINT('',(-0.885398666648,10.431340212667,14.7));
#1081 = VECTOR('',#1082,1.);
#1082 = DIRECTION('',(-0.707106781187,0.707106781187,0.));
#1083 = ORIENTED_EDGE('',*,*,#1084,.T.);
#1084 = EDGE_CURVE('',#1077,#1028,#1085,.T.);
#1085 = LINE('',#1086,#1087);
#1086 = CARTESIAN_POINT('',(-10.25456351737,19.800505063388,13.5));
#1087 = VECTOR('',#1088,1.);
#1088 = DIRECTION('',(0.,-0.,-1.));
#1089 = PLANE('',#1090);
#1090 = AXIS2_PLACEMENT_3D('',#1091,#1092,#1093);
#1091 = CARTESIAN_POINT('',(-0.885398666648,10.431340212667,13.5));
#1092 = DIRECTION('',(-0.707106781187,-0.707106781187,0.));
#1093 = DIRECTION('',(0.,0.,1.));
#1094 = ADVANCED_FACE('',(#1095),#1113,.F.);
#1095 = FACE_BOUND('',#1096,.F.);
#1096 = EDGE_LOOP('',(#1097,#1105,#1106,#1107));
#1097 = ORIENTED_EDGE('',*,*,#1098,.F.);
#1098 = EDGE_CURVE('',#104,#1099,#1101,.T.);
#1099 = VERTEX_POINT('',#1100);
#1100 = CARTESIAN_POINT('',(-4.951262658471,25.103805922287,13.5));
#1101 = LINE('',#1102,#1103);
#1102 = CARTESIAN_POINT('',(4.417902192251,15.734641071566,13.5));
#1103 = VECTOR('',#1104,1.);
#1104 = DIRECTION('',(-0.707106781187,0.707106781187,0.));
#1105 = ORIENTED_EDGE('',*,*,#103,.T.);
#1106 = ORIENTED_EDGE('',*,*,#1050,.T.);
#1107 = ORIENTED_EDGE('',*,*,#1108,.T.);
#1108 = EDGE_CURVE('',#1051,#1099,#1109,.T.);
#1109 = LINE('',#1110,#1111);
#1110 = CARTESIAN_POINT('',(-4.951262658471,25.103805922287,13.5));
#1111 = VECTOR('',#1112,1.);
#1112 = DIRECTION('',(0.,-0.,-1.));
#1113 = PLANE('',#1114);
#1114 = AXIS2_PLACEMENT_3D('',#1115,#1116,#1117);
#1115 = CARTESIAN_POINT('',(4.417902192251,15.734641071566,13.5));
#1116 = DIRECTION('',(-0.707106781187,-0.707106781187,0.));
#1117 = DIRECTION('',(0.,0.,1.));
#1118 = ADVANCED_FACE('',(#1119),#1137,.F.);
#1119 = FACE_BOUND('',#1120,.F.);
#1120 = EDGE_LOOP('',(#1121,#1122,#1123,#1131));
#1121 = ORIENTED_EDGE('',*,*,#1076,.F.);
#1122 = ORIENTED_EDGE('',*,*,#127,.T.);
#1123 = ORIENTED_EDGE('',*,*,#1124,.T.);
#1124 = EDGE_CURVE('',#120,#1125,#1127,.T.);
#1125 = VERTEX_POINT('',#1126);
#1126 = CARTESIAN_POINT('',(-9.19390334559,20.861165235168,14.7));
#1127 = LINE('',#1128,#1129);
#1128 = CARTESIAN_POINT('',(0.175261505132,11.492000384446,14.7));
#1129 = VECTOR('',#1130,1.);
#1130 = DIRECTION('',(-0.707106781187,0.707106781187,0.));
#1131 = ORIENTED_EDGE('',*,*,#1132,.T.);
#1132 = EDGE_CURVE('',#1125,#1077,#1133,.T.);
#1133 = LINE('',#1134,#1135);
#1134 = CARTESIAN_POINT('',(-1.946058838428,28.10900974233,14.7));
#1135 = VECTOR('',#1136,1.);
#1136 = DIRECTION('',(-0.707106781187,-0.707106781187,0.));
#1137 = PLANE('',#1138);
#1138 = AXIS2_PLACEMENT_3D('',#1139,#1140,#1141);
#1139 = CARTESIAN_POINT('',(0.175261505132,11.492000384446,14.7));
#1140 = DIRECTION('',(0.,0.,1.));
#1141 = DIRECTION('',(-0.707106781187,0.707106781187,0.));
#1142 = ADVANCED_FACE('',(#1143),#1161,.F.);
#1143 = FACE_BOUND('',#1144,.F.);
#1144 = EDGE_LOOP('',(#1145,#1146,#1147,#1155));
#1145 = ORIENTED_EDGE('',*,*,#111,.F.);
#1146 = ORIENTED_EDGE('',*,*,#1098,.T.);
#1147 = ORIENTED_EDGE('',*,*,#1148,.T.);
#1148 = EDGE_CURVE('',#1099,#1149,#1151,.T.);
#1149 = VERTEX_POINT('',#1150);
#1150 = CARTESIAN_POINT('',(-9.19390334559,20.861165235168,13.5));
#1151 = LINE('',#1152,#1153);
#1152 = CARTESIAN_POINT('',(-1.946058838428,28.10900974233,13.5));
#1153 = VECTOR('',#1154,1.);
#1154 = DIRECTION('',(-0.707106781187,-0.707106781187,0.));
#1155 = ORIENTED_EDGE('',*,*,#1156,.F.);
#1156 = EDGE_CURVE('',#112,#1149,#1157,.T.);
#1157 = LINE('',#1158,#1159);
#1158 = CARTESIAN_POINT('',(0.175261505132,11.492000384446,13.5));
#1159 = VECTOR('',#1160,1.);
#1160 = DIRECTION('',(-0.707106781187,0.707106781187,0.));
#1161 = PLANE('',#1162);
#1162 = AXIS2_PLACEMENT_3D('',#1163,#1164,#1165);
#1163 = CARTESIAN_POINT('',(6.008892449921,18.739844891609,13.5));
#1164 = DIRECTION('',(0.,0.,1.));
#1165 = DIRECTION('',(-0.707106781187,0.707106781187,0.));
#1166 = ADVANCED_FACE('',(#1167),#1178,.T.);
#1167 = FACE_BOUND('',#1168,.T.);
#1168 = EDGE_LOOP('',(#1169,#1170,#1171,#1172));
#1169 = ORIENTED_EDGE('',*,*,#1156,.F.);
#1170 = ORIENTED_EDGE('',*,*,#119,.T.);
#1171 = ORIENTED_EDGE('',*,*,#1124,.T.);
#1172 = ORIENTED_EDGE('',*,*,#1173,.T.);
#1173 = EDGE_CURVE('',#1125,#1149,#1174,.T.);
#1174 = LINE('',#1175,#1176);
#1175 = CARTESIAN_POINT('',(-9.19390334559,20.861165235168,13.5));
#1176 = VECTOR('',#1177,1.);
#1177 = DIRECTION('',(0.,-0.,-1.));
#1178 = PLANE('',#1179);
#1179 = AXIS2_PLACEMENT_3D('',#1180,#1181,#1182);
#1180 = CARTESIAN_POINT('',(0.175261505132,11.492000384446,13.5));
#1181 = DIRECTION('',(-0.707106781187,-0.707106781187,0.));
#1182 = DIRECTION('',(0.,0.,1.));
#1183 = ADVANCED_FACE('',(#1184),#1209,.F.);
#1184 = FACE_BOUND('',#1185,.F.);
#1185 = EDGE_LOOP('',(#1186,#1194,#1202,#1208));
#1186 = ORIENTED_EDGE('',*,*,#1187,.F.);
#1187 = EDGE_CURVE('',#1188,#216,#1190,.T.);
#1188 = VERTEX_POINT('',#1189);
#1189 = CARTESIAN_POINT('',(-11.73948775786,-4.665389565666,19.5));
#1190 = LINE('',#1191,#1192);
#1191 = CARTESIAN_POINT('',(-11.73948775786,-4.665389565666,19.5));
#1192 = VECTOR('',#1193,1.);
#1193 = DIRECTION('',(-0.707106781187,0.707106781187,0.));
#1194 = ORIENTED_EDGE('',*,*,#1195,.F.);
#1195 = EDGE_CURVE('',#1196,#1188,#1198,.T.);
#1196 = VERTEX_POINT('',#1197);
#1197 = CARTESIAN_POINT('',(-9.476746058065,-2.402647865869,19.5));
#1198 = LINE('',#1199,#1200);
#1199 = CARTESIAN_POINT('',(-9.476746058065,-2.402647865869,19.5));
#1200 = VECTOR('',#1201,1.);
#1201 = DIRECTION('',(-0.707106781187,-0.707106781187,0.));
#1202 = ORIENTED_EDGE('',*,*,#1203,.T.);
#1203 = EDGE_CURVE('',#1196,#218,#1204,.T.);
#1204 = LINE('',#1205,#1206);
#1205 = CARTESIAN_POINT('',(-9.476746058065,-2.402647865869,19.5));
#1206 = VECTOR('',#1207,1.);
#1207 = DIRECTION('',(-0.707106781187,0.707106781187,0.));
#1208 = ORIENTED_EDGE('',*,*,#215,.F.);
#1209 = PLANE('',#1210);
#1210 = AXIS2_PLACEMENT_3D('',#1211,#1212,#1213);
#1211 = CARTESIAN_POINT('',(-9.476746058065,-2.402647865869,19.5));
#1212 = DIRECTION('',(0.,0.,1.));
#1213 = DIRECTION('',(-0.707106781187,0.707106781187,0.));
#1214 = ADVANCED_FACE('',(#1215),#1233,.T.);
#1215 = FACE_BOUND('',#1216,.T.);
#1216 = EDGE_LOOP('',(#1217,#1218,#1226,#1232));
#1217 = ORIENTED_EDGE('',*,*,#1187,.F.);
#1218 = ORIENTED_EDGE('',*,*,#1219,.T.);
#1219 = EDGE_CURVE('',#1188,#1220,#1222,.T.);
#1220 = VERTEX_POINT('',#1221);
#1221 = CARTESIAN_POINT('',(-11.73948775786,-4.665389565666,20.9));
#1222 = LINE('',#1223,#1224);
#1223 = CARTESIAN_POINT('',(-11.73948775786,-4.665389565666,19.5));
#1224 = VECTOR('',#1225,1.);
#1225 = DIRECTION('',(0.,0.,1.));
#1226 = ORIENTED_EDGE('',*,*,#1227,.T.);
#1227 = EDGE_CURVE('',#1220,#234,#1228,.T.);
#1228 = LINE('',#1229,#1230);
#1229 = CARTESIAN_POINT('',(-11.73948775786,-4.665389565666,20.9));
#1230 = VECTOR('',#1231,1.);
#1231 = DIRECTION('',(-0.707106781187,0.707106781187,0.));
#1232 = ORIENTED_EDGE('',*,*,#241,.F.);
#1233 = PLANE('',#1234);
#1234 = AXIS2_PLACEMENT_3D('',#1235,#1236,#1237);
#1235 = CARTESIAN_POINT('',(-11.73948775786,-4.665389565666,19.5));
#1236 = DIRECTION('',(-0.707106781187,-0.707106781187,0.));
#1237 = DIRECTION('',(0.,0.,1.));
#1238 = ADVANCED_FACE('',(#1239),#1257,.T.);
#1239 = FACE_BOUND('',#1240,.T.);
#1240 = EDGE_LOOP('',(#1241,#1242,#1250,#1256));
#1241 = ORIENTED_EDGE('',*,*,#1227,.F.);
#1242 = ORIENTED_EDGE('',*,*,#1243,.F.);
#1243 = EDGE_CURVE('',#1244,#1220,#1246,.T.);
#1244 = VERTEX_POINT('',#1245);
#1245 = CARTESIAN_POINT('',(-9.476746058065,-2.402647865869,20.9));
#1246 = LINE('',#1247,#1248);
#1247 = CARTESIAN_POINT('',(-9.476746058065,-2.402647865869,20.9));
#1248 = VECTOR('',#1249,1.);
#1249 = DIRECTION('',(-0.707106781187,-0.707106781187,0.));
#1250 = ORIENTED_EDGE('',*,*,#1251,.T.);
#1251 = EDGE_CURVE('',#1244,#226,#1252,.T.);
#1252 = LINE('',#1253,#1254);
#1253 = CARTESIAN_POINT('',(-9.476746058065,-2.402647865869,20.9));
#1254 = VECTOR('',#1255,1.);
#1255 = DIRECTION('',(-0.707106781187,0.707106781187,0.));
#1256 = ORIENTED_EDGE('',*,*,#233,.F.);
#1257 = PLANE('',#1258);
#1258 = AXIS2_PLACEMENT_3D('',#1259,#1260,#1261);
#1259 = CARTESIAN_POINT('',(-9.476746058065,-2.402647865869,20.9));
#1260 = DIRECTION('',(0.,0.,1.));
#1261 = DIRECTION('',(-0.707106781187,0.707106781187,0.));
#1262 = ADVANCED_FACE('',(#1263),#1274,.F.);
#1263 = FACE_BOUND('',#1264,.F.);
#1264 = EDGE_LOOP('',(#1265,#1266,#1272,#1273));
#1265 = ORIENTED_EDGE('',*,*,#1203,.F.);
#1266 = ORIENTED_EDGE('',*,*,#1267,.T.);
#1267 = EDGE_CURVE('',#1196,#1244,#1268,.T.);
#1268 = LINE('',#1269,#1270);
#1269 = CARTESIAN_POINT('',(-9.476746058065,-2.402647865869,19.5));
#1270 = VECTOR('',#1271,1.);
#1271 = DIRECTION('',(0.,0.,1.));
#1272 = ORIENTED_EDGE('',*,*,#1251,.T.);
#1273 = ORIENTED_EDGE('',*,*,#225,.F.);
#1274 = PLANE('',#1275);
#1275 = AXIS2_PLACEMENT_3D('',#1276,#1277,#1278);
#1276 = CARTESIAN_POINT('',(-9.476746058065,-2.402647865869,19.5));
#1277 = DIRECTION('',(-0.707106781187,-0.707106781187,0.));
#1278 = DIRECTION('',(0.,0.,1.));
#1279 = ADVANCED_FACE('',(#1280),#1305,.F.);
#1280 = FACE_BOUND('',#1281,.F.);
#1281 = EDGE_LOOP('',(#1282,#1290,#1298,#1304));
#1282 = ORIENTED_EDGE('',*,*,#1283,.F.);
#1283 = EDGE_CURVE('',#1284,#250,#1286,.T.);
#1284 = VERTEX_POINT('',#1285);
#1285 = CARTESIAN_POINT('',(-7.496847070742,-0.422748878547,19.5));
#1286 = LINE('',#1287,#1288);
#1287 = CARTESIAN_POINT('',(-7.496847070742,-0.422748878547,19.5));
#1288 = VECTOR('',#1289,1.);
#1289 = DIRECTION('',(-0.707106781187,0.707106781187,0.));
#1290 = ORIENTED_EDGE('',*,*,#1291,.F.);
#1291 = EDGE_CURVE('',#1292,#1284,#1294,.T.);
#1292 = VERTEX_POINT('',#1293);
#1293 = CARTESIAN_POINT('',(-5.234105370945,1.83999282125,19.5));
#1294 = LINE('',#1295,#1296);
#1295 = CARTESIAN_POINT('',(-5.234105370945,1.83999282125,19.5));
#1296 = VECTOR('',#1297,1.);
#1297 = DIRECTION('',(-0.707106781187,-0.707106781187,0.));
#1298 = ORIENTED_EDGE('',*,*,#1299,.T.);
#1299 = EDGE_CURVE('',#1292,#252,#1300,.T.);
#1300 = LINE('',#1301,#1302);
#1301 = CARTESIAN_POINT('',(-5.234105370945,1.83999282125,19.5));
#1302 = VECTOR('',#1303,1.);
#1303 = DIRECTION('',(-0.707106781187,0.707106781187,0.));
#1304 = ORIENTED_EDGE('',*,*,#249,.F.);
#1305 = PLANE('',#1306);
#1306 = AXIS2_PLACEMENT_3D('',#1307,#1308,#1309);
#1307 = CARTESIAN_POINT('',(-5.234105370945,1.83999282125,19.5));
#1308 = DIRECTION('',(0.,0.,1.));
#1309 = DIRECTION('',(-0.707106781187,0.707106781187,0.));
#1310 = ADVANCED_FACE('',(#1311),#1329,.T.);
#1311 = FACE_BOUND('',#1312,.T.);
#1312 = EDGE_LOOP('',(#1313,#1314,#1322,#1328));
#1313 = ORIENTED_EDGE('',*,*,#1283,.F.);
#1314 = ORIENTED_EDGE('',*,*,#1315,.T.);
#1315 = EDGE_CURVE('',#1284,#1316,#1318,.T.);
#1316 = VERTEX_POINT('',#1317);
#1317 = CARTESIAN_POINT('',(-7.496847070742,-0.422748878547,20.9));
#1318 = LINE('',#1319,#1320);
#1319 = CARTESIAN_POINT('',(-7.496847070742,-0.422748878547,19.5));
#1320 = VECTOR('',#1321,1.);
#1321 = DIRECTION('',(0.,0.,1.));
#1322 = ORIENTED_EDGE('',*,*,#1323,.T.);
#1323 = EDGE_CURVE('',#1316,#268,#1324,.T.);
#1324 = LINE('',#1325,#1326);
#1325 = CARTESIAN_POINT('',(-7.496847070742,-0.422748878547,20.9));
#1326 = VECTOR('',#1327,1.);
#1327 = DIRECTION('',(-0.707106781187,0.707106781187,0.));
#1328 = ORIENTED_EDGE('',*,*,#275,.F.);
#1329 = PLANE('',#1330);
#1330 = AXIS2_PLACEMENT_3D('',#1331,#1332,#1333);
#1331 = CARTESIAN_POINT('',(-7.496847070742,-0.422748878547,19.5));
#1332 = DIRECTION('',(-0.707106781187,-0.707106781187,0.));
#1333 = DIRECTION('',(0.,0.,1.));
#1334 = ADVANCED_FACE('',(#1335),#1353,.T.);
#1335 = FACE_BOUND('',#1336,.T.);
#1336 = EDGE_LOOP('',(#1337,#1338,#1346,#1352));
#1337 = ORIENTED_EDGE('',*,*,#1323,.F.);
#1338 = ORIENTED_EDGE('',*,*,#1339,.F.);
#1339 = EDGE_CURVE('',#1340,#1316,#1342,.T.);
#1340 = VERTEX_POINT('',#1341);
#1341 = CARTESIAN_POINT('',(-5.234105370945,1.83999282125,20.9));
#1342 = LINE('',#1343,#1344);
#1343 = CARTESIAN_POINT('',(-5.234105370945,1.83999282125,20.9));
#1344 = VECTOR('',#1345,1.);
#1345 = DIRECTION('',(-0.707106781187,-0.707106781187,0.));
#1346 = ORIENTED_EDGE('',*,*,#1347,.T.);
#1347 = EDGE_CURVE('',#1340,#260,#1348,.T.);
#1348 = LINE('',#1349,#1350);
#1349 = CARTESIAN_POINT('',(-5.234105370945,1.83999282125,20.9));
#1350 = VECTOR('',#1351,1.);
#1351 = DIRECTION('',(-0.707106781187,0.707106781187,0.));
#1352 = ORIENTED_EDGE('',*,*,#267,.F.);
#1353 = PLANE('',#1354);
#1354 = AXIS2_PLACEMENT_3D('',#1355,#1356,#1357);
#1355 = CARTESIAN_POINT('',(-5.234105370945,1.83999282125,20.9));
#1356 = DIRECTION('',(0.,0.,1.));
#1357 = DIRECTION('',(-0.707106781187,0.707106781187,0.));
#1358 = ADVANCED_FACE('',(#1359),#1370,.F.);
#1359 = FACE_BOUND('',#1360,.F.);
#1360 = EDGE_LOOP('',(#1361,#1362,#1368,#1369));
#1361 = ORIENTED_EDGE('',*,*,#1299,.F.);
#1362 = ORIENTED_EDGE('',*,*,#1363,.T.);
#1363 = EDGE_CURVE('',#1292,#1340,#1364,.T.);
#1364 = LINE('',#1365,#1366);
#1365 = CARTESIAN_POINT('',(-5.234105370945,1.83999282125,19.5));
#1366 = VECTOR('',#1367,1.);
#1367 = DIRECTION('',(0.,0.,1.));
#1368 = ORIENTED_EDGE('',*,*,#1347,.T.);
#1369 = ORIENTED_EDGE('',*,*,#259,.F.);
#1370 = PLANE('',#1371);
#1371 = AXIS2_PLACEMENT_3D('',#1372,#1373,#1374);
#1372 = CARTESIAN_POINT('',(-5.234105370945,1.83999282125,19.5));
#1373 = DIRECTION('',(-0.707106781187,-0.707106781187,0.));
#1374 = DIRECTION('',(0.,0.,1.));
#1375 = ADVANCED_FACE('',(#1376),#1401,.F.);
#1376 = FACE_BOUND('',#1377,.F.);
#1377 = EDGE_LOOP('',(#1378,#1386,#1394,#1400));
#1378 = ORIENTED_EDGE('',*,*,#1379,.F.);
#1379 = EDGE_CURVE('',#1380,#284,#1382,.T.);
#1380 = VERTEX_POINT('',#1381);
#1381 = CARTESIAN_POINT('',(-1.83999282125,5.234105370945,19.5));
#1382 = LINE('',#1383,#1384);
#1383 = CARTESIAN_POINT('',(-1.83999282125,5.234105370945,19.5));
#1384 = VECTOR('',#1385,1.);
#1385 = DIRECTION('',(-0.707106781187,0.707106781187,0.));
#1386 = ORIENTED_EDGE('',*,*,#1387,.F.);
#1387 = EDGE_CURVE('',#1388,#1380,#1390,.T.);
#1388 = VERTEX_POINT('',#1389);
#1389 = CARTESIAN_POINT('',(0.422748878547,7.496847070742,19.5));
#1390 = LINE('',#1391,#1392);
#1391 = CARTESIAN_POINT('',(0.422748878547,7.496847070742,19.5));
#1392 = VECTOR('',#1393,1.);
#1393 = DIRECTION('',(-0.707106781187,-0.707106781187,0.));
#1394 = ORIENTED_EDGE('',*,*,#1395,.T.);
#1395 = EDGE_CURVE('',#1388,#286,#1396,.T.);
#1396 = LINE('',#1397,#1398);
#1397 = CARTESIAN_POINT('',(0.422748878547,7.496847070742,19.5));
#1398 = VECTOR('',#1399,1.);
#1399 = DIRECTION('',(-0.707106781187,0.707106781187,0.));
#1400 = ORIENTED_EDGE('',*,*,#283,.F.);
#1401 = PLANE('',#1402);
#1402 = AXIS2_PLACEMENT_3D('',#1403,#1404,#1405);
#1403 = CARTESIAN_POINT('',(0.422748878547,7.496847070742,19.5));
#1404 = DIRECTION('',(0.,0.,1.));
#1405 = DIRECTION('',(-0.707106781187,0.707106781187,0.));
#1406 = ADVANCED_FACE('',(#1407),#1425,.T.);
#1407 = FACE_BOUND('',#1408,.T.);
#1408 = EDGE_LOOP('',(#1409,#1410,#1418,#1424));
#1409 = ORIENTED_EDGE('',*,*,#1379,.F.);
#1410 = ORIENTED_EDGE('',*,*,#1411,.T.);
#1411 = EDGE_CURVE('',#1380,#1412,#1414,.T.);
#1412 = VERTEX_POINT('',#1413);
#1413 = CARTESIAN_POINT('',(-1.83999282125,5.234105370945,20.9));
#1414 = LINE('',#1415,#1416);
#1415 = CARTESIAN_POINT('',(-1.83999282125,5.234105370945,19.5));
#1416 = VECTOR('',#1417,1.);
#1417 = DIRECTION('',(0.,0.,1.));
#1418 = ORIENTED_EDGE('',*,*,#1419,.T.);
#1419 = EDGE_CURVE('',#1412,#302,#1420,.T.);
#1420 = LINE('',#1421,#1422);
#1421 = CARTESIAN_POINT('',(-1.83999282125,5.234105370945,20.9));
#1422 = VECTOR('',#1423,1.);
#1423 = DIRECTION('',(-0.707106781187,0.707106781187,0.));
#1424 = ORIENTED_EDGE('',*,*,#309,.F.);
#1425 = PLANE('',#1426);
#1426 = AXIS2_PLACEMENT_3D('',#1427,#1428,#1429);
#1427 = CARTESIAN_POINT('',(-1.83999282125,5.234105370945,19.5));
#1428 = DIRECTION('',(-0.707106781187,-0.707106781187,0.));
#1429 = DIRECTION('',(0.,0.,1.));
#1430 = ADVANCED_FACE('',(#1431),#1449,.T.);
#1431 = FACE_BOUND('',#1432,.T.);
#1432 = EDGE_LOOP('',(#1433,#1434,#1442,#1448));
#1433 = ORIENTED_EDGE('',*,*,#1419,.F.);
#1434 = ORIENTED_EDGE('',*,*,#1435,.F.);
#1435 = EDGE_CURVE('',#1436,#1412,#1438,.T.);
#1436 = VERTEX_POINT('',#1437);
#1437 = CARTESIAN_POINT('',(0.422748878547,7.496847070742,20.9));
#1438 = LINE('',#1439,#1440);
#1439 = CARTESIAN_POINT('',(0.422748878547,7.496847070742,20.9));
#1440 = VECTOR('',#1441,1.);
#1441 = DIRECTION('',(-0.707106781187,-0.707106781187,0.));
#1442 = ORIENTED_EDGE('',*,*,#1443,.T.);
#1443 = EDGE_CURVE('',#1436,#294,#1444,.T.);
#1444 = LINE('',#1445,#1446);
#1445 = CARTESIAN_POINT('',(0.422748878547,7.496847070742,20.9));
#1446 = VECTOR('',#1447,1.);
#1447 = DIRECTION('',(-0.707106781187,0.707106781187,0.));
#1448 = ORIENTED_EDGE('',*,*,#301,.F.);
#1449 = PLANE('',#1450);
#1450 = AXIS2_PLACEMENT_3D('',#1451,#1452,#1453);
#1451 = CARTESIAN_POINT('',(0.422748878547,7.496847070742,20.9));
#1452 = DIRECTION('',(0.,0.,1.));
#1453 = DIRECTION('',(-0.707106781187,0.707106781187,0.));
#1454 = ADVANCED_FACE('',(#1455),#1466,.F.);
#1455 = FACE_BOUND('',#1456,.F.);
#1456 = EDGE_LOOP('',(#1457,#1458,#1464,#1465));
#1457 = ORIENTED_EDGE('',*,*,#1395,.F.);
#1458 = ORIENTED_EDGE('',*,*,#1459,.T.);
#1459 = EDGE_CURVE('',#1388,#1436,#1460,.T.);
#1460 = LINE('',#1461,#1462);
#1461 = CARTESIAN_POINT('',(0.422748878547,7.496847070742,19.5));
#1462 = VECTOR('',#1463,1.);
#1463 = DIRECTION('',(0.,0.,1.));
#1464 = ORIENTED_EDGE('',*,*,#1443,.T.);
#1465 = ORIENTED_EDGE('',*,*,#293,.F.);
#1466 = PLANE('',#1467);
#1467 = AXIS2_PLACEMENT_3D('',#1468,#1469,#1470);
#1468 = CARTESIAN_POINT('',(0.422748878547,7.496847070742,19.5));
#1469 = DIRECTION('',(-0.707106781187,-0.707106781187,0.));
#1470 = DIRECTION('',(0.,0.,1.));
#1471 = ADVANCED_FACE('',(#1472),#1497,.F.);
#1472 = FACE_BOUND('',#1473,.F.);
#1473 = EDGE_LOOP('',(#1474,#1482,#1490,#1496));
#1474 = ORIENTED_EDGE('',*,*,#1475,.F.);
#1475 = EDGE_CURVE('',#1476,#318,#1478,.T.);
#1476 = VERTEX_POINT('',#1477);
#1477 = CARTESIAN_POINT('',(2.402647865869,9.476746058065,19.5));
#1478 = LINE('',#1479,#1480);
#1479 = CARTESIAN_POINT('',(2.402647865869,9.476746058065,19.5));
#1480 = VECTOR('',#1481,1.);
#1481 = DIRECTION('',(-0.707106781187,0.707106781187,0.));
#1482 = ORIENTED_EDGE('',*,*,#1483,.F.);
#1483 = EDGE_CURVE('',#1484,#1476,#1486,.T.);
#1484 = VERTEX_POINT('',#1485);
#1485 = CARTESIAN_POINT('',(4.665389565666,11.739487757862,19.5));
#1486 = LINE('',#1487,#1488);
#1487 = CARTESIAN_POINT('',(4.665389565666,11.739487757862,19.5));
#1488 = VECTOR('',#1489,1.);
#1489 = DIRECTION('',(-0.707106781187,-0.707106781187,0.));
#1490 = ORIENTED_EDGE('',*,*,#1491,.T.);
#1491 = EDGE_CURVE('',#1484,#320,#1492,.T.);
#1492 = LINE('',#1493,#1494);
#1493 = CARTESIAN_POINT('',(4.665389565666,11.739487757862,19.5));
#1494 = VECTOR('',#1495,1.);
#1495 = DIRECTION('',(-0.707106781187,0.707106781187,0.));
#1496 = ORIENTED_EDGE('',*,*,#317,.F.);
#1497 = PLANE('',#1498);
#1498 = AXIS2_PLACEMENT_3D('',#1499,#1500,#1501);
#1499 = CARTESIAN_POINT('',(4.665389565666,11.739487757862,19.5));
#1500 = DIRECTION('',(0.,0.,1.));
#1501 = DIRECTION('',(-0.707106781187,0.707106781187,0.));
#1502 = ADVANCED_FACE('',(#1503),#1521,.T.);
#1503 = FACE_BOUND('',#1504,.T.);
#1504 = EDGE_LOOP('',(#1505,#1506,#1514,#1520));
#1505 = ORIENTED_EDGE('',*,*,#1475,.F.);
#1506 = ORIENTED_EDGE('',*,*,#1507,.T.);
#1507 = EDGE_CURVE('',#1476,#1508,#1510,.T.);
#1508 = VERTEX_POINT('',#1509);
#1509 = CARTESIAN_POINT('',(2.402647865869,9.476746058065,20.9));
#1510 = LINE('',#1511,#1512);
#1511 = CARTESIAN_POINT('',(2.402647865869,9.476746058065,19.5));
#1512 = VECTOR('',#1513,1.);
#1513 = DIRECTION('',(0.,0.,1.));
#1514 = ORIENTED_EDGE('',*,*,#1515,.T.);
#1515 = EDGE_CURVE('',#1508,#336,#1516,.T.);
#1516 = LINE('',#1517,#1518);
#1517 = CARTESIAN_POINT('',(2.402647865869,9.476746058065,20.9));
#1518 = VECTOR('',#1519,1.);
#1519 = DIRECTION('',(-0.707106781187,0.707106781187,0.));
#1520 = ORIENTED_EDGE('',*,*,#343,.F.);
#1521 = PLANE('',#1522);
#1522 = AXIS2_PLACEMENT_3D('',#1523,#1524,#1525);
#1523 = CARTESIAN_POINT('',(2.402647865869,9.476746058065,19.5));
#1524 = DIRECTION('',(-0.707106781187,-0.707106781187,0.));
#1525 = DIRECTION('',(0.,0.,1.));
#1526 = ADVANCED_FACE('',(#1527),#1545,.T.);
#1527 = FACE_BOUND('',#1528,.T.);
#1528 = EDGE_LOOP('',(#1529,#1530,#1538,#1544));
#1529 = ORIENTED_EDGE('',*,*,#1515,.F.);
#1530 = ORIENTED_EDGE('',*,*,#1531,.F.);
#1531 = EDGE_CURVE('',#1532,#1508,#1534,.T.);
#1532 = VERTEX_POINT('',#1533);
#1533 = CARTESIAN_POINT('',(4.665389565666,11.739487757862,20.9));
#1534 = LINE('',#1535,#1536);
#1535 = CARTESIAN_POINT('',(4.665389565666,11.739487757862,20.9));
#1536 = VECTOR('',#1537,1.);
#1537 = DIRECTION('',(-0.707106781187,-0.707106781187,0.));
#1538 = ORIENTED_EDGE('',*,*,#1539,.T.);
#1539 = EDGE_CURVE('',#1532,#328,#1540,.T.);
#1540 = LINE('',#1541,#1542);
#1541 = CARTESIAN_POINT('',(4.665389565666,11.739487757862,20.9));
#1542 = VECTOR('',#1543,1.);
#1543 = DIRECTION('',(-0.707106781187,0.707106781187,0.));
#1544 = ORIENTED_EDGE('',*,*,#335,.F.);
#1545 = PLANE('',#1546);
#1546 = AXIS2_PLACEMENT_3D('',#1547,#1548,#1549);
#1547 = CARTESIAN_POINT('',(4.665389565666,11.739487757862,20.9));
#1548 = DIRECTION('',(0.,0.,1.));
#1549 = DIRECTION('',(-0.707106781187,0.707106781187,0.));
#1550 = ADVANCED_FACE('',(#1551),#1562,.F.);
#1551 = FACE_BOUND('',#1552,.F.);
#1552 = EDGE_LOOP('',(#1553,#1554,#1560,#1561));
#1553 = ORIENTED_EDGE('',*,*,#1491,.F.);
#1554 = ORIENTED_EDGE('',*,*,#1555,.T.);
#1555 = EDGE_CURVE('',#1484,#1532,#1556,.T.);
#1556 = LINE('',#1557,#1558);
#1557 = CARTESIAN_POINT('',(4.665389565666,11.739487757862,19.5));
#1558 = VECTOR('',#1559,1.);
#1559 = DIRECTION('',(0.,0.,1.));
#1560 = ORIENTED_EDGE('',*,*,#1539,.T.);
#1561 = ORIENTED_EDGE('',*,*,#327,.F.);
#1562 = PLANE('',#1563);
#1563 = AXIS2_PLACEMENT_3D('',#1564,#1565,#1566);
#1564 = CARTESIAN_POINT('',(4.665389565666,11.739487757862,19.5));
#1565 = DIRECTION('',(-0.707106781187,-0.707106781187,0.));
#1566 = DIRECTION('',(0.,0.,1.));
#1567 = ADVANCED_FACE('',(#1568),#1579,.T.);
#1568 = FACE_BOUND('',#1569,.T.);
#1569 = EDGE_LOOP('',(#1570,#1576,#1577,#1578));
#1570 = ORIENTED_EDGE('',*,*,#1571,.F.);
#1571 = EDGE_CURVE('',#542,#463,#1572,.T.);
#1572 = LINE('',#1573,#1574);
#1573 = CARTESIAN_POINT('',(-1.946058838428,28.10900974233,14.7));
#1574 = VECTOR('',#1575,1.);
#1575 = DIRECTION('',(-0.707106781187,-0.707106781187,0.));
#1576 = ORIENTED_EDGE('',*,*,#549,.T.);
#1577 = ORIENTED_EDGE('',*,*,#493,.T.);
#1578 = ORIENTED_EDGE('',*,*,#470,.F.);
#1579 = PLANE('',#1580);
#1580 = AXIS2_PLACEMENT_3D('',#1581,#1582,#1583);
#1581 = CARTESIAN_POINT('',(-1.946058838428,28.10900974233,13.5));
#1582 = DIRECTION('',(-0.707106781187,0.707106781187,0.));
#1583 = DIRECTION('',(0.,0.,1.));
#1584 = ADVANCED_FACE('',(#1585),#1603,.F.);
#1585 = FACE_BOUND('',#1586,.F.);
#1586 = EDGE_LOOP('',(#1587,#1588,#1596,#1602));
#1587 = ORIENTED_EDGE('',*,*,#1571,.F.);
#1588 = ORIENTED_EDGE('',*,*,#1589,.T.);
#1589 = EDGE_CURVE('',#542,#1590,#1592,.T.);
#1590 = VERTEX_POINT('',#1591);
#1591 = CARTESIAN_POINT('',(-27.22512626584,4.951262658471,14.7));
#1592 = LINE('',#1593,#1594);
#1593 = CARTESIAN_POINT('',(-16.79530124334,-5.478562364031,14.7));
#1594 = VECTOR('',#1595,1.);
#1595 = DIRECTION('',(-0.707106781187,0.707106781187,0.));
#1596 = ORIENTED_EDGE('',*,*,#1597,.T.);
#1597 = EDGE_CURVE('',#1590,#455,#1598,.T.);
#1598 = LINE('',#1599,#1600);
#1599 = CARTESIAN_POINT('',(-3.006719010208,29.16966991411,14.7));
#1600 = VECTOR('',#1601,1.);
#1601 = DIRECTION('',(-0.707106781187,-0.707106781187,0.));
#1602 = ORIENTED_EDGE('',*,*,#462,.F.);
#1603 = PLANE('',#1604);
#1604 = AXIS2_PLACEMENT_3D('',#1605,#1606,#1607);
#1605 = CARTESIAN_POINT('',(-1.946058838428,28.10900974233,14.7));
#1606 = DIRECTION('',(0.,0.,1.));
#1607 = DIRECTION('',(-0.707106781187,0.707106781187,0.));
#1608 = ADVANCED_FACE('',(#1609),#1627,.F.);
#1609 = FACE_BOUND('',#1610,.F.);
#1610 = EDGE_LOOP('',(#1611,#1612,#1620,#1626));
#1611 = ORIENTED_EDGE('',*,*,#1597,.F.);
#1612 = ORIENTED_EDGE('',*,*,#1613,.T.);
#1613 = EDGE_CURVE('',#1590,#1614,#1616,.T.);
#1614 = VERTEX_POINT('',#1615);
#1615 = CARTESIAN_POINT('',(-27.22512626584,4.951262658471,13.5));
#1616 = LINE('',#1617,#1618);
#1617 = CARTESIAN_POINT('',(-27.22512626584,4.951262658471,13.5));
#1618 = VECTOR('',#1619,1.);
#1619 = DIRECTION('',(0.,-0.,-1.));
#1620 = ORIENTED_EDGE('',*,*,#1621,.T.);
#1621 = EDGE_CURVE('',#1614,#447,#1622,.T.);
#1622 = LINE('',#1623,#1624);
#1623 = CARTESIAN_POINT('',(-3.006719010208,29.16966991411,13.5));
#1624 = VECTOR('',#1625,1.);
#1625 = DIRECTION('',(-0.707106781187,-0.707106781187,0.));
#1626 = ORIENTED_EDGE('',*,*,#454,.F.);
#1627 = PLANE('',#1628);
#1628 = AXIS2_PLACEMENT_3D('',#1629,#1630,#1631);
#1629 = CARTESIAN_POINT('',(-3.006719010208,29.16966991411,13.5));
#1630 = DIRECTION('',(-0.707106781187,0.707106781187,0.));
#1631 = DIRECTION('',(0.,0.,1.));
#1632 = ADVANCED_FACE('',(#1633),#1651,.F.);
#1633 = FACE_BOUND('',#1634,.F.);
#1634 = EDGE_LOOP('',(#1635,#1636,#1644,#1650));
#1635 = ORIENTED_EDGE('',*,*,#1621,.F.);
#1636 = ORIENTED_EDGE('',*,*,#1637,.T.);
#1637 = EDGE_CURVE('',#1614,#1638,#1640,.T.);
#1638 = VERTEX_POINT('',#1639);
#1639 = CARTESIAN_POINT('',(-40.30660171779,18.032738110422,13.5));
#1640 = LINE('',#1641,#1642);
#1641 = CARTESIAN_POINT('',(-16.79530124334,-5.478562364031,13.5));
#1642 = VECTOR('',#1643,1.);
#1643 = DIRECTION('',(-0.707106781187,0.707106781187,0.));
#1644 = ORIENTED_EDGE('',*,*,#1645,.T.);
#1645 = EDGE_CURVE('',#1638,#439,#1646,.T.);
#1646 = LINE('',#1647,#1648);
#1647 = CARTESIAN_POINT('',(-16.08819446215,42.251145366061,13.5));
#1648 = VECTOR('',#1649,1.);
#1649 = DIRECTION('',(-0.707106781187,-0.707106781187,0.));
#1650 = ORIENTED_EDGE('',*,*,#446,.F.);
#1651 = PLANE('',#1652);
#1652 = AXIS2_PLACEMENT_3D('',#1653,#1654,#1655);
#1653 = CARTESIAN_POINT('',(6.008892449921,18.739844891609,13.5));
#1654 = DIRECTION('',(0.,0.,1.));
#1655 = DIRECTION('',(-0.707106781187,0.707106781187,0.));
#1656 = ADVANCED_FACE('',(#1657),#1675,.T.);
#1657 = FACE_BOUND('',#1658,.T.);
#1658 = EDGE_LOOP('',(#1659,#1667,#1673,#1674));
#1659 = ORIENTED_EDGE('',*,*,#1660,.F.);
#1660 = EDGE_CURVE('',#1661,#431,#1663,.T.);
#1661 = VERTEX_POINT('',#1662);
#1662 = CARTESIAN_POINT('',(-40.30660171779,18.032738110422,14.7));
#1663 = LINE('',#1664,#1665);
#1664 = CARTESIAN_POINT('',(-16.08819446215,42.251145366061,14.7));
#1665 = VECTOR('',#1666,1.);
#1666 = DIRECTION('',(-0.707106781187,-0.707106781187,0.));
#1667 = ORIENTED_EDGE('',*,*,#1668,.T.);
#1668 = EDGE_CURVE('',#1661,#1638,#1669,.T.);
#1669 = LINE('',#1670,#1671);
#1670 = CARTESIAN_POINT('',(-40.30660171779,18.032738110422,13.5));
#1671 = VECTOR('',#1672,1.);
#1672 = DIRECTION('',(0.,-0.,-1.));
#1673 = ORIENTED_EDGE('',*,*,#1645,.T.);
#1674 = ORIENTED_EDGE('',*,*,#438,.F.);
#1675 = PLANE('',#1676);
#1676 = AXIS2_PLACEMENT_3D('',#1677,#1678,#1679);
#1677 = CARTESIAN_POINT('',(-16.08819446215,42.251145366061,13.5));
#1678 = DIRECTION('',(-0.707106781187,0.707106781187,0.));
#1679 = DIRECTION('',(0.,0.,1.));
#1680 = ADVANCED_FACE('',(#1681),#1699,.F.);
#1681 = FACE_BOUND('',#1682,.F.);
#1682 = EDGE_LOOP('',(#1683,#1684,#1692,#1698));
#1683 = ORIENTED_EDGE('',*,*,#1660,.F.);
#1684 = ORIENTED_EDGE('',*,*,#1685,.T.);
#1685 = EDGE_CURVE('',#1661,#1686,#1688,.T.);
#1686 = VERTEX_POINT('',#1687);
#1687 = CARTESIAN_POINT('',(-41.36726188957,19.093398282202,14.7));
#1688 = LINE('',#1689,#1690);
#1689 = CARTESIAN_POINT('',(-16.79530124334,-5.478562364031,14.7));
#1690 = VECTOR('',#1691,1.);
#1691 = DIRECTION('',(-0.707106781187,0.707106781187,0.));
#1692 = ORIENTED_EDGE('',*,*,#1693,.T.);
#1693 = EDGE_CURVE('',#1686,#423,#1694,.T.);
#1694 = LINE('',#1695,#1696);
#1695 = CARTESIAN_POINT('',(-17.14885463393,43.311805537841,14.7));
#1696 = VECTOR('',#1697,1.);
#1697 = DIRECTION('',(-0.707106781187,-0.707106781187,0.));
#1698 = ORIENTED_EDGE('',*,*,#430,.F.);
#1699 = PLANE('',#1700);
#1700 = AXIS2_PLACEMENT_3D('',#1701,#1702,#1703);
#1701 = CARTESIAN_POINT('',(-16.08819446215,42.251145366061,14.7));
#1702 = DIRECTION('',(0.,0.,1.));
#1703 = DIRECTION('',(-0.707106781187,0.707106781187,0.));
#1704 = ADVANCED_FACE('',(#1705),#1723,.F.);
#1705 = FACE_BOUND('',#1706,.F.);
#1706 = EDGE_LOOP('',(#1707,#1708,#1716,#1722));
#1707 = ORIENTED_EDGE('',*,*,#1693,.F.);
#1708 = ORIENTED_EDGE('',*,*,#1709,.T.);
#1709 = EDGE_CURVE('',#1686,#1710,#1712,.T.);
#1710 = VERTEX_POINT('',#1711);
#1711 = CARTESIAN_POINT('',(-41.36726188957,19.093398282202,13.5));
#1712 = LINE('',#1713,#1714);
#1713 = CARTESIAN_POINT('',(-41.36726188957,19.093398282202,13.5));
#1714 = VECTOR('',#1715,1.);
#1715 = DIRECTION('',(0.,-0.,-1.));
#1716 = ORIENTED_EDGE('',*,*,#1717,.T.);
#1717 = EDGE_CURVE('',#1710,#415,#1718,.T.);
#1718 = LINE('',#1719,#1720);
#1719 = CARTESIAN_POINT('',(-17.14885463393,43.311805537841,13.5));
#1720 = VECTOR('',#1721,1.);
#1721 = DIRECTION('',(-0.707106781187,-0.707106781187,0.));
#1722 = ORIENTED_EDGE('',*,*,#422,.F.);
#1723 = PLANE('',#1724);
#1724 = AXIS2_PLACEMENT_3D('',#1725,#1726,#1727);
#1725 = CARTESIAN_POINT('',(-17.14885463393,43.311805537841,13.5));
#1726 = DIRECTION('',(-0.707106781187,0.707106781187,0.));
#1727 = DIRECTION('',(0.,0.,1.));
#1728 = ADVANCED_FACE('',(#1729),#1747,.F.);
#1729 = FACE_BOUND('',#1730,.F.);
#1730 = EDGE_LOOP('',(#1731,#1732,#1740,#1746));
#1731 = ORIENTED_EDGE('',*,*,#1717,.F.);
#1732 = ORIENTED_EDGE('',*,*,#1733,.T.);
#1733 = EDGE_CURVE('',#1710,#1734,#1736,.T.);
#1734 = VERTEX_POINT('',#1735);
#1735 = CARTESIAN_POINT('',(-54.44873734152,32.174873734153,13.5));
#1736 = LINE('',#1737,#1738);
#1737 = CARTESIAN_POINT('',(-16.79530124334,-5.478562364031,13.5));
#1738 = VECTOR('',#1739,1.);
#1739 = DIRECTION('',(-0.707106781187,0.707106781187,0.));
#1740 = ORIENTED_EDGE('',*,*,#1741,.T.);
#1741 = EDGE_CURVE('',#1734,#407,#1742,.T.);
#1742 = LINE('',#1743,#1744);
#1743 = CARTESIAN_POINT('',(-30.23033008589,56.393280989792,13.5));
#1744 = VECTOR('',#1745,1.);
#1745 = DIRECTION('',(-0.707106781187,-0.707106781187,0.));
#1746 = ORIENTED_EDGE('',*,*,#414,.F.);
#1747 = PLANE('',#1748);
#1748 = AXIS2_PLACEMENT_3D('',#1749,#1750,#1751);
#1749 = CARTESIAN_POINT('',(6.008892449921,18.739844891609,13.5));
#1750 = DIRECTION('',(0.,0.,1.));
#1751 = DIRECTION('',(-0.707106781187,0.707106781187,0.));
#1752 = ADVANCED_FACE('',(#1753),#1771,.T.);
#1753 = FACE_BOUND('',#1754,.T.);
#1754 = EDGE_LOOP('',(#1755,#1763,#1769,#1770));
#1755 = ORIENTED_EDGE('',*,*,#1756,.F.);
#1756 = EDGE_CURVE('',#1757,#399,#1759,.T.);
#1757 = VERTEX_POINT('',#1758);
#1758 = CARTESIAN_POINT('',(-54.44873734152,32.174873734153,14.7));
#1759 = LINE('',#1760,#1761);
#1760 = CARTESIAN_POINT('',(-30.23033008589,56.393280989792,14.7));
#1761 = VECTOR('',#1762,1.);
#1762 = DIRECTION('',(-0.707106781187,-0.707106781187,0.));
#1763 = ORIENTED_EDGE('',*,*,#1764,.T.);
#1764 = EDGE_CURVE('',#1757,#1734,#1765,.T.);
#1765 = LINE('',#1766,#1767);
#1766 = CARTESIAN_POINT('',(-54.44873734152,32.174873734153,13.5));
#1767 = VECTOR('',#1768,1.);
#1768 = DIRECTION('',(0.,-0.,-1.));
#1769 = ORIENTED_EDGE('',*,*,#1741,.T.);
#1770 = ORIENTED_EDGE('',*,*,#406,.F.);
#1771 = PLANE('',#1772);
#1772 = AXIS2_PLACEMENT_3D('',#1773,#1774,#1775);
#1773 = CARTESIAN_POINT('',(-30.23033008589,56.393280989792,13.5));
#1774 = DIRECTION('',(-0.707106781187,0.707106781187,0.));
#1775 = DIRECTION('',(0.,0.,1.));
#1776 = ADVANCED_FACE('',(#1777),#1795,.F.);
#1777 = FACE_BOUND('',#1778,.F.);
#1778 = EDGE_LOOP('',(#1779,#1780,#1788,#1794));
#1779 = ORIENTED_EDGE('',*,*,#1756,.F.);
#1780 = ORIENTED_EDGE('',*,*,#1781,.T.);
#1781 = EDGE_CURVE('',#1757,#1782,#1784,.T.);
#1782 = VERTEX_POINT('',#1783);
#1783 = CARTESIAN_POINT('',(-55.5093975133,33.235533905933,14.7));
#1784 = LINE('',#1785,#1786);
#1785 = CARTESIAN_POINT('',(-16.79530124334,-5.478562364031,14.7));
#1786 = VECTOR('',#1787,1.);
#1787 = DIRECTION('',(-0.707106781187,0.707106781187,0.));
#1788 = ORIENTED_EDGE('',*,*,#1789,.T.);
#1789 = EDGE_CURVE('',#1782,#391,#1790,.T.);
#1790 = LINE('',#1791,#1792);
#1791 = CARTESIAN_POINT('',(-31.29099025767,57.453941161572,14.7));
#1792 = VECTOR('',#1793,1.);
#1793 = DIRECTION('',(-0.707106781187,-0.707106781187,0.));
#1794 = ORIENTED_EDGE('',*,*,#398,.F.);
#1795 = PLANE('',#1796);
#1796 = AXIS2_PLACEMENT_3D('',#1797,#1798,#1799);
#1797 = CARTESIAN_POINT('',(-30.23033008589,56.393280989792,14.7));
#1798 = DIRECTION('',(0.,0.,1.));
#1799 = DIRECTION('',(-0.707106781187,0.707106781187,0.));
#1800 = ADVANCED_FACE('',(#1801),#1819,.F.);
#1801 = FACE_BOUND('',#1802,.F.);
#1802 = EDGE_LOOP('',(#1803,#1804,#1812,#1818));
#1803 = ORIENTED_EDGE('',*,*,#1789,.F.);
#1804 = ORIENTED_EDGE('',*,*,#1805,.T.);
#1805 = EDGE_CURVE('',#1782,#1806,#1808,.T.);
#1806 = VERTEX_POINT('',#1807);
#1807 = CARTESIAN_POINT('',(-55.5093975133,33.235533905933,13.5));
#1808 = LINE('',#1809,#1810);
#1809 = CARTESIAN_POINT('',(-55.5093975133,33.235533905933,13.5));
#1810 = VECTOR('',#1811,1.);
#1811 = DIRECTION('',(0.,-0.,-1.));
#1812 = ORIENTED_EDGE('',*,*,#1813,.T.);
#1813 = EDGE_CURVE('',#1806,#383,#1814,.T.);
#1814 = LINE('',#1815,#1816);
#1815 = CARTESIAN_POINT('',(-31.29099025767,57.453941161572,13.5));
#1816 = VECTOR('',#1817,1.);
#1817 = DIRECTION('',(-0.707106781187,-0.707106781187,0.));
#1818 = ORIENTED_EDGE('',*,*,#390,.F.);
#1819 = PLANE('',#1820);
#1820 = AXIS2_PLACEMENT_3D('',#1821,#1822,#1823);
#1821 = CARTESIAN_POINT('',(-31.29099025767,57.453941161572,13.5));
#1822 = DIRECTION('',(-0.707106781187,0.707106781187,0.));
#1823 = DIRECTION('',(0.,0.,1.));
#1824 = ADVANCED_FACE('',(#1825),#1843,.F.);
#1825 = FACE_BOUND('',#1826,.F.);
#1826 = EDGE_LOOP('',(#1827,#1828,#1836,#1842));
#1827 = ORIENTED_EDGE('',*,*,#1813,.F.);
#1828 = ORIENTED_EDGE('',*,*,#1829,.T.);
#1829 = EDGE_CURVE('',#1806,#1830,#1832,.T.);
#1830 = VERTEX_POINT('',#1831);
#1831 = CARTESIAN_POINT('',(-64.17145558284,41.897591975468,13.5));
#1832 = LINE('',#1833,#1834);
#1833 = CARTESIAN_POINT('',(-16.79530124334,-5.478562364031,13.5));
#1834 = VECTOR('',#1835,1.);
#1835 = DIRECTION('',(-0.707106781187,0.707106781187,0.));
#1836 = ORIENTED_EDGE('',*,*,#1837,.T.);
#1837 = EDGE_CURVE('',#1830,#375,#1838,.T.);
#1838 = LINE('',#1839,#1840);
#1839 = CARTESIAN_POINT('',(-40.66015510839,65.408892449921,13.5));
#1840 = VECTOR('',#1841,1.);
#1841 = DIRECTION('',(-0.707106781187,-0.707106781187,0.));
#1842 = ORIENTED_EDGE('',*,*,#382,.F.);
#1843 = PLANE('',#1844);
#1844 = AXIS2_PLACEMENT_3D('',#1845,#1846,#1847);
#1845 = CARTESIAN_POINT('',(6.008892449921,18.739844891609,13.5));
#1846 = DIRECTION('',(0.,0.,1.));
#1847 = DIRECTION('',(-0.707106781187,0.707106781187,0.));
#1848 = ADVANCED_FACE('',(#1849,#1995),#2029,.T.);
#1849 = FACE_BOUND('',#1850,.T.);
#1850 = EDGE_LOOP('',(#1851,#1852,#1858,#1859,#1860,#1861,#1867,#1868,
    #1876,#1884,#1892,#1900,#1908,#1916,#1924,#1932,#1940,#1948,#1956,
    #1964,#1972,#1980,#1988,#1994));
#1851 = ORIENTED_EDGE('',*,*,#374,.T.);
#1852 = ORIENTED_EDGE('',*,*,#1853,.T.);
#1853 = EDGE_CURVE('',#367,#564,#1854,.T.);
#1854 = LINE('',#1855,#1856);
#1855 = CARTESIAN_POINT('',(-65.40889244992,40.660155108391,13.5));
#1856 = VECTOR('',#1857,1.);
#1857 = DIRECTION('',(0.,0.,1.));
#1858 = ORIENTED_EDGE('',*,*,#580,.T.);
#1859 = ORIENTED_EDGE('',*,*,#627,.F.);
#1860 = ORIENTED_EDGE('',*,*,#710,.F.);
#1861 = ORIENTED_EDGE('',*,*,#1862,.F.);
#1862 = EDGE_CURVE('',#813,#701,#1863,.T.);
#1863 = LINE('',#1864,#1865);
#1864 = CARTESIAN_POINT('',(-40.66015510839,65.408892449921,13.5));
#1865 = VECTOR('',#1866,1.);
#1866 = DIRECTION('',(0.,0.,1.));
#1867 = ORIENTED_EDGE('',*,*,#820,.F.);
#1868 = ORIENTED_EDGE('',*,*,#1869,.T.);
#1869 = EDGE_CURVE('',#821,#1870,#1872,.T.);
#1870 = VERTEX_POINT('',#1871);
#1871 = CARTESIAN_POINT('',(-41.89759197546,64.171455582844,13.5));
#1872 = LINE('',#1873,#1874);
#1873 = CARTESIAN_POINT('',(-40.66015510839,65.408892449921,13.5));
#1874 = VECTOR('',#1875,1.);
#1875 = DIRECTION('',(-0.707106781187,-0.707106781187,0.));
#1876 = ORIENTED_EDGE('',*,*,#1877,.T.);
#1877 = EDGE_CURVE('',#1870,#1878,#1880,.T.);
#1878 = VERTEX_POINT('',#1879);
#1879 = CARTESIAN_POINT('',(-41.89759197546,64.171455582844,14.7));
#1880 = LINE('',#1881,#1882);
#1881 = CARTESIAN_POINT('',(-41.89759197546,64.171455582844,13.5));
#1882 = VECTOR('',#1883,1.);
#1883 = DIRECTION('',(0.,0.,1.));
#1884 = ORIENTED_EDGE('',*,*,#1885,.F.);
#1885 = EDGE_CURVE('',#1886,#1878,#1888,.T.);
#1886 = VERTEX_POINT('',#1887);
#1887 = CARTESIAN_POINT('',(-42.95825214724,63.110795411064,14.7));
#1888 = LINE('',#1889,#1890);
#1889 = CARTESIAN_POINT('',(-41.27887354193,64.790174016382,14.7));
#1890 = VECTOR('',#1891,1.);
#1891 = DIRECTION('',(0.707106781187,0.707106781187,0.));
#1892 = ORIENTED_EDGE('',*,*,#1893,.F.);
#1893 = EDGE_CURVE('',#1894,#1886,#1896,.T.);
#1894 = VERTEX_POINT('',#1895);
#1895 = CARTESIAN_POINT('',(-42.95825214724,63.110795411064,13.5));
#1896 = LINE('',#1897,#1898);
#1897 = CARTESIAN_POINT('',(-42.95825214724,63.110795411064,13.5));
#1898 = VECTOR('',#1899,1.);
#1899 = DIRECTION('',(0.,0.,1.));
#1900 = ORIENTED_EDGE('',*,*,#1901,.T.);
#1901 = EDGE_CURVE('',#1894,#1902,#1904,.T.);
#1902 = VERTEX_POINT('',#1903);
#1903 = CARTESIAN_POINT('',(-47.20089283436,58.868154723945,13.5));
#1904 = LINE('',#1905,#1906);
#1905 = CARTESIAN_POINT('',(-40.66015510839,65.408892449921,13.5));
#1906 = VECTOR('',#1907,1.);
#1907 = DIRECTION('',(-0.707106781187,-0.707106781187,0.));
#1908 = ORIENTED_EDGE('',*,*,#1909,.T.);
#1909 = EDGE_CURVE('',#1902,#1910,#1912,.T.);
#1910 = VERTEX_POINT('',#1911);
#1911 = CARTESIAN_POINT('',(-47.20089283436,58.868154723945,14.7));
#1912 = LINE('',#1913,#1914);
#1913 = CARTESIAN_POINT('',(-47.20089283436,58.868154723945,13.5));
#1914 = VECTOR('',#1915,1.);
#1915 = DIRECTION('',(0.,0.,1.));
#1916 = ORIENTED_EDGE('',*,*,#1917,.F.);
#1917 = EDGE_CURVE('',#1918,#1910,#1920,.T.);
#1918 = VERTEX_POINT('',#1919);
#1919 = CARTESIAN_POINT('',(-48.26155300614,57.807494552165,14.7));
#1920 = LINE('',#1921,#1922);
#1921 = CARTESIAN_POINT('',(-43.93052397137,62.138523586933,14.7));
#1922 = VECTOR('',#1923,1.);
#1923 = DIRECTION('',(0.707106781187,0.707106781187,0.));
#1924 = ORIENTED_EDGE('',*,*,#1925,.F.);
#1925 = EDGE_CURVE('',#1926,#1918,#1928,.T.);
#1926 = VERTEX_POINT('',#1927);
#1927 = CARTESIAN_POINT('',(-48.26155300614,57.807494552165,13.5));
#1928 = LINE('',#1929,#1930);
#1929 = CARTESIAN_POINT('',(-48.26155300614,57.807494552165,13.5));
#1930 = VECTOR('',#1931,1.);
#1931 = DIRECTION('',(0.,0.,1.));
#1932 = ORIENTED_EDGE('',*,*,#1933,.T.);
#1933 = EDGE_CURVE('',#1926,#1934,#1936,.T.);
#1934 = VERTEX_POINT('',#1935);
#1935 = CARTESIAN_POINT('',(-57.80749455216,48.261553006147,13.5));
#1936 = LINE('',#1937,#1938);
#1937 = CARTESIAN_POINT('',(-40.66015510839,65.408892449921,13.5));
#1938 = VECTOR('',#1939,1.);
#1939 = DIRECTION('',(-0.707106781187,-0.707106781187,0.));
#1940 = ORIENTED_EDGE('',*,*,#1941,.T.);
#1941 = EDGE_CURVE('',#1934,#1942,#1944,.T.);
#1942 = VERTEX_POINT('',#1943);
#1943 = CARTESIAN_POINT('',(-57.80749455216,48.261553006147,14.7));
#1944 = LINE('',#1945,#1946);
#1945 = CARTESIAN_POINT('',(-57.80749455216,48.261553006147,13.5));
#1946 = VECTOR('',#1947,1.);
#1947 = DIRECTION('',(0.,0.,1.));
#1948 = ORIENTED_EDGE('',*,*,#1949,.F.);
#1949 = EDGE_CURVE('',#1950,#1942,#1952,.T.);
#1950 = VERTEX_POINT('',#1951);
#1951 = CARTESIAN_POINT('',(-58.86815472394,47.200892834367,14.7));
#1952 = LINE('',#1953,#1954);
#1953 = CARTESIAN_POINT('',(-49.23382483027,56.835222728034,14.7));
#1954 = VECTOR('',#1955,1.);
#1955 = DIRECTION('',(0.707106781187,0.707106781187,0.));
#1956 = ORIENTED_EDGE('',*,*,#1957,.F.);
#1957 = EDGE_CURVE('',#1958,#1950,#1960,.T.);
#1958 = VERTEX_POINT('',#1959);
#1959 = CARTESIAN_POINT('',(-58.86815472394,47.200892834367,13.5));
#1960 = LINE('',#1961,#1962);
#1961 = CARTESIAN_POINT('',(-58.86815472394,47.200892834367,13.5));
#1962 = VECTOR('',#1963,1.);
#1963 = DIRECTION('',(0.,0.,1.));
#1964 = ORIENTED_EDGE('',*,*,#1965,.T.);
#1965 = EDGE_CURVE('',#1958,#1966,#1968,.T.);
#1966 = VERTEX_POINT('',#1967);
#1967 = CARTESIAN_POINT('',(-63.11079541106,42.958252147248,13.5));
#1968 = LINE('',#1969,#1970);
#1969 = CARTESIAN_POINT('',(-40.66015510839,65.408892449921,13.5));
#1970 = VECTOR('',#1971,1.);
#1971 = DIRECTION('',(-0.707106781187,-0.707106781187,0.));
#1972 = ORIENTED_EDGE('',*,*,#1973,.T.);
#1973 = EDGE_CURVE('',#1966,#1974,#1976,.T.);
#1974 = VERTEX_POINT('',#1975);
#1975 = CARTESIAN_POINT('',(-63.11079541106,42.958252147248,14.7));
#1976 = LINE('',#1977,#1978);
#1977 = CARTESIAN_POINT('',(-63.11079541106,42.958252147248,13.5));
#1978 = VECTOR('',#1979,1.);
#1979 = DIRECTION('',(0.,0.,1.));
#1980 = ORIENTED_EDGE('',*,*,#1981,.F.);
#1981 = EDGE_CURVE('',#1982,#1974,#1984,.T.);
#1982 = VERTEX_POINT('',#1983);
#1983 = CARTESIAN_POINT('',(-64.17145558284,41.897591975468,14.7));
#1984 = LINE('',#1985,#1986);
#1985 = CARTESIAN_POINT('',(-51.88547525972,54.183572298584,14.7));
#1986 = VECTOR('',#1987,1.);
#1987 = DIRECTION('',(0.707106781187,0.707106781187,0.));
#1988 = ORIENTED_EDGE('',*,*,#1989,.F.);
#1989 = EDGE_CURVE('',#1830,#1982,#1990,.T.);
#1990 = LINE('',#1991,#1992);
#1991 = CARTESIAN_POINT('',(-64.17145558284,41.897591975468,13.5));
#1992 = VECTOR('',#1993,1.);
#1993 = DIRECTION('',(0.,0.,1.));
#1994 = ORIENTED_EDGE('',*,*,#1837,.T.);
#1995 = FACE_BOUND('',#1996,.T.);
#1996 = EDGE_LOOP('',(#1997,#2007,#2015,#2023));
#1997 = ORIENTED_EDGE('',*,*,#1998,.T.);
#1998 = EDGE_CURVE('',#1999,#2001,#2003,.T.);
#1999 = VERTEX_POINT('',#2000);
#2000 = CARTESIAN_POINT('',(-57.98427124746,48.08477631085,31.5));
#2001 = VERTEX_POINT('',#2002);
#2002 = CARTESIAN_POINT('',(-48.08477631085,57.984271247462,31.5));
#2003 = LINE('',#2004,#2005);
#2004 = CARTESIAN_POINT('',(-44.37246570962,61.696581848691,31.5));
#2005 = VECTOR('',#2006,1.);
#2006 = DIRECTION('',(0.707106781187,0.707106781187,0.));
#2007 = ORIENTED_EDGE('',*,*,#2008,.T.);
#2008 = EDGE_CURVE('',#2001,#2009,#2011,.T.);
#2009 = VERTEX_POINT('',#2010);
#2010 = CARTESIAN_POINT('',(-48.08477631085,57.984271247462,35.5));
#2011 = LINE('',#2012,#2013);
#2012 = CARTESIAN_POINT('',(-48.08477631085,57.984271247462,22.5));
#2013 = VECTOR('',#2014,1.);
#2014 = DIRECTION('',(0.,0.,1.));
#2015 = ORIENTED_EDGE('',*,*,#2016,.F.);
#2016 = EDGE_CURVE('',#2017,#2009,#2019,.T.);
#2017 = VERTEX_POINT('',#2018);
#2018 = CARTESIAN_POINT('',(-57.98427124746,48.08477631085,35.5));
#2019 = LINE('',#2020,#2021);
#2020 = CARTESIAN_POINT('',(-44.37246570962,61.696581848691,35.5));
#2021 = VECTOR('',#2022,1.);
#2022 = DIRECTION('',(0.707106781187,0.707106781187,0.));
#2023 = ORIENTED_EDGE('',*,*,#2024,.F.);
#2024 = EDGE_CURVE('',#1999,#2017,#2025,.T.);
#2025 = LINE('',#2026,#2027);
#2026 = CARTESIAN_POINT('',(-57.98427124746,48.08477631085,22.5));
#2027 = VECTOR('',#2028,1.);
#2028 = DIRECTION('',(0.,0.,1.));
#2029 = PLANE('',#2030);
#2030 = AXIS2_PLACEMENT_3D('',#2031,#2032,#2033);
#2031 = CARTESIAN_POINT('',(-40.66015510839,65.408892449921,13.5));
#2032 = DIRECTION('',(-0.707106781187,0.707106781187,0.));
#2033 = DIRECTION('',(0.,0.,1.));
#2034 = ADVANCED_FACE('',(#2035),#2053,.F.);
#2035 = FACE_BOUND('',#2036,.F.);
#2036 = EDGE_LOOP('',(#2037,#2038,#2039,#2047));
#2037 = ORIENTED_EDGE('',*,*,#509,.F.);
#2038 = ORIENTED_EDGE('',*,*,#366,.T.);
#2039 = ORIENTED_EDGE('',*,*,#2040,.T.);
#2040 = EDGE_CURVE('',#367,#2041,#2043,.T.);
#2041 = VERTEX_POINT('',#2042);
#2042 = CARTESIAN_POINT('',(-67.17665940288,38.892388155425,22.5));
#2043 = LINE('',#2044,#2045);
#2044 = CARTESIAN_POINT('',(-65.40889244992,40.660155108391,22.5));
#2045 = VECTOR('',#2046,1.);
#2046 = DIRECTION('',(-0.707106781187,-0.707106781187,0.));
#2047 = ORIENTED_EDGE('',*,*,#2048,.F.);
#2048 = EDGE_CURVE('',#510,#2041,#2049,.T.);
#2049 = LINE('',#2050,#2051);
#2050 = CARTESIAN_POINT('',(-20.50761184457,-7.776659402887,22.5));
#2051 = VECTOR('',#2052,1.);
#2052 = DIRECTION('',(-0.707106781187,0.707106781187,0.));
#2053 = PLANE('',#2054);
#2054 = AXIS2_PLACEMENT_3D('',#2055,#2056,#2057);
#2055 = CARTESIAN_POINT('',(-18.7398448916,-6.008892449921,22.5));
#2056 = DIRECTION('',(0.,0.,1.));
#2057 = DIRECTION('',(-0.707106781187,0.707106781187,0.));
#2058 = ADVANCED_FACE('',(#2059),#2077,.T.);
#2059 = FACE_BOUND('',#2060,.T.);
#2060 = EDGE_LOOP('',(#2061,#2062,#2063,#2071));
#2061 = ORIENTED_EDGE('',*,*,#525,.F.);
#2062 = ORIENTED_EDGE('',*,*,#563,.T.);
#2063 = ORIENTED_EDGE('',*,*,#2064,.T.);
#2064 = EDGE_CURVE('',#564,#2065,#2067,.T.);
#2065 = VERTEX_POINT('',#2066);
#2066 = CARTESIAN_POINT('',(-67.17665940288,38.892388155425,26.));
#2067 = LINE('',#2068,#2069);
#2068 = CARTESIAN_POINT('',(-65.40889244992,40.660155108391,26.));
#2069 = VECTOR('',#2070,1.);
#2070 = DIRECTION('',(-0.707106781187,-0.707106781187,0.));
#2071 = ORIENTED_EDGE('',*,*,#2072,.F.);
#2072 = EDGE_CURVE('',#518,#2065,#2073,.T.);
#2073 = LINE('',#2074,#2075);
#2074 = CARTESIAN_POINT('',(-20.50761184457,-7.776659402887,26.));
#2075 = VECTOR('',#2076,1.);
#2076 = DIRECTION('',(-0.707106781187,0.707106781187,0.));
#2077 = PLANE('',#2078);
#2078 = AXIS2_PLACEMENT_3D('',#2079,#2080,#2081);
#2079 = CARTESIAN_POINT('',(-18.7398448916,-6.008892449921,26.));
#2080 = DIRECTION('',(0.,0.,1.));
#2081 = DIRECTION('',(-0.707106781187,0.707106781187,0.));
#2082 = ADVANCED_FACE('',(#2083),#2094,.T.);
#2083 = FACE_BOUND('',#2084,.T.);
#2084 = EDGE_LOOP('',(#2085,#2086,#2087,#2088));
#2085 = ORIENTED_EDGE('',*,*,#2048,.F.);
#2086 = ORIENTED_EDGE('',*,*,#517,.T.);
#2087 = ORIENTED_EDGE('',*,*,#2072,.T.);
#2088 = ORIENTED_EDGE('',*,*,#2089,.F.);
#2089 = EDGE_CURVE('',#2041,#2065,#2090,.T.);
#2090 = LINE('',#2091,#2092);
#2091 = CARTESIAN_POINT('',(-67.17665940288,38.892388155425,22.5));
#2092 = VECTOR('',#2093,1.);
#2093 = DIRECTION('',(0.,0.,1.));
#2094 = PLANE('',#2095);
#2095 = AXIS2_PLACEMENT_3D('',#2096,#2097,#2098);
#2096 = CARTESIAN_POINT('',(-20.50761184457,-7.776659402887,22.5));
#2097 = DIRECTION('',(-0.707106781187,-0.707106781187,0.));
#2098 = DIRECTION('',(0.,0.,1.));
#2099 = ADVANCED_FACE('',(#2100),#2118,.F.);
#2100 = FACE_BOUND('',#2101,.F.);
#2101 = EDGE_LOOP('',(#2102,#2103,#2104,#2112));
#2102 = ORIENTED_EDGE('',*,*,#1589,.F.);
#2103 = ORIENTED_EDGE('',*,*,#604,.F.);
#2104 = ORIENTED_EDGE('',*,*,#2105,.T.);
#2105 = EDGE_CURVE('',#597,#2106,#2108,.T.);
#2106 = VERTEX_POINT('',#2107);
#2107 = CARTESIAN_POINT('',(-26.16446609406,6.011922830251,14.7));
#2108 = LINE('',#2109,#2110);
#2109 = CARTESIAN_POINT('',(-15.73464107156,-4.417902192251,14.7));
#2110 = VECTOR('',#2111,1.);
#2111 = DIRECTION('',(-0.707106781187,0.707106781187,0.));
#2112 = ORIENTED_EDGE('',*,*,#2113,.T.);
#2113 = EDGE_CURVE('',#2106,#1590,#2114,.T.);
#2114 = LINE('',#2115,#2116);
#2115 = CARTESIAN_POINT('',(-3.006719010208,29.16966991411,14.7));
#2116 = VECTOR('',#2117,1.);
#2117 = DIRECTION('',(-0.707106781187,-0.707106781187,0.));
#2118 = PLANE('',#2119);
#2119 = AXIS2_PLACEMENT_3D('',#2120,#2121,#2122);
#2120 = CARTESIAN_POINT('',(-15.73464107156,-4.417902192251,14.7));
#2121 = DIRECTION('',(0.,0.,1.));
#2122 = DIRECTION('',(-0.707106781187,0.707106781187,0.));
#2123 = ADVANCED_FACE('',(#2124),#2149,.T.);
#2124 = FACE_BOUND('',#2125,.T.);
#2125 = EDGE_LOOP('',(#2126,#2134,#2142,#2148));
#2126 = ORIENTED_EDGE('',*,*,#2127,.F.);
#2127 = EDGE_CURVE('',#2128,#637,#2130,.T.);
#2128 = VERTEX_POINT('',#2129);
#2129 = CARTESIAN_POINT('',(-40.1298250225,60.989475067505,15.5));
#2130 = LINE('',#2131,#2132);
#2131 = CARTESIAN_POINT('',(-40.1298250225,60.989475067505,15.5));
#2132 = VECTOR('',#2133,1.);
#2133 = DIRECTION('',(0.,0.,1.));
#2134 = ORIENTED_EDGE('',*,*,#2135,.F.);
#2135 = EDGE_CURVE('',#2136,#2128,#2138,.T.);
#2136 = VERTEX_POINT('',#2137);
#2137 = CARTESIAN_POINT('',(1.589475067505,19.270174977498,15.5));
#2138 = LINE('',#2139,#2140);
#2139 = CARTESIAN_POINT('',(1.589475067505,19.270174977498,15.5));
#2140 = VECTOR('',#2141,1.);
#2141 = DIRECTION('',(-0.707106781187,0.707106781187,0.));
#2142 = ORIENTED_EDGE('',*,*,#2143,.T.);
#2143 = EDGE_CURVE('',#2136,#639,#2144,.T.);
#2144 = LINE('',#2145,#2146);
#2145 = CARTESIAN_POINT('',(1.589475067505,19.270174977498,15.5));
#2146 = VECTOR('',#2147,1.);
#2147 = DIRECTION('',(0.,0.,1.));
#2148 = ORIENTED_EDGE('',*,*,#636,.F.);
#2149 = PLANE('',#2150);
#2150 = AXIS2_PLACEMENT_3D('',#2151,#2152,#2153);
#2151 = CARTESIAN_POINT('',(1.589475067505,19.270174977498,15.5));
#2152 = DIRECTION('',(-0.707106781187,-0.707106781187,0.));
#2153 = DIRECTION('',(0.,0.,1.));
#2154 = ADVANCED_FACE('',(#2155),#2173,.F.);
#2155 = FACE_BOUND('',#2156,.F.);
#2156 = EDGE_LOOP('',(#2157,#2158,#2166,#2172));
#2157 = ORIENTED_EDGE('',*,*,#2127,.F.);
#2158 = ORIENTED_EDGE('',*,*,#2159,.T.);
#2159 = EDGE_CURVE('',#2128,#2160,#2162,.T.);
#2160 = VERTEX_POINT('',#2161);
#2161 = CARTESIAN_POINT('',(-60.9894750675,40.129825022502,15.5));
#2162 = LINE('',#2163,#2164);
#2163 = CARTESIAN_POINT('',(-40.1298250225,60.989475067505,15.5));
#2164 = VECTOR('',#2165,1.);
#2165 = DIRECTION('',(-0.707106781187,-0.707106781187,0.));
#2166 = ORIENTED_EDGE('',*,*,#2167,.T.);
#2167 = EDGE_CURVE('',#2160,#655,#2168,.T.);
#2168 = LINE('',#2169,#2170);
#2169 = CARTESIAN_POINT('',(-60.9894750675,40.129825022502,15.5));
#2170 = VECTOR('',#2171,1.);
#2171 = DIRECTION('',(0.,0.,1.));
#2172 = ORIENTED_EDGE('',*,*,#662,.F.);
#2173 = PLANE('',#2174);
#2174 = AXIS2_PLACEMENT_3D('',#2175,#2176,#2177);
#2175 = CARTESIAN_POINT('',(-40.1298250225,60.989475067505,15.5));
#2176 = DIRECTION('',(-0.707106781187,0.707106781187,0.));
#2177 = DIRECTION('',(0.,0.,1.));
#2178 = ADVANCED_FACE('',(#2179),#2197,.F.);
#2179 = FACE_BOUND('',#2180,.F.);
#2180 = EDGE_LOOP('',(#2181,#2182,#2190,#2196));
#2181 = ORIENTED_EDGE('',*,*,#2167,.F.);
#2182 = ORIENTED_EDGE('',*,*,#2183,.F.);
#2183 = EDGE_CURVE('',#2184,#2160,#2186,.T.);
#2184 = VERTEX_POINT('',#2185);
#2185 = CARTESIAN_POINT('',(-19.27017497749,-1.589475067505,15.5));
#2186 = LINE('',#2187,#2188);
#2187 = CARTESIAN_POINT('',(-19.27017497749,-1.589475067505,15.5));
#2188 = VECTOR('',#2189,1.);
#2189 = DIRECTION('',(-0.707106781187,0.707106781187,0.));
#2190 = ORIENTED_EDGE('',*,*,#2191,.T.);
#2191 = EDGE_CURVE('',#2184,#647,#2192,.T.);
#2192 = LINE('',#2193,#2194);
#2193 = CARTESIAN_POINT('',(-19.27017497749,-1.589475067505,15.5));
#2194 = VECTOR('',#2195,1.);
#2195 = DIRECTION('',(0.,0.,1.));
#2196 = ORIENTED_EDGE('',*,*,#654,.F.);
#2197 = PLANE('',#2198);
#2198 = AXIS2_PLACEMENT_3D('',#2199,#2200,#2201);
#2199 = CARTESIAN_POINT('',(-19.27017497749,-1.589475067505,15.5));
#2200 = DIRECTION('',(-0.707106781187,-0.707106781187,0.));
#2201 = DIRECTION('',(0.,0.,1.));
#2202 = ADVANCED_FACE('',(#2203,#2214,#2248,#2282,#2316),#2350,.T.);
#2203 = FACE_BOUND('',#2204,.T.);
#2204 = EDGE_LOOP('',(#2205,#2206,#2212,#2213));
#2205 = ORIENTED_EDGE('',*,*,#2143,.F.);
#2206 = ORIENTED_EDGE('',*,*,#2207,.T.);
#2207 = EDGE_CURVE('',#2136,#2184,#2208,.T.);
#2208 = LINE('',#2209,#2210);
#2209 = CARTESIAN_POINT('',(1.589475067505,19.270174977498,15.5));
#2210 = VECTOR('',#2211,1.);
#2211 = DIRECTION('',(-0.707106781187,-0.707106781187,0.));
#2212 = ORIENTED_EDGE('',*,*,#2191,.T.);
#2213 = ORIENTED_EDGE('',*,*,#646,.F.);
#2214 = FACE_BOUND('',#2215,.T.);
#2215 = EDGE_LOOP('',(#2216,#2226,#2234,#2242));
#2216 = ORIENTED_EDGE('',*,*,#2217,.T.);
#2217 = EDGE_CURVE('',#2218,#2220,#2222,.T.);
#2218 = VERTEX_POINT('',#2219);
#2219 = CARTESIAN_POINT('',(-17.04278861676,0.637911293233,19.5));
#2220 = VERTEX_POINT('',#2221);
#2221 = CARTESIAN_POINT('',(-14.78004691696,2.90065299303,19.5));
#2222 = LINE('',#2223,#2224);
#2223 = CARTESIAN_POINT('',(-6.59528592473,11.085413985264,19.5));
#2224 = VECTOR('',#2225,1.);
#2225 = DIRECTION('',(0.707106781187,0.707106781187,0.));
#2226 = ORIENTED_EDGE('',*,*,#2227,.T.);
#2227 = EDGE_CURVE('',#2220,#2228,#2230,.T.);
#2228 = VERTEX_POINT('',#2229);
#2229 = CARTESIAN_POINT('',(-14.78004691696,2.90065299303,20.9));
#2230 = LINE('',#2231,#2232);
#2231 = CARTESIAN_POINT('',(-14.78004691696,2.90065299303,17.5));
#2232 = VECTOR('',#2233,1.);
#2233 = DIRECTION('',(0.,0.,1.));
#2234 = ORIENTED_EDGE('',*,*,#2235,.F.);
#2235 = EDGE_CURVE('',#2236,#2228,#2238,.T.);
#2236 = VERTEX_POINT('',#2237);
#2237 = CARTESIAN_POINT('',(-17.04278861676,0.637911293233,20.9));
#2238 = LINE('',#2239,#2240);
#2239 = CARTESIAN_POINT('',(-6.59528592473,11.085413985264,20.9));
#2240 = VECTOR('',#2241,1.);
#2241 = DIRECTION('',(0.707106781187,0.707106781187,0.));
#2242 = ORIENTED_EDGE('',*,*,#2243,.F.);
#2243 = EDGE_CURVE('',#2218,#2236,#2244,.T.);
#2244 = LINE('',#2245,#2246);
#2245 = CARTESIAN_POINT('',(-17.04278861676,0.637911293233,17.5));
#2246 = VECTOR('',#2247,1.);
#2247 = DIRECTION('',(0.,0.,1.));
#2248 = FACE_BOUND('',#2249,.T.);
#2249 = EDGE_LOOP('',(#2250,#2260,#2268,#2276));
#2250 = ORIENTED_EDGE('',*,*,#2251,.T.);
#2251 = EDGE_CURVE('',#2252,#2254,#2256,.T.);
#2252 = VERTEX_POINT('',#2253);
#2253 = CARTESIAN_POINT('',(-12.80014792964,4.880551980352,19.5));
#2254 = VERTEX_POINT('',#2255);
#2255 = CARTESIAN_POINT('',(-10.53740622984,7.143293680149,19.5));
#2256 = LINE('',#2257,#2258);
#2257 = CARTESIAN_POINT('',(-4.47396558117,13.206734328824,19.5));
#2258 = VECTOR('',#2259,1.);
#2259 = DIRECTION('',(0.707106781187,0.707106781187,0.));
#2260 = ORIENTED_EDGE('',*,*,#2261,.T.);
#2261 = EDGE_CURVE('',#2254,#2262,#2264,.T.);
#2262 = VERTEX_POINT('',#2263);
#2263 = CARTESIAN_POINT('',(-10.53740622984,7.143293680149,20.9));
#2264 = LINE('',#2265,#2266);
#2265 = CARTESIAN_POINT('',(-10.53740622984,7.143293680149,17.5));
#2266 = VECTOR('',#2267,1.);
#2267 = DIRECTION('',(0.,0.,1.));
#2268 = ORIENTED_EDGE('',*,*,#2269,.F.);
#2269 = EDGE_CURVE('',#2270,#2262,#2272,.T.);
#2270 = VERTEX_POINT('',#2271);
#2271 = CARTESIAN_POINT('',(-12.80014792964,4.880551980352,20.9));
#2272 = LINE('',#2273,#2274);
#2273 = CARTESIAN_POINT('',(-4.47396558117,13.206734328824,20.9));
#2274 = VECTOR('',#2275,1.);
#2275 = DIRECTION('',(0.707106781187,0.707106781187,0.));
#2276 = ORIENTED_EDGE('',*,*,#2277,.F.);
#2277 = EDGE_CURVE('',#2252,#2270,#2278,.T.);
#2278 = LINE('',#2279,#2280);
#2279 = CARTESIAN_POINT('',(-12.80014792964,4.880551980352,17.5));
#2280 = VECTOR('',#2281,1.);
#2281 = DIRECTION('',(0.,0.,1.));
#2282 = FACE_BOUND('',#2283,.T.);
#2283 = EDGE_LOOP('',(#2284,#2294,#2302,#2310));
#2284 = ORIENTED_EDGE('',*,*,#2285,.T.);
#2285 = EDGE_CURVE('',#2286,#2288,#2290,.T.);
#2286 = VERTEX_POINT('',#2287);
#2287 = CARTESIAN_POINT('',(-7.143293680149,10.537406229845,19.5));
#2288 = VERTEX_POINT('',#2289);
#2289 = CARTESIAN_POINT('',(-4.880551980352,12.800147929642,19.5));
#2290 = LINE('',#2291,#2292);
#2291 = CARTESIAN_POINT('',(-1.645538456424,16.03516145357,19.5));
#2292 = VECTOR('',#2293,1.);
#2293 = DIRECTION('',(0.707106781187,0.707106781187,0.));
#2294 = ORIENTED_EDGE('',*,*,#2295,.T.);
#2295 = EDGE_CURVE('',#2288,#2296,#2298,.T.);
#2296 = VERTEX_POINT('',#2297);
#2297 = CARTESIAN_POINT('',(-4.880551980352,12.800147929642,20.9));
#2298 = LINE('',#2299,#2300);
#2299 = CARTESIAN_POINT('',(-4.880551980352,12.800147929642,17.5));
#2300 = VECTOR('',#2301,1.);
#2301 = DIRECTION('',(0.,0.,1.));
#2302 = ORIENTED_EDGE('',*,*,#2303,.F.);
#2303 = EDGE_CURVE('',#2304,#2296,#2306,.T.);
#2304 = VERTEX_POINT('',#2305);
#2305 = CARTESIAN_POINT('',(-7.143293680149,10.537406229845,20.9));
#2306 = LINE('',#2307,#2308);
#2307 = CARTESIAN_POINT('',(-1.645538456424,16.03516145357,20.9));
#2308 = VECTOR('',#2309,1.);
#2309 = DIRECTION('',(0.707106781187,0.707106781187,0.));
#2310 = ORIENTED_EDGE('',*,*,#2311,.F.);
#2311 = EDGE_CURVE('',#2286,#2304,#2312,.T.);
#2312 = LINE('',#2313,#2314);
#2313 = CARTESIAN_POINT('',(-7.143293680149,10.537406229845,17.5));
#2314 = VECTOR('',#2315,1.);
#2315 = DIRECTION('',(0.,0.,1.));
#2316 = FACE_BOUND('',#2317,.T.);
#2317 = EDGE_LOOP('',(#2318,#2328,#2336,#2344));
#2318 = ORIENTED_EDGE('',*,*,#2319,.T.);
#2319 = EDGE_CURVE('',#2320,#2322,#2324,.T.);
#2320 = VERTEX_POINT('',#2321);
#2321 = CARTESIAN_POINT('',(-2.90065299303,14.780046916964,19.5));
#2322 = VERTEX_POINT('',#2323);
#2323 = CARTESIAN_POINT('',(-0.637911293233,17.042788616761,19.5));
#2324 = LINE('',#2325,#2326);
#2325 = CARTESIAN_POINT('',(0.475781887136,18.15648179713,19.5));
#2326 = VECTOR('',#2327,1.);
#2327 = DIRECTION('',(0.707106781187,0.707106781187,0.));
#2328 = ORIENTED_EDGE('',*,*,#2329,.T.);
#2329 = EDGE_CURVE('',#2322,#2330,#2332,.T.);
#2330 = VERTEX_POINT('',#2331);
#2331 = CARTESIAN_POINT('',(-0.637911293233,17.042788616761,20.9));
#2332 = LINE('',#2333,#2334);
#2333 = CARTESIAN_POINT('',(-0.637911293233,17.042788616761,17.5));
#2334 = VECTOR('',#2335,1.);
#2335 = DIRECTION('',(0.,0.,1.));
#2336 = ORIENTED_EDGE('',*,*,#2337,.F.);
#2337 = EDGE_CURVE('',#2338,#2330,#2340,.T.);
#2338 = VERTEX_POINT('',#2339);
#2339 = CARTESIAN_POINT('',(-2.90065299303,14.780046916964,20.9));
#2340 = LINE('',#2341,#2342);
#2341 = CARTESIAN_POINT('',(0.475781887136,18.15648179713,20.9));
#2342 = VECTOR('',#2343,1.);
#2343 = DIRECTION('',(0.707106781187,0.707106781187,0.));
#2344 = ORIENTED_EDGE('',*,*,#2345,.F.);
#2345 = EDGE_CURVE('',#2320,#2338,#2346,.T.);
#2346 = LINE('',#2347,#2348);
#2347 = CARTESIAN_POINT('',(-2.90065299303,14.780046916964,17.5));
#2348 = VECTOR('',#2349,1.);
#2349 = DIRECTION('',(0.,0.,1.));
#2350 = PLANE('',#2351);
#2351 = AXIS2_PLACEMENT_3D('',#2352,#2353,#2354);
#2352 = CARTESIAN_POINT('',(1.589475067505,19.270174977498,15.5));
#2353 = DIRECTION('',(-0.707106781187,0.707106781187,0.));
#2354 = DIRECTION('',(0.,0.,1.));
#2355 = ADVANCED_FACE('',(#2356),#2367,.T.);
#2356 = FACE_BOUND('',#2357,.T.);
#2357 = EDGE_LOOP('',(#2358,#2364,#2365,#2366));
#2358 = ORIENTED_EDGE('',*,*,#2359,.F.);
#2359 = EDGE_CURVE('',#782,#597,#2360,.T.);
#2360 = LINE('',#2361,#2362);
#2361 = CARTESIAN_POINT('',(-1.946058838428,28.10900974233,14.7));
#2362 = VECTOR('',#2363,1.);
#2363 = DIRECTION('',(-0.707106781187,-0.707106781187,0.));
#2364 = ORIENTED_EDGE('',*,*,#789,.T.);
#2365 = ORIENTED_EDGE('',*,*,#733,.T.);
#2366 = ORIENTED_EDGE('',*,*,#686,.F.);
#2367 = PLANE('',#2368);
#2368 = AXIS2_PLACEMENT_3D('',#2369,#2370,#2371);
#2369 = CARTESIAN_POINT('',(-1.946058838428,28.10900974233,13.5));
#2370 = DIRECTION('',(-0.707106781187,0.707106781187,0.));
#2371 = DIRECTION('',(0.,0.,1.));
#2372 = ADVANCED_FACE('',(#2373),#2391,.T.);
#2373 = FACE_BOUND('',#2374,.T.);
#2374 = EDGE_LOOP('',(#2375,#2376,#2384,#2390));
#2375 = ORIENTED_EDGE('',*,*,#765,.F.);
#2376 = ORIENTED_EDGE('',*,*,#2377,.T.);
#2377 = EDGE_CURVE('',#751,#2378,#2380,.T.);
#2378 = VERTEX_POINT('',#2379);
#2379 = CARTESIAN_POINT('',(-38.89238815542,67.176659402887,26.));
#2380 = LINE('',#2381,#2382);
#2381 = CARTESIAN_POINT('',(7.776659402887,20.507611844575,26.));
#2382 = VECTOR('',#2383,1.);
#2383 = DIRECTION('',(-0.707106781187,0.707106781187,0.));
#2384 = ORIENTED_EDGE('',*,*,#2385,.T.);
#2385 = EDGE_CURVE('',#2378,#701,#2386,.T.);
#2386 = LINE('',#2387,#2388);
#2387 = CARTESIAN_POINT('',(-38.89238815542,67.176659402887,26.));
#2388 = VECTOR('',#2389,1.);
#2389 = DIRECTION('',(-0.707106781187,-0.707106781187,0.));
#2390 = ORIENTED_EDGE('',*,*,#700,.F.);
#2391 = PLANE('',#2392);
#2392 = AXIS2_PLACEMENT_3D('',#2393,#2394,#2395);
#2393 = CARTESIAN_POINT('',(7.776659402887,20.507611844575,26.));
#2394 = DIRECTION('',(0.,0.,1.));
#2395 = DIRECTION('',(-0.707106781187,0.707106781187,0.));
#2396 = ADVANCED_FACE('',(#2397),#2415,.F.);
#2397 = FACE_BOUND('',#2398,.F.);
#2398 = EDGE_LOOP('',(#2399,#2407,#2408,#2409));
#2399 = ORIENTED_EDGE('',*,*,#2400,.F.);
#2400 = EDGE_CURVE('',#749,#2401,#2403,.T.);
#2401 = VERTEX_POINT('',#2402);
#2402 = CARTESIAN_POINT('',(-38.89238815542,67.176659402887,22.5));
#2403 = LINE('',#2404,#2405);
#2404 = CARTESIAN_POINT('',(7.776659402887,20.507611844575,22.5));
#2405 = VECTOR('',#2406,1.);
#2406 = DIRECTION('',(-0.707106781187,0.707106781187,0.));
#2407 = ORIENTED_EDGE('',*,*,#748,.T.);
#2408 = ORIENTED_EDGE('',*,*,#2377,.T.);
#2409 = ORIENTED_EDGE('',*,*,#2410,.F.);
#2410 = EDGE_CURVE('',#2401,#2378,#2411,.T.);
#2411 = LINE('',#2412,#2413);
#2412 = CARTESIAN_POINT('',(-38.89238815542,67.176659402887,22.5));
#2413 = VECTOR('',#2414,1.);
#2414 = DIRECTION('',(0.,0.,1.));
#2415 = PLANE('',#2416);
#2416 = AXIS2_PLACEMENT_3D('',#2417,#2418,#2419);
#2417 = CARTESIAN_POINT('',(7.776659402887,20.507611844575,22.5));
#2418 = DIRECTION('',(-0.707106781187,-0.707106781187,0.));
#2419 = DIRECTION('',(0.,0.,1.));
#2420 = ADVANCED_FACE('',(#2421),#2432,.F.);
#2421 = FACE_BOUND('',#2422,.F.);
#2422 = EDGE_LOOP('',(#2423,#2424,#2425,#2431));
#2423 = ORIENTED_EDGE('',*,*,#758,.F.);
#2424 = ORIENTED_EDGE('',*,*,#2400,.T.);
#2425 = ORIENTED_EDGE('',*,*,#2426,.T.);
#2426 = EDGE_CURVE('',#2401,#813,#2427,.T.);
#2427 = LINE('',#2428,#2429);
#2428 = CARTESIAN_POINT('',(-38.89238815542,67.176659402887,22.5));
#2429 = VECTOR('',#2430,1.);
#2430 = DIRECTION('',(-0.707106781187,-0.707106781187,0.));
#2431 = ORIENTED_EDGE('',*,*,#812,.F.);
#2432 = PLANE('',#2433);
#2433 = AXIS2_PLACEMENT_3D('',#2434,#2435,#2436);
#2434 = CARTESIAN_POINT('',(7.776659402887,20.507611844575,22.5));
#2435 = DIRECTION('',(0.,0.,1.));
#2436 = DIRECTION('',(-0.707106781187,0.707106781187,0.));
#2437 = ADVANCED_FACE('',(#2438),#2449,.T.);
#2438 = FACE_BOUND('',#2439,.T.);
#2439 = EDGE_LOOP('',(#2440,#2446,#2447,#2448));
#2440 = ORIENTED_EDGE('',*,*,#2441,.F.);
#2441 = EDGE_CURVE('',#909,#1005,#2442,.T.);
#2442 = LINE('',#2443,#2444);
#2443 = CARTESIAN_POINT('',(-1.946058838428,28.10900974233,14.7));
#2444 = VECTOR('',#2445,1.);
#2445 = DIRECTION('',(-0.707106781187,-0.707106781187,0.));
#2446 = ORIENTED_EDGE('',*,*,#916,.T.);
#2447 = ORIENTED_EDGE('',*,*,#956,.T.);
#2448 = ORIENTED_EDGE('',*,*,#1012,.F.);
#2449 = PLANE('',#2450);
#2450 = AXIS2_PLACEMENT_3D('',#2451,#2452,#2453);
#2451 = CARTESIAN_POINT('',(-1.946058838428,28.10900974233,13.5));
#2452 = DIRECTION('',(-0.707106781187,0.707106781187,0.));
#2453 = DIRECTION('',(0.,0.,1.));
#2454 = ADVANCED_FACE('',(#2455),#2473,.F.);
#2455 = FACE_BOUND('',#2456,.F.);
#2456 = EDGE_LOOP('',(#2457,#2465,#2466,#2467));
#2457 = ORIENTED_EDGE('',*,*,#2458,.F.);
#2458 = EDGE_CURVE('',#1005,#2459,#2461,.T.);
#2459 = VERTEX_POINT('',#2460);
#2460 = CARTESIAN_POINT('',(-4.951262658471,27.225126265847,14.7));
#2461 = LINE('',#2462,#2463);
#2462 = CARTESIAN_POINT('',(5.478562364031,16.795301243345,14.7));
#2463 = VECTOR('',#2464,1.);
#2464 = DIRECTION('',(-0.707106781187,0.707106781187,0.));
#2465 = ORIENTED_EDGE('',*,*,#2441,.F.);
#2466 = ORIENTED_EDGE('',*,*,#908,.T.);
#2467 = ORIENTED_EDGE('',*,*,#2468,.T.);
#2468 = EDGE_CURVE('',#901,#2459,#2469,.T.);
#2469 = LINE('',#2470,#2471);
#2470 = CARTESIAN_POINT('',(-3.006719010208,29.16966991411,14.7));
#2471 = VECTOR('',#2472,1.);
#2472 = DIRECTION('',(-0.707106781187,-0.707106781187,0.));
#2473 = PLANE('',#2474);
#2474 = AXIS2_PLACEMENT_3D('',#2475,#2476,#2477);
#2475 = CARTESIAN_POINT('',(-1.946058838428,28.10900974233,14.7));
#2476 = DIRECTION('',(0.,0.,1.));
#2477 = DIRECTION('',(-0.707106781187,0.707106781187,0.));
#2478 = ADVANCED_FACE('',(#2479),#2497,.F.);
#2479 = FACE_BOUND('',#2480,.F.);
#2480 = EDGE_LOOP('',(#2481,#2482,#2483,#2491));
#2481 = ORIENTED_EDGE('',*,*,#2468,.F.);
#2482 = ORIENTED_EDGE('',*,*,#900,.T.);
#2483 = ORIENTED_EDGE('',*,*,#2484,.T.);
#2484 = EDGE_CURVE('',#893,#2485,#2487,.T.);
#2485 = VERTEX_POINT('',#2486);
#2486 = CARTESIAN_POINT('',(-4.951262658471,27.225126265847,13.5));
#2487 = LINE('',#2488,#2489);
#2488 = CARTESIAN_POINT('',(-3.006719010208,29.16966991411,13.5));
#2489 = VECTOR('',#2490,1.);
#2490 = DIRECTION('',(-0.707106781187,-0.707106781187,0.));
#2491 = ORIENTED_EDGE('',*,*,#2492,.F.);
#2492 = EDGE_CURVE('',#2459,#2485,#2493,.T.);
#2493 = LINE('',#2494,#2495);
#2494 = CARTESIAN_POINT('',(-4.951262658471,27.225126265847,13.5));
#2495 = VECTOR('',#2496,1.);
#2496 = DIRECTION('',(0.,-0.,-1.));
#2497 = PLANE('',#2498);
#2498 = AXIS2_PLACEMENT_3D('',#2499,#2500,#2501);
#2499 = CARTESIAN_POINT('',(-3.006719010208,29.16966991411,13.5));
#2500 = DIRECTION('',(-0.707106781187,0.707106781187,0.));
#2501 = DIRECTION('',(0.,0.,1.));
#2502 = ADVANCED_FACE('',(#2503),#2521,.F.);
#2503 = FACE_BOUND('',#2504,.F.);
#2504 = EDGE_LOOP('',(#2505,#2506,#2507,#2515));
#2505 = ORIENTED_EDGE('',*,*,#2484,.F.);
#2506 = ORIENTED_EDGE('',*,*,#892,.T.);
#2507 = ORIENTED_EDGE('',*,*,#2508,.T.);
#2508 = EDGE_CURVE('',#885,#2509,#2511,.T.);
#2509 = VERTEX_POINT('',#2510);
#2510 = CARTESIAN_POINT('',(-18.03273811042,40.306601717798,13.5));
#2511 = LINE('',#2512,#2513);
#2512 = CARTESIAN_POINT('',(-16.08819446215,42.251145366061,13.5));
#2513 = VECTOR('',#2514,1.);
#2514 = DIRECTION('',(-0.707106781187,-0.707106781187,0.));
#2515 = ORIENTED_EDGE('',*,*,#2516,.F.);
#2516 = EDGE_CURVE('',#2485,#2509,#2517,.T.);
#2517 = LINE('',#2518,#2519);
#2518 = CARTESIAN_POINT('',(5.478562364031,16.795301243345,13.5));
#2519 = VECTOR('',#2520,1.);
#2520 = DIRECTION('',(-0.707106781187,0.707106781187,0.));
#2521 = PLANE('',#2522);
#2522 = AXIS2_PLACEMENT_3D('',#2523,#2524,#2525);
#2523 = CARTESIAN_POINT('',(6.008892449921,18.739844891609,13.5));
#2524 = DIRECTION('',(0.,0.,1.));
#2525 = DIRECTION('',(-0.707106781187,0.707106781187,0.));
#2526 = ADVANCED_FACE('',(#2527),#2545,.T.);
#2527 = FACE_BOUND('',#2528,.T.);
#2528 = EDGE_LOOP('',(#2529,#2537,#2538,#2539));
#2529 = ORIENTED_EDGE('',*,*,#2530,.F.);
#2530 = EDGE_CURVE('',#877,#2531,#2533,.T.);
#2531 = VERTEX_POINT('',#2532);
#2532 = CARTESIAN_POINT('',(-18.03273811042,40.306601717798,14.7));
#2533 = LINE('',#2534,#2535);
#2534 = CARTESIAN_POINT('',(-16.08819446215,42.251145366061,14.7));
#2535 = VECTOR('',#2536,1.);
#2536 = DIRECTION('',(-0.707106781187,-0.707106781187,0.));
#2537 = ORIENTED_EDGE('',*,*,#884,.T.);
#2538 = ORIENTED_EDGE('',*,*,#2508,.T.);
#2539 = ORIENTED_EDGE('',*,*,#2540,.F.);
#2540 = EDGE_CURVE('',#2531,#2509,#2541,.T.);
#2541 = LINE('',#2542,#2543);
#2542 = CARTESIAN_POINT('',(-18.03273811042,40.306601717798,13.5));
#2543 = VECTOR('',#2544,1.);
#2544 = DIRECTION('',(0.,-0.,-1.));
#2545 = PLANE('',#2546);
#2546 = AXIS2_PLACEMENT_3D('',#2547,#2548,#2549);
#2547 = CARTESIAN_POINT('',(-16.08819446215,42.251145366061,13.5));
#2548 = DIRECTION('',(-0.707106781187,0.707106781187,0.));
#2549 = DIRECTION('',(0.,0.,1.));
#2550 = ADVANCED_FACE('',(#2551),#2569,.F.);
#2551 = FACE_BOUND('',#2552,.F.);
#2552 = EDGE_LOOP('',(#2553,#2561,#2562,#2563));
#2553 = ORIENTED_EDGE('',*,*,#2554,.F.);
#2554 = EDGE_CURVE('',#2531,#2555,#2557,.T.);
#2555 = VERTEX_POINT('',#2556);
#2556 = CARTESIAN_POINT('',(-19.0933982822,41.367261889578,14.7));
#2557 = LINE('',#2558,#2559);
#2558 = CARTESIAN_POINT('',(5.478562364031,16.795301243345,14.7));
#2559 = VECTOR('',#2560,1.);
#2560 = DIRECTION('',(-0.707106781187,0.707106781187,0.));
#2561 = ORIENTED_EDGE('',*,*,#2530,.F.);
#2562 = ORIENTED_EDGE('',*,*,#876,.T.);
#2563 = ORIENTED_EDGE('',*,*,#2564,.T.);
#2564 = EDGE_CURVE('',#869,#2555,#2565,.T.);
#2565 = LINE('',#2566,#2567);
#2566 = CARTESIAN_POINT('',(-17.14885463393,43.311805537841,14.7));
#2567 = VECTOR('',#2568,1.);
#2568 = DIRECTION('',(-0.707106781187,-0.707106781187,0.));
#2569 = PLANE('',#2570);
#2570 = AXIS2_PLACEMENT_3D('',#2571,#2572,#2573);
#2571 = CARTESIAN_POINT('',(-16.08819446215,42.251145366061,14.7));
#2572 = DIRECTION('',(0.,0.,1.));
#2573 = DIRECTION('',(-0.707106781187,0.707106781187,0.));
#2574 = ADVANCED_FACE('',(#2575),#2593,.F.);
#2575 = FACE_BOUND('',#2576,.F.);
#2576 = EDGE_LOOP('',(#2577,#2578,#2579,#2587));
#2577 = ORIENTED_EDGE('',*,*,#2564,.F.);
#2578 = ORIENTED_EDGE('',*,*,#868,.T.);
#2579 = ORIENTED_EDGE('',*,*,#2580,.T.);
#2580 = EDGE_CURVE('',#861,#2581,#2583,.T.);
#2581 = VERTEX_POINT('',#2582);
#2582 = CARTESIAN_POINT('',(-19.0933982822,41.367261889578,13.5));
#2583 = LINE('',#2584,#2585);
#2584 = CARTESIAN_POINT('',(-17.14885463393,43.311805537841,13.5));
#2585 = VECTOR('',#2586,1.);
#2586 = DIRECTION('',(-0.707106781187,-0.707106781187,0.));
#2587 = ORIENTED_EDGE('',*,*,#2588,.F.);
#2588 = EDGE_CURVE('',#2555,#2581,#2589,.T.);
#2589 = LINE('',#2590,#2591);
#2590 = CARTESIAN_POINT('',(-19.0933982822,41.367261889578,13.5));
#2591 = VECTOR('',#2592,1.);
#2592 = DIRECTION('',(0.,-0.,-1.));
#2593 = PLANE('',#2594);
#2594 = AXIS2_PLACEMENT_3D('',#2595,#2596,#2597);
#2595 = CARTESIAN_POINT('',(-17.14885463393,43.311805537841,13.5));
#2596 = DIRECTION('',(-0.707106781187,0.707106781187,0.));
#2597 = DIRECTION('',(0.,0.,1.));
#2598 = ADVANCED_FACE('',(#2599),#2617,.F.);
#2599 = FACE_BOUND('',#2600,.F.);
#2600 = EDGE_LOOP('',(#2601,#2602,#2603,#2611));
#2601 = ORIENTED_EDGE('',*,*,#2580,.F.);
#2602 = ORIENTED_EDGE('',*,*,#860,.T.);
#2603 = ORIENTED_EDGE('',*,*,#2604,.T.);
#2604 = EDGE_CURVE('',#853,#2605,#2607,.T.);
#2605 = VERTEX_POINT('',#2606);
#2606 = CARTESIAN_POINT('',(-32.17487373415,54.448737341529,13.5));
#2607 = LINE('',#2608,#2609);
#2608 = CARTESIAN_POINT('',(-30.23033008589,56.393280989792,13.5));
#2609 = VECTOR('',#2610,1.);
#2610 = DIRECTION('',(-0.707106781187,-0.707106781187,0.));
#2611 = ORIENTED_EDGE('',*,*,#2612,.F.);
#2612 = EDGE_CURVE('',#2581,#2605,#2613,.T.);
#2613 = LINE('',#2614,#2615);
#2614 = CARTESIAN_POINT('',(5.478562364031,16.795301243345,13.5));
#2615 = VECTOR('',#2616,1.);
#2616 = DIRECTION('',(-0.707106781187,0.707106781187,0.));
#2617 = PLANE('',#2618);
#2618 = AXIS2_PLACEMENT_3D('',#2619,#2620,#2621);
#2619 = CARTESIAN_POINT('',(6.008892449921,18.739844891609,13.5));
#2620 = DIRECTION('',(0.,0.,1.));
#2621 = DIRECTION('',(-0.707106781187,0.707106781187,0.));
#2622 = ADVANCED_FACE('',(#2623),#2641,.T.);
#2623 = FACE_BOUND('',#2624,.T.);
#2624 = EDGE_LOOP('',(#2625,#2633,#2634,#2635));
#2625 = ORIENTED_EDGE('',*,*,#2626,.F.);
#2626 = EDGE_CURVE('',#845,#2627,#2629,.T.);
#2627 = VERTEX_POINT('',#2628);
#2628 = CARTESIAN_POINT('',(-32.17487373415,54.448737341529,14.7));
#2629 = LINE('',#2630,#2631);
#2630 = CARTESIAN_POINT('',(-30.23033008589,56.393280989792,14.7));
#2631 = VECTOR('',#2632,1.);
#2632 = DIRECTION('',(-0.707106781187,-0.707106781187,0.));
#2633 = ORIENTED_EDGE('',*,*,#852,.T.);
#2634 = ORIENTED_EDGE('',*,*,#2604,.T.);
#2635 = ORIENTED_EDGE('',*,*,#2636,.F.);
#2636 = EDGE_CURVE('',#2627,#2605,#2637,.T.);
#2637 = LINE('',#2638,#2639);
#2638 = CARTESIAN_POINT('',(-32.17487373415,54.448737341529,13.5));
#2639 = VECTOR('',#2640,1.);
#2640 = DIRECTION('',(0.,-0.,-1.));
#2641 = PLANE('',#2642);
#2642 = AXIS2_PLACEMENT_3D('',#2643,#2644,#2645);
#2643 = CARTESIAN_POINT('',(-30.23033008589,56.393280989792,13.5));
#2644 = DIRECTION('',(-0.707106781187,0.707106781187,0.));
#2645 = DIRECTION('',(0.,0.,1.));
#2646 = ADVANCED_FACE('',(#2647),#2665,.F.);
#2647 = FACE_BOUND('',#2648,.F.);
#2648 = EDGE_LOOP('',(#2649,#2657,#2658,#2659));
#2649 = ORIENTED_EDGE('',*,*,#2650,.F.);
#2650 = EDGE_CURVE('',#2627,#2651,#2653,.T.);
#2651 = VERTEX_POINT('',#2652);
#2652 = CARTESIAN_POINT('',(-33.23553390593,55.509397513309,14.7));
#2653 = LINE('',#2654,#2655);
#2654 = CARTESIAN_POINT('',(5.478562364031,16.795301243345,14.7));
#2655 = VECTOR('',#2656,1.);
#2656 = DIRECTION('',(-0.707106781187,0.707106781187,0.));
#2657 = ORIENTED_EDGE('',*,*,#2626,.F.);
#2658 = ORIENTED_EDGE('',*,*,#844,.T.);
#2659 = ORIENTED_EDGE('',*,*,#2660,.T.);
#2660 = EDGE_CURVE('',#837,#2651,#2661,.T.);
#2661 = LINE('',#2662,#2663);
#2662 = CARTESIAN_POINT('',(-31.29099025767,57.453941161572,14.7));
#2663 = VECTOR('',#2664,1.);
#2664 = DIRECTION('',(-0.707106781187,-0.707106781187,0.));
#2665 = PLANE('',#2666);
#2666 = AXIS2_PLACEMENT_3D('',#2667,#2668,#2669);
#2667 = CARTESIAN_POINT('',(-30.23033008589,56.393280989792,14.7));
#2668 = DIRECTION('',(0.,0.,1.));
#2669 = DIRECTION('',(-0.707106781187,0.707106781187,0.));
#2670 = ADVANCED_FACE('',(#2671),#2689,.F.);
#2671 = FACE_BOUND('',#2672,.F.);
#2672 = EDGE_LOOP('',(#2673,#2674,#2675,#2683));
#2673 = ORIENTED_EDGE('',*,*,#2660,.F.);
#2674 = ORIENTED_EDGE('',*,*,#836,.T.);
#2675 = ORIENTED_EDGE('',*,*,#2676,.T.);
#2676 = EDGE_CURVE('',#829,#2677,#2679,.T.);
#2677 = VERTEX_POINT('',#2678);
#2678 = CARTESIAN_POINT('',(-33.23553390593,55.509397513309,13.5));
#2679 = LINE('',#2680,#2681);
#2680 = CARTESIAN_POINT('',(-31.29099025767,57.453941161572,13.5));
#2681 = VECTOR('',#2682,1.);
#2682 = DIRECTION('',(-0.707106781187,-0.707106781187,0.));
#2683 = ORIENTED_EDGE('',*,*,#2684,.F.);
#2684 = EDGE_CURVE('',#2651,#2677,#2685,.T.);
#2685 = LINE('',#2686,#2687);
#2686 = CARTESIAN_POINT('',(-33.23553390593,55.509397513309,13.5));
#2687 = VECTOR('',#2688,1.);
#2688 = DIRECTION('',(0.,-0.,-1.));
#2689 = PLANE('',#2690);
#2690 = AXIS2_PLACEMENT_3D('',#2691,#2692,#2693);
#2691 = CARTESIAN_POINT('',(-31.29099025767,57.453941161572,13.5));
#2692 = DIRECTION('',(-0.707106781187,0.707106781187,0.));
#2693 = DIRECTION('',(0.,0.,1.));
#2694 = ADVANCED_FACE('',(#2695),#2706,.F.);
#2695 = FACE_BOUND('',#2696,.F.);
#2696 = EDGE_LOOP('',(#2697,#2698,#2699,#2700));
#2697 = ORIENTED_EDGE('',*,*,#2676,.F.);
#2698 = ORIENTED_EDGE('',*,*,#828,.T.);
#2699 = ORIENTED_EDGE('',*,*,#1869,.T.);
#2700 = ORIENTED_EDGE('',*,*,#2701,.F.);
#2701 = EDGE_CURVE('',#2677,#1870,#2702,.T.);
#2702 = LINE('',#2703,#2704);
#2703 = CARTESIAN_POINT('',(5.478562364031,16.795301243345,13.5));
#2704 = VECTOR('',#2705,1.);
#2705 = DIRECTION('',(-0.707106781187,0.707106781187,0.));
#2706 = PLANE('',#2707);
#2707 = AXIS2_PLACEMENT_3D('',#2708,#2709,#2710);
#2708 = CARTESIAN_POINT('',(6.008892449921,18.739844891609,13.5));
#2709 = DIRECTION('',(0.,0.,1.));
#2710 = DIRECTION('',(-0.707106781187,0.707106781187,0.));
#2711 = ADVANCED_FACE('',(#2712),#2737,.F.);
#2712 = FACE_BOUND('',#2713,.F.);
#2713 = EDGE_LOOP('',(#2714,#2722,#2723,#2731));
#2714 = ORIENTED_EDGE('',*,*,#2715,.F.);
#2715 = EDGE_CURVE('',#782,#2716,#2718,.T.);
#2716 = VERTEX_POINT('',#2717);
#2717 = CARTESIAN_POINT('',(-21.92182540694,10.25456351737,14.7));
#2718 = LINE('',#2719,#2720);
#2719 = CARTESIAN_POINT('',(-11.49200038444,-0.175261505132,14.7));
#2720 = VECTOR('',#2721,1.);
#2721 = DIRECTION('',(-0.707106781187,0.707106781187,0.));
#2722 = ORIENTED_EDGE('',*,*,#940,.F.);
#2723 = ORIENTED_EDGE('',*,*,#2724,.T.);
#2724 = EDGE_CURVE('',#933,#2725,#2727,.T.);
#2725 = VERTEX_POINT('',#2726);
#2726 = CARTESIAN_POINT('',(-20.86116523516,11.31522368915,14.7));
#2727 = LINE('',#2728,#2729);
#2728 = CARTESIAN_POINT('',(-10.43134021266,0.885398666648,14.7));
#2729 = VECTOR('',#2730,1.);
#2730 = DIRECTION('',(-0.707106781187,0.707106781187,0.));
#2731 = ORIENTED_EDGE('',*,*,#2732,.T.);
#2732 = EDGE_CURVE('',#2725,#2716,#2733,.T.);
#2733 = LINE('',#2734,#2735);
#2734 = CARTESIAN_POINT('',(-3.006719010208,29.16966991411,14.7));
#2735 = VECTOR('',#2736,1.);
#2736 = DIRECTION('',(-0.707106781187,-0.707106781187,0.));
#2737 = PLANE('',#2738);
#2738 = AXIS2_PLACEMENT_3D('',#2739,#2740,#2741);
#2739 = CARTESIAN_POINT('',(-10.43134021266,0.885398666648,14.7));
#2740 = DIRECTION('',(0.,0.,1.));
#2741 = DIRECTION('',(-0.707106781187,0.707106781187,0.));
#2742 = ADVANCED_FACE('',(#2743),#2754,.T.);
#2743 = FACE_BOUND('',#2744,.T.);
#2744 = EDGE_LOOP('',(#2745,#2751,#2752,#2753));
#2745 = ORIENTED_EDGE('',*,*,#2746,.F.);
#2746 = EDGE_CURVE('',#1077,#933,#2747,.T.);
#2747 = LINE('',#2748,#2749);
#2748 = CARTESIAN_POINT('',(-1.946058838428,28.10900974233,14.7));
#2749 = VECTOR('',#2750,1.);
#2750 = DIRECTION('',(-0.707106781187,-0.707106781187,0.));
#2751 = ORIENTED_EDGE('',*,*,#1084,.T.);
#2752 = ORIENTED_EDGE('',*,*,#1035,.T.);
#2753 = ORIENTED_EDGE('',*,*,#988,.F.);
#2754 = PLANE('',#2755);
#2755 = AXIS2_PLACEMENT_3D('',#2756,#2757,#2758);
#2756 = CARTESIAN_POINT('',(-1.946058838428,28.10900974233,13.5));
#2757 = DIRECTION('',(-0.707106781187,0.707106781187,0.));
#2758 = DIRECTION('',(0.,0.,1.));
#2759 = ADVANCED_FACE('',(#2760),#2778,.F.);
#2760 = FACE_BOUND('',#2761,.F.);
#2761 = EDGE_LOOP('',(#2762,#2770,#2771,#2772));
#2762 = ORIENTED_EDGE('',*,*,#2763,.F.);
#2763 = EDGE_CURVE('',#1051,#2764,#2766,.T.);
#2764 = VERTEX_POINT('',#2765);
#2765 = CARTESIAN_POINT('',(-6.011922830251,26.164466094067,14.7));
#2766 = LINE('',#2767,#2768);
#2767 = CARTESIAN_POINT('',(4.417902192251,15.734641071566,14.7));
#2768 = VECTOR('',#2769,1.);
#2769 = DIRECTION('',(-0.707106781187,0.707106781187,0.));
#2770 = ORIENTED_EDGE('',*,*,#1060,.F.);
#2771 = ORIENTED_EDGE('',*,*,#2458,.T.);
#2772 = ORIENTED_EDGE('',*,*,#2773,.T.);
#2773 = EDGE_CURVE('',#2459,#2764,#2774,.T.);
#2774 = LINE('',#2775,#2776);
#2775 = CARTESIAN_POINT('',(-3.006719010208,29.16966991411,14.7));
#2776 = VECTOR('',#2777,1.);
#2777 = DIRECTION('',(-0.707106781187,-0.707106781187,0.));
#2778 = PLANE('',#2779);
#2779 = AXIS2_PLACEMENT_3D('',#2780,#2781,#2782);
#2780 = CARTESIAN_POINT('',(5.478562364031,16.795301243345,14.7));
#2781 = DIRECTION('',(0.,0.,1.));
#2782 = DIRECTION('',(-0.707106781187,0.707106781187,0.));
#2783 = ADVANCED_FACE('',(#2784),#2795,.T.);
#2784 = FACE_BOUND('',#2785,.T.);
#2785 = EDGE_LOOP('',(#2786,#2792,#2793,#2794));
#2786 = ORIENTED_EDGE('',*,*,#2787,.F.);
#2787 = EDGE_CURVE('',#1051,#1125,#2788,.T.);
#2788 = LINE('',#2789,#2790);
#2789 = CARTESIAN_POINT('',(-1.946058838428,28.10900974233,14.7));
#2790 = VECTOR('',#2791,1.);
#2791 = DIRECTION('',(-0.707106781187,-0.707106781187,0.));
#2792 = ORIENTED_EDGE('',*,*,#1108,.T.);
#2793 = ORIENTED_EDGE('',*,*,#1148,.T.);
#2794 = ORIENTED_EDGE('',*,*,#1173,.F.);
#2795 = PLANE('',#2796);
#2796 = AXIS2_PLACEMENT_3D('',#2797,#2798,#2799);
#2797 = CARTESIAN_POINT('',(-1.946058838428,28.10900974233,13.5));
#2798 = DIRECTION('',(-0.707106781187,0.707106781187,0.));
#2799 = DIRECTION('',(0.,0.,1.));
#2800 = ADVANCED_FACE('',(#2801),#2826,.F.);
#2801 = FACE_BOUND('',#2802,.F.);
#2802 = EDGE_LOOP('',(#2803,#2811,#2812,#2820));
#2803 = ORIENTED_EDGE('',*,*,#2804,.F.);
#2804 = EDGE_CURVE('',#1077,#2805,#2807,.T.);
#2805 = VERTEX_POINT('',#2806);
#2806 = CARTESIAN_POINT('',(-11.31522368915,20.861165235168,14.7));
#2807 = LINE('',#2808,#2809);
#2808 = CARTESIAN_POINT('',(-0.885398666648,10.431340212667,14.7));
#2809 = VECTOR('',#2810,1.);
#2810 = DIRECTION('',(-0.707106781187,0.707106781187,0.));
#2811 = ORIENTED_EDGE('',*,*,#1132,.F.);
#2812 = ORIENTED_EDGE('',*,*,#2813,.T.);
#2813 = EDGE_CURVE('',#1125,#2814,#2816,.T.);
#2814 = VERTEX_POINT('',#2815);
#2815 = CARTESIAN_POINT('',(-10.25456351737,21.921825406948,14.7));
#2816 = LINE('',#2817,#2818);
#2817 = CARTESIAN_POINT('',(0.175261505132,11.492000384446,14.7));
#2818 = VECTOR('',#2819,1.);
#2819 = DIRECTION('',(-0.707106781187,0.707106781187,0.));
#2820 = ORIENTED_EDGE('',*,*,#2821,.T.);
#2821 = EDGE_CURVE('',#2814,#2805,#2822,.T.);
#2822 = LINE('',#2823,#2824);
#2823 = CARTESIAN_POINT('',(-3.006719010208,29.16966991411,14.7));
#2824 = VECTOR('',#2825,1.);
#2825 = DIRECTION('',(-0.707106781187,-0.707106781187,0.));
#2826 = PLANE('',#2827);
#2827 = AXIS2_PLACEMENT_3D('',#2828,#2829,#2830);
#2828 = CARTESIAN_POINT('',(0.175261505132,11.492000384446,14.7));
#2829 = DIRECTION('',(0.,0.,1.));
#2830 = DIRECTION('',(-0.707106781187,0.707106781187,0.));
#2831 = ADVANCED_FACE('',(#2832),#2838,.F.);
#2832 = FACE_BOUND('',#2833,.F.);
#2833 = EDGE_LOOP('',(#2834,#2835,#2836,#2837));
#2834 = ORIENTED_EDGE('',*,*,#1267,.F.);
#2835 = ORIENTED_EDGE('',*,*,#1195,.T.);
#2836 = ORIENTED_EDGE('',*,*,#1219,.T.);
#2837 = ORIENTED_EDGE('',*,*,#1243,.F.);
#2838 = PLANE('',#2839);
#2839 = AXIS2_PLACEMENT_3D('',#2840,#2841,#2842);
#2840 = CARTESIAN_POINT('',(-9.476746058065,-2.402647865869,19.5));
#2841 = DIRECTION('',(-0.707106781187,0.707106781187,0.));
#2842 = DIRECTION('',(0.,0.,1.));
#2843 = ADVANCED_FACE('',(#2844),#2850,.F.);
#2844 = FACE_BOUND('',#2845,.F.);
#2845 = EDGE_LOOP('',(#2846,#2847,#2848,#2849));
#2846 = ORIENTED_EDGE('',*,*,#1363,.F.);
#2847 = ORIENTED_EDGE('',*,*,#1291,.T.);
#2848 = ORIENTED_EDGE('',*,*,#1315,.T.);
#2849 = ORIENTED_EDGE('',*,*,#1339,.F.);
#2850 = PLANE('',#2851);
#2851 = AXIS2_PLACEMENT_3D('',#2852,#2853,#2854);
#2852 = CARTESIAN_POINT('',(-5.234105370945,1.83999282125,19.5));
#2853 = DIRECTION('',(-0.707106781187,0.707106781187,0.));
#2854 = DIRECTION('',(0.,0.,1.));
#2855 = ADVANCED_FACE('',(#2856),#2862,.F.);
#2856 = FACE_BOUND('',#2857,.F.);
#2857 = EDGE_LOOP('',(#2858,#2859,#2860,#2861));
#2858 = ORIENTED_EDGE('',*,*,#1459,.F.);
#2859 = ORIENTED_EDGE('',*,*,#1387,.T.);
#2860 = ORIENTED_EDGE('',*,*,#1411,.T.);
#2861 = ORIENTED_EDGE('',*,*,#1435,.F.);
#2862 = PLANE('',#2863);
#2863 = AXIS2_PLACEMENT_3D('',#2864,#2865,#2866);
#2864 = CARTESIAN_POINT('',(0.422748878547,7.496847070742,19.5));
#2865 = DIRECTION('',(-0.707106781187,0.707106781187,0.));
#2866 = DIRECTION('',(0.,0.,1.));
#2867 = ADVANCED_FACE('',(#2868),#2874,.F.);
#2868 = FACE_BOUND('',#2869,.F.);
#2869 = EDGE_LOOP('',(#2870,#2871,#2872,#2873));
#2870 = ORIENTED_EDGE('',*,*,#1555,.F.);
#2871 = ORIENTED_EDGE('',*,*,#1483,.T.);
#2872 = ORIENTED_EDGE('',*,*,#1507,.T.);
#2873 = ORIENTED_EDGE('',*,*,#1531,.F.);
#2874 = PLANE('',#2875);
#2875 = AXIS2_PLACEMENT_3D('',#2876,#2877,#2878);
#2876 = CARTESIAN_POINT('',(4.665389565666,11.739487757862,19.5));
#2877 = DIRECTION('',(-0.707106781187,0.707106781187,0.));
#2878 = DIRECTION('',(0.,0.,1.));
#2879 = ADVANCED_FACE('',(#2880),#2891,.F.);
#2880 = FACE_BOUND('',#2881,.F.);
#2881 = EDGE_LOOP('',(#2882,#2883,#2884,#2890));
#2882 = ORIENTED_EDGE('',*,*,#1637,.F.);
#2883 = ORIENTED_EDGE('',*,*,#1613,.F.);
#2884 = ORIENTED_EDGE('',*,*,#2885,.T.);
#2885 = EDGE_CURVE('',#1590,#1661,#2886,.T.);
#2886 = LINE('',#2887,#2888);
#2887 = CARTESIAN_POINT('',(-16.79530124334,-5.478562364031,14.7));
#2888 = VECTOR('',#2889,1.);
#2889 = DIRECTION('',(-0.707106781187,0.707106781187,0.));
#2890 = ORIENTED_EDGE('',*,*,#1668,.T.);
#2891 = PLANE('',#2892);
#2892 = AXIS2_PLACEMENT_3D('',#2893,#2894,#2895);
#2893 = CARTESIAN_POINT('',(-16.79530124334,-5.478562364031,13.5));
#2894 = DIRECTION('',(-0.707106781187,-0.707106781187,0.));
#2895 = DIRECTION('',(0.,0.,1.));
#2896 = ADVANCED_FACE('',(#2897),#2922,.F.);
#2897 = FACE_BOUND('',#2898,.F.);
#2898 = EDGE_LOOP('',(#2899,#2900,#2908,#2916));
#2899 = ORIENTED_EDGE('',*,*,#1685,.F.);
#2900 = ORIENTED_EDGE('',*,*,#2901,.F.);
#2901 = EDGE_CURVE('',#2902,#1661,#2904,.T.);
#2902 = VERTEX_POINT('',#2903);
#2903 = CARTESIAN_POINT('',(-39.24594154601,19.093398282202,14.7));
#2904 = LINE('',#2905,#2906);
#2905 = CARTESIAN_POINT('',(-16.08819446215,42.251145366061,14.7));
#2906 = VECTOR('',#2907,1.);
#2907 = DIRECTION('',(-0.707106781187,-0.707106781187,0.));
#2908 = ORIENTED_EDGE('',*,*,#2909,.T.);
#2909 = EDGE_CURVE('',#2902,#2910,#2912,.T.);
#2910 = VERTEX_POINT('',#2911);
#2911 = CARTESIAN_POINT('',(-40.30660171779,20.154058453982,14.7));
#2912 = LINE('',#2913,#2914);
#2913 = CARTESIAN_POINT('',(-15.73464107156,-4.417902192251,14.7));
#2914 = VECTOR('',#2915,1.);
#2915 = DIRECTION('',(-0.707106781187,0.707106781187,0.));
#2916 = ORIENTED_EDGE('',*,*,#2917,.T.);
#2917 = EDGE_CURVE('',#2910,#1686,#2918,.T.);
#2918 = LINE('',#2919,#2920);
#2919 = CARTESIAN_POINT('',(-17.14885463393,43.311805537841,14.7));
#2920 = VECTOR('',#2921,1.);
#2921 = DIRECTION('',(-0.707106781187,-0.707106781187,0.));
#2922 = PLANE('',#2923);
#2923 = AXIS2_PLACEMENT_3D('',#2924,#2925,#2926);
#2924 = CARTESIAN_POINT('',(-15.73464107156,-4.417902192251,14.7));
#2925 = DIRECTION('',(0.,0.,1.));
#2926 = DIRECTION('',(-0.707106781187,0.707106781187,0.));
#2927 = ADVANCED_FACE('',(#2928),#2939,.F.);
#2928 = FACE_BOUND('',#2929,.F.);
#2929 = EDGE_LOOP('',(#2930,#2931,#2932,#2938));
#2930 = ORIENTED_EDGE('',*,*,#1733,.F.);
#2931 = ORIENTED_EDGE('',*,*,#1709,.F.);
#2932 = ORIENTED_EDGE('',*,*,#2933,.T.);
#2933 = EDGE_CURVE('',#1686,#1757,#2934,.T.);
#2934 = LINE('',#2935,#2936);
#2935 = CARTESIAN_POINT('',(-16.79530124334,-5.478562364031,14.7));
#2936 = VECTOR('',#2937,1.);
#2937 = DIRECTION('',(-0.707106781187,0.707106781187,0.));
#2938 = ORIENTED_EDGE('',*,*,#1764,.T.);
#2939 = PLANE('',#2940);
#2940 = AXIS2_PLACEMENT_3D('',#2941,#2942,#2943);
#2941 = CARTESIAN_POINT('',(-16.79530124334,-5.478562364031,13.5));
#2942 = DIRECTION('',(-0.707106781187,-0.707106781187,0.));
#2943 = DIRECTION('',(0.,0.,1.));
#2944 = ADVANCED_FACE('',(#2945),#2970,.F.);
#2945 = FACE_BOUND('',#2946,.F.);
#2946 = EDGE_LOOP('',(#2947,#2948,#2956,#2964));
#2947 = ORIENTED_EDGE('',*,*,#1781,.F.);
#2948 = ORIENTED_EDGE('',*,*,#2949,.F.);
#2949 = EDGE_CURVE('',#2950,#1757,#2952,.T.);
#2950 = VERTEX_POINT('',#2951);
#2951 = CARTESIAN_POINT('',(-53.38807716974,33.235533905933,14.7));
#2952 = LINE('',#2953,#2954);
#2953 = CARTESIAN_POINT('',(-30.23033008589,56.393280989792,14.7));
#2954 = VECTOR('',#2955,1.);
#2955 = DIRECTION('',(-0.707106781187,-0.707106781187,0.));
#2956 = ORIENTED_EDGE('',*,*,#2957,.T.);
#2957 = EDGE_CURVE('',#2950,#2958,#2960,.T.);
#2958 = VERTEX_POINT('',#2959);
#2959 = CARTESIAN_POINT('',(-54.44873734152,34.296194077713,14.7));
#2960 = LINE('',#2961,#2962);
#2961 = CARTESIAN_POINT('',(-15.73464107156,-4.417902192251,14.7));
#2962 = VECTOR('',#2963,1.);
#2963 = DIRECTION('',(-0.707106781187,0.707106781187,0.));
#2964 = ORIENTED_EDGE('',*,*,#2965,.T.);
#2965 = EDGE_CURVE('',#2958,#1782,#2966,.T.);
#2966 = LINE('',#2967,#2968);
#2967 = CARTESIAN_POINT('',(-31.29099025767,57.453941161572,14.7));
#2968 = VECTOR('',#2969,1.);
#2969 = DIRECTION('',(-0.707106781187,-0.707106781187,0.));
#2970 = PLANE('',#2971);
#2971 = AXIS2_PLACEMENT_3D('',#2972,#2973,#2974);
#2972 = CARTESIAN_POINT('',(-15.73464107156,-4.417902192251,14.7));
#2973 = DIRECTION('',(0.,0.,1.));
#2974 = DIRECTION('',(-0.707106781187,0.707106781187,0.));
#2975 = ADVANCED_FACE('',(#2976),#2987,.F.);
#2976 = FACE_BOUND('',#2977,.F.);
#2977 = EDGE_LOOP('',(#2978,#2979,#2980,#2986));
#2978 = ORIENTED_EDGE('',*,*,#1829,.F.);
#2979 = ORIENTED_EDGE('',*,*,#1805,.F.);
#2980 = ORIENTED_EDGE('',*,*,#2981,.T.);
#2981 = EDGE_CURVE('',#1782,#1982,#2982,.T.);
#2982 = LINE('',#2983,#2984);
#2983 = CARTESIAN_POINT('',(-16.79530124334,-5.478562364031,14.7));
#2984 = VECTOR('',#2985,1.);
#2985 = DIRECTION('',(-0.707106781187,0.707106781187,0.));
#2986 = ORIENTED_EDGE('',*,*,#1989,.F.);
#2987 = PLANE('',#2988);
#2988 = AXIS2_PLACEMENT_3D('',#2989,#2990,#2991);
#2989 = CARTESIAN_POINT('',(-16.79530124334,-5.478562364031,13.5));
#2990 = DIRECTION('',(-0.707106781187,-0.707106781187,0.));
#2991 = DIRECTION('',(0.,0.,1.));
#2992 = ADVANCED_FACE('',(#2993),#2999,.T.);
#2993 = FACE_BOUND('',#2994,.T.);
#2994 = EDGE_LOOP('',(#2995,#2996,#2997,#2998));
#2995 = ORIENTED_EDGE('',*,*,#1853,.F.);
#2996 = ORIENTED_EDGE('',*,*,#2040,.T.);
#2997 = ORIENTED_EDGE('',*,*,#2089,.T.);
#2998 = ORIENTED_EDGE('',*,*,#2064,.F.);
#2999 = PLANE('',#3000);
#3000 = AXIS2_PLACEMENT_3D('',#3001,#3002,#3003);
#3001 = CARTESIAN_POINT('',(-65.40889244992,40.660155108391,22.5));
#3002 = DIRECTION('',(-0.707106781187,0.707106781187,0.));
#3003 = DIRECTION('',(0.,0.,1.));
#3004 = ADVANCED_FACE('',(#3005),#3016,.F.);
#3005 = FACE_BOUND('',#3006,.F.);
#3006 = EDGE_LOOP('',(#3007,#3008,#3009,#3015));
#3007 = ORIENTED_EDGE('',*,*,#2981,.F.);
#3008 = ORIENTED_EDGE('',*,*,#2965,.F.);
#3009 = ORIENTED_EDGE('',*,*,#3010,.T.);
#3010 = EDGE_CURVE('',#2958,#1974,#3011,.T.);
#3011 = LINE('',#3012,#3013);
#3012 = CARTESIAN_POINT('',(-15.73464107156,-4.417902192251,14.7));
#3013 = VECTOR('',#3014,1.);
#3014 = DIRECTION('',(-0.707106781187,0.707106781187,0.));
#3015 = ORIENTED_EDGE('',*,*,#1981,.F.);
#3016 = PLANE('',#3017);
#3017 = AXIS2_PLACEMENT_3D('',#3018,#3019,#3020);
#3018 = CARTESIAN_POINT('',(-15.73464107156,-4.417902192251,14.7));
#3019 = DIRECTION('',(0.,0.,1.));
#3020 = DIRECTION('',(-0.707106781187,0.707106781187,0.));
#3021 = ADVANCED_FACE('',(#3022),#3040,.T.);
#3022 = FACE_BOUND('',#3023,.T.);
#3023 = EDGE_LOOP('',(#3024,#3032,#3038,#3039));
#3024 = ORIENTED_EDGE('',*,*,#3025,.F.);
#3025 = EDGE_CURVE('',#3026,#1966,#3028,.T.);
#3026 = VERTEX_POINT('',#3027);
#3027 = CARTESIAN_POINT('',(-54.44873734152,34.296194077713,13.5));
#3028 = LINE('',#3029,#3030);
#3029 = CARTESIAN_POINT('',(-15.73464107156,-4.417902192251,13.5));
#3030 = VECTOR('',#3031,1.);
#3031 = DIRECTION('',(-0.707106781187,0.707106781187,0.));
#3032 = ORIENTED_EDGE('',*,*,#3033,.F.);
#3033 = EDGE_CURVE('',#2958,#3026,#3034,.T.);
#3034 = LINE('',#3035,#3036);
#3035 = CARTESIAN_POINT('',(-54.44873734152,34.296194077713,13.5));
#3036 = VECTOR('',#3037,1.);
#3037 = DIRECTION('',(0.,-0.,-1.));
#3038 = ORIENTED_EDGE('',*,*,#3010,.T.);
#3039 = ORIENTED_EDGE('',*,*,#1973,.F.);
#3040 = PLANE('',#3041);
#3041 = AXIS2_PLACEMENT_3D('',#3042,#3043,#3044);
#3042 = CARTESIAN_POINT('',(-15.73464107156,-4.417902192251,13.5));
#3043 = DIRECTION('',(-0.707106781187,-0.707106781187,0.));
#3044 = DIRECTION('',(0.,0.,1.));
#3045 = ADVANCED_FACE('',(#3046),#3064,.F.);
#3046 = FACE_BOUND('',#3047,.F.);
#3047 = EDGE_LOOP('',(#3048,#3056,#3062,#3063));
#3048 = ORIENTED_EDGE('',*,*,#3049,.F.);
#3049 = EDGE_CURVE('',#3050,#3026,#3052,.T.);
#3050 = VERTEX_POINT('',#3051);
#3051 = CARTESIAN_POINT('',(-50.20609665441,38.538834764832,13.5));
#3052 = LINE('',#3053,#3054);
#3053 = CARTESIAN_POINT('',(-31.29099025767,57.453941161572,13.5));
#3054 = VECTOR('',#3055,1.);
#3055 = DIRECTION('',(-0.707106781187,-0.707106781187,0.));
#3056 = ORIENTED_EDGE('',*,*,#3057,.T.);
#3057 = EDGE_CURVE('',#3050,#1958,#3058,.T.);
#3058 = LINE('',#3059,#3060);
#3059 = CARTESIAN_POINT('',(-11.49200038444,-0.175261505132,13.5));
#3060 = VECTOR('',#3061,1.);
#3061 = DIRECTION('',(-0.707106781187,0.707106781187,0.));
#3062 = ORIENTED_EDGE('',*,*,#1965,.T.);
#3063 = ORIENTED_EDGE('',*,*,#3025,.F.);
#3064 = PLANE('',#3065);
#3065 = AXIS2_PLACEMENT_3D('',#3066,#3067,#3068);
#3066 = CARTESIAN_POINT('',(6.008892449921,18.739844891609,13.5));
#3067 = DIRECTION('',(0.,0.,1.));
#3068 = DIRECTION('',(-0.707106781187,0.707106781187,0.));
#3069 = ADVANCED_FACE('',(#3070),#3076,.T.);
#3070 = FACE_BOUND('',#3071,.T.);
#3071 = EDGE_LOOP('',(#3072,#3073,#3074,#3075));
#3072 = ORIENTED_EDGE('',*,*,#2410,.F.);
#3073 = ORIENTED_EDGE('',*,*,#2426,.T.);
#3074 = ORIENTED_EDGE('',*,*,#1862,.T.);
#3075 = ORIENTED_EDGE('',*,*,#2385,.F.);
#3076 = PLANE('',#3077);
#3077 = AXIS2_PLACEMENT_3D('',#3078,#3079,#3080);
#3078 = CARTESIAN_POINT('',(-38.89238815542,67.176659402887,22.5));
#3079 = DIRECTION('',(-0.707106781187,0.707106781187,0.));
#3080 = DIRECTION('',(0.,0.,1.));
#3081 = ADVANCED_FACE('',(#3082),#3100,.F.);
#3082 = FACE_BOUND('',#3083,.F.);
#3083 = EDGE_LOOP('',(#3084,#3085,#3093,#3099));
#3084 = ORIENTED_EDGE('',*,*,#3057,.F.);
#3085 = ORIENTED_EDGE('',*,*,#3086,.F.);
#3086 = EDGE_CURVE('',#3087,#3050,#3089,.T.);
#3087 = VERTEX_POINT('',#3088);
#3088 = CARTESIAN_POINT('',(-50.20609665441,38.538834764832,14.7));
#3089 = LINE('',#3090,#3091);
#3090 = CARTESIAN_POINT('',(-50.20609665441,38.538834764832,13.5));
#3091 = VECTOR('',#3092,1.);
#3092 = DIRECTION('',(0.,-0.,-1.));
#3093 = ORIENTED_EDGE('',*,*,#3094,.T.);
#3094 = EDGE_CURVE('',#3087,#1950,#3095,.T.);
#3095 = LINE('',#3096,#3097);
#3096 = CARTESIAN_POINT('',(-11.49200038444,-0.175261505132,14.7));
#3097 = VECTOR('',#3098,1.);
#3098 = DIRECTION('',(-0.707106781187,0.707106781187,0.));
#3099 = ORIENTED_EDGE('',*,*,#1957,.F.);
#3100 = PLANE('',#3101);
#3101 = AXIS2_PLACEMENT_3D('',#3102,#3103,#3104);
#3102 = CARTESIAN_POINT('',(-11.49200038444,-0.175261505132,13.5));
#3103 = DIRECTION('',(-0.707106781187,-0.707106781187,0.));
#3104 = DIRECTION('',(0.,0.,1.));
#3105 = ADVANCED_FACE('',(#3106),#3124,.F.);
#3106 = FACE_BOUND('',#3107,.F.);
#3107 = EDGE_LOOP('',(#3108,#3109,#3117,#3123));
#3108 = ORIENTED_EDGE('',*,*,#3094,.F.);
#3109 = ORIENTED_EDGE('',*,*,#3110,.F.);
#3110 = EDGE_CURVE('',#3111,#3087,#3113,.T.);
#3111 = VERTEX_POINT('',#3112);
#3112 = CARTESIAN_POINT('',(-49.14543648263,39.599494936612,14.7));
#3113 = LINE('',#3114,#3115);
#3114 = CARTESIAN_POINT('',(-31.29099025767,57.453941161572,14.7));
#3115 = VECTOR('',#3116,1.);
#3116 = DIRECTION('',(-0.707106781187,-0.707106781187,0.));
#3117 = ORIENTED_EDGE('',*,*,#3118,.T.);
#3118 = EDGE_CURVE('',#3111,#1942,#3119,.T.);
#3119 = LINE('',#3120,#3121);
#3120 = CARTESIAN_POINT('',(-10.43134021266,0.885398666648,14.7));
#3121 = VECTOR('',#3122,1.);
#3122 = DIRECTION('',(-0.707106781187,0.707106781187,0.));
#3123 = ORIENTED_EDGE('',*,*,#1949,.F.);
#3124 = PLANE('',#3125);
#3125 = AXIS2_PLACEMENT_3D('',#3126,#3127,#3128);
#3126 = CARTESIAN_POINT('',(-10.43134021266,0.885398666648,14.7));
#3127 = DIRECTION('',(0.,0.,1.));
#3128 = DIRECTION('',(-0.707106781187,0.707106781187,0.));
#3129 = ADVANCED_FACE('',(#3130),#3148,.T.);
#3130 = FACE_BOUND('',#3131,.T.);
#3131 = EDGE_LOOP('',(#3132,#3140,#3146,#3147));
#3132 = ORIENTED_EDGE('',*,*,#3133,.F.);
#3133 = EDGE_CURVE('',#3134,#1934,#3136,.T.);
#3134 = VERTEX_POINT('',#3135);
#3135 = CARTESIAN_POINT('',(-49.14543648263,39.599494936612,13.5));
#3136 = LINE('',#3137,#3138);
#3137 = CARTESIAN_POINT('',(-10.43134021266,0.885398666648,13.5));
#3138 = VECTOR('',#3139,1.);
#3139 = DIRECTION('',(-0.707106781187,0.707106781187,0.));
#3140 = ORIENTED_EDGE('',*,*,#3141,.F.);
#3141 = EDGE_CURVE('',#3111,#3134,#3142,.T.);
#3142 = LINE('',#3143,#3144);
#3143 = CARTESIAN_POINT('',(-49.14543648263,39.599494936612,13.5));
#3144 = VECTOR('',#3145,1.);
#3145 = DIRECTION('',(0.,-0.,-1.));
#3146 = ORIENTED_EDGE('',*,*,#3118,.T.);
#3147 = ORIENTED_EDGE('',*,*,#1941,.F.);
#3148 = PLANE('',#3149);
#3149 = AXIS2_PLACEMENT_3D('',#3150,#3151,#3152);
#3150 = CARTESIAN_POINT('',(-10.43134021266,0.885398666648,13.5));
#3151 = DIRECTION('',(-0.707106781187,-0.707106781187,0.));
#3152 = DIRECTION('',(0.,0.,1.));
#3153 = ADVANCED_FACE('',(#3154),#3165,.T.);
#3154 = FACE_BOUND('',#3155,.T.);
#3155 = EDGE_LOOP('',(#3156,#3157,#3158,#3164));
#3156 = ORIENTED_EDGE('',*,*,#2701,.F.);
#3157 = ORIENTED_EDGE('',*,*,#2684,.F.);
#3158 = ORIENTED_EDGE('',*,*,#3159,.T.);
#3159 = EDGE_CURVE('',#2651,#1878,#3160,.T.);
#3160 = LINE('',#3161,#3162);
#3161 = CARTESIAN_POINT('',(5.478562364031,16.795301243345,14.7));
#3162 = VECTOR('',#3163,1.);
#3163 = DIRECTION('',(-0.707106781187,0.707106781187,0.));
#3164 = ORIENTED_EDGE('',*,*,#1877,.F.);
#3165 = PLANE('',#3166);
#3166 = AXIS2_PLACEMENT_3D('',#3167,#3168,#3169);
#3167 = CARTESIAN_POINT('',(5.478562364031,16.795301243345,13.5));
#3168 = DIRECTION('',(-0.707106781187,-0.707106781187,0.));
#3169 = DIRECTION('',(0.,0.,1.));
#3170 = ADVANCED_FACE('',(#3171),#3189,.F.);
#3171 = FACE_BOUND('',#3172,.F.);
#3172 = EDGE_LOOP('',(#3173,#3181,#3187,#3188));
#3173 = ORIENTED_EDGE('',*,*,#3174,.F.);
#3174 = EDGE_CURVE('',#3175,#3134,#3177,.T.);
#3175 = VERTEX_POINT('',#3176);
#3176 = CARTESIAN_POINT('',(-39.59949493661,49.14543648263,13.5));
#3177 = LINE('',#3178,#3179);
#3178 = CARTESIAN_POINT('',(-31.29099025767,57.453941161572,13.5));
#3179 = VECTOR('',#3180,1.);
#3180 = DIRECTION('',(-0.707106781187,-0.707106781187,0.));
#3181 = ORIENTED_EDGE('',*,*,#3182,.T.);
#3182 = EDGE_CURVE('',#3175,#1926,#3183,.T.);
#3183 = LINE('',#3184,#3185);
#3184 = CARTESIAN_POINT('',(-0.885398666648,10.431340212667,13.5));
#3185 = VECTOR('',#3186,1.);
#3186 = DIRECTION('',(-0.707106781187,0.707106781187,0.));
#3187 = ORIENTED_EDGE('',*,*,#1933,.T.);
#3188 = ORIENTED_EDGE('',*,*,#3133,.F.);
#3189 = PLANE('',#3190);
#3190 = AXIS2_PLACEMENT_3D('',#3191,#3192,#3193);
#3191 = CARTESIAN_POINT('',(6.008892449921,18.739844891609,13.5));
#3192 = DIRECTION('',(0.,0.,1.));
#3193 = DIRECTION('',(-0.707106781187,0.707106781187,0.));
#3194 = ADVANCED_FACE('',(#3195),#3213,.F.);
#3195 = FACE_BOUND('',#3196,.F.);
#3196 = EDGE_LOOP('',(#3197,#3205,#3211,#3212));
#3197 = ORIENTED_EDGE('',*,*,#3198,.F.);
#3198 = EDGE_CURVE('',#3199,#1886,#3201,.T.);
#3199 = VERTEX_POINT('',#3200);
#3200 = CARTESIAN_POINT('',(-34.29619407771,54.448737341529,14.7));
#3201 = LINE('',#3202,#3203);
#3202 = CARTESIAN_POINT('',(4.417902192251,15.734641071566,14.7));
#3203 = VECTOR('',#3204,1.);
#3204 = DIRECTION('',(-0.707106781187,0.707106781187,0.));
#3205 = ORIENTED_EDGE('',*,*,#3206,.F.);
#3206 = EDGE_CURVE('',#2651,#3199,#3207,.T.);
#3207 = LINE('',#3208,#3209);
#3208 = CARTESIAN_POINT('',(-31.29099025767,57.453941161572,14.7));
#3209 = VECTOR('',#3210,1.);
#3210 = DIRECTION('',(-0.707106781187,-0.707106781187,0.));
#3211 = ORIENTED_EDGE('',*,*,#3159,.T.);
#3212 = ORIENTED_EDGE('',*,*,#1885,.F.);
#3213 = PLANE('',#3214);
#3214 = AXIS2_PLACEMENT_3D('',#3215,#3216,#3217);
#3215 = CARTESIAN_POINT('',(5.478562364031,16.795301243345,14.7));
#3216 = DIRECTION('',(0.,0.,1.));
#3217 = DIRECTION('',(-0.707106781187,0.707106781187,0.));
#3218 = ADVANCED_FACE('',(#3219),#3237,.F.);
#3219 = FACE_BOUND('',#3220,.F.);
#3220 = EDGE_LOOP('',(#3221,#3222,#3230,#3236));
#3221 = ORIENTED_EDGE('',*,*,#3182,.F.);
#3222 = ORIENTED_EDGE('',*,*,#3223,.F.);
#3223 = EDGE_CURVE('',#3224,#3175,#3226,.T.);
#3224 = VERTEX_POINT('',#3225);
#3225 = CARTESIAN_POINT('',(-39.59949493661,49.14543648263,14.7));
#3226 = LINE('',#3227,#3228);
#3227 = CARTESIAN_POINT('',(-39.59949493661,49.14543648263,13.5));
#3228 = VECTOR('',#3229,1.);
#3229 = DIRECTION('',(0.,-0.,-1.));
#3230 = ORIENTED_EDGE('',*,*,#3231,.T.);
#3231 = EDGE_CURVE('',#3224,#1918,#3232,.T.);
#3232 = LINE('',#3233,#3234);
#3233 = CARTESIAN_POINT('',(-0.885398666648,10.431340212667,14.7));
#3234 = VECTOR('',#3235,1.);
#3235 = DIRECTION('',(-0.707106781187,0.707106781187,0.));
#3236 = ORIENTED_EDGE('',*,*,#1925,.F.);
#3237 = PLANE('',#3238);
#3238 = AXIS2_PLACEMENT_3D('',#3239,#3240,#3241);
#3239 = CARTESIAN_POINT('',(-0.885398666648,10.431340212667,13.5));
#3240 = DIRECTION('',(-0.707106781187,-0.707106781187,0.));
#3241 = DIRECTION('',(0.,0.,1.));
#3242 = ADVANCED_FACE('',(#3243),#3261,.F.);
#3243 = FACE_BOUND('',#3244,.F.);
#3244 = EDGE_LOOP('',(#3245,#3253,#3259,#3260));
#3245 = ORIENTED_EDGE('',*,*,#3246,.F.);
#3246 = EDGE_CURVE('',#3247,#1894,#3249,.T.);
#3247 = VERTEX_POINT('',#3248);
#3248 = CARTESIAN_POINT('',(-34.29619407771,54.448737341529,13.5));
#3249 = LINE('',#3250,#3251);
#3250 = CARTESIAN_POINT('',(4.417902192251,15.734641071566,13.5));
#3251 = VECTOR('',#3252,1.);
#3252 = DIRECTION('',(-0.707106781187,0.707106781187,0.));
#3253 = ORIENTED_EDGE('',*,*,#3254,.F.);
#3254 = EDGE_CURVE('',#3199,#3247,#3255,.T.);
#3255 = LINE('',#3256,#3257);
#3256 = CARTESIAN_POINT('',(-34.29619407771,54.448737341529,13.5));
#3257 = VECTOR('',#3258,1.);
#3258 = DIRECTION('',(0.,-0.,-1.));
#3259 = ORIENTED_EDGE('',*,*,#3198,.T.);
#3260 = ORIENTED_EDGE('',*,*,#1893,.F.);
#3261 = PLANE('',#3262);
#3262 = AXIS2_PLACEMENT_3D('',#3263,#3264,#3265);
#3263 = CARTESIAN_POINT('',(4.417902192251,15.734641071566,13.5));
#3264 = DIRECTION('',(-0.707106781187,-0.707106781187,0.));
#3265 = DIRECTION('',(0.,0.,1.));
#3266 = ADVANCED_FACE('',(#3267),#3285,.F.);
#3267 = FACE_BOUND('',#3268,.F.);
#3268 = EDGE_LOOP('',(#3269,#3270,#3278,#3284));
#3269 = ORIENTED_EDGE('',*,*,#3231,.F.);
#3270 = ORIENTED_EDGE('',*,*,#3271,.F.);
#3271 = EDGE_CURVE('',#3272,#3224,#3274,.T.);
#3272 = VERTEX_POINT('',#3273);
#3273 = CARTESIAN_POINT('',(-38.53883476483,50.20609665441,14.7));
#3274 = LINE('',#3275,#3276);
#3275 = CARTESIAN_POINT('',(-31.29099025767,57.453941161572,14.7));
#3276 = VECTOR('',#3277,1.);
#3277 = DIRECTION('',(-0.707106781187,-0.707106781187,0.));
#3278 = ORIENTED_EDGE('',*,*,#3279,.T.);
#3279 = EDGE_CURVE('',#3272,#1910,#3280,.T.);
#3280 = LINE('',#3281,#3282);
#3281 = CARTESIAN_POINT('',(0.175261505132,11.492000384446,14.7));
#3282 = VECTOR('',#3283,1.);
#3283 = DIRECTION('',(-0.707106781187,0.707106781187,0.));
#3284 = ORIENTED_EDGE('',*,*,#1917,.F.);
#3285 = PLANE('',#3286);
#3286 = AXIS2_PLACEMENT_3D('',#3287,#3288,#3289);
#3287 = CARTESIAN_POINT('',(0.175261505132,11.492000384446,14.7));
#3288 = DIRECTION('',(0.,0.,1.));
#3289 = DIRECTION('',(-0.707106781187,0.707106781187,0.));
#3290 = ADVANCED_FACE('',(#3291),#3309,.F.);
#3291 = FACE_BOUND('',#3292,.F.);
#3292 = EDGE_LOOP('',(#3293,#3301,#3302,#3303));
#3293 = ORIENTED_EDGE('',*,*,#3294,.F.);
#3294 = EDGE_CURVE('',#3247,#3295,#3297,.T.);
#3295 = VERTEX_POINT('',#3296);
#3296 = CARTESIAN_POINT('',(-38.53883476483,50.20609665441,13.5));
#3297 = LINE('',#3298,#3299);
#3298 = CARTESIAN_POINT('',(-31.29099025767,57.453941161572,13.5));
#3299 = VECTOR('',#3300,1.);
#3300 = DIRECTION('',(-0.707106781187,-0.707106781187,0.));
#3301 = ORIENTED_EDGE('',*,*,#3246,.T.);
#3302 = ORIENTED_EDGE('',*,*,#1901,.T.);
#3303 = ORIENTED_EDGE('',*,*,#3304,.F.);
#3304 = EDGE_CURVE('',#3295,#1902,#3305,.T.);
#3305 = LINE('',#3306,#3307);
#3306 = CARTESIAN_POINT('',(0.175261505132,11.492000384446,13.5));
#3307 = VECTOR('',#3308,1.);
#3308 = DIRECTION('',(-0.707106781187,0.707106781187,0.));
#3309 = PLANE('',#3310);
#3310 = AXIS2_PLACEMENT_3D('',#3311,#3312,#3313);
#3311 = CARTESIAN_POINT('',(6.008892449921,18.739844891609,13.5));
#3312 = DIRECTION('',(0.,0.,1.));
#3313 = DIRECTION('',(-0.707106781187,0.707106781187,0.));
#3314 = ADVANCED_FACE('',(#3315),#3326,.T.);
#3315 = FACE_BOUND('',#3316,.T.);
#3316 = EDGE_LOOP('',(#3317,#3318,#3324,#3325));
#3317 = ORIENTED_EDGE('',*,*,#3304,.F.);
#3318 = ORIENTED_EDGE('',*,*,#3319,.F.);
#3319 = EDGE_CURVE('',#3272,#3295,#3320,.T.);
#3320 = LINE('',#3321,#3322);
#3321 = CARTESIAN_POINT('',(-38.53883476483,50.20609665441,13.5));
#3322 = VECTOR('',#3323,1.);
#3323 = DIRECTION('',(0.,-0.,-1.));
#3324 = ORIENTED_EDGE('',*,*,#3279,.T.);
#3325 = ORIENTED_EDGE('',*,*,#1909,.F.);
#3326 = PLANE('',#3327);
#3327 = AXIS2_PLACEMENT_3D('',#3328,#3329,#3330);
#3328 = CARTESIAN_POINT('',(0.175261505132,11.492000384446,13.5));
#3329 = DIRECTION('',(-0.707106781187,-0.707106781187,0.));
#3330 = DIRECTION('',(0.,0.,1.));
#3331 = ADVANCED_FACE('',(#3332),#3357,.F.);
#3332 = FACE_BOUND('',#3333,.F.);
#3333 = EDGE_LOOP('',(#3334,#3342,#3343,#3351));
#3334 = ORIENTED_EDGE('',*,*,#3335,.F.);
#3335 = EDGE_CURVE('',#1999,#3336,#3338,.T.);
#3336 = VERTEX_POINT('',#3337);
#3337 = CARTESIAN_POINT('',(-62.22691193458,52.32741699797,31.5));
#3338 = LINE('',#3339,#3340);
#3339 = CARTESIAN_POINT('',(-56.57005768508,46.670562748477,31.5));
#3340 = VECTOR('',#3341,1.);
#3341 = DIRECTION('',(-0.707106781187,0.707106781187,0.));
#3342 = ORIENTED_EDGE('',*,*,#1998,.T.);
#3343 = ORIENTED_EDGE('',*,*,#3344,.T.);
#3344 = EDGE_CURVE('',#2001,#3345,#3347,.T.);
#3345 = VERTEX_POINT('',#3346);
#3346 = CARTESIAN_POINT('',(-52.32741699797,62.226911934581,31.5));
#3347 = LINE('',#3348,#3349);
#3348 = CARTESIAN_POINT('',(-46.67056274847,56.570057685089,31.5));
#3349 = VECTOR('',#3350,1.);
#3350 = DIRECTION('',(-0.707106781187,0.707106781187,0.));
#3351 = ORIENTED_EDGE('',*,*,#3352,.T.);
#3352 = EDGE_CURVE('',#3345,#3336,#3353,.T.);
#3353 = LINE('',#3354,#3355);
#3354 = CARTESIAN_POINT('',(-52.32741699797,62.226911934581,31.5));
#3355 = VECTOR('',#3356,1.);
#3356 = DIRECTION('',(-0.707106781187,-0.707106781187,0.));
#3357 = PLANE('',#3358);
#3358 = AXIS2_PLACEMENT_3D('',#3359,#3360,#3361);
#3359 = CARTESIAN_POINT('',(-46.67056274847,56.570057685089,31.5));
#3360 = DIRECTION('',(0.,0.,1.));
#3361 = DIRECTION('',(-0.707106781187,0.707106781187,0.));
#3362 = ADVANCED_FACE('',(#3363),#3381,.T.);
#3363 = FACE_BOUND('',#3364,.T.);
#3364 = EDGE_LOOP('',(#3365,#3366,#3367,#3375));
#3365 = ORIENTED_EDGE('',*,*,#3335,.F.);
#3366 = ORIENTED_EDGE('',*,*,#2024,.T.);
#3367 = ORIENTED_EDGE('',*,*,#3368,.T.);
#3368 = EDGE_CURVE('',#2017,#3369,#3371,.T.);
#3369 = VERTEX_POINT('',#3370);
#3370 = CARTESIAN_POINT('',(-62.22691193458,52.32741699797,35.5));
#3371 = LINE('',#3372,#3373);
#3372 = CARTESIAN_POINT('',(-56.57005768508,46.670562748477,35.5));
#3373 = VECTOR('',#3374,1.);
#3374 = DIRECTION('',(-0.707106781187,0.707106781187,0.));
#3375 = ORIENTED_EDGE('',*,*,#3376,.F.);
#3376 = EDGE_CURVE('',#3336,#3369,#3377,.T.);
#3377 = LINE('',#3378,#3379);
#3378 = CARTESIAN_POINT('',(-62.22691193458,52.32741699797,31.5));
#3379 = VECTOR('',#3380,1.);
#3380 = DIRECTION('',(0.,0.,1.));
#3381 = PLANE('',#3382);
#3382 = AXIS2_PLACEMENT_3D('',#3383,#3384,#3385);
#3383 = CARTESIAN_POINT('',(-56.57005768508,46.670562748477,31.5));
#3384 = DIRECTION('',(-0.707106781187,-0.707106781187,0.));
#3385 = DIRECTION('',(0.,0.,1.));
#3386 = ADVANCED_FACE('',(#3387),#3405,.T.);
#3387 = FACE_BOUND('',#3388,.T.);
#3388 = EDGE_LOOP('',(#3389,#3390,#3391,#3399));
#3389 = ORIENTED_EDGE('',*,*,#3368,.F.);
#3390 = ORIENTED_EDGE('',*,*,#2016,.T.);
#3391 = ORIENTED_EDGE('',*,*,#3392,.T.);
#3392 = EDGE_CURVE('',#2009,#3393,#3395,.T.);
#3393 = VERTEX_POINT('',#3394);
#3394 = CARTESIAN_POINT('',(-52.32741699797,62.226911934581,35.5));
#3395 = LINE('',#3396,#3397);
#3396 = CARTESIAN_POINT('',(-46.67056274847,56.570057685089,35.5));
#3397 = VECTOR('',#3398,1.);
#3398 = DIRECTION('',(-0.707106781187,0.707106781187,0.));
#3399 = ORIENTED_EDGE('',*,*,#3400,.T.);
#3400 = EDGE_CURVE('',#3393,#3369,#3401,.T.);
#3401 = LINE('',#3402,#3403);
#3402 = CARTESIAN_POINT('',(-52.32741699797,62.226911934581,35.5));
#3403 = VECTOR('',#3404,1.);
#3404 = DIRECTION('',(-0.707106781187,-0.707106781187,0.));
#3405 = PLANE('',#3406);
#3406 = AXIS2_PLACEMENT_3D('',#3407,#3408,#3409);
#3407 = CARTESIAN_POINT('',(-46.67056274847,56.570057685089,35.5));
#3408 = DIRECTION('',(0.,0.,1.));
#3409 = DIRECTION('',(-0.707106781187,0.707106781187,0.));
#3410 = ADVANCED_FACE('',(#3411),#3422,.F.);
#3411 = FACE_BOUND('',#3412,.F.);
#3412 = EDGE_LOOP('',(#3413,#3414,#3415,#3416));
#3413 = ORIENTED_EDGE('',*,*,#3344,.F.);
#3414 = ORIENTED_EDGE('',*,*,#2008,.T.);
#3415 = ORIENTED_EDGE('',*,*,#3392,.T.);
#3416 = ORIENTED_EDGE('',*,*,#3417,.F.);
#3417 = EDGE_CURVE('',#3345,#3393,#3418,.T.);
#3418 = LINE('',#3419,#3420);
#3419 = CARTESIAN_POINT('',(-52.32741699797,62.226911934581,31.5));
#3420 = VECTOR('',#3421,1.);
#3421 = DIRECTION('',(0.,0.,1.));
#3422 = PLANE('',#3423);
#3423 = AXIS2_PLACEMENT_3D('',#3424,#3425,#3426);
#3424 = CARTESIAN_POINT('',(-46.67056274847,56.570057685089,31.5));
#3425 = DIRECTION('',(-0.707106781187,-0.707106781187,0.));
#3426 = DIRECTION('',(0.,0.,1.));
#3427 = ADVANCED_FACE('',(#3428),#3439,.F.);
#3428 = FACE_BOUND('',#3429,.F.);
#3429 = EDGE_LOOP('',(#3430,#3431,#3432,#3438));
#3430 = ORIENTED_EDGE('',*,*,#2885,.F.);
#3431 = ORIENTED_EDGE('',*,*,#2113,.F.);
#3432 = ORIENTED_EDGE('',*,*,#3433,.T.);
#3433 = EDGE_CURVE('',#2106,#2902,#3434,.T.);
#3434 = LINE('',#3435,#3436);
#3435 = CARTESIAN_POINT('',(-15.73464107156,-4.417902192251,14.7));
#3436 = VECTOR('',#3437,1.);
#3437 = DIRECTION('',(-0.707106781187,0.707106781187,0.));
#3438 = ORIENTED_EDGE('',*,*,#2901,.T.);
#3439 = PLANE('',#3440);
#3440 = AXIS2_PLACEMENT_3D('',#3441,#3442,#3443);
#3441 = CARTESIAN_POINT('',(-15.73464107156,-4.417902192251,14.7));
#3442 = DIRECTION('',(0.,0.,1.));
#3443 = DIRECTION('',(-0.707106781187,0.707106781187,0.));
#3444 = ADVANCED_FACE('',(#3445),#3456,.F.);
#3445 = FACE_BOUND('',#3446,.F.);
#3446 = EDGE_LOOP('',(#3447,#3448,#3449,#3455));
#3447 = ORIENTED_EDGE('',*,*,#2359,.F.);
#3448 = ORIENTED_EDGE('',*,*,#2715,.T.);
#3449 = ORIENTED_EDGE('',*,*,#3450,.T.);
#3450 = EDGE_CURVE('',#2716,#2106,#3451,.T.);
#3451 = LINE('',#3452,#3453);
#3452 = CARTESIAN_POINT('',(-3.006719010208,29.16966991411,14.7));
#3453 = VECTOR('',#3454,1.);
#3454 = DIRECTION('',(-0.707106781187,-0.707106781187,0.));
#3455 = ORIENTED_EDGE('',*,*,#2105,.F.);
#3456 = PLANE('',#3457);
#3457 = AXIS2_PLACEMENT_3D('',#3458,#3459,#3460);
#3458 = CARTESIAN_POINT('',(-1.946058838428,28.10900974233,14.7));
#3459 = DIRECTION('',(0.,0.,1.));
#3460 = DIRECTION('',(-0.707106781187,0.707106781187,0.));
#3461 = ADVANCED_FACE('',(#3462),#3468,.T.);
#3462 = FACE_BOUND('',#3463,.T.);
#3463 = EDGE_LOOP('',(#3464,#3465,#3466,#3467));
#3464 = ORIENTED_EDGE('',*,*,#2207,.F.);
#3465 = ORIENTED_EDGE('',*,*,#2135,.T.);
#3466 = ORIENTED_EDGE('',*,*,#2159,.T.);
#3467 = ORIENTED_EDGE('',*,*,#2183,.F.);
#3468 = PLANE('',#3469);
#3469 = AXIS2_PLACEMENT_3D('',#3470,#3471,#3472);
#3470 = CARTESIAN_POINT('',(1.589475067505,19.270174977498,15.5));
#3471 = DIRECTION('',(0.,0.,1.));
#3472 = DIRECTION('',(-0.707106781187,0.707106781187,0.));
#3473 = ADVANCED_FACE('',(#3474),#3499,.F.);
#3474 = FACE_BOUND('',#3475,.F.);
#3475 = EDGE_LOOP('',(#3476,#3484,#3485,#3493));
#3476 = ORIENTED_EDGE('',*,*,#3477,.F.);
#3477 = EDGE_CURVE('',#2218,#3478,#3480,.T.);
#3478 = VERTEX_POINT('',#3479);
#3479 = CARTESIAN_POINT('',(-18.81055556972,2.405678246199,19.5));
#3480 = LINE('',#3481,#3482);
#3481 = CARTESIAN_POINT('',(-11.73948775786,-4.665389565666,19.5));
#3482 = VECTOR('',#3483,1.);
#3483 = DIRECTION('',(-0.707106781187,0.707106781187,0.));
#3484 = ORIENTED_EDGE('',*,*,#2217,.T.);
#3485 = ORIENTED_EDGE('',*,*,#3486,.T.);
#3486 = EDGE_CURVE('',#2220,#3487,#3489,.T.);
#3487 = VERTEX_POINT('',#3488);
#3488 = CARTESIAN_POINT('',(-16.54781386993,4.668419945996,19.5));
#3489 = LINE('',#3490,#3491);
#3490 = CARTESIAN_POINT('',(-9.476746058065,-2.402647865869,19.5));
#3491 = VECTOR('',#3492,1.);
#3492 = DIRECTION('',(-0.707106781187,0.707106781187,0.));
#3493 = ORIENTED_EDGE('',*,*,#3494,.T.);
#3494 = EDGE_CURVE('',#3487,#3478,#3495,.T.);
#3495 = LINE('',#3496,#3497);
#3496 = CARTESIAN_POINT('',(-16.54781386993,4.668419945996,19.5));
#3497 = VECTOR('',#3498,1.);
#3498 = DIRECTION('',(-0.707106781187,-0.707106781187,0.));
#3499 = PLANE('',#3500);
#3500 = AXIS2_PLACEMENT_3D('',#3501,#3502,#3503);
#3501 = CARTESIAN_POINT('',(-9.476746058065,-2.402647865869,19.5));
#3502 = DIRECTION('',(0.,0.,1.));
#3503 = DIRECTION('',(-0.707106781187,0.707106781187,0.));
#3504 = ADVANCED_FACE('',(#3505),#3523,.T.);
#3505 = FACE_BOUND('',#3506,.T.);
#3506 = EDGE_LOOP('',(#3507,#3508,#3509,#3517));
#3507 = ORIENTED_EDGE('',*,*,#3477,.F.);
#3508 = ORIENTED_EDGE('',*,*,#2243,.T.);
#3509 = ORIENTED_EDGE('',*,*,#3510,.T.);
#3510 = EDGE_CURVE('',#2236,#3511,#3513,.T.);
#3511 = VERTEX_POINT('',#3512);
#3512 = CARTESIAN_POINT('',(-18.81055556972,2.405678246199,20.9));
#3513 = LINE('',#3514,#3515);
#3514 = CARTESIAN_POINT('',(-11.73948775786,-4.665389565666,20.9));
#3515 = VECTOR('',#3516,1.);
#3516 = DIRECTION('',(-0.707106781187,0.707106781187,0.));
#3517 = ORIENTED_EDGE('',*,*,#3518,.F.);
#3518 = EDGE_CURVE('',#3478,#3511,#3519,.T.);
#3519 = LINE('',#3520,#3521);
#3520 = CARTESIAN_POINT('',(-18.81055556972,2.405678246199,19.5));
#3521 = VECTOR('',#3522,1.);
#3522 = DIRECTION('',(0.,0.,1.));
#3523 = PLANE('',#3524);
#3524 = AXIS2_PLACEMENT_3D('',#3525,#3526,#3527);
#3525 = CARTESIAN_POINT('',(-11.73948775786,-4.665389565666,19.5));
#3526 = DIRECTION('',(-0.707106781187,-0.707106781187,0.));
#3527 = DIRECTION('',(0.,0.,1.));
#3528 = ADVANCED_FACE('',(#3529),#3547,.T.);
#3529 = FACE_BOUND('',#3530,.T.);
#3530 = EDGE_LOOP('',(#3531,#3532,#3533,#3541));
#3531 = ORIENTED_EDGE('',*,*,#3510,.F.);
#3532 = ORIENTED_EDGE('',*,*,#2235,.T.);
#3533 = ORIENTED_EDGE('',*,*,#3534,.T.);
#3534 = EDGE_CURVE('',#2228,#3535,#3537,.T.);
#3535 = VERTEX_POINT('',#3536);
#3536 = CARTESIAN_POINT('',(-16.54781386993,4.668419945996,20.9));
#3537 = LINE('',#3538,#3539);
#3538 = CARTESIAN_POINT('',(-9.476746058065,-2.402647865869,20.9));
#3539 = VECTOR('',#3540,1.);
#3540 = DIRECTION('',(-0.707106781187,0.707106781187,0.));
#3541 = ORIENTED_EDGE('',*,*,#3542,.T.);
#3542 = EDGE_CURVE('',#3535,#3511,#3543,.T.);
#3543 = LINE('',#3544,#3545);
#3544 = CARTESIAN_POINT('',(-16.54781386993,4.668419945996,20.9));
#3545 = VECTOR('',#3546,1.);
#3546 = DIRECTION('',(-0.707106781187,-0.707106781187,0.));
#3547 = PLANE('',#3548);
#3548 = AXIS2_PLACEMENT_3D('',#3549,#3550,#3551);
#3549 = CARTESIAN_POINT('',(-9.476746058065,-2.402647865869,20.9));
#3550 = DIRECTION('',(0.,0.,1.));
#3551 = DIRECTION('',(-0.707106781187,0.707106781187,0.));
#3552 = ADVANCED_FACE('',(#3553),#3564,.F.);
#3553 = FACE_BOUND('',#3554,.F.);
#3554 = EDGE_LOOP('',(#3555,#3556,#3557,#3558));
#3555 = ORIENTED_EDGE('',*,*,#3486,.F.);
#3556 = ORIENTED_EDGE('',*,*,#2227,.T.);
#3557 = ORIENTED_EDGE('',*,*,#3534,.T.);
#3558 = ORIENTED_EDGE('',*,*,#3559,.F.);
#3559 = EDGE_CURVE('',#3487,#3535,#3560,.T.);
#3560 = LINE('',#3561,#3562);
#3561 = CARTESIAN_POINT('',(-16.54781386993,4.668419945996,19.5));
#3562 = VECTOR('',#3563,1.);
#3563 = DIRECTION('',(0.,0.,1.));
#3564 = PLANE('',#3565);
#3565 = AXIS2_PLACEMENT_3D('',#3566,#3567,#3568);
#3566 = CARTESIAN_POINT('',(-9.476746058065,-2.402647865869,19.5));
#3567 = DIRECTION('',(-0.707106781187,-0.707106781187,0.));
#3568 = DIRECTION('',(0.,0.,1.));
#3569 = ADVANCED_FACE('',(#3570),#3595,.F.);
#3570 = FACE_BOUND('',#3571,.F.);
#3571 = EDGE_LOOP('',(#3572,#3580,#3581,#3589));
#3572 = ORIENTED_EDGE('',*,*,#3573,.F.);
#3573 = EDGE_CURVE('',#2252,#3574,#3576,.T.);
#3574 = VERTEX_POINT('',#3575);
#3575 = CARTESIAN_POINT('',(-14.5679148826,6.648318933319,19.5));
#3576 = LINE('',#3577,#3578);
#3577 = CARTESIAN_POINT('',(-7.496847070742,-0.422748878547,19.5));
#3578 = VECTOR('',#3579,1.);
#3579 = DIRECTION('',(-0.707106781187,0.707106781187,0.));
#3580 = ORIENTED_EDGE('',*,*,#2251,.T.);
#3581 = ORIENTED_EDGE('',*,*,#3582,.T.);
#3582 = EDGE_CURVE('',#2254,#3583,#3585,.T.);
#3583 = VERTEX_POINT('',#3584);
#3584 = CARTESIAN_POINT('',(-12.30517318281,8.911060633115,19.5));
#3585 = LINE('',#3586,#3587);
#3586 = CARTESIAN_POINT('',(-5.234105370945,1.83999282125,19.5));
#3587 = VECTOR('',#3588,1.);
#3588 = DIRECTION('',(-0.707106781187,0.707106781187,0.));
#3589 = ORIENTED_EDGE('',*,*,#3590,.T.);
#3590 = EDGE_CURVE('',#3583,#3574,#3591,.T.);
#3591 = LINE('',#3592,#3593);
#3592 = CARTESIAN_POINT('',(-12.30517318281,8.911060633115,19.5));
#3593 = VECTOR('',#3594,1.);
#3594 = DIRECTION('',(-0.707106781187,-0.707106781187,0.));
#3595 = PLANE('',#3596);
#3596 = AXIS2_PLACEMENT_3D('',#3597,#3598,#3599);
#3597 = CARTESIAN_POINT('',(-5.234105370945,1.83999282125,19.5));
#3598 = DIRECTION('',(0.,0.,1.));
#3599 = DIRECTION('',(-0.707106781187,0.707106781187,0.));
#3600 = ADVANCED_FACE('',(#3601),#3619,.T.);
#3601 = FACE_BOUND('',#3602,.T.);
#3602 = EDGE_LOOP('',(#3603,#3604,#3605,#3613));
#3603 = ORIENTED_EDGE('',*,*,#3573,.F.);
#3604 = ORIENTED_EDGE('',*,*,#2277,.T.);
#3605 = ORIENTED_EDGE('',*,*,#3606,.T.);
#3606 = EDGE_CURVE('',#2270,#3607,#3609,.T.);
#3607 = VERTEX_POINT('',#3608);
#3608 = CARTESIAN_POINT('',(-14.5679148826,6.648318933319,20.9));
#3609 = LINE('',#3610,#3611);
#3610 = CARTESIAN_POINT('',(-7.496847070742,-0.422748878547,20.9));
#3611 = VECTOR('',#3612,1.);
#3612 = DIRECTION('',(-0.707106781187,0.707106781187,0.));
#3613 = ORIENTED_EDGE('',*,*,#3614,.F.);
#3614 = EDGE_CURVE('',#3574,#3607,#3615,.T.);
#3615 = LINE('',#3616,#3617);
#3616 = CARTESIAN_POINT('',(-14.5679148826,6.648318933319,19.5));
#3617 = VECTOR('',#3618,1.);
#3618 = DIRECTION('',(0.,0.,1.));
#3619 = PLANE('',#3620);
#3620 = AXIS2_PLACEMENT_3D('',#3621,#3622,#3623);
#3621 = CARTESIAN_POINT('',(-7.496847070742,-0.422748878547,19.5));
#3622 = DIRECTION('',(-0.707106781187,-0.707106781187,0.));
#3623 = DIRECTION('',(0.,0.,1.));
#3624 = ADVANCED_FACE('',(#3625),#3643,.T.);
#3625 = FACE_BOUND('',#3626,.T.);
#3626 = EDGE_LOOP('',(#3627,#3628,#3629,#3637));
#3627 = ORIENTED_EDGE('',*,*,#3606,.F.);
#3628 = ORIENTED_EDGE('',*,*,#2269,.T.);
#3629 = ORIENTED_EDGE('',*,*,#3630,.T.);
#3630 = EDGE_CURVE('',#2262,#3631,#3633,.T.);
#3631 = VERTEX_POINT('',#3632);
#3632 = CARTESIAN_POINT('',(-12.30517318281,8.911060633115,20.9));
#3633 = LINE('',#3634,#3635);
#3634 = CARTESIAN_POINT('',(-5.234105370945,1.83999282125,20.9));
#3635 = VECTOR('',#3636,1.);
#3636 = DIRECTION('',(-0.707106781187,0.707106781187,0.));
#3637 = ORIENTED_EDGE('',*,*,#3638,.T.);
#3638 = EDGE_CURVE('',#3631,#3607,#3639,.T.);
#3639 = LINE('',#3640,#3641);
#3640 = CARTESIAN_POINT('',(-12.30517318281,8.911060633115,20.9));
#3641 = VECTOR('',#3642,1.);
#3642 = DIRECTION('',(-0.707106781187,-0.707106781187,0.));
#3643 = PLANE('',#3644);
#3644 = AXIS2_PLACEMENT_3D('',#3645,#3646,#3647);
#3645 = CARTESIAN_POINT('',(-5.234105370945,1.83999282125,20.9));
#3646 = DIRECTION('',(0.,0.,1.));
#3647 = DIRECTION('',(-0.707106781187,0.707106781187,0.));
#3648 = ADVANCED_FACE('',(#3649),#3660,.F.);
#3649 = FACE_BOUND('',#3650,.F.);
#3650 = EDGE_LOOP('',(#3651,#3652,#3653,#3654));
#3651 = ORIENTED_EDGE('',*,*,#3582,.F.);
#3652 = ORIENTED_EDGE('',*,*,#2261,.T.);
#3653 = ORIENTED_EDGE('',*,*,#3630,.T.);
#3654 = ORIENTED_EDGE('',*,*,#3655,.F.);
#3655 = EDGE_CURVE('',#3583,#3631,#3656,.T.);
#3656 = LINE('',#3657,#3658);
#3657 = CARTESIAN_POINT('',(-12.30517318281,8.911060633115,19.5));
#3658 = VECTOR('',#3659,1.);
#3659 = DIRECTION('',(0.,0.,1.));
#3660 = PLANE('',#3661);
#3661 = AXIS2_PLACEMENT_3D('',#3662,#3663,#3664);
#3662 = CARTESIAN_POINT('',(-5.234105370945,1.83999282125,19.5));
#3663 = DIRECTION('',(-0.707106781187,-0.707106781187,0.));
#3664 = DIRECTION('',(0.,0.,1.));
#3665 = ADVANCED_FACE('',(#3666),#3691,.F.);
#3666 = FACE_BOUND('',#3667,.F.);
#3667 = EDGE_LOOP('',(#3668,#3676,#3677,#3685));
#3668 = ORIENTED_EDGE('',*,*,#3669,.F.);
#3669 = EDGE_CURVE('',#2286,#3670,#3672,.T.);
#3670 = VERTEX_POINT('',#3671);
#3671 = CARTESIAN_POINT('',(-8.911060633116,12.305173182811,19.5));
#3672 = LINE('',#3673,#3674);
#3673 = CARTESIAN_POINT('',(-1.83999282125,5.234105370945,19.5));
#3674 = VECTOR('',#3675,1.);
#3675 = DIRECTION('',(-0.707106781187,0.707106781187,0.));
#3676 = ORIENTED_EDGE('',*,*,#2285,.T.);
#3677 = ORIENTED_EDGE('',*,*,#3678,.T.);
#3678 = EDGE_CURVE('',#2288,#3679,#3681,.T.);
#3679 = VERTEX_POINT('',#3680);
#3680 = CARTESIAN_POINT('',(-6.648318933319,14.567914882608,19.5));
#3681 = LINE('',#3682,#3683);
#3682 = CARTESIAN_POINT('',(0.422748878547,7.496847070742,19.5));
#3683 = VECTOR('',#3684,1.);
#3684 = DIRECTION('',(-0.707106781187,0.707106781187,0.));
#3685 = ORIENTED_EDGE('',*,*,#3686,.T.);
#3686 = EDGE_CURVE('',#3679,#3670,#3687,.T.);
#3687 = LINE('',#3688,#3689);
#3688 = CARTESIAN_POINT('',(-6.648318933319,14.567914882608,19.5));
#3689 = VECTOR('',#3690,1.);
#3690 = DIRECTION('',(-0.707106781187,-0.707106781187,0.));
#3691 = PLANE('',#3692);
#3692 = AXIS2_PLACEMENT_3D('',#3693,#3694,#3695);
#3693 = CARTESIAN_POINT('',(0.422748878547,7.496847070742,19.5));
#3694 = DIRECTION('',(0.,0.,1.));
#3695 = DIRECTION('',(-0.707106781187,0.707106781187,0.));
#3696 = ADVANCED_FACE('',(#3697),#3715,.T.);
#3697 = FACE_BOUND('',#3698,.T.);
#3698 = EDGE_LOOP('',(#3699,#3700,#3701,#3709));
#3699 = ORIENTED_EDGE('',*,*,#3669,.F.);
#3700 = ORIENTED_EDGE('',*,*,#2311,.T.);
#3701 = ORIENTED_EDGE('',*,*,#3702,.T.);
#3702 = EDGE_CURVE('',#2304,#3703,#3705,.T.);
#3703 = VERTEX_POINT('',#3704);
#3704 = CARTESIAN_POINT('',(-8.911060633116,12.305173182811,20.9));
#3705 = LINE('',#3706,#3707);
#3706 = CARTESIAN_POINT('',(-1.83999282125,5.234105370945,20.9));
#3707 = VECTOR('',#3708,1.);
#3708 = DIRECTION('',(-0.707106781187,0.707106781187,0.));
#3709 = ORIENTED_EDGE('',*,*,#3710,.F.);
#3710 = EDGE_CURVE('',#3670,#3703,#3711,.T.);
#3711 = LINE('',#3712,#3713);
#3712 = CARTESIAN_POINT('',(-8.911060633116,12.305173182811,19.5));
#3713 = VECTOR('',#3714,1.);
#3714 = DIRECTION('',(0.,0.,1.));
#3715 = PLANE('',#3716);
#3716 = AXIS2_PLACEMENT_3D('',#3717,#3718,#3719);
#3717 = CARTESIAN_POINT('',(-1.83999282125,5.234105370945,19.5));
#3718 = DIRECTION('',(-0.707106781187,-0.707106781187,0.));
#3719 = DIRECTION('',(0.,0.,1.));
#3720 = ADVANCED_FACE('',(#3721),#3739,.T.);
#3721 = FACE_BOUND('',#3722,.T.);
#3722 = EDGE_LOOP('',(#3723,#3724,#3725,#3733));
#3723 = ORIENTED_EDGE('',*,*,#3702,.F.);
#3724 = ORIENTED_EDGE('',*,*,#2303,.T.);
#3725 = ORIENTED_EDGE('',*,*,#3726,.T.);
#3726 = EDGE_CURVE('',#2296,#3727,#3729,.T.);
#3727 = VERTEX_POINT('',#3728);
#3728 = CARTESIAN_POINT('',(-6.648318933319,14.567914882608,20.9));
#3729 = LINE('',#3730,#3731);
#3730 = CARTESIAN_POINT('',(0.422748878547,7.496847070742,20.9));
#3731 = VECTOR('',#3732,1.);
#3732 = DIRECTION('',(-0.707106781187,0.707106781187,0.));
#3733 = ORIENTED_EDGE('',*,*,#3734,.T.);
#3734 = EDGE_CURVE('',#3727,#3703,#3735,.T.);
#3735 = LINE('',#3736,#3737);
#3736 = CARTESIAN_POINT('',(-6.648318933319,14.567914882608,20.9));
#3737 = VECTOR('',#3738,1.);
#3738 = DIRECTION('',(-0.707106781187,-0.707106781187,0.));
#3739 = PLANE('',#3740);
#3740 = AXIS2_PLACEMENT_3D('',#3741,#3742,#3743);
#3741 = CARTESIAN_POINT('',(0.422748878547,7.496847070742,20.9));
#3742 = DIRECTION('',(0.,0.,1.));
#3743 = DIRECTION('',(-0.707106781187,0.707106781187,0.));
#3744 = ADVANCED_FACE('',(#3745),#3756,.F.);
#3745 = FACE_BOUND('',#3746,.F.);
#3746 = EDGE_LOOP('',(#3747,#3748,#3749,#3750));
#3747 = ORIENTED_EDGE('',*,*,#3678,.F.);
#3748 = ORIENTED_EDGE('',*,*,#2295,.T.);
#3749 = ORIENTED_EDGE('',*,*,#3726,.T.);
#3750 = ORIENTED_EDGE('',*,*,#3751,.F.);
#3751 = EDGE_CURVE('',#3679,#3727,#3752,.T.);
#3752 = LINE('',#3753,#3754);
#3753 = CARTESIAN_POINT('',(-6.648318933319,14.567914882608,19.5));
#3754 = VECTOR('',#3755,1.);
#3755 = DIRECTION('',(0.,0.,1.));
#3756 = PLANE('',#3757);
#3757 = AXIS2_PLACEMENT_3D('',#3758,#3759,#3760);
#3758 = CARTESIAN_POINT('',(0.422748878547,7.496847070742,19.5));
#3759 = DIRECTION('',(-0.707106781187,-0.707106781187,0.));
#3760 = DIRECTION('',(0.,0.,1.));
#3761 = ADVANCED_FACE('',(#3762),#3787,.F.);
#3762 = FACE_BOUND('',#3763,.F.);
#3763 = EDGE_LOOP('',(#3764,#3772,#3773,#3781));
#3764 = ORIENTED_EDGE('',*,*,#3765,.F.);
#3765 = EDGE_CURVE('',#2320,#3766,#3768,.T.);
#3766 = VERTEX_POINT('',#3767);
#3767 = CARTESIAN_POINT('',(-4.668419945996,16.54781386993,19.5));
#3768 = LINE('',#3769,#3770);
#3769 = CARTESIAN_POINT('',(2.402647865869,9.476746058065,19.5));
#3770 = VECTOR('',#3771,1.);
#3771 = DIRECTION('',(-0.707106781187,0.707106781187,0.));
#3772 = ORIENTED_EDGE('',*,*,#2319,.T.);
#3773 = ORIENTED_EDGE('',*,*,#3774,.T.);
#3774 = EDGE_CURVE('',#2322,#3775,#3777,.T.);
#3775 = VERTEX_POINT('',#3776);
#3776 = CARTESIAN_POINT('',(-2.405678246199,18.810555569727,19.5));
#3777 = LINE('',#3778,#3779);
#3778 = CARTESIAN_POINT('',(4.665389565666,11.739487757862,19.5));
#3779 = VECTOR('',#3780,1.);
#3780 = DIRECTION('',(-0.707106781187,0.707106781187,0.));
#3781 = ORIENTED_EDGE('',*,*,#3782,.T.);
#3782 = EDGE_CURVE('',#3775,#3766,#3783,.T.);
#3783 = LINE('',#3784,#3785);
#3784 = CARTESIAN_POINT('',(-2.405678246199,18.810555569727,19.5));
#3785 = VECTOR('',#3786,1.);
#3786 = DIRECTION('',(-0.707106781187,-0.707106781187,0.));
#3787 = PLANE('',#3788);
#3788 = AXIS2_PLACEMENT_3D('',#3789,#3790,#3791);
#3789 = CARTESIAN_POINT('',(4.665389565666,11.739487757862,19.5));
#3790 = DIRECTION('',(0.,0.,1.));
#3791 = DIRECTION('',(-0.707106781187,0.707106781187,0.));
#3792 = ADVANCED_FACE('',(#3793),#3811,.T.);
#3793 = FACE_BOUND('',#3794,.T.);
#3794 = EDGE_LOOP('',(#3795,#3796,#3797,#3805));
#3795 = ORIENTED_EDGE('',*,*,#3765,.F.);
#3796 = ORIENTED_EDGE('',*,*,#2345,.T.);
#3797 = ORIENTED_EDGE('',*,*,#3798,.T.);
#3798 = EDGE_CURVE('',#2338,#3799,#3801,.T.);
#3799 = VERTEX_POINT('',#3800);
#3800 = CARTESIAN_POINT('',(-4.668419945996,16.54781386993,20.9));
#3801 = LINE('',#3802,#3803);
#3802 = CARTESIAN_POINT('',(2.402647865869,9.476746058065,20.9));
#3803 = VECTOR('',#3804,1.);
#3804 = DIRECTION('',(-0.707106781187,0.707106781187,0.));
#3805 = ORIENTED_EDGE('',*,*,#3806,.F.);
#3806 = EDGE_CURVE('',#3766,#3799,#3807,.T.);
#3807 = LINE('',#3808,#3809);
#3808 = CARTESIAN_POINT('',(-4.668419945996,16.54781386993,19.5));
#3809 = VECTOR('',#3810,1.);
#3810 = DIRECTION('',(0.,0.,1.));
#3811 = PLANE('',#3812);
#3812 = AXIS2_PLACEMENT_3D('',#3813,#3814,#3815);
#3813 = CARTESIAN_POINT('',(2.402647865869,9.476746058065,19.5));
#3814 = DIRECTION('',(-0.707106781187,-0.707106781187,0.));
#3815 = DIRECTION('',(0.,0.,1.));
#3816 = ADVANCED_FACE('',(#3817),#3835,.T.);
#3817 = FACE_BOUND('',#3818,.T.);
#3818 = EDGE_LOOP('',(#3819,#3820,#3821,#3829));
#3819 = ORIENTED_EDGE('',*,*,#3798,.F.);
#3820 = ORIENTED_EDGE('',*,*,#2337,.T.);
#3821 = ORIENTED_EDGE('',*,*,#3822,.T.);
#3822 = EDGE_CURVE('',#2330,#3823,#3825,.T.);
#3823 = VERTEX_POINT('',#3824);
#3824 = CARTESIAN_POINT('',(-2.405678246199,18.810555569727,20.9));
#3825 = LINE('',#3826,#3827);
#3826 = CARTESIAN_POINT('',(4.665389565666,11.739487757862,20.9));
#3827 = VECTOR('',#3828,1.);
#3828 = DIRECTION('',(-0.707106781187,0.707106781187,0.));
#3829 = ORIENTED_EDGE('',*,*,#3830,.T.);
#3830 = EDGE_CURVE('',#3823,#3799,#3831,.T.);
#3831 = LINE('',#3832,#3833);
#3832 = CARTESIAN_POINT('',(-2.405678246199,18.810555569727,20.9));
#3833 = VECTOR('',#3834,1.);
#3834 = DIRECTION('',(-0.707106781187,-0.707106781187,0.));
#3835 = PLANE('',#3836);
#3836 = AXIS2_PLACEMENT_3D('',#3837,#3838,#3839);
#3837 = CARTESIAN_POINT('',(4.665389565666,11.739487757862,20.9));
#3838 = DIRECTION('',(0.,0.,1.));
#3839 = DIRECTION('',(-0.707106781187,0.707106781187,0.));
#3840 = ADVANCED_FACE('',(#3841),#3852,.F.);
#3841 = FACE_BOUND('',#3842,.F.);
#3842 = EDGE_LOOP('',(#3843,#3844,#3845,#3846));
#3843 = ORIENTED_EDGE('',*,*,#3774,.F.);
#3844 = ORIENTED_EDGE('',*,*,#2329,.T.);
#3845 = ORIENTED_EDGE('',*,*,#3822,.T.);
#3846 = ORIENTED_EDGE('',*,*,#3847,.F.);
#3847 = EDGE_CURVE('',#3775,#3823,#3848,.T.);
#3848 = LINE('',#3849,#3850);
#3849 = CARTESIAN_POINT('',(-2.405678246199,18.810555569727,19.5));
#3850 = VECTOR('',#3851,1.);
#3851 = DIRECTION('',(0.,0.,1.));
#3852 = PLANE('',#3853);
#3853 = AXIS2_PLACEMENT_3D('',#3854,#3855,#3856);
#3854 = CARTESIAN_POINT('',(4.665389565666,11.739487757862,19.5));
#3855 = DIRECTION('',(-0.707106781187,-0.707106781187,0.));
#3856 = DIRECTION('',(0.,0.,1.));
#3857 = ADVANCED_FACE('',(#3858),#3869,.T.);
#3858 = FACE_BOUND('',#3859,.T.);
#3859 = EDGE_LOOP('',(#3860,#3861,#3862,#3868));
#3860 = ORIENTED_EDGE('',*,*,#2516,.F.);
#3861 = ORIENTED_EDGE('',*,*,#2492,.F.);
#3862 = ORIENTED_EDGE('',*,*,#3863,.T.);
#3863 = EDGE_CURVE('',#2459,#2531,#3864,.T.);
#3864 = LINE('',#3865,#3866);
#3865 = CARTESIAN_POINT('',(5.478562364031,16.795301243345,14.7));
#3866 = VECTOR('',#3867,1.);
#3867 = DIRECTION('',(-0.707106781187,0.707106781187,0.));
#3868 = ORIENTED_EDGE('',*,*,#2540,.T.);
#3869 = PLANE('',#3870);
#3870 = AXIS2_PLACEMENT_3D('',#3871,#3872,#3873);
#3871 = CARTESIAN_POINT('',(5.478562364031,16.795301243345,13.5));
#3872 = DIRECTION('',(-0.707106781187,-0.707106781187,0.));
#3873 = DIRECTION('',(0.,0.,1.));
#3874 = ADVANCED_FACE('',(#3875),#3900,.F.);
#3875 = FACE_BOUND('',#3876,.F.);
#3876 = EDGE_LOOP('',(#3877,#3887,#3893,#3894));
#3877 = ORIENTED_EDGE('',*,*,#3878,.F.);
#3878 = EDGE_CURVE('',#3879,#3881,#3883,.T.);
#3879 = VERTEX_POINT('',#3880);
#3880 = CARTESIAN_POINT('',(-19.0933982822,39.245941546018,14.7));
#3881 = VERTEX_POINT('',#3882);
#3882 = CARTESIAN_POINT('',(-20.15405845398,40.306601717798,14.7));
#3883 = LINE('',#3884,#3885);
#3884 = CARTESIAN_POINT('',(4.417902192251,15.734641071566,14.7));
#3885 = VECTOR('',#3886,1.);
#3886 = DIRECTION('',(-0.707106781187,0.707106781187,0.));
#3887 = ORIENTED_EDGE('',*,*,#3888,.F.);
#3888 = EDGE_CURVE('',#2531,#3879,#3889,.T.);
#3889 = LINE('',#3890,#3891);
#3890 = CARTESIAN_POINT('',(-16.08819446215,42.251145366061,14.7));
#3891 = VECTOR('',#3892,1.);
#3892 = DIRECTION('',(-0.707106781187,-0.707106781187,0.));
#3893 = ORIENTED_EDGE('',*,*,#2554,.T.);
#3894 = ORIENTED_EDGE('',*,*,#3895,.T.);
#3895 = EDGE_CURVE('',#2555,#3881,#3896,.T.);
#3896 = LINE('',#3897,#3898);
#3897 = CARTESIAN_POINT('',(-17.14885463393,43.311805537841,14.7));
#3898 = VECTOR('',#3899,1.);
#3899 = DIRECTION('',(-0.707106781187,-0.707106781187,0.));
#3900 = PLANE('',#3901);
#3901 = AXIS2_PLACEMENT_3D('',#3902,#3903,#3904);
#3902 = CARTESIAN_POINT('',(5.478562364031,16.795301243345,14.7));
#3903 = DIRECTION('',(0.,0.,1.));
#3904 = DIRECTION('',(-0.707106781187,0.707106781187,0.));
#3905 = ADVANCED_FACE('',(#3906),#3917,.T.);
#3906 = FACE_BOUND('',#3907,.T.);
#3907 = EDGE_LOOP('',(#3908,#3909,#3910,#3916));
#3908 = ORIENTED_EDGE('',*,*,#2612,.F.);
#3909 = ORIENTED_EDGE('',*,*,#2588,.F.);
#3910 = ORIENTED_EDGE('',*,*,#3911,.T.);
#3911 = EDGE_CURVE('',#2555,#2627,#3912,.T.);
#3912 = LINE('',#3913,#3914);
#3913 = CARTESIAN_POINT('',(5.478562364031,16.795301243345,14.7));
#3914 = VECTOR('',#3915,1.);
#3915 = DIRECTION('',(-0.707106781187,0.707106781187,0.));
#3916 = ORIENTED_EDGE('',*,*,#2636,.T.);
#3917 = PLANE('',#3918);
#3918 = AXIS2_PLACEMENT_3D('',#3919,#3920,#3921);
#3919 = CARTESIAN_POINT('',(5.478562364031,16.795301243345,13.5));
#3920 = DIRECTION('',(-0.707106781187,-0.707106781187,0.));
#3921 = DIRECTION('',(0.,0.,1.));
#3922 = ADVANCED_FACE('',(#3923),#3941,.F.);
#3923 = FACE_BOUND('',#3924,.F.);
#3924 = EDGE_LOOP('',(#3925,#3933,#3939,#3940));
#3925 = ORIENTED_EDGE('',*,*,#3926,.F.);
#3926 = EDGE_CURVE('',#3927,#3199,#3929,.T.);
#3927 = VERTEX_POINT('',#3928);
#3928 = CARTESIAN_POINT('',(-33.23553390593,53.388077169749,14.7));
#3929 = LINE('',#3930,#3931);
#3930 = CARTESIAN_POINT('',(4.417902192251,15.734641071566,14.7));
#3931 = VECTOR('',#3932,1.);
#3932 = DIRECTION('',(-0.707106781187,0.707106781187,0.));
#3933 = ORIENTED_EDGE('',*,*,#3934,.F.);
#3934 = EDGE_CURVE('',#2627,#3927,#3935,.T.);
#3935 = LINE('',#3936,#3937);
#3936 = CARTESIAN_POINT('',(-30.23033008589,56.393280989792,14.7));
#3937 = VECTOR('',#3938,1.);
#3938 = DIRECTION('',(-0.707106781187,-0.707106781187,0.));
#3939 = ORIENTED_EDGE('',*,*,#2650,.T.);
#3940 = ORIENTED_EDGE('',*,*,#3206,.T.);
#3941 = PLANE('',#3942);
#3942 = AXIS2_PLACEMENT_3D('',#3943,#3944,#3945);
#3943 = CARTESIAN_POINT('',(5.478562364031,16.795301243345,14.7));
#3944 = DIRECTION('',(0.,0.,1.));
#3945 = DIRECTION('',(-0.707106781187,0.707106781187,0.));
#3946 = ADVANCED_FACE('',(#3947),#3972,.F.);
#3947 = FACE_BOUND('',#3948,.F.);
#3948 = EDGE_LOOP('',(#3949,#3957,#3958,#3966));
#3949 = ORIENTED_EDGE('',*,*,#3950,.F.);
#3950 = EDGE_CURVE('',#2716,#3951,#3953,.T.);
#3951 = VERTEX_POINT('',#3952);
#3952 = CARTESIAN_POINT('',(-35.00330085889,23.336038969321,14.7));
#3953 = LINE('',#3954,#3955);
#3954 = CARTESIAN_POINT('',(-11.49200038444,-0.175261505132,14.7));
#3955 = VECTOR('',#3956,1.);
#3956 = DIRECTION('',(-0.707106781187,0.707106781187,0.));
#3957 = ORIENTED_EDGE('',*,*,#2732,.F.);
#3958 = ORIENTED_EDGE('',*,*,#3959,.T.);
#3959 = EDGE_CURVE('',#2725,#3960,#3962,.T.);
#3960 = VERTEX_POINT('',#3961);
#3961 = CARTESIAN_POINT('',(-33.94264068711,24.396699141101,14.7));
#3962 = LINE('',#3963,#3964);
#3963 = CARTESIAN_POINT('',(-10.43134021266,0.885398666648,14.7));
#3964 = VECTOR('',#3965,1.);
#3965 = DIRECTION('',(-0.707106781187,0.707106781187,0.));
#3966 = ORIENTED_EDGE('',*,*,#3967,.T.);
#3967 = EDGE_CURVE('',#3960,#3951,#3968,.T.);
#3968 = LINE('',#3969,#3970);
#3969 = CARTESIAN_POINT('',(-16.08819446215,42.251145366061,14.7));
#3970 = VECTOR('',#3971,1.);
#3971 = DIRECTION('',(-0.707106781187,-0.707106781187,0.));
#3972 = PLANE('',#3973);
#3973 = AXIS2_PLACEMENT_3D('',#3974,#3975,#3976);
#3974 = CARTESIAN_POINT('',(-10.43134021266,0.885398666648,14.7));
#3975 = DIRECTION('',(0.,0.,1.));
#3976 = DIRECTION('',(-0.707106781187,0.707106781187,0.));
#3977 = ADVANCED_FACE('',(#3978),#3989,.F.);
#3978 = FACE_BOUND('',#3979,.F.);
#3979 = EDGE_LOOP('',(#3980,#3981,#3982,#3988));
#3980 = ORIENTED_EDGE('',*,*,#2746,.F.);
#3981 = ORIENTED_EDGE('',*,*,#2804,.T.);
#3982 = ORIENTED_EDGE('',*,*,#3983,.T.);
#3983 = EDGE_CURVE('',#2805,#2725,#3984,.T.);
#3984 = LINE('',#3985,#3986);
#3985 = CARTESIAN_POINT('',(-3.006719010208,29.16966991411,14.7));
#3986 = VECTOR('',#3987,1.);
#3987 = DIRECTION('',(-0.707106781187,-0.707106781187,0.));
#3988 = ORIENTED_EDGE('',*,*,#2724,.F.);
#3989 = PLANE('',#3990);
#3990 = AXIS2_PLACEMENT_3D('',#3991,#3992,#3993);
#3991 = CARTESIAN_POINT('',(-1.946058838428,28.10900974233,14.7));
#3992 = DIRECTION('',(0.,0.,1.));
#3993 = DIRECTION('',(-0.707106781187,0.707106781187,0.));
#3994 = ADVANCED_FACE('',(#3995),#4006,.F.);
#3995 = FACE_BOUND('',#3996,.F.);
#3996 = EDGE_LOOP('',(#3997,#3998,#3999,#4005));
#3997 = ORIENTED_EDGE('',*,*,#2787,.F.);
#3998 = ORIENTED_EDGE('',*,*,#2763,.T.);
#3999 = ORIENTED_EDGE('',*,*,#4000,.T.);
#4000 = EDGE_CURVE('',#2764,#2814,#4001,.T.);
#4001 = LINE('',#4002,#4003);
#4002 = CARTESIAN_POINT('',(-3.006719010208,29.16966991411,14.7));
#4003 = VECTOR('',#4004,1.);
#4004 = DIRECTION('',(-0.707106781187,-0.707106781187,0.));
#4005 = ORIENTED_EDGE('',*,*,#2813,.F.);
#4006 = PLANE('',#4007);
#4007 = AXIS2_PLACEMENT_3D('',#4008,#4009,#4010);
#4008 = CARTESIAN_POINT('',(-1.946058838428,28.10900974233,14.7));
#4009 = DIRECTION('',(0.,0.,1.));
#4010 = DIRECTION('',(-0.707106781187,0.707106781187,0.));
#4011 = ADVANCED_FACE('',(#4012),#4023,.F.);
#4012 = FACE_BOUND('',#4013,.F.);
#4013 = EDGE_LOOP('',(#4014,#4020,#4021,#4022));
#4014 = ORIENTED_EDGE('',*,*,#4015,.F.);
#4015 = EDGE_CURVE('',#2764,#3879,#4016,.T.);
#4016 = LINE('',#4017,#4018);
#4017 = CARTESIAN_POINT('',(4.417902192251,15.734641071566,14.7));
#4018 = VECTOR('',#4019,1.);
#4019 = DIRECTION('',(-0.707106781187,0.707106781187,0.));
#4020 = ORIENTED_EDGE('',*,*,#2773,.F.);
#4021 = ORIENTED_EDGE('',*,*,#3863,.T.);
#4022 = ORIENTED_EDGE('',*,*,#3888,.T.);
#4023 = PLANE('',#4024);
#4024 = AXIS2_PLACEMENT_3D('',#4025,#4026,#4027);
#4025 = CARTESIAN_POINT('',(5.478562364031,16.795301243345,14.7));
#4026 = DIRECTION('',(0.,0.,1.));
#4027 = DIRECTION('',(-0.707106781187,0.707106781187,0.));
#4028 = ADVANCED_FACE('',(#4029),#4054,.F.);
#4029 = FACE_BOUND('',#4030,.F.);
#4030 = EDGE_LOOP('',(#4031,#4039,#4040,#4048));
#4031 = ORIENTED_EDGE('',*,*,#4032,.F.);
#4032 = EDGE_CURVE('',#2805,#4033,#4035,.T.);
#4033 = VERTEX_POINT('',#4034);
#4034 = CARTESIAN_POINT('',(-24.3966991411,33.942640687119,14.7));
#4035 = LINE('',#4036,#4037);
#4036 = CARTESIAN_POINT('',(-0.885398666648,10.431340212667,14.7));
#4037 = VECTOR('',#4038,1.);
#4038 = DIRECTION('',(-0.707106781187,0.707106781187,0.));
#4039 = ORIENTED_EDGE('',*,*,#2821,.F.);
#4040 = ORIENTED_EDGE('',*,*,#4041,.T.);
#4041 = EDGE_CURVE('',#2814,#4042,#4044,.T.);
#4042 = VERTEX_POINT('',#4043);
#4043 = CARTESIAN_POINT('',(-23.33603896932,35.003300858899,14.7));
#4044 = LINE('',#4045,#4046);
#4045 = CARTESIAN_POINT('',(0.175261505132,11.492000384446,14.7));
#4046 = VECTOR('',#4047,1.);
#4047 = DIRECTION('',(-0.707106781187,0.707106781187,0.));
#4048 = ORIENTED_EDGE('',*,*,#4049,.T.);
#4049 = EDGE_CURVE('',#4042,#4033,#4050,.T.);
#4050 = LINE('',#4051,#4052);
#4051 = CARTESIAN_POINT('',(-16.08819446215,42.251145366061,14.7));
#4052 = VECTOR('',#4053,1.);
#4053 = DIRECTION('',(-0.707106781187,-0.707106781187,0.));
#4054 = PLANE('',#4055);
#4055 = AXIS2_PLACEMENT_3D('',#4056,#4057,#4058);
#4056 = CARTESIAN_POINT('',(0.175261505132,11.492000384446,14.7));
#4057 = DIRECTION('',(0.,0.,1.));
#4058 = DIRECTION('',(-0.707106781187,0.707106781187,0.));
#4059 = ADVANCED_FACE('',(#4060),#4071,.F.);
#4060 = FACE_BOUND('',#4061,.F.);
#4061 = EDGE_LOOP('',(#4062,#4063,#4064,#4070));
#4062 = ORIENTED_EDGE('',*,*,#2933,.F.);
#4063 = ORIENTED_EDGE('',*,*,#2917,.F.);
#4064 = ORIENTED_EDGE('',*,*,#4065,.T.);
#4065 = EDGE_CURVE('',#2910,#2950,#4066,.T.);
#4066 = LINE('',#4067,#4068);
#4067 = CARTESIAN_POINT('',(-15.73464107156,-4.417902192251,14.7));
#4068 = VECTOR('',#4069,1.);
#4069 = DIRECTION('',(-0.707106781187,0.707106781187,0.));
#4070 = ORIENTED_EDGE('',*,*,#2949,.T.);
#4071 = PLANE('',#4072);
#4072 = AXIS2_PLACEMENT_3D('',#4073,#4074,#4075);
#4073 = CARTESIAN_POINT('',(-15.73464107156,-4.417902192251,14.7));
#4074 = DIRECTION('',(0.,0.,1.));
#4075 = DIRECTION('',(-0.707106781187,0.707106781187,0.));
#4076 = ADVANCED_FACE('',(#4077),#4100,.F.);
#4077 = FACE_BOUND('',#4078,.F.);
#4078 = EDGE_LOOP('',(#4079,#4085,#4093,#4099));
#4079 = ORIENTED_EDGE('',*,*,#4080,.F.);
#4080 = EDGE_CURVE('',#3951,#2902,#4081,.T.);
#4081 = LINE('',#4082,#4083);
#4082 = CARTESIAN_POINT('',(-16.08819446215,42.251145366061,14.7));
#4083 = VECTOR('',#4084,1.);
#4084 = DIRECTION('',(-0.707106781187,-0.707106781187,0.));
#4085 = ORIENTED_EDGE('',*,*,#4086,.T.);
#4086 = EDGE_CURVE('',#3951,#4087,#4089,.T.);
#4087 = VERTEX_POINT('',#4088);
#4088 = CARTESIAN_POINT('',(-36.06396103067,24.396699141101,14.7));
#4089 = LINE('',#4090,#4091);
#4090 = CARTESIAN_POINT('',(-11.49200038444,-0.175261505132,14.7));
#4091 = VECTOR('',#4092,1.);
#4092 = DIRECTION('',(-0.707106781187,0.707106781187,0.));
#4093 = ORIENTED_EDGE('',*,*,#4094,.T.);
#4094 = EDGE_CURVE('',#4087,#2910,#4095,.T.);
#4095 = LINE('',#4096,#4097);
#4096 = CARTESIAN_POINT('',(-17.14885463393,43.311805537841,14.7));
#4097 = VECTOR('',#4098,1.);
#4098 = DIRECTION('',(-0.707106781187,-0.707106781187,0.));
#4099 = ORIENTED_EDGE('',*,*,#2909,.F.);
#4100 = PLANE('',#4101);
#4101 = AXIS2_PLACEMENT_3D('',#4102,#4103,#4104);
#4102 = CARTESIAN_POINT('',(-16.08819446215,42.251145366061,14.7));
#4103 = DIRECTION('',(0.,0.,1.));
#4104 = DIRECTION('',(-0.707106781187,0.707106781187,0.));
#4105 = ADVANCED_FACE('',(#4106),#4129,.F.);
#4106 = FACE_BOUND('',#4107,.F.);
#4107 = EDGE_LOOP('',(#4108,#4116,#4122,#4128));
#4108 = ORIENTED_EDGE('',*,*,#4109,.F.);
#4109 = EDGE_CURVE('',#4110,#2950,#4112,.T.);
#4110 = VERTEX_POINT('',#4111);
#4111 = CARTESIAN_POINT('',(-49.14543648263,37.478174593052,14.7));
#4112 = LINE('',#4113,#4114);
#4113 = CARTESIAN_POINT('',(-30.23033008589,56.393280989792,14.7));
#4114 = VECTOR('',#4115,1.);
#4115 = DIRECTION('',(-0.707106781187,-0.707106781187,0.));
#4116 = ORIENTED_EDGE('',*,*,#4117,.T.);
#4117 = EDGE_CURVE('',#4110,#3087,#4118,.T.);
#4118 = LINE('',#4119,#4120);
#4119 = CARTESIAN_POINT('',(-11.49200038444,-0.175261505132,14.7));
#4120 = VECTOR('',#4121,1.);
#4121 = DIRECTION('',(-0.707106781187,0.707106781187,0.));
#4122 = ORIENTED_EDGE('',*,*,#4123,.T.);
#4123 = EDGE_CURVE('',#3087,#2958,#4124,.T.);
#4124 = LINE('',#4125,#4126);
#4125 = CARTESIAN_POINT('',(-31.29099025767,57.453941161572,14.7));
#4126 = VECTOR('',#4127,1.);
#4127 = DIRECTION('',(-0.707106781187,-0.707106781187,0.));
#4128 = ORIENTED_EDGE('',*,*,#2957,.F.);
#4129 = PLANE('',#4130);
#4130 = AXIS2_PLACEMENT_3D('',#4131,#4132,#4133);
#4131 = CARTESIAN_POINT('',(-30.23033008589,56.393280989792,14.7));
#4132 = DIRECTION('',(0.,0.,1.));
#4133 = DIRECTION('',(-0.707106781187,0.707106781187,0.));
#4134 = ADVANCED_FACE('',(#4135),#4141,.F.);
#4135 = FACE_BOUND('',#4136,.F.);
#4136 = EDGE_LOOP('',(#4137,#4138,#4139,#4140));
#4137 = ORIENTED_EDGE('',*,*,#4123,.F.);
#4138 = ORIENTED_EDGE('',*,*,#3086,.T.);
#4139 = ORIENTED_EDGE('',*,*,#3049,.T.);
#4140 = ORIENTED_EDGE('',*,*,#3033,.F.);
#4141 = PLANE('',#4142);
#4142 = AXIS2_PLACEMENT_3D('',#4143,#4144,#4145);
#4143 = CARTESIAN_POINT('',(-31.29099025767,57.453941161572,13.5));
#4144 = DIRECTION('',(-0.707106781187,0.707106781187,0.));
#4145 = DIRECTION('',(0.,0.,1.));
#4146 = ADVANCED_FACE('',(#4147),#4165,.F.);
#4147 = FACE_BOUND('',#4148,.F.);
#4148 = EDGE_LOOP('',(#4149,#4150,#4158,#4164));
#4149 = ORIENTED_EDGE('',*,*,#4117,.F.);
#4150 = ORIENTED_EDGE('',*,*,#4151,.F.);
#4151 = EDGE_CURVE('',#4152,#4110,#4154,.T.);
#4152 = VERTEX_POINT('',#4153);
#4153 = CARTESIAN_POINT('',(-48.08477631085,38.538834764832,14.7));
#4154 = LINE('',#4155,#4156);
#4155 = CARTESIAN_POINT('',(-30.23033008589,56.393280989792,14.7));
#4156 = VECTOR('',#4157,1.);
#4157 = DIRECTION('',(-0.707106781187,-0.707106781187,0.));
#4158 = ORIENTED_EDGE('',*,*,#4159,.T.);
#4159 = EDGE_CURVE('',#4152,#3111,#4160,.T.);
#4160 = LINE('',#4161,#4162);
#4161 = CARTESIAN_POINT('',(-10.43134021266,0.885398666648,14.7));
#4162 = VECTOR('',#4163,1.);
#4163 = DIRECTION('',(-0.707106781187,0.707106781187,0.));
#4164 = ORIENTED_EDGE('',*,*,#3110,.T.);
#4165 = PLANE('',#4166);
#4166 = AXIS2_PLACEMENT_3D('',#4167,#4168,#4169);
#4167 = CARTESIAN_POINT('',(-10.43134021266,0.885398666648,14.7));
#4168 = DIRECTION('',(0.,0.,1.));
#4169 = DIRECTION('',(-0.707106781187,0.707106781187,0.));
#4170 = ADVANCED_FACE('',(#4171),#4182,.F.);
#4171 = FACE_BOUND('',#4172,.F.);
#4172 = EDGE_LOOP('',(#4173,#4179,#4180,#4181));
#4173 = ORIENTED_EDGE('',*,*,#4174,.F.);
#4174 = EDGE_CURVE('',#3224,#3111,#4175,.T.);
#4175 = LINE('',#4176,#4177);
#4176 = CARTESIAN_POINT('',(-31.29099025767,57.453941161572,14.7));
#4177 = VECTOR('',#4178,1.);
#4178 = DIRECTION('',(-0.707106781187,-0.707106781187,0.));
#4179 = ORIENTED_EDGE('',*,*,#3223,.T.);
#4180 = ORIENTED_EDGE('',*,*,#3174,.T.);
#4181 = ORIENTED_EDGE('',*,*,#3141,.F.);
#4182 = PLANE('',#4183);
#4183 = AXIS2_PLACEMENT_3D('',#4184,#4185,#4186);
#4184 = CARTESIAN_POINT('',(-31.29099025767,57.453941161572,13.5));
#4185 = DIRECTION('',(-0.707106781187,0.707106781187,0.));
#4186 = DIRECTION('',(0.,0.,1.));
#4187 = ADVANCED_FACE('',(#4188),#4199,.F.);
#4188 = FACE_BOUND('',#4189,.F.);
#4189 = EDGE_LOOP('',(#4190,#4196,#4197,#4198));
#4190 = ORIENTED_EDGE('',*,*,#4191,.F.);
#4191 = EDGE_CURVE('',#3199,#3272,#4192,.T.);
#4192 = LINE('',#4193,#4194);
#4193 = CARTESIAN_POINT('',(-31.29099025767,57.453941161572,14.7));
#4194 = VECTOR('',#4195,1.);
#4195 = DIRECTION('',(-0.707106781187,-0.707106781187,0.));
#4196 = ORIENTED_EDGE('',*,*,#3254,.T.);
#4197 = ORIENTED_EDGE('',*,*,#3294,.T.);
#4198 = ORIENTED_EDGE('',*,*,#3319,.F.);
#4199 = PLANE('',#4200);
#4200 = AXIS2_PLACEMENT_3D('',#4201,#4202,#4203);
#4201 = CARTESIAN_POINT('',(-31.29099025767,57.453941161572,13.5));
#4202 = DIRECTION('',(-0.707106781187,0.707106781187,0.));
#4203 = DIRECTION('',(0.,0.,1.));
#4204 = ADVANCED_FACE('',(#4205),#4230,.F.);
#4205 = FACE_BOUND('',#4206,.F.);
#4206 = EDGE_LOOP('',(#4207,#4215,#4223,#4229));
#4207 = ORIENTED_EDGE('',*,*,#4208,.F.);
#4208 = EDGE_CURVE('',#4209,#3224,#4211,.T.);
#4209 = VERTEX_POINT('',#4210);
#4210 = CARTESIAN_POINT('',(-38.53883476483,48.08477631085,14.7));
#4211 = LINE('',#4212,#4213);
#4212 = CARTESIAN_POINT('',(-0.885398666648,10.431340212667,14.7));
#4213 = VECTOR('',#4214,1.);
#4214 = DIRECTION('',(-0.707106781187,0.707106781187,0.));
#4215 = ORIENTED_EDGE('',*,*,#4216,.F.);
#4216 = EDGE_CURVE('',#4217,#4209,#4219,.T.);
#4217 = VERTEX_POINT('',#4218);
#4218 = CARTESIAN_POINT('',(-37.47817459305,49.14543648263,14.7));
#4219 = LINE('',#4220,#4221);
#4220 = CARTESIAN_POINT('',(-30.23033008589,56.393280989792,14.7));
#4221 = VECTOR('',#4222,1.);
#4222 = DIRECTION('',(-0.707106781187,-0.707106781187,0.));
#4223 = ORIENTED_EDGE('',*,*,#4224,.T.);
#4224 = EDGE_CURVE('',#4217,#3272,#4225,.T.);
#4225 = LINE('',#4226,#4227);
#4226 = CARTESIAN_POINT('',(0.175261505132,11.492000384446,14.7));
#4227 = VECTOR('',#4228,1.);
#4228 = DIRECTION('',(-0.707106781187,0.707106781187,0.));
#4229 = ORIENTED_EDGE('',*,*,#3271,.T.);
#4230 = PLANE('',#4231);
#4231 = AXIS2_PLACEMENT_3D('',#4232,#4233,#4234);
#4232 = CARTESIAN_POINT('',(0.175261505132,11.492000384446,14.7));
#4233 = DIRECTION('',(0.,0.,1.));
#4234 = DIRECTION('',(-0.707106781187,0.707106781187,0.));
#4235 = ADVANCED_FACE('',(#4236),#4242,.T.);
#4236 = FACE_BOUND('',#4237,.T.);
#4237 = EDGE_LOOP('',(#4238,#4239,#4240,#4241));
#4238 = ORIENTED_EDGE('',*,*,#3417,.F.);
#4239 = ORIENTED_EDGE('',*,*,#3352,.T.);
#4240 = ORIENTED_EDGE('',*,*,#3376,.T.);
#4241 = ORIENTED_EDGE('',*,*,#3400,.F.);
#4242 = PLANE('',#4243);
#4243 = AXIS2_PLACEMENT_3D('',#4244,#4245,#4246);
#4244 = CARTESIAN_POINT('',(-52.32741699797,62.226911934581,31.5));
#4245 = DIRECTION('',(-0.707106781187,0.707106781187,0.));
#4246 = DIRECTION('',(0.,0.,1.));
#4247 = ADVANCED_FACE('',(#4248),#4273,.T.);
#4248 = FACE_BOUND('',#4249,.T.);
#4249 = EDGE_LOOP('',(#4250,#4260,#4266,#4267));
#4250 = ORIENTED_EDGE('',*,*,#4251,.F.);
#4251 = EDGE_CURVE('',#4252,#4254,#4256,.T.);
#4252 = VERTEX_POINT('',#4253);
#4253 = CARTESIAN_POINT('',(-26.16446609406,6.011922830251,13.5));
#4254 = VERTEX_POINT('',#4255);
#4255 = CARTESIAN_POINT('',(-39.24594154601,19.093398282202,13.5));
#4256 = LINE('',#4257,#4258);
#4257 = CARTESIAN_POINT('',(-15.73464107156,-4.417902192251,13.5));
#4258 = VECTOR('',#4259,1.);
#4259 = DIRECTION('',(-0.707106781187,0.707106781187,0.));
#4260 = ORIENTED_EDGE('',*,*,#4261,.F.);
#4261 = EDGE_CURVE('',#2106,#4252,#4262,.T.);
#4262 = LINE('',#4263,#4264);
#4263 = CARTESIAN_POINT('',(-26.16446609406,6.011922830251,13.5));
#4264 = VECTOR('',#4265,1.);
#4265 = DIRECTION('',(0.,-0.,-1.));
#4266 = ORIENTED_EDGE('',*,*,#3433,.T.);
#4267 = ORIENTED_EDGE('',*,*,#4268,.T.);
#4268 = EDGE_CURVE('',#2902,#4254,#4269,.T.);
#4269 = LINE('',#4270,#4271);
#4270 = CARTESIAN_POINT('',(-39.24594154601,19.093398282202,13.5));
#4271 = VECTOR('',#4272,1.);
#4272 = DIRECTION('',(0.,-0.,-1.));
#4273 = PLANE('',#4274);
#4274 = AXIS2_PLACEMENT_3D('',#4275,#4276,#4277);
#4275 = CARTESIAN_POINT('',(-15.73464107156,-4.417902192251,13.5));
#4276 = DIRECTION('',(-0.707106781187,-0.707106781187,0.));
#4277 = DIRECTION('',(0.,0.,1.));
#4278 = ADVANCED_FACE('',(#4279),#4297,.F.);
#4279 = FACE_BOUND('',#4280,.F.);
#4280 = EDGE_LOOP('',(#4281,#4282,#4290,#4296));
#4281 = ORIENTED_EDGE('',*,*,#3450,.F.);
#4282 = ORIENTED_EDGE('',*,*,#4283,.T.);
#4283 = EDGE_CURVE('',#2716,#4284,#4286,.T.);
#4284 = VERTEX_POINT('',#4285);
#4285 = CARTESIAN_POINT('',(-21.92182540694,10.25456351737,13.5));
#4286 = LINE('',#4287,#4288);
#4287 = CARTESIAN_POINT('',(-21.92182540694,10.25456351737,13.5));
#4288 = VECTOR('',#4289,1.);
#4289 = DIRECTION('',(0.,-0.,-1.));
#4290 = ORIENTED_EDGE('',*,*,#4291,.T.);
#4291 = EDGE_CURVE('',#4284,#4252,#4292,.T.);
#4292 = LINE('',#4293,#4294);
#4293 = CARTESIAN_POINT('',(-3.006719010208,29.16966991411,13.5));
#4294 = VECTOR('',#4295,1.);
#4295 = DIRECTION('',(-0.707106781187,-0.707106781187,0.));
#4296 = ORIENTED_EDGE('',*,*,#4261,.F.);
#4297 = PLANE('',#4298);
#4298 = AXIS2_PLACEMENT_3D('',#4299,#4300,#4301);
#4299 = CARTESIAN_POINT('',(-3.006719010208,29.16966991411,13.5));
#4300 = DIRECTION('',(-0.707106781187,0.707106781187,0.));
#4301 = DIRECTION('',(0.,0.,1.));
#4302 = ADVANCED_FACE('',(#4303),#4309,.T.);
#4303 = FACE_BOUND('',#4304,.T.);
#4304 = EDGE_LOOP('',(#4305,#4306,#4307,#4308));
#4305 = ORIENTED_EDGE('',*,*,#3559,.F.);
#4306 = ORIENTED_EDGE('',*,*,#3494,.T.);
#4307 = ORIENTED_EDGE('',*,*,#3518,.T.);
#4308 = ORIENTED_EDGE('',*,*,#3542,.F.);
#4309 = PLANE('',#4310);
#4310 = AXIS2_PLACEMENT_3D('',#4311,#4312,#4313);
#4311 = CARTESIAN_POINT('',(-16.54781386993,4.668419945996,19.5));
#4312 = DIRECTION('',(-0.707106781187,0.707106781187,0.));
#4313 = DIRECTION('',(0.,0.,1.));
#4314 = ADVANCED_FACE('',(#4315),#4321,.T.);
#4315 = FACE_BOUND('',#4316,.T.);
#4316 = EDGE_LOOP('',(#4317,#4318,#4319,#4320));
#4317 = ORIENTED_EDGE('',*,*,#3655,.F.);
#4318 = ORIENTED_EDGE('',*,*,#3590,.T.);
#4319 = ORIENTED_EDGE('',*,*,#3614,.T.);
#4320 = ORIENTED_EDGE('',*,*,#3638,.F.);
#4321 = PLANE('',#4322);
#4322 = AXIS2_PLACEMENT_3D('',#4323,#4324,#4325);
#4323 = CARTESIAN_POINT('',(-12.30517318281,8.911060633115,19.5));
#4324 = DIRECTION('',(-0.707106781187,0.707106781187,0.));
#4325 = DIRECTION('',(0.,0.,1.));
#4326 = ADVANCED_FACE('',(#4327),#4333,.T.);
#4327 = FACE_BOUND('',#4328,.T.);
#4328 = EDGE_LOOP('',(#4329,#4330,#4331,#4332));
#4329 = ORIENTED_EDGE('',*,*,#3751,.F.);
#4330 = ORIENTED_EDGE('',*,*,#3686,.T.);
#4331 = ORIENTED_EDGE('',*,*,#3710,.T.);
#4332 = ORIENTED_EDGE('',*,*,#3734,.F.);
#4333 = PLANE('',#4334);
#4334 = AXIS2_PLACEMENT_3D('',#4335,#4336,#4337);
#4335 = CARTESIAN_POINT('',(-6.648318933319,14.567914882608,19.5));
#4336 = DIRECTION('',(-0.707106781187,0.707106781187,0.));
#4337 = DIRECTION('',(0.,0.,1.));
#4338 = ADVANCED_FACE('',(#4339),#4345,.T.);
#4339 = FACE_BOUND('',#4340,.T.);
#4340 = EDGE_LOOP('',(#4341,#4342,#4343,#4344));
#4341 = ORIENTED_EDGE('',*,*,#3847,.F.);
#4342 = ORIENTED_EDGE('',*,*,#3782,.T.);
#4343 = ORIENTED_EDGE('',*,*,#3806,.T.);
#4344 = ORIENTED_EDGE('',*,*,#3830,.F.);
#4345 = PLANE('',#4346);
#4346 = AXIS2_PLACEMENT_3D('',#4347,#4348,#4349);
#4347 = CARTESIAN_POINT('',(-2.405678246199,18.810555569727,19.5));
#4348 = DIRECTION('',(-0.707106781187,0.707106781187,0.));
#4349 = DIRECTION('',(0.,0.,1.));
#4350 = ADVANCED_FACE('',(#4351),#4374,.F.);
#4351 = FACE_BOUND('',#4352,.F.);
#4352 = EDGE_LOOP('',(#4353,#4359,#4360,#4368));
#4353 = ORIENTED_EDGE('',*,*,#4354,.F.);
#4354 = EDGE_CURVE('',#3879,#4042,#4355,.T.);
#4355 = LINE('',#4356,#4357);
#4356 = CARTESIAN_POINT('',(-16.08819446215,42.251145366061,14.7));
#4357 = VECTOR('',#4358,1.);
#4358 = DIRECTION('',(-0.707106781187,-0.707106781187,0.));
#4359 = ORIENTED_EDGE('',*,*,#3878,.T.);
#4360 = ORIENTED_EDGE('',*,*,#4361,.T.);
#4361 = EDGE_CURVE('',#3881,#4362,#4364,.T.);
#4362 = VERTEX_POINT('',#4363);
#4363 = CARTESIAN_POINT('',(-24.3966991411,36.063961030679,14.7));
#4364 = LINE('',#4365,#4366);
#4365 = CARTESIAN_POINT('',(-17.14885463393,43.311805537841,14.7));
#4366 = VECTOR('',#4367,1.);
#4367 = DIRECTION('',(-0.707106781187,-0.707106781187,0.));
#4368 = ORIENTED_EDGE('',*,*,#4369,.F.);
#4369 = EDGE_CURVE('',#4042,#4362,#4370,.T.);
#4370 = LINE('',#4371,#4372);
#4371 = CARTESIAN_POINT('',(0.175261505132,11.492000384446,14.7));
#4372 = VECTOR('',#4373,1.);
#4373 = DIRECTION('',(-0.707106781187,0.707106781187,0.));
#4374 = PLANE('',#4375);
#4375 = AXIS2_PLACEMENT_3D('',#4376,#4377,#4378);
#4376 = CARTESIAN_POINT('',(-16.08819446215,42.251145366061,14.7));
#4377 = DIRECTION('',(0.,0.,1.));
#4378 = DIRECTION('',(-0.707106781187,0.707106781187,0.));
#4379 = ADVANCED_FACE('',(#4380),#4391,.F.);
#4380 = FACE_BOUND('',#4381,.F.);
#4381 = EDGE_LOOP('',(#4382,#4388,#4389,#4390));
#4382 = ORIENTED_EDGE('',*,*,#4383,.F.);
#4383 = EDGE_CURVE('',#3881,#3927,#4384,.T.);
#4384 = LINE('',#4385,#4386);
#4385 = CARTESIAN_POINT('',(4.417902192251,15.734641071566,14.7));
#4386 = VECTOR('',#4387,1.);
#4387 = DIRECTION('',(-0.707106781187,0.707106781187,0.));
#4388 = ORIENTED_EDGE('',*,*,#3895,.F.);
#4389 = ORIENTED_EDGE('',*,*,#3911,.T.);
#4390 = ORIENTED_EDGE('',*,*,#3934,.T.);
#4391 = PLANE('',#4392);
#4392 = AXIS2_PLACEMENT_3D('',#4393,#4394,#4395);
#4393 = CARTESIAN_POINT('',(5.478562364031,16.795301243345,14.7));
#4394 = DIRECTION('',(0.,0.,1.));
#4395 = DIRECTION('',(-0.707106781187,0.707106781187,0.));
#4396 = ADVANCED_FACE('',(#4397),#4408,.F.);
#4397 = FACE_BOUND('',#4398,.F.);
#4398 = EDGE_LOOP('',(#4399,#4405,#4406,#4407));
#4399 = ORIENTED_EDGE('',*,*,#4400,.F.);
#4400 = EDGE_CURVE('',#3927,#4217,#4401,.T.);
#4401 = LINE('',#4402,#4403);
#4402 = CARTESIAN_POINT('',(-30.23033008589,56.393280989792,14.7));
#4403 = VECTOR('',#4404,1.);
#4404 = DIRECTION('',(-0.707106781187,-0.707106781187,0.));
#4405 = ORIENTED_EDGE('',*,*,#3926,.T.);
#4406 = ORIENTED_EDGE('',*,*,#4191,.T.);
#4407 = ORIENTED_EDGE('',*,*,#4224,.F.);
#4408 = PLANE('',#4409);
#4409 = AXIS2_PLACEMENT_3D('',#4410,#4411,#4412);
#4410 = CARTESIAN_POINT('',(-30.23033008589,56.393280989792,14.7));
#4411 = DIRECTION('',(0.,0.,1.));
#4412 = DIRECTION('',(-0.707106781187,0.707106781187,0.));
#4413 = ADVANCED_FACE('',(#4414),#4432,.F.);
#4414 = FACE_BOUND('',#4415,.F.);
#4415 = EDGE_LOOP('',(#4416,#4424,#4425,#4426));
#4416 = ORIENTED_EDGE('',*,*,#4417,.F.);
#4417 = EDGE_CURVE('',#4284,#4418,#4420,.T.);
#4418 = VERTEX_POINT('',#4419);
#4419 = CARTESIAN_POINT('',(-35.00330085889,23.336038969321,13.5));
#4420 = LINE('',#4421,#4422);
#4421 = CARTESIAN_POINT('',(-11.49200038444,-0.175261505132,13.5));
#4422 = VECTOR('',#4423,1.);
#4423 = DIRECTION('',(-0.707106781187,0.707106781187,0.));
#4424 = ORIENTED_EDGE('',*,*,#4283,.F.);
#4425 = ORIENTED_EDGE('',*,*,#3950,.T.);
#4426 = ORIENTED_EDGE('',*,*,#4427,.T.);
#4427 = EDGE_CURVE('',#3951,#4418,#4428,.T.);
#4428 = LINE('',#4429,#4430);
#4429 = CARTESIAN_POINT('',(-35.00330085889,23.336038969321,13.5));
#4430 = VECTOR('',#4431,1.);
#4431 = DIRECTION('',(0.,-0.,-1.));
#4432 = PLANE('',#4433);
#4433 = AXIS2_PLACEMENT_3D('',#4434,#4435,#4436);
#4434 = CARTESIAN_POINT('',(-11.49200038444,-0.175261505132,13.5));
#4435 = DIRECTION('',(-0.707106781187,-0.707106781187,0.));
#4436 = DIRECTION('',(0.,0.,1.));
#4437 = ADVANCED_FACE('',(#4438),#4456,.F.);
#4438 = FACE_BOUND('',#4439,.F.);
#4439 = EDGE_LOOP('',(#4440,#4441,#4442,#4450));
#4440 = ORIENTED_EDGE('',*,*,#4086,.F.);
#4441 = ORIENTED_EDGE('',*,*,#3967,.F.);
#4442 = ORIENTED_EDGE('',*,*,#4443,.T.);
#4443 = EDGE_CURVE('',#3960,#4444,#4446,.T.);
#4444 = VERTEX_POINT('',#4445);
#4445 = CARTESIAN_POINT('',(-35.00330085889,25.457359312881,14.7));
#4446 = LINE('',#4447,#4448);
#4447 = CARTESIAN_POINT('',(-10.43134021266,0.885398666648,14.7));
#4448 = VECTOR('',#4449,1.);
#4449 = DIRECTION('',(-0.707106781187,0.707106781187,0.));
#4450 = ORIENTED_EDGE('',*,*,#4451,.T.);
#4451 = EDGE_CURVE('',#4444,#4087,#4452,.T.);
#4452 = LINE('',#4453,#4454);
#4453 = CARTESIAN_POINT('',(-17.14885463393,43.311805537841,14.7));
#4454 = VECTOR('',#4455,1.);
#4455 = DIRECTION('',(-0.707106781187,-0.707106781187,0.));
#4456 = PLANE('',#4457);
#4457 = AXIS2_PLACEMENT_3D('',#4458,#4459,#4460);
#4458 = CARTESIAN_POINT('',(-10.43134021266,0.885398666648,14.7));
#4459 = DIRECTION('',(0.,0.,1.));
#4460 = DIRECTION('',(-0.707106781187,0.707106781187,0.));
#4461 = ADVANCED_FACE('',(#4462),#4487,.T.);
#4462 = FACE_BOUND('',#4463,.T.);
#4463 = EDGE_LOOP('',(#4464,#4474,#4480,#4481));
#4464 = ORIENTED_EDGE('',*,*,#4465,.F.);
#4465 = EDGE_CURVE('',#4466,#4468,#4470,.T.);
#4466 = VERTEX_POINT('',#4467);
#4467 = CARTESIAN_POINT('',(-20.86116523516,11.31522368915,13.5));
#4468 = VERTEX_POINT('',#4469);
#4469 = CARTESIAN_POINT('',(-33.94264068711,24.396699141101,13.5));
#4470 = LINE('',#4471,#4472);
#4471 = CARTESIAN_POINT('',(-10.43134021266,0.885398666648,13.5));
#4472 = VECTOR('',#4473,1.);
#4473 = DIRECTION('',(-0.707106781187,0.707106781187,0.));
#4474 = ORIENTED_EDGE('',*,*,#4475,.F.);
#4475 = EDGE_CURVE('',#2725,#4466,#4476,.T.);
#4476 = LINE('',#4477,#4478);
#4477 = CARTESIAN_POINT('',(-20.86116523516,11.31522368915,13.5));
#4478 = VECTOR('',#4479,1.);
#4479 = DIRECTION('',(0.,-0.,-1.));
#4480 = ORIENTED_EDGE('',*,*,#3959,.T.);
#4481 = ORIENTED_EDGE('',*,*,#4482,.T.);
#4482 = EDGE_CURVE('',#3960,#4468,#4483,.T.);
#4483 = LINE('',#4484,#4485);
#4484 = CARTESIAN_POINT('',(-33.94264068711,24.396699141101,13.5));
#4485 = VECTOR('',#4486,1.);
#4486 = DIRECTION('',(0.,-0.,-1.));
#4487 = PLANE('',#4488);
#4488 = AXIS2_PLACEMENT_3D('',#4489,#4490,#4491);
#4489 = CARTESIAN_POINT('',(-10.43134021266,0.885398666648,13.5));
#4490 = DIRECTION('',(-0.707106781187,-0.707106781187,0.));
#4491 = DIRECTION('',(0.,0.,1.));
#4492 = ADVANCED_FACE('',(#4493),#4511,.F.);
#4493 = FACE_BOUND('',#4494,.F.);
#4494 = EDGE_LOOP('',(#4495,#4496,#4504,#4510));
#4495 = ORIENTED_EDGE('',*,*,#3983,.F.);
#4496 = ORIENTED_EDGE('',*,*,#4497,.T.);
#4497 = EDGE_CURVE('',#2805,#4498,#4500,.T.);
#4498 = VERTEX_POINT('',#4499);
#4499 = CARTESIAN_POINT('',(-11.31522368915,20.861165235168,13.5));
#4500 = LINE('',#4501,#4502);
#4501 = CARTESIAN_POINT('',(-11.31522368915,20.861165235168,13.5));
#4502 = VECTOR('',#4503,1.);
#4503 = DIRECTION('',(0.,-0.,-1.));
#4504 = ORIENTED_EDGE('',*,*,#4505,.T.);
#4505 = EDGE_CURVE('',#4498,#4466,#4506,.T.);
#4506 = LINE('',#4507,#4508);
#4507 = CARTESIAN_POINT('',(-3.006719010208,29.16966991411,13.5));
#4508 = VECTOR('',#4509,1.);
#4509 = DIRECTION('',(-0.707106781187,-0.707106781187,0.));
#4510 = ORIENTED_EDGE('',*,*,#4475,.F.);
#4511 = PLANE('',#4512);
#4512 = AXIS2_PLACEMENT_3D('',#4513,#4514,#4515);
#4513 = CARTESIAN_POINT('',(-3.006719010208,29.16966991411,13.5));
#4514 = DIRECTION('',(-0.707106781187,0.707106781187,0.));
#4515 = DIRECTION('',(0.,0.,1.));
#4516 = ADVANCED_FACE('',(#4517),#4542,.F.);
#4517 = FACE_BOUND('',#4518,.F.);
#4518 = EDGE_LOOP('',(#4519,#4520,#4528,#4536));
#4519 = ORIENTED_EDGE('',*,*,#4000,.F.);
#4520 = ORIENTED_EDGE('',*,*,#4521,.T.);
#4521 = EDGE_CURVE('',#2764,#4522,#4524,.T.);
#4522 = VERTEX_POINT('',#4523);
#4523 = CARTESIAN_POINT('',(-6.011922830251,26.164466094067,13.5));
#4524 = LINE('',#4525,#4526);
#4525 = CARTESIAN_POINT('',(-6.011922830251,26.164466094067,13.5));
#4526 = VECTOR('',#4527,1.);
#4527 = DIRECTION('',(0.,-0.,-1.));
#4528 = ORIENTED_EDGE('',*,*,#4529,.T.);
#4529 = EDGE_CURVE('',#4522,#4530,#4532,.T.);
#4530 = VERTEX_POINT('',#4531);
#4531 = CARTESIAN_POINT('',(-10.25456351737,21.921825406948,13.5));
#4532 = LINE('',#4533,#4534);
#4533 = CARTESIAN_POINT('',(-3.006719010208,29.16966991411,13.5));
#4534 = VECTOR('',#4535,1.);
#4535 = DIRECTION('',(-0.707106781187,-0.707106781187,0.));
#4536 = ORIENTED_EDGE('',*,*,#4537,.F.);
#4537 = EDGE_CURVE('',#2814,#4530,#4538,.T.);
#4538 = LINE('',#4539,#4540);
#4539 = CARTESIAN_POINT('',(-10.25456351737,21.921825406948,13.5));
#4540 = VECTOR('',#4541,1.);
#4541 = DIRECTION('',(0.,-0.,-1.));
#4542 = PLANE('',#4543);
#4543 = AXIS2_PLACEMENT_3D('',#4544,#4545,#4546);
#4544 = CARTESIAN_POINT('',(-3.006719010208,29.16966991411,13.5));
#4545 = DIRECTION('',(-0.707106781187,0.707106781187,0.));
#4546 = DIRECTION('',(0.,0.,1.));
#4547 = ADVANCED_FACE('',(#4548),#4566,.F.);
#4548 = FACE_BOUND('',#4549,.F.);
#4549 = EDGE_LOOP('',(#4550,#4558,#4559,#4560));
#4550 = ORIENTED_EDGE('',*,*,#4551,.F.);
#4551 = EDGE_CURVE('',#4522,#4552,#4554,.T.);
#4552 = VERTEX_POINT('',#4553);
#4553 = CARTESIAN_POINT('',(-19.0933982822,39.245941546018,13.5));
#4554 = LINE('',#4555,#4556);
#4555 = CARTESIAN_POINT('',(4.417902192251,15.734641071566,13.5));
#4556 = VECTOR('',#4557,1.);
#4557 = DIRECTION('',(-0.707106781187,0.707106781187,0.));
#4558 = ORIENTED_EDGE('',*,*,#4521,.F.);
#4559 = ORIENTED_EDGE('',*,*,#4015,.T.);
#4560 = ORIENTED_EDGE('',*,*,#4561,.T.);
#4561 = EDGE_CURVE('',#3879,#4552,#4562,.T.);
#4562 = LINE('',#4563,#4564);
#4563 = CARTESIAN_POINT('',(-19.0933982822,39.245941546018,13.5));
#4564 = VECTOR('',#4565,1.);
#4565 = DIRECTION('',(0.,-0.,-1.));
#4566 = PLANE('',#4567);
#4567 = AXIS2_PLACEMENT_3D('',#4568,#4569,#4570);
#4568 = CARTESIAN_POINT('',(4.417902192251,15.734641071566,13.5));
#4569 = DIRECTION('',(-0.707106781187,-0.707106781187,0.));
#4570 = DIRECTION('',(0.,0.,1.));
#4571 = ADVANCED_FACE('',(#4572),#4590,.F.);
#4572 = FACE_BOUND('',#4573,.F.);
#4573 = EDGE_LOOP('',(#4574,#4582,#4583,#4584));
#4574 = ORIENTED_EDGE('',*,*,#4575,.F.);
#4575 = EDGE_CURVE('',#4498,#4576,#4578,.T.);
#4576 = VERTEX_POINT('',#4577);
#4577 = CARTESIAN_POINT('',(-24.3966991411,33.942640687119,13.5));
#4578 = LINE('',#4579,#4580);
#4579 = CARTESIAN_POINT('',(-0.885398666648,10.431340212667,13.5));
#4580 = VECTOR('',#4581,1.);
#4581 = DIRECTION('',(-0.707106781187,0.707106781187,0.));
#4582 = ORIENTED_EDGE('',*,*,#4497,.F.);
#4583 = ORIENTED_EDGE('',*,*,#4032,.T.);
#4584 = ORIENTED_EDGE('',*,*,#4585,.T.);
#4585 = EDGE_CURVE('',#4033,#4576,#4586,.T.);
#4586 = LINE('',#4587,#4588);
#4587 = CARTESIAN_POINT('',(-24.3966991411,33.942640687119,13.5));
#4588 = VECTOR('',#4589,1.);
#4589 = DIRECTION('',(0.,-0.,-1.));
#4590 = PLANE('',#4591);
#4591 = AXIS2_PLACEMENT_3D('',#4592,#4593,#4594);
#4592 = CARTESIAN_POINT('',(-0.885398666648,10.431340212667,13.5));
#4593 = DIRECTION('',(-0.707106781187,-0.707106781187,0.));
#4594 = DIRECTION('',(0.,0.,1.));
#4595 = ADVANCED_FACE('',(#4596),#4614,.F.);
#4596 = FACE_BOUND('',#4597,.F.);
#4597 = EDGE_LOOP('',(#4598,#4606,#4607,#4608));
#4598 = ORIENTED_EDGE('',*,*,#4599,.F.);
#4599 = EDGE_CURVE('',#4033,#4600,#4602,.T.);
#4600 = VERTEX_POINT('',#4601);
#4601 = CARTESIAN_POINT('',(-25.45735931288,35.003300858899,14.7));
#4602 = LINE('',#4603,#4604);
#4603 = CARTESIAN_POINT('',(-0.885398666648,10.431340212667,14.7));
#4604 = VECTOR('',#4605,1.);
#4605 = DIRECTION('',(-0.707106781187,0.707106781187,0.));
#4606 = ORIENTED_EDGE('',*,*,#4049,.F.);
#4607 = ORIENTED_EDGE('',*,*,#4369,.T.);
#4608 = ORIENTED_EDGE('',*,*,#4609,.T.);
#4609 = EDGE_CURVE('',#4362,#4600,#4610,.T.);
#4610 = LINE('',#4611,#4612);
#4611 = CARTESIAN_POINT('',(-17.14885463393,43.311805537841,14.7));
#4612 = VECTOR('',#4613,1.);
#4613 = DIRECTION('',(-0.707106781187,-0.707106781187,0.));
#4614 = PLANE('',#4615);
#4615 = AXIS2_PLACEMENT_3D('',#4616,#4617,#4618);
#4616 = CARTESIAN_POINT('',(0.175261505132,11.492000384446,14.7));
#4617 = DIRECTION('',(0.,0.,1.));
#4618 = DIRECTION('',(-0.707106781187,0.707106781187,0.));
#4619 = ADVANCED_FACE('',(#4620),#4638,.T.);
#4620 = FACE_BOUND('',#4621,.T.);
#4621 = EDGE_LOOP('',(#4622,#4630,#4631,#4632));
#4622 = ORIENTED_EDGE('',*,*,#4623,.F.);
#4623 = EDGE_CURVE('',#4530,#4624,#4626,.T.);
#4624 = VERTEX_POINT('',#4625);
#4625 = CARTESIAN_POINT('',(-23.33603896932,35.003300858899,13.5));
#4626 = LINE('',#4627,#4628);
#4627 = CARTESIAN_POINT('',(0.175261505132,11.492000384446,13.5));
#4628 = VECTOR('',#4629,1.);
#4629 = DIRECTION('',(-0.707106781187,0.707106781187,0.));
#4630 = ORIENTED_EDGE('',*,*,#4537,.F.);
#4631 = ORIENTED_EDGE('',*,*,#4041,.T.);
#4632 = ORIENTED_EDGE('',*,*,#4633,.T.);
#4633 = EDGE_CURVE('',#4042,#4624,#4634,.T.);
#4634 = LINE('',#4635,#4636);
#4635 = CARTESIAN_POINT('',(-23.33603896932,35.003300858899,13.5));
#4636 = VECTOR('',#4637,1.);
#4637 = DIRECTION('',(0.,-0.,-1.));
#4638 = PLANE('',#4639);
#4639 = AXIS2_PLACEMENT_3D('',#4640,#4641,#4642);
#4640 = CARTESIAN_POINT('',(0.175261505132,11.492000384446,13.5));
#4641 = DIRECTION('',(-0.707106781187,-0.707106781187,0.));
#4642 = DIRECTION('',(0.,0.,1.));
#4643 = ADVANCED_FACE('',(#4644),#4669,.T.);
#4644 = FACE_BOUND('',#4645,.T.);
#4645 = EDGE_LOOP('',(#4646,#4656,#4662,#4663));
#4646 = ORIENTED_EDGE('',*,*,#4647,.F.);
#4647 = EDGE_CURVE('',#4648,#4650,#4652,.T.);
#4648 = VERTEX_POINT('',#4649);
#4649 = CARTESIAN_POINT('',(-40.30660171779,20.154058453982,13.5));
#4650 = VERTEX_POINT('',#4651);
#4651 = CARTESIAN_POINT('',(-53.38807716974,33.235533905933,13.5));
#4652 = LINE('',#4653,#4654);
#4653 = CARTESIAN_POINT('',(-15.73464107156,-4.417902192251,13.5));
#4654 = VECTOR('',#4655,1.);
#4655 = DIRECTION('',(-0.707106781187,0.707106781187,0.));
#4656 = ORIENTED_EDGE('',*,*,#4657,.F.);
#4657 = EDGE_CURVE('',#2910,#4648,#4658,.T.);
#4658 = LINE('',#4659,#4660);
#4659 = CARTESIAN_POINT('',(-40.30660171779,20.154058453982,13.5));
#4660 = VECTOR('',#4661,1.);
#4661 = DIRECTION('',(0.,-0.,-1.));
#4662 = ORIENTED_EDGE('',*,*,#4065,.T.);
#4663 = ORIENTED_EDGE('',*,*,#4664,.T.);
#4664 = EDGE_CURVE('',#2950,#4650,#4665,.T.);
#4665 = LINE('',#4666,#4667);
#4666 = CARTESIAN_POINT('',(-53.38807716974,33.235533905933,13.5));
#4667 = VECTOR('',#4668,1.);
#4668 = DIRECTION('',(0.,-0.,-1.));
#4669 = PLANE('',#4670);
#4670 = AXIS2_PLACEMENT_3D('',#4671,#4672,#4673);
#4671 = CARTESIAN_POINT('',(-15.73464107156,-4.417902192251,13.5));
#4672 = DIRECTION('',(-0.707106781187,-0.707106781187,0.));
#4673 = DIRECTION('',(0.,0.,1.));
#4674 = ADVANCED_FACE('',(#4675),#4686,.T.);
#4675 = FACE_BOUND('',#4676,.T.);
#4676 = EDGE_LOOP('',(#4677,#4678,#4679,#4685));
#4677 = ORIENTED_EDGE('',*,*,#4080,.F.);
#4678 = ORIENTED_EDGE('',*,*,#4427,.T.);
#4679 = ORIENTED_EDGE('',*,*,#4680,.T.);
#4680 = EDGE_CURVE('',#4418,#4254,#4681,.T.);
#4681 = LINE('',#4682,#4683);
#4682 = CARTESIAN_POINT('',(-16.08819446215,42.251145366061,13.5));
#4683 = VECTOR('',#4684,1.);
#4684 = DIRECTION('',(-0.707106781187,-0.707106781187,0.));
#4685 = ORIENTED_EDGE('',*,*,#4268,.F.);
#4686 = PLANE('',#4687);
#4687 = AXIS2_PLACEMENT_3D('',#4688,#4689,#4690);
#4688 = CARTESIAN_POINT('',(-16.08819446215,42.251145366061,13.5));
#4689 = DIRECTION('',(-0.707106781187,0.707106781187,0.));
#4690 = DIRECTION('',(0.,0.,1.));
#4691 = ADVANCED_FACE('',(#4692),#4710,.F.);
#4692 = FACE_BOUND('',#4693,.F.);
#4693 = EDGE_LOOP('',(#4694,#4695,#4703,#4709));
#4694 = ORIENTED_EDGE('',*,*,#4094,.F.);
#4695 = ORIENTED_EDGE('',*,*,#4696,.T.);
#4696 = EDGE_CURVE('',#4087,#4697,#4699,.T.);
#4697 = VERTEX_POINT('',#4698);
#4698 = CARTESIAN_POINT('',(-36.06396103067,24.396699141101,13.5));
#4699 = LINE('',#4700,#4701);
#4700 = CARTESIAN_POINT('',(-36.06396103067,24.396699141101,13.5));
#4701 = VECTOR('',#4702,1.);
#4702 = DIRECTION('',(0.,-0.,-1.));
#4703 = ORIENTED_EDGE('',*,*,#4704,.T.);
#4704 = EDGE_CURVE('',#4697,#4648,#4705,.T.);
#4705 = LINE('',#4706,#4707);
#4706 = CARTESIAN_POINT('',(-17.14885463393,43.311805537841,13.5));
#4707 = VECTOR('',#4708,1.);
#4708 = DIRECTION('',(-0.707106781187,-0.707106781187,0.));
#4709 = ORIENTED_EDGE('',*,*,#4657,.F.);
#4710 = PLANE('',#4711);
#4711 = AXIS2_PLACEMENT_3D('',#4712,#4713,#4714);
#4712 = CARTESIAN_POINT('',(-17.14885463393,43.311805537841,13.5));
#4713 = DIRECTION('',(-0.707106781187,0.707106781187,0.));
#4714 = DIRECTION('',(0.,0.,1.));
#4715 = ADVANCED_FACE('',(#4716),#4734,.T.);
#4716 = FACE_BOUND('',#4717,.T.);
#4717 = EDGE_LOOP('',(#4718,#4719,#4727,#4733));
#4718 = ORIENTED_EDGE('',*,*,#4109,.F.);
#4719 = ORIENTED_EDGE('',*,*,#4720,.T.);
#4720 = EDGE_CURVE('',#4110,#4721,#4723,.T.);
#4721 = VERTEX_POINT('',#4722);
#4722 = CARTESIAN_POINT('',(-49.14543648263,37.478174593052,13.5));
#4723 = LINE('',#4724,#4725);
#4724 = CARTESIAN_POINT('',(-49.14543648263,37.478174593052,13.5));
#4725 = VECTOR('',#4726,1.);
#4726 = DIRECTION('',(0.,-0.,-1.));
#4727 = ORIENTED_EDGE('',*,*,#4728,.T.);
#4728 = EDGE_CURVE('',#4721,#4650,#4729,.T.);
#4729 = LINE('',#4730,#4731);
#4730 = CARTESIAN_POINT('',(-30.23033008589,56.393280989792,13.5));
#4731 = VECTOR('',#4732,1.);
#4732 = DIRECTION('',(-0.707106781187,-0.707106781187,0.));
#4733 = ORIENTED_EDGE('',*,*,#4664,.F.);
#4734 = PLANE('',#4735);
#4735 = AXIS2_PLACEMENT_3D('',#4736,#4737,#4738);
#4736 = CARTESIAN_POINT('',(-30.23033008589,56.393280989792,13.5));
#4737 = DIRECTION('',(-0.707106781187,0.707106781187,0.));
#4738 = DIRECTION('',(0.,0.,1.));
#4739 = ADVANCED_FACE('',(#4740),#4751,.F.);
#4740 = FACE_BOUND('',#4741,.F.);
#4741 = EDGE_LOOP('',(#4742,#4748,#4749,#4750));
#4742 = ORIENTED_EDGE('',*,*,#4743,.F.);
#4743 = EDGE_CURVE('',#4209,#4152,#4744,.T.);
#4744 = LINE('',#4745,#4746);
#4745 = CARTESIAN_POINT('',(-30.23033008589,56.393280989792,14.7));
#4746 = VECTOR('',#4747,1.);
#4747 = DIRECTION('',(-0.707106781187,-0.707106781187,0.));
#4748 = ORIENTED_EDGE('',*,*,#4208,.T.);
#4749 = ORIENTED_EDGE('',*,*,#4174,.T.);
#4750 = ORIENTED_EDGE('',*,*,#4159,.F.);
#4751 = PLANE('',#4752);
#4752 = AXIS2_PLACEMENT_3D('',#4753,#4754,#4755);
#4753 = CARTESIAN_POINT('',(-30.23033008589,56.393280989792,14.7));
#4754 = DIRECTION('',(0.,0.,1.));
#4755 = DIRECTION('',(-0.707106781187,0.707106781187,0.));
#4756 = ADVANCED_FACE('',(#4757),#4773,.F.);
#4757 = FACE_BOUND('',#4758,.F.);
#4758 = EDGE_LOOP('',(#4759,#4765,#4766,#4772));
#4759 = ORIENTED_EDGE('',*,*,#4760,.F.);
#4760 = EDGE_CURVE('',#4087,#4110,#4761,.T.);
#4761 = LINE('',#4762,#4763);
#4762 = CARTESIAN_POINT('',(-11.49200038444,-0.175261505132,14.7));
#4763 = VECTOR('',#4764,1.);
#4764 = DIRECTION('',(-0.707106781187,0.707106781187,0.));
#4765 = ORIENTED_EDGE('',*,*,#4451,.F.);
#4766 = ORIENTED_EDGE('',*,*,#4767,.T.);
#4767 = EDGE_CURVE('',#4444,#4152,#4768,.T.);
#4768 = LINE('',#4769,#4770);
#4769 = CARTESIAN_POINT('',(-10.43134021266,0.885398666648,14.7));
#4770 = VECTOR('',#4771,1.);
#4771 = DIRECTION('',(-0.707106781187,0.707106781187,0.));
#4772 = ORIENTED_EDGE('',*,*,#4151,.T.);
#4773 = PLANE('',#4774);
#4774 = AXIS2_PLACEMENT_3D('',#4775,#4776,#4777);
#4775 = CARTESIAN_POINT('',(-10.43134021266,0.885398666648,14.7));
#4776 = DIRECTION('',(0.,0.,1.));
#4777 = DIRECTION('',(-0.707106781187,0.707106781187,0.));
#4778 = ADVANCED_FACE('',(#4779),#4795,.F.);
#4779 = FACE_BOUND('',#4780,.F.);
#4780 = EDGE_LOOP('',(#4781,#4787,#4788,#4794));
#4781 = ORIENTED_EDGE('',*,*,#4782,.F.);
#4782 = EDGE_CURVE('',#4600,#4209,#4783,.T.);
#4783 = LINE('',#4784,#4785);
#4784 = CARTESIAN_POINT('',(-0.885398666648,10.431340212667,14.7));
#4785 = VECTOR('',#4786,1.);
#4786 = DIRECTION('',(-0.707106781187,0.707106781187,0.));
#4787 = ORIENTED_EDGE('',*,*,#4609,.F.);
#4788 = ORIENTED_EDGE('',*,*,#4789,.T.);
#4789 = EDGE_CURVE('',#4362,#4217,#4790,.T.);
#4790 = LINE('',#4791,#4792);
#4791 = CARTESIAN_POINT('',(0.175261505132,11.492000384446,14.7));
#4792 = VECTOR('',#4793,1.);
#4793 = DIRECTION('',(-0.707106781187,0.707106781187,0.));
#4794 = ORIENTED_EDGE('',*,*,#4216,.T.);
#4795 = PLANE('',#4796);
#4796 = AXIS2_PLACEMENT_3D('',#4797,#4798,#4799);
#4797 = CARTESIAN_POINT('',(0.175261505132,11.492000384446,14.7));
#4798 = DIRECTION('',(0.,0.,1.));
#4799 = DIRECTION('',(-0.707106781187,0.707106781187,0.));
#4800 = ADVANCED_FACE('',(#4801),#4807,.F.);
#4801 = FACE_BOUND('',#4802,.F.);
#4802 = EDGE_LOOP('',(#4803,#4804,#4805,#4806));
#4803 = ORIENTED_EDGE('',*,*,#4291,.F.);
#4804 = ORIENTED_EDGE('',*,*,#4417,.T.);
#4805 = ORIENTED_EDGE('',*,*,#4680,.T.);
#4806 = ORIENTED_EDGE('',*,*,#4251,.F.);
#4807 = PLANE('',#4808);
#4808 = AXIS2_PLACEMENT_3D('',#4809,#4810,#4811);
#4809 = CARTESIAN_POINT('',(6.008892449921,18.739844891609,13.5));
#4810 = DIRECTION('',(0.,0.,1.));
#4811 = DIRECTION('',(-0.707106781187,0.707106781187,0.));
#4812 = ADVANCED_FACE('',(#4813),#4824,.T.);
#4813 = FACE_BOUND('',#4814,.T.);
#4814 = EDGE_LOOP('',(#4815,#4816,#4817,#4823));
#4815 = ORIENTED_EDGE('',*,*,#4354,.F.);
#4816 = ORIENTED_EDGE('',*,*,#4561,.T.);
#4817 = ORIENTED_EDGE('',*,*,#4818,.T.);
#4818 = EDGE_CURVE('',#4552,#4624,#4819,.T.);
#4819 = LINE('',#4820,#4821);
#4820 = CARTESIAN_POINT('',(-16.08819446215,42.251145366061,13.5));
#4821 = VECTOR('',#4822,1.);
#4822 = DIRECTION('',(-0.707106781187,-0.707106781187,0.));
#4823 = ORIENTED_EDGE('',*,*,#4633,.F.);
#4824 = PLANE('',#4825);
#4825 = AXIS2_PLACEMENT_3D('',#4826,#4827,#4828);
#4826 = CARTESIAN_POINT('',(-16.08819446215,42.251145366061,13.5));
#4827 = DIRECTION('',(-0.707106781187,0.707106781187,0.));
#4828 = DIRECTION('',(0.,0.,1.));
#4829 = ADVANCED_FACE('',(#4830),#4855,.F.);
#4830 = FACE_BOUND('',#4831,.F.);
#4831 = EDGE_LOOP('',(#4832,#4833,#4841,#4849));
#4832 = ORIENTED_EDGE('',*,*,#4361,.F.);
#4833 = ORIENTED_EDGE('',*,*,#4834,.T.);
#4834 = EDGE_CURVE('',#3881,#4835,#4837,.T.);
#4835 = VERTEX_POINT('',#4836);
#4836 = CARTESIAN_POINT('',(-20.15405845398,40.306601717798,13.5));
#4837 = LINE('',#4838,#4839);
#4838 = CARTESIAN_POINT('',(-20.15405845398,40.306601717798,13.5));
#4839 = VECTOR('',#4840,1.);
#4840 = DIRECTION('',(0.,-0.,-1.));
#4841 = ORIENTED_EDGE('',*,*,#4842,.T.);
#4842 = EDGE_CURVE('',#4835,#4843,#4845,.T.);
#4843 = VERTEX_POINT('',#4844);
#4844 = CARTESIAN_POINT('',(-24.3966991411,36.063961030679,13.5));
#4845 = LINE('',#4846,#4847);
#4846 = CARTESIAN_POINT('',(-17.14885463393,43.311805537841,13.5));
#4847 = VECTOR('',#4848,1.);
#4848 = DIRECTION('',(-0.707106781187,-0.707106781187,0.));
#4849 = ORIENTED_EDGE('',*,*,#4850,.F.);
#4850 = EDGE_CURVE('',#4362,#4843,#4851,.T.);
#4851 = LINE('',#4852,#4853);
#4852 = CARTESIAN_POINT('',(-24.3966991411,36.063961030679,13.5));
#4853 = VECTOR('',#4854,1.);
#4854 = DIRECTION('',(0.,-0.,-1.));
#4855 = PLANE('',#4856);
#4856 = AXIS2_PLACEMENT_3D('',#4857,#4858,#4859);
#4857 = CARTESIAN_POINT('',(-17.14885463393,43.311805537841,13.5));
#4858 = DIRECTION('',(-0.707106781187,0.707106781187,0.));
#4859 = DIRECTION('',(0.,0.,1.));
#4860 = ADVANCED_FACE('',(#4861),#4879,.F.);
#4861 = FACE_BOUND('',#4862,.F.);
#4862 = EDGE_LOOP('',(#4863,#4871,#4872,#4873));
#4863 = ORIENTED_EDGE('',*,*,#4864,.F.);
#4864 = EDGE_CURVE('',#4835,#4865,#4867,.T.);
#4865 = VERTEX_POINT('',#4866);
#4866 = CARTESIAN_POINT('',(-33.23553390593,53.388077169749,13.5));
#4867 = LINE('',#4868,#4869);
#4868 = CARTESIAN_POINT('',(4.417902192251,15.734641071566,13.5));
#4869 = VECTOR('',#4870,1.);
#4870 = DIRECTION('',(-0.707106781187,0.707106781187,0.));
#4871 = ORIENTED_EDGE('',*,*,#4834,.F.);
#4872 = ORIENTED_EDGE('',*,*,#4383,.T.);
#4873 = ORIENTED_EDGE('',*,*,#4874,.T.);
#4874 = EDGE_CURVE('',#3927,#4865,#4875,.T.);
#4875 = LINE('',#4876,#4877);
#4876 = CARTESIAN_POINT('',(-33.23553390593,53.388077169749,13.5));
#4877 = VECTOR('',#4878,1.);
#4878 = DIRECTION('',(0.,-0.,-1.));
#4879 = PLANE('',#4880);
#4880 = AXIS2_PLACEMENT_3D('',#4881,#4882,#4883);
#4881 = CARTESIAN_POINT('',(4.417902192251,15.734641071566,13.5));
#4882 = DIRECTION('',(-0.707106781187,-0.707106781187,0.));
#4883 = DIRECTION('',(0.,0.,1.));
#4884 = ADVANCED_FACE('',(#4885),#4903,.T.);
#4885 = FACE_BOUND('',#4886,.T.);
#4886 = EDGE_LOOP('',(#4887,#4888,#4889,#4897));
#4887 = ORIENTED_EDGE('',*,*,#4400,.F.);
#4888 = ORIENTED_EDGE('',*,*,#4874,.T.);
#4889 = ORIENTED_EDGE('',*,*,#4890,.T.);
#4890 = EDGE_CURVE('',#4865,#4891,#4893,.T.);
#4891 = VERTEX_POINT('',#4892);
#4892 = CARTESIAN_POINT('',(-37.47817459305,49.14543648263,13.5));
#4893 = LINE('',#4894,#4895);
#4894 = CARTESIAN_POINT('',(-30.23033008589,56.393280989792,13.5));
#4895 = VECTOR('',#4896,1.);
#4896 = DIRECTION('',(-0.707106781187,-0.707106781187,0.));
#4897 = ORIENTED_EDGE('',*,*,#4898,.F.);
#4898 = EDGE_CURVE('',#4217,#4891,#4899,.T.);
#4899 = LINE('',#4900,#4901);
#4900 = CARTESIAN_POINT('',(-37.47817459305,49.14543648263,13.5));
#4901 = VECTOR('',#4902,1.);
#4902 = DIRECTION('',(0.,-0.,-1.));
#4903 = PLANE('',#4904);
#4904 = AXIS2_PLACEMENT_3D('',#4905,#4906,#4907);
#4905 = CARTESIAN_POINT('',(-30.23033008589,56.393280989792,13.5));
#4906 = DIRECTION('',(-0.707106781187,0.707106781187,0.));
#4907 = DIRECTION('',(0.,0.,1.));
#4908 = ADVANCED_FACE('',(#4909),#4925,.F.);
#4909 = FACE_BOUND('',#4910,.F.);
#4910 = EDGE_LOOP('',(#4911,#4917,#4918,#4924));
#4911 = ORIENTED_EDGE('',*,*,#4912,.F.);
#4912 = EDGE_CURVE('',#4033,#3960,#4913,.T.);
#4913 = LINE('',#4914,#4915);
#4914 = CARTESIAN_POINT('',(-16.08819446215,42.251145366061,14.7));
#4915 = VECTOR('',#4916,1.);
#4916 = DIRECTION('',(-0.707106781187,-0.707106781187,0.));
#4917 = ORIENTED_EDGE('',*,*,#4599,.T.);
#4918 = ORIENTED_EDGE('',*,*,#4919,.T.);
#4919 = EDGE_CURVE('',#4600,#4444,#4920,.T.);
#4920 = LINE('',#4921,#4922);
#4921 = CARTESIAN_POINT('',(-17.14885463393,43.311805537841,14.7));
#4922 = VECTOR('',#4923,1.);
#4923 = DIRECTION('',(-0.707106781187,-0.707106781187,0.));
#4924 = ORIENTED_EDGE('',*,*,#4443,.F.);
#4925 = PLANE('',#4926);
#4926 = AXIS2_PLACEMENT_3D('',#4927,#4928,#4929);
#4927 = CARTESIAN_POINT('',(-16.08819446215,42.251145366061,14.7));
#4928 = DIRECTION('',(0.,0.,1.));
#4929 = DIRECTION('',(-0.707106781187,0.707106781187,0.));
#4930 = ADVANCED_FACE('',(#4931),#4942,.F.);
#4931 = FACE_BOUND('',#4932,.F.);
#4932 = EDGE_LOOP('',(#4933,#4934,#4935,#4941));
#4933 = ORIENTED_EDGE('',*,*,#4505,.F.);
#4934 = ORIENTED_EDGE('',*,*,#4575,.T.);
#4935 = ORIENTED_EDGE('',*,*,#4936,.T.);
#4936 = EDGE_CURVE('',#4576,#4468,#4937,.T.);
#4937 = LINE('',#4938,#4939);
#4938 = CARTESIAN_POINT('',(-16.08819446215,42.251145366061,13.5));
#4939 = VECTOR('',#4940,1.);
#4940 = DIRECTION('',(-0.707106781187,-0.707106781187,0.));
#4941 = ORIENTED_EDGE('',*,*,#4465,.F.);
#4942 = PLANE('',#4943);
#4943 = AXIS2_PLACEMENT_3D('',#4944,#4945,#4946);
#4944 = CARTESIAN_POINT('',(6.008892449921,18.739844891609,13.5));
#4945 = DIRECTION('',(0.,0.,1.));
#4946 = DIRECTION('',(-0.707106781187,0.707106781187,0.));
#4947 = ADVANCED_FACE('',(#4948),#4954,.T.);
#4948 = FACE_BOUND('',#4949,.T.);
#4949 = EDGE_LOOP('',(#4950,#4951,#4952,#4953));
#4950 = ORIENTED_EDGE('',*,*,#4912,.F.);
#4951 = ORIENTED_EDGE('',*,*,#4585,.T.);
#4952 = ORIENTED_EDGE('',*,*,#4936,.T.);
#4953 = ORIENTED_EDGE('',*,*,#4482,.F.);
#4954 = PLANE('',#4955);
#4955 = AXIS2_PLACEMENT_3D('',#4956,#4957,#4958);
#4956 = CARTESIAN_POINT('',(-16.08819446215,42.251145366061,13.5));
#4957 = DIRECTION('',(-0.707106781187,0.707106781187,0.));
#4958 = DIRECTION('',(0.,0.,1.));
#4959 = ADVANCED_FACE('',(#4960),#4966,.F.);
#4960 = FACE_BOUND('',#4961,.F.);
#4961 = EDGE_LOOP('',(#4962,#4963,#4964,#4965));
#4962 = ORIENTED_EDGE('',*,*,#4529,.F.);
#4963 = ORIENTED_EDGE('',*,*,#4551,.T.);
#4964 = ORIENTED_EDGE('',*,*,#4818,.T.);
#4965 = ORIENTED_EDGE('',*,*,#4623,.F.);
#4966 = PLANE('',#4967);
#4967 = AXIS2_PLACEMENT_3D('',#4968,#4969,#4970);
#4968 = CARTESIAN_POINT('',(6.008892449921,18.739844891609,13.5));
#4969 = DIRECTION('',(0.,0.,1.));
#4970 = DIRECTION('',(-0.707106781187,0.707106781187,0.));
#4971 = ADVANCED_FACE('',(#4972),#4983,.F.);
#4972 = FACE_BOUND('',#4973,.F.);
#4973 = EDGE_LOOP('',(#4974,#4975,#4981,#4982));
#4974 = ORIENTED_EDGE('',*,*,#4704,.F.);
#4975 = ORIENTED_EDGE('',*,*,#4976,.T.);
#4976 = EDGE_CURVE('',#4697,#4721,#4977,.T.);
#4977 = LINE('',#4978,#4979);
#4978 = CARTESIAN_POINT('',(-11.49200038444,-0.175261505132,13.5));
#4979 = VECTOR('',#4980,1.);
#4980 = DIRECTION('',(-0.707106781187,0.707106781187,0.));
#4981 = ORIENTED_EDGE('',*,*,#4728,.T.);
#4982 = ORIENTED_EDGE('',*,*,#4647,.F.);
#4983 = PLANE('',#4984);
#4984 = AXIS2_PLACEMENT_3D('',#4985,#4986,#4987);
#4985 = CARTESIAN_POINT('',(6.008892449921,18.739844891609,13.5));
#4986 = DIRECTION('',(0.,0.,1.));
#4987 = DIRECTION('',(-0.707106781187,0.707106781187,0.));
#4988 = ADVANCED_FACE('',(#4989),#4995,.F.);
#4989 = FACE_BOUND('',#4990,.F.);
#4990 = EDGE_LOOP('',(#4991,#4992,#4993,#4994));
#4991 = ORIENTED_EDGE('',*,*,#4976,.F.);
#4992 = ORIENTED_EDGE('',*,*,#4696,.F.);
#4993 = ORIENTED_EDGE('',*,*,#4760,.T.);
#4994 = ORIENTED_EDGE('',*,*,#4720,.T.);
#4995 = PLANE('',#4996);
#4996 = AXIS2_PLACEMENT_3D('',#4997,#4998,#4999);
#4997 = CARTESIAN_POINT('',(-11.49200038444,-0.175261505132,13.5));
#4998 = DIRECTION('',(-0.707106781187,-0.707106781187,0.));
#4999 = DIRECTION('',(0.,0.,1.));
#5000 = ADVANCED_FACE('',(#5001),#5026,.T.);
#5001 = FACE_BOUND('',#5002,.T.);
#5002 = EDGE_LOOP('',(#5003,#5004,#5012,#5020));
#5003 = ORIENTED_EDGE('',*,*,#4743,.F.);
#5004 = ORIENTED_EDGE('',*,*,#5005,.T.);
#5005 = EDGE_CURVE('',#4209,#5006,#5008,.T.);
#5006 = VERTEX_POINT('',#5007);
#5007 = CARTESIAN_POINT('',(-38.53883476483,48.08477631085,13.5));
#5008 = LINE('',#5009,#5010);
#5009 = CARTESIAN_POINT('',(-38.53883476483,48.08477631085,13.5));
#5010 = VECTOR('',#5011,1.);
#5011 = DIRECTION('',(0.,-0.,-1.));
#5012 = ORIENTED_EDGE('',*,*,#5013,.T.);
#5013 = EDGE_CURVE('',#5006,#5014,#5016,.T.);
#5014 = VERTEX_POINT('',#5015);
#5015 = CARTESIAN_POINT('',(-48.08477631085,38.538834764832,13.5));
#5016 = LINE('',#5017,#5018);
#5017 = CARTESIAN_POINT('',(-30.23033008589,56.393280989792,13.5));
#5018 = VECTOR('',#5019,1.);
#5019 = DIRECTION('',(-0.707106781187,-0.707106781187,0.));
#5020 = ORIENTED_EDGE('',*,*,#5021,.F.);
#5021 = EDGE_CURVE('',#4152,#5014,#5022,.T.);
#5022 = LINE('',#5023,#5024);
#5023 = CARTESIAN_POINT('',(-48.08477631085,38.538834764832,13.5));
#5024 = VECTOR('',#5025,1.);
#5025 = DIRECTION('',(0.,-0.,-1.));
#5026 = PLANE('',#5027);
#5027 = AXIS2_PLACEMENT_3D('',#5028,#5029,#5030);
#5028 = CARTESIAN_POINT('',(-30.23033008589,56.393280989792,13.5));
#5029 = DIRECTION('',(-0.707106781187,0.707106781187,0.));
#5030 = DIRECTION('',(0.,0.,1.));
#5031 = ADVANCED_FACE('',(#5032),#5050,.T.);
#5032 = FACE_BOUND('',#5033,.T.);
#5033 = EDGE_LOOP('',(#5034,#5042,#5048,#5049));
#5034 = ORIENTED_EDGE('',*,*,#5035,.F.);
#5035 = EDGE_CURVE('',#5036,#5014,#5038,.T.);
#5036 = VERTEX_POINT('',#5037);
#5037 = CARTESIAN_POINT('',(-35.00330085889,25.457359312881,13.5));
#5038 = LINE('',#5039,#5040);
#5039 = CARTESIAN_POINT('',(-10.43134021266,0.885398666648,13.5));
#5040 = VECTOR('',#5041,1.);
#5041 = DIRECTION('',(-0.707106781187,0.707106781187,0.));
#5042 = ORIENTED_EDGE('',*,*,#5043,.F.);
#5043 = EDGE_CURVE('',#4444,#5036,#5044,.T.);
#5044 = LINE('',#5045,#5046);
#5045 = CARTESIAN_POINT('',(-35.00330085889,25.457359312881,13.5));
#5046 = VECTOR('',#5047,1.);
#5047 = DIRECTION('',(0.,-0.,-1.));
#5048 = ORIENTED_EDGE('',*,*,#4767,.T.);
#5049 = ORIENTED_EDGE('',*,*,#5021,.T.);
#5050 = PLANE('',#5051);
#5051 = AXIS2_PLACEMENT_3D('',#5052,#5053,#5054);
#5052 = CARTESIAN_POINT('',(-10.43134021266,0.885398666648,13.5));
#5053 = DIRECTION('',(-0.707106781187,-0.707106781187,0.));
#5054 = DIRECTION('',(0.,0.,1.));
#5055 = ADVANCED_FACE('',(#5056),#5074,.F.);
#5056 = FACE_BOUND('',#5057,.F.);
#5057 = EDGE_LOOP('',(#5058,#5066,#5072,#5073));
#5058 = ORIENTED_EDGE('',*,*,#5059,.F.);
#5059 = EDGE_CURVE('',#5060,#5006,#5062,.T.);
#5060 = VERTEX_POINT('',#5061);
#5061 = CARTESIAN_POINT('',(-25.45735931288,35.003300858899,13.5));
#5062 = LINE('',#5063,#5064);
#5063 = CARTESIAN_POINT('',(-0.885398666648,10.431340212667,13.5));
#5064 = VECTOR('',#5065,1.);
#5065 = DIRECTION('',(-0.707106781187,0.707106781187,0.));
#5066 = ORIENTED_EDGE('',*,*,#5067,.F.);
#5067 = EDGE_CURVE('',#4600,#5060,#5068,.T.);
#5068 = LINE('',#5069,#5070);
#5069 = CARTESIAN_POINT('',(-25.45735931288,35.003300858899,13.5));
#5070 = VECTOR('',#5071,1.);
#5071 = DIRECTION('',(0.,-0.,-1.));
#5072 = ORIENTED_EDGE('',*,*,#4782,.T.);
#5073 = ORIENTED_EDGE('',*,*,#5005,.T.);
#5074 = PLANE('',#5075);
#5075 = AXIS2_PLACEMENT_3D('',#5076,#5077,#5078);
#5076 = CARTESIAN_POINT('',(-0.885398666648,10.431340212667,13.5));
#5077 = DIRECTION('',(-0.707106781187,-0.707106781187,0.));
#5078 = DIRECTION('',(0.,0.,1.));
#5079 = ADVANCED_FACE('',(#5080),#5091,.T.);
#5080 = FACE_BOUND('',#5081,.T.);
#5081 = EDGE_LOOP('',(#5082,#5088,#5089,#5090));
#5082 = ORIENTED_EDGE('',*,*,#5083,.F.);
#5083 = EDGE_CURVE('',#4843,#4891,#5084,.T.);
#5084 = LINE('',#5085,#5086);
#5085 = CARTESIAN_POINT('',(0.175261505132,11.492000384446,13.5));
#5086 = VECTOR('',#5087,1.);
#5087 = DIRECTION('',(-0.707106781187,0.707106781187,0.));
#5088 = ORIENTED_EDGE('',*,*,#4850,.F.);
#5089 = ORIENTED_EDGE('',*,*,#4789,.T.);
#5090 = ORIENTED_EDGE('',*,*,#4898,.T.);
#5091 = PLANE('',#5092);
#5092 = AXIS2_PLACEMENT_3D('',#5093,#5094,#5095);
#5093 = CARTESIAN_POINT('',(0.175261505132,11.492000384446,13.5));
#5094 = DIRECTION('',(-0.707106781187,-0.707106781187,0.));
#5095 = DIRECTION('',(0.,0.,1.));
#5096 = ADVANCED_FACE('',(#5097),#5103,.F.);
#5097 = FACE_BOUND('',#5098,.F.);
#5098 = EDGE_LOOP('',(#5099,#5100,#5101,#5102));
#5099 = ORIENTED_EDGE('',*,*,#4842,.F.);
#5100 = ORIENTED_EDGE('',*,*,#4864,.T.);
#5101 = ORIENTED_EDGE('',*,*,#4890,.T.);
#5102 = ORIENTED_EDGE('',*,*,#5083,.F.);
#5103 = PLANE('',#5104);
#5104 = AXIS2_PLACEMENT_3D('',#5105,#5106,#5107);
#5105 = CARTESIAN_POINT('',(6.008892449921,18.739844891609,13.5));
#5106 = DIRECTION('',(0.,0.,1.));
#5107 = DIRECTION('',(-0.707106781187,0.707106781187,0.));
#5108 = ADVANCED_FACE('',(#5109),#5120,.F.);
#5109 = FACE_BOUND('',#5110,.F.);
#5110 = EDGE_LOOP('',(#5111,#5112,#5113,#5119));
#5111 = ORIENTED_EDGE('',*,*,#4919,.F.);
#5112 = ORIENTED_EDGE('',*,*,#5067,.T.);
#5113 = ORIENTED_EDGE('',*,*,#5114,.T.);
#5114 = EDGE_CURVE('',#5060,#5036,#5115,.T.);
#5115 = LINE('',#5116,#5117);
#5116 = CARTESIAN_POINT('',(-17.14885463393,43.311805537841,13.5));
#5117 = VECTOR('',#5118,1.);
#5118 = DIRECTION('',(-0.707106781187,-0.707106781187,0.));
#5119 = ORIENTED_EDGE('',*,*,#5043,.F.);
#5120 = PLANE('',#5121);
#5121 = AXIS2_PLACEMENT_3D('',#5122,#5123,#5124);
#5122 = CARTESIAN_POINT('',(-17.14885463393,43.311805537841,13.5));
#5123 = DIRECTION('',(-0.707106781187,0.707106781187,0.));
#5124 = DIRECTION('',(0.,0.,1.));
#5125 = ADVANCED_FACE('',(#5126),#5132,.F.);
#5126 = FACE_BOUND('',#5127,.F.);
#5127 = EDGE_LOOP('',(#5128,#5129,#5130,#5131));
#5128 = ORIENTED_EDGE('',*,*,#5114,.F.);
#5129 = ORIENTED_EDGE('',*,*,#5059,.T.);
#5130 = ORIENTED_EDGE('',*,*,#5013,.T.);
#5131 = ORIENTED_EDGE('',*,*,#5035,.F.);
#5132 = PLANE('',#5133);
#5133 = AXIS2_PLACEMENT_3D('',#5134,#5135,#5136);
#5134 = CARTESIAN_POINT('',(6.008892449921,18.739844891609,13.5));
#5135 = DIRECTION('',(0.,0.,1.));
#5136 = DIRECTION('',(-0.707106781187,0.707106781187,0.));
#5137 = ( GEOMETRIC_REPRESENTATION_CONTEXT(3) 
GLOBAL_UNCERTAINTY_ASSIGNED_CONTEXT((#5141)) 
GLOBAL_UNIT_ASSIGNED_CONTEXT((#5138,#5139,#5140)) REPRESENTATION_CONTEXT
('Context #1','3D Context with UNIT and UNCERTAINTY') );
#5138 = ( LENGTH_UNIT() NAMED_UNIT(*) SI_UNIT(.MILLI.,.METRE.) );
#5139 = ( NAMED_UNIT(*) PLANE_ANGLE_UNIT() SI_UNIT($,.RADIAN.) );
#5140 = ( NAMED_UNIT(*) SI_UNIT($,.STERADIAN.) SOLID_ANGLE_UNIT() );
#5141 = UNCERTAINTY_MEASURE_WITH_UNIT(LENGTH_MEASURE(1.E-07),#5138,
  'distance_accuracy_value','confusion accuracy');
#5142 = PRODUCT_RELATED_PRODUCT_CATEGORY('part',$,(#7));
ENDSEC;
END-ISO-10303-21;
