ISO-10303-21;
HEADER;
FILE_DESCRIPTION(('FreeCAD Model'),'2;1');
FILE_NAME('Open CASCADE Shape Model','2026-10-04T15:22:02',('FreeCAD'),(
    'FreeCAD'),'Open CASCADE STEP processor 7.8','FreeCAD','Unknown');
FILE_SCHEMA(('AUTOMOTIVE_DESIGN { 1 0 10303 214 1 1 1 1 }'));
ENDSEC;
DATA;
#1 = APPLICATION_PROTOCOL_DEFINITION('international standard',
  'automotive_design',2000,#2);
#2 = APPLICATION_CONTEXT(
  'core data for automotive mechanical design processes');
#3 = SHAPE_DEFINITION_REPRESENTATION(#4,#10);
#4 = PRODUCT_DEFINITION_SHAPE('','',#5);
#5 = PRODUCT_DEFINITION('design','',#6,#9);
#6 = PRODUCT_DEFINITION_FORMATION('','',#7);
#7 = PRODUCT('Open CASCADE STEP translator 7.8 2',
  'Open CASCADE STEP translator 7.8 2','',(#8));
#8 = PRODUCT_CONTEXT('',#2,'mechanical');
#9 = PRODUCT_DEFINITION_CONTEXT('part definition',#2,'design');
#10 = ADVANCED_BREP_SHAPE_REPRESENTATION('',(#11,#15),#5282);
#11 = AXIS2_PLACEMENT_3D('',#12,#13,#14);
#12 = CARTESIAN_POINT('',(0.,0.,0.));
#13 = DIRECTION('',(0.,0.,1.));
#14 = DIRECTION('',(1.,0.,-0.));
#15 = MANIFOLD_SOLID_BREP('',#16);
#16 = CLOSED_SHELL('',(#17,#59,#92,#1389,#1413,#2703,#2720,#2742,#2759,
    #2771,#2788,#2805,#2822,#2839,#2856,#2873,#2890,#2907,#2924,#2941,
    #2958,#2975,#2992,#3009,#3026,#3043,#3060,#3077,#3094,#3111,#3128,
    #3145,#3162,#3179,#3196,#3213,#3230,#3247,#3264,#3281,#3298,#3315,
    #3332,#3349,#3366,#3383,#3400,#3417,#3434,#3451,#3468,#3485,#3502,
    #3519,#3536,#3553,#3570,#3587,#3604,#3621,#3638,#3655,#3672,#3689,
    #3706,#3723,#3740,#3757,#3774,#3791,#3808,#3825,#3842,#3859,#3876,
    #3893,#3910,#3927,#3944,#3961,#3978,#3995,#4012,#4029,#4046,#4063,
    #4080,#4097,#4114,#4131,#4148,#4165,#4182,#4199,#4216,#4233,#4250,
    #4267,#4284,#4301,#4318,#4335,#4352,#4369,#4386,#4403,#4420,#4437,
    #4454,#4471,#4488,#4505,#4522,#4539,#4556,#4573,#4590,#4607,#4624,
    #4641,#4658,#4675,#4692,#4709,#4726,#4743,#4760,#4777,#4794,#4811,
    #4828,#4845,#4862,#4879,#4896,#4913,#4930,#4947,#4964,#4981,#4998,
    #5015,#5032,#5049,#5066,#5083,#5100,#5112,#5129,#5146,#5163,#5180,
    #5197,#5214,#5231,#5248,#5265));
#17 = ADVANCED_FACE('',(#18),#54,.T.);
#18 = FACE_BOUND('',#19,.T.);
#19 = EDGE_LOOP('',(#20,#30,#39,#47));
#20 = ORIENTED_EDGE('',*,*,#21,.T.);
#21 = EDGE_CURVE('',#22,#24,#26,.T.);
#22 = VERTEX_POINT('',#23);
#23 = CARTESIAN_POINT('',(19.685,-4.821434448243E-15,0.));
#24 = VERTEX_POINT('',#25);
#25 = CARTESIAN_POINT('',(19.685,-4.821434448243E-15,1.2));
#26 = LINE('',#27,#28);
#27 = CARTESIAN_POINT('',(19.685,-4.821434448243E-15,0.));
#28 = VECTOR('',#29,1.);
#29 = DIRECTION('',(0.,0.,1.));
#30 = ORIENTED_EDGE('',*,*,#31,.F.);
#31 = EDGE_CURVE('',#32,#24,#34,.T.);
#32 = VERTEX_POINT('',#33);
#33 = CARTESIAN_POINT('',(19.574902469115,-2.079042646182,1.2));
#34 = CIRCLE('',#35,19.685);
#35 = AXIS2_PLACEMENT_3D('',#36,#37,#38);
#36 = CARTESIAN_POINT('',(0.,0.,1.2));
#37 = DIRECTION('',(0.,0.,1.));
#38 = DIRECTION('',(1.,0.,0.));
#39 = ORIENTED_EDGE('',*,*,#40,.F.);
#40 = EDGE_CURVE('',#41,#32,#43,.T.);
#41 = VERTEX_POINT('',#42);
#42 = CARTESIAN_POINT('',(19.574902469115,-2.079042646182,0.));
#43 = LINE('',#44,#45);
#44 = CARTESIAN_POINT('',(19.574902469115,-2.079042646182,0.));
#45 = VECTOR('',#46,1.);
#46 = DIRECTION('',(0.,0.,1.));
#47 = ORIENTED_EDGE('',*,*,#48,.T.);
#48 = EDGE_CURVE('',#41,#22,#49,.T.);
#49 = CIRCLE('',#50,19.685);
#50 = AXIS2_PLACEMENT_3D('',#51,#52,#53);
#51 = CARTESIAN_POINT('',(0.,0.,0.));
#52 = DIRECTION('',(0.,0.,1.));
#53 = DIRECTION('',(1.,0.,0.));
#54 = CYLINDRICAL_SURFACE('',#55,19.685);
#55 = AXIS2_PLACEMENT_3D('',#56,#57,#58);
#56 = CARTESIAN_POINT('',(0.,0.,0.));
#57 = DIRECTION('',(0.,0.,1.));
#58 = DIRECTION('',(1.,0.,0.));
#59 = ADVANCED_FACE('',(#60),#87,.T.);
#60 = FACE_BOUND('',#61,.T.);
#61 = EDGE_LOOP('',(#62,#71,#72,#81));
#62 = ORIENTED_EDGE('',*,*,#63,.F.);
#63 = EDGE_CURVE('',#24,#64,#66,.T.);
#64 = VERTEX_POINT('',#65);
#65 = CARTESIAN_POINT('',(19.684930164565,5.243487573733E-02,1.2));
#66 = CIRCLE('',#67,19.685);
#67 = AXIS2_PLACEMENT_3D('',#68,#69,#70);
#68 = CARTESIAN_POINT('',(0.,0.,1.2));
#69 = DIRECTION('',(0.,0.,1.));
#70 = DIRECTION('',(1.,0.,0.));
#71 = ORIENTED_EDGE('',*,*,#21,.F.);
#72 = ORIENTED_EDGE('',*,*,#73,.T.);
#73 = EDGE_CURVE('',#22,#74,#76,.T.);
#74 = VERTEX_POINT('',#75);
#75 = CARTESIAN_POINT('',(19.684930164565,5.243487573733E-02,0.));
#76 = CIRCLE('',#77,19.685);
#77 = AXIS2_PLACEMENT_3D('',#78,#79,#80);
#78 = CARTESIAN_POINT('',(0.,0.,0.));
#79 = DIRECTION('',(0.,0.,1.));
#80 = DIRECTION('',(1.,0.,0.));
#81 = ORIENTED_EDGE('',*,*,#82,.T.);
#82 = EDGE_CURVE('',#74,#64,#83,.T.);
#83 = LINE('',#84,#85);
#84 = CARTESIAN_POINT('',(19.684930164565,5.243487573733E-02,0.));
#85 = VECTOR('',#86,1.);
#86 = DIRECTION('',(0.,0.,1.));
#87 = CYLINDRICAL_SURFACE('',#88,19.685);
#88 = AXIS2_PLACEMENT_3D('',#89,#90,#91);
#89 = CARTESIAN_POINT('',(0.,0.,0.));
#90 = DIRECTION('',(0.,0.,1.));
#91 = DIRECTION('',(1.,0.,0.));
#92 = ADVANCED_FACE('',(#93,#1274,#1285,#1296,#1307,#1318,#1329,#1340,
    #1351,#1362,#1373),#1384,.F.);
#93 = FACE_BOUND('',#94,.F.);
#94 = EDGE_LOOP('',(#95,#105,#114,#122,#130,#138,#147,#155,#163,#171,
    #180,#188,#196,#204,#213,#221,#229,#237,#246,#254,#262,#270,#279,
    #287,#295,#303,#312,#320,#328,#336,#345,#353,#361,#369,#378,#386,
    #394,#402,#411,#419,#427,#435,#444,#452,#460,#468,#477,#485,#493,
    #501,#510,#518,#526,#534,#543,#551,#559,#567,#576,#584,#592,#600,
    #609,#617,#625,#633,#642,#650,#658,#666,#675,#683,#691,#699,#708,
    #716,#724,#732,#741,#749,#757,#765,#774,#782,#790,#798,#807,#815,
    #823,#831,#840,#848,#856,#864,#873,#881,#889,#897,#906,#914,#922,
    #930,#939,#947,#955,#963,#972,#980,#988,#996,#1005,#1013,#1021,#1029
    ,#1038,#1046,#1054,#1062,#1071,#1079,#1087,#1095,#1104,#1112,#1120,
    #1128,#1137,#1145,#1153,#1161,#1170,#1178,#1186,#1194,#1203,#1211,
    #1219,#1227,#1236,#1244,#1252,#1258,#1259,#1260,#1268));
#95 = ORIENTED_EDGE('',*,*,#96,.F.);
#96 = EDGE_CURVE('',#97,#99,#101,.T.);
#97 = VERTEX_POINT('',#98);
#98 = CARTESIAN_POINT('',(19.638537682843,1.351688824967,0.));
#99 = VERTEX_POINT('',#100);
#100 = CARTESIAN_POINT('',(17.213728757031,0.563820645369,0.));
#101 = LINE('',#102,#103);
#102 = CARTESIAN_POINT('',(9.345895427452,-1.992593370089,0.));
#103 = VECTOR('',#104,1.);
#104 = DIRECTION('',(-0.951056516295,-0.309016994375,0.));
#105 = ORIENTED_EDGE('',*,*,#106,.T.);
#106 = EDGE_CURVE('',#97,#107,#109,.T.);
#107 = VERTEX_POINT('',#108);
#108 = CARTESIAN_POINT('',(19.37676662295,3.469890522732,0.));
#109 = CIRCLE('',#110,19.685);
#110 = AXIS2_PLACEMENT_3D('',#111,#112,#113);
#111 = CARTESIAN_POINT('',(0.,0.,0.));
#112 = DIRECTION('',(0.,0.,1.));
#113 = DIRECTION('',(1.,0.,0.));
#114 = ORIENTED_EDGE('',*,*,#115,.T.);
#115 = EDGE_CURVE('',#107,#116,#118,.T.);
#116 = VERTEX_POINT('',#117);
#117 = CARTESIAN_POINT('',(17.441146564057,2.440703081305,0.));
#118 = LINE('',#119,#120);
#119 = CARTESIAN_POINT('',(10.136759936826,-1.443108180895,0.));
#120 = VECTOR('',#121,1.);
#121 = DIRECTION('',(-0.882947592859,-0.469471562786,0.));
#122 = ORIENTED_EDGE('',*,*,#123,.T.);
#123 = EDGE_CURVE('',#116,#124,#126,.T.);
#124 = VERTEX_POINT('',#125);
#125 = CARTESIAN_POINT('',(16.854307110574,3.544387572379,0.));
#126 = LINE('',#127,#128);
#127 = CARTESIAN_POINT('',(16.024959909259,5.104162802853,0.));
#128 = VECTOR('',#129,1.);
#129 = DIRECTION('',(-0.469471562786,0.882947592859,0.));
#130 = ORIENTED_EDGE('',*,*,#131,.F.);
#131 = EDGE_CURVE('',#132,#124,#134,.T.);
#132 = VERTEX_POINT('',#133);
#133 = CARTESIAN_POINT('',(19.105465866658,4.741349915156,0.));
#134 = LINE('',#135,#136);
#135 = CARTESIAN_POINT('',(9.549920483343,-0.339423689822,0.));
#136 = VECTOR('',#137,1.);
#137 = DIRECTION('',(-0.882947592859,-0.469471562786,0.));
#138 = ORIENTED_EDGE('',*,*,#139,.T.);
#139 = EDGE_CURVE('',#132,#140,#142,.T.);
#140 = VERTEX_POINT('',#141);
#141 = CARTESIAN_POINT('',(18.479849832613,6.781915302043,0.));
#142 = CIRCLE('',#143,19.685);
#143 = AXIS2_PLACEMENT_3D('',#144,#145,#146);
#144 = CARTESIAN_POINT('',(0.,0.,0.));
#145 = DIRECTION('',(0.,0.,1.));
#146 = DIRECTION('',(1.,0.,0.));
#147 = ORIENTED_EDGE('',*,*,#148,.T.);
#148 = EDGE_CURVE('',#140,#149,#151,.T.);
#149 = VERTEX_POINT('',#150);
#150 = CARTESIAN_POINT('',(16.752352715411,5.432246634541,0.));
#151 = LINE('',#152,#153);
#152 = CARTESIAN_POINT('',(10.233352881998,0.339045765496,0.));
#153 = VECTOR('',#154,1.);
#154 = DIRECTION('',(-0.788010753607,-0.615661475326,0.));
#155 = ORIENTED_EDGE('',*,*,#156,.T.);
#156 = EDGE_CURVE('',#149,#157,#159,.T.);
#157 = VERTEX_POINT('',#158);
#158 = CARTESIAN_POINT('',(15.982775871253,6.417260076549,0.));
#159 = LINE('',#160,#161);
#160 = CARTESIAN_POINT('',(14.895176191117,7.809324186315,0.));
#161 = VECTOR('',#162,1.);
#162 = DIRECTION('',(-0.615661475326,0.788010753607,0.));
#163 = ORIENTED_EDGE('',*,*,#164,.F.);
#164 = EDGE_CURVE('',#165,#157,#167,.T.);
#165 = VERTEX_POINT('',#166);
#166 = CARTESIAN_POINT('',(17.991884137947,7.986947487413,0.));
#167 = LINE('',#168,#169);
#168 = CARTESIAN_POINT('',(9.463776037841,1.324059207504,0.));
#169 = VECTOR('',#170,1.);
#170 = DIRECTION('',(-0.788010753607,-0.615661475326,0.));
#171 = ORIENTED_EDGE('',*,*,#172,.T.);
#172 = EDGE_CURVE('',#165,#173,#175,.T.);
#173 = VERTEX_POINT('',#174);
#174 = CARTESIAN_POINT('',(17.021432156367,9.887875016715,0.));
#175 = CIRCLE('',#176,19.685);
#176 = AXIS2_PLACEMENT_3D('',#177,#178,#179);
#177 = CARTESIAN_POINT('',(0.,0.,0.));
#178 = DIRECTION('',(0.,0.,1.));
#179 = DIRECTION('',(1.,0.,0.));
#180 = ORIENTED_EDGE('',*,*,#181,.T.);
#181 = EDGE_CURVE('',#173,#182,#184,.T.);
#182 = VERTEX_POINT('',#183);
#183 = CARTESIAN_POINT('',(15.554547106606,8.258734122635,0.));
#184 = LINE('',#185,#186);
#185 = CARTESIAN_POINT('',(10.019010578178,2.110897977868,0.));
#186 = VECTOR('',#187,1.);
#187 = DIRECTION('',(-0.669130606359,-0.743144825477,0.));
#188 = ORIENTED_EDGE('',*,*,#189,.T.);
#189 = EDGE_CURVE('',#182,#190,#192,.T.);
#190 = VERTEX_POINT('',#191);
#191 = CARTESIAN_POINT('',(14.625616074759,9.095147380583,0.));
#192 = LINE('',#193,#194);
#193 = CARTESIAN_POINT('',(13.312810081731,10.277203206084,0.));
#194 = VECTOR('',#195,1.);
#195 = DIRECTION('',(-0.743144825477,0.669130606359,0.));
#196 = ORIENTED_EDGE('',*,*,#197,.F.);
#197 = EDGE_CURVE('',#198,#190,#200,.T.);
#198 = VERTEX_POINT('',#199);
#199 = CARTESIAN_POINT('',(16.331628114037,10.989865701854,0.));
#200 = LINE('',#201,#202);
#201 = CARTESIAN_POINT('',(9.090079546331,2.947311235817,0.));
#202 = VECTOR('',#203,1.);
#203 = DIRECTION('',(-0.669130606359,-0.743144825477,0.));
#204 = ORIENTED_EDGE('',*,*,#205,.T.);
#205 = EDGE_CURVE('',#198,#206,#208,.T.);
#206 = VERTEX_POINT('',#207);
#207 = CARTESIAN_POINT('',(15.045826877311,12.693396652511,0.));
#208 = CIRCLE('',#209,19.685);
#209 = AXIS2_PLACEMENT_3D('',#210,#211,#212);
#210 = CARTESIAN_POINT('',(0.,0.,0.));
#211 = DIRECTION('',(0.,0.,1.));
#212 = DIRECTION('',(1.,0.,0.));
#213 = ORIENTED_EDGE('',*,*,#214,.T.);
#214 = EDGE_CURVE('',#206,#215,#217,.T.);
#215 = VERTEX_POINT('',#216);
#216 = CARTESIAN_POINT('',(13.884124454948,10.834284153534,0.));
#217 = LINE('',#218,#219);
#218 = CARTESIAN_POINT('',(9.500245707803,3.818611623348,
    5.551115123126E-17));
#219 = VECTOR('',#220,1.);
#220 = DIRECTION('',(-0.529919264233,-0.848048096156,0.));
#221 = ORIENTED_EDGE('',*,*,#222,.T.);
#222 = EDGE_CURVE('',#215,#223,#225,.T.);
#223 = VERTEX_POINT('',#224);
#224 = CARTESIAN_POINT('',(12.824064334753,11.496683233825,0.));
#225 = LINE('',#226,#227);
#226 = CARTESIAN_POINT('',(11.325940974619,12.432814606952,
    5.551115123126E-17));
#227 = VECTOR('',#228,1.);
#228 = DIRECTION('',(-0.848048096156,0.529919264233,0.));
#229 = ORIENTED_EDGE('',*,*,#230,.F.);
#230 = EDGE_CURVE('',#231,#223,#233,.T.);
#231 = VERTEX_POINT('',#232);
#232 = CARTESIAN_POINT('',(14.175143834085,13.658862408086,0.));
#233 = LINE('',#234,#235);
#234 = CARTESIAN_POINT('',(8.440185587608,4.48101070364,
    5.551115123126E-17));
#235 = VECTOR('',#236,1.);
#236 = DIRECTION('',(-0.529919264233,-0.848048096156,0.));
#237 = ORIENTED_EDGE('',*,*,#238,.T.);
#238 = EDGE_CURVE('',#231,#239,#241,.T.);
#239 = VERTEX_POINT('',#240);
#240 = CARTESIAN_POINT('',(12.613061762143,15.11323585419,0.));
#241 = CIRCLE('',#242,19.685);
#242 = AXIS2_PLACEMENT_3D('',#243,#244,#245);
#243 = CARTESIAN_POINT('',(0.,0.,0.));
#244 = DIRECTION('',(0.,0.,1.));
#245 = DIRECTION('',(1.,0.,0.));
#246 = ORIENTED_EDGE('',*,*,#247,.T.);
#247 = EDGE_CURVE('',#239,#248,#250,.T.);
#248 = VERTEX_POINT('',#249);
#249 = CARTESIAN_POINT('',(11.791839707432,13.08063994284,0.));
#250 = LINE('',#251,#252);
#251 = CARTESIAN_POINT('',(8.692820678953,5.410298686964,
    5.551115123126E-17));
#252 = VECTOR('',#253,1.);
#253 = DIRECTION('',(-0.374606593416,-0.927183854567,0.));
#254 = ORIENTED_EDGE('',*,*,#255,.T.);
#255 = EDGE_CURVE('',#248,#256,#258,.T.);
#256 = VERTEX_POINT('',#257);
#257 = CARTESIAN_POINT('',(10.632859889224,13.54889818461,0.));
#258 = LINE('',#259,#260);
#259 = CARTESIAN_POINT('',(8.994938882195,14.210661227296,
    5.551115123126E-17));
#260 = VECTOR('',#261,1.);
#261 = DIRECTION('',(-0.927183854567,0.374606593416,0.));
#262 = ORIENTED_EDGE('',*,*,#263,.F.);
#263 = EDGE_CURVE('',#264,#256,#266,.T.);
#264 = VERTEX_POINT('',#265);
#265 = CARTESIAN_POINT('',(11.587954981702,15.912841491765,0.));
#266 = LINE('',#267,#268);
#267 = CARTESIAN_POINT('',(7.533840860745,5.878556928734,
    5.551115123126E-17));
#268 = VECTOR('',#269,1.);
#269 = DIRECTION('',(-0.374606593416,-0.927183854567,0.));
#270 = ORIENTED_EDGE('',*,*,#271,.T.);
#271 = EDGE_CURVE('',#264,#272,#274,.T.);
#272 = VERTEX_POINT('',#273);
#273 = CARTESIAN_POINT('',(9.79705514785,17.073867032105,0.));
#274 = CIRCLE('',#275,19.685);
#275 = AXIS2_PLACEMENT_3D('',#276,#277,#278);
#276 = CARTESIAN_POINT('',(0.,0.,0.));
#277 = DIRECTION('',(0.,0.,1.));
#278 = DIRECTION('',(1.,0.,0.));
#279 = ORIENTED_EDGE('',*,*,#280,.T.);
#280 = EDGE_CURVE('',#272,#281,#283,.T.);
#281 = VERTEX_POINT('',#282);
#282 = CARTESIAN_POINT('',(9.341265877365,14.929547106606,0.));
#283 = LINE('',#284,#285);
#284 = CARTESIAN_POINT('',(7.621268692553,6.83759656272,0.));
#285 = VECTOR('',#286,1.);
#286 = DIRECTION('',(-0.207911690818,-0.978147600734,0.));
#287 = ORIENTED_EDGE('',*,*,#288,.T.);
#288 = EDGE_CURVE('',#281,#289,#291,.T.);
#289 = VERTEX_POINT('',#290);
#290 = CARTESIAN_POINT('',(8.118581376448,15.189436720128,0.));
#291 = LINE('',#292,#293);
#292 = CARTESIAN_POINT('',(6.390630123495,15.556724097189,0.));
#293 = VECTOR('',#294,1.);
#294 = DIRECTION('',(-0.978147600734,0.207911690818,0.));
#295 = ORIENTED_EDGE('',*,*,#296,.F.);
#296 = EDGE_CURVE('',#297,#289,#299,.T.);
#297 = VERTEX_POINT('',#298);
#298 = CARTESIAN_POINT('',(8.648671980989,17.683316939004,0.));
#299 = LINE('',#300,#301);
#300 = CARTESIAN_POINT('',(6.398584191636,7.097486176242,0.));
#301 = VECTOR('',#302,1.);
#302 = DIRECTION('',(-0.207911690818,-0.978147600734,0.));
#303 = ORIENTED_EDGE('',*,*,#304,.T.);
#304 = EDGE_CURVE('',#297,#305,#307,.T.);
#305 = VERTEX_POINT('',#306);
#306 = CARTESIAN_POINT('',(6.683369970438,18.515717400043,0.));
#307 = CIRCLE('',#308,19.685);
#308 = AXIS2_PLACEMENT_3D('',#309,#310,#311);
#309 = CARTESIAN_POINT('',(0.,0.,0.));
#310 = DIRECTION('',(0.,0.,1.));
#311 = DIRECTION('',(1.,0.,0.));
#312 = ORIENTED_EDGE('',*,*,#313,.T.);
#313 = EDGE_CURVE('',#305,#314,#316,.T.);
#314 = VERTEX_POINT('',#315);
#315 = CARTESIAN_POINT('',(6.606862410523,16.324827536253,0.));
#316 = LINE('',#317,#318);
#317 = CARTESIAN_POINT('',(6.318148313477,8.057137526908,
    2.775557561563E-17));
#318 = VECTOR('',#319,1.);
#319 = DIRECTION('',(-3.48994967025E-02,-0.999390827019,0.));
#320 = ORIENTED_EDGE('',*,*,#321,.T.);
#321 = EDGE_CURVE('',#314,#322,#324,.T.);
#322 = VERTEX_POINT('',#323);
#323 = CARTESIAN_POINT('',(5.357623876749,16.368451907132,0.));
#324 = LINE('',#325,#326);
#325 = CARTESIAN_POINT('',(3.592145302307,16.430103777472,
    2.775557561563E-17));
#326 = VECTOR('',#327,1.);
#327 = DIRECTION('',(-0.999390827019,3.48994967025E-02,0.));
#328 = ORIENTED_EDGE('',*,*,#329,.F.);
#329 = EDGE_CURVE('',#330,#322,#332,.T.);
#330 = VERTEX_POINT('',#331);
#331 = CARTESIAN_POINT('',(5.446603458573,18.916493749241,0.));
#332 = LINE('',#333,#334);
#333 = CARTESIAN_POINT('',(5.068909779704,8.100761897786,
    2.775557561563E-17));
#334 = VECTOR('',#335,1.);
#335 = DIRECTION('',(-3.48994967025E-02,-0.999390827019,0.));
#336 = ORIENTED_EDGE('',*,*,#337,.T.);
#337 = EDGE_CURVE('',#330,#338,#340,.T.);
#338 = VERTEX_POINT('',#339);
#339 = CARTESIAN_POINT('',(3.366613978423,19.394977064186,0.));
#340 = CIRCLE('',#341,19.685);
#341 = AXIS2_PLACEMENT_3D('',#342,#343,#344);
#342 = CARTESIAN_POINT('',(0.,0.,0.));
#343 = DIRECTION('',(0.,0.,1.));
#344 = DIRECTION('',(1.,0.,0.));
#345 = ORIENTED_EDGE('',*,*,#346,.T.);
#346 = EDGE_CURVE('',#338,#347,#349,.T.);
#347 = VERTEX_POINT('',#348);
#348 = CARTESIAN_POINT('',(3.671712772571,17.224086341973,0.));
#349 = LINE('',#350,#351);
#350 = CARTESIAN_POINT('',(4.823054195034,9.031866444449,
    2.775557561563E-17));
#351 = VECTOR('',#352,1.);
#352 = DIRECTION('',(0.13917310096,-0.990268068742,0.));
#353 = ORIENTED_EDGE('',*,*,#354,.T.);
#354 = EDGE_CURVE('',#347,#355,#357,.T.);
#355 = VERTEX_POINT('',#356);
#356 = CARTESIAN_POINT('',(2.433877686644,17.050119965773,0.));
#357 = LINE('',#358,#359);
#358 = CARTESIAN_POINT('',(0.684514963822,16.80426306851,
    2.775557561563E-17));
#359 = VECTOR('',#360,1.);
#360 = DIRECTION('',(-0.990268068742,-0.13917310096,0.));
#361 = ORIENTED_EDGE('',*,*,#362,.F.);
#362 = EDGE_CURVE('',#363,#355,#365,.T.);
#363 = VERTEX_POINT('',#364);
#364 = CARTESIAN_POINT('',(2.079042646182,19.574902469115,0.));
#365 = LINE('',#366,#367);
#366 = CARTESIAN_POINT('',(3.585219109107,8.857900068249,
    2.775557561563E-17));
#367 = VECTOR('',#368,1.);
#368 = DIRECTION('',(0.13917310096,-0.990268068742,0.));
#369 = ORIENTED_EDGE('',*,*,#370,.T.);
#370 = EDGE_CURVE('',#363,#371,#373,.T.);
#371 = VERTEX_POINT('',#372);
#372 = CARTESIAN_POINT('',(-5.243487573732E-02,19.684930164565,0.));
#373 = CIRCLE('',#374,19.685);
#374 = AXIS2_PLACEMENT_3D('',#375,#376,#377);
#375 = CARTESIAN_POINT('',(0.,0.,0.));
#376 = DIRECTION('',(0.,0.,1.));
#377 = DIRECTION('',(1.,0.,0.));
#378 = ORIENTED_EDGE('',*,*,#379,.T.);
#379 = EDGE_CURVE('',#371,#380,#382,.T.);
#380 = VERTEX_POINT('',#381);
#381 = CARTESIAN_POINT('',(0.625,17.6,0.));
#382 = LINE('',#383,#384);
#383 = CARTESIAN_POINT('',(3.181414015458,9.732166670421,
    5.551115123126E-17));
#384 = VECTOR('',#385,1.);
#385 = DIRECTION('',(0.309016994375,-0.951056516295,0.));
#386 = ORIENTED_EDGE('',*,*,#387,.T.);
#387 = EDGE_CURVE('',#380,#388,#390,.T.);
#388 = VERTEX_POINT('',#389);
#389 = CARTESIAN_POINT('',(-0.563820645369,17.213728757031,0.));
#390 = LINE('',#391,#392);
#391 = CARTESIAN_POINT('',(-2.243914015458,16.667833329579,
    5.551115123126E-17));
#392 = VECTOR('',#393,1.);
#393 = DIRECTION('',(-0.951056516295,-0.309016994375,0.));
#394 = ORIENTED_EDGE('',*,*,#395,.F.);
#395 = EDGE_CURVE('',#396,#388,#398,.T.);
#396 = VERTEX_POINT('',#397);
#397 = CARTESIAN_POINT('',(-1.351688824967,19.638537682843,0.));
#398 = LINE('',#399,#400);
#399 = CARTESIAN_POINT('',(1.992593370089,9.345895427452,
    5.551115123126E-17));
#400 = VECTOR('',#401,1.);
#401 = DIRECTION('',(0.309016994375,-0.951056516295,0.));
#402 = ORIENTED_EDGE('',*,*,#403,.T.);
#403 = EDGE_CURVE('',#396,#404,#406,.T.);
#404 = VERTEX_POINT('',#405);
#405 = CARTESIAN_POINT('',(-3.469890522732,19.37676662295,0.));
#406 = CIRCLE('',#407,19.685);
#407 = AXIS2_PLACEMENT_3D('',#408,#409,#410);
#408 = CARTESIAN_POINT('',(0.,0.,0.));
#409 = DIRECTION('',(0.,0.,1.));
#410 = DIRECTION('',(1.,0.,0.));
#411 = ORIENTED_EDGE('',*,*,#412,.T.);
#412 = EDGE_CURVE('',#404,#413,#415,.T.);
#413 = VERTEX_POINT('',#414);
#414 = CARTESIAN_POINT('',(-2.440703081305,17.441146564057,0.));
#415 = LINE('',#416,#417);
#416 = CARTESIAN_POINT('',(1.443108180895,10.136759936826,0.));
#417 = VECTOR('',#418,1.);
#418 = DIRECTION('',(0.469471562786,-0.882947592859,0.));
#419 = ORIENTED_EDGE('',*,*,#420,.T.);
#420 = EDGE_CURVE('',#413,#421,#423,.T.);
#421 = VERTEX_POINT('',#422);
#422 = CARTESIAN_POINT('',(-3.544387572379,16.854307110574,0.));
#423 = LINE('',#424,#425);
#424 = CARTESIAN_POINT('',(-5.104162802853,16.024959909259,0.));
#425 = VECTOR('',#426,1.);
#426 = DIRECTION('',(-0.882947592859,-0.469471562786,0.));
#427 = ORIENTED_EDGE('',*,*,#428,.F.);
#428 = EDGE_CURVE('',#429,#421,#431,.T.);
#429 = VERTEX_POINT('',#430);
#430 = CARTESIAN_POINT('',(-4.741349915156,19.105465866658,0.));
#431 = LINE('',#432,#433);
#432 = CARTESIAN_POINT('',(0.339423689822,9.549920483343,0.));
#433 = VECTOR('',#434,1.);
#434 = DIRECTION('',(0.469471562786,-0.882947592859,0.));
#435 = ORIENTED_EDGE('',*,*,#436,.T.);
#436 = EDGE_CURVE('',#429,#437,#439,.T.);
#437 = VERTEX_POINT('',#438);
#438 = CARTESIAN_POINT('',(-6.781915302043,18.479849832613,0.));
#439 = CIRCLE('',#440,19.685);
#440 = AXIS2_PLACEMENT_3D('',#441,#442,#443);
#441 = CARTESIAN_POINT('',(0.,0.,0.));
#442 = DIRECTION('',(0.,0.,1.));
#443 = DIRECTION('',(1.,0.,0.));
#444 = ORIENTED_EDGE('',*,*,#445,.T.);
#445 = EDGE_CURVE('',#437,#446,#448,.T.);
#446 = VERTEX_POINT('',#447);
#447 = CARTESIAN_POINT('',(-5.432246634541,16.752352715411,0.));
#448 = LINE('',#449,#450);
#449 = CARTESIAN_POINT('',(-0.339045765496,10.233352881998,0.));
#450 = VECTOR('',#451,1.);
#451 = DIRECTION('',(0.615661475326,-0.788010753607,0.));
#452 = ORIENTED_EDGE('',*,*,#453,.T.);
#453 = EDGE_CURVE('',#446,#454,#456,.T.);
#454 = VERTEX_POINT('',#455);
#455 = CARTESIAN_POINT('',(-6.417260076549,15.982775871253,0.));
#456 = LINE('',#457,#458);
#457 = CARTESIAN_POINT('',(-7.809324186315,14.895176191117,0.));
#458 = VECTOR('',#459,1.);
#459 = DIRECTION('',(-0.788010753607,-0.615661475326,0.));
#460 = ORIENTED_EDGE('',*,*,#461,.F.);
#461 = EDGE_CURVE('',#462,#454,#464,.T.);
#462 = VERTEX_POINT('',#463);
#463 = CARTESIAN_POINT('',(-7.986947487413,17.991884137947,0.));
#464 = LINE('',#465,#466);
#465 = CARTESIAN_POINT('',(-1.324059207504,9.463776037841,0.));
#466 = VECTOR('',#467,1.);
#467 = DIRECTION('',(0.615661475326,-0.788010753607,0.));
#468 = ORIENTED_EDGE('',*,*,#469,.T.);
#469 = EDGE_CURVE('',#462,#470,#472,.T.);
#470 = VERTEX_POINT('',#471);
#471 = CARTESIAN_POINT('',(-9.887875016715,17.021432156367,0.));
#472 = CIRCLE('',#473,19.685);
#473 = AXIS2_PLACEMENT_3D('',#474,#475,#476);
#474 = CARTESIAN_POINT('',(0.,0.,0.));
#475 = DIRECTION('',(0.,0.,1.));
#476 = DIRECTION('',(1.,0.,0.));
#477 = ORIENTED_EDGE('',*,*,#478,.T.);
#478 = EDGE_CURVE('',#470,#479,#481,.T.);
#479 = VERTEX_POINT('',#480);
#480 = CARTESIAN_POINT('',(-8.258734122635,15.554547106606,0.));
#481 = LINE('',#482,#483);
#482 = CARTESIAN_POINT('',(-2.110897977868,10.019010578178,0.));
#483 = VECTOR('',#484,1.);
#484 = DIRECTION('',(0.743144825477,-0.669130606359,0.));
#485 = ORIENTED_EDGE('',*,*,#486,.T.);
#486 = EDGE_CURVE('',#479,#487,#489,.T.);
#487 = VERTEX_POINT('',#488);
#488 = CARTESIAN_POINT('',(-9.095147380583,14.625616074759,0.));
#489 = LINE('',#490,#491);
#490 = CARTESIAN_POINT('',(-10.27720320608,13.312810081731,0.));
#491 = VECTOR('',#492,1.);
#492 = DIRECTION('',(-0.669130606359,-0.743144825477,0.));
#493 = ORIENTED_EDGE('',*,*,#494,.F.);
#494 = EDGE_CURVE('',#495,#487,#497,.T.);
#495 = VERTEX_POINT('',#496);
#496 = CARTESIAN_POINT('',(-10.98986570185,16.331628114037,0.));
#497 = LINE('',#498,#499);
#498 = CARTESIAN_POINT('',(-2.947311235817,9.090079546331,0.));
#499 = VECTOR('',#500,1.);
#500 = DIRECTION('',(0.743144825477,-0.669130606359,0.));
#501 = ORIENTED_EDGE('',*,*,#502,.T.);
#502 = EDGE_CURVE('',#495,#503,#505,.T.);
#503 = VERTEX_POINT('',#504);
#504 = CARTESIAN_POINT('',(-12.69339665251,15.045826877311,0.));
#505 = CIRCLE('',#506,19.685);
#506 = AXIS2_PLACEMENT_3D('',#507,#508,#509);
#507 = CARTESIAN_POINT('',(0.,0.,0.));
#508 = DIRECTION('',(0.,0.,1.));
#509 = DIRECTION('',(1.,0.,0.));
#510 = ORIENTED_EDGE('',*,*,#511,.T.);
#511 = EDGE_CURVE('',#503,#512,#514,.T.);
#512 = VERTEX_POINT('',#513);
#513 = CARTESIAN_POINT('',(-10.83428415353,13.884124454948,0.));
#514 = LINE('',#515,#516);
#515 = CARTESIAN_POINT('',(-3.818611623348,9.500245707803,
    5.551115123126E-17));
#516 = VECTOR('',#517,1.);
#517 = DIRECTION('',(0.848048096156,-0.529919264233,0.));
#518 = ORIENTED_EDGE('',*,*,#519,.T.);
#519 = EDGE_CURVE('',#512,#520,#522,.T.);
#520 = VERTEX_POINT('',#521);
#521 = CARTESIAN_POINT('',(-11.49668323382,12.824064334753,0.));
#522 = LINE('',#523,#524);
#523 = CARTESIAN_POINT('',(-12.43281460695,11.325940974619,
    5.551115123126E-17));
#524 = VECTOR('',#525,1.);
#525 = DIRECTION('',(-0.529919264233,-0.848048096156,0.));
#526 = ORIENTED_EDGE('',*,*,#527,.F.);
#527 = EDGE_CURVE('',#528,#520,#530,.T.);
#528 = VERTEX_POINT('',#529);
#529 = CARTESIAN_POINT('',(-13.65886240808,14.175143834085,0.));
#530 = LINE('',#531,#532);
#531 = CARTESIAN_POINT('',(-4.48101070364,8.440185587608,
    5.551115123126E-17));
#532 = VECTOR('',#533,1.);
#533 = DIRECTION('',(0.848048096156,-0.529919264233,0.));
#534 = ORIENTED_EDGE('',*,*,#535,.T.);
#535 = EDGE_CURVE('',#528,#536,#538,.T.);
#536 = VERTEX_POINT('',#537);
#537 = CARTESIAN_POINT('',(-15.11323585419,12.613061762143,0.));
#538 = CIRCLE('',#539,19.685);
#539 = AXIS2_PLACEMENT_3D('',#540,#541,#542);
#540 = CARTESIAN_POINT('',(0.,0.,0.));
#541 = DIRECTION('',(0.,0.,1.));
#542 = DIRECTION('',(1.,0.,0.));
#543 = ORIENTED_EDGE('',*,*,#544,.T.);
#544 = EDGE_CURVE('',#536,#545,#547,.T.);
#545 = VERTEX_POINT('',#546);
#546 = CARTESIAN_POINT('',(-13.08063994284,11.791839707432,0.));
#547 = LINE('',#548,#549);
#548 = CARTESIAN_POINT('',(-5.410298686964,8.692820678953,
    2.775557561563E-17));
#549 = VECTOR('',#550,1.);
#550 = DIRECTION('',(0.927183854567,-0.374606593416,0.));
#551 = ORIENTED_EDGE('',*,*,#552,.T.);
#552 = EDGE_CURVE('',#545,#553,#555,.T.);
#553 = VERTEX_POINT('',#554);
#554 = CARTESIAN_POINT('',(-13.54889818461,10.632859889224,0.));
#555 = LINE('',#556,#557);
#556 = CARTESIAN_POINT('',(-14.21066122729,8.994938882195,
    2.775557561563E-17));
#557 = VECTOR('',#558,1.);
#558 = DIRECTION('',(-0.374606593416,-0.927183854567,0.));
#559 = ORIENTED_EDGE('',*,*,#560,.F.);
#560 = EDGE_CURVE('',#561,#553,#563,.T.);
#561 = VERTEX_POINT('',#562);
#562 = CARTESIAN_POINT('',(-15.91284149176,11.587954981702,0.));
#563 = LINE('',#564,#565);
#564 = CARTESIAN_POINT('',(-5.878556928734,7.533840860745,
    2.775557561563E-17));
#565 = VECTOR('',#566,1.);
#566 = DIRECTION('',(0.927183854567,-0.374606593416,0.));
#567 = ORIENTED_EDGE('',*,*,#568,.T.);
#568 = EDGE_CURVE('',#561,#569,#571,.T.);
#569 = VERTEX_POINT('',#570);
#570 = CARTESIAN_POINT('',(-17.0738670321,9.79705514785,0.));
#571 = CIRCLE('',#572,19.685);
#572 = AXIS2_PLACEMENT_3D('',#573,#574,#575);
#573 = CARTESIAN_POINT('',(0.,0.,0.));
#574 = DIRECTION('',(0.,0.,1.));
#575 = DIRECTION('',(1.,0.,0.));
#576 = ORIENTED_EDGE('',*,*,#577,.T.);
#577 = EDGE_CURVE('',#569,#578,#580,.T.);
#578 = VERTEX_POINT('',#579);
#579 = CARTESIAN_POINT('',(-14.9295471066,9.341265877365,0.));
#580 = LINE('',#581,#582);
#581 = CARTESIAN_POINT('',(-6.83759656272,7.621268692553,0.));
#582 = VECTOR('',#583,1.);
#583 = DIRECTION('',(0.978147600734,-0.207911690818,0.));
#584 = ORIENTED_EDGE('',*,*,#585,.T.);
#585 = EDGE_CURVE('',#578,#586,#588,.T.);
#586 = VERTEX_POINT('',#587);
#587 = CARTESIAN_POINT('',(-15.18943672012,8.118581376448,0.));
#588 = LINE('',#589,#590);
#589 = CARTESIAN_POINT('',(-15.55672409718,6.390630123495,0.));
#590 = VECTOR('',#591,1.);
#591 = DIRECTION('',(-0.207911690818,-0.978147600734,0.));
#592 = ORIENTED_EDGE('',*,*,#593,.F.);
#593 = EDGE_CURVE('',#594,#586,#596,.T.);
#594 = VERTEX_POINT('',#595);
#595 = CARTESIAN_POINT('',(-17.683316939,8.648671980989,0.));
#596 = LINE('',#597,#598);
#597 = CARTESIAN_POINT('',(-7.097486176242,6.398584191636,0.));
#598 = VECTOR('',#599,1.);
#599 = DIRECTION('',(0.978147600734,-0.207911690818,0.));
#600 = ORIENTED_EDGE('',*,*,#601,.T.);
#601 = EDGE_CURVE('',#594,#602,#604,.T.);
#602 = VERTEX_POINT('',#603);
#603 = CARTESIAN_POINT('',(-18.51571740004,6.683369970438,0.));
#604 = CIRCLE('',#605,19.685);
#605 = AXIS2_PLACEMENT_3D('',#606,#607,#608);
#606 = CARTESIAN_POINT('',(0.,0.,0.));
#607 = DIRECTION('',(0.,0.,1.));
#608 = DIRECTION('',(1.,0.,0.));
#609 = ORIENTED_EDGE('',*,*,#610,.T.);
#610 = EDGE_CURVE('',#602,#611,#613,.T.);
#611 = VERTEX_POINT('',#612);
#612 = CARTESIAN_POINT('',(-16.32482753625,6.606862410523,0.));
#613 = LINE('',#614,#615);
#614 = CARTESIAN_POINT('',(-8.057137526908,6.318148313477,
    2.775557561563E-17));
#615 = VECTOR('',#616,1.);
#616 = DIRECTION('',(0.999390827019,-3.48994967025E-02,0.));
#617 = ORIENTED_EDGE('',*,*,#618,.T.);
#618 = EDGE_CURVE('',#611,#619,#621,.T.);
#619 = VERTEX_POINT('',#620);
#620 = CARTESIAN_POINT('',(-16.36845190713,5.357623876749,0.));
#621 = LINE('',#622,#623);
#622 = CARTESIAN_POINT('',(-16.43010377747,3.592145302307,
    2.775557561563E-17));
#623 = VECTOR('',#624,1.);
#624 = DIRECTION('',(-3.48994967025E-02,-0.999390827019,0.));
#625 = ORIENTED_EDGE('',*,*,#626,.F.);
#626 = EDGE_CURVE('',#627,#619,#629,.T.);
#627 = VERTEX_POINT('',#628);
#628 = CARTESIAN_POINT('',(-18.91649374924,5.446603458573,0.));
#629 = LINE('',#630,#631);
#630 = CARTESIAN_POINT('',(-8.100761897786,5.068909779704,
    2.775557561563E-17));
#631 = VECTOR('',#632,1.);
#632 = DIRECTION('',(0.999390827019,-3.48994967025E-02,0.));
#633 = ORIENTED_EDGE('',*,*,#634,.T.);
#634 = EDGE_CURVE('',#627,#635,#637,.T.);
#635 = VERTEX_POINT('',#636);
#636 = CARTESIAN_POINT('',(-19.39497706418,3.366613978423,0.));
#637 = CIRCLE('',#638,19.685);
#638 = AXIS2_PLACEMENT_3D('',#639,#640,#641);
#639 = CARTESIAN_POINT('',(0.,0.,0.));
#640 = DIRECTION('',(0.,0.,1.));
#641 = DIRECTION('',(1.,0.,0.));
#642 = ORIENTED_EDGE('',*,*,#643,.T.);
#643 = EDGE_CURVE('',#635,#644,#646,.T.);
#644 = VERTEX_POINT('',#645);
#645 = CARTESIAN_POINT('',(-17.22408634197,3.671712772571,0.));
#646 = LINE('',#647,#648);
#647 = CARTESIAN_POINT('',(-9.031866444449,4.823054195034,
    5.551115123126E-17));
#648 = VECTOR('',#649,1.);
#649 = DIRECTION('',(0.990268068742,0.13917310096,0.));
#650 = ORIENTED_EDGE('',*,*,#651,.T.);
#651 = EDGE_CURVE('',#644,#652,#654,.T.);
#652 = VERTEX_POINT('',#653);
#653 = CARTESIAN_POINT('',(-17.05011996577,2.433877686644,0.));
#654 = LINE('',#655,#656);
#655 = CARTESIAN_POINT('',(-16.80426306851,0.684514963822,
    5.551115123126E-17));
#656 = VECTOR('',#657,1.);
#657 = DIRECTION('',(0.13917310096,-0.990268068742,0.));
#658 = ORIENTED_EDGE('',*,*,#659,.F.);
#659 = EDGE_CURVE('',#660,#652,#662,.T.);
#660 = VERTEX_POINT('',#661);
#661 = CARTESIAN_POINT('',(-19.57490246911,2.079042646182,0.));
#662 = LINE('',#663,#664);
#663 = CARTESIAN_POINT('',(-8.857900068249,3.585219109107,
    5.551115123126E-17));
#664 = VECTOR('',#665,1.);
#665 = DIRECTION('',(0.990268068742,0.13917310096,0.));
#666 = ORIENTED_EDGE('',*,*,#667,.T.);
#667 = EDGE_CURVE('',#660,#668,#670,.T.);
#668 = VERTEX_POINT('',#669);
#669 = CARTESIAN_POINT('',(-19.68493016456,-5.243487573732E-02,0.));
#670 = CIRCLE('',#671,19.685);
#671 = AXIS2_PLACEMENT_3D('',#672,#673,#674);
#672 = CARTESIAN_POINT('',(0.,0.,0.));
#673 = DIRECTION('',(0.,0.,1.));
#674 = DIRECTION('',(1.,0.,0.));
#675 = ORIENTED_EDGE('',*,*,#676,.T.);
#676 = EDGE_CURVE('',#668,#677,#679,.T.);
#677 = VERTEX_POINT('',#678);
#678 = CARTESIAN_POINT('',(-17.6,0.625,0.));
#679 = LINE('',#680,#681);
#680 = CARTESIAN_POINT('',(-9.732166670421,3.181414015458,0.));
#681 = VECTOR('',#682,1.);
#682 = DIRECTION('',(0.951056516295,0.309016994375,0.));
#683 = ORIENTED_EDGE('',*,*,#684,.T.);
#684 = EDGE_CURVE('',#677,#685,#687,.T.);
#685 = VERTEX_POINT('',#686);
#686 = CARTESIAN_POINT('',(-17.21372875703,-0.563820645369,0.));
#687 = LINE('',#688,#689);
#688 = CARTESIAN_POINT('',(-16.66783332957,-2.243914015458,0.));
#689 = VECTOR('',#690,1.);
#690 = DIRECTION('',(0.309016994375,-0.951056516295,0.));
#691 = ORIENTED_EDGE('',*,*,#692,.F.);
#692 = EDGE_CURVE('',#693,#685,#695,.T.);
#693 = VERTEX_POINT('',#694);
#694 = CARTESIAN_POINT('',(-19.63853768284,-1.351688824967,0.));
#695 = LINE('',#696,#697);
#696 = CARTESIAN_POINT('',(-9.345895427452,1.992593370089,0.));
#697 = VECTOR('',#698,1.);
#698 = DIRECTION('',(0.951056516295,0.309016994375,0.));
#699 = ORIENTED_EDGE('',*,*,#700,.T.);
#700 = EDGE_CURVE('',#693,#701,#703,.T.);
#701 = VERTEX_POINT('',#702);
#702 = CARTESIAN_POINT('',(-19.37676662295,-3.469890522732,0.));
#703 = CIRCLE('',#704,19.685);
#704 = AXIS2_PLACEMENT_3D('',#705,#706,#707);
#705 = CARTESIAN_POINT('',(0.,0.,0.));
#706 = DIRECTION('',(0.,0.,1.));
#707 = DIRECTION('',(1.,0.,0.));
#708 = ORIENTED_EDGE('',*,*,#709,.T.);
#709 = EDGE_CURVE('',#701,#710,#712,.T.);
#710 = VERTEX_POINT('',#711);
#711 = CARTESIAN_POINT('',(-17.44114656405,-2.440703081305,0.));
#712 = LINE('',#713,#714);
#713 = CARTESIAN_POINT('',(-10.13675993682,1.443108180895,
    5.551115123126E-17));
#714 = VECTOR('',#715,1.);
#715 = DIRECTION('',(0.882947592859,0.469471562786,0.));
#716 = ORIENTED_EDGE('',*,*,#717,.T.);
#717 = EDGE_CURVE('',#710,#718,#720,.T.);
#718 = VERTEX_POINT('',#719);
#719 = CARTESIAN_POINT('',(-16.85430711057,-3.544387572379,0.));
#720 = LINE('',#721,#722);
#721 = CARTESIAN_POINT('',(-16.02495990925,-5.104162802853,
    5.551115123126E-17));
#722 = VECTOR('',#723,1.);
#723 = DIRECTION('',(0.469471562786,-0.882947592859,0.));
#724 = ORIENTED_EDGE('',*,*,#725,.F.);
#725 = EDGE_CURVE('',#726,#718,#728,.T.);
#726 = VERTEX_POINT('',#727);
#727 = CARTESIAN_POINT('',(-19.10546586665,-4.741349915156,0.));
#728 = LINE('',#729,#730);
#729 = CARTESIAN_POINT('',(-9.549920483343,0.339423689822,
    5.551115123126E-17));
#730 = VECTOR('',#731,1.);
#731 = DIRECTION('',(0.882947592859,0.469471562786,0.));
#732 = ORIENTED_EDGE('',*,*,#733,.T.);
#733 = EDGE_CURVE('',#726,#734,#736,.T.);
#734 = VERTEX_POINT('',#735);
#735 = CARTESIAN_POINT('',(-18.47984983261,-6.781915302043,0.));
#736 = CIRCLE('',#737,19.685);
#737 = AXIS2_PLACEMENT_3D('',#738,#739,#740);
#738 = CARTESIAN_POINT('',(0.,0.,0.));
#739 = DIRECTION('',(0.,0.,1.));
#740 = DIRECTION('',(1.,0.,0.));
#741 = ORIENTED_EDGE('',*,*,#742,.T.);
#742 = EDGE_CURVE('',#734,#743,#745,.T.);
#743 = VERTEX_POINT('',#744);
#744 = CARTESIAN_POINT('',(-16.75235271541,-5.432246634541,0.));
#745 = LINE('',#746,#747);
#746 = CARTESIAN_POINT('',(-10.23335288199,-0.339045765496,
    2.775557561563E-17));
#747 = VECTOR('',#748,1.);
#748 = DIRECTION('',(0.788010753607,0.615661475326,0.));
#749 = ORIENTED_EDGE('',*,*,#750,.T.);
#750 = EDGE_CURVE('',#743,#751,#753,.T.);
#751 = VERTEX_POINT('',#752);
#752 = CARTESIAN_POINT('',(-15.98277587125,-6.417260076549,0.));
#753 = LINE('',#754,#755);
#754 = CARTESIAN_POINT('',(-14.89517619111,-7.809324186315,
    2.775557561563E-17));
#755 = VECTOR('',#756,1.);
#756 = DIRECTION('',(0.615661475326,-0.788010753607,0.));
#757 = ORIENTED_EDGE('',*,*,#758,.F.);
#758 = EDGE_CURVE('',#759,#751,#761,.T.);
#759 = VERTEX_POINT('',#760);
#760 = CARTESIAN_POINT('',(-17.99188413794,-7.986947487413,0.));
#761 = LINE('',#762,#763);
#762 = CARTESIAN_POINT('',(-9.463776037841,-1.324059207504,
    2.775557561563E-17));
#763 = VECTOR('',#764,1.);
#764 = DIRECTION('',(0.788010753607,0.615661475326,0.));
#765 = ORIENTED_EDGE('',*,*,#766,.T.);
#766 = EDGE_CURVE('',#759,#767,#769,.T.);
#767 = VERTEX_POINT('',#768);
#768 = CARTESIAN_POINT('',(-17.02143215636,-9.887875016715,0.));
#769 = CIRCLE('',#770,19.685);
#770 = AXIS2_PLACEMENT_3D('',#771,#772,#773);
#771 = CARTESIAN_POINT('',(0.,0.,0.));
#772 = DIRECTION('',(0.,0.,1.));
#773 = DIRECTION('',(1.,0.,0.));
#774 = ORIENTED_EDGE('',*,*,#775,.T.);
#775 = EDGE_CURVE('',#767,#776,#778,.T.);
#776 = VERTEX_POINT('',#777);
#777 = CARTESIAN_POINT('',(-15.5545471066,-8.258734122635,0.));
#778 = LINE('',#779,#780);
#779 = CARTESIAN_POINT('',(-10.01901057817,-2.110897977868,0.));
#780 = VECTOR('',#781,1.);
#781 = DIRECTION('',(0.669130606359,0.743144825477,0.));
#782 = ORIENTED_EDGE('',*,*,#783,.T.);
#783 = EDGE_CURVE('',#776,#784,#786,.T.);
#784 = VERTEX_POINT('',#785);
#785 = CARTESIAN_POINT('',(-14.62561607475,-9.095147380583,0.));
#786 = LINE('',#787,#788);
#787 = CARTESIAN_POINT('',(-13.31281008173,-10.27720320608,0.));
#788 = VECTOR('',#789,1.);
#789 = DIRECTION('',(0.743144825477,-0.669130606359,0.));
#790 = ORIENTED_EDGE('',*,*,#791,.F.);
#791 = EDGE_CURVE('',#792,#784,#794,.T.);
#792 = VERTEX_POINT('',#793);
#793 = CARTESIAN_POINT('',(-16.33162811403,-10.98986570185,0.));
#794 = LINE('',#795,#796);
#795 = CARTESIAN_POINT('',(-9.090079546331,-2.947311235817,0.));
#796 = VECTOR('',#797,1.);
#797 = DIRECTION('',(0.669130606359,0.743144825477,0.));
#798 = ORIENTED_EDGE('',*,*,#799,.T.);
#799 = EDGE_CURVE('',#792,#800,#802,.T.);
#800 = VERTEX_POINT('',#801);
#801 = CARTESIAN_POINT('',(-15.04582687731,-12.69339665251,0.));
#802 = CIRCLE('',#803,19.685);
#803 = AXIS2_PLACEMENT_3D('',#804,#805,#806);
#804 = CARTESIAN_POINT('',(0.,0.,0.));
#805 = DIRECTION('',(0.,0.,1.));
#806 = DIRECTION('',(1.,0.,0.));
#807 = ORIENTED_EDGE('',*,*,#808,.T.);
#808 = EDGE_CURVE('',#800,#809,#811,.T.);
#809 = VERTEX_POINT('',#810);
#810 = CARTESIAN_POINT('',(-13.88412445494,-10.83428415353,0.));
#811 = LINE('',#812,#813);
#812 = CARTESIAN_POINT('',(-9.500245707803,-3.818611623348,
    5.551115123126E-17));
#813 = VECTOR('',#814,1.);
#814 = DIRECTION('',(0.529919264233,0.848048096156,0.));
#815 = ORIENTED_EDGE('',*,*,#816,.T.);
#816 = EDGE_CURVE('',#809,#817,#819,.T.);
#817 = VERTEX_POINT('',#818);
#818 = CARTESIAN_POINT('',(-12.82406433475,-11.49668323382,0.));
#819 = LINE('',#820,#821);
#820 = CARTESIAN_POINT('',(-11.32594097461,-12.43281460695,
    5.551115123126E-17));
#821 = VECTOR('',#822,1.);
#822 = DIRECTION('',(0.848048096156,-0.529919264233,0.));
#823 = ORIENTED_EDGE('',*,*,#824,.F.);
#824 = EDGE_CURVE('',#825,#817,#827,.T.);
#825 = VERTEX_POINT('',#826);
#826 = CARTESIAN_POINT('',(-14.17514383408,-13.65886240808,0.));
#827 = LINE('',#828,#829);
#828 = CARTESIAN_POINT('',(-8.440185587608,-4.48101070364,
    5.551115123126E-17));
#829 = VECTOR('',#830,1.);
#830 = DIRECTION('',(0.529919264233,0.848048096156,0.));
#831 = ORIENTED_EDGE('',*,*,#832,.T.);
#832 = EDGE_CURVE('',#825,#833,#835,.T.);
#833 = VERTEX_POINT('',#834);
#834 = CARTESIAN_POINT('',(-12.61306176214,-15.11323585419,0.));
#835 = CIRCLE('',#836,19.685);
#836 = AXIS2_PLACEMENT_3D('',#837,#838,#839);
#837 = CARTESIAN_POINT('',(0.,0.,0.));
#838 = DIRECTION('',(0.,0.,1.));
#839 = DIRECTION('',(1.,0.,0.));
#840 = ORIENTED_EDGE('',*,*,#841,.T.);
#841 = EDGE_CURVE('',#833,#842,#844,.T.);
#842 = VERTEX_POINT('',#843);
#843 = CARTESIAN_POINT('',(-11.79183970743,-13.08063994284,0.));
#844 = LINE('',#845,#846);
#845 = CARTESIAN_POINT('',(-8.692820678953,-5.410298686964,
    5.551115123126E-17));
#846 = VECTOR('',#847,1.);
#847 = DIRECTION('',(0.374606593416,0.927183854567,0.));
#848 = ORIENTED_EDGE('',*,*,#849,.T.);
#849 = EDGE_CURVE('',#842,#850,#852,.T.);
#850 = VERTEX_POINT('',#851);
#851 = CARTESIAN_POINT('',(-10.63285988922,-13.54889818461,0.));
#852 = LINE('',#853,#854);
#853 = CARTESIAN_POINT('',(-8.994938882195,-14.21066122729,
    5.551115123126E-17));
#854 = VECTOR('',#855,1.);
#855 = DIRECTION('',(0.927183854567,-0.374606593416,0.));
#856 = ORIENTED_EDGE('',*,*,#857,.F.);
#857 = EDGE_CURVE('',#858,#850,#860,.T.);
#858 = VERTEX_POINT('',#859);
#859 = CARTESIAN_POINT('',(-11.5879549817,-15.91284149176,0.));
#860 = LINE('',#861,#862);
#861 = CARTESIAN_POINT('',(-7.533840860745,-5.878556928734,
    5.551115123126E-17));
#862 = VECTOR('',#863,1.);
#863 = DIRECTION('',(0.374606593416,0.927183854567,0.));
#864 = ORIENTED_EDGE('',*,*,#865,.T.);
#865 = EDGE_CURVE('',#858,#866,#868,.T.);
#866 = VERTEX_POINT('',#867);
#867 = CARTESIAN_POINT('',(-9.79705514785,-17.0738670321,0.));
#868 = CIRCLE('',#869,19.685);
#869 = AXIS2_PLACEMENT_3D('',#870,#871,#872);
#870 = CARTESIAN_POINT('',(0.,0.,0.));
#871 = DIRECTION('',(0.,0.,1.));
#872 = DIRECTION('',(1.,0.,0.));
#873 = ORIENTED_EDGE('',*,*,#874,.T.);
#874 = EDGE_CURVE('',#866,#875,#877,.T.);
#875 = VERTEX_POINT('',#876);
#876 = CARTESIAN_POINT('',(-9.341265877365,-14.9295471066,0.));
#877 = LINE('',#878,#879);
#878 = CARTESIAN_POINT('',(-7.621268692553,-6.83759656272,0.));
#879 = VECTOR('',#880,1.);
#880 = DIRECTION('',(0.207911690818,0.978147600734,0.));
#881 = ORIENTED_EDGE('',*,*,#882,.T.);
#882 = EDGE_CURVE('',#875,#883,#885,.T.);
#883 = VERTEX_POINT('',#884);
#884 = CARTESIAN_POINT('',(-8.118581376448,-15.18943672012,0.));
#885 = LINE('',#886,#887);
#886 = CARTESIAN_POINT('',(-6.390630123495,-15.55672409718,0.));
#887 = VECTOR('',#888,1.);
#888 = DIRECTION('',(0.978147600734,-0.207911690818,0.));
#889 = ORIENTED_EDGE('',*,*,#890,.F.);
#890 = EDGE_CURVE('',#891,#883,#893,.T.);
#891 = VERTEX_POINT('',#892);
#892 = CARTESIAN_POINT('',(-8.648671980989,-17.683316939,0.));
#893 = LINE('',#894,#895);
#894 = CARTESIAN_POINT('',(-6.398584191636,-7.097486176242,0.));
#895 = VECTOR('',#896,1.);
#896 = DIRECTION('',(0.207911690818,0.978147600734,0.));
#897 = ORIENTED_EDGE('',*,*,#898,.T.);
#898 = EDGE_CURVE('',#891,#899,#901,.T.);
#899 = VERTEX_POINT('',#900);
#900 = CARTESIAN_POINT('',(-6.683369970438,-18.51571740004,0.));
#901 = CIRCLE('',#902,19.685);
#902 = AXIS2_PLACEMENT_3D('',#903,#904,#905);
#903 = CARTESIAN_POINT('',(0.,0.,0.));
#904 = DIRECTION('',(0.,0.,1.));
#905 = DIRECTION('',(1.,0.,0.));
#906 = ORIENTED_EDGE('',*,*,#907,.T.);
#907 = EDGE_CURVE('',#899,#908,#910,.T.);
#908 = VERTEX_POINT('',#909);
#909 = CARTESIAN_POINT('',(-6.606862410523,-16.32482753625,0.));
#910 = LINE('',#911,#912);
#911 = CARTESIAN_POINT('',(-6.318148313477,-8.057137526908,0.));
#912 = VECTOR('',#913,1.);
#913 = DIRECTION('',(3.48994967025E-02,0.999390827019,0.));
#914 = ORIENTED_EDGE('',*,*,#915,.T.);
#915 = EDGE_CURVE('',#908,#916,#918,.T.);
#916 = VERTEX_POINT('',#917);
#917 = CARTESIAN_POINT('',(-5.357623876749,-16.36845190713,0.));
#918 = LINE('',#919,#920);
#919 = CARTESIAN_POINT('',(-3.592145302307,-16.43010377747,0.));
#920 = VECTOR('',#921,1.);
#921 = DIRECTION('',(0.999390827019,-3.48994967025E-02,0.));
#922 = ORIENTED_EDGE('',*,*,#923,.F.);
#923 = EDGE_CURVE('',#924,#916,#926,.T.);
#924 = VERTEX_POINT('',#925);
#925 = CARTESIAN_POINT('',(-5.446603458573,-18.91649374924,0.));
#926 = LINE('',#927,#928);
#927 = CARTESIAN_POINT('',(-5.068909779704,-8.100761897786,0.));
#928 = VECTOR('',#929,1.);
#929 = DIRECTION('',(3.48994967025E-02,0.999390827019,0.));
#930 = ORIENTED_EDGE('',*,*,#931,.T.);
#931 = EDGE_CURVE('',#924,#932,#934,.T.);
#932 = VERTEX_POINT('',#933);
#933 = CARTESIAN_POINT('',(-3.366613978423,-19.39497706418,0.));
#934 = CIRCLE('',#935,19.685);
#935 = AXIS2_PLACEMENT_3D('',#936,#937,#938);
#936 = CARTESIAN_POINT('',(0.,0.,0.));
#937 = DIRECTION('',(0.,0.,1.));
#938 = DIRECTION('',(1.,0.,0.));
#939 = ORIENTED_EDGE('',*,*,#940,.T.);
#940 = EDGE_CURVE('',#932,#941,#943,.T.);
#941 = VERTEX_POINT('',#942);
#942 = CARTESIAN_POINT('',(-3.671712772571,-17.22408634197,0.));
#943 = LINE('',#944,#945);
#944 = CARTESIAN_POINT('',(-4.823054195034,-9.031866444449,
    2.775557561563E-17));
#945 = VECTOR('',#946,1.);
#946 = DIRECTION('',(-0.13917310096,0.990268068742,0.));
#947 = ORIENTED_EDGE('',*,*,#948,.T.);
#948 = EDGE_CURVE('',#941,#949,#951,.T.);
#949 = VERTEX_POINT('',#950);
#950 = CARTESIAN_POINT('',(-2.433877686644,-17.05011996577,0.));
#951 = LINE('',#952,#953);
#952 = CARTESIAN_POINT('',(-0.684514963822,-16.80426306851,
    2.775557561563E-17));
#953 = VECTOR('',#954,1.);
#954 = DIRECTION('',(0.990268068742,0.13917310096,0.));
#955 = ORIENTED_EDGE('',*,*,#956,.F.);
#956 = EDGE_CURVE('',#957,#949,#959,.T.);
#957 = VERTEX_POINT('',#958);
#958 = CARTESIAN_POINT('',(-2.079042646182,-19.57490246911,0.));
#959 = LINE('',#960,#961);
#960 = CARTESIAN_POINT('',(-3.585219109107,-8.857900068249,
    2.775557561563E-17));
#961 = VECTOR('',#962,1.);
#962 = DIRECTION('',(-0.13917310096,0.990268068742,0.));
#963 = ORIENTED_EDGE('',*,*,#964,.T.);
#964 = EDGE_CURVE('',#957,#965,#967,.T.);
#965 = VERTEX_POINT('',#966);
#966 = CARTESIAN_POINT('',(5.243487573732E-02,-19.68493016456,0.));
#967 = CIRCLE('',#968,19.685);
#968 = AXIS2_PLACEMENT_3D('',#969,#970,#971);
#969 = CARTESIAN_POINT('',(0.,0.,0.));
#970 = DIRECTION('',(0.,0.,1.));
#971 = DIRECTION('',(1.,0.,0.));
#972 = ORIENTED_EDGE('',*,*,#973,.T.);
#973 = EDGE_CURVE('',#965,#974,#976,.T.);
#974 = VERTEX_POINT('',#975);
#975 = CARTESIAN_POINT('',(-0.625,-17.6,0.));
#976 = LINE('',#977,#978);
#977 = CARTESIAN_POINT('',(-3.181414015458,-9.732166670421,
    5.551115123126E-17));
#978 = VECTOR('',#979,1.);
#979 = DIRECTION('',(-0.309016994375,0.951056516295,0.));
#980 = ORIENTED_EDGE('',*,*,#981,.T.);
#981 = EDGE_CURVE('',#974,#982,#984,.T.);
#982 = VERTEX_POINT('',#983);
#983 = CARTESIAN_POINT('',(0.563820645369,-17.21372875703,0.));
#984 = LINE('',#985,#986);
#985 = CARTESIAN_POINT('',(2.243914015458,-16.66783332957,
    5.551115123126E-17));
#986 = VECTOR('',#987,1.);
#987 = DIRECTION('',(0.951056516295,0.309016994375,0.));
#988 = ORIENTED_EDGE('',*,*,#989,.F.);
#989 = EDGE_CURVE('',#990,#982,#992,.T.);
#990 = VERTEX_POINT('',#991);
#991 = CARTESIAN_POINT('',(1.351688824967,-19.63853768284,0.));
#992 = LINE('',#993,#994);
#993 = CARTESIAN_POINT('',(-1.992593370089,-9.345895427452,
    5.551115123126E-17));
#994 = VECTOR('',#995,1.);
#995 = DIRECTION('',(-0.309016994375,0.951056516295,0.));
#996 = ORIENTED_EDGE('',*,*,#997,.T.);
#997 = EDGE_CURVE('',#990,#998,#1000,.T.);
#998 = VERTEX_POINT('',#999);
#999 = CARTESIAN_POINT('',(3.469890522732,-19.37676662295,0.));
#1000 = CIRCLE('',#1001,19.685);
#1001 = AXIS2_PLACEMENT_3D('',#1002,#1003,#1004);
#1002 = CARTESIAN_POINT('',(0.,0.,0.));
#1003 = DIRECTION('',(0.,0.,1.));
#1004 = DIRECTION('',(1.,0.,0.));
#1005 = ORIENTED_EDGE('',*,*,#1006,.T.);
#1006 = EDGE_CURVE('',#998,#1007,#1009,.T.);
#1007 = VERTEX_POINT('',#1008);
#1008 = CARTESIAN_POINT('',(2.440703081305,-17.44114656405,0.));
#1009 = LINE('',#1010,#1011);
#1010 = CARTESIAN_POINT('',(-1.443108180895,-10.13675993682,0.));
#1011 = VECTOR('',#1012,1.);
#1012 = DIRECTION('',(-0.469471562786,0.882947592859,0.));
#1013 = ORIENTED_EDGE('',*,*,#1014,.T.);
#1014 = EDGE_CURVE('',#1007,#1015,#1017,.T.);
#1015 = VERTEX_POINT('',#1016);
#1016 = CARTESIAN_POINT('',(3.544387572379,-16.85430711057,0.));
#1017 = LINE('',#1018,#1019);
#1018 = CARTESIAN_POINT('',(5.104162802853,-16.02495990925,0.));
#1019 = VECTOR('',#1020,1.);
#1020 = DIRECTION('',(0.882947592859,0.469471562786,0.));
#1021 = ORIENTED_EDGE('',*,*,#1022,.F.);
#1022 = EDGE_CURVE('',#1023,#1015,#1025,.T.);
#1023 = VERTEX_POINT('',#1024);
#1024 = CARTESIAN_POINT('',(4.741349915156,-19.10546586665,0.));
#1025 = LINE('',#1026,#1027);
#1026 = CARTESIAN_POINT('',(-0.339423689822,-9.549920483343,0.));
#1027 = VECTOR('',#1028,1.);
#1028 = DIRECTION('',(-0.469471562786,0.882947592859,0.));
#1029 = ORIENTED_EDGE('',*,*,#1030,.T.);
#1030 = EDGE_CURVE('',#1023,#1031,#1033,.T.);
#1031 = VERTEX_POINT('',#1032);
#1032 = CARTESIAN_POINT('',(6.781915302043,-18.47984983261,0.));
#1033 = CIRCLE('',#1034,19.685);
#1034 = AXIS2_PLACEMENT_3D('',#1035,#1036,#1037);
#1035 = CARTESIAN_POINT('',(0.,0.,0.));
#1036 = DIRECTION('',(0.,0.,1.));
#1037 = DIRECTION('',(1.,0.,0.));
#1038 = ORIENTED_EDGE('',*,*,#1039,.T.);
#1039 = EDGE_CURVE('',#1031,#1040,#1042,.T.);
#1040 = VERTEX_POINT('',#1041);
#1041 = CARTESIAN_POINT('',(5.432246634541,-16.75235271541,0.));
#1042 = LINE('',#1043,#1044);
#1043 = CARTESIAN_POINT('',(0.339045765496,-10.23335288199,
    5.551115123126E-17));
#1044 = VECTOR('',#1045,1.);
#1045 = DIRECTION('',(-0.615661475326,0.788010753607,0.));
#1046 = ORIENTED_EDGE('',*,*,#1047,.T.);
#1047 = EDGE_CURVE('',#1040,#1048,#1050,.T.);
#1048 = VERTEX_POINT('',#1049);
#1049 = CARTESIAN_POINT('',(6.417260076549,-15.98277587125,0.));
#1050 = LINE('',#1051,#1052);
#1051 = CARTESIAN_POINT('',(7.809324186315,-14.89517619111,
    5.551115123126E-17));
#1052 = VECTOR('',#1053,1.);
#1053 = DIRECTION('',(0.788010753607,0.615661475326,0.));
#1054 = ORIENTED_EDGE('',*,*,#1055,.F.);
#1055 = EDGE_CURVE('',#1056,#1048,#1058,.T.);
#1056 = VERTEX_POINT('',#1057);
#1057 = CARTESIAN_POINT('',(7.986947487413,-17.99188413794,0.));
#1058 = LINE('',#1059,#1060);
#1059 = CARTESIAN_POINT('',(1.324059207504,-9.463776037841,
    5.551115123126E-17));
#1060 = VECTOR('',#1061,1.);
#1061 = DIRECTION('',(-0.615661475326,0.788010753607,0.));
#1062 = ORIENTED_EDGE('',*,*,#1063,.T.);
#1063 = EDGE_CURVE('',#1056,#1064,#1066,.T.);
#1064 = VERTEX_POINT('',#1065);
#1065 = CARTESIAN_POINT('',(9.887875016715,-17.02143215636,0.));
#1066 = CIRCLE('',#1067,19.685);
#1067 = AXIS2_PLACEMENT_3D('',#1068,#1069,#1070);
#1068 = CARTESIAN_POINT('',(0.,0.,0.));
#1069 = DIRECTION('',(0.,0.,1.));
#1070 = DIRECTION('',(1.,0.,0.));
#1071 = ORIENTED_EDGE('',*,*,#1072,.T.);
#1072 = EDGE_CURVE('',#1064,#1073,#1075,.T.);
#1073 = VERTEX_POINT('',#1074);
#1074 = CARTESIAN_POINT('',(8.258734122635,-15.5545471066,0.));
#1075 = LINE('',#1076,#1077);
#1076 = CARTESIAN_POINT('',(2.110897977868,-10.01901057817,
    5.551115123126E-17));
#1077 = VECTOR('',#1078,1.);
#1078 = DIRECTION('',(-0.743144825477,0.669130606359,0.));
#1079 = ORIENTED_EDGE('',*,*,#1080,.T.);
#1080 = EDGE_CURVE('',#1073,#1081,#1083,.T.);
#1081 = VERTEX_POINT('',#1082);
#1082 = CARTESIAN_POINT('',(9.095147380583,-14.62561607475,0.));
#1083 = LINE('',#1084,#1085);
#1084 = CARTESIAN_POINT('',(10.277203206084,-13.31281008173,
    5.551115123126E-17));
#1085 = VECTOR('',#1086,1.);
#1086 = DIRECTION('',(0.669130606359,0.743144825477,0.));
#1087 = ORIENTED_EDGE('',*,*,#1088,.F.);
#1088 = EDGE_CURVE('',#1089,#1081,#1091,.T.);
#1089 = VERTEX_POINT('',#1090);
#1090 = CARTESIAN_POINT('',(10.989865701854,-16.33162811403,0.));
#1091 = LINE('',#1092,#1093);
#1092 = CARTESIAN_POINT('',(2.947311235817,-9.090079546331,
    5.551115123126E-17));
#1093 = VECTOR('',#1094,1.);
#1094 = DIRECTION('',(-0.743144825477,0.669130606359,0.));
#1095 = ORIENTED_EDGE('',*,*,#1096,.T.);
#1096 = EDGE_CURVE('',#1089,#1097,#1099,.T.);
#1097 = VERTEX_POINT('',#1098);
#1098 = CARTESIAN_POINT('',(12.693396652511,-15.04582687731,0.));
#1099 = CIRCLE('',#1100,19.685);
#1100 = AXIS2_PLACEMENT_3D('',#1101,#1102,#1103);
#1101 = CARTESIAN_POINT('',(0.,0.,0.));
#1102 = DIRECTION('',(0.,0.,1.));
#1103 = DIRECTION('',(1.,0.,0.));
#1104 = ORIENTED_EDGE('',*,*,#1105,.T.);
#1105 = EDGE_CURVE('',#1097,#1106,#1108,.T.);
#1106 = VERTEX_POINT('',#1107);
#1107 = CARTESIAN_POINT('',(10.834284153534,-13.88412445494,0.));
#1108 = LINE('',#1109,#1110);
#1109 = CARTESIAN_POINT('',(3.818611623348,-9.500245707803,0.));
#1110 = VECTOR('',#1111,1.);
#1111 = DIRECTION('',(-0.848048096156,0.529919264233,0.));
#1112 = ORIENTED_EDGE('',*,*,#1113,.T.);
#1113 = EDGE_CURVE('',#1106,#1114,#1116,.T.);
#1114 = VERTEX_POINT('',#1115);
#1115 = CARTESIAN_POINT('',(11.496683233825,-12.82406433475,0.));
#1116 = LINE('',#1117,#1118);
#1117 = CARTESIAN_POINT('',(12.432814606952,-11.32594097461,0.));
#1118 = VECTOR('',#1119,1.);
#1119 = DIRECTION('',(0.529919264233,0.848048096156,0.));
#1120 = ORIENTED_EDGE('',*,*,#1121,.F.);
#1121 = EDGE_CURVE('',#1122,#1114,#1124,.T.);
#1122 = VERTEX_POINT('',#1123);
#1123 = CARTESIAN_POINT('',(13.658862408086,-14.17514383408,0.));
#1124 = LINE('',#1125,#1126);
#1125 = CARTESIAN_POINT('',(4.48101070364,-8.440185587608,0.));
#1126 = VECTOR('',#1127,1.);
#1127 = DIRECTION('',(-0.848048096156,0.529919264233,0.));
#1128 = ORIENTED_EDGE('',*,*,#1129,.T.);
#1129 = EDGE_CURVE('',#1122,#1130,#1132,.T.);
#1130 = VERTEX_POINT('',#1131);
#1131 = CARTESIAN_POINT('',(15.11323585419,-12.61306176214,0.));
#1132 = CIRCLE('',#1133,19.685);
#1133 = AXIS2_PLACEMENT_3D('',#1134,#1135,#1136);
#1134 = CARTESIAN_POINT('',(0.,0.,0.));
#1135 = DIRECTION('',(0.,0.,1.));
#1136 = DIRECTION('',(1.,0.,0.));
#1137 = ORIENTED_EDGE('',*,*,#1138,.T.);
#1138 = EDGE_CURVE('',#1130,#1139,#1141,.T.);
#1139 = VERTEX_POINT('',#1140);
#1140 = CARTESIAN_POINT('',(13.08063994284,-11.79183970743,0.));
#1141 = LINE('',#1142,#1143);
#1142 = CARTESIAN_POINT('',(5.410298686964,-8.692820678953,0.));
#1143 = VECTOR('',#1144,1.);
#1144 = DIRECTION('',(-0.927183854567,0.374606593416,0.));
#1145 = ORIENTED_EDGE('',*,*,#1146,.T.);
#1146 = EDGE_CURVE('',#1139,#1147,#1149,.T.);
#1147 = VERTEX_POINT('',#1148);
#1148 = CARTESIAN_POINT('',(13.54889818461,-10.63285988922,0.));
#1149 = LINE('',#1150,#1151);
#1150 = CARTESIAN_POINT('',(14.210661227296,-8.994938882195,0.));
#1151 = VECTOR('',#1152,1.);
#1152 = DIRECTION('',(0.374606593416,0.927183854567,0.));
#1153 = ORIENTED_EDGE('',*,*,#1154,.F.);
#1154 = EDGE_CURVE('',#1155,#1147,#1157,.T.);
#1155 = VERTEX_POINT('',#1156);
#1156 = CARTESIAN_POINT('',(15.912841491765,-11.5879549817,0.));
#1157 = LINE('',#1158,#1159);
#1158 = CARTESIAN_POINT('',(5.878556928734,-7.533840860745,0.));
#1159 = VECTOR('',#1160,1.);
#1160 = DIRECTION('',(-0.927183854567,0.374606593416,0.));
#1161 = ORIENTED_EDGE('',*,*,#1162,.T.);
#1162 = EDGE_CURVE('',#1155,#1163,#1165,.T.);
#1163 = VERTEX_POINT('',#1164);
#1164 = CARTESIAN_POINT('',(17.073867032105,-9.79705514785,0.));
#1165 = CIRCLE('',#1166,19.685);
#1166 = AXIS2_PLACEMENT_3D('',#1167,#1168,#1169);
#1167 = CARTESIAN_POINT('',(0.,0.,0.));
#1168 = DIRECTION('',(0.,0.,1.));
#1169 = DIRECTION('',(1.,0.,0.));
#1170 = ORIENTED_EDGE('',*,*,#1171,.T.);
#1171 = EDGE_CURVE('',#1163,#1172,#1174,.T.);
#1172 = VERTEX_POINT('',#1173);
#1173 = CARTESIAN_POINT('',(14.929547106606,-9.341265877365,0.));
#1174 = LINE('',#1175,#1176);
#1175 = CARTESIAN_POINT('',(6.83759656272,-7.621268692553,
    5.551115123126E-17));
#1176 = VECTOR('',#1177,1.);
#1177 = DIRECTION('',(-0.978147600734,0.207911690818,0.));
#1178 = ORIENTED_EDGE('',*,*,#1179,.T.);
#1179 = EDGE_CURVE('',#1172,#1180,#1182,.T.);
#1180 = VERTEX_POINT('',#1181);
#1181 = CARTESIAN_POINT('',(15.189436720128,-8.118581376448,0.));
#1182 = LINE('',#1183,#1184);
#1183 = CARTESIAN_POINT('',(15.556724097189,-6.390630123495,
    5.551115123126E-17));
#1184 = VECTOR('',#1185,1.);
#1185 = DIRECTION('',(0.207911690818,0.978147600734,0.));
#1186 = ORIENTED_EDGE('',*,*,#1187,.F.);
#1187 = EDGE_CURVE('',#1188,#1180,#1190,.T.);
#1188 = VERTEX_POINT('',#1189);
#1189 = CARTESIAN_POINT('',(17.683316939004,-8.648671980989,0.));
#1190 = LINE('',#1191,#1192);
#1191 = CARTESIAN_POINT('',(7.097486176242,-6.398584191636,
    5.551115123126E-17));
#1192 = VECTOR('',#1193,1.);
#1193 = DIRECTION('',(-0.978147600734,0.207911690818,0.));
#1194 = ORIENTED_EDGE('',*,*,#1195,.T.);
#1195 = EDGE_CURVE('',#1188,#1196,#1198,.T.);
#1196 = VERTEX_POINT('',#1197);
#1197 = CARTESIAN_POINT('',(18.515717400043,-6.683369970438,0.));
#1198 = CIRCLE('',#1199,19.685);
#1199 = AXIS2_PLACEMENT_3D('',#1200,#1201,#1202);
#1200 = CARTESIAN_POINT('',(0.,0.,0.));
#1201 = DIRECTION('',(0.,0.,1.));
#1202 = DIRECTION('',(1.,0.,0.));
#1203 = ORIENTED_EDGE('',*,*,#1204,.T.);
#1204 = EDGE_CURVE('',#1196,#1205,#1207,.T.);
#1205 = VERTEX_POINT('',#1206);
#1206 = CARTESIAN_POINT('',(16.324827536253,-6.606862410523,0.));
#1207 = LINE('',#1208,#1209);
#1208 = CARTESIAN_POINT('',(8.057137526908,-6.318148313477,0.));
#1209 = VECTOR('',#1210,1.);
#1210 = DIRECTION('',(-0.999390827019,3.48994967025E-02,0.));
#1211 = ORIENTED_EDGE('',*,*,#1212,.T.);
#1212 = EDGE_CURVE('',#1205,#1213,#1215,.T.);
#1213 = VERTEX_POINT('',#1214);
#1214 = CARTESIAN_POINT('',(16.368451907132,-5.357623876749,0.));
#1215 = LINE('',#1216,#1217);
#1216 = CARTESIAN_POINT('',(16.430103777472,-3.592145302307,0.));
#1217 = VECTOR('',#1218,1.);
#1218 = DIRECTION('',(3.48994967025E-02,0.999390827019,0.));
#1219 = ORIENTED_EDGE('',*,*,#1220,.F.);
#1220 = EDGE_CURVE('',#1221,#1213,#1223,.T.);
#1221 = VERTEX_POINT('',#1222);
#1222 = CARTESIAN_POINT('',(18.916493749241,-5.446603458573,0.));
#1223 = LINE('',#1224,#1225);
#1224 = CARTESIAN_POINT('',(8.100761897786,-5.068909779704,0.));
#1225 = VECTOR('',#1226,1.);
#1226 = DIRECTION('',(-0.999390827019,3.48994967025E-02,0.));
#1227 = ORIENTED_EDGE('',*,*,#1228,.T.);
#1228 = EDGE_CURVE('',#1221,#1229,#1231,.T.);
#1229 = VERTEX_POINT('',#1230);
#1230 = CARTESIAN_POINT('',(19.394977064186,-3.366613978423,0.));
#1231 = CIRCLE('',#1232,19.685);
#1232 = AXIS2_PLACEMENT_3D('',#1233,#1234,#1235);
#1233 = CARTESIAN_POINT('',(0.,0.,0.));
#1234 = DIRECTION('',(0.,0.,1.));
#1235 = DIRECTION('',(1.,0.,0.));
#1236 = ORIENTED_EDGE('',*,*,#1237,.T.);
#1237 = EDGE_CURVE('',#1229,#1238,#1240,.T.);
#1238 = VERTEX_POINT('',#1239);
#1239 = CARTESIAN_POINT('',(17.224086341973,-3.671712772571,0.));
#1240 = LINE('',#1241,#1242);
#1241 = CARTESIAN_POINT('',(9.031866444449,-4.823054195034,
    5.551115123126E-17));
#1242 = VECTOR('',#1243,1.);
#1243 = DIRECTION('',(-0.990268068742,-0.13917310096,0.));
#1244 = ORIENTED_EDGE('',*,*,#1245,.T.);
#1245 = EDGE_CURVE('',#1238,#1246,#1248,.T.);
#1246 = VERTEX_POINT('',#1247);
#1247 = CARTESIAN_POINT('',(17.050119965773,-2.433877686644,0.));
#1248 = LINE('',#1249,#1250);
#1249 = CARTESIAN_POINT('',(16.80426306851,-0.684514963822,
    5.551115123126E-17));
#1250 = VECTOR('',#1251,1.);
#1251 = DIRECTION('',(-0.13917310096,0.990268068742,0.));
#1252 = ORIENTED_EDGE('',*,*,#1253,.F.);
#1253 = EDGE_CURVE('',#41,#1246,#1254,.T.);
#1254 = LINE('',#1255,#1256);
#1255 = CARTESIAN_POINT('',(8.857900068249,-3.585219109107,
    5.551115123126E-17));
#1256 = VECTOR('',#1257,1.);
#1257 = DIRECTION('',(-0.990268068742,-0.13917310096,0.));
#1258 = ORIENTED_EDGE('',*,*,#48,.T.);
#1259 = ORIENTED_EDGE('',*,*,#73,.T.);
#1260 = ORIENTED_EDGE('',*,*,#1261,.T.);
#1261 = EDGE_CURVE('',#74,#1262,#1264,.T.);
#1262 = VERTEX_POINT('',#1263);
#1263 = CARTESIAN_POINT('',(17.6,-0.625,0.));
#1264 = LINE('',#1265,#1266);
#1265 = CARTESIAN_POINT('',(9.732166670421,-3.181414015458,0.));
#1266 = VECTOR('',#1267,1.);
#1267 = DIRECTION('',(-0.951056516295,-0.309016994375,0.));
#1268 = ORIENTED_EDGE('',*,*,#1269,.T.);
#1269 = EDGE_CURVE('',#1262,#99,#1270,.T.);
#1270 = LINE('',#1271,#1272);
#1271 = CARTESIAN_POINT('',(16.667833329579,2.243914015458,0.));
#1272 = VECTOR('',#1273,1.);
#1273 = DIRECTION('',(-0.309016994375,0.951056516295,0.));
#1274 = FACE_BOUND('',#1275,.F.);
#1275 = EDGE_LOOP('',(#1276));
#1276 = ORIENTED_EDGE('',*,*,#1277,.F.);
#1277 = EDGE_CURVE('',#1278,#1278,#1280,.T.);
#1278 = VERTEX_POINT('',#1279);
#1279 = CARTESIAN_POINT('',(1.8,-14.,0.));
#1280 = CIRCLE('',#1281,1.8);
#1281 = AXIS2_PLACEMENT_3D('',#1282,#1283,#1284);
#1282 = CARTESIAN_POINT('',(-2.571758278209E-15,-14.,0.));
#1283 = DIRECTION('',(0.,0.,1.));
#1284 = DIRECTION('',(1.,0.,0.));
#1285 = FACE_BOUND('',#1286,.F.);
#1286 = EDGE_LOOP('',(#1287));
#1287 = ORIENTED_EDGE('',*,*,#1288,.F.);
#1288 = EDGE_CURVE('',#1289,#1289,#1291,.T.);
#1289 = VERTEX_POINT('',#1290);
#1290 = CARTESIAN_POINT('',(-5.2,-11.25833024919,0.));
#1291 = CIRCLE('',#1292,1.3);
#1292 = AXIS2_PLACEMENT_3D('',#1293,#1294,#1295);
#1293 = CARTESIAN_POINT('',(-6.5,-11.25833024919,0.));
#1294 = DIRECTION('',(0.,0.,1.));
#1295 = DIRECTION('',(1.,0.,0.));
#1296 = FACE_BOUND('',#1297,.F.);
#1297 = EDGE_LOOP('',(#1298));
#1298 = ORIENTED_EDGE('',*,*,#1299,.F.);
#1299 = EDGE_CURVE('',#1300,#1300,#1302,.T.);
#1300 = VERTEX_POINT('',#1301);
#1301 = CARTESIAN_POINT('',(-10.32435565298,-7.,0.));
#1302 = CIRCLE('',#1303,1.8);
#1303 = AXIS2_PLACEMENT_3D('',#1304,#1305,#1306);
#1304 = CARTESIAN_POINT('',(-12.12435565298,-7.,0.));
#1305 = DIRECTION('',(0.,0.,1.));
#1306 = DIRECTION('',(1.,0.,0.));
#1307 = FACE_BOUND('',#1308,.F.);
#1308 = EDGE_LOOP('',(#1309));
#1309 = ORIENTED_EDGE('',*,*,#1310,.F.);
#1310 = EDGE_CURVE('',#1311,#1311,#1313,.T.);
#1311 = VERTEX_POINT('',#1312);
#1312 = CARTESIAN_POINT('',(9.5,-2.32682891838E-15,0.));
#1313 = CIRCLE('',#1314,9.5);
#1314 = AXIS2_PLACEMENT_3D('',#1315,#1316,#1317);
#1315 = CARTESIAN_POINT('',(0.,0.,0.));
#1316 = DIRECTION('',(0.,0.,1.));
#1317 = DIRECTION('',(1.,0.,0.));
#1318 = FACE_BOUND('',#1319,.F.);
#1319 = EDGE_LOOP('',(#1320));
#1320 = ORIENTED_EDGE('',*,*,#1321,.F.);
#1321 = EDGE_CURVE('',#1322,#1322,#1324,.T.);
#1322 = VERTEX_POINT('',#1323);
#1323 = CARTESIAN_POINT('',(13.924355652982,-7.,0.));
#1324 = CIRCLE('',#1325,1.8);
#1325 = AXIS2_PLACEMENT_3D('',#1326,#1327,#1328);
#1326 = CARTESIAN_POINT('',(12.124355652982,-7.,0.));
#1327 = DIRECTION('',(0.,0.,1.));
#1328 = DIRECTION('',(1.,0.,0.));
#1329 = FACE_BOUND('',#1330,.F.);
#1330 = EDGE_LOOP('',(#1331));
#1331 = ORIENTED_EDGE('',*,*,#1332,.F.);
#1332 = EDGE_CURVE('',#1333,#1333,#1335,.T.);
#1333 = VERTEX_POINT('',#1334);
#1334 = CARTESIAN_POINT('',(14.3,-3.184081677783E-16,0.));
#1335 = CIRCLE('',#1336,1.3);
#1336 = AXIS2_PLACEMENT_3D('',#1337,#1338,#1339);
#1337 = CARTESIAN_POINT('',(13.,0.,0.));
#1338 = DIRECTION('',(0.,0.,1.));
#1339 = DIRECTION('',(1.,0.,0.));
#1340 = FACE_BOUND('',#1341,.F.);
#1341 = EDGE_LOOP('',(#1342));
#1342 = ORIENTED_EDGE('',*,*,#1343,.F.);
#1343 = EDGE_CURVE('',#1344,#1344,#1346,.T.);
#1344 = VERTEX_POINT('',#1345);
#1345 = CARTESIAN_POINT('',(-10.32435565298,7.,0.));
#1346 = CIRCLE('',#1347,1.8);
#1347 = AXIS2_PLACEMENT_3D('',#1348,#1349,#1350);
#1348 = CARTESIAN_POINT('',(-12.12435565298,7.,0.));
#1349 = DIRECTION('',(0.,0.,1.));
#1350 = DIRECTION('',(1.,0.,0.));
#1351 = FACE_BOUND('',#1352,.F.);
#1352 = EDGE_LOOP('',(#1353));
#1353 = ORIENTED_EDGE('',*,*,#1354,.F.);
#1354 = EDGE_CURVE('',#1355,#1355,#1357,.T.);
#1355 = VERTEX_POINT('',#1356);
#1356 = CARTESIAN_POINT('',(-5.2,11.258330249198,0.));
#1357 = CIRCLE('',#1358,1.3);
#1358 = AXIS2_PLACEMENT_3D('',#1359,#1360,#1361);
#1359 = CARTESIAN_POINT('',(-6.5,11.258330249198,0.));
#1360 = DIRECTION('',(0.,0.,1.));
#1361 = DIRECTION('',(1.,0.,0.));
#1362 = FACE_BOUND('',#1363,.F.);
#1363 = EDGE_LOOP('',(#1364));
#1364 = ORIENTED_EDGE('',*,*,#1365,.F.);
#1365 = EDGE_CURVE('',#1366,#1366,#1368,.T.);
#1366 = VERTEX_POINT('',#1367);
#1367 = CARTESIAN_POINT('',(1.8,14.,0.));
#1368 = CIRCLE('',#1369,1.8);
#1369 = AXIS2_PLACEMENT_3D('',#1370,#1371,#1372);
#1370 = CARTESIAN_POINT('',(8.572527594031E-16,14.,0.));
#1371 = DIRECTION('',(0.,0.,1.));
#1372 = DIRECTION('',(1.,0.,0.));
#1373 = FACE_BOUND('',#1374,.F.);
#1374 = EDGE_LOOP('',(#1375));
#1375 = ORIENTED_EDGE('',*,*,#1376,.F.);
#1376 = EDGE_CURVE('',#1377,#1377,#1379,.T.);
#1377 = VERTEX_POINT('',#1378);
#1378 = CARTESIAN_POINT('',(13.924355652982,7.,0.));
#1379 = CIRCLE('',#1380,1.8);
#1380 = AXIS2_PLACEMENT_3D('',#1381,#1382,#1383);
#1381 = CARTESIAN_POINT('',(12.124355652982,7.,0.));
#1382 = DIRECTION('',(0.,0.,1.));
#1383 = DIRECTION('',(1.,0.,0.));
#1384 = PLANE('',#1385);
#1385 = AXIS2_PLACEMENT_3D('',#1386,#1387,#1388);
#1386 = CARTESIAN_POINT('',(0.,0.,0.));
#1387 = DIRECTION('',(0.,0.,1.));
#1388 = DIRECTION('',(1.,0.,0.));
#1389 = ADVANCED_FACE('',(#1390),#1408,.F.);
#1390 = FACE_BOUND('',#1391,.F.);
#1391 = EDGE_LOOP('',(#1392,#1393,#1401,#1407));
#1392 = ORIENTED_EDGE('',*,*,#1253,.T.);
#1393 = ORIENTED_EDGE('',*,*,#1394,.T.);
#1394 = EDGE_CURVE('',#1246,#1395,#1397,.T.);
#1395 = VERTEX_POINT('',#1396);
#1396 = CARTESIAN_POINT('',(17.050119965773,-2.433877686644,1.2));
#1397 = LINE('',#1398,#1399);
#1398 = CARTESIAN_POINT('',(17.050119965773,-2.433877686644,-0.5));
#1399 = VECTOR('',#1400,1.);
#1400 = DIRECTION('',(0.,0.,1.));
#1401 = ORIENTED_EDGE('',*,*,#1402,.F.);
#1402 = EDGE_CURVE('',#32,#1395,#1403,.T.);
#1403 = LINE('',#1404,#1405);
#1404 = CARTESIAN_POINT('',(8.857900068249,-3.585219109107,1.2));
#1405 = VECTOR('',#1406,1.);
#1406 = DIRECTION('',(-0.990268068742,-0.13917310096,0.));
#1407 = ORIENTED_EDGE('',*,*,#40,.F.);
#1408 = PLANE('',#1409);
#1409 = AXIS2_PLACEMENT_3D('',#1410,#1411,#1412);
#1410 = CARTESIAN_POINT('',(17.050119965773,-2.433877686644,-0.5));
#1411 = DIRECTION('',(-0.13917310096,0.990268068742,0.));
#1412 = DIRECTION('',(0.,0.,1.));
#1413 = ADVANCED_FACE('',(#1414,#2588,#2599,#2610,#2621,#2632,#2643,
    #2654,#2665,#2676,#2687),#2698,.T.);
#1414 = FACE_BOUND('',#1415,.T.);
#1415 = EDGE_LOOP('',(#1416,#1426,#1435,#1443,#1451,#1459,#1468,#1476,
    #1484,#1492,#1501,#1509,#1517,#1525,#1534,#1542,#1550,#1558,#1567,
    #1575,#1583,#1591,#1600,#1608,#1616,#1624,#1633,#1641,#1649,#1657,
    #1666,#1674,#1682,#1690,#1699,#1707,#1715,#1723,#1732,#1740,#1748,
    #1756,#1765,#1773,#1781,#1789,#1798,#1806,#1814,#1822,#1831,#1839,
    #1847,#1855,#1864,#1872,#1880,#1888,#1897,#1905,#1913,#1921,#1930,
    #1938,#1946,#1954,#1963,#1971,#1979,#1987,#1996,#2004,#2012,#2020,
    #2029,#2037,#2045,#2053,#2062,#2070,#2078,#2086,#2095,#2103,#2111,
    #2119,#2128,#2136,#2144,#2152,#2161,#2169,#2177,#2185,#2194,#2202,
    #2210,#2218,#2227,#2235,#2243,#2251,#2260,#2268,#2276,#2284,#2293,
    #2301,#2309,#2317,#2326,#2334,#2342,#2350,#2359,#2367,#2375,#2383,
    #2392,#2400,#2408,#2416,#2425,#2433,#2441,#2449,#2458,#2466,#2474,
    #2482,#2491,#2499,#2507,#2515,#2524,#2532,#2540,#2548,#2557,#2565,
    #2571,#2572,#2573,#2574,#2582));
#1416 = ORIENTED_EDGE('',*,*,#1417,.F.);
#1417 = EDGE_CURVE('',#1418,#1420,#1422,.T.);
#1418 = VERTEX_POINT('',#1419);
#1419 = CARTESIAN_POINT('',(19.638537682843,1.351688824967,1.2));
#1420 = VERTEX_POINT('',#1421);
#1421 = CARTESIAN_POINT('',(17.213728757031,0.563820645369,1.2));
#1422 = LINE('',#1423,#1424);
#1423 = CARTESIAN_POINT('',(9.345895427452,-1.992593370089,1.2));
#1424 = VECTOR('',#1425,1.);
#1425 = DIRECTION('',(-0.951056516295,-0.309016994375,0.));
#1426 = ORIENTED_EDGE('',*,*,#1427,.T.);
#1427 = EDGE_CURVE('',#1418,#1428,#1430,.T.);
#1428 = VERTEX_POINT('',#1429);
#1429 = CARTESIAN_POINT('',(19.37676662295,3.469890522732,1.2));
#1430 = CIRCLE('',#1431,19.685);
#1431 = AXIS2_PLACEMENT_3D('',#1432,#1433,#1434);
#1432 = CARTESIAN_POINT('',(0.,0.,1.2));
#1433 = DIRECTION('',(0.,0.,1.));
#1434 = DIRECTION('',(1.,0.,0.));
#1435 = ORIENTED_EDGE('',*,*,#1436,.T.);
#1436 = EDGE_CURVE('',#1428,#1437,#1439,.T.);
#1437 = VERTEX_POINT('',#1438);
#1438 = CARTESIAN_POINT('',(17.441146564057,2.440703081305,1.2));
#1439 = LINE('',#1440,#1441);
#1440 = CARTESIAN_POINT('',(10.136759936826,-1.443108180895,1.2));
#1441 = VECTOR('',#1442,1.);
#1442 = DIRECTION('',(-0.882947592859,-0.469471562786,0.));
#1443 = ORIENTED_EDGE('',*,*,#1444,.T.);
#1444 = EDGE_CURVE('',#1437,#1445,#1447,.T.);
#1445 = VERTEX_POINT('',#1446);
#1446 = CARTESIAN_POINT('',(16.854307110574,3.544387572379,1.2));
#1447 = LINE('',#1448,#1449);
#1448 = CARTESIAN_POINT('',(16.024959909259,5.104162802853,1.2));
#1449 = VECTOR('',#1450,1.);
#1450 = DIRECTION('',(-0.469471562786,0.882947592859,0.));
#1451 = ORIENTED_EDGE('',*,*,#1452,.F.);
#1452 = EDGE_CURVE('',#1453,#1445,#1455,.T.);
#1453 = VERTEX_POINT('',#1454);
#1454 = CARTESIAN_POINT('',(19.105465866658,4.741349915156,1.2));
#1455 = LINE('',#1456,#1457);
#1456 = CARTESIAN_POINT('',(9.549920483343,-0.339423689822,1.2));
#1457 = VECTOR('',#1458,1.);
#1458 = DIRECTION('',(-0.882947592859,-0.469471562786,0.));
#1459 = ORIENTED_EDGE('',*,*,#1460,.T.);
#1460 = EDGE_CURVE('',#1453,#1461,#1463,.T.);
#1461 = VERTEX_POINT('',#1462);
#1462 = CARTESIAN_POINT('',(18.479849832613,6.781915302043,1.2));
#1463 = CIRCLE('',#1464,19.685);
#1464 = AXIS2_PLACEMENT_3D('',#1465,#1466,#1467);
#1465 = CARTESIAN_POINT('',(0.,0.,1.2));
#1466 = DIRECTION('',(0.,0.,1.));
#1467 = DIRECTION('',(1.,0.,0.));
#1468 = ORIENTED_EDGE('',*,*,#1469,.T.);
#1469 = EDGE_CURVE('',#1461,#1470,#1472,.T.);
#1470 = VERTEX_POINT('',#1471);
#1471 = CARTESIAN_POINT('',(16.752352715411,5.432246634541,1.2));
#1472 = LINE('',#1473,#1474);
#1473 = CARTESIAN_POINT('',(10.233352881998,0.339045765496,1.2));
#1474 = VECTOR('',#1475,1.);
#1475 = DIRECTION('',(-0.788010753607,-0.615661475326,0.));
#1476 = ORIENTED_EDGE('',*,*,#1477,.T.);
#1477 = EDGE_CURVE('',#1470,#1478,#1480,.T.);
#1478 = VERTEX_POINT('',#1479);
#1479 = CARTESIAN_POINT('',(15.982775871253,6.417260076549,1.2));
#1480 = LINE('',#1481,#1482);
#1481 = CARTESIAN_POINT('',(14.895176191117,7.809324186315,1.2));
#1482 = VECTOR('',#1483,1.);
#1483 = DIRECTION('',(-0.615661475326,0.788010753607,0.));
#1484 = ORIENTED_EDGE('',*,*,#1485,.F.);
#1485 = EDGE_CURVE('',#1486,#1478,#1488,.T.);
#1486 = VERTEX_POINT('',#1487);
#1487 = CARTESIAN_POINT('',(17.991884137947,7.986947487413,1.2));
#1488 = LINE('',#1489,#1490);
#1489 = CARTESIAN_POINT('',(9.463776037841,1.324059207504,1.2));
#1490 = VECTOR('',#1491,1.);
#1491 = DIRECTION('',(-0.788010753607,-0.615661475326,0.));
#1492 = ORIENTED_EDGE('',*,*,#1493,.T.);
#1493 = EDGE_CURVE('',#1486,#1494,#1496,.T.);
#1494 = VERTEX_POINT('',#1495);
#1495 = CARTESIAN_POINT('',(17.021432156367,9.887875016715,1.2));
#1496 = CIRCLE('',#1497,19.685);
#1497 = AXIS2_PLACEMENT_3D('',#1498,#1499,#1500);
#1498 = CARTESIAN_POINT('',(0.,0.,1.2));
#1499 = DIRECTION('',(0.,0.,1.));
#1500 = DIRECTION('',(1.,0.,0.));
#1501 = ORIENTED_EDGE('',*,*,#1502,.T.);
#1502 = EDGE_CURVE('',#1494,#1503,#1505,.T.);
#1503 = VERTEX_POINT('',#1504);
#1504 = CARTESIAN_POINT('',(15.554547106606,8.258734122635,1.2));
#1505 = LINE('',#1506,#1507);
#1506 = CARTESIAN_POINT('',(10.019010578178,2.110897977868,1.2));
#1507 = VECTOR('',#1508,1.);
#1508 = DIRECTION('',(-0.669130606359,-0.743144825477,0.));
#1509 = ORIENTED_EDGE('',*,*,#1510,.T.);
#1510 = EDGE_CURVE('',#1503,#1511,#1513,.T.);
#1511 = VERTEX_POINT('',#1512);
#1512 = CARTESIAN_POINT('',(14.625616074759,9.095147380583,1.2));
#1513 = LINE('',#1514,#1515);
#1514 = CARTESIAN_POINT('',(13.312810081731,10.277203206084,1.2));
#1515 = VECTOR('',#1516,1.);
#1516 = DIRECTION('',(-0.743144825477,0.669130606359,0.));
#1517 = ORIENTED_EDGE('',*,*,#1518,.F.);
#1518 = EDGE_CURVE('',#1519,#1511,#1521,.T.);
#1519 = VERTEX_POINT('',#1520);
#1520 = CARTESIAN_POINT('',(16.331628114037,10.989865701854,1.2));
#1521 = LINE('',#1522,#1523);
#1522 = CARTESIAN_POINT('',(9.090079546331,2.947311235817,1.2));
#1523 = VECTOR('',#1524,1.);
#1524 = DIRECTION('',(-0.669130606359,-0.743144825477,0.));
#1525 = ORIENTED_EDGE('',*,*,#1526,.T.);
#1526 = EDGE_CURVE('',#1519,#1527,#1529,.T.);
#1527 = VERTEX_POINT('',#1528);
#1528 = CARTESIAN_POINT('',(15.045826877311,12.693396652511,1.2));
#1529 = CIRCLE('',#1530,19.685);
#1530 = AXIS2_PLACEMENT_3D('',#1531,#1532,#1533);
#1531 = CARTESIAN_POINT('',(0.,0.,1.2));
#1532 = DIRECTION('',(0.,0.,1.));
#1533 = DIRECTION('',(1.,0.,0.));
#1534 = ORIENTED_EDGE('',*,*,#1535,.T.);
#1535 = EDGE_CURVE('',#1527,#1536,#1538,.T.);
#1536 = VERTEX_POINT('',#1537);
#1537 = CARTESIAN_POINT('',(13.884124454948,10.834284153534,1.2));
#1538 = LINE('',#1539,#1540);
#1539 = CARTESIAN_POINT('',(9.500245707803,3.818611623348,1.2));
#1540 = VECTOR('',#1541,1.);
#1541 = DIRECTION('',(-0.529919264233,-0.848048096156,0.));
#1542 = ORIENTED_EDGE('',*,*,#1543,.T.);
#1543 = EDGE_CURVE('',#1536,#1544,#1546,.T.);
#1544 = VERTEX_POINT('',#1545);
#1545 = CARTESIAN_POINT('',(12.824064334753,11.496683233825,1.2));
#1546 = LINE('',#1547,#1548);
#1547 = CARTESIAN_POINT('',(11.325940974619,12.432814606952,1.2));
#1548 = VECTOR('',#1549,1.);
#1549 = DIRECTION('',(-0.848048096156,0.529919264233,0.));
#1550 = ORIENTED_EDGE('',*,*,#1551,.F.);
#1551 = EDGE_CURVE('',#1552,#1544,#1554,.T.);
#1552 = VERTEX_POINT('',#1553);
#1553 = CARTESIAN_POINT('',(14.175143834085,13.658862408086,1.2));
#1554 = LINE('',#1555,#1556);
#1555 = CARTESIAN_POINT('',(8.440185587608,4.48101070364,1.2));
#1556 = VECTOR('',#1557,1.);
#1557 = DIRECTION('',(-0.529919264233,-0.848048096156,0.));
#1558 = ORIENTED_EDGE('',*,*,#1559,.T.);
#1559 = EDGE_CURVE('',#1552,#1560,#1562,.T.);
#1560 = VERTEX_POINT('',#1561);
#1561 = CARTESIAN_POINT('',(12.613061762143,15.11323585419,1.2));
#1562 = CIRCLE('',#1563,19.685);
#1563 = AXIS2_PLACEMENT_3D('',#1564,#1565,#1566);
#1564 = CARTESIAN_POINT('',(0.,0.,1.2));
#1565 = DIRECTION('',(0.,0.,1.));
#1566 = DIRECTION('',(1.,0.,0.));
#1567 = ORIENTED_EDGE('',*,*,#1568,.T.);
#1568 = EDGE_CURVE('',#1560,#1569,#1571,.T.);
#1569 = VERTEX_POINT('',#1570);
#1570 = CARTESIAN_POINT('',(11.791839707432,13.08063994284,1.2));
#1571 = LINE('',#1572,#1573);
#1572 = CARTESIAN_POINT('',(8.692820678953,5.410298686964,1.2));
#1573 = VECTOR('',#1574,1.);
#1574 = DIRECTION('',(-0.374606593416,-0.927183854567,0.));
#1575 = ORIENTED_EDGE('',*,*,#1576,.T.);
#1576 = EDGE_CURVE('',#1569,#1577,#1579,.T.);
#1577 = VERTEX_POINT('',#1578);
#1578 = CARTESIAN_POINT('',(10.632859889224,13.54889818461,1.2));
#1579 = LINE('',#1580,#1581);
#1580 = CARTESIAN_POINT('',(8.994938882195,14.210661227296,1.2));
#1581 = VECTOR('',#1582,1.);
#1582 = DIRECTION('',(-0.927183854567,0.374606593416,0.));
#1583 = ORIENTED_EDGE('',*,*,#1584,.F.);
#1584 = EDGE_CURVE('',#1585,#1577,#1587,.T.);
#1585 = VERTEX_POINT('',#1586);
#1586 = CARTESIAN_POINT('',(11.587954981702,15.912841491765,1.2));
#1587 = LINE('',#1588,#1589);
#1588 = CARTESIAN_POINT('',(7.533840860745,5.878556928734,1.2));
#1589 = VECTOR('',#1590,1.);
#1590 = DIRECTION('',(-0.374606593416,-0.927183854567,0.));
#1591 = ORIENTED_EDGE('',*,*,#1592,.T.);
#1592 = EDGE_CURVE('',#1585,#1593,#1595,.T.);
#1593 = VERTEX_POINT('',#1594);
#1594 = CARTESIAN_POINT('',(9.79705514785,17.073867032105,1.2));
#1595 = CIRCLE('',#1596,19.685);
#1596 = AXIS2_PLACEMENT_3D('',#1597,#1598,#1599);
#1597 = CARTESIAN_POINT('',(0.,0.,1.2));
#1598 = DIRECTION('',(0.,0.,1.));
#1599 = DIRECTION('',(1.,0.,0.));
#1600 = ORIENTED_EDGE('',*,*,#1601,.T.);
#1601 = EDGE_CURVE('',#1593,#1602,#1604,.T.);
#1602 = VERTEX_POINT('',#1603);
#1603 = CARTESIAN_POINT('',(9.341265877365,14.929547106606,1.2));
#1604 = LINE('',#1605,#1606);
#1605 = CARTESIAN_POINT('',(7.621268692553,6.83759656272,1.2));
#1606 = VECTOR('',#1607,1.);
#1607 = DIRECTION('',(-0.207911690818,-0.978147600734,0.));
#1608 = ORIENTED_EDGE('',*,*,#1609,.T.);
#1609 = EDGE_CURVE('',#1602,#1610,#1612,.T.);
#1610 = VERTEX_POINT('',#1611);
#1611 = CARTESIAN_POINT('',(8.118581376448,15.189436720128,1.2));
#1612 = LINE('',#1613,#1614);
#1613 = CARTESIAN_POINT('',(6.390630123495,15.556724097189,1.2));
#1614 = VECTOR('',#1615,1.);
#1615 = DIRECTION('',(-0.978147600734,0.207911690818,0.));
#1616 = ORIENTED_EDGE('',*,*,#1617,.F.);
#1617 = EDGE_CURVE('',#1618,#1610,#1620,.T.);
#1618 = VERTEX_POINT('',#1619);
#1619 = CARTESIAN_POINT('',(8.648671980989,17.683316939004,1.2));
#1620 = LINE('',#1621,#1622);
#1621 = CARTESIAN_POINT('',(6.398584191636,7.097486176242,1.2));
#1622 = VECTOR('',#1623,1.);
#1623 = DIRECTION('',(-0.207911690818,-0.978147600734,0.));
#1624 = ORIENTED_EDGE('',*,*,#1625,.T.);
#1625 = EDGE_CURVE('',#1618,#1626,#1628,.T.);
#1626 = VERTEX_POINT('',#1627);
#1627 = CARTESIAN_POINT('',(6.683369970438,18.515717400043,1.2));
#1628 = CIRCLE('',#1629,19.685);
#1629 = AXIS2_PLACEMENT_3D('',#1630,#1631,#1632);
#1630 = CARTESIAN_POINT('',(0.,0.,1.2));
#1631 = DIRECTION('',(0.,0.,1.));
#1632 = DIRECTION('',(1.,0.,0.));
#1633 = ORIENTED_EDGE('',*,*,#1634,.T.);
#1634 = EDGE_CURVE('',#1626,#1635,#1637,.T.);
#1635 = VERTEX_POINT('',#1636);
#1636 = CARTESIAN_POINT('',(6.606862410523,16.324827536253,1.2));
#1637 = LINE('',#1638,#1639);
#1638 = CARTESIAN_POINT('',(6.318148313477,8.057137526908,1.2));
#1639 = VECTOR('',#1640,1.);
#1640 = DIRECTION('',(-3.48994967025E-02,-0.999390827019,0.));
#1641 = ORIENTED_EDGE('',*,*,#1642,.T.);
#1642 = EDGE_CURVE('',#1635,#1643,#1645,.T.);
#1643 = VERTEX_POINT('',#1644);
#1644 = CARTESIAN_POINT('',(5.357623876749,16.368451907132,1.2));
#1645 = LINE('',#1646,#1647);
#1646 = CARTESIAN_POINT('',(3.592145302307,16.430103777472,1.2));
#1647 = VECTOR('',#1648,1.);
#1648 = DIRECTION('',(-0.999390827019,3.48994967025E-02,0.));
#1649 = ORIENTED_EDGE('',*,*,#1650,.F.);
#1650 = EDGE_CURVE('',#1651,#1643,#1653,.T.);
#1651 = VERTEX_POINT('',#1652);
#1652 = CARTESIAN_POINT('',(5.446603458573,18.916493749241,1.2));
#1653 = LINE('',#1654,#1655);
#1654 = CARTESIAN_POINT('',(5.068909779704,8.100761897786,1.2));
#1655 = VECTOR('',#1656,1.);
#1656 = DIRECTION('',(-3.48994967025E-02,-0.999390827019,0.));
#1657 = ORIENTED_EDGE('',*,*,#1658,.T.);
#1658 = EDGE_CURVE('',#1651,#1659,#1661,.T.);
#1659 = VERTEX_POINT('',#1660);
#1660 = CARTESIAN_POINT('',(3.366613978423,19.394977064186,1.2));
#1661 = CIRCLE('',#1662,19.685);
#1662 = AXIS2_PLACEMENT_3D('',#1663,#1664,#1665);
#1663 = CARTESIAN_POINT('',(0.,0.,1.2));
#1664 = DIRECTION('',(0.,0.,1.));
#1665 = DIRECTION('',(1.,0.,0.));
#1666 = ORIENTED_EDGE('',*,*,#1667,.T.);
#1667 = EDGE_CURVE('',#1659,#1668,#1670,.T.);
#1668 = VERTEX_POINT('',#1669);
#1669 = CARTESIAN_POINT('',(3.671712772571,17.224086341973,1.2));
#1670 = LINE('',#1671,#1672);
#1671 = CARTESIAN_POINT('',(4.823054195034,9.031866444449,1.2));
#1672 = VECTOR('',#1673,1.);
#1673 = DIRECTION('',(0.13917310096,-0.990268068742,0.));
#1674 = ORIENTED_EDGE('',*,*,#1675,.T.);
#1675 = EDGE_CURVE('',#1668,#1676,#1678,.T.);
#1676 = VERTEX_POINT('',#1677);
#1677 = CARTESIAN_POINT('',(2.433877686644,17.050119965773,1.2));
#1678 = LINE('',#1679,#1680);
#1679 = CARTESIAN_POINT('',(0.684514963822,16.80426306851,1.2));
#1680 = VECTOR('',#1681,1.);
#1681 = DIRECTION('',(-0.990268068742,-0.13917310096,0.));
#1682 = ORIENTED_EDGE('',*,*,#1683,.F.);
#1683 = EDGE_CURVE('',#1684,#1676,#1686,.T.);
#1684 = VERTEX_POINT('',#1685);
#1685 = CARTESIAN_POINT('',(2.079042646182,19.574902469115,1.2));
#1686 = LINE('',#1687,#1688);
#1687 = CARTESIAN_POINT('',(3.585219109107,8.857900068249,1.2));
#1688 = VECTOR('',#1689,1.);
#1689 = DIRECTION('',(0.13917310096,-0.990268068742,0.));
#1690 = ORIENTED_EDGE('',*,*,#1691,.T.);
#1691 = EDGE_CURVE('',#1684,#1692,#1694,.T.);
#1692 = VERTEX_POINT('',#1693);
#1693 = CARTESIAN_POINT('',(-5.243487573732E-02,19.684930164565,1.2));
#1694 = CIRCLE('',#1695,19.685);
#1695 = AXIS2_PLACEMENT_3D('',#1696,#1697,#1698);
#1696 = CARTESIAN_POINT('',(0.,0.,1.2));
#1697 = DIRECTION('',(0.,0.,1.));
#1698 = DIRECTION('',(1.,0.,0.));
#1699 = ORIENTED_EDGE('',*,*,#1700,.T.);
#1700 = EDGE_CURVE('',#1692,#1701,#1703,.T.);
#1701 = VERTEX_POINT('',#1702);
#1702 = CARTESIAN_POINT('',(0.625,17.6,1.2));
#1703 = LINE('',#1704,#1705);
#1704 = CARTESIAN_POINT('',(3.181414015458,9.732166670421,1.2));
#1705 = VECTOR('',#1706,1.);
#1706 = DIRECTION('',(0.309016994375,-0.951056516295,0.));
#1707 = ORIENTED_EDGE('',*,*,#1708,.T.);
#1708 = EDGE_CURVE('',#1701,#1709,#1711,.T.);
#1709 = VERTEX_POINT('',#1710);
#1710 = CARTESIAN_POINT('',(-0.563820645369,17.213728757031,1.2));
#1711 = LINE('',#1712,#1713);
#1712 = CARTESIAN_POINT('',(-2.243914015458,16.667833329579,1.2));
#1713 = VECTOR('',#1714,1.);
#1714 = DIRECTION('',(-0.951056516295,-0.309016994375,0.));
#1715 = ORIENTED_EDGE('',*,*,#1716,.F.);
#1716 = EDGE_CURVE('',#1717,#1709,#1719,.T.);
#1717 = VERTEX_POINT('',#1718);
#1718 = CARTESIAN_POINT('',(-1.351688824967,19.638537682843,1.2));
#1719 = LINE('',#1720,#1721);
#1720 = CARTESIAN_POINT('',(1.992593370089,9.345895427452,1.2));
#1721 = VECTOR('',#1722,1.);
#1722 = DIRECTION('',(0.309016994375,-0.951056516295,0.));
#1723 = ORIENTED_EDGE('',*,*,#1724,.T.);
#1724 = EDGE_CURVE('',#1717,#1725,#1727,.T.);
#1725 = VERTEX_POINT('',#1726);
#1726 = CARTESIAN_POINT('',(-3.469890522732,19.37676662295,1.2));
#1727 = CIRCLE('',#1728,19.685);
#1728 = AXIS2_PLACEMENT_3D('',#1729,#1730,#1731);
#1729 = CARTESIAN_POINT('',(0.,0.,1.2));
#1730 = DIRECTION('',(0.,0.,1.));
#1731 = DIRECTION('',(1.,0.,0.));
#1732 = ORIENTED_EDGE('',*,*,#1733,.T.);
#1733 = EDGE_CURVE('',#1725,#1734,#1736,.T.);
#1734 = VERTEX_POINT('',#1735);
#1735 = CARTESIAN_POINT('',(-2.440703081305,17.441146564057,1.2));
#1736 = LINE('',#1737,#1738);
#1737 = CARTESIAN_POINT('',(1.443108180895,10.136759936826,1.2));
#1738 = VECTOR('',#1739,1.);
#1739 = DIRECTION('',(0.469471562786,-0.882947592859,0.));
#1740 = ORIENTED_EDGE('',*,*,#1741,.T.);
#1741 = EDGE_CURVE('',#1734,#1742,#1744,.T.);
#1742 = VERTEX_POINT('',#1743);
#1743 = CARTESIAN_POINT('',(-3.544387572379,16.854307110574,1.2));
#1744 = LINE('',#1745,#1746);
#1745 = CARTESIAN_POINT('',(-5.104162802853,16.024959909259,1.2));
#1746 = VECTOR('',#1747,1.);
#1747 = DIRECTION('',(-0.882947592859,-0.469471562786,0.));
#1748 = ORIENTED_EDGE('',*,*,#1749,.F.);
#1749 = EDGE_CURVE('',#1750,#1742,#1752,.T.);
#1750 = VERTEX_POINT('',#1751);
#1751 = CARTESIAN_POINT('',(-4.741349915156,19.105465866658,1.2));
#1752 = LINE('',#1753,#1754);
#1753 = CARTESIAN_POINT('',(0.339423689822,9.549920483343,1.2));
#1754 = VECTOR('',#1755,1.);
#1755 = DIRECTION('',(0.469471562786,-0.882947592859,0.));
#1756 = ORIENTED_EDGE('',*,*,#1757,.T.);
#1757 = EDGE_CURVE('',#1750,#1758,#1760,.T.);
#1758 = VERTEX_POINT('',#1759);
#1759 = CARTESIAN_POINT('',(-6.781915302043,18.479849832613,1.2));
#1760 = CIRCLE('',#1761,19.685);
#1761 = AXIS2_PLACEMENT_3D('',#1762,#1763,#1764);
#1762 = CARTESIAN_POINT('',(0.,0.,1.2));
#1763 = DIRECTION('',(0.,0.,1.));
#1764 = DIRECTION('',(1.,0.,0.));
#1765 = ORIENTED_EDGE('',*,*,#1766,.T.);
#1766 = EDGE_CURVE('',#1758,#1767,#1769,.T.);
#1767 = VERTEX_POINT('',#1768);
#1768 = CARTESIAN_POINT('',(-5.432246634541,16.752352715411,1.2));
#1769 = LINE('',#1770,#1771);
#1770 = CARTESIAN_POINT('',(-0.339045765496,10.233352881998,1.2));
#1771 = VECTOR('',#1772,1.);
#1772 = DIRECTION('',(0.615661475326,-0.788010753607,0.));
#1773 = ORIENTED_EDGE('',*,*,#1774,.T.);
#1774 = EDGE_CURVE('',#1767,#1775,#1777,.T.);
#1775 = VERTEX_POINT('',#1776);
#1776 = CARTESIAN_POINT('',(-6.417260076549,15.982775871253,1.2));
#1777 = LINE('',#1778,#1779);
#1778 = CARTESIAN_POINT('',(-7.809324186315,14.895176191117,1.2));
#1779 = VECTOR('',#1780,1.);
#1780 = DIRECTION('',(-0.788010753607,-0.615661475326,0.));
#1781 = ORIENTED_EDGE('',*,*,#1782,.F.);
#1782 = EDGE_CURVE('',#1783,#1775,#1785,.T.);
#1783 = VERTEX_POINT('',#1784);
#1784 = CARTESIAN_POINT('',(-7.986947487413,17.991884137947,1.2));
#1785 = LINE('',#1786,#1787);
#1786 = CARTESIAN_POINT('',(-1.324059207504,9.463776037841,1.2));
#1787 = VECTOR('',#1788,1.);
#1788 = DIRECTION('',(0.615661475326,-0.788010753607,0.));
#1789 = ORIENTED_EDGE('',*,*,#1790,.T.);
#1790 = EDGE_CURVE('',#1783,#1791,#1793,.T.);
#1791 = VERTEX_POINT('',#1792);
#1792 = CARTESIAN_POINT('',(-9.887875016715,17.021432156367,1.2));
#1793 = CIRCLE('',#1794,19.685);
#1794 = AXIS2_PLACEMENT_3D('',#1795,#1796,#1797);
#1795 = CARTESIAN_POINT('',(0.,0.,1.2));
#1796 = DIRECTION('',(0.,0.,1.));
#1797 = DIRECTION('',(1.,0.,0.));
#1798 = ORIENTED_EDGE('',*,*,#1799,.T.);
#1799 = EDGE_CURVE('',#1791,#1800,#1802,.T.);
#1800 = VERTEX_POINT('',#1801);
#1801 = CARTESIAN_POINT('',(-8.258734122635,15.554547106606,1.2));
#1802 = LINE('',#1803,#1804);
#1803 = CARTESIAN_POINT('',(-2.110897977868,10.019010578178,1.2));
#1804 = VECTOR('',#1805,1.);
#1805 = DIRECTION('',(0.743144825477,-0.669130606359,0.));
#1806 = ORIENTED_EDGE('',*,*,#1807,.T.);
#1807 = EDGE_CURVE('',#1800,#1808,#1810,.T.);
#1808 = VERTEX_POINT('',#1809);
#1809 = CARTESIAN_POINT('',(-9.095147380583,14.625616074759,1.2));
#1810 = LINE('',#1811,#1812);
#1811 = CARTESIAN_POINT('',(-10.27720320608,13.312810081731,1.2));
#1812 = VECTOR('',#1813,1.);
#1813 = DIRECTION('',(-0.669130606359,-0.743144825477,0.));
#1814 = ORIENTED_EDGE('',*,*,#1815,.F.);
#1815 = EDGE_CURVE('',#1816,#1808,#1818,.T.);
#1816 = VERTEX_POINT('',#1817);
#1817 = CARTESIAN_POINT('',(-10.98986570185,16.331628114037,1.2));
#1818 = LINE('',#1819,#1820);
#1819 = CARTESIAN_POINT('',(-2.947311235817,9.090079546331,1.2));
#1820 = VECTOR('',#1821,1.);
#1821 = DIRECTION('',(0.743144825477,-0.669130606359,0.));
#1822 = ORIENTED_EDGE('',*,*,#1823,.T.);
#1823 = EDGE_CURVE('',#1816,#1824,#1826,.T.);
#1824 = VERTEX_POINT('',#1825);
#1825 = CARTESIAN_POINT('',(-12.69339665251,15.045826877311,1.2));
#1826 = CIRCLE('',#1827,19.685);
#1827 = AXIS2_PLACEMENT_3D('',#1828,#1829,#1830);
#1828 = CARTESIAN_POINT('',(0.,0.,1.2));
#1829 = DIRECTION('',(0.,0.,1.));
#1830 = DIRECTION('',(1.,0.,0.));
#1831 = ORIENTED_EDGE('',*,*,#1832,.T.);
#1832 = EDGE_CURVE('',#1824,#1833,#1835,.T.);
#1833 = VERTEX_POINT('',#1834);
#1834 = CARTESIAN_POINT('',(-10.83428415353,13.884124454948,1.2));
#1835 = LINE('',#1836,#1837);
#1836 = CARTESIAN_POINT('',(-3.818611623348,9.500245707803,1.2));
#1837 = VECTOR('',#1838,1.);
#1838 = DIRECTION('',(0.848048096156,-0.529919264233,0.));
#1839 = ORIENTED_EDGE('',*,*,#1840,.T.);
#1840 = EDGE_CURVE('',#1833,#1841,#1843,.T.);
#1841 = VERTEX_POINT('',#1842);
#1842 = CARTESIAN_POINT('',(-11.49668323382,12.824064334753,1.2));
#1843 = LINE('',#1844,#1845);
#1844 = CARTESIAN_POINT('',(-12.43281460695,11.325940974619,1.2));
#1845 = VECTOR('',#1846,1.);
#1846 = DIRECTION('',(-0.529919264233,-0.848048096156,0.));
#1847 = ORIENTED_EDGE('',*,*,#1848,.F.);
#1848 = EDGE_CURVE('',#1849,#1841,#1851,.T.);
#1849 = VERTEX_POINT('',#1850);
#1850 = CARTESIAN_POINT('',(-13.65886240808,14.175143834085,1.2));
#1851 = LINE('',#1852,#1853);
#1852 = CARTESIAN_POINT('',(-4.48101070364,8.440185587608,1.2));
#1853 = VECTOR('',#1854,1.);
#1854 = DIRECTION('',(0.848048096156,-0.529919264233,0.));
#1855 = ORIENTED_EDGE('',*,*,#1856,.T.);
#1856 = EDGE_CURVE('',#1849,#1857,#1859,.T.);
#1857 = VERTEX_POINT('',#1858);
#1858 = CARTESIAN_POINT('',(-15.11323585419,12.613061762143,1.2));
#1859 = CIRCLE('',#1860,19.685);
#1860 = AXIS2_PLACEMENT_3D('',#1861,#1862,#1863);
#1861 = CARTESIAN_POINT('',(0.,0.,1.2));
#1862 = DIRECTION('',(0.,0.,1.));
#1863 = DIRECTION('',(1.,0.,0.));
#1864 = ORIENTED_EDGE('',*,*,#1865,.T.);
#1865 = EDGE_CURVE('',#1857,#1866,#1868,.T.);
#1866 = VERTEX_POINT('',#1867);
#1867 = CARTESIAN_POINT('',(-13.08063994284,11.791839707432,1.2));
#1868 = LINE('',#1869,#1870);
#1869 = CARTESIAN_POINT('',(-5.410298686964,8.692820678953,1.2));
#1870 = VECTOR('',#1871,1.);
#1871 = DIRECTION('',(0.927183854567,-0.374606593416,0.));
#1872 = ORIENTED_EDGE('',*,*,#1873,.T.);
#1873 = EDGE_CURVE('',#1866,#1874,#1876,.T.);
#1874 = VERTEX_POINT('',#1875);
#1875 = CARTESIAN_POINT('',(-13.54889818461,10.632859889224,1.2));
#1876 = LINE('',#1877,#1878);
#1877 = CARTESIAN_POINT('',(-14.21066122729,8.994938882195,1.2));
#1878 = VECTOR('',#1879,1.);
#1879 = DIRECTION('',(-0.374606593416,-0.927183854567,0.));
#1880 = ORIENTED_EDGE('',*,*,#1881,.F.);
#1881 = EDGE_CURVE('',#1882,#1874,#1884,.T.);
#1882 = VERTEX_POINT('',#1883);
#1883 = CARTESIAN_POINT('',(-15.91284149176,11.587954981702,1.2));
#1884 = LINE('',#1885,#1886);
#1885 = CARTESIAN_POINT('',(-5.878556928734,7.533840860745,1.2));
#1886 = VECTOR('',#1887,1.);
#1887 = DIRECTION('',(0.927183854567,-0.374606593416,0.));
#1888 = ORIENTED_EDGE('',*,*,#1889,.T.);
#1889 = EDGE_CURVE('',#1882,#1890,#1892,.T.);
#1890 = VERTEX_POINT('',#1891);
#1891 = CARTESIAN_POINT('',(-17.0738670321,9.79705514785,1.2));
#1892 = CIRCLE('',#1893,19.685);
#1893 = AXIS2_PLACEMENT_3D('',#1894,#1895,#1896);
#1894 = CARTESIAN_POINT('',(0.,0.,1.2));
#1895 = DIRECTION('',(0.,0.,1.));
#1896 = DIRECTION('',(1.,0.,0.));
#1897 = ORIENTED_EDGE('',*,*,#1898,.T.);
#1898 = EDGE_CURVE('',#1890,#1899,#1901,.T.);
#1899 = VERTEX_POINT('',#1900);
#1900 = CARTESIAN_POINT('',(-14.9295471066,9.341265877365,1.2));
#1901 = LINE('',#1902,#1903);
#1902 = CARTESIAN_POINT('',(-6.83759656272,7.621268692553,1.2));
#1903 = VECTOR('',#1904,1.);
#1904 = DIRECTION('',(0.978147600734,-0.207911690818,0.));
#1905 = ORIENTED_EDGE('',*,*,#1906,.T.);
#1906 = EDGE_CURVE('',#1899,#1907,#1909,.T.);
#1907 = VERTEX_POINT('',#1908);
#1908 = CARTESIAN_POINT('',(-15.18943672012,8.118581376448,1.2));
#1909 = LINE('',#1910,#1911);
#1910 = CARTESIAN_POINT('',(-15.55672409718,6.390630123495,1.2));
#1911 = VECTOR('',#1912,1.);
#1912 = DIRECTION('',(-0.207911690818,-0.978147600734,0.));
#1913 = ORIENTED_EDGE('',*,*,#1914,.F.);
#1914 = EDGE_CURVE('',#1915,#1907,#1917,.T.);
#1915 = VERTEX_POINT('',#1916);
#1916 = CARTESIAN_POINT('',(-17.683316939,8.648671980989,1.2));
#1917 = LINE('',#1918,#1919);
#1918 = CARTESIAN_POINT('',(-7.097486176242,6.398584191636,1.2));
#1919 = VECTOR('',#1920,1.);
#1920 = DIRECTION('',(0.978147600734,-0.207911690818,0.));
#1921 = ORIENTED_EDGE('',*,*,#1922,.T.);
#1922 = EDGE_CURVE('',#1915,#1923,#1925,.T.);
#1923 = VERTEX_POINT('',#1924);
#1924 = CARTESIAN_POINT('',(-18.51571740004,6.683369970438,1.2));
#1925 = CIRCLE('',#1926,19.685);
#1926 = AXIS2_PLACEMENT_3D('',#1927,#1928,#1929);
#1927 = CARTESIAN_POINT('',(0.,0.,1.2));
#1928 = DIRECTION('',(0.,0.,1.));
#1929 = DIRECTION('',(1.,0.,0.));
#1930 = ORIENTED_EDGE('',*,*,#1931,.T.);
#1931 = EDGE_CURVE('',#1923,#1932,#1934,.T.);
#1932 = VERTEX_POINT('',#1933);
#1933 = CARTESIAN_POINT('',(-16.32482753625,6.606862410523,1.2));
#1934 = LINE('',#1935,#1936);
#1935 = CARTESIAN_POINT('',(-8.057137526908,6.318148313477,1.2));
#1936 = VECTOR('',#1937,1.);
#1937 = DIRECTION('',(0.999390827019,-3.48994967025E-02,0.));
#1938 = ORIENTED_EDGE('',*,*,#1939,.T.);
#1939 = EDGE_CURVE('',#1932,#1940,#1942,.T.);
#1940 = VERTEX_POINT('',#1941);
#1941 = CARTESIAN_POINT('',(-16.36845190713,5.357623876749,1.2));
#1942 = LINE('',#1943,#1944);
#1943 = CARTESIAN_POINT('',(-16.43010377747,3.592145302307,1.2));
#1944 = VECTOR('',#1945,1.);
#1945 = DIRECTION('',(-3.48994967025E-02,-0.999390827019,0.));
#1946 = ORIENTED_EDGE('',*,*,#1947,.F.);
#1947 = EDGE_CURVE('',#1948,#1940,#1950,.T.);
#1948 = VERTEX_POINT('',#1949);
#1949 = CARTESIAN_POINT('',(-18.91649374924,5.446603458573,1.2));
#1950 = LINE('',#1951,#1952);
#1951 = CARTESIAN_POINT('',(-8.100761897786,5.068909779704,1.2));
#1952 = VECTOR('',#1953,1.);
#1953 = DIRECTION('',(0.999390827019,-3.48994967025E-02,0.));
#1954 = ORIENTED_EDGE('',*,*,#1955,.T.);
#1955 = EDGE_CURVE('',#1948,#1956,#1958,.T.);
#1956 = VERTEX_POINT('',#1957);
#1957 = CARTESIAN_POINT('',(-19.39497706418,3.366613978423,1.2));
#1958 = CIRCLE('',#1959,19.685);
#1959 = AXIS2_PLACEMENT_3D('',#1960,#1961,#1962);
#1960 = CARTESIAN_POINT('',(0.,0.,1.2));
#1961 = DIRECTION('',(0.,0.,1.));
#1962 = DIRECTION('',(1.,0.,0.));
#1963 = ORIENTED_EDGE('',*,*,#1964,.T.);
#1964 = EDGE_CURVE('',#1956,#1965,#1967,.T.);
#1965 = VERTEX_POINT('',#1966);
#1966 = CARTESIAN_POINT('',(-17.22408634197,3.671712772571,1.2));
#1967 = LINE('',#1968,#1969);
#1968 = CARTESIAN_POINT('',(-9.031866444449,4.823054195034,1.2));
#1969 = VECTOR('',#1970,1.);
#1970 = DIRECTION('',(0.990268068742,0.13917310096,0.));
#1971 = ORIENTED_EDGE('',*,*,#1972,.T.);
#1972 = EDGE_CURVE('',#1965,#1973,#1975,.T.);
#1973 = VERTEX_POINT('',#1974);
#1974 = CARTESIAN_POINT('',(-17.05011996577,2.433877686644,1.2));
#1975 = LINE('',#1976,#1977);
#1976 = CARTESIAN_POINT('',(-16.80426306851,0.684514963822,1.2));
#1977 = VECTOR('',#1978,1.);
#1978 = DIRECTION('',(0.13917310096,-0.990268068742,0.));
#1979 = ORIENTED_EDGE('',*,*,#1980,.F.);
#1980 = EDGE_CURVE('',#1981,#1973,#1983,.T.);
#1981 = VERTEX_POINT('',#1982);
#1982 = CARTESIAN_POINT('',(-19.57490246911,2.079042646182,1.2));
#1983 = LINE('',#1984,#1985);
#1984 = CARTESIAN_POINT('',(-8.857900068249,3.585219109107,1.2));
#1985 = VECTOR('',#1986,1.);
#1986 = DIRECTION('',(0.990268068742,0.13917310096,0.));
#1987 = ORIENTED_EDGE('',*,*,#1988,.T.);
#1988 = EDGE_CURVE('',#1981,#1989,#1991,.T.);
#1989 = VERTEX_POINT('',#1990);
#1990 = CARTESIAN_POINT('',(-19.68493016456,-5.243487573732E-02,1.2));
#1991 = CIRCLE('',#1992,19.685);
#1992 = AXIS2_PLACEMENT_3D('',#1993,#1994,#1995);
#1993 = CARTESIAN_POINT('',(0.,0.,1.2));
#1994 = DIRECTION('',(0.,0.,1.));
#1995 = DIRECTION('',(1.,0.,0.));
#1996 = ORIENTED_EDGE('',*,*,#1997,.T.);
#1997 = EDGE_CURVE('',#1989,#1998,#2000,.T.);
#1998 = VERTEX_POINT('',#1999);
#1999 = CARTESIAN_POINT('',(-17.6,0.625,1.2));
#2000 = LINE('',#2001,#2002);
#2001 = CARTESIAN_POINT('',(-9.732166670421,3.181414015458,1.2));
#2002 = VECTOR('',#2003,1.);
#2003 = DIRECTION('',(0.951056516295,0.309016994375,0.));
#2004 = ORIENTED_EDGE('',*,*,#2005,.T.);
#2005 = EDGE_CURVE('',#1998,#2006,#2008,.T.);
#2006 = VERTEX_POINT('',#2007);
#2007 = CARTESIAN_POINT('',(-17.21372875703,-0.563820645369,1.2));
#2008 = LINE('',#2009,#2010);
#2009 = CARTESIAN_POINT('',(-16.66783332957,-2.243914015458,1.2));
#2010 = VECTOR('',#2011,1.);
#2011 = DIRECTION('',(0.309016994375,-0.951056516295,0.));
#2012 = ORIENTED_EDGE('',*,*,#2013,.F.);
#2013 = EDGE_CURVE('',#2014,#2006,#2016,.T.);
#2014 = VERTEX_POINT('',#2015);
#2015 = CARTESIAN_POINT('',(-19.63853768284,-1.351688824967,1.2));
#2016 = LINE('',#2017,#2018);
#2017 = CARTESIAN_POINT('',(-9.345895427452,1.992593370089,1.2));
#2018 = VECTOR('',#2019,1.);
#2019 = DIRECTION('',(0.951056516295,0.309016994375,0.));
#2020 = ORIENTED_EDGE('',*,*,#2021,.T.);
#2021 = EDGE_CURVE('',#2014,#2022,#2024,.T.);
#2022 = VERTEX_POINT('',#2023);
#2023 = CARTESIAN_POINT('',(-19.37676662295,-3.469890522732,1.2));
#2024 = CIRCLE('',#2025,19.685);
#2025 = AXIS2_PLACEMENT_3D('',#2026,#2027,#2028);
#2026 = CARTESIAN_POINT('',(0.,0.,1.2));
#2027 = DIRECTION('',(0.,0.,1.));
#2028 = DIRECTION('',(1.,0.,0.));
#2029 = ORIENTED_EDGE('',*,*,#2030,.T.);
#2030 = EDGE_CURVE('',#2022,#2031,#2033,.T.);
#2031 = VERTEX_POINT('',#2032);
#2032 = CARTESIAN_POINT('',(-17.44114656405,-2.440703081305,1.2));
#2033 = LINE('',#2034,#2035);
#2034 = CARTESIAN_POINT('',(-10.13675993682,1.443108180895,1.2));
#2035 = VECTOR('',#2036,1.);
#2036 = DIRECTION('',(0.882947592859,0.469471562786,0.));
#2037 = ORIENTED_EDGE('',*,*,#2038,.T.);
#2038 = EDGE_CURVE('',#2031,#2039,#2041,.T.);
#2039 = VERTEX_POINT('',#2040);
#2040 = CARTESIAN_POINT('',(-16.85430711057,-3.544387572379,1.2));
#2041 = LINE('',#2042,#2043);
#2042 = CARTESIAN_POINT('',(-16.02495990925,-5.104162802853,1.2));
#2043 = VECTOR('',#2044,1.);
#2044 = DIRECTION('',(0.469471562786,-0.882947592859,0.));
#2045 = ORIENTED_EDGE('',*,*,#2046,.F.);
#2046 = EDGE_CURVE('',#2047,#2039,#2049,.T.);
#2047 = VERTEX_POINT('',#2048);
#2048 = CARTESIAN_POINT('',(-19.10546586665,-4.741349915156,1.2));
#2049 = LINE('',#2050,#2051);
#2050 = CARTESIAN_POINT('',(-9.549920483343,0.339423689822,1.2));
#2051 = VECTOR('',#2052,1.);
#2052 = DIRECTION('',(0.882947592859,0.469471562786,0.));
#2053 = ORIENTED_EDGE('',*,*,#2054,.T.);
#2054 = EDGE_CURVE('',#2047,#2055,#2057,.T.);
#2055 = VERTEX_POINT('',#2056);
#2056 = CARTESIAN_POINT('',(-18.47984983261,-6.781915302043,1.2));
#2057 = CIRCLE('',#2058,19.685);
#2058 = AXIS2_PLACEMENT_3D('',#2059,#2060,#2061);
#2059 = CARTESIAN_POINT('',(0.,0.,1.2));
#2060 = DIRECTION('',(0.,0.,1.));
#2061 = DIRECTION('',(1.,0.,0.));
#2062 = ORIENTED_EDGE('',*,*,#2063,.T.);
#2063 = EDGE_CURVE('',#2055,#2064,#2066,.T.);
#2064 = VERTEX_POINT('',#2065);
#2065 = CARTESIAN_POINT('',(-16.75235271541,-5.432246634541,1.2));
#2066 = LINE('',#2067,#2068);
#2067 = CARTESIAN_POINT('',(-10.23335288199,-0.339045765496,1.2));
#2068 = VECTOR('',#2069,1.);
#2069 = DIRECTION('',(0.788010753607,0.615661475326,0.));
#2070 = ORIENTED_EDGE('',*,*,#2071,.T.);
#2071 = EDGE_CURVE('',#2064,#2072,#2074,.T.);
#2072 = VERTEX_POINT('',#2073);
#2073 = CARTESIAN_POINT('',(-15.98277587125,-6.417260076549,1.2));
#2074 = LINE('',#2075,#2076);
#2075 = CARTESIAN_POINT('',(-14.89517619111,-7.809324186315,1.2));
#2076 = VECTOR('',#2077,1.);
#2077 = DIRECTION('',(0.615661475326,-0.788010753607,0.));
#2078 = ORIENTED_EDGE('',*,*,#2079,.F.);
#2079 = EDGE_CURVE('',#2080,#2072,#2082,.T.);
#2080 = VERTEX_POINT('',#2081);
#2081 = CARTESIAN_POINT('',(-17.99188413794,-7.986947487413,1.2));
#2082 = LINE('',#2083,#2084);
#2083 = CARTESIAN_POINT('',(-9.463776037841,-1.324059207504,1.2));
#2084 = VECTOR('',#2085,1.);
#2085 = DIRECTION('',(0.788010753607,0.615661475326,0.));
#2086 = ORIENTED_EDGE('',*,*,#2087,.T.);
#2087 = EDGE_CURVE('',#2080,#2088,#2090,.T.);
#2088 = VERTEX_POINT('',#2089);
#2089 = CARTESIAN_POINT('',(-17.02143215636,-9.887875016715,1.2));
#2090 = CIRCLE('',#2091,19.685);
#2091 = AXIS2_PLACEMENT_3D('',#2092,#2093,#2094);
#2092 = CARTESIAN_POINT('',(0.,0.,1.2));
#2093 = DIRECTION('',(0.,0.,1.));
#2094 = DIRECTION('',(1.,0.,0.));
#2095 = ORIENTED_EDGE('',*,*,#2096,.T.);
#2096 = EDGE_CURVE('',#2088,#2097,#2099,.T.);
#2097 = VERTEX_POINT('',#2098);
#2098 = CARTESIAN_POINT('',(-15.5545471066,-8.258734122635,1.2));
#2099 = LINE('',#2100,#2101);
#2100 = CARTESIAN_POINT('',(-10.01901057817,-2.110897977868,1.2));
#2101 = VECTOR('',#2102,1.);
#2102 = DIRECTION('',(0.669130606359,0.743144825477,0.));
#2103 = ORIENTED_EDGE('',*,*,#2104,.T.);
#2104 = EDGE_CURVE('',#2097,#2105,#2107,.T.);
#2105 = VERTEX_POINT('',#2106);
#2106 = CARTESIAN_POINT('',(-14.62561607475,-9.095147380583,1.2));
#2107 = LINE('',#2108,#2109);
#2108 = CARTESIAN_POINT('',(-13.31281008173,-10.27720320608,1.2));
#2109 = VECTOR('',#2110,1.);
#2110 = DIRECTION('',(0.743144825477,-0.669130606359,0.));
#2111 = ORIENTED_EDGE('',*,*,#2112,.F.);
#2112 = EDGE_CURVE('',#2113,#2105,#2115,.T.);
#2113 = VERTEX_POINT('',#2114);
#2114 = CARTESIAN_POINT('',(-16.33162811403,-10.98986570185,1.2));
#2115 = LINE('',#2116,#2117);
#2116 = CARTESIAN_POINT('',(-9.090079546331,-2.947311235817,1.2));
#2117 = VECTOR('',#2118,1.);
#2118 = DIRECTION('',(0.669130606359,0.743144825477,0.));
#2119 = ORIENTED_EDGE('',*,*,#2120,.T.);
#2120 = EDGE_CURVE('',#2113,#2121,#2123,.T.);
#2121 = VERTEX_POINT('',#2122);
#2122 = CARTESIAN_POINT('',(-15.04582687731,-12.69339665251,1.2));
#2123 = CIRCLE('',#2124,19.685);
#2124 = AXIS2_PLACEMENT_3D('',#2125,#2126,#2127);
#2125 = CARTESIAN_POINT('',(0.,0.,1.2));
#2126 = DIRECTION('',(0.,0.,1.));
#2127 = DIRECTION('',(1.,0.,0.));
#2128 = ORIENTED_EDGE('',*,*,#2129,.T.);
#2129 = EDGE_CURVE('',#2121,#2130,#2132,.T.);
#2130 = VERTEX_POINT('',#2131);
#2131 = CARTESIAN_POINT('',(-13.88412445494,-10.83428415353,1.2));
#2132 = LINE('',#2133,#2134);
#2133 = CARTESIAN_POINT('',(-9.500245707803,-3.818611623348,1.2));
#2134 = VECTOR('',#2135,1.);
#2135 = DIRECTION('',(0.529919264233,0.848048096156,0.));
#2136 = ORIENTED_EDGE('',*,*,#2137,.T.);
#2137 = EDGE_CURVE('',#2130,#2138,#2140,.T.);
#2138 = VERTEX_POINT('',#2139);
#2139 = CARTESIAN_POINT('',(-12.82406433475,-11.49668323382,1.2));
#2140 = LINE('',#2141,#2142);
#2141 = CARTESIAN_POINT('',(-11.32594097461,-12.43281460695,1.2));
#2142 = VECTOR('',#2143,1.);
#2143 = DIRECTION('',(0.848048096156,-0.529919264233,0.));
#2144 = ORIENTED_EDGE('',*,*,#2145,.F.);
#2145 = EDGE_CURVE('',#2146,#2138,#2148,.T.);
#2146 = VERTEX_POINT('',#2147);
#2147 = CARTESIAN_POINT('',(-14.17514383408,-13.65886240808,1.2));
#2148 = LINE('',#2149,#2150);
#2149 = CARTESIAN_POINT('',(-8.440185587608,-4.48101070364,1.2));
#2150 = VECTOR('',#2151,1.);
#2151 = DIRECTION('',(0.529919264233,0.848048096156,0.));
#2152 = ORIENTED_EDGE('',*,*,#2153,.T.);
#2153 = EDGE_CURVE('',#2146,#2154,#2156,.T.);
#2154 = VERTEX_POINT('',#2155);
#2155 = CARTESIAN_POINT('',(-12.61306176214,-15.11323585419,1.2));
#2156 = CIRCLE('',#2157,19.685);
#2157 = AXIS2_PLACEMENT_3D('',#2158,#2159,#2160);
#2158 = CARTESIAN_POINT('',(0.,0.,1.2));
#2159 = DIRECTION('',(0.,0.,1.));
#2160 = DIRECTION('',(1.,0.,0.));
#2161 = ORIENTED_EDGE('',*,*,#2162,.T.);
#2162 = EDGE_CURVE('',#2154,#2163,#2165,.T.);
#2163 = VERTEX_POINT('',#2164);
#2164 = CARTESIAN_POINT('',(-11.79183970743,-13.08063994284,1.2));
#2165 = LINE('',#2166,#2167);
#2166 = CARTESIAN_POINT('',(-8.692820678953,-5.410298686964,1.2));
#2167 = VECTOR('',#2168,1.);
#2168 = DIRECTION('',(0.374606593416,0.927183854567,0.));
#2169 = ORIENTED_EDGE('',*,*,#2170,.T.);
#2170 = EDGE_CURVE('',#2163,#2171,#2173,.T.);
#2171 = VERTEX_POINT('',#2172);
#2172 = CARTESIAN_POINT('',(-10.63285988922,-13.54889818461,1.2));
#2173 = LINE('',#2174,#2175);
#2174 = CARTESIAN_POINT('',(-8.994938882195,-14.21066122729,1.2));
#2175 = VECTOR('',#2176,1.);
#2176 = DIRECTION('',(0.927183854567,-0.374606593416,0.));
#2177 = ORIENTED_EDGE('',*,*,#2178,.F.);
#2178 = EDGE_CURVE('',#2179,#2171,#2181,.T.);
#2179 = VERTEX_POINT('',#2180);
#2180 = CARTESIAN_POINT('',(-11.5879549817,-15.91284149176,1.2));
#2181 = LINE('',#2182,#2183);
#2182 = CARTESIAN_POINT('',(-7.533840860745,-5.878556928734,1.2));
#2183 = VECTOR('',#2184,1.);
#2184 = DIRECTION('',(0.374606593416,0.927183854567,0.));
#2185 = ORIENTED_EDGE('',*,*,#2186,.T.);
#2186 = EDGE_CURVE('',#2179,#2187,#2189,.T.);
#2187 = VERTEX_POINT('',#2188);
#2188 = CARTESIAN_POINT('',(-9.79705514785,-17.0738670321,1.2));
#2189 = CIRCLE('',#2190,19.685);
#2190 = AXIS2_PLACEMENT_3D('',#2191,#2192,#2193);
#2191 = CARTESIAN_POINT('',(0.,0.,1.2));
#2192 = DIRECTION('',(0.,0.,1.));
#2193 = DIRECTION('',(1.,0.,0.));
#2194 = ORIENTED_EDGE('',*,*,#2195,.T.);
#2195 = EDGE_CURVE('',#2187,#2196,#2198,.T.);
#2196 = VERTEX_POINT('',#2197);
#2197 = CARTESIAN_POINT('',(-9.341265877365,-14.9295471066,1.2));
#2198 = LINE('',#2199,#2200);
#2199 = CARTESIAN_POINT('',(-7.621268692553,-6.83759656272,1.2));
#2200 = VECTOR('',#2201,1.);
#2201 = DIRECTION('',(0.207911690818,0.978147600734,0.));
#2202 = ORIENTED_EDGE('',*,*,#2203,.T.);
#2203 = EDGE_CURVE('',#2196,#2204,#2206,.T.);
#2204 = VERTEX_POINT('',#2205);
#2205 = CARTESIAN_POINT('',(-8.118581376448,-15.18943672012,1.2));
#2206 = LINE('',#2207,#2208);
#2207 = CARTESIAN_POINT('',(-6.390630123495,-15.55672409718,1.2));
#2208 = VECTOR('',#2209,1.);
#2209 = DIRECTION('',(0.978147600734,-0.207911690818,0.));
#2210 = ORIENTED_EDGE('',*,*,#2211,.F.);
#2211 = EDGE_CURVE('',#2212,#2204,#2214,.T.);
#2212 = VERTEX_POINT('',#2213);
#2213 = CARTESIAN_POINT('',(-8.648671980989,-17.683316939,1.2));
#2214 = LINE('',#2215,#2216);
#2215 = CARTESIAN_POINT('',(-6.398584191636,-7.097486176242,1.2));
#2216 = VECTOR('',#2217,1.);
#2217 = DIRECTION('',(0.207911690818,0.978147600734,0.));
#2218 = ORIENTED_EDGE('',*,*,#2219,.T.);
#2219 = EDGE_CURVE('',#2212,#2220,#2222,.T.);
#2220 = VERTEX_POINT('',#2221);
#2221 = CARTESIAN_POINT('',(-6.683369970438,-18.51571740004,1.2));
#2222 = CIRCLE('',#2223,19.685);
#2223 = AXIS2_PLACEMENT_3D('',#2224,#2225,#2226);
#2224 = CARTESIAN_POINT('',(0.,0.,1.2));
#2225 = DIRECTION('',(0.,0.,1.));
#2226 = DIRECTION('',(1.,0.,0.));
#2227 = ORIENTED_EDGE('',*,*,#2228,.T.);
#2228 = EDGE_CURVE('',#2220,#2229,#2231,.T.);
#2229 = VERTEX_POINT('',#2230);
#2230 = CARTESIAN_POINT('',(-6.606862410523,-16.32482753625,1.2));
#2231 = LINE('',#2232,#2233);
#2232 = CARTESIAN_POINT('',(-6.318148313477,-8.057137526908,1.2));
#2233 = VECTOR('',#2234,1.);
#2234 = DIRECTION('',(3.48994967025E-02,0.999390827019,0.));
#2235 = ORIENTED_EDGE('',*,*,#2236,.T.);
#2236 = EDGE_CURVE('',#2229,#2237,#2239,.T.);
#2237 = VERTEX_POINT('',#2238);
#2238 = CARTESIAN_POINT('',(-5.357623876749,-16.36845190713,1.2));
#2239 = LINE('',#2240,#2241);
#2240 = CARTESIAN_POINT('',(-3.592145302307,-16.43010377747,1.2));
#2241 = VECTOR('',#2242,1.);
#2242 = DIRECTION('',(0.999390827019,-3.48994967025E-02,0.));
#2243 = ORIENTED_EDGE('',*,*,#2244,.F.);
#2244 = EDGE_CURVE('',#2245,#2237,#2247,.T.);
#2245 = VERTEX_POINT('',#2246);
#2246 = CARTESIAN_POINT('',(-5.446603458573,-18.91649374924,1.2));
#2247 = LINE('',#2248,#2249);
#2248 = CARTESIAN_POINT('',(-5.068909779704,-8.100761897786,1.2));
#2249 = VECTOR('',#2250,1.);
#2250 = DIRECTION('',(3.48994967025E-02,0.999390827019,0.));
#2251 = ORIENTED_EDGE('',*,*,#2252,.T.);
#2252 = EDGE_CURVE('',#2245,#2253,#2255,.T.);
#2253 = VERTEX_POINT('',#2254);
#2254 = CARTESIAN_POINT('',(-3.366613978423,-19.39497706418,1.2));
#2255 = CIRCLE('',#2256,19.685);
#2256 = AXIS2_PLACEMENT_3D('',#2257,#2258,#2259);
#2257 = CARTESIAN_POINT('',(0.,0.,1.2));
#2258 = DIRECTION('',(0.,0.,1.));
#2259 = DIRECTION('',(1.,0.,0.));
#2260 = ORIENTED_EDGE('',*,*,#2261,.T.);
#2261 = EDGE_CURVE('',#2253,#2262,#2264,.T.);
#2262 = VERTEX_POINT('',#2263);
#2263 = CARTESIAN_POINT('',(-3.671712772571,-17.22408634197,1.2));
#2264 = LINE('',#2265,#2266);
#2265 = CARTESIAN_POINT('',(-4.823054195034,-9.031866444449,1.2));
#2266 = VECTOR('',#2267,1.);
#2267 = DIRECTION('',(-0.13917310096,0.990268068742,0.));
#2268 = ORIENTED_EDGE('',*,*,#2269,.T.);
#2269 = EDGE_CURVE('',#2262,#2270,#2272,.T.);
#2270 = VERTEX_POINT('',#2271);
#2271 = CARTESIAN_POINT('',(-2.433877686644,-17.05011996577,1.2));
#2272 = LINE('',#2273,#2274);
#2273 = CARTESIAN_POINT('',(-0.684514963822,-16.80426306851,1.2));
#2274 = VECTOR('',#2275,1.);
#2275 = DIRECTION('',(0.990268068742,0.13917310096,0.));
#2276 = ORIENTED_EDGE('',*,*,#2277,.F.);
#2277 = EDGE_CURVE('',#2278,#2270,#2280,.T.);
#2278 = VERTEX_POINT('',#2279);
#2279 = CARTESIAN_POINT('',(-2.079042646182,-19.57490246911,1.2));
#2280 = LINE('',#2281,#2282);
#2281 = CARTESIAN_POINT('',(-3.585219109107,-8.857900068249,1.2));
#2282 = VECTOR('',#2283,1.);
#2283 = DIRECTION('',(-0.13917310096,0.990268068742,0.));
#2284 = ORIENTED_EDGE('',*,*,#2285,.T.);
#2285 = EDGE_CURVE('',#2278,#2286,#2288,.T.);
#2286 = VERTEX_POINT('',#2287);
#2287 = CARTESIAN_POINT('',(5.243487573732E-02,-19.68493016456,1.2));
#2288 = CIRCLE('',#2289,19.685);
#2289 = AXIS2_PLACEMENT_3D('',#2290,#2291,#2292);
#2290 = CARTESIAN_POINT('',(0.,0.,1.2));
#2291 = DIRECTION('',(0.,0.,1.));
#2292 = DIRECTION('',(1.,0.,0.));
#2293 = ORIENTED_EDGE('',*,*,#2294,.T.);
#2294 = EDGE_CURVE('',#2286,#2295,#2297,.T.);
#2295 = VERTEX_POINT('',#2296);
#2296 = CARTESIAN_POINT('',(-0.625,-17.6,1.2));
#2297 = LINE('',#2298,#2299);
#2298 = CARTESIAN_POINT('',(-3.181414015458,-9.732166670421,1.2));
#2299 = VECTOR('',#2300,1.);
#2300 = DIRECTION('',(-0.309016994375,0.951056516295,0.));
#2301 = ORIENTED_EDGE('',*,*,#2302,.T.);
#2302 = EDGE_CURVE('',#2295,#2303,#2305,.T.);
#2303 = VERTEX_POINT('',#2304);
#2304 = CARTESIAN_POINT('',(0.563820645369,-17.21372875703,1.2));
#2305 = LINE('',#2306,#2307);
#2306 = CARTESIAN_POINT('',(2.243914015458,-16.66783332957,1.2));
#2307 = VECTOR('',#2308,1.);
#2308 = DIRECTION('',(0.951056516295,0.309016994375,0.));
#2309 = ORIENTED_EDGE('',*,*,#2310,.F.);
#2310 = EDGE_CURVE('',#2311,#2303,#2313,.T.);
#2311 = VERTEX_POINT('',#2312);
#2312 = CARTESIAN_POINT('',(1.351688824967,-19.63853768284,1.2));
#2313 = LINE('',#2314,#2315);
#2314 = CARTESIAN_POINT('',(-1.992593370089,-9.345895427452,1.2));
#2315 = VECTOR('',#2316,1.);
#2316 = DIRECTION('',(-0.309016994375,0.951056516295,0.));
#2317 = ORIENTED_EDGE('',*,*,#2318,.T.);
#2318 = EDGE_CURVE('',#2311,#2319,#2321,.T.);
#2319 = VERTEX_POINT('',#2320);
#2320 = CARTESIAN_POINT('',(3.469890522732,-19.37676662295,1.2));
#2321 = CIRCLE('',#2322,19.685);
#2322 = AXIS2_PLACEMENT_3D('',#2323,#2324,#2325);
#2323 = CARTESIAN_POINT('',(0.,0.,1.2));
#2324 = DIRECTION('',(0.,0.,1.));
#2325 = DIRECTION('',(1.,0.,0.));
#2326 = ORIENTED_EDGE('',*,*,#2327,.T.);
#2327 = EDGE_CURVE('',#2319,#2328,#2330,.T.);
#2328 = VERTEX_POINT('',#2329);
#2329 = CARTESIAN_POINT('',(2.440703081305,-17.44114656405,1.2));
#2330 = LINE('',#2331,#2332);
#2331 = CARTESIAN_POINT('',(-1.443108180895,-10.13675993682,1.2));
#2332 = VECTOR('',#2333,1.);
#2333 = DIRECTION('',(-0.469471562786,0.882947592859,0.));
#2334 = ORIENTED_EDGE('',*,*,#2335,.T.);
#2335 = EDGE_CURVE('',#2328,#2336,#2338,.T.);
#2336 = VERTEX_POINT('',#2337);
#2337 = CARTESIAN_POINT('',(3.544387572379,-16.85430711057,1.2));
#2338 = LINE('',#2339,#2340);
#2339 = CARTESIAN_POINT('',(5.104162802853,-16.02495990925,1.2));
#2340 = VECTOR('',#2341,1.);
#2341 = DIRECTION('',(0.882947592859,0.469471562786,0.));
#2342 = ORIENTED_EDGE('',*,*,#2343,.F.);
#2343 = EDGE_CURVE('',#2344,#2336,#2346,.T.);
#2344 = VERTEX_POINT('',#2345);
#2345 = CARTESIAN_POINT('',(4.741349915156,-19.10546586665,1.2));
#2346 = LINE('',#2347,#2348);
#2347 = CARTESIAN_POINT('',(-0.339423689822,-9.549920483343,1.2));
#2348 = VECTOR('',#2349,1.);
#2349 = DIRECTION('',(-0.469471562786,0.882947592859,0.));
#2350 = ORIENTED_EDGE('',*,*,#2351,.T.);
#2351 = EDGE_CURVE('',#2344,#2352,#2354,.T.);
#2352 = VERTEX_POINT('',#2353);
#2353 = CARTESIAN_POINT('',(6.781915302043,-18.47984983261,1.2));
#2354 = CIRCLE('',#2355,19.685);
#2355 = AXIS2_PLACEMENT_3D('',#2356,#2357,#2358);
#2356 = CARTESIAN_POINT('',(0.,0.,1.2));
#2357 = DIRECTION('',(0.,0.,1.));
#2358 = DIRECTION('',(1.,0.,0.));
#2359 = ORIENTED_EDGE('',*,*,#2360,.T.);
#2360 = EDGE_CURVE('',#2352,#2361,#2363,.T.);
#2361 = VERTEX_POINT('',#2362);
#2362 = CARTESIAN_POINT('',(5.432246634541,-16.75235271541,1.2));
#2363 = LINE('',#2364,#2365);
#2364 = CARTESIAN_POINT('',(0.339045765496,-10.23335288199,1.2));
#2365 = VECTOR('',#2366,1.);
#2366 = DIRECTION('',(-0.615661475326,0.788010753607,0.));
#2367 = ORIENTED_EDGE('',*,*,#2368,.T.);
#2368 = EDGE_CURVE('',#2361,#2369,#2371,.T.);
#2369 = VERTEX_POINT('',#2370);
#2370 = CARTESIAN_POINT('',(6.417260076549,-15.98277587125,1.2));
#2371 = LINE('',#2372,#2373);
#2372 = CARTESIAN_POINT('',(7.809324186315,-14.89517619111,1.2));
#2373 = VECTOR('',#2374,1.);
#2374 = DIRECTION('',(0.788010753607,0.615661475326,0.));
#2375 = ORIENTED_EDGE('',*,*,#2376,.F.);
#2376 = EDGE_CURVE('',#2377,#2369,#2379,.T.);
#2377 = VERTEX_POINT('',#2378);
#2378 = CARTESIAN_POINT('',(7.986947487413,-17.99188413794,1.2));
#2379 = LINE('',#2380,#2381);
#2380 = CARTESIAN_POINT('',(1.324059207504,-9.463776037841,1.2));
#2381 = VECTOR('',#2382,1.);
#2382 = DIRECTION('',(-0.615661475326,0.788010753607,0.));
#2383 = ORIENTED_EDGE('',*,*,#2384,.T.);
#2384 = EDGE_CURVE('',#2377,#2385,#2387,.T.);
#2385 = VERTEX_POINT('',#2386);
#2386 = CARTESIAN_POINT('',(9.887875016715,-17.02143215636,1.2));
#2387 = CIRCLE('',#2388,19.685);
#2388 = AXIS2_PLACEMENT_3D('',#2389,#2390,#2391);
#2389 = CARTESIAN_POINT('',(0.,0.,1.2));
#2390 = DIRECTION('',(0.,0.,1.));
#2391 = DIRECTION('',(1.,0.,0.));
#2392 = ORIENTED_EDGE('',*,*,#2393,.T.);
#2393 = EDGE_CURVE('',#2385,#2394,#2396,.T.);
#2394 = VERTEX_POINT('',#2395);
#2395 = CARTESIAN_POINT('',(8.258734122635,-15.5545471066,1.2));
#2396 = LINE('',#2397,#2398);
#2397 = CARTESIAN_POINT('',(2.110897977868,-10.01901057817,1.2));
#2398 = VECTOR('',#2399,1.);
#2399 = DIRECTION('',(-0.743144825477,0.669130606359,0.));
#2400 = ORIENTED_EDGE('',*,*,#2401,.T.);
#2401 = EDGE_CURVE('',#2394,#2402,#2404,.T.);
#2402 = VERTEX_POINT('',#2403);
#2403 = CARTESIAN_POINT('',(9.095147380583,-14.62561607475,1.2));
#2404 = LINE('',#2405,#2406);
#2405 = CARTESIAN_POINT('',(10.277203206084,-13.31281008173,1.2));
#2406 = VECTOR('',#2407,1.);
#2407 = DIRECTION('',(0.669130606359,0.743144825477,0.));
#2408 = ORIENTED_EDGE('',*,*,#2409,.F.);
#2409 = EDGE_CURVE('',#2410,#2402,#2412,.T.);
#2410 = VERTEX_POINT('',#2411);
#2411 = CARTESIAN_POINT('',(10.989865701854,-16.33162811403,1.2));
#2412 = LINE('',#2413,#2414);
#2413 = CARTESIAN_POINT('',(2.947311235817,-9.090079546331,1.2));
#2414 = VECTOR('',#2415,1.);
#2415 = DIRECTION('',(-0.743144825477,0.669130606359,0.));
#2416 = ORIENTED_EDGE('',*,*,#2417,.T.);
#2417 = EDGE_CURVE('',#2410,#2418,#2420,.T.);
#2418 = VERTEX_POINT('',#2419);
#2419 = CARTESIAN_POINT('',(12.693396652511,-15.04582687731,1.2));
#2420 = CIRCLE('',#2421,19.685);
#2421 = AXIS2_PLACEMENT_3D('',#2422,#2423,#2424);
#2422 = CARTESIAN_POINT('',(0.,0.,1.2));
#2423 = DIRECTION('',(0.,0.,1.));
#2424 = DIRECTION('',(1.,0.,0.));
#2425 = ORIENTED_EDGE('',*,*,#2426,.T.);
#2426 = EDGE_CURVE('',#2418,#2427,#2429,.T.);
#2427 = VERTEX_POINT('',#2428);
#2428 = CARTESIAN_POINT('',(10.834284153534,-13.88412445494,1.2));
#2429 = LINE('',#2430,#2431);
#2430 = CARTESIAN_POINT('',(3.818611623348,-9.500245707803,1.2));
#2431 = VECTOR('',#2432,1.);
#2432 = DIRECTION('',(-0.848048096156,0.529919264233,0.));
#2433 = ORIENTED_EDGE('',*,*,#2434,.T.);
#2434 = EDGE_CURVE('',#2427,#2435,#2437,.T.);
#2435 = VERTEX_POINT('',#2436);
#2436 = CARTESIAN_POINT('',(11.496683233825,-12.82406433475,1.2));
#2437 = LINE('',#2438,#2439);
#2438 = CARTESIAN_POINT('',(12.432814606952,-11.32594097461,1.2));
#2439 = VECTOR('',#2440,1.);
#2440 = DIRECTION('',(0.529919264233,0.848048096156,0.));
#2441 = ORIENTED_EDGE('',*,*,#2442,.F.);
#2442 = EDGE_CURVE('',#2443,#2435,#2445,.T.);
#2443 = VERTEX_POINT('',#2444);
#2444 = CARTESIAN_POINT('',(13.658862408086,-14.17514383408,1.2));
#2445 = LINE('',#2446,#2447);
#2446 = CARTESIAN_POINT('',(4.48101070364,-8.440185587608,1.2));
#2447 = VECTOR('',#2448,1.);
#2448 = DIRECTION('',(-0.848048096156,0.529919264233,0.));
#2449 = ORIENTED_EDGE('',*,*,#2450,.T.);
#2450 = EDGE_CURVE('',#2443,#2451,#2453,.T.);
#2451 = VERTEX_POINT('',#2452);
#2452 = CARTESIAN_POINT('',(15.11323585419,-12.61306176214,1.2));
#2453 = CIRCLE('',#2454,19.685);
#2454 = AXIS2_PLACEMENT_3D('',#2455,#2456,#2457);
#2455 = CARTESIAN_POINT('',(0.,0.,1.2));
#2456 = DIRECTION('',(0.,0.,1.));
#2457 = DIRECTION('',(1.,0.,0.));
#2458 = ORIENTED_EDGE('',*,*,#2459,.T.);
#2459 = EDGE_CURVE('',#2451,#2460,#2462,.T.);
#2460 = VERTEX_POINT('',#2461);
#2461 = CARTESIAN_POINT('',(13.08063994284,-11.79183970743,1.2));
#2462 = LINE('',#2463,#2464);
#2463 = CARTESIAN_POINT('',(5.410298686964,-8.692820678953,1.2));
#2464 = VECTOR('',#2465,1.);
#2465 = DIRECTION('',(-0.927183854567,0.374606593416,0.));
#2466 = ORIENTED_EDGE('',*,*,#2467,.T.);
#2467 = EDGE_CURVE('',#2460,#2468,#2470,.T.);
#2468 = VERTEX_POINT('',#2469);
#2469 = CARTESIAN_POINT('',(13.54889818461,-10.63285988922,1.2));
#2470 = LINE('',#2471,#2472);
#2471 = CARTESIAN_POINT('',(14.210661227296,-8.994938882195,1.2));
#2472 = VECTOR('',#2473,1.);
#2473 = DIRECTION('',(0.374606593416,0.927183854567,0.));
#2474 = ORIENTED_EDGE('',*,*,#2475,.F.);
#2475 = EDGE_CURVE('',#2476,#2468,#2478,.T.);
#2476 = VERTEX_POINT('',#2477);
#2477 = CARTESIAN_POINT('',(15.912841491765,-11.5879549817,1.2));
#2478 = LINE('',#2479,#2480);
#2479 = CARTESIAN_POINT('',(5.878556928734,-7.533840860745,1.2));
#2480 = VECTOR('',#2481,1.);
#2481 = DIRECTION('',(-0.927183854567,0.374606593416,0.));
#2482 = ORIENTED_EDGE('',*,*,#2483,.T.);
#2483 = EDGE_CURVE('',#2476,#2484,#2486,.T.);
#2484 = VERTEX_POINT('',#2485);
#2485 = CARTESIAN_POINT('',(17.073867032105,-9.79705514785,1.2));
#2486 = CIRCLE('',#2487,19.685);
#2487 = AXIS2_PLACEMENT_3D('',#2488,#2489,#2490);
#2488 = CARTESIAN_POINT('',(0.,0.,1.2));
#2489 = DIRECTION('',(0.,0.,1.));
#2490 = DIRECTION('',(1.,0.,0.));
#2491 = ORIENTED_EDGE('',*,*,#2492,.T.);
#2492 = EDGE_CURVE('',#2484,#2493,#2495,.T.);
#2493 = VERTEX_POINT('',#2494);
#2494 = CARTESIAN_POINT('',(14.929547106606,-9.341265877365,1.2));
#2495 = LINE('',#2496,#2497);
#2496 = CARTESIAN_POINT('',(6.83759656272,-7.621268692553,1.2));
#2497 = VECTOR('',#2498,1.);
#2498 = DIRECTION('',(-0.978147600734,0.207911690818,0.));
#2499 = ORIENTED_EDGE('',*,*,#2500,.T.);
#2500 = EDGE_CURVE('',#2493,#2501,#2503,.T.);
#2501 = VERTEX_POINT('',#2502);
#2502 = CARTESIAN_POINT('',(15.189436720128,-8.118581376448,1.2));
#2503 = LINE('',#2504,#2505);
#2504 = CARTESIAN_POINT('',(15.556724097189,-6.390630123495,1.2));
#2505 = VECTOR('',#2506,1.);
#2506 = DIRECTION('',(0.207911690818,0.978147600734,0.));
#2507 = ORIENTED_EDGE('',*,*,#2508,.F.);
#2508 = EDGE_CURVE('',#2509,#2501,#2511,.T.);
#2509 = VERTEX_POINT('',#2510);
#2510 = CARTESIAN_POINT('',(17.683316939004,-8.648671980989,1.2));
#2511 = LINE('',#2512,#2513);
#2512 = CARTESIAN_POINT('',(7.097486176242,-6.398584191636,1.2));
#2513 = VECTOR('',#2514,1.);
#2514 = DIRECTION('',(-0.978147600734,0.207911690818,0.));
#2515 = ORIENTED_EDGE('',*,*,#2516,.T.);
#2516 = EDGE_CURVE('',#2509,#2517,#2519,.T.);
#2517 = VERTEX_POINT('',#2518);
#2518 = CARTESIAN_POINT('',(18.515717400043,-6.683369970438,1.2));
#2519 = CIRCLE('',#2520,19.685);
#2520 = AXIS2_PLACEMENT_3D('',#2521,#2522,#2523);
#2521 = CARTESIAN_POINT('',(0.,0.,1.2));
#2522 = DIRECTION('',(0.,0.,1.));
#2523 = DIRECTION('',(1.,0.,0.));
#2524 = ORIENTED_EDGE('',*,*,#2525,.T.);
#2525 = EDGE_CURVE('',#2517,#2526,#2528,.T.);
#2526 = VERTEX_POINT('',#2527);
#2527 = CARTESIAN_POINT('',(16.324827536253,-6.606862410523,1.2));
#2528 = LINE('',#2529,#2530);
#2529 = CARTESIAN_POINT('',(8.057137526908,-6.318148313477,1.2));
#2530 = VECTOR('',#2531,1.);
#2531 = DIRECTION('',(-0.999390827019,3.48994967025E-02,0.));
#2532 = ORIENTED_EDGE('',*,*,#2533,.T.);
#2533 = EDGE_CURVE('',#2526,#2534,#2536,.T.);
#2534 = VERTEX_POINT('',#2535);
#2535 = CARTESIAN_POINT('',(16.368451907132,-5.357623876749,1.2));
#2536 = LINE('',#2537,#2538);
#2537 = CARTESIAN_POINT('',(16.430103777472,-3.592145302307,1.2));
#2538 = VECTOR('',#2539,1.);
#2539 = DIRECTION('',(3.48994967025E-02,0.999390827019,0.));
#2540 = ORIENTED_EDGE('',*,*,#2541,.F.);
#2541 = EDGE_CURVE('',#2542,#2534,#2544,.T.);
#2542 = VERTEX_POINT('',#2543);
#2543 = CARTESIAN_POINT('',(18.916493749241,-5.446603458573,1.2));
#2544 = LINE('',#2545,#2546);
#2545 = CARTESIAN_POINT('',(8.100761897786,-5.068909779704,1.2));
#2546 = VECTOR('',#2547,1.);
#2547 = DIRECTION('',(-0.999390827019,3.48994967025E-02,0.));
#2548 = ORIENTED_EDGE('',*,*,#2549,.T.);
#2549 = EDGE_CURVE('',#2542,#2550,#2552,.T.);
#2550 = VERTEX_POINT('',#2551);
#2551 = CARTESIAN_POINT('',(19.394977064186,-3.366613978423,1.2));
#2552 = CIRCLE('',#2553,19.685);
#2553 = AXIS2_PLACEMENT_3D('',#2554,#2555,#2556);
#2554 = CARTESIAN_POINT('',(0.,0.,1.2));
#2555 = DIRECTION('',(0.,0.,1.));
#2556 = DIRECTION('',(1.,0.,0.));
#2557 = ORIENTED_EDGE('',*,*,#2558,.T.);
#2558 = EDGE_CURVE('',#2550,#2559,#2561,.T.);
#2559 = VERTEX_POINT('',#2560);
#2560 = CARTESIAN_POINT('',(17.224086341973,-3.671712772571,1.2));
#2561 = LINE('',#2562,#2563);
#2562 = CARTESIAN_POINT('',(9.031866444449,-4.823054195034,1.2));
#2563 = VECTOR('',#2564,1.);
#2564 = DIRECTION('',(-0.990268068742,-0.13917310096,0.));
#2565 = ORIENTED_EDGE('',*,*,#2566,.T.);
#2566 = EDGE_CURVE('',#2559,#1395,#2567,.T.);
#2567 = LINE('',#2568,#2569);
#2568 = CARTESIAN_POINT('',(16.80426306851,-0.684514963822,1.2));
#2569 = VECTOR('',#2570,1.);
#2570 = DIRECTION('',(-0.13917310096,0.990268068742,0.));
#2571 = ORIENTED_EDGE('',*,*,#1402,.F.);
#2572 = ORIENTED_EDGE('',*,*,#31,.T.);
#2573 = ORIENTED_EDGE('',*,*,#63,.T.);
#2574 = ORIENTED_EDGE('',*,*,#2575,.T.);
#2575 = EDGE_CURVE('',#64,#2576,#2578,.T.);
#2576 = VERTEX_POINT('',#2577);
#2577 = CARTESIAN_POINT('',(17.6,-0.625,1.2));
#2578 = LINE('',#2579,#2580);
#2579 = CARTESIAN_POINT('',(9.732166670421,-3.181414015458,1.2));
#2580 = VECTOR('',#2581,1.);
#2581 = DIRECTION('',(-0.951056516295,-0.309016994375,0.));
#2582 = ORIENTED_EDGE('',*,*,#2583,.T.);
#2583 = EDGE_CURVE('',#2576,#1420,#2584,.T.);
#2584 = LINE('',#2585,#2586);
#2585 = CARTESIAN_POINT('',(16.667833329579,2.243914015458,1.2));
#2586 = VECTOR('',#2587,1.);
#2587 = DIRECTION('',(-0.309016994375,0.951056516295,0.));
#2588 = FACE_BOUND('',#2589,.T.);
#2589 = EDGE_LOOP('',(#2590));
#2590 = ORIENTED_EDGE('',*,*,#2591,.F.);
#2591 = EDGE_CURVE('',#2592,#2592,#2594,.T.);
#2592 = VERTEX_POINT('',#2593);
#2593 = CARTESIAN_POINT('',(1.8,-14.,1.2));
#2594 = CIRCLE('',#2595,1.8);
#2595 = AXIS2_PLACEMENT_3D('',#2596,#2597,#2598);
#2596 = CARTESIAN_POINT('',(-2.571758278209E-15,-14.,1.2));
#2597 = DIRECTION('',(0.,0.,1.));
#2598 = DIRECTION('',(1.,0.,0.));
#2599 = FACE_BOUND('',#2600,.T.);
#2600 = EDGE_LOOP('',(#2601));
#2601 = ORIENTED_EDGE('',*,*,#2602,.F.);
#2602 = EDGE_CURVE('',#2603,#2603,#2605,.T.);
#2603 = VERTEX_POINT('',#2604);
#2604 = CARTESIAN_POINT('',(-5.2,-11.25833024919,1.2));
#2605 = CIRCLE('',#2606,1.3);
#2606 = AXIS2_PLACEMENT_3D('',#2607,#2608,#2609);
#2607 = CARTESIAN_POINT('',(-6.5,-11.25833024919,1.2));
#2608 = DIRECTION('',(0.,0.,1.));
#2609 = DIRECTION('',(1.,0.,0.));
#2610 = FACE_BOUND('',#2611,.T.);
#2611 = EDGE_LOOP('',(#2612));
#2612 = ORIENTED_EDGE('',*,*,#2613,.F.);
#2613 = EDGE_CURVE('',#2614,#2614,#2616,.T.);
#2614 = VERTEX_POINT('',#2615);
#2615 = CARTESIAN_POINT('',(-10.32435565298,-7.,1.2));
#2616 = CIRCLE('',#2617,1.8);
#2617 = AXIS2_PLACEMENT_3D('',#2618,#2619,#2620);
#2618 = CARTESIAN_POINT('',(-12.12435565298,-7.,1.2));
#2619 = DIRECTION('',(0.,0.,1.));
#2620 = DIRECTION('',(1.,0.,0.));
#2621 = FACE_BOUND('',#2622,.T.);
#2622 = EDGE_LOOP('',(#2623));
#2623 = ORIENTED_EDGE('',*,*,#2624,.F.);
#2624 = EDGE_CURVE('',#2625,#2625,#2627,.T.);
#2625 = VERTEX_POINT('',#2626);
#2626 = CARTESIAN_POINT('',(9.5,-2.32682891838E-15,1.2));
#2627 = CIRCLE('',#2628,9.5);
#2628 = AXIS2_PLACEMENT_3D('',#2629,#2630,#2631);
#2629 = CARTESIAN_POINT('',(0.,0.,1.2));
#2630 = DIRECTION('',(0.,0.,1.));
#2631 = DIRECTION('',(1.,0.,0.));
#2632 = FACE_BOUND('',#2633,.T.);
#2633 = EDGE_LOOP('',(#2634));
#2634 = ORIENTED_EDGE('',*,*,#2635,.F.);
#2635 = EDGE_CURVE('',#2636,#2636,#2638,.T.);
#2636 = VERTEX_POINT('',#2637);
#2637 = CARTESIAN_POINT('',(13.924355652982,-7.,1.2));
#2638 = CIRCLE('',#2639,1.8);
#2639 = AXIS2_PLACEMENT_3D('',#2640,#2641,#2642);
#2640 = CARTESIAN_POINT('',(12.124355652982,-7.,1.2));
#2641 = DIRECTION('',(0.,0.,1.));
#2642 = DIRECTION('',(1.,0.,0.));
#2643 = FACE_BOUND('',#2644,.T.);
#2644 = EDGE_LOOP('',(#2645));
#2645 = ORIENTED_EDGE('',*,*,#2646,.F.);
#2646 = EDGE_CURVE('',#2647,#2647,#2649,.T.);
#2647 = VERTEX_POINT('',#2648);
#2648 = CARTESIAN_POINT('',(14.3,-3.184081677783E-16,1.2));
#2649 = CIRCLE('',#2650,1.3);
#2650 = AXIS2_PLACEMENT_3D('',#2651,#2652,#2653);
#2651 = CARTESIAN_POINT('',(13.,0.,1.2));
#2652 = DIRECTION('',(0.,0.,1.));
#2653 = DIRECTION('',(1.,0.,0.));
#2654 = FACE_BOUND('',#2655,.T.);
#2655 = EDGE_LOOP('',(#2656));
#2656 = ORIENTED_EDGE('',*,*,#2657,.F.);
#2657 = EDGE_CURVE('',#2658,#2658,#2660,.T.);
#2658 = VERTEX_POINT('',#2659);
#2659 = CARTESIAN_POINT('',(-10.32435565298,7.,1.2));
#2660 = CIRCLE('',#2661,1.8);
#2661 = AXIS2_PLACEMENT_3D('',#2662,#2663,#2664);
#2662 = CARTESIAN_POINT('',(-12.12435565298,7.,1.2));
#2663 = DIRECTION('',(0.,0.,1.));
#2664 = DIRECTION('',(1.,0.,0.));
#2665 = FACE_BOUND('',#2666,.T.);
#2666 = EDGE_LOOP('',(#2667));
#2667 = ORIENTED_EDGE('',*,*,#2668,.F.);
#2668 = EDGE_CURVE('',#2669,#2669,#2671,.T.);
#2669 = VERTEX_POINT('',#2670);
#2670 = CARTESIAN_POINT('',(-5.2,11.258330249198,1.2));
#2671 = CIRCLE('',#2672,1.3);
#2672 = AXIS2_PLACEMENT_3D('',#2673,#2674,#2675);
#2673 = CARTESIAN_POINT('',(-6.5,11.258330249198,1.2));
#2674 = DIRECTION('',(0.,0.,1.));
#2675 = DIRECTION('',(1.,0.,0.));
#2676 = FACE_BOUND('',#2677,.T.);
#2677 = EDGE_LOOP('',(#2678));
#2678 = ORIENTED_EDGE('',*,*,#2679,.F.);
#2679 = EDGE_CURVE('',#2680,#2680,#2682,.T.);
#2680 = VERTEX_POINT('',#2681);
#2681 = CARTESIAN_POINT('',(1.8,14.,1.2));
#2682 = CIRCLE('',#2683,1.8);
#2683 = AXIS2_PLACEMENT_3D('',#2684,#2685,#2686);
#2684 = CARTESIAN_POINT('',(8.572527594031E-16,14.,1.2));
#2685 = DIRECTION('',(0.,0.,1.));
#2686 = DIRECTION('',(1.,0.,0.));
#2687 = FACE_BOUND('',#2688,.T.);
#2688 = EDGE_LOOP('',(#2689));
#2689 = ORIENTED_EDGE('',*,*,#2690,.F.);
#2690 = EDGE_CURVE('',#2691,#2691,#2693,.T.);
#2691 = VERTEX_POINT('',#2692);
#2692 = CARTESIAN_POINT('',(13.924355652982,7.,1.2));
#2693 = CIRCLE('',#2694,1.8);
#2694 = AXIS2_PLACEMENT_3D('',#2695,#2696,#2697);
#2695 = CARTESIAN_POINT('',(12.124355652982,7.,1.2));
#2696 = DIRECTION('',(0.,0.,1.));
#2697 = DIRECTION('',(1.,0.,0.));
#2698 = PLANE('',#2699);
#2699 = AXIS2_PLACEMENT_3D('',#2700,#2701,#2702);
#2700 = CARTESIAN_POINT('',(0.,0.,1.2));
#2701 = DIRECTION('',(0.,0.,1.));
#2702 = DIRECTION('',(1.,0.,0.));
#2703 = ADVANCED_FACE('',(#2704),#2715,.T.);
#2704 = FACE_BOUND('',#2705,.T.);
#2705 = EDGE_LOOP('',(#2706,#2707,#2713,#2714));
#2706 = ORIENTED_EDGE('',*,*,#1261,.T.);
#2707 = ORIENTED_EDGE('',*,*,#2708,.T.);
#2708 = EDGE_CURVE('',#1262,#2576,#2709,.T.);
#2709 = LINE('',#2710,#2711);
#2710 = CARTESIAN_POINT('',(17.6,-0.625,-0.5));
#2711 = VECTOR('',#2712,1.);
#2712 = DIRECTION('',(0.,0.,1.));
#2713 = ORIENTED_EDGE('',*,*,#2575,.F.);
#2714 = ORIENTED_EDGE('',*,*,#82,.F.);
#2715 = PLANE('',#2716);
#2716 = AXIS2_PLACEMENT_3D('',#2717,#2718,#2719);
#2717 = CARTESIAN_POINT('',(17.6,-0.625,-0.5));
#2718 = DIRECTION('',(-0.309016994375,0.951056516295,0.));
#2719 = DIRECTION('',(0.,0.,1.));
#2720 = ADVANCED_FACE('',(#2721),#2737,.F.);
#2721 = FACE_BOUND('',#2722,.F.);
#2722 = EDGE_LOOP('',(#2723,#2724,#2730,#2731));
#2723 = ORIENTED_EDGE('',*,*,#96,.T.);
#2724 = ORIENTED_EDGE('',*,*,#2725,.T.);
#2725 = EDGE_CURVE('',#99,#1420,#2726,.T.);
#2726 = LINE('',#2727,#2728);
#2727 = CARTESIAN_POINT('',(17.213728757031,0.563820645369,-0.5));
#2728 = VECTOR('',#2729,1.);
#2729 = DIRECTION('',(0.,0.,1.));
#2730 = ORIENTED_EDGE('',*,*,#1417,.F.);
#2731 = ORIENTED_EDGE('',*,*,#2732,.F.);
#2732 = EDGE_CURVE('',#97,#1418,#2733,.T.);
#2733 = LINE('',#2734,#2735);
#2734 = CARTESIAN_POINT('',(19.638537682843,1.351688824967,0.));
#2735 = VECTOR('',#2736,1.);
#2736 = DIRECTION('',(0.,0.,1.));
#2737 = PLANE('',#2738);
#2738 = AXIS2_PLACEMENT_3D('',#2739,#2740,#2741);
#2739 = CARTESIAN_POINT('',(17.213728757031,0.563820645369,-0.5));
#2740 = DIRECTION('',(-0.309016994375,0.951056516295,0.));
#2741 = DIRECTION('',(0.,0.,1.));
#2742 = ADVANCED_FACE('',(#2743),#2754,.T.);
#2743 = FACE_BOUND('',#2744,.T.);
#2744 = EDGE_LOOP('',(#2745,#2751,#2752,#2753));
#2745 = ORIENTED_EDGE('',*,*,#2746,.T.);
#2746 = EDGE_CURVE('',#107,#1428,#2747,.T.);
#2747 = LINE('',#2748,#2749);
#2748 = CARTESIAN_POINT('',(19.37676662295,3.469890522732,0.));
#2749 = VECTOR('',#2750,1.);
#2750 = DIRECTION('',(0.,0.,1.));
#2751 = ORIENTED_EDGE('',*,*,#1427,.F.);
#2752 = ORIENTED_EDGE('',*,*,#2732,.F.);
#2753 = ORIENTED_EDGE('',*,*,#106,.T.);
#2754 = CYLINDRICAL_SURFACE('',#2755,19.685);
#2755 = AXIS2_PLACEMENT_3D('',#2756,#2757,#2758);
#2756 = CARTESIAN_POINT('',(0.,0.,0.));
#2757 = DIRECTION('',(0.,0.,1.));
#2758 = DIRECTION('',(1.,0.,0.));
#2759 = ADVANCED_FACE('',(#2760),#2766,.T.);
#2760 = FACE_BOUND('',#2761,.T.);
#2761 = EDGE_LOOP('',(#2762,#2763,#2764,#2765));
#2762 = ORIENTED_EDGE('',*,*,#2708,.F.);
#2763 = ORIENTED_EDGE('',*,*,#1269,.T.);
#2764 = ORIENTED_EDGE('',*,*,#2725,.T.);
#2765 = ORIENTED_EDGE('',*,*,#2583,.F.);
#2766 = PLANE('',#2767);
#2767 = AXIS2_PLACEMENT_3D('',#2768,#2769,#2770);
#2768 = CARTESIAN_POINT('',(17.6,-0.625,-0.5));
#2769 = DIRECTION('',(0.951056516295,0.309016994375,0.));
#2770 = DIRECTION('',(0.,0.,1.));
#2771 = ADVANCED_FACE('',(#2772),#2783,.T.);
#2772 = FACE_BOUND('',#2773,.T.);
#2773 = EDGE_LOOP('',(#2774,#2775,#2781,#2782));
#2774 = ORIENTED_EDGE('',*,*,#115,.T.);
#2775 = ORIENTED_EDGE('',*,*,#2776,.T.);
#2776 = EDGE_CURVE('',#116,#1437,#2777,.T.);
#2777 = LINE('',#2778,#2779);
#2778 = CARTESIAN_POINT('',(17.441146564057,2.440703081305,-0.5));
#2779 = VECTOR('',#2780,1.);
#2780 = DIRECTION('',(0.,0.,1.));
#2781 = ORIENTED_EDGE('',*,*,#1436,.F.);
#2782 = ORIENTED_EDGE('',*,*,#2746,.F.);
#2783 = PLANE('',#2784);
#2784 = AXIS2_PLACEMENT_3D('',#2785,#2786,#2787);
#2785 = CARTESIAN_POINT('',(17.441146564057,2.440703081305,-0.5));
#2786 = DIRECTION('',(-0.469471562786,0.882947592859,0.));
#2787 = DIRECTION('',(0.,0.,1.));
#2788 = ADVANCED_FACE('',(#2789),#2800,.T.);
#2789 = FACE_BOUND('',#2790,.T.);
#2790 = EDGE_LOOP('',(#2791,#2792,#2793,#2799));
#2791 = ORIENTED_EDGE('',*,*,#2776,.F.);
#2792 = ORIENTED_EDGE('',*,*,#123,.T.);
#2793 = ORIENTED_EDGE('',*,*,#2794,.T.);
#2794 = EDGE_CURVE('',#124,#1445,#2795,.T.);
#2795 = LINE('',#2796,#2797);
#2796 = CARTESIAN_POINT('',(16.854307110574,3.544387572379,-0.5));
#2797 = VECTOR('',#2798,1.);
#2798 = DIRECTION('',(0.,0.,1.));
#2799 = ORIENTED_EDGE('',*,*,#1444,.F.);
#2800 = PLANE('',#2801);
#2801 = AXIS2_PLACEMENT_3D('',#2802,#2803,#2804);
#2802 = CARTESIAN_POINT('',(17.441146564057,2.440703081305,-0.5));
#2803 = DIRECTION('',(0.882947592859,0.469471562786,0.));
#2804 = DIRECTION('',(0.,0.,1.));
#2805 = ADVANCED_FACE('',(#2806),#2817,.F.);
#2806 = FACE_BOUND('',#2807,.F.);
#2807 = EDGE_LOOP('',(#2808,#2809,#2810,#2811));
#2808 = ORIENTED_EDGE('',*,*,#131,.T.);
#2809 = ORIENTED_EDGE('',*,*,#2794,.T.);
#2810 = ORIENTED_EDGE('',*,*,#1452,.F.);
#2811 = ORIENTED_EDGE('',*,*,#2812,.F.);
#2812 = EDGE_CURVE('',#132,#1453,#2813,.T.);
#2813 = LINE('',#2814,#2815);
#2814 = CARTESIAN_POINT('',(19.105465866658,4.741349915156,0.));
#2815 = VECTOR('',#2816,1.);
#2816 = DIRECTION('',(0.,0.,1.));
#2817 = PLANE('',#2818);
#2818 = AXIS2_PLACEMENT_3D('',#2819,#2820,#2821);
#2819 = CARTESIAN_POINT('',(16.854307110574,3.544387572379,-0.5));
#2820 = DIRECTION('',(-0.469471562786,0.882947592859,0.));
#2821 = DIRECTION('',(0.,0.,1.));
#2822 = ADVANCED_FACE('',(#2823),#2834,.T.);
#2823 = FACE_BOUND('',#2824,.T.);
#2824 = EDGE_LOOP('',(#2825,#2831,#2832,#2833));
#2825 = ORIENTED_EDGE('',*,*,#2826,.T.);
#2826 = EDGE_CURVE('',#140,#1461,#2827,.T.);
#2827 = LINE('',#2828,#2829);
#2828 = CARTESIAN_POINT('',(18.479849832613,6.781915302043,0.));
#2829 = VECTOR('',#2830,1.);
#2830 = DIRECTION('',(0.,0.,1.));
#2831 = ORIENTED_EDGE('',*,*,#1460,.F.);
#2832 = ORIENTED_EDGE('',*,*,#2812,.F.);
#2833 = ORIENTED_EDGE('',*,*,#139,.T.);
#2834 = CYLINDRICAL_SURFACE('',#2835,19.685);
#2835 = AXIS2_PLACEMENT_3D('',#2836,#2837,#2838);
#2836 = CARTESIAN_POINT('',(0.,0.,0.));
#2837 = DIRECTION('',(0.,0.,1.));
#2838 = DIRECTION('',(1.,0.,0.));
#2839 = ADVANCED_FACE('',(#2840),#2851,.T.);
#2840 = FACE_BOUND('',#2841,.T.);
#2841 = EDGE_LOOP('',(#2842,#2843,#2849,#2850));
#2842 = ORIENTED_EDGE('',*,*,#148,.T.);
#2843 = ORIENTED_EDGE('',*,*,#2844,.T.);
#2844 = EDGE_CURVE('',#149,#1470,#2845,.T.);
#2845 = LINE('',#2846,#2847);
#2846 = CARTESIAN_POINT('',(16.752352715411,5.432246634541,-0.5));
#2847 = VECTOR('',#2848,1.);
#2848 = DIRECTION('',(0.,0.,1.));
#2849 = ORIENTED_EDGE('',*,*,#1469,.F.);
#2850 = ORIENTED_EDGE('',*,*,#2826,.F.);
#2851 = PLANE('',#2852);
#2852 = AXIS2_PLACEMENT_3D('',#2853,#2854,#2855);
#2853 = CARTESIAN_POINT('',(16.752352715411,5.432246634541,-0.5));
#2854 = DIRECTION('',(-0.615661475326,0.788010753607,0.));
#2855 = DIRECTION('',(0.,0.,1.));
#2856 = ADVANCED_FACE('',(#2857),#2868,.T.);
#2857 = FACE_BOUND('',#2858,.T.);
#2858 = EDGE_LOOP('',(#2859,#2865,#2866,#2867));
#2859 = ORIENTED_EDGE('',*,*,#2860,.F.);
#2860 = EDGE_CURVE('',#1238,#2559,#2861,.T.);
#2861 = LINE('',#2862,#2863);
#2862 = CARTESIAN_POINT('',(17.224086341973,-3.671712772571,-0.5));
#2863 = VECTOR('',#2864,1.);
#2864 = DIRECTION('',(0.,0.,1.));
#2865 = ORIENTED_EDGE('',*,*,#1245,.T.);
#2866 = ORIENTED_EDGE('',*,*,#1394,.T.);
#2867 = ORIENTED_EDGE('',*,*,#2566,.F.);
#2868 = PLANE('',#2869);
#2869 = AXIS2_PLACEMENT_3D('',#2870,#2871,#2872);
#2870 = CARTESIAN_POINT('',(17.224086341973,-3.671712772571,-0.5));
#2871 = DIRECTION('',(0.990268068742,0.13917310096,0.));
#2872 = DIRECTION('',(0.,0.,1.));
#2873 = ADVANCED_FACE('',(#2874),#2885,.T.);
#2874 = FACE_BOUND('',#2875,.T.);
#2875 = EDGE_LOOP('',(#2876,#2877,#2878,#2884));
#2876 = ORIENTED_EDGE('',*,*,#2844,.F.);
#2877 = ORIENTED_EDGE('',*,*,#156,.T.);
#2878 = ORIENTED_EDGE('',*,*,#2879,.T.);
#2879 = EDGE_CURVE('',#157,#1478,#2880,.T.);
#2880 = LINE('',#2881,#2882);
#2881 = CARTESIAN_POINT('',(15.982775871253,6.417260076549,-0.5));
#2882 = VECTOR('',#2883,1.);
#2883 = DIRECTION('',(0.,0.,1.));
#2884 = ORIENTED_EDGE('',*,*,#1477,.F.);
#2885 = PLANE('',#2886);
#2886 = AXIS2_PLACEMENT_3D('',#2887,#2888,#2889);
#2887 = CARTESIAN_POINT('',(16.752352715411,5.432246634541,-0.5));
#2888 = DIRECTION('',(0.788010753607,0.615661475326,0.));
#2889 = DIRECTION('',(0.,0.,1.));
#2890 = ADVANCED_FACE('',(#2891),#2902,.T.);
#2891 = FACE_BOUND('',#2892,.T.);
#2892 = EDGE_LOOP('',(#2893,#2894,#2895,#2896));
#2893 = ORIENTED_EDGE('',*,*,#1237,.T.);
#2894 = ORIENTED_EDGE('',*,*,#2860,.T.);
#2895 = ORIENTED_EDGE('',*,*,#2558,.F.);
#2896 = ORIENTED_EDGE('',*,*,#2897,.F.);
#2897 = EDGE_CURVE('',#1229,#2550,#2898,.T.);
#2898 = LINE('',#2899,#2900);
#2899 = CARTESIAN_POINT('',(19.394977064186,-3.366613978423,0.));
#2900 = VECTOR('',#2901,1.);
#2901 = DIRECTION('',(0.,0.,1.));
#2902 = PLANE('',#2903);
#2903 = AXIS2_PLACEMENT_3D('',#2904,#2905,#2906);
#2904 = CARTESIAN_POINT('',(17.224086341973,-3.671712772571,-0.5));
#2905 = DIRECTION('',(-0.13917310096,0.990268068742,0.));
#2906 = DIRECTION('',(0.,0.,1.));
#2907 = ADVANCED_FACE('',(#2908),#2919,.F.);
#2908 = FACE_BOUND('',#2909,.F.);
#2909 = EDGE_LOOP('',(#2910,#2911,#2912,#2913));
#2910 = ORIENTED_EDGE('',*,*,#164,.T.);
#2911 = ORIENTED_EDGE('',*,*,#2879,.T.);
#2912 = ORIENTED_EDGE('',*,*,#1485,.F.);
#2913 = ORIENTED_EDGE('',*,*,#2914,.F.);
#2914 = EDGE_CURVE('',#165,#1486,#2915,.T.);
#2915 = LINE('',#2916,#2917);
#2916 = CARTESIAN_POINT('',(17.991884137947,7.986947487413,0.));
#2917 = VECTOR('',#2918,1.);
#2918 = DIRECTION('',(0.,0.,1.));
#2919 = PLANE('',#2920);
#2920 = AXIS2_PLACEMENT_3D('',#2921,#2922,#2923);
#2921 = CARTESIAN_POINT('',(15.982775871253,6.417260076549,-0.5));
#2922 = DIRECTION('',(-0.615661475326,0.788010753607,0.));
#2923 = DIRECTION('',(0.,0.,1.));
#2924 = ADVANCED_FACE('',(#2925),#2936,.T.);
#2925 = FACE_BOUND('',#2926,.T.);
#2926 = EDGE_LOOP('',(#2927,#2928,#2929,#2935));
#2927 = ORIENTED_EDGE('',*,*,#2897,.T.);
#2928 = ORIENTED_EDGE('',*,*,#2549,.F.);
#2929 = ORIENTED_EDGE('',*,*,#2930,.F.);
#2930 = EDGE_CURVE('',#1221,#2542,#2931,.T.);
#2931 = LINE('',#2932,#2933);
#2932 = CARTESIAN_POINT('',(18.916493749241,-5.446603458573,0.));
#2933 = VECTOR('',#2934,1.);
#2934 = DIRECTION('',(0.,0.,1.));
#2935 = ORIENTED_EDGE('',*,*,#1228,.T.);
#2936 = CYLINDRICAL_SURFACE('',#2937,19.685);
#2937 = AXIS2_PLACEMENT_3D('',#2938,#2939,#2940);
#2938 = CARTESIAN_POINT('',(0.,0.,0.));
#2939 = DIRECTION('',(0.,0.,1.));
#2940 = DIRECTION('',(1.,0.,0.));
#2941 = ADVANCED_FACE('',(#2942),#2953,.T.);
#2942 = FACE_BOUND('',#2943,.T.);
#2943 = EDGE_LOOP('',(#2944,#2950,#2951,#2952));
#2944 = ORIENTED_EDGE('',*,*,#2945,.T.);
#2945 = EDGE_CURVE('',#173,#1494,#2946,.T.);
#2946 = LINE('',#2947,#2948);
#2947 = CARTESIAN_POINT('',(17.021432156367,9.887875016715,0.));
#2948 = VECTOR('',#2949,1.);
#2949 = DIRECTION('',(0.,0.,1.));
#2950 = ORIENTED_EDGE('',*,*,#1493,.F.);
#2951 = ORIENTED_EDGE('',*,*,#2914,.F.);
#2952 = ORIENTED_EDGE('',*,*,#172,.T.);
#2953 = CYLINDRICAL_SURFACE('',#2954,19.685);
#2954 = AXIS2_PLACEMENT_3D('',#2955,#2956,#2957);
#2955 = CARTESIAN_POINT('',(0.,0.,0.));
#2956 = DIRECTION('',(0.,0.,1.));
#2957 = DIRECTION('',(1.,0.,0.));
#2958 = ADVANCED_FACE('',(#2959),#2970,.F.);
#2959 = FACE_BOUND('',#2960,.F.);
#2960 = EDGE_LOOP('',(#2961,#2962,#2968,#2969));
#2961 = ORIENTED_EDGE('',*,*,#1220,.T.);
#2962 = ORIENTED_EDGE('',*,*,#2963,.T.);
#2963 = EDGE_CURVE('',#1213,#2534,#2964,.T.);
#2964 = LINE('',#2965,#2966);
#2965 = CARTESIAN_POINT('',(16.368451907132,-5.357623876749,-0.5));
#2966 = VECTOR('',#2967,1.);
#2967 = DIRECTION('',(0.,0.,1.));
#2968 = ORIENTED_EDGE('',*,*,#2541,.F.);
#2969 = ORIENTED_EDGE('',*,*,#2930,.F.);
#2970 = PLANE('',#2971);
#2971 = AXIS2_PLACEMENT_3D('',#2972,#2973,#2974);
#2972 = CARTESIAN_POINT('',(16.368451907132,-5.357623876749,-0.5));
#2973 = DIRECTION('',(3.48994967025E-02,0.999390827019,0.));
#2974 = DIRECTION('',(0.,0.,1.));
#2975 = ADVANCED_FACE('',(#2976),#2987,.T.);
#2976 = FACE_BOUND('',#2977,.T.);
#2977 = EDGE_LOOP('',(#2978,#2979,#2985,#2986));
#2978 = ORIENTED_EDGE('',*,*,#181,.T.);
#2979 = ORIENTED_EDGE('',*,*,#2980,.T.);
#2980 = EDGE_CURVE('',#182,#1503,#2981,.T.);
#2981 = LINE('',#2982,#2983);
#2982 = CARTESIAN_POINT('',(15.554547106606,8.258734122635,-0.5));
#2983 = VECTOR('',#2984,1.);
#2984 = DIRECTION('',(0.,0.,1.));
#2985 = ORIENTED_EDGE('',*,*,#1502,.F.);
#2986 = ORIENTED_EDGE('',*,*,#2945,.F.);
#2987 = PLANE('',#2988);
#2988 = AXIS2_PLACEMENT_3D('',#2989,#2990,#2991);
#2989 = CARTESIAN_POINT('',(15.554547106606,8.258734122635,-0.5));
#2990 = DIRECTION('',(-0.743144825477,0.669130606359,0.));
#2991 = DIRECTION('',(0.,0.,1.));
#2992 = ADVANCED_FACE('',(#2993),#3004,.T.);
#2993 = FACE_BOUND('',#2994,.T.);
#2994 = EDGE_LOOP('',(#2995,#3001,#3002,#3003));
#2995 = ORIENTED_EDGE('',*,*,#2996,.F.);
#2996 = EDGE_CURVE('',#1205,#2526,#2997,.T.);
#2997 = LINE('',#2998,#2999);
#2998 = CARTESIAN_POINT('',(16.324827536253,-6.606862410523,-0.5));
#2999 = VECTOR('',#3000,1.);
#3000 = DIRECTION('',(0.,0.,1.));
#3001 = ORIENTED_EDGE('',*,*,#1212,.T.);
#3002 = ORIENTED_EDGE('',*,*,#2963,.T.);
#3003 = ORIENTED_EDGE('',*,*,#2533,.F.);
#3004 = PLANE('',#3005);
#3005 = AXIS2_PLACEMENT_3D('',#3006,#3007,#3008);
#3006 = CARTESIAN_POINT('',(16.324827536253,-6.606862410523,-0.5));
#3007 = DIRECTION('',(0.999390827019,-3.48994967025E-02,0.));
#3008 = DIRECTION('',(0.,0.,1.));
#3009 = ADVANCED_FACE('',(#3010),#3021,.T.);
#3010 = FACE_BOUND('',#3011,.T.);
#3011 = EDGE_LOOP('',(#3012,#3013,#3014,#3020));
#3012 = ORIENTED_EDGE('',*,*,#2980,.F.);
#3013 = ORIENTED_EDGE('',*,*,#189,.T.);
#3014 = ORIENTED_EDGE('',*,*,#3015,.T.);
#3015 = EDGE_CURVE('',#190,#1511,#3016,.T.);
#3016 = LINE('',#3017,#3018);
#3017 = CARTESIAN_POINT('',(14.625616074759,9.095147380583,-0.5));
#3018 = VECTOR('',#3019,1.);
#3019 = DIRECTION('',(0.,0.,1.));
#3020 = ORIENTED_EDGE('',*,*,#1510,.F.);
#3021 = PLANE('',#3022);
#3022 = AXIS2_PLACEMENT_3D('',#3023,#3024,#3025);
#3023 = CARTESIAN_POINT('',(15.554547106606,8.258734122635,-0.5));
#3024 = DIRECTION('',(0.669130606359,0.743144825477,0.));
#3025 = DIRECTION('',(0.,0.,1.));
#3026 = ADVANCED_FACE('',(#3027),#3038,.T.);
#3027 = FACE_BOUND('',#3028,.T.);
#3028 = EDGE_LOOP('',(#3029,#3030,#3031,#3032));
#3029 = ORIENTED_EDGE('',*,*,#1204,.T.);
#3030 = ORIENTED_EDGE('',*,*,#2996,.T.);
#3031 = ORIENTED_EDGE('',*,*,#2525,.F.);
#3032 = ORIENTED_EDGE('',*,*,#3033,.F.);
#3033 = EDGE_CURVE('',#1196,#2517,#3034,.T.);
#3034 = LINE('',#3035,#3036);
#3035 = CARTESIAN_POINT('',(18.515717400043,-6.683369970438,0.));
#3036 = VECTOR('',#3037,1.);
#3037 = DIRECTION('',(0.,0.,1.));
#3038 = PLANE('',#3039);
#3039 = AXIS2_PLACEMENT_3D('',#3040,#3041,#3042);
#3040 = CARTESIAN_POINT('',(16.324827536253,-6.606862410523,-0.5));
#3041 = DIRECTION('',(3.48994967025E-02,0.999390827019,0.));
#3042 = DIRECTION('',(0.,0.,1.));
#3043 = ADVANCED_FACE('',(#3044),#3055,.F.);
#3044 = FACE_BOUND('',#3045,.F.);
#3045 = EDGE_LOOP('',(#3046,#3047,#3048,#3049));
#3046 = ORIENTED_EDGE('',*,*,#197,.T.);
#3047 = ORIENTED_EDGE('',*,*,#3015,.T.);
#3048 = ORIENTED_EDGE('',*,*,#1518,.F.);
#3049 = ORIENTED_EDGE('',*,*,#3050,.F.);
#3050 = EDGE_CURVE('',#198,#1519,#3051,.T.);
#3051 = LINE('',#3052,#3053);
#3052 = CARTESIAN_POINT('',(16.331628114037,10.989865701854,0.));
#3053 = VECTOR('',#3054,1.);
#3054 = DIRECTION('',(0.,0.,1.));
#3055 = PLANE('',#3056);
#3056 = AXIS2_PLACEMENT_3D('',#3057,#3058,#3059);
#3057 = CARTESIAN_POINT('',(14.625616074759,9.095147380583,-0.5));
#3058 = DIRECTION('',(-0.743144825477,0.669130606359,0.));
#3059 = DIRECTION('',(0.,0.,1.));
#3060 = ADVANCED_FACE('',(#3061),#3072,.T.);
#3061 = FACE_BOUND('',#3062,.T.);
#3062 = EDGE_LOOP('',(#3063,#3064,#3065,#3071));
#3063 = ORIENTED_EDGE('',*,*,#3033,.T.);
#3064 = ORIENTED_EDGE('',*,*,#2516,.F.);
#3065 = ORIENTED_EDGE('',*,*,#3066,.F.);
#3066 = EDGE_CURVE('',#1188,#2509,#3067,.T.);
#3067 = LINE('',#3068,#3069);
#3068 = CARTESIAN_POINT('',(17.683316939004,-8.648671980989,0.));
#3069 = VECTOR('',#3070,1.);
#3070 = DIRECTION('',(0.,0.,1.));
#3071 = ORIENTED_EDGE('',*,*,#1195,.T.);
#3072 = CYLINDRICAL_SURFACE('',#3073,19.685);
#3073 = AXIS2_PLACEMENT_3D('',#3074,#3075,#3076);
#3074 = CARTESIAN_POINT('',(0.,0.,0.));
#3075 = DIRECTION('',(0.,0.,1.));
#3076 = DIRECTION('',(1.,0.,0.));
#3077 = ADVANCED_FACE('',(#3078),#3089,.T.);
#3078 = FACE_BOUND('',#3079,.T.);
#3079 = EDGE_LOOP('',(#3080,#3086,#3087,#3088));
#3080 = ORIENTED_EDGE('',*,*,#3081,.T.);
#3081 = EDGE_CURVE('',#206,#1527,#3082,.T.);
#3082 = LINE('',#3083,#3084);
#3083 = CARTESIAN_POINT('',(15.045826877311,12.693396652511,0.));
#3084 = VECTOR('',#3085,1.);
#3085 = DIRECTION('',(0.,0.,1.));
#3086 = ORIENTED_EDGE('',*,*,#1526,.F.);
#3087 = ORIENTED_EDGE('',*,*,#3050,.F.);
#3088 = ORIENTED_EDGE('',*,*,#205,.T.);
#3089 = CYLINDRICAL_SURFACE('',#3090,19.685);
#3090 = AXIS2_PLACEMENT_3D('',#3091,#3092,#3093);
#3091 = CARTESIAN_POINT('',(0.,0.,0.));
#3092 = DIRECTION('',(0.,0.,1.));
#3093 = DIRECTION('',(1.,0.,0.));
#3094 = ADVANCED_FACE('',(#3095),#3106,.F.);
#3095 = FACE_BOUND('',#3096,.F.);
#3096 = EDGE_LOOP('',(#3097,#3098,#3104,#3105));
#3097 = ORIENTED_EDGE('',*,*,#1187,.T.);
#3098 = ORIENTED_EDGE('',*,*,#3099,.T.);
#3099 = EDGE_CURVE('',#1180,#2501,#3100,.T.);
#3100 = LINE('',#3101,#3102);
#3101 = CARTESIAN_POINT('',(15.189436720128,-8.118581376448,-0.5));
#3102 = VECTOR('',#3103,1.);
#3103 = DIRECTION('',(0.,0.,1.));
#3104 = ORIENTED_EDGE('',*,*,#2508,.F.);
#3105 = ORIENTED_EDGE('',*,*,#3066,.F.);
#3106 = PLANE('',#3107);
#3107 = AXIS2_PLACEMENT_3D('',#3108,#3109,#3110);
#3108 = CARTESIAN_POINT('',(15.189436720128,-8.118581376448,-0.5));
#3109 = DIRECTION('',(0.207911690818,0.978147600734,0.));
#3110 = DIRECTION('',(0.,0.,1.));
#3111 = ADVANCED_FACE('',(#3112),#3123,.T.);
#3112 = FACE_BOUND('',#3113,.T.);
#3113 = EDGE_LOOP('',(#3114,#3115,#3121,#3122));
#3114 = ORIENTED_EDGE('',*,*,#214,.T.);
#3115 = ORIENTED_EDGE('',*,*,#3116,.T.);
#3116 = EDGE_CURVE('',#215,#1536,#3117,.T.);
#3117 = LINE('',#3118,#3119);
#3118 = CARTESIAN_POINT('',(13.884124454948,10.834284153534,-0.5));
#3119 = VECTOR('',#3120,1.);
#3120 = DIRECTION('',(0.,0.,1.));
#3121 = ORIENTED_EDGE('',*,*,#1535,.F.);
#3122 = ORIENTED_EDGE('',*,*,#3081,.F.);
#3123 = PLANE('',#3124);
#3124 = AXIS2_PLACEMENT_3D('',#3125,#3126,#3127);
#3125 = CARTESIAN_POINT('',(13.884124454948,10.834284153534,-0.5));
#3126 = DIRECTION('',(-0.848048096156,0.529919264233,0.));
#3127 = DIRECTION('',(0.,0.,1.));
#3128 = ADVANCED_FACE('',(#3129),#3140,.T.);
#3129 = FACE_BOUND('',#3130,.T.);
#3130 = EDGE_LOOP('',(#3131,#3137,#3138,#3139));
#3131 = ORIENTED_EDGE('',*,*,#3132,.F.);
#3132 = EDGE_CURVE('',#1172,#2493,#3133,.T.);
#3133 = LINE('',#3134,#3135);
#3134 = CARTESIAN_POINT('',(14.929547106606,-9.341265877365,-0.5));
#3135 = VECTOR('',#3136,1.);
#3136 = DIRECTION('',(0.,0.,1.));
#3137 = ORIENTED_EDGE('',*,*,#1179,.T.);
#3138 = ORIENTED_EDGE('',*,*,#3099,.T.);
#3139 = ORIENTED_EDGE('',*,*,#2500,.F.);
#3140 = PLANE('',#3141);
#3141 = AXIS2_PLACEMENT_3D('',#3142,#3143,#3144);
#3142 = CARTESIAN_POINT('',(14.929547106606,-9.341265877365,-0.5));
#3143 = DIRECTION('',(0.978147600734,-0.207911690818,0.));
#3144 = DIRECTION('',(0.,0.,1.));
#3145 = ADVANCED_FACE('',(#3146),#3157,.T.);
#3146 = FACE_BOUND('',#3147,.T.);
#3147 = EDGE_LOOP('',(#3148,#3149,#3150,#3156));
#3148 = ORIENTED_EDGE('',*,*,#3116,.F.);
#3149 = ORIENTED_EDGE('',*,*,#222,.T.);
#3150 = ORIENTED_EDGE('',*,*,#3151,.T.);
#3151 = EDGE_CURVE('',#223,#1544,#3152,.T.);
#3152 = LINE('',#3153,#3154);
#3153 = CARTESIAN_POINT('',(12.824064334753,11.496683233825,-0.5));
#3154 = VECTOR('',#3155,1.);
#3155 = DIRECTION('',(0.,0.,1.));
#3156 = ORIENTED_EDGE('',*,*,#1543,.F.);
#3157 = PLANE('',#3158);
#3158 = AXIS2_PLACEMENT_3D('',#3159,#3160,#3161);
#3159 = CARTESIAN_POINT('',(13.884124454948,10.834284153534,-0.5));
#3160 = DIRECTION('',(0.529919264233,0.848048096156,0.));
#3161 = DIRECTION('',(0.,0.,1.));
#3162 = ADVANCED_FACE('',(#3163),#3174,.T.);
#3163 = FACE_BOUND('',#3164,.T.);
#3164 = EDGE_LOOP('',(#3165,#3166,#3167,#3168));
#3165 = ORIENTED_EDGE('',*,*,#1171,.T.);
#3166 = ORIENTED_EDGE('',*,*,#3132,.T.);
#3167 = ORIENTED_EDGE('',*,*,#2492,.F.);
#3168 = ORIENTED_EDGE('',*,*,#3169,.F.);
#3169 = EDGE_CURVE('',#1163,#2484,#3170,.T.);
#3170 = LINE('',#3171,#3172);
#3171 = CARTESIAN_POINT('',(17.073867032105,-9.79705514785,0.));
#3172 = VECTOR('',#3173,1.);
#3173 = DIRECTION('',(0.,0.,1.));
#3174 = PLANE('',#3175);
#3175 = AXIS2_PLACEMENT_3D('',#3176,#3177,#3178);
#3176 = CARTESIAN_POINT('',(14.929547106606,-9.341265877365,-0.5));
#3177 = DIRECTION('',(0.207911690818,0.978147600734,0.));
#3178 = DIRECTION('',(0.,0.,1.));
#3179 = ADVANCED_FACE('',(#3180),#3191,.F.);
#3180 = FACE_BOUND('',#3181,.F.);
#3181 = EDGE_LOOP('',(#3182,#3183,#3184,#3185));
#3182 = ORIENTED_EDGE('',*,*,#230,.T.);
#3183 = ORIENTED_EDGE('',*,*,#3151,.T.);
#3184 = ORIENTED_EDGE('',*,*,#1551,.F.);
#3185 = ORIENTED_EDGE('',*,*,#3186,.F.);
#3186 = EDGE_CURVE('',#231,#1552,#3187,.T.);
#3187 = LINE('',#3188,#3189);
#3188 = CARTESIAN_POINT('',(14.175143834085,13.658862408086,0.));
#3189 = VECTOR('',#3190,1.);
#3190 = DIRECTION('',(0.,0.,1.));
#3191 = PLANE('',#3192);
#3192 = AXIS2_PLACEMENT_3D('',#3193,#3194,#3195);
#3193 = CARTESIAN_POINT('',(12.824064334753,11.496683233825,-0.5));
#3194 = DIRECTION('',(-0.848048096156,0.529919264233,0.));
#3195 = DIRECTION('',(0.,0.,1.));
#3196 = ADVANCED_FACE('',(#3197),#3208,.T.);
#3197 = FACE_BOUND('',#3198,.T.);
#3198 = EDGE_LOOP('',(#3199,#3200,#3201,#3207));
#3199 = ORIENTED_EDGE('',*,*,#3169,.T.);
#3200 = ORIENTED_EDGE('',*,*,#2483,.F.);
#3201 = ORIENTED_EDGE('',*,*,#3202,.F.);
#3202 = EDGE_CURVE('',#1155,#2476,#3203,.T.);
#3203 = LINE('',#3204,#3205);
#3204 = CARTESIAN_POINT('',(15.912841491765,-11.5879549817,0.));
#3205 = VECTOR('',#3206,1.);
#3206 = DIRECTION('',(0.,0.,1.));
#3207 = ORIENTED_EDGE('',*,*,#1162,.T.);
#3208 = CYLINDRICAL_SURFACE('',#3209,19.685);
#3209 = AXIS2_PLACEMENT_3D('',#3210,#3211,#3212);
#3210 = CARTESIAN_POINT('',(0.,0.,0.));
#3211 = DIRECTION('',(0.,0.,1.));
#3212 = DIRECTION('',(1.,0.,0.));
#3213 = ADVANCED_FACE('',(#3214),#3225,.T.);
#3214 = FACE_BOUND('',#3215,.T.);
#3215 = EDGE_LOOP('',(#3216,#3222,#3223,#3224));
#3216 = ORIENTED_EDGE('',*,*,#3217,.T.);
#3217 = EDGE_CURVE('',#239,#1560,#3218,.T.);
#3218 = LINE('',#3219,#3220);
#3219 = CARTESIAN_POINT('',(12.613061762143,15.11323585419,0.));
#3220 = VECTOR('',#3221,1.);
#3221 = DIRECTION('',(0.,0.,1.));
#3222 = ORIENTED_EDGE('',*,*,#1559,.F.);
#3223 = ORIENTED_EDGE('',*,*,#3186,.F.);
#3224 = ORIENTED_EDGE('',*,*,#238,.T.);
#3225 = CYLINDRICAL_SURFACE('',#3226,19.685);
#3226 = AXIS2_PLACEMENT_3D('',#3227,#3228,#3229);
#3227 = CARTESIAN_POINT('',(0.,0.,0.));
#3228 = DIRECTION('',(0.,0.,1.));
#3229 = DIRECTION('',(1.,0.,0.));
#3230 = ADVANCED_FACE('',(#3231),#3242,.F.);
#3231 = FACE_BOUND('',#3232,.F.);
#3232 = EDGE_LOOP('',(#3233,#3234,#3240,#3241));
#3233 = ORIENTED_EDGE('',*,*,#1154,.T.);
#3234 = ORIENTED_EDGE('',*,*,#3235,.T.);
#3235 = EDGE_CURVE('',#1147,#2468,#3236,.T.);
#3236 = LINE('',#3237,#3238);
#3237 = CARTESIAN_POINT('',(13.54889818461,-10.63285988922,-0.5));
#3238 = VECTOR('',#3239,1.);
#3239 = DIRECTION('',(0.,0.,1.));
#3240 = ORIENTED_EDGE('',*,*,#2475,.F.);
#3241 = ORIENTED_EDGE('',*,*,#3202,.F.);
#3242 = PLANE('',#3243);
#3243 = AXIS2_PLACEMENT_3D('',#3244,#3245,#3246);
#3244 = CARTESIAN_POINT('',(13.54889818461,-10.63285988922,-0.5));
#3245 = DIRECTION('',(0.374606593416,0.927183854567,0.));
#3246 = DIRECTION('',(0.,0.,1.));
#3247 = ADVANCED_FACE('',(#3248),#3259,.T.);
#3248 = FACE_BOUND('',#3249,.T.);
#3249 = EDGE_LOOP('',(#3250,#3251,#3257,#3258));
#3250 = ORIENTED_EDGE('',*,*,#247,.T.);
#3251 = ORIENTED_EDGE('',*,*,#3252,.T.);
#3252 = EDGE_CURVE('',#248,#1569,#3253,.T.);
#3253 = LINE('',#3254,#3255);
#3254 = CARTESIAN_POINT('',(11.791839707432,13.08063994284,-0.5));
#3255 = VECTOR('',#3256,1.);
#3256 = DIRECTION('',(0.,0.,1.));
#3257 = ORIENTED_EDGE('',*,*,#1568,.F.);
#3258 = ORIENTED_EDGE('',*,*,#3217,.F.);
#3259 = PLANE('',#3260);
#3260 = AXIS2_PLACEMENT_3D('',#3261,#3262,#3263);
#3261 = CARTESIAN_POINT('',(11.791839707432,13.08063994284,-0.5));
#3262 = DIRECTION('',(-0.927183854567,0.374606593416,0.));
#3263 = DIRECTION('',(0.,0.,1.));
#3264 = ADVANCED_FACE('',(#3265),#3276,.T.);
#3265 = FACE_BOUND('',#3266,.T.);
#3266 = EDGE_LOOP('',(#3267,#3273,#3274,#3275));
#3267 = ORIENTED_EDGE('',*,*,#3268,.F.);
#3268 = EDGE_CURVE('',#1139,#2460,#3269,.T.);
#3269 = LINE('',#3270,#3271);
#3270 = CARTESIAN_POINT('',(13.08063994284,-11.79183970743,-0.5));
#3271 = VECTOR('',#3272,1.);
#3272 = DIRECTION('',(0.,0.,1.));
#3273 = ORIENTED_EDGE('',*,*,#1146,.T.);
#3274 = ORIENTED_EDGE('',*,*,#3235,.T.);
#3275 = ORIENTED_EDGE('',*,*,#2467,.F.);
#3276 = PLANE('',#3277);
#3277 = AXIS2_PLACEMENT_3D('',#3278,#3279,#3280);
#3278 = CARTESIAN_POINT('',(13.08063994284,-11.79183970743,-0.5));
#3279 = DIRECTION('',(0.927183854567,-0.374606593416,0.));
#3280 = DIRECTION('',(0.,0.,1.));
#3281 = ADVANCED_FACE('',(#3282),#3293,.T.);
#3282 = FACE_BOUND('',#3283,.T.);
#3283 = EDGE_LOOP('',(#3284,#3285,#3286,#3292));
#3284 = ORIENTED_EDGE('',*,*,#3252,.F.);
#3285 = ORIENTED_EDGE('',*,*,#255,.T.);
#3286 = ORIENTED_EDGE('',*,*,#3287,.T.);
#3287 = EDGE_CURVE('',#256,#1577,#3288,.T.);
#3288 = LINE('',#3289,#3290);
#3289 = CARTESIAN_POINT('',(10.632859889224,13.54889818461,-0.5));
#3290 = VECTOR('',#3291,1.);
#3291 = DIRECTION('',(0.,0.,1.));
#3292 = ORIENTED_EDGE('',*,*,#1576,.F.);
#3293 = PLANE('',#3294);
#3294 = AXIS2_PLACEMENT_3D('',#3295,#3296,#3297);
#3295 = CARTESIAN_POINT('',(11.791839707432,13.08063994284,-0.5));
#3296 = DIRECTION('',(0.374606593416,0.927183854567,0.));
#3297 = DIRECTION('',(0.,0.,1.));
#3298 = ADVANCED_FACE('',(#3299),#3310,.T.);
#3299 = FACE_BOUND('',#3300,.T.);
#3300 = EDGE_LOOP('',(#3301,#3302,#3303,#3304));
#3301 = ORIENTED_EDGE('',*,*,#1138,.T.);
#3302 = ORIENTED_EDGE('',*,*,#3268,.T.);
#3303 = ORIENTED_EDGE('',*,*,#2459,.F.);
#3304 = ORIENTED_EDGE('',*,*,#3305,.F.);
#3305 = EDGE_CURVE('',#1130,#2451,#3306,.T.);
#3306 = LINE('',#3307,#3308);
#3307 = CARTESIAN_POINT('',(15.11323585419,-12.61306176214,0.));
#3308 = VECTOR('',#3309,1.);
#3309 = DIRECTION('',(0.,0.,1.));
#3310 = PLANE('',#3311);
#3311 = AXIS2_PLACEMENT_3D('',#3312,#3313,#3314);
#3312 = CARTESIAN_POINT('',(13.08063994284,-11.79183970743,-0.5));
#3313 = DIRECTION('',(0.374606593416,0.927183854567,0.));
#3314 = DIRECTION('',(0.,0.,1.));
#3315 = ADVANCED_FACE('',(#3316),#3327,.F.);
#3316 = FACE_BOUND('',#3317,.F.);
#3317 = EDGE_LOOP('',(#3318,#3319,#3320,#3321));
#3318 = ORIENTED_EDGE('',*,*,#263,.T.);
#3319 = ORIENTED_EDGE('',*,*,#3287,.T.);
#3320 = ORIENTED_EDGE('',*,*,#1584,.F.);
#3321 = ORIENTED_EDGE('',*,*,#3322,.F.);
#3322 = EDGE_CURVE('',#264,#1585,#3323,.T.);
#3323 = LINE('',#3324,#3325);
#3324 = CARTESIAN_POINT('',(11.587954981702,15.912841491765,0.));
#3325 = VECTOR('',#3326,1.);
#3326 = DIRECTION('',(0.,0.,1.));
#3327 = PLANE('',#3328);
#3328 = AXIS2_PLACEMENT_3D('',#3329,#3330,#3331);
#3329 = CARTESIAN_POINT('',(10.632859889224,13.54889818461,-0.5));
#3330 = DIRECTION('',(-0.927183854567,0.374606593416,0.));
#3331 = DIRECTION('',(0.,0.,1.));
#3332 = ADVANCED_FACE('',(#3333),#3344,.T.);
#3333 = FACE_BOUND('',#3334,.T.);
#3334 = EDGE_LOOP('',(#3335,#3336,#3337,#3343));
#3335 = ORIENTED_EDGE('',*,*,#3305,.T.);
#3336 = ORIENTED_EDGE('',*,*,#2450,.F.);
#3337 = ORIENTED_EDGE('',*,*,#3338,.F.);
#3338 = EDGE_CURVE('',#1122,#2443,#3339,.T.);
#3339 = LINE('',#3340,#3341);
#3340 = CARTESIAN_POINT('',(13.658862408086,-14.17514383408,0.));
#3341 = VECTOR('',#3342,1.);
#3342 = DIRECTION('',(0.,0.,1.));
#3343 = ORIENTED_EDGE('',*,*,#1129,.T.);
#3344 = CYLINDRICAL_SURFACE('',#3345,19.685);
#3345 = AXIS2_PLACEMENT_3D('',#3346,#3347,#3348);
#3346 = CARTESIAN_POINT('',(0.,0.,0.));
#3347 = DIRECTION('',(0.,0.,1.));
#3348 = DIRECTION('',(1.,0.,0.));
#3349 = ADVANCED_FACE('',(#3350),#3361,.T.);
#3350 = FACE_BOUND('',#3351,.T.);
#3351 = EDGE_LOOP('',(#3352,#3358,#3359,#3360));
#3352 = ORIENTED_EDGE('',*,*,#3353,.T.);
#3353 = EDGE_CURVE('',#272,#1593,#3354,.T.);
#3354 = LINE('',#3355,#3356);
#3355 = CARTESIAN_POINT('',(9.79705514785,17.073867032105,0.));
#3356 = VECTOR('',#3357,1.);
#3357 = DIRECTION('',(0.,0.,1.));
#3358 = ORIENTED_EDGE('',*,*,#1592,.F.);
#3359 = ORIENTED_EDGE('',*,*,#3322,.F.);
#3360 = ORIENTED_EDGE('',*,*,#271,.T.);
#3361 = CYLINDRICAL_SURFACE('',#3362,19.685);
#3362 = AXIS2_PLACEMENT_3D('',#3363,#3364,#3365);
#3363 = CARTESIAN_POINT('',(0.,0.,0.));
#3364 = DIRECTION('',(0.,0.,1.));
#3365 = DIRECTION('',(1.,0.,0.));
#3366 = ADVANCED_FACE('',(#3367),#3378,.F.);
#3367 = FACE_BOUND('',#3368,.F.);
#3368 = EDGE_LOOP('',(#3369,#3370,#3376,#3377));
#3369 = ORIENTED_EDGE('',*,*,#1121,.T.);
#3370 = ORIENTED_EDGE('',*,*,#3371,.T.);
#3371 = EDGE_CURVE('',#1114,#2435,#3372,.T.);
#3372 = LINE('',#3373,#3374);
#3373 = CARTESIAN_POINT('',(11.496683233825,-12.82406433475,-0.5));
#3374 = VECTOR('',#3375,1.);
#3375 = DIRECTION('',(0.,0.,1.));
#3376 = ORIENTED_EDGE('',*,*,#2442,.F.);
#3377 = ORIENTED_EDGE('',*,*,#3338,.F.);
#3378 = PLANE('',#3379);
#3379 = AXIS2_PLACEMENT_3D('',#3380,#3381,#3382);
#3380 = CARTESIAN_POINT('',(11.496683233825,-12.82406433475,-0.5));
#3381 = DIRECTION('',(0.529919264233,0.848048096156,0.));
#3382 = DIRECTION('',(0.,0.,1.));
#3383 = ADVANCED_FACE('',(#3384),#3395,.T.);
#3384 = FACE_BOUND('',#3385,.T.);
#3385 = EDGE_LOOP('',(#3386,#3387,#3393,#3394));
#3386 = ORIENTED_EDGE('',*,*,#280,.T.);
#3387 = ORIENTED_EDGE('',*,*,#3388,.T.);
#3388 = EDGE_CURVE('',#281,#1602,#3389,.T.);
#3389 = LINE('',#3390,#3391);
#3390 = CARTESIAN_POINT('',(9.341265877365,14.929547106606,-0.5));
#3391 = VECTOR('',#3392,1.);
#3392 = DIRECTION('',(0.,0.,1.));
#3393 = ORIENTED_EDGE('',*,*,#1601,.F.);
#3394 = ORIENTED_EDGE('',*,*,#3353,.F.);
#3395 = PLANE('',#3396);
#3396 = AXIS2_PLACEMENT_3D('',#3397,#3398,#3399);
#3397 = CARTESIAN_POINT('',(9.341265877365,14.929547106606,-0.5));
#3398 = DIRECTION('',(-0.978147600734,0.207911690818,0.));
#3399 = DIRECTION('',(0.,0.,1.));
#3400 = ADVANCED_FACE('',(#3401),#3412,.T.);
#3401 = FACE_BOUND('',#3402,.T.);
#3402 = EDGE_LOOP('',(#3403,#3409,#3410,#3411));
#3403 = ORIENTED_EDGE('',*,*,#3404,.F.);
#3404 = EDGE_CURVE('',#1106,#2427,#3405,.T.);
#3405 = LINE('',#3406,#3407);
#3406 = CARTESIAN_POINT('',(10.834284153534,-13.88412445494,-0.5));
#3407 = VECTOR('',#3408,1.);
#3408 = DIRECTION('',(0.,0.,1.));
#3409 = ORIENTED_EDGE('',*,*,#1113,.T.);
#3410 = ORIENTED_EDGE('',*,*,#3371,.T.);
#3411 = ORIENTED_EDGE('',*,*,#2434,.F.);
#3412 = PLANE('',#3413);
#3413 = AXIS2_PLACEMENT_3D('',#3414,#3415,#3416);
#3414 = CARTESIAN_POINT('',(10.834284153534,-13.88412445494,-0.5));
#3415 = DIRECTION('',(0.848048096156,-0.529919264233,0.));
#3416 = DIRECTION('',(0.,0.,1.));
#3417 = ADVANCED_FACE('',(#3418),#3429,.T.);
#3418 = FACE_BOUND('',#3419,.T.);
#3419 = EDGE_LOOP('',(#3420,#3421,#3422,#3428));
#3420 = ORIENTED_EDGE('',*,*,#3388,.F.);
#3421 = ORIENTED_EDGE('',*,*,#288,.T.);
#3422 = ORIENTED_EDGE('',*,*,#3423,.T.);
#3423 = EDGE_CURVE('',#289,#1610,#3424,.T.);
#3424 = LINE('',#3425,#3426);
#3425 = CARTESIAN_POINT('',(8.118581376448,15.189436720128,-0.5));
#3426 = VECTOR('',#3427,1.);
#3427 = DIRECTION('',(0.,0.,1.));
#3428 = ORIENTED_EDGE('',*,*,#1609,.F.);
#3429 = PLANE('',#3430);
#3430 = AXIS2_PLACEMENT_3D('',#3431,#3432,#3433);
#3431 = CARTESIAN_POINT('',(9.341265877365,14.929547106606,-0.5));
#3432 = DIRECTION('',(0.207911690818,0.978147600734,0.));
#3433 = DIRECTION('',(0.,0.,1.));
#3434 = ADVANCED_FACE('',(#3435),#3446,.T.);
#3435 = FACE_BOUND('',#3436,.T.);
#3436 = EDGE_LOOP('',(#3437,#3438,#3439,#3440));
#3437 = ORIENTED_EDGE('',*,*,#1105,.T.);
#3438 = ORIENTED_EDGE('',*,*,#3404,.T.);
#3439 = ORIENTED_EDGE('',*,*,#2426,.F.);
#3440 = ORIENTED_EDGE('',*,*,#3441,.F.);
#3441 = EDGE_CURVE('',#1097,#2418,#3442,.T.);
#3442 = LINE('',#3443,#3444);
#3443 = CARTESIAN_POINT('',(12.693396652511,-15.04582687731,0.));
#3444 = VECTOR('',#3445,1.);
#3445 = DIRECTION('',(0.,0.,1.));
#3446 = PLANE('',#3447);
#3447 = AXIS2_PLACEMENT_3D('',#3448,#3449,#3450);
#3448 = CARTESIAN_POINT('',(10.834284153534,-13.88412445494,-0.5));
#3449 = DIRECTION('',(0.529919264233,0.848048096156,0.));
#3450 = DIRECTION('',(0.,0.,1.));
#3451 = ADVANCED_FACE('',(#3452),#3463,.F.);
#3452 = FACE_BOUND('',#3453,.F.);
#3453 = EDGE_LOOP('',(#3454,#3455,#3456,#3457));
#3454 = ORIENTED_EDGE('',*,*,#296,.T.);
#3455 = ORIENTED_EDGE('',*,*,#3423,.T.);
#3456 = ORIENTED_EDGE('',*,*,#1617,.F.);
#3457 = ORIENTED_EDGE('',*,*,#3458,.F.);
#3458 = EDGE_CURVE('',#297,#1618,#3459,.T.);
#3459 = LINE('',#3460,#3461);
#3460 = CARTESIAN_POINT('',(8.648671980989,17.683316939004,0.));
#3461 = VECTOR('',#3462,1.);
#3462 = DIRECTION('',(0.,0.,1.));
#3463 = PLANE('',#3464);
#3464 = AXIS2_PLACEMENT_3D('',#3465,#3466,#3467);
#3465 = CARTESIAN_POINT('',(8.118581376448,15.189436720128,-0.5));
#3466 = DIRECTION('',(-0.978147600734,0.207911690818,0.));
#3467 = DIRECTION('',(0.,0.,1.));
#3468 = ADVANCED_FACE('',(#3469),#3480,.T.);
#3469 = FACE_BOUND('',#3470,.T.);
#3470 = EDGE_LOOP('',(#3471,#3472,#3473,#3479));
#3471 = ORIENTED_EDGE('',*,*,#3441,.T.);
#3472 = ORIENTED_EDGE('',*,*,#2417,.F.);
#3473 = ORIENTED_EDGE('',*,*,#3474,.F.);
#3474 = EDGE_CURVE('',#1089,#2410,#3475,.T.);
#3475 = LINE('',#3476,#3477);
#3476 = CARTESIAN_POINT('',(10.989865701854,-16.33162811403,0.));
#3477 = VECTOR('',#3478,1.);
#3478 = DIRECTION('',(0.,0.,1.));
#3479 = ORIENTED_EDGE('',*,*,#1096,.T.);
#3480 = CYLINDRICAL_SURFACE('',#3481,19.685);
#3481 = AXIS2_PLACEMENT_3D('',#3482,#3483,#3484);
#3482 = CARTESIAN_POINT('',(0.,0.,0.));
#3483 = DIRECTION('',(0.,0.,1.));
#3484 = DIRECTION('',(1.,0.,0.));
#3485 = ADVANCED_FACE('',(#3486),#3497,.T.);
#3486 = FACE_BOUND('',#3487,.T.);
#3487 = EDGE_LOOP('',(#3488,#3494,#3495,#3496));
#3488 = ORIENTED_EDGE('',*,*,#3489,.T.);
#3489 = EDGE_CURVE('',#305,#1626,#3490,.T.);
#3490 = LINE('',#3491,#3492);
#3491 = CARTESIAN_POINT('',(6.683369970438,18.515717400043,0.));
#3492 = VECTOR('',#3493,1.);
#3493 = DIRECTION('',(0.,0.,1.));
#3494 = ORIENTED_EDGE('',*,*,#1625,.F.);
#3495 = ORIENTED_EDGE('',*,*,#3458,.F.);
#3496 = ORIENTED_EDGE('',*,*,#304,.T.);
#3497 = CYLINDRICAL_SURFACE('',#3498,19.685);
#3498 = AXIS2_PLACEMENT_3D('',#3499,#3500,#3501);
#3499 = CARTESIAN_POINT('',(0.,0.,0.));
#3500 = DIRECTION('',(0.,0.,1.));
#3501 = DIRECTION('',(1.,0.,0.));
#3502 = ADVANCED_FACE('',(#3503),#3514,.F.);
#3503 = FACE_BOUND('',#3504,.F.);
#3504 = EDGE_LOOP('',(#3505,#3506,#3512,#3513));
#3505 = ORIENTED_EDGE('',*,*,#1088,.T.);
#3506 = ORIENTED_EDGE('',*,*,#3507,.T.);
#3507 = EDGE_CURVE('',#1081,#2402,#3508,.T.);
#3508 = LINE('',#3509,#3510);
#3509 = CARTESIAN_POINT('',(9.095147380583,-14.62561607475,-0.5));
#3510 = VECTOR('',#3511,1.);
#3511 = DIRECTION('',(0.,0.,1.));
#3512 = ORIENTED_EDGE('',*,*,#2409,.F.);
#3513 = ORIENTED_EDGE('',*,*,#3474,.F.);
#3514 = PLANE('',#3515);
#3515 = AXIS2_PLACEMENT_3D('',#3516,#3517,#3518);
#3516 = CARTESIAN_POINT('',(9.095147380583,-14.62561607475,-0.5));
#3517 = DIRECTION('',(0.669130606359,0.743144825477,0.));
#3518 = DIRECTION('',(0.,0.,1.));
#3519 = ADVANCED_FACE('',(#3520),#3531,.T.);
#3520 = FACE_BOUND('',#3521,.T.);
#3521 = EDGE_LOOP('',(#3522,#3523,#3529,#3530));
#3522 = ORIENTED_EDGE('',*,*,#313,.T.);
#3523 = ORIENTED_EDGE('',*,*,#3524,.T.);
#3524 = EDGE_CURVE('',#314,#1635,#3525,.T.);
#3525 = LINE('',#3526,#3527);
#3526 = CARTESIAN_POINT('',(6.606862410523,16.324827536253,-0.5));
#3527 = VECTOR('',#3528,1.);
#3528 = DIRECTION('',(0.,0.,1.));
#3529 = ORIENTED_EDGE('',*,*,#1634,.F.);
#3530 = ORIENTED_EDGE('',*,*,#3489,.F.);
#3531 = PLANE('',#3532);
#3532 = AXIS2_PLACEMENT_3D('',#3533,#3534,#3535);
#3533 = CARTESIAN_POINT('',(6.606862410523,16.324827536253,-0.5));
#3534 = DIRECTION('',(-0.999390827019,3.48994967025E-02,0.));
#3535 = DIRECTION('',(0.,0.,1.));
#3536 = ADVANCED_FACE('',(#3537),#3548,.T.);
#3537 = FACE_BOUND('',#3538,.T.);
#3538 = EDGE_LOOP('',(#3539,#3545,#3546,#3547));
#3539 = ORIENTED_EDGE('',*,*,#3540,.F.);
#3540 = EDGE_CURVE('',#1073,#2394,#3541,.T.);
#3541 = LINE('',#3542,#3543);
#3542 = CARTESIAN_POINT('',(8.258734122635,-15.5545471066,-0.5));
#3543 = VECTOR('',#3544,1.);
#3544 = DIRECTION('',(0.,0.,1.));
#3545 = ORIENTED_EDGE('',*,*,#1080,.T.);
#3546 = ORIENTED_EDGE('',*,*,#3507,.T.);
#3547 = ORIENTED_EDGE('',*,*,#2401,.F.);
#3548 = PLANE('',#3549);
#3549 = AXIS2_PLACEMENT_3D('',#3550,#3551,#3552);
#3550 = CARTESIAN_POINT('',(8.258734122635,-15.5545471066,-0.5));
#3551 = DIRECTION('',(0.743144825477,-0.669130606359,0.));
#3552 = DIRECTION('',(0.,0.,1.));
#3553 = ADVANCED_FACE('',(#3554),#3565,.T.);
#3554 = FACE_BOUND('',#3555,.T.);
#3555 = EDGE_LOOP('',(#3556,#3557,#3558,#3564));
#3556 = ORIENTED_EDGE('',*,*,#3524,.F.);
#3557 = ORIENTED_EDGE('',*,*,#321,.T.);
#3558 = ORIENTED_EDGE('',*,*,#3559,.T.);
#3559 = EDGE_CURVE('',#322,#1643,#3560,.T.);
#3560 = LINE('',#3561,#3562);
#3561 = CARTESIAN_POINT('',(5.357623876749,16.368451907132,-0.5));
#3562 = VECTOR('',#3563,1.);
#3563 = DIRECTION('',(0.,0.,1.));
#3564 = ORIENTED_EDGE('',*,*,#1642,.F.);
#3565 = PLANE('',#3566);
#3566 = AXIS2_PLACEMENT_3D('',#3567,#3568,#3569);
#3567 = CARTESIAN_POINT('',(6.606862410523,16.324827536253,-0.5));
#3568 = DIRECTION('',(3.48994967025E-02,0.999390827019,0.));
#3569 = DIRECTION('',(0.,0.,1.));
#3570 = ADVANCED_FACE('',(#3571),#3582,.T.);
#3571 = FACE_BOUND('',#3572,.T.);
#3572 = EDGE_LOOP('',(#3573,#3574,#3575,#3576));
#3573 = ORIENTED_EDGE('',*,*,#1072,.T.);
#3574 = ORIENTED_EDGE('',*,*,#3540,.T.);
#3575 = ORIENTED_EDGE('',*,*,#2393,.F.);
#3576 = ORIENTED_EDGE('',*,*,#3577,.F.);
#3577 = EDGE_CURVE('',#1064,#2385,#3578,.T.);
#3578 = LINE('',#3579,#3580);
#3579 = CARTESIAN_POINT('',(9.887875016715,-17.02143215636,0.));
#3580 = VECTOR('',#3581,1.);
#3581 = DIRECTION('',(0.,0.,1.));
#3582 = PLANE('',#3583);
#3583 = AXIS2_PLACEMENT_3D('',#3584,#3585,#3586);
#3584 = CARTESIAN_POINT('',(8.258734122635,-15.5545471066,-0.5));
#3585 = DIRECTION('',(0.669130606359,0.743144825477,0.));
#3586 = DIRECTION('',(0.,0.,1.));
#3587 = ADVANCED_FACE('',(#3588),#3599,.F.);
#3588 = FACE_BOUND('',#3589,.F.);
#3589 = EDGE_LOOP('',(#3590,#3591,#3592,#3593));
#3590 = ORIENTED_EDGE('',*,*,#329,.T.);
#3591 = ORIENTED_EDGE('',*,*,#3559,.T.);
#3592 = ORIENTED_EDGE('',*,*,#1650,.F.);
#3593 = ORIENTED_EDGE('',*,*,#3594,.F.);
#3594 = EDGE_CURVE('',#330,#1651,#3595,.T.);
#3595 = LINE('',#3596,#3597);
#3596 = CARTESIAN_POINT('',(5.446603458573,18.916493749241,0.));
#3597 = VECTOR('',#3598,1.);
#3598 = DIRECTION('',(0.,0.,1.));
#3599 = PLANE('',#3600);
#3600 = AXIS2_PLACEMENT_3D('',#3601,#3602,#3603);
#3601 = CARTESIAN_POINT('',(5.357623876749,16.368451907132,-0.5));
#3602 = DIRECTION('',(-0.999390827019,3.48994967025E-02,0.));
#3603 = DIRECTION('',(0.,0.,1.));
#3604 = ADVANCED_FACE('',(#3605),#3616,.T.);
#3605 = FACE_BOUND('',#3606,.T.);
#3606 = EDGE_LOOP('',(#3607,#3608,#3609,#3615));
#3607 = ORIENTED_EDGE('',*,*,#3577,.T.);
#3608 = ORIENTED_EDGE('',*,*,#2384,.F.);
#3609 = ORIENTED_EDGE('',*,*,#3610,.F.);
#3610 = EDGE_CURVE('',#1056,#2377,#3611,.T.);
#3611 = LINE('',#3612,#3613);
#3612 = CARTESIAN_POINT('',(7.986947487413,-17.99188413794,0.));
#3613 = VECTOR('',#3614,1.);
#3614 = DIRECTION('',(0.,0.,1.));
#3615 = ORIENTED_EDGE('',*,*,#1063,.T.);
#3616 = CYLINDRICAL_SURFACE('',#3617,19.685);
#3617 = AXIS2_PLACEMENT_3D('',#3618,#3619,#3620);
#3618 = CARTESIAN_POINT('',(0.,0.,0.));
#3619 = DIRECTION('',(0.,0.,1.));
#3620 = DIRECTION('',(1.,0.,0.));
#3621 = ADVANCED_FACE('',(#3622),#3633,.T.);
#3622 = FACE_BOUND('',#3623,.T.);
#3623 = EDGE_LOOP('',(#3624,#3630,#3631,#3632));
#3624 = ORIENTED_EDGE('',*,*,#3625,.T.);
#3625 = EDGE_CURVE('',#338,#1659,#3626,.T.);
#3626 = LINE('',#3627,#3628);
#3627 = CARTESIAN_POINT('',(3.366613978423,19.394977064186,0.));
#3628 = VECTOR('',#3629,1.);
#3629 = DIRECTION('',(0.,0.,1.));
#3630 = ORIENTED_EDGE('',*,*,#1658,.F.);
#3631 = ORIENTED_EDGE('',*,*,#3594,.F.);
#3632 = ORIENTED_EDGE('',*,*,#337,.T.);
#3633 = CYLINDRICAL_SURFACE('',#3634,19.685);
#3634 = AXIS2_PLACEMENT_3D('',#3635,#3636,#3637);
#3635 = CARTESIAN_POINT('',(0.,0.,0.));
#3636 = DIRECTION('',(0.,0.,1.));
#3637 = DIRECTION('',(1.,0.,0.));
#3638 = ADVANCED_FACE('',(#3639),#3650,.F.);
#3639 = FACE_BOUND('',#3640,.F.);
#3640 = EDGE_LOOP('',(#3641,#3642,#3648,#3649));
#3641 = ORIENTED_EDGE('',*,*,#1055,.T.);
#3642 = ORIENTED_EDGE('',*,*,#3643,.T.);
#3643 = EDGE_CURVE('',#1048,#2369,#3644,.T.);
#3644 = LINE('',#3645,#3646);
#3645 = CARTESIAN_POINT('',(6.417260076549,-15.98277587125,-0.5));
#3646 = VECTOR('',#3647,1.);
#3647 = DIRECTION('',(0.,0.,1.));
#3648 = ORIENTED_EDGE('',*,*,#2376,.F.);
#3649 = ORIENTED_EDGE('',*,*,#3610,.F.);
#3650 = PLANE('',#3651);
#3651 = AXIS2_PLACEMENT_3D('',#3652,#3653,#3654);
#3652 = CARTESIAN_POINT('',(6.417260076549,-15.98277587125,-0.5));
#3653 = DIRECTION('',(0.788010753607,0.615661475326,0.));
#3654 = DIRECTION('',(0.,0.,1.));
#3655 = ADVANCED_FACE('',(#3656),#3667,.T.);
#3656 = FACE_BOUND('',#3657,.T.);
#3657 = EDGE_LOOP('',(#3658,#3659,#3665,#3666));
#3658 = ORIENTED_EDGE('',*,*,#346,.T.);
#3659 = ORIENTED_EDGE('',*,*,#3660,.T.);
#3660 = EDGE_CURVE('',#347,#1668,#3661,.T.);
#3661 = LINE('',#3662,#3663);
#3662 = CARTESIAN_POINT('',(3.671712772571,17.224086341973,-0.5));
#3663 = VECTOR('',#3664,1.);
#3664 = DIRECTION('',(0.,0.,1.));
#3665 = ORIENTED_EDGE('',*,*,#1667,.F.);
#3666 = ORIENTED_EDGE('',*,*,#3625,.F.);
#3667 = PLANE('',#3668);
#3668 = AXIS2_PLACEMENT_3D('',#3669,#3670,#3671);
#3669 = CARTESIAN_POINT('',(3.671712772571,17.224086341973,-0.5));
#3670 = DIRECTION('',(-0.990268068742,-0.13917310096,0.));
#3671 = DIRECTION('',(0.,0.,1.));
#3672 = ADVANCED_FACE('',(#3673),#3684,.T.);
#3673 = FACE_BOUND('',#3674,.T.);
#3674 = EDGE_LOOP('',(#3675,#3681,#3682,#3683));
#3675 = ORIENTED_EDGE('',*,*,#3676,.F.);
#3676 = EDGE_CURVE('',#1040,#2361,#3677,.T.);
#3677 = LINE('',#3678,#3679);
#3678 = CARTESIAN_POINT('',(5.432246634541,-16.75235271541,-0.5));
#3679 = VECTOR('',#3680,1.);
#3680 = DIRECTION('',(0.,0.,1.));
#3681 = ORIENTED_EDGE('',*,*,#1047,.T.);
#3682 = ORIENTED_EDGE('',*,*,#3643,.T.);
#3683 = ORIENTED_EDGE('',*,*,#2368,.F.);
#3684 = PLANE('',#3685);
#3685 = AXIS2_PLACEMENT_3D('',#3686,#3687,#3688);
#3686 = CARTESIAN_POINT('',(5.432246634541,-16.75235271541,-0.5));
#3687 = DIRECTION('',(0.615661475326,-0.788010753607,0.));
#3688 = DIRECTION('',(0.,0.,1.));
#3689 = ADVANCED_FACE('',(#3690),#3701,.T.);
#3690 = FACE_BOUND('',#3691,.T.);
#3691 = EDGE_LOOP('',(#3692,#3693,#3694,#3700));
#3692 = ORIENTED_EDGE('',*,*,#3660,.F.);
#3693 = ORIENTED_EDGE('',*,*,#354,.T.);
#3694 = ORIENTED_EDGE('',*,*,#3695,.T.);
#3695 = EDGE_CURVE('',#355,#1676,#3696,.T.);
#3696 = LINE('',#3697,#3698);
#3697 = CARTESIAN_POINT('',(2.433877686644,17.050119965773,-0.5));
#3698 = VECTOR('',#3699,1.);
#3699 = DIRECTION('',(0.,0.,1.));
#3700 = ORIENTED_EDGE('',*,*,#1675,.F.);
#3701 = PLANE('',#3702);
#3702 = AXIS2_PLACEMENT_3D('',#3703,#3704,#3705);
#3703 = CARTESIAN_POINT('',(3.671712772571,17.224086341973,-0.5));
#3704 = DIRECTION('',(-0.13917310096,0.990268068742,0.));
#3705 = DIRECTION('',(0.,0.,1.));
#3706 = ADVANCED_FACE('',(#3707),#3718,.T.);
#3707 = FACE_BOUND('',#3708,.T.);
#3708 = EDGE_LOOP('',(#3709,#3710,#3711,#3712));
#3709 = ORIENTED_EDGE('',*,*,#1039,.T.);
#3710 = ORIENTED_EDGE('',*,*,#3676,.T.);
#3711 = ORIENTED_EDGE('',*,*,#2360,.F.);
#3712 = ORIENTED_EDGE('',*,*,#3713,.F.);
#3713 = EDGE_CURVE('',#1031,#2352,#3714,.T.);
#3714 = LINE('',#3715,#3716);
#3715 = CARTESIAN_POINT('',(6.781915302043,-18.47984983261,0.));
#3716 = VECTOR('',#3717,1.);
#3717 = DIRECTION('',(0.,0.,1.));
#3718 = PLANE('',#3719);
#3719 = AXIS2_PLACEMENT_3D('',#3720,#3721,#3722);
#3720 = CARTESIAN_POINT('',(5.432246634541,-16.75235271541,-0.5));
#3721 = DIRECTION('',(0.788010753607,0.615661475326,0.));
#3722 = DIRECTION('',(0.,0.,1.));
#3723 = ADVANCED_FACE('',(#3724),#3735,.F.);
#3724 = FACE_BOUND('',#3725,.F.);
#3725 = EDGE_LOOP('',(#3726,#3727,#3728,#3729));
#3726 = ORIENTED_EDGE('',*,*,#362,.T.);
#3727 = ORIENTED_EDGE('',*,*,#3695,.T.);
#3728 = ORIENTED_EDGE('',*,*,#1683,.F.);
#3729 = ORIENTED_EDGE('',*,*,#3730,.F.);
#3730 = EDGE_CURVE('',#363,#1684,#3731,.T.);
#3731 = LINE('',#3732,#3733);
#3732 = CARTESIAN_POINT('',(2.079042646182,19.574902469115,0.));
#3733 = VECTOR('',#3734,1.);
#3734 = DIRECTION('',(0.,0.,1.));
#3735 = PLANE('',#3736);
#3736 = AXIS2_PLACEMENT_3D('',#3737,#3738,#3739);
#3737 = CARTESIAN_POINT('',(2.433877686644,17.050119965773,-0.5));
#3738 = DIRECTION('',(-0.990268068742,-0.13917310096,0.));
#3739 = DIRECTION('',(0.,0.,1.));
#3740 = ADVANCED_FACE('',(#3741),#3752,.T.);
#3741 = FACE_BOUND('',#3742,.T.);
#3742 = EDGE_LOOP('',(#3743,#3744,#3745,#3751));
#3743 = ORIENTED_EDGE('',*,*,#3713,.T.);
#3744 = ORIENTED_EDGE('',*,*,#2351,.F.);
#3745 = ORIENTED_EDGE('',*,*,#3746,.F.);
#3746 = EDGE_CURVE('',#1023,#2344,#3747,.T.);
#3747 = LINE('',#3748,#3749);
#3748 = CARTESIAN_POINT('',(4.741349915156,-19.10546586665,0.));
#3749 = VECTOR('',#3750,1.);
#3750 = DIRECTION('',(0.,0.,1.));
#3751 = ORIENTED_EDGE('',*,*,#1030,.T.);
#3752 = CYLINDRICAL_SURFACE('',#3753,19.685);
#3753 = AXIS2_PLACEMENT_3D('',#3754,#3755,#3756);
#3754 = CARTESIAN_POINT('',(0.,0.,0.));
#3755 = DIRECTION('',(0.,0.,1.));
#3756 = DIRECTION('',(1.,0.,0.));
#3757 = ADVANCED_FACE('',(#3758),#3769,.T.);
#3758 = FACE_BOUND('',#3759,.T.);
#3759 = EDGE_LOOP('',(#3760,#3766,#3767,#3768));
#3760 = ORIENTED_EDGE('',*,*,#3761,.T.);
#3761 = EDGE_CURVE('',#371,#1692,#3762,.T.);
#3762 = LINE('',#3763,#3764);
#3763 = CARTESIAN_POINT('',(-5.243487573732E-02,19.684930164565,0.));
#3764 = VECTOR('',#3765,1.);
#3765 = DIRECTION('',(0.,0.,1.));
#3766 = ORIENTED_EDGE('',*,*,#1691,.F.);
#3767 = ORIENTED_EDGE('',*,*,#3730,.F.);
#3768 = ORIENTED_EDGE('',*,*,#370,.T.);
#3769 = CYLINDRICAL_SURFACE('',#3770,19.685);
#3770 = AXIS2_PLACEMENT_3D('',#3771,#3772,#3773);
#3771 = CARTESIAN_POINT('',(0.,0.,0.));
#3772 = DIRECTION('',(0.,0.,1.));
#3773 = DIRECTION('',(1.,0.,0.));
#3774 = ADVANCED_FACE('',(#3775),#3786,.F.);
#3775 = FACE_BOUND('',#3776,.F.);
#3776 = EDGE_LOOP('',(#3777,#3778,#3784,#3785));
#3777 = ORIENTED_EDGE('',*,*,#1022,.T.);
#3778 = ORIENTED_EDGE('',*,*,#3779,.T.);
#3779 = EDGE_CURVE('',#1015,#2336,#3780,.T.);
#3780 = LINE('',#3781,#3782);
#3781 = CARTESIAN_POINT('',(3.544387572379,-16.85430711057,-0.5));
#3782 = VECTOR('',#3783,1.);
#3783 = DIRECTION('',(0.,0.,1.));
#3784 = ORIENTED_EDGE('',*,*,#2343,.F.);
#3785 = ORIENTED_EDGE('',*,*,#3746,.F.);
#3786 = PLANE('',#3787);
#3787 = AXIS2_PLACEMENT_3D('',#3788,#3789,#3790);
#3788 = CARTESIAN_POINT('',(3.544387572379,-16.85430711057,-0.5));
#3789 = DIRECTION('',(0.882947592859,0.469471562786,0.));
#3790 = DIRECTION('',(0.,0.,1.));
#3791 = ADVANCED_FACE('',(#3792),#3803,.T.);
#3792 = FACE_BOUND('',#3793,.T.);
#3793 = EDGE_LOOP('',(#3794,#3795,#3801,#3802));
#3794 = ORIENTED_EDGE('',*,*,#379,.T.);
#3795 = ORIENTED_EDGE('',*,*,#3796,.T.);
#3796 = EDGE_CURVE('',#380,#1701,#3797,.T.);
#3797 = LINE('',#3798,#3799);
#3798 = CARTESIAN_POINT('',(0.625,17.6,-0.5));
#3799 = VECTOR('',#3800,1.);
#3800 = DIRECTION('',(0.,0.,1.));
#3801 = ORIENTED_EDGE('',*,*,#1700,.F.);
#3802 = ORIENTED_EDGE('',*,*,#3761,.F.);
#3803 = PLANE('',#3804);
#3804 = AXIS2_PLACEMENT_3D('',#3805,#3806,#3807);
#3805 = CARTESIAN_POINT('',(0.625,17.6,-0.5));
#3806 = DIRECTION('',(-0.951056516295,-0.309016994375,0.));
#3807 = DIRECTION('',(0.,0.,1.));
#3808 = ADVANCED_FACE('',(#3809),#3820,.T.);
#3809 = FACE_BOUND('',#3810,.T.);
#3810 = EDGE_LOOP('',(#3811,#3817,#3818,#3819));
#3811 = ORIENTED_EDGE('',*,*,#3812,.F.);
#3812 = EDGE_CURVE('',#1007,#2328,#3813,.T.);
#3813 = LINE('',#3814,#3815);
#3814 = CARTESIAN_POINT('',(2.440703081305,-17.44114656405,-0.5));
#3815 = VECTOR('',#3816,1.);
#3816 = DIRECTION('',(0.,0.,1.));
#3817 = ORIENTED_EDGE('',*,*,#1014,.T.);
#3818 = ORIENTED_EDGE('',*,*,#3779,.T.);
#3819 = ORIENTED_EDGE('',*,*,#2335,.F.);
#3820 = PLANE('',#3821);
#3821 = AXIS2_PLACEMENT_3D('',#3822,#3823,#3824);
#3822 = CARTESIAN_POINT('',(2.440703081305,-17.44114656405,-0.5));
#3823 = DIRECTION('',(0.469471562786,-0.882947592859,0.));
#3824 = DIRECTION('',(0.,0.,1.));
#3825 = ADVANCED_FACE('',(#3826),#3837,.T.);
#3826 = FACE_BOUND('',#3827,.T.);
#3827 = EDGE_LOOP('',(#3828,#3829,#3830,#3836));
#3828 = ORIENTED_EDGE('',*,*,#3796,.F.);
#3829 = ORIENTED_EDGE('',*,*,#387,.T.);
#3830 = ORIENTED_EDGE('',*,*,#3831,.T.);
#3831 = EDGE_CURVE('',#388,#1709,#3832,.T.);
#3832 = LINE('',#3833,#3834);
#3833 = CARTESIAN_POINT('',(-0.563820645369,17.213728757031,-0.5));
#3834 = VECTOR('',#3835,1.);
#3835 = DIRECTION('',(0.,0.,1.));
#3836 = ORIENTED_EDGE('',*,*,#1708,.F.);
#3837 = PLANE('',#3838);
#3838 = AXIS2_PLACEMENT_3D('',#3839,#3840,#3841);
#3839 = CARTESIAN_POINT('',(0.625,17.6,-0.5));
#3840 = DIRECTION('',(-0.309016994375,0.951056516295,0.));
#3841 = DIRECTION('',(0.,0.,1.));
#3842 = ADVANCED_FACE('',(#3843),#3854,.T.);
#3843 = FACE_BOUND('',#3844,.T.);
#3844 = EDGE_LOOP('',(#3845,#3846,#3847,#3848));
#3845 = ORIENTED_EDGE('',*,*,#1006,.T.);
#3846 = ORIENTED_EDGE('',*,*,#3812,.T.);
#3847 = ORIENTED_EDGE('',*,*,#2327,.F.);
#3848 = ORIENTED_EDGE('',*,*,#3849,.F.);
#3849 = EDGE_CURVE('',#998,#2319,#3850,.T.);
#3850 = LINE('',#3851,#3852);
#3851 = CARTESIAN_POINT('',(3.469890522732,-19.37676662295,0.));
#3852 = VECTOR('',#3853,1.);
#3853 = DIRECTION('',(0.,0.,1.));
#3854 = PLANE('',#3855);
#3855 = AXIS2_PLACEMENT_3D('',#3856,#3857,#3858);
#3856 = CARTESIAN_POINT('',(2.440703081305,-17.44114656405,-0.5));
#3857 = DIRECTION('',(0.882947592859,0.469471562786,0.));
#3858 = DIRECTION('',(0.,0.,1.));
#3859 = ADVANCED_FACE('',(#3860),#3871,.F.);
#3860 = FACE_BOUND('',#3861,.F.);
#3861 = EDGE_LOOP('',(#3862,#3863,#3864,#3865));
#3862 = ORIENTED_EDGE('',*,*,#395,.T.);
#3863 = ORIENTED_EDGE('',*,*,#3831,.T.);
#3864 = ORIENTED_EDGE('',*,*,#1716,.F.);
#3865 = ORIENTED_EDGE('',*,*,#3866,.F.);
#3866 = EDGE_CURVE('',#396,#1717,#3867,.T.);
#3867 = LINE('',#3868,#3869);
#3868 = CARTESIAN_POINT('',(-1.351688824967,19.638537682843,0.));
#3869 = VECTOR('',#3870,1.);
#3870 = DIRECTION('',(0.,0.,1.));
#3871 = PLANE('',#3872);
#3872 = AXIS2_PLACEMENT_3D('',#3873,#3874,#3875);
#3873 = CARTESIAN_POINT('',(-0.563820645369,17.213728757031,-0.5));
#3874 = DIRECTION('',(-0.951056516295,-0.309016994375,0.));
#3875 = DIRECTION('',(0.,0.,1.));
#3876 = ADVANCED_FACE('',(#3877),#3888,.T.);
#3877 = FACE_BOUND('',#3878,.T.);
#3878 = EDGE_LOOP('',(#3879,#3880,#3881,#3887));
#3879 = ORIENTED_EDGE('',*,*,#3849,.T.);
#3880 = ORIENTED_EDGE('',*,*,#2318,.F.);
#3881 = ORIENTED_EDGE('',*,*,#3882,.F.);
#3882 = EDGE_CURVE('',#990,#2311,#3883,.T.);
#3883 = LINE('',#3884,#3885);
#3884 = CARTESIAN_POINT('',(1.351688824967,-19.63853768284,0.));
#3885 = VECTOR('',#3886,1.);
#3886 = DIRECTION('',(0.,0.,1.));
#3887 = ORIENTED_EDGE('',*,*,#997,.T.);
#3888 = CYLINDRICAL_SURFACE('',#3889,19.685);
#3889 = AXIS2_PLACEMENT_3D('',#3890,#3891,#3892);
#3890 = CARTESIAN_POINT('',(0.,0.,0.));
#3891 = DIRECTION('',(0.,0.,1.));
#3892 = DIRECTION('',(1.,0.,0.));
#3893 = ADVANCED_FACE('',(#3894),#3905,.T.);
#3894 = FACE_BOUND('',#3895,.T.);
#3895 = EDGE_LOOP('',(#3896,#3902,#3903,#3904));
#3896 = ORIENTED_EDGE('',*,*,#3897,.T.);
#3897 = EDGE_CURVE('',#404,#1725,#3898,.T.);
#3898 = LINE('',#3899,#3900);
#3899 = CARTESIAN_POINT('',(-3.469890522732,19.37676662295,0.));
#3900 = VECTOR('',#3901,1.);
#3901 = DIRECTION('',(0.,0.,1.));
#3902 = ORIENTED_EDGE('',*,*,#1724,.F.);
#3903 = ORIENTED_EDGE('',*,*,#3866,.F.);
#3904 = ORIENTED_EDGE('',*,*,#403,.T.);
#3905 = CYLINDRICAL_SURFACE('',#3906,19.685);
#3906 = AXIS2_PLACEMENT_3D('',#3907,#3908,#3909);
#3907 = CARTESIAN_POINT('',(0.,0.,0.));
#3908 = DIRECTION('',(0.,0.,1.));
#3909 = DIRECTION('',(1.,0.,0.));
#3910 = ADVANCED_FACE('',(#3911),#3922,.F.);
#3911 = FACE_BOUND('',#3912,.F.);
#3912 = EDGE_LOOP('',(#3913,#3914,#3920,#3921));
#3913 = ORIENTED_EDGE('',*,*,#989,.T.);
#3914 = ORIENTED_EDGE('',*,*,#3915,.T.);
#3915 = EDGE_CURVE('',#982,#2303,#3916,.T.);
#3916 = LINE('',#3917,#3918);
#3917 = CARTESIAN_POINT('',(0.563820645369,-17.21372875703,-0.5));
#3918 = VECTOR('',#3919,1.);
#3919 = DIRECTION('',(0.,0.,1.));
#3920 = ORIENTED_EDGE('',*,*,#2310,.F.);
#3921 = ORIENTED_EDGE('',*,*,#3882,.F.);
#3922 = PLANE('',#3923);
#3923 = AXIS2_PLACEMENT_3D('',#3924,#3925,#3926);
#3924 = CARTESIAN_POINT('',(0.563820645369,-17.21372875703,-0.5));
#3925 = DIRECTION('',(0.951056516295,0.309016994375,0.));
#3926 = DIRECTION('',(0.,0.,1.));
#3927 = ADVANCED_FACE('',(#3928),#3939,.T.);
#3928 = FACE_BOUND('',#3929,.T.);
#3929 = EDGE_LOOP('',(#3930,#3931,#3937,#3938));
#3930 = ORIENTED_EDGE('',*,*,#412,.T.);
#3931 = ORIENTED_EDGE('',*,*,#3932,.T.);
#3932 = EDGE_CURVE('',#413,#1734,#3933,.T.);
#3933 = LINE('',#3934,#3935);
#3934 = CARTESIAN_POINT('',(-2.440703081305,17.441146564057,-0.5));
#3935 = VECTOR('',#3936,1.);
#3936 = DIRECTION('',(0.,0.,1.));
#3937 = ORIENTED_EDGE('',*,*,#1733,.F.);
#3938 = ORIENTED_EDGE('',*,*,#3897,.F.);
#3939 = PLANE('',#3940);
#3940 = AXIS2_PLACEMENT_3D('',#3941,#3942,#3943);
#3941 = CARTESIAN_POINT('',(-2.440703081305,17.441146564057,-0.5));
#3942 = DIRECTION('',(-0.882947592859,-0.469471562786,0.));
#3943 = DIRECTION('',(0.,0.,1.));
#3944 = ADVANCED_FACE('',(#3945),#3956,.T.);
#3945 = FACE_BOUND('',#3946,.T.);
#3946 = EDGE_LOOP('',(#3947,#3953,#3954,#3955));
#3947 = ORIENTED_EDGE('',*,*,#3948,.F.);
#3948 = EDGE_CURVE('',#974,#2295,#3949,.T.);
#3949 = LINE('',#3950,#3951);
#3950 = CARTESIAN_POINT('',(-0.625,-17.6,-0.5));
#3951 = VECTOR('',#3952,1.);
#3952 = DIRECTION('',(0.,0.,1.));
#3953 = ORIENTED_EDGE('',*,*,#981,.T.);
#3954 = ORIENTED_EDGE('',*,*,#3915,.T.);
#3955 = ORIENTED_EDGE('',*,*,#2302,.F.);
#3956 = PLANE('',#3957);
#3957 = AXIS2_PLACEMENT_3D('',#3958,#3959,#3960);
#3958 = CARTESIAN_POINT('',(-0.625,-17.6,-0.5));
#3959 = DIRECTION('',(0.309016994375,-0.951056516295,0.));
#3960 = DIRECTION('',(0.,0.,1.));
#3961 = ADVANCED_FACE('',(#3962),#3973,.T.);
#3962 = FACE_BOUND('',#3963,.T.);
#3963 = EDGE_LOOP('',(#3964,#3965,#3966,#3972));
#3964 = ORIENTED_EDGE('',*,*,#3932,.F.);
#3965 = ORIENTED_EDGE('',*,*,#420,.T.);
#3966 = ORIENTED_EDGE('',*,*,#3967,.T.);
#3967 = EDGE_CURVE('',#421,#1742,#3968,.T.);
#3968 = LINE('',#3969,#3970);
#3969 = CARTESIAN_POINT('',(-3.544387572379,16.854307110574,-0.5));
#3970 = VECTOR('',#3971,1.);
#3971 = DIRECTION('',(0.,0.,1.));
#3972 = ORIENTED_EDGE('',*,*,#1741,.F.);
#3973 = PLANE('',#3974);
#3974 = AXIS2_PLACEMENT_3D('',#3975,#3976,#3977);
#3975 = CARTESIAN_POINT('',(-2.440703081305,17.441146564057,-0.5));
#3976 = DIRECTION('',(-0.469471562786,0.882947592859,0.));
#3977 = DIRECTION('',(0.,0.,1.));
#3978 = ADVANCED_FACE('',(#3979),#3990,.T.);
#3979 = FACE_BOUND('',#3980,.T.);
#3980 = EDGE_LOOP('',(#3981,#3982,#3983,#3984));
#3981 = ORIENTED_EDGE('',*,*,#973,.T.);
#3982 = ORIENTED_EDGE('',*,*,#3948,.T.);
#3983 = ORIENTED_EDGE('',*,*,#2294,.F.);
#3984 = ORIENTED_EDGE('',*,*,#3985,.F.);
#3985 = EDGE_CURVE('',#965,#2286,#3986,.T.);
#3986 = LINE('',#3987,#3988);
#3987 = CARTESIAN_POINT('',(5.243487573732E-02,-19.68493016456,0.));
#3988 = VECTOR('',#3989,1.);
#3989 = DIRECTION('',(0.,0.,1.));
#3990 = PLANE('',#3991);
#3991 = AXIS2_PLACEMENT_3D('',#3992,#3993,#3994);
#3992 = CARTESIAN_POINT('',(-0.625,-17.6,-0.5));
#3993 = DIRECTION('',(0.951056516295,0.309016994375,0.));
#3994 = DIRECTION('',(0.,0.,1.));
#3995 = ADVANCED_FACE('',(#3996),#4007,.F.);
#3996 = FACE_BOUND('',#3997,.F.);
#3997 = EDGE_LOOP('',(#3998,#3999,#4000,#4001));
#3998 = ORIENTED_EDGE('',*,*,#428,.T.);
#3999 = ORIENTED_EDGE('',*,*,#3967,.T.);
#4000 = ORIENTED_EDGE('',*,*,#1749,.F.);
#4001 = ORIENTED_EDGE('',*,*,#4002,.F.);
#4002 = EDGE_CURVE('',#429,#1750,#4003,.T.);
#4003 = LINE('',#4004,#4005);
#4004 = CARTESIAN_POINT('',(-4.741349915156,19.105465866658,0.));
#4005 = VECTOR('',#4006,1.);
#4006 = DIRECTION('',(0.,0.,1.));
#4007 = PLANE('',#4008);
#4008 = AXIS2_PLACEMENT_3D('',#4009,#4010,#4011);
#4009 = CARTESIAN_POINT('',(-3.544387572379,16.854307110574,-0.5));
#4010 = DIRECTION('',(-0.882947592859,-0.469471562786,0.));
#4011 = DIRECTION('',(0.,0.,1.));
#4012 = ADVANCED_FACE('',(#4013),#4024,.T.);
#4013 = FACE_BOUND('',#4014,.T.);
#4014 = EDGE_LOOP('',(#4015,#4016,#4017,#4023));
#4015 = ORIENTED_EDGE('',*,*,#3985,.T.);
#4016 = ORIENTED_EDGE('',*,*,#2285,.F.);
#4017 = ORIENTED_EDGE('',*,*,#4018,.F.);
#4018 = EDGE_CURVE('',#957,#2278,#4019,.T.);
#4019 = LINE('',#4020,#4021);
#4020 = CARTESIAN_POINT('',(-2.079042646182,-19.57490246911,0.));
#4021 = VECTOR('',#4022,1.);
#4022 = DIRECTION('',(0.,0.,1.));
#4023 = ORIENTED_EDGE('',*,*,#964,.T.);
#4024 = CYLINDRICAL_SURFACE('',#4025,19.685);
#4025 = AXIS2_PLACEMENT_3D('',#4026,#4027,#4028);
#4026 = CARTESIAN_POINT('',(0.,0.,0.));
#4027 = DIRECTION('',(0.,0.,1.));
#4028 = DIRECTION('',(1.,0.,0.));
#4029 = ADVANCED_FACE('',(#4030),#4041,.T.);
#4030 = FACE_BOUND('',#4031,.T.);
#4031 = EDGE_LOOP('',(#4032,#4038,#4039,#4040));
#4032 = ORIENTED_EDGE('',*,*,#4033,.T.);
#4033 = EDGE_CURVE('',#437,#1758,#4034,.T.);
#4034 = LINE('',#4035,#4036);
#4035 = CARTESIAN_POINT('',(-6.781915302043,18.479849832613,0.));
#4036 = VECTOR('',#4037,1.);
#4037 = DIRECTION('',(0.,0.,1.));
#4038 = ORIENTED_EDGE('',*,*,#1757,.F.);
#4039 = ORIENTED_EDGE('',*,*,#4002,.F.);
#4040 = ORIENTED_EDGE('',*,*,#436,.T.);
#4041 = CYLINDRICAL_SURFACE('',#4042,19.685);
#4042 = AXIS2_PLACEMENT_3D('',#4043,#4044,#4045);
#4043 = CARTESIAN_POINT('',(0.,0.,0.));
#4044 = DIRECTION('',(0.,0.,1.));
#4045 = DIRECTION('',(1.,0.,0.));
#4046 = ADVANCED_FACE('',(#4047),#4058,.F.);
#4047 = FACE_BOUND('',#4048,.F.);
#4048 = EDGE_LOOP('',(#4049,#4050,#4056,#4057));
#4049 = ORIENTED_EDGE('',*,*,#956,.T.);
#4050 = ORIENTED_EDGE('',*,*,#4051,.T.);
#4051 = EDGE_CURVE('',#949,#2270,#4052,.T.);
#4052 = LINE('',#4053,#4054);
#4053 = CARTESIAN_POINT('',(-2.433877686644,-17.05011996577,-0.5));
#4054 = VECTOR('',#4055,1.);
#4055 = DIRECTION('',(0.,0.,1.));
#4056 = ORIENTED_EDGE('',*,*,#2277,.F.);
#4057 = ORIENTED_EDGE('',*,*,#4018,.F.);
#4058 = PLANE('',#4059);
#4059 = AXIS2_PLACEMENT_3D('',#4060,#4061,#4062);
#4060 = CARTESIAN_POINT('',(-2.433877686644,-17.05011996577,-0.5));
#4061 = DIRECTION('',(0.990268068742,0.13917310096,0.));
#4062 = DIRECTION('',(0.,0.,1.));
#4063 = ADVANCED_FACE('',(#4064),#4075,.T.);
#4064 = FACE_BOUND('',#4065,.T.);
#4065 = EDGE_LOOP('',(#4066,#4067,#4073,#4074));
#4066 = ORIENTED_EDGE('',*,*,#445,.T.);
#4067 = ORIENTED_EDGE('',*,*,#4068,.T.);
#4068 = EDGE_CURVE('',#446,#1767,#4069,.T.);
#4069 = LINE('',#4070,#4071);
#4070 = CARTESIAN_POINT('',(-5.432246634541,16.752352715411,-0.5));
#4071 = VECTOR('',#4072,1.);
#4072 = DIRECTION('',(0.,0.,1.));
#4073 = ORIENTED_EDGE('',*,*,#1766,.F.);
#4074 = ORIENTED_EDGE('',*,*,#4033,.F.);
#4075 = PLANE('',#4076);
#4076 = AXIS2_PLACEMENT_3D('',#4077,#4078,#4079);
#4077 = CARTESIAN_POINT('',(-5.432246634541,16.752352715411,-0.5));
#4078 = DIRECTION('',(-0.788010753607,-0.615661475326,0.));
#4079 = DIRECTION('',(0.,0.,1.));
#4080 = ADVANCED_FACE('',(#4081),#4092,.T.);
#4081 = FACE_BOUND('',#4082,.T.);
#4082 = EDGE_LOOP('',(#4083,#4089,#4090,#4091));
#4083 = ORIENTED_EDGE('',*,*,#4084,.F.);
#4084 = EDGE_CURVE('',#941,#2262,#4085,.T.);
#4085 = LINE('',#4086,#4087);
#4086 = CARTESIAN_POINT('',(-3.671712772571,-17.22408634197,-0.5));
#4087 = VECTOR('',#4088,1.);
#4088 = DIRECTION('',(0.,0.,1.));
#4089 = ORIENTED_EDGE('',*,*,#948,.T.);
#4090 = ORIENTED_EDGE('',*,*,#4051,.T.);
#4091 = ORIENTED_EDGE('',*,*,#2269,.F.);
#4092 = PLANE('',#4093);
#4093 = AXIS2_PLACEMENT_3D('',#4094,#4095,#4096);
#4094 = CARTESIAN_POINT('',(-3.671712772571,-17.22408634197,-0.5));
#4095 = DIRECTION('',(0.13917310096,-0.990268068742,0.));
#4096 = DIRECTION('',(0.,0.,1.));
#4097 = ADVANCED_FACE('',(#4098),#4109,.T.);
#4098 = FACE_BOUND('',#4099,.T.);
#4099 = EDGE_LOOP('',(#4100,#4101,#4102,#4108));
#4100 = ORIENTED_EDGE('',*,*,#4068,.F.);
#4101 = ORIENTED_EDGE('',*,*,#453,.T.);
#4102 = ORIENTED_EDGE('',*,*,#4103,.T.);
#4103 = EDGE_CURVE('',#454,#1775,#4104,.T.);
#4104 = LINE('',#4105,#4106);
#4105 = CARTESIAN_POINT('',(-6.417260076549,15.982775871253,-0.5));
#4106 = VECTOR('',#4107,1.);
#4107 = DIRECTION('',(0.,0.,1.));
#4108 = ORIENTED_EDGE('',*,*,#1774,.F.);
#4109 = PLANE('',#4110);
#4110 = AXIS2_PLACEMENT_3D('',#4111,#4112,#4113);
#4111 = CARTESIAN_POINT('',(-5.432246634541,16.752352715411,-0.5));
#4112 = DIRECTION('',(-0.615661475326,0.788010753607,0.));
#4113 = DIRECTION('',(0.,0.,1.));
#4114 = ADVANCED_FACE('',(#4115),#4126,.T.);
#4115 = FACE_BOUND('',#4116,.T.);
#4116 = EDGE_LOOP('',(#4117,#4118,#4119,#4120));
#4117 = ORIENTED_EDGE('',*,*,#940,.T.);
#4118 = ORIENTED_EDGE('',*,*,#4084,.T.);
#4119 = ORIENTED_EDGE('',*,*,#2261,.F.);
#4120 = ORIENTED_EDGE('',*,*,#4121,.F.);
#4121 = EDGE_CURVE('',#932,#2253,#4122,.T.);
#4122 = LINE('',#4123,#4124);
#4123 = CARTESIAN_POINT('',(-3.366613978423,-19.39497706418,0.));
#4124 = VECTOR('',#4125,1.);
#4125 = DIRECTION('',(0.,0.,1.));
#4126 = PLANE('',#4127);
#4127 = AXIS2_PLACEMENT_3D('',#4128,#4129,#4130);
#4128 = CARTESIAN_POINT('',(-3.671712772571,-17.22408634197,-0.5));
#4129 = DIRECTION('',(0.990268068742,0.13917310096,0.));
#4130 = DIRECTION('',(0.,0.,1.));
#4131 = ADVANCED_FACE('',(#4132),#4143,.F.);
#4132 = FACE_BOUND('',#4133,.F.);
#4133 = EDGE_LOOP('',(#4134,#4135,#4136,#4137));
#4134 = ORIENTED_EDGE('',*,*,#461,.T.);
#4135 = ORIENTED_EDGE('',*,*,#4103,.T.);
#4136 = ORIENTED_EDGE('',*,*,#1782,.F.);
#4137 = ORIENTED_EDGE('',*,*,#4138,.F.);
#4138 = EDGE_CURVE('',#462,#1783,#4139,.T.);
#4139 = LINE('',#4140,#4141);
#4140 = CARTESIAN_POINT('',(-7.986947487413,17.991884137947,0.));
#4141 = VECTOR('',#4142,1.);
#4142 = DIRECTION('',(0.,0.,1.));
#4143 = PLANE('',#4144);
#4144 = AXIS2_PLACEMENT_3D('',#4145,#4146,#4147);
#4145 = CARTESIAN_POINT('',(-6.417260076549,15.982775871253,-0.5));
#4146 = DIRECTION('',(-0.788010753607,-0.615661475326,0.));
#4147 = DIRECTION('',(0.,0.,1.));
#4148 = ADVANCED_FACE('',(#4149),#4160,.T.);
#4149 = FACE_BOUND('',#4150,.T.);
#4150 = EDGE_LOOP('',(#4151,#4152,#4153,#4159));
#4151 = ORIENTED_EDGE('',*,*,#4121,.T.);
#4152 = ORIENTED_EDGE('',*,*,#2252,.F.);
#4153 = ORIENTED_EDGE('',*,*,#4154,.F.);
#4154 = EDGE_CURVE('',#924,#2245,#4155,.T.);
#4155 = LINE('',#4156,#4157);
#4156 = CARTESIAN_POINT('',(-5.446603458573,-18.91649374924,0.));
#4157 = VECTOR('',#4158,1.);
#4158 = DIRECTION('',(0.,0.,1.));
#4159 = ORIENTED_EDGE('',*,*,#931,.T.);
#4160 = CYLINDRICAL_SURFACE('',#4161,19.685);
#4161 = AXIS2_PLACEMENT_3D('',#4162,#4163,#4164);
#4162 = CARTESIAN_POINT('',(0.,0.,0.));
#4163 = DIRECTION('',(0.,0.,1.));
#4164 = DIRECTION('',(1.,0.,0.));
#4165 = ADVANCED_FACE('',(#4166),#4177,.T.);
#4166 = FACE_BOUND('',#4167,.T.);
#4167 = EDGE_LOOP('',(#4168,#4174,#4175,#4176));
#4168 = ORIENTED_EDGE('',*,*,#4169,.T.);
#4169 = EDGE_CURVE('',#470,#1791,#4170,.T.);
#4170 = LINE('',#4171,#4172);
#4171 = CARTESIAN_POINT('',(-9.887875016715,17.021432156367,0.));
#4172 = VECTOR('',#4173,1.);
#4173 = DIRECTION('',(0.,0.,1.));
#4174 = ORIENTED_EDGE('',*,*,#1790,.F.);
#4175 = ORIENTED_EDGE('',*,*,#4138,.F.);
#4176 = ORIENTED_EDGE('',*,*,#469,.T.);
#4177 = CYLINDRICAL_SURFACE('',#4178,19.685);
#4178 = AXIS2_PLACEMENT_3D('',#4179,#4180,#4181);
#4179 = CARTESIAN_POINT('',(0.,0.,0.));
#4180 = DIRECTION('',(0.,0.,1.));
#4181 = DIRECTION('',(1.,0.,0.));
#4182 = ADVANCED_FACE('',(#4183),#4194,.F.);
#4183 = FACE_BOUND('',#4184,.F.);
#4184 = EDGE_LOOP('',(#4185,#4186,#4192,#4193));
#4185 = ORIENTED_EDGE('',*,*,#923,.T.);
#4186 = ORIENTED_EDGE('',*,*,#4187,.T.);
#4187 = EDGE_CURVE('',#916,#2237,#4188,.T.);
#4188 = LINE('',#4189,#4190);
#4189 = CARTESIAN_POINT('',(-5.357623876749,-16.36845190713,-0.5));
#4190 = VECTOR('',#4191,1.);
#4191 = DIRECTION('',(0.,0.,1.));
#4192 = ORIENTED_EDGE('',*,*,#2244,.F.);
#4193 = ORIENTED_EDGE('',*,*,#4154,.F.);
#4194 = PLANE('',#4195);
#4195 = AXIS2_PLACEMENT_3D('',#4196,#4197,#4198);
#4196 = CARTESIAN_POINT('',(-5.357623876749,-16.36845190713,-0.5));
#4197 = DIRECTION('',(0.999390827019,-3.48994967025E-02,0.));
#4198 = DIRECTION('',(0.,0.,1.));
#4199 = ADVANCED_FACE('',(#4200),#4211,.T.);
#4200 = FACE_BOUND('',#4201,.T.);
#4201 = EDGE_LOOP('',(#4202,#4203,#4209,#4210));
#4202 = ORIENTED_EDGE('',*,*,#478,.T.);
#4203 = ORIENTED_EDGE('',*,*,#4204,.T.);
#4204 = EDGE_CURVE('',#479,#1800,#4205,.T.);
#4205 = LINE('',#4206,#4207);
#4206 = CARTESIAN_POINT('',(-8.258734122635,15.554547106606,-0.5));
#4207 = VECTOR('',#4208,1.);
#4208 = DIRECTION('',(0.,0.,1.));
#4209 = ORIENTED_EDGE('',*,*,#1799,.F.);
#4210 = ORIENTED_EDGE('',*,*,#4169,.F.);
#4211 = PLANE('',#4212);
#4212 = AXIS2_PLACEMENT_3D('',#4213,#4214,#4215);
#4213 = CARTESIAN_POINT('',(-8.258734122635,15.554547106606,-0.5));
#4214 = DIRECTION('',(-0.669130606359,-0.743144825477,0.));
#4215 = DIRECTION('',(0.,0.,1.));
#4216 = ADVANCED_FACE('',(#4217),#4228,.T.);
#4217 = FACE_BOUND('',#4218,.T.);
#4218 = EDGE_LOOP('',(#4219,#4225,#4226,#4227));
#4219 = ORIENTED_EDGE('',*,*,#4220,.F.);
#4220 = EDGE_CURVE('',#908,#2229,#4221,.T.);
#4221 = LINE('',#4222,#4223);
#4222 = CARTESIAN_POINT('',(-6.606862410523,-16.32482753625,-0.5));
#4223 = VECTOR('',#4224,1.);
#4224 = DIRECTION('',(0.,0.,1.));
#4225 = ORIENTED_EDGE('',*,*,#915,.T.);
#4226 = ORIENTED_EDGE('',*,*,#4187,.T.);
#4227 = ORIENTED_EDGE('',*,*,#2236,.F.);
#4228 = PLANE('',#4229);
#4229 = AXIS2_PLACEMENT_3D('',#4230,#4231,#4232);
#4230 = CARTESIAN_POINT('',(-6.606862410523,-16.32482753625,-0.5));
#4231 = DIRECTION('',(-3.48994967025E-02,-0.999390827019,0.));
#4232 = DIRECTION('',(0.,0.,1.));
#4233 = ADVANCED_FACE('',(#4234),#4245,.T.);
#4234 = FACE_BOUND('',#4235,.T.);
#4235 = EDGE_LOOP('',(#4236,#4237,#4238,#4244));
#4236 = ORIENTED_EDGE('',*,*,#4204,.F.);
#4237 = ORIENTED_EDGE('',*,*,#486,.T.);
#4238 = ORIENTED_EDGE('',*,*,#4239,.T.);
#4239 = EDGE_CURVE('',#487,#1808,#4240,.T.);
#4240 = LINE('',#4241,#4242);
#4241 = CARTESIAN_POINT('',(-9.095147380583,14.625616074759,-0.5));
#4242 = VECTOR('',#4243,1.);
#4243 = DIRECTION('',(0.,0.,1.));
#4244 = ORIENTED_EDGE('',*,*,#1807,.F.);
#4245 = PLANE('',#4246);
#4246 = AXIS2_PLACEMENT_3D('',#4247,#4248,#4249);
#4247 = CARTESIAN_POINT('',(-8.258734122635,15.554547106606,-0.5));
#4248 = DIRECTION('',(-0.743144825477,0.669130606359,0.));
#4249 = DIRECTION('',(0.,0.,1.));
#4250 = ADVANCED_FACE('',(#4251),#4262,.T.);
#4251 = FACE_BOUND('',#4252,.T.);
#4252 = EDGE_LOOP('',(#4253,#4254,#4255,#4256));
#4253 = ORIENTED_EDGE('',*,*,#907,.T.);
#4254 = ORIENTED_EDGE('',*,*,#4220,.T.);
#4255 = ORIENTED_EDGE('',*,*,#2228,.F.);
#4256 = ORIENTED_EDGE('',*,*,#4257,.F.);
#4257 = EDGE_CURVE('',#899,#2220,#4258,.T.);
#4258 = LINE('',#4259,#4260);
#4259 = CARTESIAN_POINT('',(-6.683369970438,-18.51571740004,0.));
#4260 = VECTOR('',#4261,1.);
#4261 = DIRECTION('',(0.,0.,1.));
#4262 = PLANE('',#4263);
#4263 = AXIS2_PLACEMENT_3D('',#4264,#4265,#4266);
#4264 = CARTESIAN_POINT('',(-6.606862410523,-16.32482753625,-0.5));
#4265 = DIRECTION('',(0.999390827019,-3.48994967025E-02,0.));
#4266 = DIRECTION('',(0.,0.,1.));
#4267 = ADVANCED_FACE('',(#4268),#4279,.F.);
#4268 = FACE_BOUND('',#4269,.F.);
#4269 = EDGE_LOOP('',(#4270,#4271,#4272,#4273));
#4270 = ORIENTED_EDGE('',*,*,#494,.T.);
#4271 = ORIENTED_EDGE('',*,*,#4239,.T.);
#4272 = ORIENTED_EDGE('',*,*,#1815,.F.);
#4273 = ORIENTED_EDGE('',*,*,#4274,.F.);
#4274 = EDGE_CURVE('',#495,#1816,#4275,.T.);
#4275 = LINE('',#4276,#4277);
#4276 = CARTESIAN_POINT('',(-10.98986570185,16.331628114037,0.));
#4277 = VECTOR('',#4278,1.);
#4278 = DIRECTION('',(0.,0.,1.));
#4279 = PLANE('',#4280);
#4280 = AXIS2_PLACEMENT_3D('',#4281,#4282,#4283);
#4281 = CARTESIAN_POINT('',(-9.095147380583,14.625616074759,-0.5));
#4282 = DIRECTION('',(-0.669130606359,-0.743144825477,0.));
#4283 = DIRECTION('',(0.,0.,1.));
#4284 = ADVANCED_FACE('',(#4285),#4296,.T.);
#4285 = FACE_BOUND('',#4286,.T.);
#4286 = EDGE_LOOP('',(#4287,#4288,#4289,#4295));
#4287 = ORIENTED_EDGE('',*,*,#4257,.T.);
#4288 = ORIENTED_EDGE('',*,*,#2219,.F.);
#4289 = ORIENTED_EDGE('',*,*,#4290,.F.);
#4290 = EDGE_CURVE('',#891,#2212,#4291,.T.);
#4291 = LINE('',#4292,#4293);
#4292 = CARTESIAN_POINT('',(-8.648671980989,-17.683316939,0.));
#4293 = VECTOR('',#4294,1.);
#4294 = DIRECTION('',(0.,0.,1.));
#4295 = ORIENTED_EDGE('',*,*,#898,.T.);
#4296 = CYLINDRICAL_SURFACE('',#4297,19.685);
#4297 = AXIS2_PLACEMENT_3D('',#4298,#4299,#4300);
#4298 = CARTESIAN_POINT('',(0.,0.,0.));
#4299 = DIRECTION('',(0.,0.,1.));
#4300 = DIRECTION('',(1.,0.,0.));
#4301 = ADVANCED_FACE('',(#4302),#4313,.T.);
#4302 = FACE_BOUND('',#4303,.T.);
#4303 = EDGE_LOOP('',(#4304,#4310,#4311,#4312));
#4304 = ORIENTED_EDGE('',*,*,#4305,.T.);
#4305 = EDGE_CURVE('',#503,#1824,#4306,.T.);
#4306 = LINE('',#4307,#4308);
#4307 = CARTESIAN_POINT('',(-12.69339665251,15.045826877311,0.));
#4308 = VECTOR('',#4309,1.);
#4309 = DIRECTION('',(0.,0.,1.));
#4310 = ORIENTED_EDGE('',*,*,#1823,.F.);
#4311 = ORIENTED_EDGE('',*,*,#4274,.F.);
#4312 = ORIENTED_EDGE('',*,*,#502,.T.);
#4313 = CYLINDRICAL_SURFACE('',#4314,19.685);
#4314 = AXIS2_PLACEMENT_3D('',#4315,#4316,#4317);
#4315 = CARTESIAN_POINT('',(0.,0.,0.));
#4316 = DIRECTION('',(0.,0.,1.));
#4317 = DIRECTION('',(1.,0.,0.));
#4318 = ADVANCED_FACE('',(#4319),#4330,.F.);
#4319 = FACE_BOUND('',#4320,.F.);
#4320 = EDGE_LOOP('',(#4321,#4322,#4328,#4329));
#4321 = ORIENTED_EDGE('',*,*,#890,.T.);
#4322 = ORIENTED_EDGE('',*,*,#4323,.T.);
#4323 = EDGE_CURVE('',#883,#2204,#4324,.T.);
#4324 = LINE('',#4325,#4326);
#4325 = CARTESIAN_POINT('',(-8.118581376448,-15.18943672012,-0.5));
#4326 = VECTOR('',#4327,1.);
#4327 = DIRECTION('',(0.,0.,1.));
#4328 = ORIENTED_EDGE('',*,*,#2211,.F.);
#4329 = ORIENTED_EDGE('',*,*,#4290,.F.);
#4330 = PLANE('',#4331);
#4331 = AXIS2_PLACEMENT_3D('',#4332,#4333,#4334);
#4332 = CARTESIAN_POINT('',(-8.118581376448,-15.18943672012,-0.5));
#4333 = DIRECTION('',(0.978147600734,-0.207911690818,0.));
#4334 = DIRECTION('',(0.,0.,1.));
#4335 = ADVANCED_FACE('',(#4336),#4347,.T.);
#4336 = FACE_BOUND('',#4337,.T.);
#4337 = EDGE_LOOP('',(#4338,#4339,#4345,#4346));
#4338 = ORIENTED_EDGE('',*,*,#511,.T.);
#4339 = ORIENTED_EDGE('',*,*,#4340,.T.);
#4340 = EDGE_CURVE('',#512,#1833,#4341,.T.);
#4341 = LINE('',#4342,#4343);
#4342 = CARTESIAN_POINT('',(-10.83428415353,13.884124454948,-0.5));
#4343 = VECTOR('',#4344,1.);
#4344 = DIRECTION('',(0.,0.,1.));
#4345 = ORIENTED_EDGE('',*,*,#1832,.F.);
#4346 = ORIENTED_EDGE('',*,*,#4305,.F.);
#4347 = PLANE('',#4348);
#4348 = AXIS2_PLACEMENT_3D('',#4349,#4350,#4351);
#4349 = CARTESIAN_POINT('',(-10.83428415353,13.884124454948,-0.5));
#4350 = DIRECTION('',(-0.529919264233,-0.848048096156,0.));
#4351 = DIRECTION('',(0.,0.,1.));
#4352 = ADVANCED_FACE('',(#4353),#4364,.T.);
#4353 = FACE_BOUND('',#4354,.T.);
#4354 = EDGE_LOOP('',(#4355,#4361,#4362,#4363));
#4355 = ORIENTED_EDGE('',*,*,#4356,.F.);
#4356 = EDGE_CURVE('',#875,#2196,#4357,.T.);
#4357 = LINE('',#4358,#4359);
#4358 = CARTESIAN_POINT('',(-9.341265877365,-14.9295471066,-0.5));
#4359 = VECTOR('',#4360,1.);
#4360 = DIRECTION('',(0.,0.,1.));
#4361 = ORIENTED_EDGE('',*,*,#882,.T.);
#4362 = ORIENTED_EDGE('',*,*,#4323,.T.);
#4363 = ORIENTED_EDGE('',*,*,#2203,.F.);
#4364 = PLANE('',#4365);
#4365 = AXIS2_PLACEMENT_3D('',#4366,#4367,#4368);
#4366 = CARTESIAN_POINT('',(-9.341265877365,-14.9295471066,-0.5));
#4367 = DIRECTION('',(-0.207911690818,-0.978147600734,0.));
#4368 = DIRECTION('',(0.,0.,1.));
#4369 = ADVANCED_FACE('',(#4370),#4381,.T.);
#4370 = FACE_BOUND('',#4371,.T.);
#4371 = EDGE_LOOP('',(#4372,#4373,#4374,#4380));
#4372 = ORIENTED_EDGE('',*,*,#4340,.F.);
#4373 = ORIENTED_EDGE('',*,*,#519,.T.);
#4374 = ORIENTED_EDGE('',*,*,#4375,.T.);
#4375 = EDGE_CURVE('',#520,#1841,#4376,.T.);
#4376 = LINE('',#4377,#4378);
#4377 = CARTESIAN_POINT('',(-11.49668323382,12.824064334753,-0.5));
#4378 = VECTOR('',#4379,1.);
#4379 = DIRECTION('',(0.,0.,1.));
#4380 = ORIENTED_EDGE('',*,*,#1840,.F.);
#4381 = PLANE('',#4382);
#4382 = AXIS2_PLACEMENT_3D('',#4383,#4384,#4385);
#4383 = CARTESIAN_POINT('',(-10.83428415353,13.884124454948,-0.5));
#4384 = DIRECTION('',(-0.848048096156,0.529919264233,0.));
#4385 = DIRECTION('',(0.,0.,1.));
#4386 = ADVANCED_FACE('',(#4387),#4398,.T.);
#4387 = FACE_BOUND('',#4388,.T.);
#4388 = EDGE_LOOP('',(#4389,#4390,#4391,#4392));
#4389 = ORIENTED_EDGE('',*,*,#874,.T.);
#4390 = ORIENTED_EDGE('',*,*,#4356,.T.);
#4391 = ORIENTED_EDGE('',*,*,#2195,.F.);
#4392 = ORIENTED_EDGE('',*,*,#4393,.F.);
#4393 = EDGE_CURVE('',#866,#2187,#4394,.T.);
#4394 = LINE('',#4395,#4396);
#4395 = CARTESIAN_POINT('',(-9.79705514785,-17.0738670321,0.));
#4396 = VECTOR('',#4397,1.);
#4397 = DIRECTION('',(0.,0.,1.));
#4398 = PLANE('',#4399);
#4399 = AXIS2_PLACEMENT_3D('',#4400,#4401,#4402);
#4400 = CARTESIAN_POINT('',(-9.341265877365,-14.9295471066,-0.5));
#4401 = DIRECTION('',(0.978147600734,-0.207911690818,0.));
#4402 = DIRECTION('',(0.,0.,1.));
#4403 = ADVANCED_FACE('',(#4404),#4415,.F.);
#4404 = FACE_BOUND('',#4405,.F.);
#4405 = EDGE_LOOP('',(#4406,#4407,#4408,#4409));
#4406 = ORIENTED_EDGE('',*,*,#527,.T.);
#4407 = ORIENTED_EDGE('',*,*,#4375,.T.);
#4408 = ORIENTED_EDGE('',*,*,#1848,.F.);
#4409 = ORIENTED_EDGE('',*,*,#4410,.F.);
#4410 = EDGE_CURVE('',#528,#1849,#4411,.T.);
#4411 = LINE('',#4412,#4413);
#4412 = CARTESIAN_POINT('',(-13.65886240808,14.175143834085,0.));
#4413 = VECTOR('',#4414,1.);
#4414 = DIRECTION('',(0.,0.,1.));
#4415 = PLANE('',#4416);
#4416 = AXIS2_PLACEMENT_3D('',#4417,#4418,#4419);
#4417 = CARTESIAN_POINT('',(-11.49668323382,12.824064334753,-0.5));
#4418 = DIRECTION('',(-0.529919264233,-0.848048096156,0.));
#4419 = DIRECTION('',(0.,0.,1.));
#4420 = ADVANCED_FACE('',(#4421),#4432,.T.);
#4421 = FACE_BOUND('',#4422,.T.);
#4422 = EDGE_LOOP('',(#4423,#4424,#4425,#4431));
#4423 = ORIENTED_EDGE('',*,*,#4393,.T.);
#4424 = ORIENTED_EDGE('',*,*,#2186,.F.);
#4425 = ORIENTED_EDGE('',*,*,#4426,.F.);
#4426 = EDGE_CURVE('',#858,#2179,#4427,.T.);
#4427 = LINE('',#4428,#4429);
#4428 = CARTESIAN_POINT('',(-11.5879549817,-15.91284149176,0.));
#4429 = VECTOR('',#4430,1.);
#4430 = DIRECTION('',(0.,0.,1.));
#4431 = ORIENTED_EDGE('',*,*,#865,.T.);
#4432 = CYLINDRICAL_SURFACE('',#4433,19.685);
#4433 = AXIS2_PLACEMENT_3D('',#4434,#4435,#4436);
#4434 = CARTESIAN_POINT('',(0.,0.,0.));
#4435 = DIRECTION('',(0.,0.,1.));
#4436 = DIRECTION('',(1.,0.,0.));
#4437 = ADVANCED_FACE('',(#4438),#4449,.T.);
#4438 = FACE_BOUND('',#4439,.T.);
#4439 = EDGE_LOOP('',(#4440,#4446,#4447,#4448));
#4440 = ORIENTED_EDGE('',*,*,#4441,.T.);
#4441 = EDGE_CURVE('',#536,#1857,#4442,.T.);
#4442 = LINE('',#4443,#4444);
#4443 = CARTESIAN_POINT('',(-15.11323585419,12.613061762143,0.));
#4444 = VECTOR('',#4445,1.);
#4445 = DIRECTION('',(0.,0.,1.));
#4446 = ORIENTED_EDGE('',*,*,#1856,.F.);
#4447 = ORIENTED_EDGE('',*,*,#4410,.F.);
#4448 = ORIENTED_EDGE('',*,*,#535,.T.);
#4449 = CYLINDRICAL_SURFACE('',#4450,19.685);
#4450 = AXIS2_PLACEMENT_3D('',#4451,#4452,#4453);
#4451 = CARTESIAN_POINT('',(0.,0.,0.));
#4452 = DIRECTION('',(0.,0.,1.));
#4453 = DIRECTION('',(1.,0.,0.));
#4454 = ADVANCED_FACE('',(#4455),#4466,.F.);
#4455 = FACE_BOUND('',#4456,.F.);
#4456 = EDGE_LOOP('',(#4457,#4458,#4464,#4465));
#4457 = ORIENTED_EDGE('',*,*,#857,.T.);
#4458 = ORIENTED_EDGE('',*,*,#4459,.T.);
#4459 = EDGE_CURVE('',#850,#2171,#4460,.T.);
#4460 = LINE('',#4461,#4462);
#4461 = CARTESIAN_POINT('',(-10.63285988922,-13.54889818461,-0.5));
#4462 = VECTOR('',#4463,1.);
#4463 = DIRECTION('',(0.,0.,1.));
#4464 = ORIENTED_EDGE('',*,*,#2178,.F.);
#4465 = ORIENTED_EDGE('',*,*,#4426,.F.);
#4466 = PLANE('',#4467);
#4467 = AXIS2_PLACEMENT_3D('',#4468,#4469,#4470);
#4468 = CARTESIAN_POINT('',(-10.63285988922,-13.54889818461,-0.5));
#4469 = DIRECTION('',(0.927183854567,-0.374606593416,0.));
#4470 = DIRECTION('',(0.,0.,1.));
#4471 = ADVANCED_FACE('',(#4472),#4483,.T.);
#4472 = FACE_BOUND('',#4473,.T.);
#4473 = EDGE_LOOP('',(#4474,#4475,#4481,#4482));
#4474 = ORIENTED_EDGE('',*,*,#544,.T.);
#4475 = ORIENTED_EDGE('',*,*,#4476,.T.);
#4476 = EDGE_CURVE('',#545,#1866,#4477,.T.);
#4477 = LINE('',#4478,#4479);
#4478 = CARTESIAN_POINT('',(-13.08063994284,11.791839707432,-0.5));
#4479 = VECTOR('',#4480,1.);
#4480 = DIRECTION('',(0.,0.,1.));
#4481 = ORIENTED_EDGE('',*,*,#1865,.F.);
#4482 = ORIENTED_EDGE('',*,*,#4441,.F.);
#4483 = PLANE('',#4484);
#4484 = AXIS2_PLACEMENT_3D('',#4485,#4486,#4487);
#4485 = CARTESIAN_POINT('',(-13.08063994284,11.791839707432,-0.5));
#4486 = DIRECTION('',(-0.374606593416,-0.927183854567,0.));
#4487 = DIRECTION('',(0.,0.,1.));
#4488 = ADVANCED_FACE('',(#4489),#4500,.T.);
#4489 = FACE_BOUND('',#4490,.T.);
#4490 = EDGE_LOOP('',(#4491,#4497,#4498,#4499));
#4491 = ORIENTED_EDGE('',*,*,#4492,.F.);
#4492 = EDGE_CURVE('',#842,#2163,#4493,.T.);
#4493 = LINE('',#4494,#4495);
#4494 = CARTESIAN_POINT('',(-11.79183970743,-13.08063994284,-0.5));
#4495 = VECTOR('',#4496,1.);
#4496 = DIRECTION('',(0.,0.,1.));
#4497 = ORIENTED_EDGE('',*,*,#849,.T.);
#4498 = ORIENTED_EDGE('',*,*,#4459,.T.);
#4499 = ORIENTED_EDGE('',*,*,#2170,.F.);
#4500 = PLANE('',#4501);
#4501 = AXIS2_PLACEMENT_3D('',#4502,#4503,#4504);
#4502 = CARTESIAN_POINT('',(-11.79183970743,-13.08063994284,-0.5));
#4503 = DIRECTION('',(-0.374606593416,-0.927183854567,0.));
#4504 = DIRECTION('',(0.,0.,1.));
#4505 = ADVANCED_FACE('',(#4506),#4517,.T.);
#4506 = FACE_BOUND('',#4507,.T.);
#4507 = EDGE_LOOP('',(#4508,#4509,#4510,#4516));
#4508 = ORIENTED_EDGE('',*,*,#4476,.F.);
#4509 = ORIENTED_EDGE('',*,*,#552,.T.);
#4510 = ORIENTED_EDGE('',*,*,#4511,.T.);
#4511 = EDGE_CURVE('',#553,#1874,#4512,.T.);
#4512 = LINE('',#4513,#4514);
#4513 = CARTESIAN_POINT('',(-13.54889818461,10.632859889224,-0.5));
#4514 = VECTOR('',#4515,1.);
#4515 = DIRECTION('',(0.,0.,1.));
#4516 = ORIENTED_EDGE('',*,*,#1873,.F.);
#4517 = PLANE('',#4518);
#4518 = AXIS2_PLACEMENT_3D('',#4519,#4520,#4521);
#4519 = CARTESIAN_POINT('',(-13.08063994284,11.791839707432,-0.5));
#4520 = DIRECTION('',(-0.927183854567,0.374606593416,0.));
#4521 = DIRECTION('',(0.,0.,1.));
#4522 = ADVANCED_FACE('',(#4523),#4534,.T.);
#4523 = FACE_BOUND('',#4524,.T.);
#4524 = EDGE_LOOP('',(#4525,#4526,#4527,#4528));
#4525 = ORIENTED_EDGE('',*,*,#841,.T.);
#4526 = ORIENTED_EDGE('',*,*,#4492,.T.);
#4527 = ORIENTED_EDGE('',*,*,#2162,.F.);
#4528 = ORIENTED_EDGE('',*,*,#4529,.F.);
#4529 = EDGE_CURVE('',#833,#2154,#4530,.T.);
#4530 = LINE('',#4531,#4532);
#4531 = CARTESIAN_POINT('',(-12.61306176214,-15.11323585419,0.));
#4532 = VECTOR('',#4533,1.);
#4533 = DIRECTION('',(0.,0.,1.));
#4534 = PLANE('',#4535);
#4535 = AXIS2_PLACEMENT_3D('',#4536,#4537,#4538);
#4536 = CARTESIAN_POINT('',(-11.79183970743,-13.08063994284,-0.5));
#4537 = DIRECTION('',(0.927183854567,-0.374606593416,0.));
#4538 = DIRECTION('',(0.,0.,1.));
#4539 = ADVANCED_FACE('',(#4540),#4551,.F.);
#4540 = FACE_BOUND('',#4541,.F.);
#4541 = EDGE_LOOP('',(#4542,#4543,#4544,#4545));
#4542 = ORIENTED_EDGE('',*,*,#560,.T.);
#4543 = ORIENTED_EDGE('',*,*,#4511,.T.);
#4544 = ORIENTED_EDGE('',*,*,#1881,.F.);
#4545 = ORIENTED_EDGE('',*,*,#4546,.F.);
#4546 = EDGE_CURVE('',#561,#1882,#4547,.T.);
#4547 = LINE('',#4548,#4549);
#4548 = CARTESIAN_POINT('',(-15.91284149176,11.587954981702,0.));
#4549 = VECTOR('',#4550,1.);
#4550 = DIRECTION('',(0.,0.,1.));
#4551 = PLANE('',#4552);
#4552 = AXIS2_PLACEMENT_3D('',#4553,#4554,#4555);
#4553 = CARTESIAN_POINT('',(-13.54889818461,10.632859889224,-0.5));
#4554 = DIRECTION('',(-0.374606593416,-0.927183854567,0.));
#4555 = DIRECTION('',(0.,0.,1.));
#4556 = ADVANCED_FACE('',(#4557),#4568,.T.);
#4557 = FACE_BOUND('',#4558,.T.);
#4558 = EDGE_LOOP('',(#4559,#4560,#4561,#4567));
#4559 = ORIENTED_EDGE('',*,*,#4529,.T.);
#4560 = ORIENTED_EDGE('',*,*,#2153,.F.);
#4561 = ORIENTED_EDGE('',*,*,#4562,.F.);
#4562 = EDGE_CURVE('',#825,#2146,#4563,.T.);
#4563 = LINE('',#4564,#4565);
#4564 = CARTESIAN_POINT('',(-14.17514383408,-13.65886240808,0.));
#4565 = VECTOR('',#4566,1.);
#4566 = DIRECTION('',(0.,0.,1.));
#4567 = ORIENTED_EDGE('',*,*,#832,.T.);
#4568 = CYLINDRICAL_SURFACE('',#4569,19.685);
#4569 = AXIS2_PLACEMENT_3D('',#4570,#4571,#4572);
#4570 = CARTESIAN_POINT('',(0.,0.,0.));
#4571 = DIRECTION('',(0.,0.,1.));
#4572 = DIRECTION('',(1.,0.,0.));
#4573 = ADVANCED_FACE('',(#4574),#4585,.T.);
#4574 = FACE_BOUND('',#4575,.T.);
#4575 = EDGE_LOOP('',(#4576,#4582,#4583,#4584));
#4576 = ORIENTED_EDGE('',*,*,#4577,.T.);
#4577 = EDGE_CURVE('',#569,#1890,#4578,.T.);
#4578 = LINE('',#4579,#4580);
#4579 = CARTESIAN_POINT('',(-17.0738670321,9.79705514785,0.));
#4580 = VECTOR('',#4581,1.);
#4581 = DIRECTION('',(0.,0.,1.));
#4582 = ORIENTED_EDGE('',*,*,#1889,.F.);
#4583 = ORIENTED_EDGE('',*,*,#4546,.F.);
#4584 = ORIENTED_EDGE('',*,*,#568,.T.);
#4585 = CYLINDRICAL_SURFACE('',#4586,19.685);
#4586 = AXIS2_PLACEMENT_3D('',#4587,#4588,#4589);
#4587 = CARTESIAN_POINT('',(0.,0.,0.));
#4588 = DIRECTION('',(0.,0.,1.));
#4589 = DIRECTION('',(1.,0.,0.));
#4590 = ADVANCED_FACE('',(#4591),#4602,.F.);
#4591 = FACE_BOUND('',#4592,.F.);
#4592 = EDGE_LOOP('',(#4593,#4594,#4600,#4601));
#4593 = ORIENTED_EDGE('',*,*,#824,.T.);
#4594 = ORIENTED_EDGE('',*,*,#4595,.T.);
#4595 = EDGE_CURVE('',#817,#2138,#4596,.T.);
#4596 = LINE('',#4597,#4598);
#4597 = CARTESIAN_POINT('',(-12.82406433475,-11.49668323382,-0.5));
#4598 = VECTOR('',#4599,1.);
#4599 = DIRECTION('',(0.,0.,1.));
#4600 = ORIENTED_EDGE('',*,*,#2145,.F.);
#4601 = ORIENTED_EDGE('',*,*,#4562,.F.);
#4602 = PLANE('',#4603);
#4603 = AXIS2_PLACEMENT_3D('',#4604,#4605,#4606);
#4604 = CARTESIAN_POINT('',(-12.82406433475,-11.49668323382,-0.5));
#4605 = DIRECTION('',(0.848048096156,-0.529919264233,0.));
#4606 = DIRECTION('',(0.,0.,1.));
#4607 = ADVANCED_FACE('',(#4608),#4619,.T.);
#4608 = FACE_BOUND('',#4609,.T.);
#4609 = EDGE_LOOP('',(#4610,#4611,#4617,#4618));
#4610 = ORIENTED_EDGE('',*,*,#577,.T.);
#4611 = ORIENTED_EDGE('',*,*,#4612,.T.);
#4612 = EDGE_CURVE('',#578,#1899,#4613,.T.);
#4613 = LINE('',#4614,#4615);
#4614 = CARTESIAN_POINT('',(-14.9295471066,9.341265877365,-0.5));
#4615 = VECTOR('',#4616,1.);
#4616 = DIRECTION('',(0.,0.,1.));
#4617 = ORIENTED_EDGE('',*,*,#1898,.F.);
#4618 = ORIENTED_EDGE('',*,*,#4577,.F.);
#4619 = PLANE('',#4620);
#4620 = AXIS2_PLACEMENT_3D('',#4621,#4622,#4623);
#4621 = CARTESIAN_POINT('',(-14.9295471066,9.341265877365,-0.5));
#4622 = DIRECTION('',(-0.207911690818,-0.978147600734,0.));
#4623 = DIRECTION('',(0.,0.,1.));
#4624 = ADVANCED_FACE('',(#4625),#4636,.T.);
#4625 = FACE_BOUND('',#4626,.T.);
#4626 = EDGE_LOOP('',(#4627,#4633,#4634,#4635));
#4627 = ORIENTED_EDGE('',*,*,#4628,.F.);
#4628 = EDGE_CURVE('',#809,#2130,#4629,.T.);
#4629 = LINE('',#4630,#4631);
#4630 = CARTESIAN_POINT('',(-13.88412445494,-10.83428415353,-0.5));
#4631 = VECTOR('',#4632,1.);
#4632 = DIRECTION('',(0.,0.,1.));
#4633 = ORIENTED_EDGE('',*,*,#816,.T.);
#4634 = ORIENTED_EDGE('',*,*,#4595,.T.);
#4635 = ORIENTED_EDGE('',*,*,#2137,.F.);
#4636 = PLANE('',#4637);
#4637 = AXIS2_PLACEMENT_3D('',#4638,#4639,#4640);
#4638 = CARTESIAN_POINT('',(-13.88412445494,-10.83428415353,-0.5));
#4639 = DIRECTION('',(-0.529919264233,-0.848048096156,0.));
#4640 = DIRECTION('',(0.,0.,1.));
#4641 = ADVANCED_FACE('',(#4642),#4653,.T.);
#4642 = FACE_BOUND('',#4643,.T.);
#4643 = EDGE_LOOP('',(#4644,#4645,#4646,#4652));
#4644 = ORIENTED_EDGE('',*,*,#4612,.F.);
#4645 = ORIENTED_EDGE('',*,*,#585,.T.);
#4646 = ORIENTED_EDGE('',*,*,#4647,.T.);
#4647 = EDGE_CURVE('',#586,#1907,#4648,.T.);
#4648 = LINE('',#4649,#4650);
#4649 = CARTESIAN_POINT('',(-15.18943672012,8.118581376448,-0.5));
#4650 = VECTOR('',#4651,1.);
#4651 = DIRECTION('',(0.,0.,1.));
#4652 = ORIENTED_EDGE('',*,*,#1906,.F.);
#4653 = PLANE('',#4654);
#4654 = AXIS2_PLACEMENT_3D('',#4655,#4656,#4657);
#4655 = CARTESIAN_POINT('',(-14.9295471066,9.341265877365,-0.5));
#4656 = DIRECTION('',(-0.978147600734,0.207911690818,0.));
#4657 = DIRECTION('',(0.,0.,1.));
#4658 = ADVANCED_FACE('',(#4659),#4670,.T.);
#4659 = FACE_BOUND('',#4660,.T.);
#4660 = EDGE_LOOP('',(#4661,#4662,#4663,#4664));
#4661 = ORIENTED_EDGE('',*,*,#808,.T.);
#4662 = ORIENTED_EDGE('',*,*,#4628,.T.);
#4663 = ORIENTED_EDGE('',*,*,#2129,.F.);
#4664 = ORIENTED_EDGE('',*,*,#4665,.F.);
#4665 = EDGE_CURVE('',#800,#2121,#4666,.T.);
#4666 = LINE('',#4667,#4668);
#4667 = CARTESIAN_POINT('',(-15.04582687731,-12.69339665251,0.));
#4668 = VECTOR('',#4669,1.);
#4669 = DIRECTION('',(0.,0.,1.));
#4670 = PLANE('',#4671);
#4671 = AXIS2_PLACEMENT_3D('',#4672,#4673,#4674);
#4672 = CARTESIAN_POINT('',(-13.88412445494,-10.83428415353,-0.5));
#4673 = DIRECTION('',(0.848048096156,-0.529919264233,0.));
#4674 = DIRECTION('',(0.,0.,1.));
#4675 = ADVANCED_FACE('',(#4676),#4687,.F.);
#4676 = FACE_BOUND('',#4677,.F.);
#4677 = EDGE_LOOP('',(#4678,#4679,#4680,#4681));
#4678 = ORIENTED_EDGE('',*,*,#593,.T.);
#4679 = ORIENTED_EDGE('',*,*,#4647,.T.);
#4680 = ORIENTED_EDGE('',*,*,#1914,.F.);
#4681 = ORIENTED_EDGE('',*,*,#4682,.F.);
#4682 = EDGE_CURVE('',#594,#1915,#4683,.T.);
#4683 = LINE('',#4684,#4685);
#4684 = CARTESIAN_POINT('',(-17.683316939,8.648671980989,0.));
#4685 = VECTOR('',#4686,1.);
#4686 = DIRECTION('',(0.,0.,1.));
#4687 = PLANE('',#4688);
#4688 = AXIS2_PLACEMENT_3D('',#4689,#4690,#4691);
#4689 = CARTESIAN_POINT('',(-15.18943672012,8.118581376448,-0.5));
#4690 = DIRECTION('',(-0.207911690818,-0.978147600734,0.));
#4691 = DIRECTION('',(0.,0.,1.));
#4692 = ADVANCED_FACE('',(#4693),#4704,.T.);
#4693 = FACE_BOUND('',#4694,.T.);
#4694 = EDGE_LOOP('',(#4695,#4696,#4697,#4703));
#4695 = ORIENTED_EDGE('',*,*,#4665,.T.);
#4696 = ORIENTED_EDGE('',*,*,#2120,.F.);
#4697 = ORIENTED_EDGE('',*,*,#4698,.F.);
#4698 = EDGE_CURVE('',#792,#2113,#4699,.T.);
#4699 = LINE('',#4700,#4701);
#4700 = CARTESIAN_POINT('',(-16.33162811403,-10.98986570185,0.));
#4701 = VECTOR('',#4702,1.);
#4702 = DIRECTION('',(0.,0.,1.));
#4703 = ORIENTED_EDGE('',*,*,#799,.T.);
#4704 = CYLINDRICAL_SURFACE('',#4705,19.685);
#4705 = AXIS2_PLACEMENT_3D('',#4706,#4707,#4708);
#4706 = CARTESIAN_POINT('',(0.,0.,0.));
#4707 = DIRECTION('',(0.,0.,1.));
#4708 = DIRECTION('',(1.,0.,0.));
#4709 = ADVANCED_FACE('',(#4710),#4721,.T.);
#4710 = FACE_BOUND('',#4711,.T.);
#4711 = EDGE_LOOP('',(#4712,#4718,#4719,#4720));
#4712 = ORIENTED_EDGE('',*,*,#4713,.T.);
#4713 = EDGE_CURVE('',#602,#1923,#4714,.T.);
#4714 = LINE('',#4715,#4716);
#4715 = CARTESIAN_POINT('',(-18.51571740004,6.683369970438,0.));
#4716 = VECTOR('',#4717,1.);
#4717 = DIRECTION('',(0.,0.,1.));
#4718 = ORIENTED_EDGE('',*,*,#1922,.F.);
#4719 = ORIENTED_EDGE('',*,*,#4682,.F.);
#4720 = ORIENTED_EDGE('',*,*,#601,.T.);
#4721 = CYLINDRICAL_SURFACE('',#4722,19.685);
#4722 = AXIS2_PLACEMENT_3D('',#4723,#4724,#4725);
#4723 = CARTESIAN_POINT('',(0.,0.,0.));
#4724 = DIRECTION('',(0.,0.,1.));
#4725 = DIRECTION('',(1.,0.,0.));
#4726 = ADVANCED_FACE('',(#4727),#4738,.F.);
#4727 = FACE_BOUND('',#4728,.F.);
#4728 = EDGE_LOOP('',(#4729,#4730,#4736,#4737));
#4729 = ORIENTED_EDGE('',*,*,#791,.T.);
#4730 = ORIENTED_EDGE('',*,*,#4731,.T.);
#4731 = EDGE_CURVE('',#784,#2105,#4732,.T.);
#4732 = LINE('',#4733,#4734);
#4733 = CARTESIAN_POINT('',(-14.62561607475,-9.095147380583,-0.5));
#4734 = VECTOR('',#4735,1.);
#4735 = DIRECTION('',(0.,0.,1.));
#4736 = ORIENTED_EDGE('',*,*,#2112,.F.);
#4737 = ORIENTED_EDGE('',*,*,#4698,.F.);
#4738 = PLANE('',#4739);
#4739 = AXIS2_PLACEMENT_3D('',#4740,#4741,#4742);
#4740 = CARTESIAN_POINT('',(-14.62561607475,-9.095147380583,-0.5));
#4741 = DIRECTION('',(0.743144825477,-0.669130606359,0.));
#4742 = DIRECTION('',(0.,0.,1.));
#4743 = ADVANCED_FACE('',(#4744),#4755,.T.);
#4744 = FACE_BOUND('',#4745,.T.);
#4745 = EDGE_LOOP('',(#4746,#4747,#4753,#4754));
#4746 = ORIENTED_EDGE('',*,*,#610,.T.);
#4747 = ORIENTED_EDGE('',*,*,#4748,.T.);
#4748 = EDGE_CURVE('',#611,#1932,#4749,.T.);
#4749 = LINE('',#4750,#4751);
#4750 = CARTESIAN_POINT('',(-16.32482753625,6.606862410523,-0.5));
#4751 = VECTOR('',#4752,1.);
#4752 = DIRECTION('',(0.,0.,1.));
#4753 = ORIENTED_EDGE('',*,*,#1931,.F.);
#4754 = ORIENTED_EDGE('',*,*,#4713,.F.);
#4755 = PLANE('',#4756);
#4756 = AXIS2_PLACEMENT_3D('',#4757,#4758,#4759);
#4757 = CARTESIAN_POINT('',(-16.32482753625,6.606862410523,-0.5));
#4758 = DIRECTION('',(-3.48994967025E-02,-0.999390827019,0.));
#4759 = DIRECTION('',(0.,0.,1.));
#4760 = ADVANCED_FACE('',(#4761),#4772,.T.);
#4761 = FACE_BOUND('',#4762,.T.);
#4762 = EDGE_LOOP('',(#4763,#4769,#4770,#4771));
#4763 = ORIENTED_EDGE('',*,*,#4764,.F.);
#4764 = EDGE_CURVE('',#776,#2097,#4765,.T.);
#4765 = LINE('',#4766,#4767);
#4766 = CARTESIAN_POINT('',(-15.5545471066,-8.258734122635,-0.5));
#4767 = VECTOR('',#4768,1.);
#4768 = DIRECTION('',(0.,0.,1.));
#4769 = ORIENTED_EDGE('',*,*,#783,.T.);
#4770 = ORIENTED_EDGE('',*,*,#4731,.T.);
#4771 = ORIENTED_EDGE('',*,*,#2104,.F.);
#4772 = PLANE('',#4773);
#4773 = AXIS2_PLACEMENT_3D('',#4774,#4775,#4776);
#4774 = CARTESIAN_POINT('',(-15.5545471066,-8.258734122635,-0.5));
#4775 = DIRECTION('',(-0.669130606359,-0.743144825477,0.));
#4776 = DIRECTION('',(0.,0.,1.));
#4777 = ADVANCED_FACE('',(#4778),#4789,.T.);
#4778 = FACE_BOUND('',#4779,.T.);
#4779 = EDGE_LOOP('',(#4780,#4781,#4782,#4788));
#4780 = ORIENTED_EDGE('',*,*,#4748,.F.);
#4781 = ORIENTED_EDGE('',*,*,#618,.T.);
#4782 = ORIENTED_EDGE('',*,*,#4783,.T.);
#4783 = EDGE_CURVE('',#619,#1940,#4784,.T.);
#4784 = LINE('',#4785,#4786);
#4785 = CARTESIAN_POINT('',(-16.36845190713,5.357623876749,-0.5));
#4786 = VECTOR('',#4787,1.);
#4787 = DIRECTION('',(0.,0.,1.));
#4788 = ORIENTED_EDGE('',*,*,#1939,.F.);
#4789 = PLANE('',#4790);
#4790 = AXIS2_PLACEMENT_3D('',#4791,#4792,#4793);
#4791 = CARTESIAN_POINT('',(-16.32482753625,6.606862410523,-0.5));
#4792 = DIRECTION('',(-0.999390827019,3.48994967025E-02,0.));
#4793 = DIRECTION('',(0.,0.,1.));
#4794 = ADVANCED_FACE('',(#4795),#4806,.T.);
#4795 = FACE_BOUND('',#4796,.T.);
#4796 = EDGE_LOOP('',(#4797,#4798,#4799,#4800));
#4797 = ORIENTED_EDGE('',*,*,#775,.T.);
#4798 = ORIENTED_EDGE('',*,*,#4764,.T.);
#4799 = ORIENTED_EDGE('',*,*,#2096,.F.);
#4800 = ORIENTED_EDGE('',*,*,#4801,.F.);
#4801 = EDGE_CURVE('',#767,#2088,#4802,.T.);
#4802 = LINE('',#4803,#4804);
#4803 = CARTESIAN_POINT('',(-17.02143215636,-9.887875016715,0.));
#4804 = VECTOR('',#4805,1.);
#4805 = DIRECTION('',(0.,0.,1.));
#4806 = PLANE('',#4807);
#4807 = AXIS2_PLACEMENT_3D('',#4808,#4809,#4810);
#4808 = CARTESIAN_POINT('',(-15.5545471066,-8.258734122635,-0.5));
#4809 = DIRECTION('',(0.743144825477,-0.669130606359,0.));
#4810 = DIRECTION('',(0.,0.,1.));
#4811 = ADVANCED_FACE('',(#4812),#4823,.F.);
#4812 = FACE_BOUND('',#4813,.F.);
#4813 = EDGE_LOOP('',(#4814,#4815,#4816,#4817));
#4814 = ORIENTED_EDGE('',*,*,#626,.T.);
#4815 = ORIENTED_EDGE('',*,*,#4783,.T.);
#4816 = ORIENTED_EDGE('',*,*,#1947,.F.);
#4817 = ORIENTED_EDGE('',*,*,#4818,.F.);
#4818 = EDGE_CURVE('',#627,#1948,#4819,.T.);
#4819 = LINE('',#4820,#4821);
#4820 = CARTESIAN_POINT('',(-18.91649374924,5.446603458573,0.));
#4821 = VECTOR('',#4822,1.);
#4822 = DIRECTION('',(0.,0.,1.));
#4823 = PLANE('',#4824);
#4824 = AXIS2_PLACEMENT_3D('',#4825,#4826,#4827);
#4825 = CARTESIAN_POINT('',(-16.36845190713,5.357623876749,-0.5));
#4826 = DIRECTION('',(-3.48994967025E-02,-0.999390827019,0.));
#4827 = DIRECTION('',(0.,0.,1.));
#4828 = ADVANCED_FACE('',(#4829),#4840,.T.);
#4829 = FACE_BOUND('',#4830,.T.);
#4830 = EDGE_LOOP('',(#4831,#4832,#4833,#4839));
#4831 = ORIENTED_EDGE('',*,*,#4801,.T.);
#4832 = ORIENTED_EDGE('',*,*,#2087,.F.);
#4833 = ORIENTED_EDGE('',*,*,#4834,.F.);
#4834 = EDGE_CURVE('',#759,#2080,#4835,.T.);
#4835 = LINE('',#4836,#4837);
#4836 = CARTESIAN_POINT('',(-17.99188413794,-7.986947487413,0.));
#4837 = VECTOR('',#4838,1.);
#4838 = DIRECTION('',(0.,0.,1.));
#4839 = ORIENTED_EDGE('',*,*,#766,.T.);
#4840 = CYLINDRICAL_SURFACE('',#4841,19.685);
#4841 = AXIS2_PLACEMENT_3D('',#4842,#4843,#4844);
#4842 = CARTESIAN_POINT('',(0.,0.,0.));
#4843 = DIRECTION('',(0.,0.,1.));
#4844 = DIRECTION('',(1.,0.,0.));
#4845 = ADVANCED_FACE('',(#4846),#4857,.T.);
#4846 = FACE_BOUND('',#4847,.T.);
#4847 = EDGE_LOOP('',(#4848,#4854,#4855,#4856));
#4848 = ORIENTED_EDGE('',*,*,#4849,.T.);
#4849 = EDGE_CURVE('',#635,#1956,#4850,.T.);
#4850 = LINE('',#4851,#4852);
#4851 = CARTESIAN_POINT('',(-19.39497706418,3.366613978423,0.));
#4852 = VECTOR('',#4853,1.);
#4853 = DIRECTION('',(0.,0.,1.));
#4854 = ORIENTED_EDGE('',*,*,#1955,.F.);
#4855 = ORIENTED_EDGE('',*,*,#4818,.F.);
#4856 = ORIENTED_EDGE('',*,*,#634,.T.);
#4857 = CYLINDRICAL_SURFACE('',#4858,19.685);
#4858 = AXIS2_PLACEMENT_3D('',#4859,#4860,#4861);
#4859 = CARTESIAN_POINT('',(0.,0.,0.));
#4860 = DIRECTION('',(0.,0.,1.));
#4861 = DIRECTION('',(1.,0.,0.));
#4862 = ADVANCED_FACE('',(#4863),#4874,.F.);
#4863 = FACE_BOUND('',#4864,.F.);
#4864 = EDGE_LOOP('',(#4865,#4866,#4872,#4873));
#4865 = ORIENTED_EDGE('',*,*,#758,.T.);
#4866 = ORIENTED_EDGE('',*,*,#4867,.T.);
#4867 = EDGE_CURVE('',#751,#2072,#4868,.T.);
#4868 = LINE('',#4869,#4870);
#4869 = CARTESIAN_POINT('',(-15.98277587125,-6.417260076549,-0.5));
#4870 = VECTOR('',#4871,1.);
#4871 = DIRECTION('',(0.,0.,1.));
#4872 = ORIENTED_EDGE('',*,*,#2079,.F.);
#4873 = ORIENTED_EDGE('',*,*,#4834,.F.);
#4874 = PLANE('',#4875);
#4875 = AXIS2_PLACEMENT_3D('',#4876,#4877,#4878);
#4876 = CARTESIAN_POINT('',(-15.98277587125,-6.417260076549,-0.5));
#4877 = DIRECTION('',(0.615661475326,-0.788010753607,0.));
#4878 = DIRECTION('',(0.,0.,1.));
#4879 = ADVANCED_FACE('',(#4880),#4891,.T.);
#4880 = FACE_BOUND('',#4881,.T.);
#4881 = EDGE_LOOP('',(#4882,#4883,#4889,#4890));
#4882 = ORIENTED_EDGE('',*,*,#643,.T.);
#4883 = ORIENTED_EDGE('',*,*,#4884,.T.);
#4884 = EDGE_CURVE('',#644,#1965,#4885,.T.);
#4885 = LINE('',#4886,#4887);
#4886 = CARTESIAN_POINT('',(-17.22408634197,3.671712772571,-0.5));
#4887 = VECTOR('',#4888,1.);
#4888 = DIRECTION('',(0.,0.,1.));
#4889 = ORIENTED_EDGE('',*,*,#1964,.F.);
#4890 = ORIENTED_EDGE('',*,*,#4849,.F.);
#4891 = PLANE('',#4892);
#4892 = AXIS2_PLACEMENT_3D('',#4893,#4894,#4895);
#4893 = CARTESIAN_POINT('',(-17.22408634197,3.671712772571,-0.5));
#4894 = DIRECTION('',(0.13917310096,-0.990268068742,0.));
#4895 = DIRECTION('',(0.,0.,1.));
#4896 = ADVANCED_FACE('',(#4897),#4908,.T.);
#4897 = FACE_BOUND('',#4898,.T.);
#4898 = EDGE_LOOP('',(#4899,#4905,#4906,#4907));
#4899 = ORIENTED_EDGE('',*,*,#4900,.F.);
#4900 = EDGE_CURVE('',#743,#2064,#4901,.T.);
#4901 = LINE('',#4902,#4903);
#4902 = CARTESIAN_POINT('',(-16.75235271541,-5.432246634541,-0.5));
#4903 = VECTOR('',#4904,1.);
#4904 = DIRECTION('',(0.,0.,1.));
#4905 = ORIENTED_EDGE('',*,*,#750,.T.);
#4906 = ORIENTED_EDGE('',*,*,#4867,.T.);
#4907 = ORIENTED_EDGE('',*,*,#2071,.F.);
#4908 = PLANE('',#4909);
#4909 = AXIS2_PLACEMENT_3D('',#4910,#4911,#4912);
#4910 = CARTESIAN_POINT('',(-16.75235271541,-5.432246634541,-0.5));
#4911 = DIRECTION('',(-0.788010753607,-0.615661475326,0.));
#4912 = DIRECTION('',(0.,0.,1.));
#4913 = ADVANCED_FACE('',(#4914),#4925,.T.);
#4914 = FACE_BOUND('',#4915,.T.);
#4915 = EDGE_LOOP('',(#4916,#4917,#4918,#4924));
#4916 = ORIENTED_EDGE('',*,*,#4884,.F.);
#4917 = ORIENTED_EDGE('',*,*,#651,.T.);
#4918 = ORIENTED_EDGE('',*,*,#4919,.T.);
#4919 = EDGE_CURVE('',#652,#1973,#4920,.T.);
#4920 = LINE('',#4921,#4922);
#4921 = CARTESIAN_POINT('',(-17.05011996577,2.433877686644,-0.5));
#4922 = VECTOR('',#4923,1.);
#4923 = DIRECTION('',(0.,0.,1.));
#4924 = ORIENTED_EDGE('',*,*,#1972,.F.);
#4925 = PLANE('',#4926);
#4926 = AXIS2_PLACEMENT_3D('',#4927,#4928,#4929);
#4927 = CARTESIAN_POINT('',(-17.22408634197,3.671712772571,-0.5));
#4928 = DIRECTION('',(-0.990268068742,-0.13917310096,0.));
#4929 = DIRECTION('',(0.,0.,1.));
#4930 = ADVANCED_FACE('',(#4931),#4942,.T.);
#4931 = FACE_BOUND('',#4932,.T.);
#4932 = EDGE_LOOP('',(#4933,#4934,#4935,#4936));
#4933 = ORIENTED_EDGE('',*,*,#742,.T.);
#4934 = ORIENTED_EDGE('',*,*,#4900,.T.);
#4935 = ORIENTED_EDGE('',*,*,#2063,.F.);
#4936 = ORIENTED_EDGE('',*,*,#4937,.F.);
#4937 = EDGE_CURVE('',#734,#2055,#4938,.T.);
#4938 = LINE('',#4939,#4940);
#4939 = CARTESIAN_POINT('',(-18.47984983261,-6.781915302043,0.));
#4940 = VECTOR('',#4941,1.);
#4941 = DIRECTION('',(0.,0.,1.));
#4942 = PLANE('',#4943);
#4943 = AXIS2_PLACEMENT_3D('',#4944,#4945,#4946);
#4944 = CARTESIAN_POINT('',(-16.75235271541,-5.432246634541,-0.5));
#4945 = DIRECTION('',(0.615661475326,-0.788010753607,0.));
#4946 = DIRECTION('',(0.,0.,1.));
#4947 = ADVANCED_FACE('',(#4948),#4959,.F.);
#4948 = FACE_BOUND('',#4949,.F.);
#4949 = EDGE_LOOP('',(#4950,#4951,#4952,#4953));
#4950 = ORIENTED_EDGE('',*,*,#659,.T.);
#4951 = ORIENTED_EDGE('',*,*,#4919,.T.);
#4952 = ORIENTED_EDGE('',*,*,#1980,.F.);
#4953 = ORIENTED_EDGE('',*,*,#4954,.F.);
#4954 = EDGE_CURVE('',#660,#1981,#4955,.T.);
#4955 = LINE('',#4956,#4957);
#4956 = CARTESIAN_POINT('',(-19.57490246911,2.079042646182,0.));
#4957 = VECTOR('',#4958,1.);
#4958 = DIRECTION('',(0.,0.,1.));
#4959 = PLANE('',#4960);
#4960 = AXIS2_PLACEMENT_3D('',#4961,#4962,#4963);
#4961 = CARTESIAN_POINT('',(-17.05011996577,2.433877686644,-0.5));
#4962 = DIRECTION('',(0.13917310096,-0.990268068742,0.));
#4963 = DIRECTION('',(0.,0.,1.));
#4964 = ADVANCED_FACE('',(#4965),#4976,.T.);
#4965 = FACE_BOUND('',#4966,.T.);
#4966 = EDGE_LOOP('',(#4967,#4968,#4969,#4975));
#4967 = ORIENTED_EDGE('',*,*,#4937,.T.);
#4968 = ORIENTED_EDGE('',*,*,#2054,.F.);
#4969 = ORIENTED_EDGE('',*,*,#4970,.F.);
#4970 = EDGE_CURVE('',#726,#2047,#4971,.T.);
#4971 = LINE('',#4972,#4973);
#4972 = CARTESIAN_POINT('',(-19.10546586665,-4.741349915156,0.));
#4973 = VECTOR('',#4974,1.);
#4974 = DIRECTION('',(0.,0.,1.));
#4975 = ORIENTED_EDGE('',*,*,#733,.T.);
#4976 = CYLINDRICAL_SURFACE('',#4977,19.685);
#4977 = AXIS2_PLACEMENT_3D('',#4978,#4979,#4980);
#4978 = CARTESIAN_POINT('',(0.,0.,0.));
#4979 = DIRECTION('',(0.,0.,1.));
#4980 = DIRECTION('',(1.,0.,0.));
#4981 = ADVANCED_FACE('',(#4982),#4993,.T.);
#4982 = FACE_BOUND('',#4983,.T.);
#4983 = EDGE_LOOP('',(#4984,#4990,#4991,#4992));
#4984 = ORIENTED_EDGE('',*,*,#4985,.T.);
#4985 = EDGE_CURVE('',#668,#1989,#4986,.T.);
#4986 = LINE('',#4987,#4988);
#4987 = CARTESIAN_POINT('',(-19.68493016456,-5.243487573732E-02,0.));
#4988 = VECTOR('',#4989,1.);
#4989 = DIRECTION('',(0.,0.,1.));
#4990 = ORIENTED_EDGE('',*,*,#1988,.F.);
#4991 = ORIENTED_EDGE('',*,*,#4954,.F.);
#4992 = ORIENTED_EDGE('',*,*,#667,.T.);
#4993 = CYLINDRICAL_SURFACE('',#4994,19.685);
#4994 = AXIS2_PLACEMENT_3D('',#4995,#4996,#4997);
#4995 = CARTESIAN_POINT('',(0.,0.,0.));
#4996 = DIRECTION('',(0.,0.,1.));
#4997 = DIRECTION('',(1.,0.,0.));
#4998 = ADVANCED_FACE('',(#4999),#5010,.F.);
#4999 = FACE_BOUND('',#5000,.F.);
#5000 = EDGE_LOOP('',(#5001,#5002,#5008,#5009));
#5001 = ORIENTED_EDGE('',*,*,#725,.T.);
#5002 = ORIENTED_EDGE('',*,*,#5003,.T.);
#5003 = EDGE_CURVE('',#718,#2039,#5004,.T.);
#5004 = LINE('',#5005,#5006);
#5005 = CARTESIAN_POINT('',(-16.85430711057,-3.544387572379,-0.5));
#5006 = VECTOR('',#5007,1.);
#5007 = DIRECTION('',(0.,0.,1.));
#5008 = ORIENTED_EDGE('',*,*,#2046,.F.);
#5009 = ORIENTED_EDGE('',*,*,#4970,.F.);
#5010 = PLANE('',#5011);
#5011 = AXIS2_PLACEMENT_3D('',#5012,#5013,#5014);
#5012 = CARTESIAN_POINT('',(-16.85430711057,-3.544387572379,-0.5));
#5013 = DIRECTION('',(0.469471562786,-0.882947592859,0.));
#5014 = DIRECTION('',(0.,0.,1.));
#5015 = ADVANCED_FACE('',(#5016),#5027,.T.);
#5016 = FACE_BOUND('',#5017,.T.);
#5017 = EDGE_LOOP('',(#5018,#5019,#5025,#5026));
#5018 = ORIENTED_EDGE('',*,*,#676,.T.);
#5019 = ORIENTED_EDGE('',*,*,#5020,.T.);
#5020 = EDGE_CURVE('',#677,#1998,#5021,.T.);
#5021 = LINE('',#5022,#5023);
#5022 = CARTESIAN_POINT('',(-17.6,0.625,-0.5));
#5023 = VECTOR('',#5024,1.);
#5024 = DIRECTION('',(0.,0.,1.));
#5025 = ORIENTED_EDGE('',*,*,#1997,.F.);
#5026 = ORIENTED_EDGE('',*,*,#4985,.F.);
#5027 = PLANE('',#5028);
#5028 = AXIS2_PLACEMENT_3D('',#5029,#5030,#5031);
#5029 = CARTESIAN_POINT('',(-17.6,0.625,-0.5));
#5030 = DIRECTION('',(0.309016994375,-0.951056516295,0.));
#5031 = DIRECTION('',(0.,0.,1.));
#5032 = ADVANCED_FACE('',(#5033),#5044,.T.);
#5033 = FACE_BOUND('',#5034,.T.);
#5034 = EDGE_LOOP('',(#5035,#5041,#5042,#5043));
#5035 = ORIENTED_EDGE('',*,*,#5036,.F.);
#5036 = EDGE_CURVE('',#710,#2031,#5037,.T.);
#5037 = LINE('',#5038,#5039);
#5038 = CARTESIAN_POINT('',(-17.44114656405,-2.440703081305,-0.5));
#5039 = VECTOR('',#5040,1.);
#5040 = DIRECTION('',(0.,0.,1.));
#5041 = ORIENTED_EDGE('',*,*,#717,.T.);
#5042 = ORIENTED_EDGE('',*,*,#5003,.T.);
#5043 = ORIENTED_EDGE('',*,*,#2038,.F.);
#5044 = PLANE('',#5045);
#5045 = AXIS2_PLACEMENT_3D('',#5046,#5047,#5048);
#5046 = CARTESIAN_POINT('',(-17.44114656405,-2.440703081305,-0.5));
#5047 = DIRECTION('',(-0.882947592859,-0.469471562786,0.));
#5048 = DIRECTION('',(0.,0.,1.));
#5049 = ADVANCED_FACE('',(#5050),#5061,.T.);
#5050 = FACE_BOUND('',#5051,.T.);
#5051 = EDGE_LOOP('',(#5052,#5053,#5054,#5060));
#5052 = ORIENTED_EDGE('',*,*,#5020,.F.);
#5053 = ORIENTED_EDGE('',*,*,#684,.T.);
#5054 = ORIENTED_EDGE('',*,*,#5055,.T.);
#5055 = EDGE_CURVE('',#685,#2006,#5056,.T.);
#5056 = LINE('',#5057,#5058);
#5057 = CARTESIAN_POINT('',(-17.21372875703,-0.563820645369,-0.5));
#5058 = VECTOR('',#5059,1.);
#5059 = DIRECTION('',(0.,0.,1.));
#5060 = ORIENTED_EDGE('',*,*,#2005,.F.);
#5061 = PLANE('',#5062);
#5062 = AXIS2_PLACEMENT_3D('',#5063,#5064,#5065);
#5063 = CARTESIAN_POINT('',(-17.6,0.625,-0.5));
#5064 = DIRECTION('',(-0.951056516295,-0.309016994375,0.));
#5065 = DIRECTION('',(0.,0.,1.));
#5066 = ADVANCED_FACE('',(#5067),#5078,.T.);
#5067 = FACE_BOUND('',#5068,.T.);
#5068 = EDGE_LOOP('',(#5069,#5070,#5071,#5072));
#5069 = ORIENTED_EDGE('',*,*,#709,.T.);
#5070 = ORIENTED_EDGE('',*,*,#5036,.T.);
#5071 = ORIENTED_EDGE('',*,*,#2030,.F.);
#5072 = ORIENTED_EDGE('',*,*,#5073,.F.);
#5073 = EDGE_CURVE('',#701,#2022,#5074,.T.);
#5074 = LINE('',#5075,#5076);
#5075 = CARTESIAN_POINT('',(-19.37676662295,-3.469890522732,0.));
#5076 = VECTOR('',#5077,1.);
#5077 = DIRECTION('',(0.,0.,1.));
#5078 = PLANE('',#5079);
#5079 = AXIS2_PLACEMENT_3D('',#5080,#5081,#5082);
#5080 = CARTESIAN_POINT('',(-17.44114656405,-2.440703081305,-0.5));
#5081 = DIRECTION('',(0.469471562786,-0.882947592859,0.));
#5082 = DIRECTION('',(0.,0.,1.));
#5083 = ADVANCED_FACE('',(#5084),#5095,.F.);
#5084 = FACE_BOUND('',#5085,.F.);
#5085 = EDGE_LOOP('',(#5086,#5087,#5088,#5089));
#5086 = ORIENTED_EDGE('',*,*,#692,.T.);
#5087 = ORIENTED_EDGE('',*,*,#5055,.T.);
#5088 = ORIENTED_EDGE('',*,*,#2013,.F.);
#5089 = ORIENTED_EDGE('',*,*,#5090,.F.);
#5090 = EDGE_CURVE('',#693,#2014,#5091,.T.);
#5091 = LINE('',#5092,#5093);
#5092 = CARTESIAN_POINT('',(-19.63853768284,-1.351688824967,0.));
#5093 = VECTOR('',#5094,1.);
#5094 = DIRECTION('',(0.,0.,1.));
#5095 = PLANE('',#5096);
#5096 = AXIS2_PLACEMENT_3D('',#5097,#5098,#5099);
#5097 = CARTESIAN_POINT('',(-17.21372875703,-0.563820645369,-0.5));
#5098 = DIRECTION('',(0.309016994375,-0.951056516295,0.));
#5099 = DIRECTION('',(0.,0.,1.));
#5100 = ADVANCED_FACE('',(#5101),#5107,.T.);
#5101 = FACE_BOUND('',#5102,.T.);
#5102 = EDGE_LOOP('',(#5103,#5104,#5105,#5106));
#5103 = ORIENTED_EDGE('',*,*,#5073,.T.);
#5104 = ORIENTED_EDGE('',*,*,#2021,.F.);
#5105 = ORIENTED_EDGE('',*,*,#5090,.F.);
#5106 = ORIENTED_EDGE('',*,*,#700,.T.);
#5107 = CYLINDRICAL_SURFACE('',#5108,19.685);
#5108 = AXIS2_PLACEMENT_3D('',#5109,#5110,#5111);
#5109 = CARTESIAN_POINT('',(0.,0.,0.));
#5110 = DIRECTION('',(0.,0.,1.));
#5111 = DIRECTION('',(1.,0.,0.));
#5112 = ADVANCED_FACE('',(#5113),#5124,.F.);
#5113 = FACE_BOUND('',#5114,.F.);
#5114 = EDGE_LOOP('',(#5115,#5116,#5122,#5123));
#5115 = ORIENTED_EDGE('',*,*,#2591,.F.);
#5116 = ORIENTED_EDGE('',*,*,#5117,.F.);
#5117 = EDGE_CURVE('',#1278,#2592,#5118,.T.);
#5118 = LINE('',#5119,#5120);
#5119 = CARTESIAN_POINT('',(1.8,-14.,-1.));
#5120 = VECTOR('',#5121,1.);
#5121 = DIRECTION('',(0.,0.,1.));
#5122 = ORIENTED_EDGE('',*,*,#1277,.T.);
#5123 = ORIENTED_EDGE('',*,*,#5117,.T.);
#5124 = CYLINDRICAL_SURFACE('',#5125,1.8);
#5125 = AXIS2_PLACEMENT_3D('',#5126,#5127,#5128);
#5126 = CARTESIAN_POINT('',(-2.571758278209E-15,-14.,-1.));
#5127 = DIRECTION('',(0.,0.,1.));
#5128 = DIRECTION('',(1.,0.,0.));
#5129 = ADVANCED_FACE('',(#5130),#5141,.F.);
#5130 = FACE_BOUND('',#5131,.F.);
#5131 = EDGE_LOOP('',(#5132,#5133,#5139,#5140));
#5132 = ORIENTED_EDGE('',*,*,#2602,.F.);
#5133 = ORIENTED_EDGE('',*,*,#5134,.F.);
#5134 = EDGE_CURVE('',#1289,#2603,#5135,.T.);
#5135 = LINE('',#5136,#5137);
#5136 = CARTESIAN_POINT('',(-5.2,-11.25833024919,-1.));
#5137 = VECTOR('',#5138,1.);
#5138 = DIRECTION('',(0.,0.,1.));
#5139 = ORIENTED_EDGE('',*,*,#1288,.T.);
#5140 = ORIENTED_EDGE('',*,*,#5134,.T.);
#5141 = CYLINDRICAL_SURFACE('',#5142,1.3);
#5142 = AXIS2_PLACEMENT_3D('',#5143,#5144,#5145);
#5143 = CARTESIAN_POINT('',(-6.5,-11.25833024919,-1.));
#5144 = DIRECTION('',(0.,0.,1.));
#5145 = DIRECTION('',(1.,0.,0.));
#5146 = ADVANCED_FACE('',(#5147),#5158,.F.);
#5147 = FACE_BOUND('',#5148,.F.);
#5148 = EDGE_LOOP('',(#5149,#5150,#5156,#5157));
#5149 = ORIENTED_EDGE('',*,*,#2613,.F.);
#5150 = ORIENTED_EDGE('',*,*,#5151,.F.);
#5151 = EDGE_CURVE('',#1300,#2614,#5152,.T.);
#5152 = LINE('',#5153,#5154);
#5153 = CARTESIAN_POINT('',(-10.32435565298,-7.,-1.));
#5154 = VECTOR('',#5155,1.);
#5155 = DIRECTION('',(0.,0.,1.));
#5156 = ORIENTED_EDGE('',*,*,#1299,.T.);
#5157 = ORIENTED_EDGE('',*,*,#5151,.T.);
#5158 = CYLINDRICAL_SURFACE('',#5159,1.8);
#5159 = AXIS2_PLACEMENT_3D('',#5160,#5161,#5162);
#5160 = CARTESIAN_POINT('',(-12.12435565298,-7.,-1.));
#5161 = DIRECTION('',(0.,0.,1.));
#5162 = DIRECTION('',(1.,0.,0.));
#5163 = ADVANCED_FACE('',(#5164),#5175,.F.);
#5164 = FACE_BOUND('',#5165,.F.);
#5165 = EDGE_LOOP('',(#5166,#5167,#5173,#5174));
#5166 = ORIENTED_EDGE('',*,*,#2624,.F.);
#5167 = ORIENTED_EDGE('',*,*,#5168,.F.);
#5168 = EDGE_CURVE('',#1311,#2625,#5169,.T.);
#5169 = LINE('',#5170,#5171);
#5170 = CARTESIAN_POINT('',(9.5,-2.32682891838E-15,-1.));
#5171 = VECTOR('',#5172,1.);
#5172 = DIRECTION('',(0.,0.,1.));
#5173 = ORIENTED_EDGE('',*,*,#1310,.T.);
#5174 = ORIENTED_EDGE('',*,*,#5168,.T.);
#5175 = CYLINDRICAL_SURFACE('',#5176,9.5);
#5176 = AXIS2_PLACEMENT_3D('',#5177,#5178,#5179);
#5177 = CARTESIAN_POINT('',(0.,0.,-1.));
#5178 = DIRECTION('',(0.,0.,1.));
#5179 = DIRECTION('',(1.,0.,0.));
#5180 = ADVANCED_FACE('',(#5181),#5192,.F.);
#5181 = FACE_BOUND('',#5182,.F.);
#5182 = EDGE_LOOP('',(#5183,#5184,#5190,#5191));
#5183 = ORIENTED_EDGE('',*,*,#2635,.F.);
#5184 = ORIENTED_EDGE('',*,*,#5185,.F.);
#5185 = EDGE_CURVE('',#1322,#2636,#5186,.T.);
#5186 = LINE('',#5187,#5188);
#5187 = CARTESIAN_POINT('',(13.924355652982,-7.,-1.));
#5188 = VECTOR('',#5189,1.);
#5189 = DIRECTION('',(0.,0.,1.));
#5190 = ORIENTED_EDGE('',*,*,#1321,.T.);
#5191 = ORIENTED_EDGE('',*,*,#5185,.T.);
#5192 = CYLINDRICAL_SURFACE('',#5193,1.8);
#5193 = AXIS2_PLACEMENT_3D('',#5194,#5195,#5196);
#5194 = CARTESIAN_POINT('',(12.124355652982,-7.,-1.));
#5195 = DIRECTION('',(0.,0.,1.));
#5196 = DIRECTION('',(1.,0.,0.));
#5197 = ADVANCED_FACE('',(#5198),#5209,.F.);
#5198 = FACE_BOUND('',#5199,.F.);
#5199 = EDGE_LOOP('',(#5200,#5201,#5207,#5208));
#5200 = ORIENTED_EDGE('',*,*,#2646,.F.);
#5201 = ORIENTED_EDGE('',*,*,#5202,.F.);
#5202 = EDGE_CURVE('',#1333,#2647,#5203,.T.);
#5203 = LINE('',#5204,#5205);
#5204 = CARTESIAN_POINT('',(14.3,-3.184081677783E-16,-1.));
#5205 = VECTOR('',#5206,1.);
#5206 = DIRECTION('',(0.,0.,1.));
#5207 = ORIENTED_EDGE('',*,*,#1332,.T.);
#5208 = ORIENTED_EDGE('',*,*,#5202,.T.);
#5209 = CYLINDRICAL_SURFACE('',#5210,1.3);
#5210 = AXIS2_PLACEMENT_3D('',#5211,#5212,#5213);
#5211 = CARTESIAN_POINT('',(13.,0.,-1.));
#5212 = DIRECTION('',(0.,0.,1.));
#5213 = DIRECTION('',(1.,0.,0.));
#5214 = ADVANCED_FACE('',(#5215),#5226,.F.);
#5215 = FACE_BOUND('',#5216,.F.);
#5216 = EDGE_LOOP('',(#5217,#5218,#5224,#5225));
#5217 = ORIENTED_EDGE('',*,*,#2657,.F.);
#5218 = ORIENTED_EDGE('',*,*,#5219,.F.);
#5219 = EDGE_CURVE('',#1344,#2658,#5220,.T.);
#5220 = LINE('',#5221,#5222);
#5221 = CARTESIAN_POINT('',(-10.32435565298,7.,-1.));
#5222 = VECTOR('',#5223,1.);
#5223 = DIRECTION('',(0.,0.,1.));
#5224 = ORIENTED_EDGE('',*,*,#1343,.T.);
#5225 = ORIENTED_EDGE('',*,*,#5219,.T.);
#5226 = CYLINDRICAL_SURFACE('',#5227,1.8);
#5227 = AXIS2_PLACEMENT_3D('',#5228,#5229,#5230);
#5228 = CARTESIAN_POINT('',(-12.12435565298,7.,-1.));
#5229 = DIRECTION('',(0.,0.,1.));
#5230 = DIRECTION('',(1.,0.,0.));
#5231 = ADVANCED_FACE('',(#5232),#5243,.F.);
#5232 = FACE_BOUND('',#5233,.F.);
#5233 = EDGE_LOOP('',(#5234,#5235,#5241,#5242));
#5234 = ORIENTED_EDGE('',*,*,#2668,.F.);
#5235 = ORIENTED_EDGE('',*,*,#5236,.F.);
#5236 = EDGE_CURVE('',#1355,#2669,#5237,.T.);
#5237 = LINE('',#5238,#5239);
#5238 = CARTESIAN_POINT('',(-5.2,11.258330249198,-1.));
#5239 = VECTOR('',#5240,1.);
#5240 = DIRECTION('',(0.,0.,1.));
#5241 = ORIENTED_EDGE('',*,*,#1354,.T.);
#5242 = ORIENTED_EDGE('',*,*,#5236,.T.);
#5243 = CYLINDRICAL_SURFACE('',#5244,1.3);
#5244 = AXIS2_PLACEMENT_3D('',#5245,#5246,#5247);
#5245 = CARTESIAN_POINT('',(-6.5,11.258330249198,-1.));
#5246 = DIRECTION('',(0.,0.,1.));
#5247 = DIRECTION('',(1.,0.,0.));
#5248 = ADVANCED_FACE('',(#5249),#5260,.F.);
#5249 = FACE_BOUND('',#5250,.F.);
#5250 = EDGE_LOOP('',(#5251,#5252,#5258,#5259));
#5251 = ORIENTED_EDGE('',*,*,#2679,.F.);
#5252 = ORIENTED_EDGE('',*,*,#5253,.F.);
#5253 = EDGE_CURVE('',#1366,#2680,#5254,.T.);
#5254 = LINE('',#5255,#5256);
#5255 = CARTESIAN_POINT('',(1.8,14.,-1.));
#5256 = VECTOR('',#5257,1.);
#5257 = DIRECTION('',(0.,0.,1.));
#5258 = ORIENTED_EDGE('',*,*,#1365,.T.);
#5259 = ORIENTED_EDGE('',*,*,#5253,.T.);
#5260 = CYLINDRICAL_SURFACE('',#5261,1.8);
#5261 = AXIS2_PLACEMENT_3D('',#5262,#5263,#5264);
#5262 = CARTESIAN_POINT('',(8.572527594031E-16,14.,-1.));
#5263 = DIRECTION('',(0.,0.,1.));
#5264 = DIRECTION('',(1.,0.,0.));
#5265 = ADVANCED_FACE('',(#5266),#5277,.F.);
#5266 = FACE_BOUND('',#5267,.F.);
#5267 = EDGE_LOOP('',(#5268,#5269,#5275,#5276));
#5268 = ORIENTED_EDGE('',*,*,#2690,.F.);
#5269 = ORIENTED_EDGE('',*,*,#5270,.F.);
#5270 = EDGE_CURVE('',#1377,#2691,#5271,.T.);
#5271 = LINE('',#5272,#5273);
#5272 = CARTESIAN_POINT('',(13.924355652982,7.,-1.));
#5273 = VECTOR('',#5274,1.);
#5274 = DIRECTION('',(0.,0.,1.));
#5275 = ORIENTED_EDGE('',*,*,#1376,.T.);
#5276 = ORIENTED_EDGE('',*,*,#5270,.T.);
#5277 = CYLINDRICAL_SURFACE('',#5278,1.8);
#5278 = AXIS2_PLACEMENT_3D('',#5279,#5280,#5281);
#5279 = CARTESIAN_POINT('',(12.124355652982,7.,-1.));
#5280 = DIRECTION('',(0.,0.,1.));
#5281 = DIRECTION('',(1.,0.,0.));
#5282 = ( GEOMETRIC_REPRESENTATION_CONTEXT(3) 
GLOBAL_UNCERTAINTY_ASSIGNED_CONTEXT((#5286)) 
GLOBAL_UNIT_ASSIGNED_CONTEXT((#5283,#5284,#5285)) REPRESENTATION_CONTEXT
('Context #1','3D Context with UNIT and UNCERTAINTY') );
#5283 = ( LENGTH_UNIT() NAMED_UNIT(*) SI_UNIT(.MILLI.,.METRE.) );
#5284 = ( NAMED_UNIT(*) PLANE_ANGLE_UNIT() SI_UNIT($,.RADIAN.) );
#5285 = ( NAMED_UNIT(*) SI_UNIT($,.STERADIAN.) SOLID_ANGLE_UNIT() );
#5286 = UNCERTAINTY_MEASURE_WITH_UNIT(LENGTH_MEASURE(2.E-07),#5283,
  'distance_accuracy_value','confusion accuracy');
#5287 = PRODUCT_RELATED_PRODUCT_CATEGORY('part',$,(#7));
ENDSEC;
END-ISO-10303-21;
