ISO-10303-21;
HEADER;
FILE_DESCRIPTION(('FreeCAD Model'),'2;1');
FILE_NAME('Open CASCADE Shape Model','2026-10-03T22:17:24',('FreeCAD'),(
    'FreeCAD'),'Open CASCADE STEP processor 7.8','FreeCAD','Unknown');
FILE_SCHEMA(('AUTOMOTIVE_DESIGN { 1 0 10303 214 1 1 1 1 }'));
ENDSEC;
DATA;
#1 = APPLICATION_PROTOCOL_DEFINITION('international standard',
  'automotive_design',2000,#2);
#2 = APPLICATION_CONTEXT(
  'core data for automotive mechanical design processes');
#3 = SHAPE_DEFINITION_REPRESENTATION(#4,#10);
#4 = PRODUCT_DEFINITION_SHAPE('','',#5);
#5 = PRODUCT_DEFINITION('design','',#6,#9);
#6 = PRODUCT_DEFINITION_FORMATION('','',#7);
#7 = PRODUCT('Open CASCADE STEP translator 7.8 8',
  'Open CASCADE STEP translator 7.8 8','',(#8));
#8 = PRODUCT_CONTEXT('',#2,'mechanical');
#9 = PRODUCT_DEFINITION_CONTEXT('part definition',#2,'design');
#10 = ADVANCED_BREP_SHAPE_REPRESENTATION('',(#11,#15),#4919);
#11 = AXIS2_PLACEMENT_3D('',#12,#13,#14);
#12 = CARTESIAN_POINT('',(0.,0.,0.));
#13 = DIRECTION('',(0.,0.,1.));
#14 = DIRECTION('',(1.,0.,-0.));
#15 = MANIFOLD_SOLID_BREP('',#16);
#16 = CLOSED_SHELL('',(#17,#127,#316,#579,#619,#725,#749,#792,#832,#888,
    #961,#1001,#1075,#1108,#1377,#1401,#1425,#1449,#1473,#1490,#1537,
    #1688,#1705,#1745,#1762,#2064,#2081,#2106,#2123,#2140,#2157,#2182,
    #2199,#2216,#2241,#2266,#2291,#2316,#2341,#2366,#2383,#2408,#2476,
    #2500,#2545,#2587,#2604,#2616,#2640,#2664,#2681,#2693,#2717,#2741,
    #2758,#2830,#2872,#2896,#2968,#3035,#3052,#3090,#3104,#3137,#3235,
    #3252,#3276,#3325,#3360,#3391,#3431,#3480,#3529,#3554,#3571,#3611,
    #3635,#3668,#3687,#3719,#3743,#3768,#3821,#3833,#3856,#3898,#3915,
    #3932,#3949,#3961,#4024,#4057,#4069,#4120,#4159,#4183,#4215,#4232,
    #4269,#4286,#4303,#4315,#4339,#4363,#4380,#4392,#4416,#4440,#4457,
    #4474,#4514,#4554,#4585,#4617,#4641,#4666,#4683,#4700,#4717,#4734,
    #4745,#4762,#4774,#4786,#4810,#4827,#4838,#4862,#4879,#4890,#4907));
#17 = ADVANCED_FACE('',(#18),#122,.T.);
#18 = FACE_BOUND('',#19,.T.);
#19 = EDGE_LOOP('',(#20,#30,#39,#47,#56,#64,#73,#81,#90,#98,#107,#115));
#20 = ORIENTED_EDGE('',*,*,#21,.T.);
#21 = EDGE_CURVE('',#22,#24,#26,.T.);
#22 = VERTEX_POINT('',#23);
#23 = CARTESIAN_POINT('',(70.,-1.7E-14,0.));
#24 = VERTEX_POINT('',#25);
#25 = CARTESIAN_POINT('',(70.,-1.7E-14,24.));
#26 = LINE('',#27,#28);
#27 = CARTESIAN_POINT('',(70.,-1.715E-14,0.));
#28 = VECTOR('',#29,1.);
#29 = DIRECTION('',(0.,0.,1.));
#30 = ORIENTED_EDGE('',*,*,#31,.F.);
#31 = EDGE_CURVE('',#32,#24,#34,.T.);
#32 = VERTEX_POINT('',#33);
#33 = CARTESIAN_POINT('',(59.228933837504,-37.30862362071,24.));
#34 = CIRCLE('',#35,70.);
#35 = AXIS2_PLACEMENT_3D('',#36,#37,#38);
#36 = CARTESIAN_POINT('',(0.,0.,24.));
#37 = DIRECTION('',(0.,0.,1.));
#38 = DIRECTION('',(1.,0.,0.));
#39 = ORIENTED_EDGE('',*,*,#40,.F.);
#40 = EDGE_CURVE('',#41,#32,#43,.T.);
#41 = VERTEX_POINT('',#42);
#42 = CARTESIAN_POINT('',(59.228933837504,-37.30862362072,3.5));
#43 = LINE('',#44,#45);
#44 = CARTESIAN_POINT('',(59.228933837504,-37.30862362072,0.));
#45 = VECTOR('',#46,1.);
#46 = DIRECTION('',(0.,0.,1.));
#47 = ORIENTED_EDGE('',*,*,#48,.F.);
#48 = EDGE_CURVE('',#49,#41,#51,.T.);
#49 = VERTEX_POINT('',#50);
#50 = CARTESIAN_POINT('',(37.308623620721,-59.2289338375,3.5));
#51 = CIRCLE('',#52,70.);
#52 = AXIS2_PLACEMENT_3D('',#53,#54,#55);
#53 = CARTESIAN_POINT('',(0.,0.,3.5));
#54 = DIRECTION('',(0.,0.,1.));
#55 = DIRECTION('',(1.,0.,0.));
#56 = ORIENTED_EDGE('',*,*,#57,.T.);
#57 = EDGE_CURVE('',#49,#58,#60,.T.);
#58 = VERTEX_POINT('',#59);
#59 = CARTESIAN_POINT('',(37.308623620719,-59.2289338375,24.));
#60 = LINE('',#61,#62);
#61 = CARTESIAN_POINT('',(37.308623620721,-59.2289338375,0.));
#62 = VECTOR('',#63,1.);
#63 = DIRECTION('',(0.,0.,1.));
#64 = ORIENTED_EDGE('',*,*,#65,.F.);
#65 = EDGE_CURVE('',#66,#58,#68,.T.);
#66 = VERTEX_POINT('',#67);
#67 = CARTESIAN_POINT('',(-4.533939051709,-69.85301279598,24.));
#68 = CIRCLE('',#69,70.);
#69 = AXIS2_PLACEMENT_3D('',#70,#71,#72);
#70 = CARTESIAN_POINT('',(0.,0.,24.));
#71 = DIRECTION('',(0.,0.,1.));
#72 = DIRECTION('',(1.,0.,0.));
#73 = ORIENTED_EDGE('',*,*,#74,.F.);
#74 = EDGE_CURVE('',#75,#66,#77,.T.);
#75 = VERTEX_POINT('',#76);
#76 = CARTESIAN_POINT('',(-4.533939051709,-69.85301279598,6.));
#77 = LINE('',#78,#79);
#78 = CARTESIAN_POINT('',(-4.533939051709,-69.85301279598,0.));
#79 = VECTOR('',#80,1.);
#80 = DIRECTION('',(0.,0.,1.));
#81 = ORIENTED_EDGE('',*,*,#82,.F.);
#82 = EDGE_CURVE('',#83,#75,#85,.T.);
#83 = VERTEX_POINT('',#84);
#84 = CARTESIAN_POINT('',(-12.80099012327,-68.81958043946,6.));
#85 = CIRCLE('',#86,70.);
#86 = AXIS2_PLACEMENT_3D('',#87,#88,#89);
#87 = CARTESIAN_POINT('',(0.,0.,6.));
#88 = DIRECTION('',(0.,0.,1.));
#89 = DIRECTION('',(1.,0.,0.));
#90 = ORIENTED_EDGE('',*,*,#91,.T.);
#91 = EDGE_CURVE('',#83,#92,#94,.T.);
#92 = VERTEX_POINT('',#93);
#93 = CARTESIAN_POINT('',(-12.80099012327,-68.81958043946,24.));
#94 = LINE('',#95,#96);
#95 = CARTESIAN_POINT('',(-12.80099012327,-68.81958043946,0.));
#96 = VECTOR('',#97,1.);
#97 = DIRECTION('',(0.,0.,1.));
#98 = ORIENTED_EDGE('',*,*,#99,.F.);
#99 = EDGE_CURVE('',#100,#92,#102,.T.);
#100 = VERTEX_POINT('',#101);
#101 = CARTESIAN_POINT('',(-27.84247407115,-64.22457969965,24.));
#102 = CIRCLE('',#103,70.);
#103 = AXIS2_PLACEMENT_3D('',#104,#105,#106);
#104 = CARTESIAN_POINT('',(0.,0.,24.));
#105 = DIRECTION('',(0.,0.,1.));
#106 = DIRECTION('',(1.,0.,0.));
#107 = ORIENTED_EDGE('',*,*,#108,.F.);
#108 = EDGE_CURVE('',#109,#100,#111,.T.);
#109 = VERTEX_POINT('',#110);
#110 = CARTESIAN_POINT('',(-27.84247407115,-64.22457969965,0.));
#111 = LINE('',#112,#113);
#112 = CARTESIAN_POINT('',(-27.84247407115,-64.22457969965,0.));
#113 = VECTOR('',#114,1.);
#114 = DIRECTION('',(0.,0.,1.));
#115 = ORIENTED_EDGE('',*,*,#116,.T.);
#116 = EDGE_CURVE('',#109,#22,#117,.T.);
#117 = CIRCLE('',#118,70.);
#118 = AXIS2_PLACEMENT_3D('',#119,#120,#121);
#119 = CARTESIAN_POINT('',(0.,0.,0.));
#120 = DIRECTION('',(0.,0.,1.));
#121 = DIRECTION('',(1.,0.,0.));
#122 = CYLINDRICAL_SURFACE('',#123,70.);
#123 = AXIS2_PLACEMENT_3D('',#124,#125,#126);
#124 = CARTESIAN_POINT('',(0.,0.,0.));
#125 = DIRECTION('',(0.,0.,1.));
#126 = DIRECTION('',(1.,0.,0.));
#127 = ADVANCED_FACE('',(#128,#155),#311,.T.);
#128 = FACE_BOUND('',#129,.T.);
#129 = EDGE_LOOP('',(#130,#139,#140,#149));
#130 = ORIENTED_EDGE('',*,*,#131,.F.);
#131 = EDGE_CURVE('',#24,#132,#134,.T.);
#132 = VERTEX_POINT('',#133);
#133 = CARTESIAN_POINT('',(41.698880531703,56.224579699654,24.));
#134 = CIRCLE('',#135,70.);
#135 = AXIS2_PLACEMENT_3D('',#136,#137,#138);
#136 = CARTESIAN_POINT('',(0.,0.,24.));
#137 = DIRECTION('',(0.,0.,1.));
#138 = DIRECTION('',(1.,0.,0.));
#139 = ORIENTED_EDGE('',*,*,#21,.F.);
#140 = ORIENTED_EDGE('',*,*,#141,.T.);
#141 = EDGE_CURVE('',#22,#142,#144,.T.);
#142 = VERTEX_POINT('',#143);
#143 = CARTESIAN_POINT('',(41.698880531703,56.224579699654,0.));
#144 = CIRCLE('',#145,70.);
#145 = AXIS2_PLACEMENT_3D('',#146,#147,#148);
#146 = CARTESIAN_POINT('',(0.,0.,0.));
#147 = DIRECTION('',(0.,0.,1.));
#148 = DIRECTION('',(1.,0.,0.));
#149 = ORIENTED_EDGE('',*,*,#150,.T.);
#150 = EDGE_CURVE('',#142,#132,#151,.T.);
#151 = LINE('',#152,#153);
#152 = CARTESIAN_POINT('',(41.698880531703,56.224579699654,0.));
#153 = VECTOR('',#154,1.);
#154 = DIRECTION('',(0.,0.,1.));
#155 = FACE_BOUND('',#156,.T.);
#156 = EDGE_LOOP('',(#157,#215,#271,#279,#288,#296,#305));
#157 = ORIENTED_EDGE('',*,*,#158,.F.);
#158 = EDGE_CURVE('',#159,#161,#163,.T.);
#159 = VERTEX_POINT('',#160);
#160 = CARTESIAN_POINT('',(58.24638418947,38.82471801382,12.5));
#161 = VERTEX_POINT('',#162);
#162 = CARTESIAN_POINT('',(61.18823416226,34.,16.85077197352));
#163 = B_SPLINE_CURVE_WITH_KNOTS('',8,(#164,#165,#166,#167,#168,#169,
    #170,#171,#172,#173,#174,#175,#176,#177,#178,#179,#180,#181,#182,
    #183,#184,#185,#186,#187,#188,#189,#190,#191,#192,#193,#194,#195,
    #196,#197,#198,#199,#200,#201,#202,#203,#204,#205,#206,#207,#208,
    #209,#210,#211,#212,#213,#214),.UNSPECIFIED.,.T.,.F.,(9,7,7,7,7,7,7,
    9),(0.,0.170526847974,0.303564164986,0.431274632219,0.595160809888,
    0.726208590001,0.846408776928,1.),.UNSPECIFIED.);
#164 = CARTESIAN_POINT('',(58.24638418947,38.82471801382,12.5));
#165 = CARTESIAN_POINT('',(58.24638418947,38.82471801382,13.013244995479
    ));
#166 = CARTESIAN_POINT('',(58.283567274819,38.768934758066,
    13.525029311814));
#167 = CARTESIAN_POINT('',(58.357558734605,38.657928130272,
    14.031630477114));
#168 = CARTESIAN_POINT('',(58.469277341409,38.489680376254,
    14.528703444072));
#169 = CARTESIAN_POINT('',(58.620361187268,38.260446335762,
    15.009648781664));
#170 = CARTESIAN_POINT('',(58.812677716306,37.965284310352,15.4645928418
    ));
#171 = CARTESIAN_POINT('',(59.04753027385,37.598686918997,15.87905802689
    ));
#172 = CARTESIAN_POINT('',(59.540422230353,36.811733530566,
    16.504980079295));
#173 = CARTESIAN_POINT('',(59.790605576485,36.407196329501,
    16.751946989284));
#174 = CARTESIAN_POINT('',(60.067421829105,35.952031870711,
    16.941802702097));
#175 = CARTESIAN_POINT('',(60.360027400261,35.460658426023,
    17.054493484236));
#176 = CARTESIAN_POINT('',(60.655449179731,34.952243577196,
    17.079546306299));
#177 = CARTESIAN_POINT('',(60.941519289059,34.4479271781,17.016267657376
    ));
#178 = CARTESIAN_POINT('',(61.207910201495,33.968235209829,
    16.873988625587));
#179 = CARTESIAN_POINT('',(61.676638462211,33.109243122022,
    16.478740637138));
#180 = CARTESIAN_POINT('',(61.879625540951,32.7294183832,16.231685657426
    ));
#181 = CARTESIAN_POINT('',(62.056523858365,32.392358716978,
    15.944163502062));
#182 = CARTESIAN_POINT('',(62.208684912151,32.098086821901,
    15.626225901413));
#183 = CARTESIAN_POINT('',(62.337673387941,31.845655277048,
    15.285826207373));
#184 = CARTESIAN_POINT('',(62.445020237446,31.633625451194,
    14.929238295636));
#185 = CARTESIAN_POINT('',(62.532136804976,31.460371480342,
    14.561298996894));
#186 = CARTESIAN_POINT('',(62.687451905961,31.149982752278,
    13.70377527222));
#187 = CARTESIAN_POINT('',(62.743560314726,31.036465075454,
    13.207832353788));
#188 = CARTESIAN_POINT('',(62.770741251303,30.981072797403,
    12.704683396019));
#189 = CARTESIAN_POINT('',(62.77008303248,30.982362151333,
    12.199092681449));
#190 = CARTESIAN_POINT('',(62.741672160479,31.040226320852,
    11.695349013684));
#191 = CARTESIAN_POINT('',(62.684643208462,31.155849390912,
    11.198116119026));
#192 = CARTESIAN_POINT('',(62.597152366823,31.331586312035,
    10.713344686181));
#193 = CARTESIAN_POINT('',(62.379688800691,31.761932007414,
    9.879497170445));
#194 = CARTESIAN_POINT('',(62.260482390497,31.996171272767,
    9.517871313121));
#195 = CARTESIAN_POINT('',(62.117049178797,32.275376395727,
    9.173391049895));
#196 = CARTESIAN_POINT('',(61.948050289692,32.600342346577,
    8.855224771067));
#197 = CARTESIAN_POINT('',(61.75256619604,32.97050282306,8.573574276665)
  );
#198 = CARTESIAN_POINT('',(61.530203711382,33.38378485076,8.339755823953
    ));
#199 = CARTESIAN_POINT('',(61.281472914869,33.836231577001,
    8.166452909162));
#200 = CARTESIAN_POINT('',(60.758524050651,34.765818401354,
    7.978396615903));
#201 = CARTESIAN_POINT('',(60.498738962072,35.218938553973,
    7.955526452913));
#202 = CARTESIAN_POINT('',(60.235961323813,35.667993867221,
    8.002344638031));
#203 = CARTESIAN_POINT('',(59.977538091035,36.10052092883,8.116680180426
    ));
#204 = CARTESIAN_POINT('',(59.731015180667,36.505221123117,
    8.291861694935));
#205 = CARTESIAN_POINT('',(59.503361836614,36.872880121482,
    8.516947915236));
#206 = CARTESIAN_POINT('',(59.299883652518,37.197205107247,
    8.776936354925));
#207 = CARTESIAN_POINT('',(58.898636701549,37.830244144656,
    9.405297257818));
#208 = CARTESIAN_POINT('',(58.708128273895,38.125413633275,
    9.799419892089));
#209 = CARTESIAN_POINT('',(58.551866105395,38.364269359609,
    10.221249478088));
#210 = CARTESIAN_POINT('',(58.42871628168,38.550741517653,
    10.661445006739));
#211 = CARTESIAN_POINT('',(58.337379697957,38.688204237967,
    11.113471985184));
#212 = CARTESIAN_POINT('',(58.276788883468,38.779103221182,
    11.572719887537));
#213 = CARTESIAN_POINT('',(58.24638418947,38.82471801382,12.035885537676
    ));
#214 = CARTESIAN_POINT('',(58.24638418947,38.82471801382,12.5));
#215 = ORIENTED_EDGE('',*,*,#216,.F.);
#216 = EDGE_CURVE('',#217,#159,#219,.T.);
#217 = VERTEX_POINT('',#218);
#218 = CARTESIAN_POINT('',(61.188234145791,34.,8.149228004196));
#219 = B_SPLINE_CURVE_WITH_KNOTS('',8,(#220,#221,#222,#223,#224,#225,
    #226,#227,#228,#229,#230,#231,#232,#233,#234,#235,#236,#237,#238,
    #239,#240,#241,#242,#243,#244,#245,#246,#247,#248,#249,#250,#251,
    #252,#253,#254,#255,#256,#257,#258,#259,#260,#261,#262,#263,#264,
    #265,#266,#267,#268,#269,#270),.UNSPECIFIED.,.T.,.F.,(9,7,7,7,7,7,7,
    9),(0.,0.170526847974,0.303564164986,0.431274632219,0.595160809888,
    0.726208590001,0.846408776928,1.),.UNSPECIFIED.);
#220 = CARTESIAN_POINT('',(58.24638418947,38.82471801382,12.5));
#221 = CARTESIAN_POINT('',(58.24638418947,38.82471801382,13.013244995479
    ));
#222 = CARTESIAN_POINT('',(58.283567274819,38.768934758066,
    13.525029311814));
#223 = CARTESIAN_POINT('',(58.357558734605,38.657928130272,
    14.031630477114));
#224 = CARTESIAN_POINT('',(58.469277341409,38.489680376254,
    14.528703444072));
#225 = CARTESIAN_POINT('',(58.620361187268,38.260446335762,
    15.009648781664));
#226 = CARTESIAN_POINT('',(58.812677716306,37.965284310352,15.4645928418
    ));
#227 = CARTESIAN_POINT('',(59.04753027385,37.598686918997,15.87905802689
    ));
#228 = CARTESIAN_POINT('',(59.540422230353,36.811733530566,
    16.504980079295));
#229 = CARTESIAN_POINT('',(59.790605576485,36.407196329501,
    16.751946989284));
#230 = CARTESIAN_POINT('',(60.067421829105,35.952031870711,
    16.941802702097));
#231 = CARTESIAN_POINT('',(60.360027400261,35.460658426023,
    17.054493484236));
#232 = CARTESIAN_POINT('',(60.655449179731,34.952243577196,
    17.079546306299));
#233 = CARTESIAN_POINT('',(60.941519289059,34.4479271781,17.016267657376
    ));
#234 = CARTESIAN_POINT('',(61.207910201495,33.968235209829,
    16.873988625587));
#235 = CARTESIAN_POINT('',(61.676638462211,33.109243122022,
    16.478740637138));
#236 = CARTESIAN_POINT('',(61.879625540951,32.7294183832,16.231685657426
    ));
#237 = CARTESIAN_POINT('',(62.056523858365,32.392358716978,
    15.944163502062));
#238 = CARTESIAN_POINT('',(62.208684912151,32.098086821901,
    15.626225901413));
#239 = CARTESIAN_POINT('',(62.337673387941,31.845655277048,
    15.285826207373));
#240 = CARTESIAN_POINT('',(62.445020237446,31.633625451194,
    14.929238295636));
#241 = CARTESIAN_POINT('',(62.532136804976,31.460371480342,
    14.561298996894));
#242 = CARTESIAN_POINT('',(62.687451905961,31.149982752278,
    13.70377527222));
#243 = CARTESIAN_POINT('',(62.743560314726,31.036465075454,
    13.207832353788));
#244 = CARTESIAN_POINT('',(62.770741251303,30.981072797403,
    12.704683396019));
#245 = CARTESIAN_POINT('',(62.77008303248,30.982362151333,
    12.199092681449));
#246 = CARTESIAN_POINT('',(62.741672160479,31.040226320852,
    11.695349013684));
#247 = CARTESIAN_POINT('',(62.684643208462,31.155849390912,
    11.198116119026));
#248 = CARTESIAN_POINT('',(62.597152366823,31.331586312035,
    10.713344686181));
#249 = CARTESIAN_POINT('',(62.379688800691,31.761932007414,
    9.879497170445));
#250 = CARTESIAN_POINT('',(62.260482390497,31.996171272767,
    9.517871313121));
#251 = CARTESIAN_POINT('',(62.117049178797,32.275376395727,
    9.173391049895));
#252 = CARTESIAN_POINT('',(61.948050289692,32.600342346577,
    8.855224771067));
#253 = CARTESIAN_POINT('',(61.75256619604,32.97050282306,8.573574276665)
  );
#254 = CARTESIAN_POINT('',(61.530203711382,33.38378485076,8.339755823953
    ));
#255 = CARTESIAN_POINT('',(61.281472914869,33.836231577001,
    8.166452909162));
#256 = CARTESIAN_POINT('',(60.758524050651,34.765818401354,
    7.978396615903));
#257 = CARTESIAN_POINT('',(60.498738962072,35.218938553973,
    7.955526452913));
#258 = CARTESIAN_POINT('',(60.235961323813,35.667993867221,
    8.002344638031));
#259 = CARTESIAN_POINT('',(59.977538091035,36.10052092883,8.116680180426
    ));
#260 = CARTESIAN_POINT('',(59.731015180667,36.505221123117,
    8.291861694935));
#261 = CARTESIAN_POINT('',(59.503361836614,36.872880121482,
    8.516947915236));
#262 = CARTESIAN_POINT('',(59.299883652518,37.197205107247,
    8.776936354925));
#263 = CARTESIAN_POINT('',(58.898636701549,37.830244144656,
    9.405297257818));
#264 = CARTESIAN_POINT('',(58.708128273895,38.125413633275,
    9.799419892089));
#265 = CARTESIAN_POINT('',(58.551866105395,38.364269359609,
    10.221249478088));
#266 = CARTESIAN_POINT('',(58.42871628168,38.550741517653,
    10.661445006739));
#267 = CARTESIAN_POINT('',(58.337379697957,38.688204237967,
    11.113471985184));
#268 = CARTESIAN_POINT('',(58.276788883468,38.779103221182,
    11.572719887537));
#269 = CARTESIAN_POINT('',(58.24638418947,38.82471801382,12.035885537676
    ));
#270 = CARTESIAN_POINT('',(58.24638418947,38.82471801382,12.5));
#271 = ORIENTED_EDGE('',*,*,#272,.F.);
#272 = EDGE_CURVE('',#273,#217,#275,.T.);
#273 = VERTEX_POINT('',#274);
#274 = CARTESIAN_POINT('',(61.188234163113,34.,5.));
#275 = LINE('',#276,#277);
#276 = CARTESIAN_POINT('',(61.188234163113,34.,0.));
#277 = VECTOR('',#278,1.);
#278 = DIRECTION('',(0.,0.,1.));
#279 = ORIENTED_EDGE('',*,*,#280,.F.);
#280 = EDGE_CURVE('',#281,#273,#283,.T.);
#281 = VERTEX_POINT('',#282);
#282 = CARTESIAN_POINT('',(67.082039324994,20.,5.));
#283 = CIRCLE('',#284,70.);
#284 = AXIS2_PLACEMENT_3D('',#285,#286,#287);
#285 = CARTESIAN_POINT('',(0.,0.,5.));
#286 = DIRECTION('',(0.,0.,1.));
#287 = DIRECTION('',(1.,0.,0.));
#288 = ORIENTED_EDGE('',*,*,#289,.T.);
#289 = EDGE_CURVE('',#281,#290,#292,.T.);
#290 = VERTEX_POINT('',#291);
#291 = CARTESIAN_POINT('',(67.082039324994,20.,19.));
#292 = LINE('',#293,#294);
#293 = CARTESIAN_POINT('',(67.082039324994,20.,0.));
#294 = VECTOR('',#295,1.);
#295 = DIRECTION('',(0.,0.,1.));
#296 = ORIENTED_EDGE('',*,*,#297,.T.);
#297 = EDGE_CURVE('',#290,#298,#300,.T.);
#298 = VERTEX_POINT('',#299);
#299 = CARTESIAN_POINT('',(61.188234163113,34.,19.));
#300 = CIRCLE('',#301,70.);
#301 = AXIS2_PLACEMENT_3D('',#302,#303,#304);
#302 = CARTESIAN_POINT('',(0.,0.,19.));
#303 = DIRECTION('',(0.,0.,1.));
#304 = DIRECTION('',(1.,0.,0.));
#305 = ORIENTED_EDGE('',*,*,#306,.F.);
#306 = EDGE_CURVE('',#161,#298,#307,.T.);
#307 = LINE('',#308,#309);
#308 = CARTESIAN_POINT('',(61.188234163113,34.,0.));
#309 = VECTOR('',#310,1.);
#310 = DIRECTION('',(0.,0.,1.));
#311 = CYLINDRICAL_SURFACE('',#312,70.);
#312 = AXIS2_PLACEMENT_3D('',#313,#314,#315);
#313 = CARTESIAN_POINT('',(0.,0.,0.));
#314 = DIRECTION('',(0.,0.,1.));
#315 = DIRECTION('',(1.,0.,0.));
#316 = ADVANCED_FACE('',(#317,#376,#387,#398,#409,#420,#431,#442,#453,
    #464,#475,#486,#497,#508,#519,#530,#541,#552,#563),#574,.F.);
#317 = FACE_BOUND('',#318,.F.);
#318 = EDGE_LOOP('',(#319,#329,#338,#346,#354,#360,#361,#362,#370));
#319 = ORIENTED_EDGE('',*,*,#320,.F.);
#320 = EDGE_CURVE('',#321,#323,#325,.T.);
#321 = VERTEX_POINT('',#322);
#322 = CARTESIAN_POINT('',(27.842474071152,64.224579699654,0.));
#323 = VERTEX_POINT('',#324);
#324 = CARTESIAN_POINT('',(7.071796769724,28.248711305964,0.));
#325 = LINE('',#326,#327);
#326 = CARTESIAN_POINT('',(7.179676972449E-02,16.124355652982,0.));
#327 = VECTOR('',#328,1.);
#328 = DIRECTION('',(-0.5,-0.866025403784,0.));
#329 = ORIENTED_EDGE('',*,*,#330,.T.);
#330 = EDGE_CURVE('',#321,#331,#333,.T.);
#331 = VERTEX_POINT('',#332);
#332 = CARTESIAN_POINT('',(-41.6988805317,-56.22457969965,0.));
#333 = CIRCLE('',#334,70.);
#334 = AXIS2_PLACEMENT_3D('',#335,#336,#337);
#335 = CARTESIAN_POINT('',(0.,0.,0.));
#336 = DIRECTION('',(0.,0.,1.));
#337 = DIRECTION('',(1.,0.,0.));
#338 = ORIENTED_EDGE('',*,*,#339,.T.);
#339 = EDGE_CURVE('',#331,#340,#342,.T.);
#340 = VERTEX_POINT('',#341);
#341 = CARTESIAN_POINT('',(-20.92820323027,-20.24871130596,0.));
#342 = LINE('',#343,#344);
#343 = CARTESIAN_POINT('',(-13.92820323027,-8.124355652982,0.));
#344 = VECTOR('',#345,1.);
#345 = DIRECTION('',(0.5,0.866025403784,0.));
#346 = ORIENTED_EDGE('',*,*,#347,.T.);
#347 = EDGE_CURVE('',#340,#348,#350,.T.);
#348 = VERTEX_POINT('',#349);
#349 = CARTESIAN_POINT('',(-7.071796769725,-28.24871130596,0.));
#350 = LINE('',#351,#352);
#351 = CARTESIAN_POINT('',(-17.46410161513,-22.24871130596,0.));
#352 = VECTOR('',#353,1.);
#353 = DIRECTION('',(0.866025403784,-0.5,0.));
#354 = ORIENTED_EDGE('',*,*,#355,.F.);
#355 = EDGE_CURVE('',#109,#348,#356,.T.);
#356 = LINE('',#357,#358);
#357 = CARTESIAN_POINT('',(-7.17967697245E-02,-16.12435565298,0.));
#358 = VECTOR('',#359,1.);
#359 = DIRECTION('',(0.5,0.866025403784,0.));
#360 = ORIENTED_EDGE('',*,*,#116,.T.);
#361 = ORIENTED_EDGE('',*,*,#141,.T.);
#362 = ORIENTED_EDGE('',*,*,#363,.T.);
#363 = EDGE_CURVE('',#142,#364,#366,.T.);
#364 = VERTEX_POINT('',#365);
#365 = CARTESIAN_POINT('',(20.928203230276,20.248711305964,0.));
#366 = LINE('',#367,#368);
#367 = CARTESIAN_POINT('',(13.928203230276,8.124355652982,0.));
#368 = VECTOR('',#369,1.);
#369 = DIRECTION('',(-0.5,-0.866025403784,0.));
#370 = ORIENTED_EDGE('',*,*,#371,.T.);
#371 = EDGE_CURVE('',#364,#323,#372,.T.);
#372 = LINE('',#373,#374);
#373 = CARTESIAN_POINT('',(17.464101615138,22.248711305964,0.));
#374 = VECTOR('',#375,1.);
#375 = DIRECTION('',(-0.866025403784,0.5,0.));
#376 = FACE_BOUND('',#377,.F.);
#377 = EDGE_LOOP('',(#378));
#378 = ORIENTED_EDGE('',*,*,#379,.F.);
#379 = EDGE_CURVE('',#380,#380,#382,.T.);
#380 = VERTEX_POINT('',#381);
#381 = CARTESIAN_POINT('',(-52.39552479966,-36.11206514627,0.));
#382 = CIRCLE('',#383,1.65);
#383 = AXIS2_PLACEMENT_3D('',#384,#385,#386);
#384 = CARTESIAN_POINT('',(-54.04552479966,-36.11206514627,0.));
#385 = DIRECTION('',(0.,0.,1.));
#386 = DIRECTION('',(1.,0.,0.));
#387 = FACE_BOUND('',#388,.F.);
#388 = EDGE_LOOP('',(#389));
#389 = ORIENTED_EDGE('',*,*,#390,.F.);
#390 = EDGE_CURVE('',#391,#391,#393,.T.);
#391 = VERTEX_POINT('',#392);
#392 = CARTESIAN_POINT('',(-11.03087093104,-63.75104322621,0.));
#393 = CIRCLE('',#394,1.65);
#394 = AXIS2_PLACEMENT_3D('',#395,#396,#397);
#395 = CARTESIAN_POINT('',(-12.68087093104,-63.75104322621,0.));
#396 = DIRECTION('',(0.,0.,1.));
#397 = DIRECTION('',(1.,0.,0.));
#398 = FACE_BOUND('',#399,.F.);
#399 = EDGE_LOOP('',(#400));
#400 = ORIENTED_EDGE('',*,*,#401,.F.);
#401 = EDGE_CURVE('',#402,#402,#404,.T.);
#402 = VERTEX_POINT('',#403);
#403 = CARTESIAN_POINT('',(-62.10104322621,-12.68087093104,0.));
#404 = CIRCLE('',#405,1.65);
#405 = AXIS2_PLACEMENT_3D('',#406,#407,#408);
#406 = CARTESIAN_POINT('',(-63.75104322621,-12.68087093104,0.));
#407 = DIRECTION('',(0.,0.,1.));
#408 = DIRECTION('',(1.,0.,0.));
#409 = FACE_BOUND('',#410,.F.);
#410 = EDGE_LOOP('',(#411));
#411 = ORIENTED_EDGE('',*,*,#412,.F.);
#412 = EDGE_CURVE('',#413,#413,#415,.T.);
#413 = VERTEX_POINT('',#414);
#414 = CARTESIAN_POINT('',(14.330870931048,-63.75104322621,0.));
#415 = CIRCLE('',#416,1.65);
#416 = AXIS2_PLACEMENT_3D('',#417,#418,#419);
#417 = CARTESIAN_POINT('',(12.680870931048,-63.75104322621,0.));
#418 = DIRECTION('',(0.,0.,1.));
#419 = DIRECTION('',(1.,0.,0.));
#420 = FACE_BOUND('',#421,.F.);
#421 = EDGE_LOOP('',(#422));
#422 = ORIENTED_EDGE('',*,*,#423,.F.);
#423 = EDGE_CURVE('',#424,#424,#426,.T.);
#424 = VERTEX_POINT('',#425);
#425 = CARTESIAN_POINT('',(37.762065146274,-54.04552479966,0.));
#426 = CIRCLE('',#427,1.65);
#427 = AXIS2_PLACEMENT_3D('',#428,#429,#430);
#428 = CARTESIAN_POINT('',(36.112065146274,-54.04552479966,0.));
#429 = DIRECTION('',(0.,0.,1.));
#430 = DIRECTION('',(1.,0.,0.));
#431 = FACE_BOUND('',#432,.F.);
#432 = EDGE_LOOP('',(#433));
#433 = ORIENTED_EDGE('',*,*,#434,.F.);
#434 = EDGE_CURVE('',#435,#435,#437,.T.);
#435 = VERTEX_POINT('',#436);
#436 = CARTESIAN_POINT('',(55.695524799665,-36.11206514627,0.));
#437 = CIRCLE('',#438,1.65);
#438 = AXIS2_PLACEMENT_3D('',#439,#440,#441);
#439 = CARTESIAN_POINT('',(54.045524799665,-36.11206514627,0.));
#440 = DIRECTION('',(0.,0.,1.));
#441 = DIRECTION('',(1.,0.,0.));
#442 = FACE_BOUND('',#443,.F.);
#443 = EDGE_LOOP('',(#444));
#444 = ORIENTED_EDGE('',*,*,#445,.F.);
#445 = EDGE_CURVE('',#446,#446,#448,.T.);
#446 = VERTEX_POINT('',#447);
#447 = CARTESIAN_POINT('',(1.65,-20.,0.));
#448 = CIRCLE('',#449,1.65);
#449 = AXIS2_PLACEMENT_3D('',#450,#451,#452);
#450 = CARTESIAN_POINT('',(0.,-20.,0.));
#451 = DIRECTION('',(0.,0.,1.));
#452 = DIRECTION('',(1.,0.,0.));
#453 = FACE_BOUND('',#454,.F.);
#454 = EDGE_LOOP('',(#455));
#455 = ORIENTED_EDGE('',*,*,#456,.F.);
#456 = EDGE_CURVE('',#457,#457,#459,.T.);
#457 = VERTEX_POINT('',#458);
#458 = CARTESIAN_POINT('',(29.65,-32.,0.));
#459 = CIRCLE('',#460,1.65);
#460 = AXIS2_PLACEMENT_3D('',#461,#462,#463);
#461 = CARTESIAN_POINT('',(28.,-32.,0.));
#462 = DIRECTION('',(0.,0.,1.));
#463 = DIRECTION('',(1.,0.,0.));
#464 = FACE_BOUND('',#465,.F.);
#465 = EDGE_LOOP('',(#466));
#466 = ORIENTED_EDGE('',*,*,#467,.F.);
#467 = EDGE_CURVE('',#468,#468,#470,.T.);
#468 = VERTEX_POINT('',#469);
#469 = CARTESIAN_POINT('',(65.40104322621,-12.68087093104,0.));
#470 = CIRCLE('',#471,1.65);
#471 = AXIS2_PLACEMENT_3D('',#472,#473,#474);
#472 = CARTESIAN_POINT('',(63.75104322621,-12.68087093104,0.));
#473 = DIRECTION('',(0.,0.,1.));
#474 = DIRECTION('',(1.,0.,0.));
#475 = FACE_BOUND('',#476,.F.);
#476 = EDGE_LOOP('',(#477));
#477 = ORIENTED_EDGE('',*,*,#478,.F.);
#478 = EDGE_CURVE('',#479,#479,#481,.T.);
#479 = VERTEX_POINT('',#480);
#480 = CARTESIAN_POINT('',(-62.10104322621,12.680870931048,0.));
#481 = CIRCLE('',#482,1.65);
#482 = AXIS2_PLACEMENT_3D('',#483,#484,#485);
#483 = CARTESIAN_POINT('',(-63.75104322621,12.680870931048,0.));
#484 = DIRECTION('',(0.,0.,1.));
#485 = DIRECTION('',(1.,0.,0.));
#486 = FACE_BOUND('',#487,.F.);
#487 = EDGE_LOOP('',(#488));
#488 = ORIENTED_EDGE('',*,*,#489,.F.);
#489 = EDGE_CURVE('',#490,#490,#492,.T.);
#490 = VERTEX_POINT('',#491);
#491 = CARTESIAN_POINT('',(-26.35,32.,0.));
#492 = CIRCLE('',#493,1.65);
#493 = AXIS2_PLACEMENT_3D('',#494,#495,#496);
#494 = CARTESIAN_POINT('',(-28.,32.,0.));
#495 = DIRECTION('',(0.,0.,1.));
#496 = DIRECTION('',(1.,0.,0.));
#497 = FACE_BOUND('',#498,.F.);
#498 = EDGE_LOOP('',(#499));
#499 = ORIENTED_EDGE('',*,*,#500,.F.);
#500 = EDGE_CURVE('',#501,#501,#503,.T.);
#501 = VERTEX_POINT('',#502);
#502 = CARTESIAN_POINT('',(-52.39552479966,36.112065146274,0.));
#503 = CIRCLE('',#504,1.65);
#504 = AXIS2_PLACEMENT_3D('',#505,#506,#507);
#505 = CARTESIAN_POINT('',(-54.04552479966,36.112065146274,0.));
#506 = DIRECTION('',(0.,0.,1.));
#507 = DIRECTION('',(1.,0.,0.));
#508 = FACE_BOUND('',#509,.F.);
#509 = EDGE_LOOP('',(#510));
#510 = ORIENTED_EDGE('',*,*,#511,.F.);
#511 = EDGE_CURVE('',#512,#512,#514,.T.);
#512 = VERTEX_POINT('',#513);
#513 = CARTESIAN_POINT('',(-34.46206514627,54.045524799665,0.));
#514 = CIRCLE('',#515,1.65);
#515 = AXIS2_PLACEMENT_3D('',#516,#517,#518);
#516 = CARTESIAN_POINT('',(-36.11206514627,54.045524799665,0.));
#517 = DIRECTION('',(0.,0.,1.));
#518 = DIRECTION('',(1.,0.,0.));
#519 = FACE_BOUND('',#520,.F.);
#520 = EDGE_LOOP('',(#521));
#521 = ORIENTED_EDGE('',*,*,#522,.F.);
#522 = EDGE_CURVE('',#523,#523,#525,.T.);
#523 = VERTEX_POINT('',#524);
#524 = CARTESIAN_POINT('',(-11.03087093104,63.75104322621,0.));
#525 = CIRCLE('',#526,1.65);
#526 = AXIS2_PLACEMENT_3D('',#527,#528,#529);
#527 = CARTESIAN_POINT('',(-12.68087093104,63.75104322621,0.));
#528 = DIRECTION('',(0.,0.,1.));
#529 = DIRECTION('',(1.,0.,0.));
#530 = FACE_BOUND('',#531,.F.);
#531 = EDGE_LOOP('',(#532));
#532 = ORIENTED_EDGE('',*,*,#533,.F.);
#533 = EDGE_CURVE('',#534,#534,#536,.T.);
#534 = VERTEX_POINT('',#535);
#535 = CARTESIAN_POINT('',(1.65,20.,0.));
#536 = CIRCLE('',#537,1.65);
#537 = AXIS2_PLACEMENT_3D('',#538,#539,#540);
#538 = CARTESIAN_POINT('',(0.,20.,0.));
#539 = DIRECTION('',(0.,0.,1.));
#540 = DIRECTION('',(1.,0.,0.));
#541 = FACE_BOUND('',#542,.F.);
#542 = EDGE_LOOP('',(#543));
#543 = ORIENTED_EDGE('',*,*,#544,.F.);
#544 = EDGE_CURVE('',#545,#545,#547,.T.);
#545 = VERTEX_POINT('',#546);
#546 = CARTESIAN_POINT('',(65.40104322621,12.680870931048,0.));
#547 = CIRCLE('',#548,1.65);
#548 = AXIS2_PLACEMENT_3D('',#549,#550,#551);
#549 = CARTESIAN_POINT('',(63.75104322621,12.680870931048,0.));
#550 = DIRECTION('',(0.,0.,1.));
#551 = DIRECTION('',(1.,0.,0.));
#552 = FACE_BOUND('',#553,.F.);
#553 = EDGE_LOOP('',(#554));
#554 = ORIENTED_EDGE('',*,*,#555,.F.);
#555 = EDGE_CURVE('',#556,#556,#558,.T.);
#556 = VERTEX_POINT('',#557);
#557 = CARTESIAN_POINT('',(14.330870931048,63.75104322621,0.));
#558 = CIRCLE('',#559,1.65);
#559 = AXIS2_PLACEMENT_3D('',#560,#561,#562);
#560 = CARTESIAN_POINT('',(12.680870931048,63.75104322621,0.));
#561 = DIRECTION('',(0.,0.,1.));
#562 = DIRECTION('',(1.,0.,0.));
#563 = FACE_BOUND('',#564,.F.);
#564 = EDGE_LOOP('',(#565));
#565 = ORIENTED_EDGE('',*,*,#566,.F.);
#566 = EDGE_CURVE('',#567,#567,#569,.T.);
#567 = VERTEX_POINT('',#568);
#568 = CARTESIAN_POINT('',(55.695524799665,36.112065146274,0.));
#569 = CIRCLE('',#570,1.65);
#570 = AXIS2_PLACEMENT_3D('',#571,#572,#573);
#571 = CARTESIAN_POINT('',(54.045524799665,36.112065146274,0.));
#572 = DIRECTION('',(0.,0.,1.));
#573 = DIRECTION('',(1.,0.,0.));
#574 = PLANE('',#575);
#575 = AXIS2_PLACEMENT_3D('',#576,#577,#578);
#576 = CARTESIAN_POINT('',(0.,0.,0.));
#577 = DIRECTION('',(0.,0.,1.));
#578 = DIRECTION('',(1.,0.,0.));
#579 = ADVANCED_FACE('',(#580),#614,.F.);
#580 = FACE_BOUND('',#581,.F.);
#581 = EDGE_LOOP('',(#582,#583,#591,#599,#607,#613));
#582 = ORIENTED_EDGE('',*,*,#355,.T.);
#583 = ORIENTED_EDGE('',*,*,#584,.T.);
#584 = EDGE_CURVE('',#348,#585,#587,.T.);
#585 = VERTEX_POINT('',#586);
#586 = CARTESIAN_POINT('',(-7.071796769724,-28.24871130596,2.));
#587 = LINE('',#588,#589);
#588 = CARTESIAN_POINT('',(-7.071796769724,-28.24871130596,-1.));
#589 = VECTOR('',#590,1.);
#590 = DIRECTION('',(0.,0.,1.));
#591 = ORIENTED_EDGE('',*,*,#592,.T.);
#592 = EDGE_CURVE('',#585,#593,#595,.T.);
#593 = VERTEX_POINT('',#594);
#594 = CARTESIAN_POINT('',(-15.07179676972,-42.10511776651,2.));
#595 = LINE('',#596,#597);
#596 = CARTESIAN_POINT('',(-3.071796769724,-21.32050807568,2.));
#597 = VECTOR('',#598,1.);
#598 = DIRECTION('',(-0.5,-0.866025403784,0.));
#599 = ORIENTED_EDGE('',*,*,#600,.F.);
#600 = EDGE_CURVE('',#601,#593,#603,.T.);
#601 = VERTEX_POINT('',#602);
#602 = CARTESIAN_POINT('',(-15.07179676972,-42.10511776651,24.));
#603 = LINE('',#604,#605);
#604 = CARTESIAN_POINT('',(-15.07179676972,-42.10511776651,0.5));
#605 = VECTOR('',#606,1.);
#606 = DIRECTION('',(0.,0.,-1.));
#607 = ORIENTED_EDGE('',*,*,#608,.F.);
#608 = EDGE_CURVE('',#100,#601,#609,.T.);
#609 = LINE('',#610,#611);
#610 = CARTESIAN_POINT('',(-7.17967697245E-02,-16.12435565298,24.));
#611 = VECTOR('',#612,1.);
#612 = DIRECTION('',(0.5,0.866025403784,0.));
#613 = ORIENTED_EDGE('',*,*,#108,.F.);
#614 = PLANE('',#615);
#615 = AXIS2_PLACEMENT_3D('',#616,#617,#618);
#616 = CARTESIAN_POINT('',(-7.071796769724,-28.24871130596,-1.));
#617 = DIRECTION('',(0.866025403784,-0.5,0.));
#618 = DIRECTION('',(0.,0.,1.));
#619 = ADVANCED_FACE('',(#620,#709),#720,.T.);
#620 = FACE_BOUND('',#621,.T.);
#621 = EDGE_LOOP('',(#622,#623,#624,#632,#640,#648,#656,#664,#672,#680,
    #686,#687,#695,#703));
#622 = ORIENTED_EDGE('',*,*,#608,.F.);
#623 = ORIENTED_EDGE('',*,*,#99,.T.);
#624 = ORIENTED_EDGE('',*,*,#625,.F.);
#625 = EDGE_CURVE('',#626,#92,#628,.T.);
#626 = VERTEX_POINT('',#627);
#627 = CARTESIAN_POINT('',(-17.41154273188,-66.15767664977,24.));
#628 = LINE('',#629,#630);
#629 = CARTESIAN_POINT('',(-17.41154273188,-66.15767664977,24.));
#630 = VECTOR('',#631,1.);
#631 = DIRECTION('',(0.866025403784,-0.5,0.));
#632 = ORIENTED_EDGE('',*,*,#633,.F.);
#633 = EDGE_CURVE('',#634,#626,#636,.T.);
#634 = VERTEX_POINT('',#635);
#635 = CARTESIAN_POINT('',(-2.41154273188,-40.17691453624,24.));
#636 = LINE('',#637,#638);
#637 = CARTESIAN_POINT('',(-2.41154273188,-40.17691453624,24.));
#638 = VECTOR('',#639,1.);
#639 = DIRECTION('',(-0.5,-0.866025403784,0.));
#640 = ORIENTED_EDGE('',*,*,#641,.T.);
#641 = EDGE_CURVE('',#634,#642,#644,.T.);
#642 = VERTEX_POINT('',#643);
#643 = CARTESIAN_POINT('',(8.846787517318,-46.67691453624,24.));
#644 = LINE('',#645,#646);
#645 = CARTESIAN_POINT('',(-2.41154273188,-40.17691453624,24.));
#646 = VECTOR('',#647,1.);
#647 = DIRECTION('',(0.866025403784,-0.5,0.));
#648 = ORIENTED_EDGE('',*,*,#649,.T.);
#649 = EDGE_CURVE('',#642,#650,#652,.T.);
#650 = VERTEX_POINT('',#651);
#651 = CARTESIAN_POINT('',(3.464101615138,-56.,24.));
#652 = LINE('',#653,#654);
#653 = CARTESIAN_POINT('',(8.846787517318,-46.67691453624,24.));
#654 = VECTOR('',#655,1.);
#655 = DIRECTION('',(-0.5,-0.866025403784,0.));
#656 = ORIENTED_EDGE('',*,*,#657,.T.);
#657 = EDGE_CURVE('',#650,#658,#660,.T.);
#658 = VERTEX_POINT('',#659);
#659 = CARTESIAN_POINT('',(5.,-56.,24.));
#660 = LINE('',#661,#662);
#661 = CARTESIAN_POINT('',(-5.,-56.,24.));
#662 = VECTOR('',#663,1.);
#663 = DIRECTION('',(1.,0.,0.));
#664 = ORIENTED_EDGE('',*,*,#665,.F.);
#665 = EDGE_CURVE('',#666,#658,#668,.T.);
#666 = VERTEX_POINT('',#667);
#667 = CARTESIAN_POINT('',(5.,-62.,24.));
#668 = LINE('',#669,#670);
#669 = CARTESIAN_POINT('',(5.,-62.,24.));
#670 = VECTOR('',#671,1.);
#671 = DIRECTION('',(0.,1.,0.));
#672 = ORIENTED_EDGE('',*,*,#673,.F.);
#673 = EDGE_CURVE('',#674,#666,#676,.T.);
#674 = VERTEX_POINT('',#675);
#675 = CARTESIAN_POINT('',(-3.2E-14,-62.,24.));
#676 = LINE('',#677,#678);
#677 = CARTESIAN_POINT('',(-5.,-62.,24.));
#678 = VECTOR('',#679,1.);
#679 = DIRECTION('',(1.,0.,0.));
#680 = ORIENTED_EDGE('',*,*,#681,.T.);
#681 = EDGE_CURVE('',#674,#66,#682,.T.);
#682 = LINE('',#683,#684);
#683 = CARTESIAN_POINT('',(8.846787517318,-46.67691453624,24.));
#684 = VECTOR('',#685,1.);
#685 = DIRECTION('',(-0.5,-0.866025403784,0.));
#686 = ORIENTED_EDGE('',*,*,#65,.T.);
#687 = ORIENTED_EDGE('',*,*,#688,.F.);
#688 = EDGE_CURVE('',#689,#58,#691,.T.);
#689 = VERTEX_POINT('',#690);
#690 = CARTESIAN_POINT('',(2.957371715355,-24.87768193213,24.));
#691 = LINE('',#692,#693);
#692 = CARTESIAN_POINT('',(-1.767766952966,-20.15254326381,24.));
#693 = VECTOR('',#694,1.);
#694 = DIRECTION('',(0.707106781187,-0.707106781187,0.));
#695 = ORIENTED_EDGE('',*,*,#696,.T.);
#696 = EDGE_CURVE('',#689,#697,#699,.T.);
#697 = VERTEX_POINT('',#698);
#698 = CARTESIAN_POINT('',(-9.009618943233,-45.60511776651,24.));
#699 = LINE('',#700,#701);
#700 = CARTESIAN_POINT('',(6.990381056767,-17.89230484541,24.));
#701 = VECTOR('',#702,1.);
#702 = DIRECTION('',(-0.5,-0.866025403784,0.));
#703 = ORIENTED_EDGE('',*,*,#704,.F.);
#704 = EDGE_CURVE('',#601,#697,#705,.T.);
#705 = LINE('',#706,#707);
#706 = CARTESIAN_POINT('',(-34.99038105676,-30.60511776651,24.));
#707 = VECTOR('',#708,1.);
#708 = DIRECTION('',(0.866025403784,-0.5,0.));
#709 = FACE_BOUND('',#710,.T.);
#710 = EDGE_LOOP('',(#711));
#711 = ORIENTED_EDGE('',*,*,#712,.F.);
#712 = EDGE_CURVE('',#713,#713,#715,.T.);
#713 = VERTEX_POINT('',#714);
#714 = CARTESIAN_POINT('',(14.330870931048,-63.75104322621,24.));
#715 = CIRCLE('',#716,1.65);
#716 = AXIS2_PLACEMENT_3D('',#717,#718,#719);
#717 = CARTESIAN_POINT('',(12.680870931048,-63.75104322621,24.));
#718 = DIRECTION('',(0.,0.,1.));
#719 = DIRECTION('',(1.,0.,0.));
#720 = PLANE('',#721);
#721 = AXIS2_PLACEMENT_3D('',#722,#723,#724);
#722 = CARTESIAN_POINT('',(0.,0.,24.));
#723 = DIRECTION('',(0.,0.,1.));
#724 = DIRECTION('',(1.,0.,0.));
#725 = ADVANCED_FACE('',(#726),#744,.F.);
#726 = FACE_BOUND('',#727,.F.);
#727 = EDGE_LOOP('',(#728,#736,#742,#743));
#728 = ORIENTED_EDGE('',*,*,#729,.F.);
#729 = EDGE_CURVE('',#730,#626,#732,.T.);
#730 = VERTEX_POINT('',#731);
#731 = CARTESIAN_POINT('',(-17.41154273188,-66.15767664977,6.));
#732 = LINE('',#733,#734);
#733 = CARTESIAN_POINT('',(-17.41154273188,-66.15767664977,6.));
#734 = VECTOR('',#735,1.);
#735 = DIRECTION('',(0.,0.,1.));
#736 = ORIENTED_EDGE('',*,*,#737,.T.);
#737 = EDGE_CURVE('',#730,#83,#738,.T.);
#738 = LINE('',#739,#740);
#739 = CARTESIAN_POINT('',(-17.41154273188,-66.15767664977,6.));
#740 = VECTOR('',#741,1.);
#741 = DIRECTION('',(0.866025403784,-0.5,0.));
#742 = ORIENTED_EDGE('',*,*,#91,.T.);
#743 = ORIENTED_EDGE('',*,*,#625,.F.);
#744 = PLANE('',#745);
#745 = AXIS2_PLACEMENT_3D('',#746,#747,#748);
#746 = CARTESIAN_POINT('',(-17.41154273188,-66.15767664977,6.));
#747 = DIRECTION('',(-0.5,-0.866025403784,0.));
#748 = DIRECTION('',(0.,0.,1.));
#749 = ADVANCED_FACE('',(#750,#776),#787,.T.);
#750 = FACE_BOUND('',#751,.T.);
#751 = EDGE_LOOP('',(#752,#760,#768,#774,#775));
#752 = ORIENTED_EDGE('',*,*,#753,.F.);
#753 = EDGE_CURVE('',#754,#75,#756,.T.);
#754 = VERTEX_POINT('',#755);
#755 = CARTESIAN_POINT('',(8.846787517318,-46.67691453624,6.));
#756 = LINE('',#757,#758);
#757 = CARTESIAN_POINT('',(8.846787517318,-46.67691453624,6.));
#758 = VECTOR('',#759,1.);
#759 = DIRECTION('',(-0.5,-0.866025403784,0.));
#760 = ORIENTED_EDGE('',*,*,#761,.F.);
#761 = EDGE_CURVE('',#762,#754,#764,.T.);
#762 = VERTEX_POINT('',#763);
#763 = CARTESIAN_POINT('',(-2.41154273188,-40.17691453624,6.));
#764 = LINE('',#765,#766);
#765 = CARTESIAN_POINT('',(-2.41154273188,-40.17691453624,6.));
#766 = VECTOR('',#767,1.);
#767 = DIRECTION('',(0.866025403784,-0.5,0.));
#768 = ORIENTED_EDGE('',*,*,#769,.T.);
#769 = EDGE_CURVE('',#762,#730,#770,.T.);
#770 = LINE('',#771,#772);
#771 = CARTESIAN_POINT('',(-2.41154273188,-40.17691453624,6.));
#772 = VECTOR('',#773,1.);
#773 = DIRECTION('',(-0.5,-0.866025403784,0.));
#774 = ORIENTED_EDGE('',*,*,#737,.T.);
#775 = ORIENTED_EDGE('',*,*,#82,.T.);
#776 = FACE_BOUND('',#777,.T.);
#777 = EDGE_LOOP('',(#778));
#778 = ORIENTED_EDGE('',*,*,#779,.F.);
#779 = EDGE_CURVE('',#780,#780,#782,.T.);
#780 = VERTEX_POINT('',#781);
#781 = CARTESIAN_POINT('',(-11.03087093104,-63.75104322621,6.));
#782 = CIRCLE('',#783,1.65);
#783 = AXIS2_PLACEMENT_3D('',#784,#785,#786);
#784 = CARTESIAN_POINT('',(-12.68087093104,-63.75104322621,6.));
#785 = DIRECTION('',(0.,0.,1.));
#786 = DIRECTION('',(1.,0.,0.));
#787 = PLANE('',#788);
#788 = AXIS2_PLACEMENT_3D('',#789,#790,#791);
#789 = CARTESIAN_POINT('',(-2.41154273188,-40.17691453624,6.));
#790 = DIRECTION('',(0.,0.,1.));
#791 = DIRECTION('',(-0.5,-0.866025403784,0.));
#792 = ADVANCED_FACE('',(#793),#827,.F.);
#793 = FACE_BOUND('',#794,.F.);
#794 = EDGE_LOOP('',(#795,#796,#802,#803,#811,#819,#825,#826));
#795 = ORIENTED_EDGE('',*,*,#753,.F.);
#796 = ORIENTED_EDGE('',*,*,#797,.T.);
#797 = EDGE_CURVE('',#754,#642,#798,.T.);
#798 = LINE('',#799,#800);
#799 = CARTESIAN_POINT('',(8.846787517318,-46.67691453624,6.));
#800 = VECTOR('',#801,1.);
#801 = DIRECTION('',(0.,0.,1.));
#802 = ORIENTED_EDGE('',*,*,#649,.T.);
#803 = ORIENTED_EDGE('',*,*,#804,.F.);
#804 = EDGE_CURVE('',#805,#650,#807,.T.);
#805 = VERTEX_POINT('',#806);
#806 = CARTESIAN_POINT('',(3.464101615138,-56.,16.));
#807 = LINE('',#808,#809);
#808 = CARTESIAN_POINT('',(3.464101615138,-56.,11.));
#809 = VECTOR('',#810,1.);
#810 = DIRECTION('',(0.,0.,1.));
#811 = ORIENTED_EDGE('',*,*,#812,.T.);
#812 = EDGE_CURVE('',#805,#813,#815,.T.);
#813 = VERTEX_POINT('',#814);
#814 = CARTESIAN_POINT('',(-3.4E-14,-62.,16.));
#815 = LINE('',#816,#817);
#816 = CARTESIAN_POINT('',(3.798393758659,-55.42098902285,16.));
#817 = VECTOR('',#818,1.);
#818 = DIRECTION('',(-0.5,-0.866025403784,0.));
#819 = ORIENTED_EDGE('',*,*,#820,.T.);
#820 = EDGE_CURVE('',#813,#674,#821,.T.);
#821 = LINE('',#822,#823);
#822 = CARTESIAN_POINT('',(-3.197E-14,-62.,11.));
#823 = VECTOR('',#824,1.);
#824 = DIRECTION('',(0.,0.,1.));
#825 = ORIENTED_EDGE('',*,*,#681,.T.);
#826 = ORIENTED_EDGE('',*,*,#74,.F.);
#827 = PLANE('',#828);
#828 = AXIS2_PLACEMENT_3D('',#829,#830,#831);
#829 = CARTESIAN_POINT('',(8.846787517318,-46.67691453624,6.));
#830 = DIRECTION('',(0.866025403784,-0.5,0.));
#831 = DIRECTION('',(0.,0.,1.));
#832 = ADVANCED_FACE('',(#833),#883,.T.);
#833 = FACE_BOUND('',#834,.T.);
#834 = EDGE_LOOP('',(#835,#843,#851,#859,#867,#875,#881,#882));
#835 = ORIENTED_EDGE('',*,*,#836,.F.);
#836 = EDGE_CURVE('',#837,#49,#839,.T.);
#837 = VERTEX_POINT('',#838);
#838 = CARTESIAN_POINT('',(2.957371715355,-24.87768193213,3.5));
#839 = LINE('',#840,#841);
#840 = CARTESIAN_POINT('',(-1.767766952966,-20.15254326381,3.5));
#841 = VECTOR('',#842,1.);
#842 = DIRECTION('',(0.707106781187,-0.707106781187,0.));
#843 = ORIENTED_EDGE('',*,*,#844,.T.);
#844 = EDGE_CURVE('',#837,#845,#847,.T.);
#845 = VERTEX_POINT('',#846);
#846 = CARTESIAN_POINT('',(2.957371715355,-24.87768193213,8.));
#847 = LINE('',#848,#849);
#848 = CARTESIAN_POINT('',(2.957371715355,-24.87768193213,2.75));
#849 = VECTOR('',#850,1.);
#850 = DIRECTION('',(0.,0.,1.));
#851 = ORIENTED_EDGE('',*,*,#852,.T.);
#852 = EDGE_CURVE('',#845,#853,#855,.T.);
#853 = VERTEX_POINT('',#854);
#854 = CARTESIAN_POINT('',(4.,-25.92031021678,8.));
#855 = LINE('',#856,#857);
#856 = CARTESIAN_POINT('',(-0.363961030679,-21.5563491861,8.));
#857 = VECTOR('',#858,1.);
#858 = DIRECTION('',(0.707106781187,-0.707106781187,0.));
#859 = ORIENTED_EDGE('',*,*,#860,.F.);
#860 = EDGE_CURVE('',#861,#853,#863,.T.);
#861 = VERTEX_POINT('',#862);
#862 = CARTESIAN_POINT('',(4.,-25.92031021678,20.));
#863 = LINE('',#864,#865);
#864 = CARTESIAN_POINT('',(4.,-25.92031021678,5.75));
#865 = VECTOR('',#866,1.);
#866 = DIRECTION('',(0.,0.,-1.));
#867 = ORIENTED_EDGE('',*,*,#868,.F.);
#868 = EDGE_CURVE('',#869,#861,#871,.T.);
#869 = VERTEX_POINT('',#870);
#870 = CARTESIAN_POINT('',(2.957371715355,-24.87768193213,20.));
#871 = LINE('',#872,#873);
#872 = CARTESIAN_POINT('',(-0.363961030679,-21.5563491861,20.));
#873 = VECTOR('',#874,1.);
#874 = DIRECTION('',(0.707106781187,-0.707106781187,0.));
#875 = ORIENTED_EDGE('',*,*,#876,.T.);
#876 = EDGE_CURVE('',#869,#689,#877,.T.);
#877 = LINE('',#878,#879);
#878 = CARTESIAN_POINT('',(2.957371715355,-24.87768193213,2.75));
#879 = VECTOR('',#880,1.);
#880 = DIRECTION('',(0.,0.,1.));
#881 = ORIENTED_EDGE('',*,*,#688,.T.);
#882 = ORIENTED_EDGE('',*,*,#57,.F.);
#883 = PLANE('',#884);
#884 = AXIS2_PLACEMENT_3D('',#885,#886,#887);
#885 = CARTESIAN_POINT('',(-1.767766952966,-20.15254326381,3.5));
#886 = DIRECTION('',(0.707106781187,0.707106781187,0.));
#887 = DIRECTION('',(0.,0.,1.));
#888 = ADVANCED_FACE('',(#889,#923,#934,#945),#956,.T.);
#889 = FACE_BOUND('',#890,.T.);
#890 = EDGE_LOOP('',(#891,#901,#909,#915,#916,#917));
#891 = ORIENTED_EDGE('',*,*,#892,.F.);
#892 = EDGE_CURVE('',#893,#895,#897,.T.);
#893 = VERTEX_POINT('',#894);
#894 = CARTESIAN_POINT('',(2.870871447358,-15.51390486349,3.5));
#895 = VERTEX_POINT('',#896);
#896 = CARTESIAN_POINT('',(20.152543263817,1.767766952966,3.5));
#897 = LINE('',#898,#899);
#898 = CARTESIAN_POINT('',(-1.767766952966,-20.15254326381,3.5));
#899 = VECTOR('',#900,1.);
#900 = DIRECTION('',(0.707106781187,0.707106781187,0.));
#901 = ORIENTED_EDGE('',*,*,#902,.F.);
#902 = EDGE_CURVE('',#903,#893,#905,.T.);
#903 = VERTEX_POINT('',#904);
#904 = CARTESIAN_POINT('',(6.990381056767,-17.89230484541,3.5));
#905 = LINE('',#906,#907);
#906 = CARTESIAN_POINT('',(-8.794949531413,-8.77863998108,3.5));
#907 = VECTOR('',#908,1.);
#908 = DIRECTION('',(-0.866025403784,0.5,0.));
#909 = ORIENTED_EDGE('',*,*,#910,.T.);
#910 = EDGE_CURVE('',#903,#837,#911,.T.);
#911 = LINE('',#912,#913);
#912 = CARTESIAN_POINT('',(5.406256583313,-20.63608891894,3.5));
#913 = VECTOR('',#914,1.);
#914 = DIRECTION('',(-0.5,-0.866025403784,0.));
#915 = ORIENTED_EDGE('',*,*,#836,.T.);
#916 = ORIENTED_EDGE('',*,*,#48,.T.);
#917 = ORIENTED_EDGE('',*,*,#918,.F.);
#918 = EDGE_CURVE('',#895,#41,#919,.T.);
#919 = LINE('',#920,#921);
#920 = CARTESIAN_POINT('',(20.152543263817,1.767766952966,3.5));
#921 = VECTOR('',#922,1.);
#922 = DIRECTION('',(0.707106781187,-0.707106781187,0.));
#923 = FACE_BOUND('',#924,.T.);
#924 = EDGE_LOOP('',(#925));
#925 = ORIENTED_EDGE('',*,*,#926,.F.);
#926 = EDGE_CURVE('',#927,#927,#929,.T.);
#927 = VERTEX_POINT('',#928);
#928 = CARTESIAN_POINT('',(29.65,-32.,3.5));
#929 = CIRCLE('',#930,1.65);
#930 = AXIS2_PLACEMENT_3D('',#931,#932,#933);
#931 = CARTESIAN_POINT('',(28.,-32.,3.5));
#932 = DIRECTION('',(0.,0.,1.));
#933 = DIRECTION('',(1.,0.,0.));
#934 = FACE_BOUND('',#935,.T.);
#935 = EDGE_LOOP('',(#936));
#936 = ORIENTED_EDGE('',*,*,#937,.F.);
#937 = EDGE_CURVE('',#938,#938,#940,.T.);
#938 = VERTEX_POINT('',#939);
#939 = CARTESIAN_POINT('',(37.762065146274,-54.04552479966,3.5));
#940 = CIRCLE('',#941,1.65);
#941 = AXIS2_PLACEMENT_3D('',#942,#943,#944);
#942 = CARTESIAN_POINT('',(36.112065146274,-54.04552479966,3.5));
#943 = DIRECTION('',(0.,0.,1.));
#944 = DIRECTION('',(1.,0.,0.));
#945 = FACE_BOUND('',#946,.T.);
#946 = EDGE_LOOP('',(#947));
#947 = ORIENTED_EDGE('',*,*,#948,.F.);
#948 = EDGE_CURVE('',#949,#949,#951,.T.);
#949 = VERTEX_POINT('',#950);
#950 = CARTESIAN_POINT('',(55.695524799665,-36.11206514627,3.5));
#951 = CIRCLE('',#952,1.65);
#952 = AXIS2_PLACEMENT_3D('',#953,#954,#955);
#953 = CARTESIAN_POINT('',(54.045524799665,-36.11206514627,3.5));
#954 = DIRECTION('',(0.,0.,1.));
#955 = DIRECTION('',(1.,0.,0.));
#956 = PLANE('',#957);
#957 = AXIS2_PLACEMENT_3D('',#958,#959,#960);
#958 = CARTESIAN_POINT('',(-1.767766952966,-20.15254326381,3.5));
#959 = DIRECTION('',(0.,0.,1.));
#960 = DIRECTION('',(0.707106781187,-0.707106781187,0.));
#961 = ADVANCED_FACE('',(#962),#996,.F.);
#962 = FACE_BOUND('',#963,.F.);
#963 = EDGE_LOOP('',(#964,#965,#973,#981,#989,#995));
#964 = ORIENTED_EDGE('',*,*,#918,.F.);
#965 = ORIENTED_EDGE('',*,*,#966,.T.);
#966 = EDGE_CURVE('',#895,#967,#969,.T.);
#967 = VERTEX_POINT('',#968);
#968 = CARTESIAN_POINT('',(20.152543263817,1.767766952966,4.));
#969 = LINE('',#970,#971);
#970 = CARTESIAN_POINT('',(20.152543263817,1.767766952966,3.5));
#971 = VECTOR('',#972,1.);
#972 = DIRECTION('',(0.,0.,1.));
#973 = ORIENTED_EDGE('',*,*,#974,.F.);
#974 = EDGE_CURVE('',#975,#967,#977,.T.);
#975 = VERTEX_POINT('',#976);
#976 = CARTESIAN_POINT('',(24.,-2.079689783217,4.));
#977 = LINE('',#978,#979);
#978 = CARTESIAN_POINT('',(12.556349186104,9.363961030679,4.));
#979 = VECTOR('',#980,1.);
#980 = DIRECTION('',(-0.707106781187,0.707106781187,0.));
#981 = ORIENTED_EDGE('',*,*,#982,.T.);
#982 = EDGE_CURVE('',#975,#983,#985,.T.);
#983 = VERTEX_POINT('',#984);
#984 = CARTESIAN_POINT('',(24.,-2.079689783217,24.));
#985 = LINE('',#986,#987);
#986 = CARTESIAN_POINT('',(24.,-2.079689783217,3.75));
#987 = VECTOR('',#988,1.);
#988 = DIRECTION('',(0.,0.,1.));
#989 = ORIENTED_EDGE('',*,*,#990,.T.);
#990 = EDGE_CURVE('',#983,#32,#991,.T.);
#991 = LINE('',#992,#993);
#992 = CARTESIAN_POINT('',(20.152543263817,1.767766952966,24.));
#993 = VECTOR('',#994,1.);
#994 = DIRECTION('',(0.707106781187,-0.707106781187,0.));
#995 = ORIENTED_EDGE('',*,*,#40,.F.);
#996 = PLANE('',#997);
#997 = AXIS2_PLACEMENT_3D('',#998,#999,#1000);
#998 = CARTESIAN_POINT('',(20.152543263817,1.767766952966,3.5));
#999 = DIRECTION('',(0.707106781187,0.707106781187,0.));
#1000 = DIRECTION('',(0.,0.,1.));
#1001 = ADVANCED_FACE('',(#1002,#1037,#1048,#1059),#1070,.T.);
#1002 = FACE_BOUND('',#1003,.T.);
#1003 = EDGE_LOOP('',(#1004,#1005,#1006,#1007,#1015,#1023,#1031));
#1004 = ORIENTED_EDGE('',*,*,#990,.T.);
#1005 = ORIENTED_EDGE('',*,*,#31,.T.);
#1006 = ORIENTED_EDGE('',*,*,#131,.T.);
#1007 = ORIENTED_EDGE('',*,*,#1008,.T.);
#1008 = EDGE_CURVE('',#132,#1009,#1011,.T.);
#1009 = VERTEX_POINT('',#1010);
#1010 = CARTESIAN_POINT('',(28.928203230276,34.105117766515,24.));
#1011 = LINE('',#1012,#1013);
#1012 = CARTESIAN_POINT('',(13.928203230276,8.124355652982,24.));
#1013 = VECTOR('',#1014,1.);
#1014 = DIRECTION('',(-0.5,-0.866025403784,0.));
#1015 = ORIENTED_EDGE('',*,*,#1016,.F.);
#1016 = EDGE_CURVE('',#1017,#1009,#1019,.T.);
#1017 = VERTEX_POINT('',#1018);
#1018 = CARTESIAN_POINT('',(34.990381056767,30.605117766515,24.));
#1019 = LINE('',#1020,#1021);
#1020 = CARTESIAN_POINT('',(34.990381056767,30.605117766515,24.));
#1021 = VECTOR('',#1022,1.);
#1022 = DIRECTION('',(-0.866025403784,0.5,0.));
#1023 = ORIENTED_EDGE('',*,*,#1024,.F.);
#1024 = EDGE_CURVE('',#1025,#1017,#1027,.T.);
#1025 = VERTEX_POINT('',#1026);
#1026 = CARTESIAN_POINT('',(24.,11.569219381653,24.));
#1027 = LINE('',#1028,#1029);
#1028 = CARTESIAN_POINT('',(18.990381056767,2.892304845413,24.));
#1029 = VECTOR('',#1030,1.);
#1030 = DIRECTION('',(0.5,0.866025403784,0.));
#1031 = ORIENTED_EDGE('',*,*,#1032,.F.);
#1032 = EDGE_CURVE('',#983,#1025,#1033,.T.);
#1033 = LINE('',#1034,#1035);
#1034 = CARTESIAN_POINT('',(24.,-12.,24.));
#1035 = VECTOR('',#1036,1.);
#1036 = DIRECTION('',(0.,1.,0.));
#1037 = FACE_BOUND('',#1038,.T.);
#1038 = EDGE_LOOP('',(#1039));
#1039 = ORIENTED_EDGE('',*,*,#1040,.F.);
#1040 = EDGE_CURVE('',#1041,#1041,#1043,.T.);
#1041 = VERTEX_POINT('',#1042);
#1042 = CARTESIAN_POINT('',(65.40104322621,-12.68087093104,24.));
#1043 = CIRCLE('',#1044,1.65);
#1044 = AXIS2_PLACEMENT_3D('',#1045,#1046,#1047);
#1045 = CARTESIAN_POINT('',(63.75104322621,-12.68087093104,24.));
#1046 = DIRECTION('',(0.,0.,1.));
#1047 = DIRECTION('',(1.,0.,0.));
#1048 = FACE_BOUND('',#1049,.T.);
#1049 = EDGE_LOOP('',(#1050));
#1050 = ORIENTED_EDGE('',*,*,#1051,.F.);
#1051 = EDGE_CURVE('',#1052,#1052,#1054,.T.);
#1052 = VERTEX_POINT('',#1053);
#1053 = CARTESIAN_POINT('',(55.695524799665,36.112065146274,24.));
#1054 = CIRCLE('',#1055,1.65);
#1055 = AXIS2_PLACEMENT_3D('',#1056,#1057,#1058);
#1056 = CARTESIAN_POINT('',(54.045524799665,36.112065146274,24.));
#1057 = DIRECTION('',(0.,0.,1.));
#1058 = DIRECTION('',(1.,0.,0.));
#1059 = FACE_BOUND('',#1060,.T.);
#1060 = EDGE_LOOP('',(#1061));
#1061 = ORIENTED_EDGE('',*,*,#1062,.F.);
#1062 = EDGE_CURVE('',#1063,#1063,#1065,.T.);
#1063 = VERTEX_POINT('',#1064);
#1064 = CARTESIAN_POINT('',(65.40104322621,12.680870931048,24.));
#1065 = CIRCLE('',#1066,1.65);
#1066 = AXIS2_PLACEMENT_3D('',#1067,#1068,#1069);
#1067 = CARTESIAN_POINT('',(63.75104322621,12.680870931048,24.));
#1068 = DIRECTION('',(0.,0.,1.));
#1069 = DIRECTION('',(1.,0.,0.));
#1070 = PLANE('',#1071);
#1071 = AXIS2_PLACEMENT_3D('',#1072,#1073,#1074);
#1072 = CARTESIAN_POINT('',(0.,0.,24.));
#1073 = DIRECTION('',(0.,0.,1.));
#1074 = DIRECTION('',(1.,0.,0.));
#1075 = ADVANCED_FACE('',(#1076),#1103,.T.);
#1076 = FACE_BOUND('',#1077,.T.);
#1077 = EDGE_LOOP('',(#1078,#1079,#1087,#1095,#1101,#1102));
#1078 = ORIENTED_EDGE('',*,*,#363,.T.);
#1079 = ORIENTED_EDGE('',*,*,#1080,.T.);
#1080 = EDGE_CURVE('',#364,#1081,#1083,.T.);
#1081 = VERTEX_POINT('',#1082);
#1082 = CARTESIAN_POINT('',(20.928203230276,20.248711305964,2.));
#1083 = LINE('',#1084,#1085);
#1084 = CARTESIAN_POINT('',(20.928203230276,20.248711305964,-1.));
#1085 = VECTOR('',#1086,1.);
#1086 = DIRECTION('',(0.,0.,1.));
#1087 = ORIENTED_EDGE('',*,*,#1088,.T.);
#1088 = EDGE_CURVE('',#1081,#1089,#1091,.T.);
#1089 = VERTEX_POINT('',#1090);
#1090 = CARTESIAN_POINT('',(28.928203230276,34.105117766515,2.));
#1091 = LINE('',#1092,#1093);
#1092 = CARTESIAN_POINT('',(16.928203230276,13.320508075689,2.));
#1093 = VECTOR('',#1094,1.);
#1094 = DIRECTION('',(0.5,0.866025403784,0.));
#1095 = ORIENTED_EDGE('',*,*,#1096,.F.);
#1096 = EDGE_CURVE('',#1009,#1089,#1097,.T.);
#1097 = LINE('',#1098,#1099);
#1098 = CARTESIAN_POINT('',(28.928203230276,34.105117766515,0.5));
#1099 = VECTOR('',#1100,1.);
#1100 = DIRECTION('',(-0.,0.,-1.));
#1101 = ORIENTED_EDGE('',*,*,#1008,.F.);
#1102 = ORIENTED_EDGE('',*,*,#150,.F.);
#1103 = PLANE('',#1104);
#1104 = AXIS2_PLACEMENT_3D('',#1105,#1106,#1107);
#1105 = CARTESIAN_POINT('',(20.928203230276,20.248711305964,-1.));
#1106 = DIRECTION('',(-0.866025403784,0.5,0.));
#1107 = DIRECTION('',(0.,0.,1.));
#1108 = ADVANCED_FACE('',(#1109),#1372,.F.);
#1109 = FACE_BOUND('',#1110,.F.);
#1110 = EDGE_LOOP('',(#1111,#1197,#1206,#1290,#1315,#1321,#1322,#1331,
    #1340,#1347,#1348,#1349));
#1111 = ORIENTED_EDGE('',*,*,#1112,.F.);
#1112 = EDGE_CURVE('',#1113,#1115,#1117,.T.);
#1113 = VERTEX_POINT('',#1114);
#1114 = CARTESIAN_POINT('',(54.26537180436,34.4767770082,16.081053669485
    ));
#1115 = VERTEX_POINT('',#1116);
#1116 = CARTESIAN_POINT('',(55.695524799665,36.112065146274,
    15.417384147161));
#1117 = B_SPLINE_CURVE_WITH_KNOTS('',8,(#1118,#1119,#1120,#1121,#1122,
    #1123,#1124,#1125,#1126,#1127,#1128,#1129,#1130,#1131,#1132,#1133,
    #1134,#1135,#1136,#1137,#1138,#1139,#1140,#1141,#1142,#1143,#1144,
    #1145,#1146,#1147,#1148,#1149,#1150,#1151,#1152,#1153,#1154,#1155,
    #1156,#1157,#1158,#1159,#1160,#1161,#1162,#1163,#1164,#1165,#1166,
    #1167,#1168,#1169,#1170,#1171,#1172,#1173,#1174,#1175,#1176,#1177,
    #1178,#1179,#1180,#1181,#1182,#1183,#1184,#1185,#1186,#1187,#1188,
    #1189,#1190,#1191,#1192,#1193,#1194,#1195,#1196),.UNSPECIFIED.,.F.,
  .F.,(9,7,7,7,7,7,7,7,7,7,7,9),(0.,9.736200617089E-02,0.389034798167,
    0.481298041258,0.551319257814,0.630254786627,0.722399582174,
    0.785926381726,0.815040852779,0.894389601199,0.944229728151,1.),
  .UNSPECIFIED.);
#1118 = CARTESIAN_POINT('',(52.508522454325,35.51196199646,12.5));
#1119 = CARTESIAN_POINT('',(52.508522454325,35.51196199646,
    12.58545206439));
#1120 = CARTESIAN_POINT('',(52.509204746565,35.510214541387,
    12.670900520616));
#1121 = CARTESIAN_POINT('',(52.510569179003,35.506719845993,
    12.756314541911));
#1122 = CARTESIAN_POINT('',(52.512626354532,35.501483744585,
    12.841662344068));
#1123 = CARTESIAN_POINT('',(52.515397437712,35.494517758766,
    12.926911178022));
#1124 = CARTESIAN_POINT('',(52.518913961509,35.485839165171,
    13.012027322441));
#1125 = CARTESIAN_POINT('',(52.523217634031,35.475471063212,
    13.096976076313));
#1126 = CARTESIAN_POINT('',(52.543765852981,35.427407633834,
    13.435599097261));
#1127 = CARTESIAN_POINT('',(52.566713156837,35.3764393612,
    13.687874058854));
#1128 = CARTESIAN_POINT('',(52.598624468328,35.311241077399,
    13.937776553478));
#1129 = CARTESIAN_POINT('',(52.641764541938,35.232947857869,
    14.184373580405));
#1130 = CARTESIAN_POINT('',(52.699178149659,35.143177922853,
    14.426372991765));
#1131 = CARTESIAN_POINT('',(52.774643417575,35.044365056005,
    14.662001771199));
#1132 = CARTESIAN_POINT('',(52.872700512738,34.940099403955,
    14.888857610675));
#1133 = CARTESIAN_POINT('',(53.038384888985,34.804080867469,
    15.171679886026));
#1134 = CARTESIAN_POINT('',(53.08098014856,34.771490262149,
    15.238438723639));
#1135 = CARTESIAN_POINT('',(53.126416420644,34.739283024907,
    15.303713559035));
#1136 = CARTESIAN_POINT('',(53.174736855079,34.707759751744,
    15.367261994851));
#1137 = CARTESIAN_POINT('',(53.225964221811,34.677232325651,
    15.428873151095));
#1138 = CARTESIAN_POINT('',(53.280098562915,34.64802211722,15.4883634476
    ));
#1139 = CARTESIAN_POINT('',(53.337114844626,34.620458185277,
    15.545572386484));
#1140 = CARTESIAN_POINT('',(53.442379273531,34.575460028154,
    15.641936959075));
#1141 = CARTESIAN_POINT('',(53.489384157267,34.557204250364,
    15.68208040586));
#1142 = CARTESIAN_POINT('',(53.537893970146,34.540273804385,
    15.720682445131));
#1143 = CARTESIAN_POINT('',(53.587809276718,34.524826595038,
    15.75765527049));
#1144 = CARTESIAN_POINT('',(53.639013648636,34.511009806123,
    15.792928191847));
#1145 = CARTESIAN_POINT('',(53.691374816778,34.498956934845,
    15.826446328288));
#1146 = CARTESIAN_POINT('',(53.744745823373,34.488784826232,
    15.858169300953));
#1147 = CARTESIAN_POINT('',(53.860089248961,34.471353406037,
    15.921777161502));
#1148 = CARTESIAN_POINT('',(53.922234246344,34.464638631259,
    15.953136519268));
#1149 = CARTESIAN_POINT('',(53.985203054618,34.460572103398,
    15.982136168985));
#1150 = CARTESIAN_POINT('',(54.04878113095,34.459255723466,
    16.008776836125));
#1151 = CARTESIAN_POINT('',(54.112739799025,34.460764205458,
    16.033069928962));
#1152 = CARTESIAN_POINT('',(54.176838546749,34.465141708507,
    16.055035665681));
#1153 = CARTESIAN_POINT('',(54.240827323943,34.472398469028,
    16.07470120148));
#1154 = CARTESIAN_POINT('',(54.378716938078,34.494308055736,
    16.112407659652));
#1155 = CARTESIAN_POINT('',(54.452509130125,34.50999895671,
    16.129632932074));
#1156 = CARTESIAN_POINT('',(54.525559452434,34.529564215952,
    16.143862976486));
#1157 = CARTESIAN_POINT('',(54.597601346782,34.552961548863,
    16.155169795726));
#1158 = CARTESIAN_POINT('',(54.66837109129,34.580122664503,
    16.163608822415));
#1159 = CARTESIAN_POINT('',(54.737611231261,34.610953624005,
    16.169218749454));
#1160 = CARTESIAN_POINT('',(54.805074010004,34.645335199,16.17202136051)
  );
#1161 = CARTESIAN_POINT('',(54.915648120745,34.709175191602,
    16.17202136051));
#1162 = CARTESIAN_POINT('',(54.959836825696,34.736858876588,
    16.170689283461));
#1163 = CARTESIAN_POINT('',(55.003015801877,34.766131757074,
    16.168024663815));
#1164 = CARTESIAN_POINT('',(55.045113250698,34.796947118781,
    16.164022591145));
#1165 = CARTESIAN_POINT('',(55.086060725728,34.829254165893,
    16.158673750418));
#1166 = CARTESIAN_POINT('',(55.125793170789,34.862998125889,
    16.151964462271));
#1167 = CARTESIAN_POINT('',(55.164248958057,34.898120354374,
    16.143876723274));
#1168 = CARTESIAN_POINT('',(55.218382546966,34.951258094126,
    16.130039656438));
#1169 = CARTESIAN_POINT('',(55.235113485264,34.968232785033,
    16.125397242579));
#1170 = CARTESIAN_POINT('',(55.251556598623,34.985475896973,
    16.120459028499));
#1171 = CARTESIAN_POINT('',(55.26770587439,35.002980424309,
    16.115223014373));
#1172 = CARTESIAN_POINT('',(55.283555429701,35.02073897142,
    16.109687176691));
#1173 = CARTESIAN_POINT('',(55.29909951148,35.038743752699,
    16.10384946825));
#1174 = CARTESIAN_POINT('',(55.314332496438,35.056986592553,
    16.097707818162));
#1175 = CARTESIAN_POINT('',(55.369902119596,35.125803528592,
    16.073687570145));
#1176 = CARTESIAN_POINT('',(55.408244127762,35.177902579313,
    16.053824448355));
#1177 = CARTESIAN_POINT('',(55.444120850798,35.231542903111,
    16.031638290756));
#1178 = CARTESIAN_POINT('',(55.477415030603,35.286498749758,
    16.0071019277));
#1179 = CARTESIAN_POINT('',(55.508044382181,35.342535582123,
    15.980195426759));
#1180 = CARTESIAN_POINT('',(55.535959760091,35.399413865038,
    15.950908023867));
#1181 = CARTESIAN_POINT('',(55.561143324882,35.456892854167,
    15.919240054468));
#1182 = CARTESIAN_POINT('',(55.597716294952,35.551065509068,
    15.863826889194));
#1183 = CARTESIAN_POINT('',(55.610745474582,35.587520970059,
    15.841526034812));
#1184 = CARTESIAN_POINT('',(55.622695487504,35.624032191302,
    15.818312857797));
#1185 = CARTESIAN_POINT('',(55.633573808512,35.660531131442,
    15.794201348292));
#1186 = CARTESIAN_POINT('',(55.643393783396,35.696950769889,
    15.769209199149));
#1187 = CARTESIAN_POINT('',(55.652174264211,35.733225592389,
    15.74335805479));
#1188 = CARTESIAN_POINT('',(55.659939244541,35.769292076595,
    15.716673760053));
#1189 = CARTESIAN_POINT('',(55.674302243881,35.845145537417,
    15.658428944949));
#1190 = CARTESIAN_POINT('',(55.680649320776,35.884853098823,
    15.626674849664));
#1191 = CARTESIAN_POINT('',(55.685802984169,35.924141664776,
    15.593956084898));
#1192 = CARTESIAN_POINT('',(55.689812236246,35.962943858539,
    15.560309646756));
#1193 = CARTESIAN_POINT('',(55.692730351291,36.00119557117,
    15.525778013254));
#1194 = CARTESIAN_POINT('',(55.694614404314,36.038836408975,
    15.490409391834));
#1195 = CARTESIAN_POINT('',(55.695524799665,36.075810140958,
    15.454257966865));
#1196 = CARTESIAN_POINT('',(55.695524799665,36.112065146274,
    15.417384147161));
#1197 = ORIENTED_EDGE('',*,*,#1198,.T.);
#1198 = EDGE_CURVE('',#1113,#1199,#1201,.T.);
#1199 = VERTEX_POINT('',#1200);
#1200 = CARTESIAN_POINT('',(54.26537180436,34.4767770082,8.918946330515)
  );
#1201 = ELLIPSE('',#1202,5.196152422707,4.5);
#1202 = AXIS2_PLACEMENT_3D('',#1203,#1204,#1205);
#1203 = CARTESIAN_POINT('',(54.26537180436,31.330127018922,12.5));
#1204 = DIRECTION('',(1.,0.,0.));
#1205 = DIRECTION('',(0.,1.,0.));
#1206 = ORIENTED_EDGE('',*,*,#1207,.T.);
#1207 = EDGE_CURVE('',#1199,#1208,#1210,.T.);
#1208 = VERTEX_POINT('',#1209);
#1209 = CARTESIAN_POINT('',(55.695524799665,36.112065146274,
    9.582615852839));
#1210 = B_SPLINE_CURVE_WITH_KNOTS('',8,(#1211,#1212,#1213,#1214,#1215,
    #1216,#1217,#1218,#1219,#1220,#1221,#1222,#1223,#1224,#1225,#1226,
    #1227,#1228,#1229,#1230,#1231,#1232,#1233,#1234,#1235,#1236,#1237,
    #1238,#1239,#1240,#1241,#1242,#1243,#1244,#1245,#1246,#1247,#1248,
    #1249,#1250,#1251,#1252,#1253,#1254,#1255,#1256,#1257,#1258,#1259,
    #1260,#1261,#1262,#1263,#1264,#1265,#1266,#1267,#1268,#1269,#1270,
    #1271,#1272,#1273,#1274,#1275,#1276,#1277,#1278,#1279,#1280,#1281,
    #1282,#1283,#1284,#1285,#1286,#1287,#1288,#1289),.UNSPECIFIED.,.F.,
  .F.,(9,7,7,7,7,7,7,7,7,7,7,9),(0.,9.736200616537E-02,0.389034798145,
    0.48129804123,0.551319257781,0.63025478659,0.72239958214,
    0.785926381699,0.815040852756,0.894389601187,0.944229728144,1.),
  .UNSPECIFIED.);
#1211 = CARTESIAN_POINT('',(52.508522454325,35.51196199646,12.5));
#1212 = CARTESIAN_POINT('',(52.508522454325,35.51196199646,
    12.41454793561));
#1213 = CARTESIAN_POINT('',(52.509204746565,35.510214541387,
    12.329099479384));
#1214 = CARTESIAN_POINT('',(52.510569179003,35.506719845993,
    12.243685458089));
#1215 = CARTESIAN_POINT('',(52.512626354532,35.501483744585,
    12.158337655932));
#1216 = CARTESIAN_POINT('',(52.515397437712,35.494517758766,
    12.073088821979));
#1217 = CARTESIAN_POINT('',(52.518913961509,35.485839165171,
    11.98797267756));
#1218 = CARTESIAN_POINT('',(52.523217634031,35.475471063212,
    11.903023923687));
#1219 = CARTESIAN_POINT('',(52.543765852981,35.427407633834,
    11.56440090274));
#1220 = CARTESIAN_POINT('',(52.566713156838,35.376439361199,
    11.312125941141));
#1221 = CARTESIAN_POINT('',(52.598624468326,35.311241077402,
    11.062223446533));
#1222 = CARTESIAN_POINT('',(52.641764541942,35.232947857865,
    10.815626419581));
#1223 = CARTESIAN_POINT('',(52.699178149656,35.143177922856,
    10.573627008245));
#1224 = CARTESIAN_POINT('',(52.774643417576,35.044365056004,
    10.337998228798));
#1225 = CARTESIAN_POINT('',(52.872700512738,34.940099403955,
    10.111142389325));
#1226 = CARTESIAN_POINT('',(53.038384888985,34.804080867469,
    9.828320113974));
#1227 = CARTESIAN_POINT('',(53.08098014856,34.771490262149,
    9.761561276361));
#1228 = CARTESIAN_POINT('',(53.126416420644,34.739283024907,
    9.696286440965));
#1229 = CARTESIAN_POINT('',(53.17473685508,34.707759751744,
    9.632738005149));
#1230 = CARTESIAN_POINT('',(53.225964221811,34.677232325651,
    9.571126848905));
#1231 = CARTESIAN_POINT('',(53.280098562915,34.64802211722,9.5116365524)
  );
#1232 = CARTESIAN_POINT('',(53.337114844626,34.620458185277,
    9.454427613516));
#1233 = CARTESIAN_POINT('',(53.442379273531,34.575460028154,
    9.358063040925));
#1234 = CARTESIAN_POINT('',(53.489384157267,34.557204250364,
    9.31791959414));
#1235 = CARTESIAN_POINT('',(53.537893970146,34.540273804385,
    9.279317554869));
#1236 = CARTESIAN_POINT('',(53.587809276718,34.524826595038,
    9.24234472951));
#1237 = CARTESIAN_POINT('',(53.639013648636,34.511009806123,
    9.207071808153));
#1238 = CARTESIAN_POINT('',(53.691374816778,34.498956934845,
    9.173553671712));
#1239 = CARTESIAN_POINT('',(53.744745823373,34.488784826232,
    9.141830699047));
#1240 = CARTESIAN_POINT('',(53.860089248961,34.471353406037,
    9.078222838498));
#1241 = CARTESIAN_POINT('',(53.922234246344,34.464638631259,
    9.046863480732));
#1242 = CARTESIAN_POINT('',(53.985203054618,34.460572103398,
    9.017863831015));
#1243 = CARTESIAN_POINT('',(54.04878113095,34.459255723466,
    8.991223163875));
#1244 = CARTESIAN_POINT('',(54.112739799025,34.460764205458,
    8.966930071038));
#1245 = CARTESIAN_POINT('',(54.176838546749,34.465141708507,
    8.944964334319));
#1246 = CARTESIAN_POINT('',(54.240827323943,34.472398469028,
    8.92529879852));
#1247 = CARTESIAN_POINT('',(54.378716938084,34.494308055737,
    8.887592340346));
#1248 = CARTESIAN_POINT('',(54.452509130127,34.509998956711,
    8.870367067926));
#1249 = CARTESIAN_POINT('',(54.525559452431,34.529564215952,
    8.856137023515));
#1250 = CARTESIAN_POINT('',(54.597601346776,34.552961548861,
    8.844830204275));
#1251 = CARTESIAN_POINT('',(54.668371091287,34.580122664501,
    8.836391177585));
#1252 = CARTESIAN_POINT('',(54.737611231263,34.610953624006,
    8.830781250546));
#1253 = CARTESIAN_POINT('',(54.80507401001,34.645335199003,8.82797863949
    ));
#1254 = CARTESIAN_POINT('',(54.915648120745,34.709175191602,
    8.82797863949));
#1255 = CARTESIAN_POINT('',(54.959836825696,34.736858876588,
    8.829310716539));
#1256 = CARTESIAN_POINT('',(55.003015801876,34.766131757074,
    8.831975336185));
#1257 = CARTESIAN_POINT('',(55.045113250698,34.796947118781,
    8.835977408855));
#1258 = CARTESIAN_POINT('',(55.086060725728,34.829254165893,
    8.841326249582));
#1259 = CARTESIAN_POINT('',(55.125793170789,34.862998125889,
    8.848035537729));
#1260 = CARTESIAN_POINT('',(55.164248958057,34.898120354374,
    8.856123276726));
#1261 = CARTESIAN_POINT('',(55.218382546966,34.951258094126,
    8.869960343562));
#1262 = CARTESIAN_POINT('',(55.235113485264,34.968232785033,
    8.874602757421));
#1263 = CARTESIAN_POINT('',(55.251556598623,34.985475896973,
    8.879540971501));
#1264 = CARTESIAN_POINT('',(55.26770587439,35.002980424309,
    8.884776985627));
#1265 = CARTESIAN_POINT('',(55.283555429701,35.02073897142,
    8.890312823309));
#1266 = CARTESIAN_POINT('',(55.29909951148,35.038743752699,8.89615053175
    ));
#1267 = CARTESIAN_POINT('',(55.314332496438,35.056986592553,
    8.902292181838));
#1268 = CARTESIAN_POINT('',(55.369902119596,35.125803528592,
    8.926312429855));
#1269 = CARTESIAN_POINT('',(55.408244127762,35.177902579313,
    8.946175551645));
#1270 = CARTESIAN_POINT('',(55.444120850798,35.231542903111,
    8.968361709244));
#1271 = CARTESIAN_POINT('',(55.477415030603,35.286498749758,8.9928980723
    ));
#1272 = CARTESIAN_POINT('',(55.508044382181,35.342535582123,
    9.019804573241));
#1273 = CARTESIAN_POINT('',(55.535959760091,35.399413865038,
    9.049091976133));
#1274 = CARTESIAN_POINT('',(55.561143324882,35.456892854167,
    9.080759945532));
#1275 = CARTESIAN_POINT('',(55.597716294952,35.551065509068,
    9.136173110806));
#1276 = CARTESIAN_POINT('',(55.610745474582,35.587520970059,
    9.158473965188));
#1277 = CARTESIAN_POINT('',(55.622695487504,35.624032191302,
    9.181687142203));
#1278 = CARTESIAN_POINT('',(55.633573808512,35.660531131442,
    9.205798651708));
#1279 = CARTESIAN_POINT('',(55.643393783396,35.696950769889,
    9.230790800851));
#1280 = CARTESIAN_POINT('',(55.652174264211,35.733225592389,
    9.25664194521));
#1281 = CARTESIAN_POINT('',(55.659939244541,35.769292076595,
    9.283326239947));
#1282 = CARTESIAN_POINT('',(55.674302243881,35.845145537417,
    9.341571055051));
#1283 = CARTESIAN_POINT('',(55.680649320776,35.884853098823,
    9.373325150336));
#1284 = CARTESIAN_POINT('',(55.685802984169,35.924141664776,
    9.406043915102));
#1285 = CARTESIAN_POINT('',(55.689812236246,35.962943858539,
    9.439690353244));
#1286 = CARTESIAN_POINT('',(55.692730351291,36.00119557117,
    9.474221986746));
#1287 = CARTESIAN_POINT('',(55.694614404314,36.038836408975,
    9.509590608166));
#1288 = CARTESIAN_POINT('',(55.695524799665,36.075810140958,
    9.545742033135));
#1289 = CARTESIAN_POINT('',(55.695524799665,36.112065146274,
    9.582615852839));
#1290 = ORIENTED_EDGE('',*,*,#1291,.T.);
#1291 = EDGE_CURVE('',#1208,#1292,#1294,.T.);
#1292 = VERTEX_POINT('',#1293);
#1293 = CARTESIAN_POINT('',(55.333730544966,37.143096648109,12.5));
#1294 = B_SPLINE_CURVE_WITH_KNOTS('',7,(#1295,#1296,#1297,#1298,#1299,
    #1300,#1301,#1302,#1303,#1304,#1305,#1306,#1307,#1308,#1309,#1310,
    #1311,#1312,#1313,#1314),.UNSPECIFIED.,.F.,.F.,(8,6,6,8),(0.,
    0.197916881042,0.782071945432,1.),.UNSPECIFIED.);
#1295 = CARTESIAN_POINT('',(55.695524799665,36.112065146274,
    9.582615852839));
#1296 = CARTESIAN_POINT('',(55.695524799665,36.177389753819,
    9.649055445934));
#1297 = CARTESIAN_POINT('',(55.69250784142,36.240281811275,
    9.717837661714));
#1298 = CARTESIAN_POINT('',(55.686877101769,36.300609265979,
    9.788766848388));
#1299 = CARTESIAN_POINT('',(55.679018092368,36.358271334369,
    9.861627910128));
#1300 = CARTESIAN_POINT('',(55.66929786617,36.413197289489,
    9.936185729688));
#1301 = CARTESIAN_POINT('',(55.658064223911,36.465345248486,
    10.012184591029));
#1302 = CARTESIAN_POINT('',(55.608989134147,36.660375188367,
    10.317095550339));
#1303 = CARTESIAN_POINT('',(55.561978769141,36.781820886254,
    10.555137338792));
#1304 = CARTESIAN_POINT('',(55.512329745181,36.881198711835,
    10.800438395737));
#1305 = CARTESIAN_POINT('',(55.464839281896,36.961038342025,
    11.050899272929));
#1306 = CARTESIAN_POINT('',(55.423061942939,37.023470105096,
    11.305101120633));
#1307 = CARTESIAN_POINT('',(55.389479209544,37.070120387639,
    11.561993868352));
#1308 = CARTESIAN_POINT('',(55.356701701813,37.113831332409,
    11.917208254326));
#1309 = CARTESIAN_POINT('',(55.349145930527,37.123647702717,
    12.013988623616));
#1310 = CARTESIAN_POINT('',(55.343020475025,37.131451836875,
    12.110980278903));
#1311 = CARTESIAN_POINT('',(55.338385795075,37.137280259396,
    12.208128777242));
#1312 = CARTESIAN_POINT('',(55.335282358821,37.141157717282,
    12.305381625477));
#1313 = CARTESIAN_POINT('',(55.333730544966,37.143096648109,
    12.402688255581));
#1314 = CARTESIAN_POINT('',(55.333730544966,37.143096648109,12.5));
#1315 = ORIENTED_EDGE('',*,*,#1316,.T.);
#1316 = EDGE_CURVE('',#1292,#159,#1317,.T.);
#1317 = LINE('',#1318,#1319);
#1318 = CARTESIAN_POINT('',(37.587168574084,26.89711431703,12.5));
#1319 = VECTOR('',#1320,1.);
#1320 = DIRECTION('',(0.866025403784,0.5,0.));
#1321 = ORIENTED_EDGE('',*,*,#216,.F.);
#1322 = ORIENTED_EDGE('',*,*,#1323,.T.);
#1323 = EDGE_CURVE('',#217,#1324,#1326,.T.);
#1324 = VERTEX_POINT('',#1325);
#1325 = CARTESIAN_POINT('',(55.,34.,8.441982617472));
#1326 = ELLIPSE('',#1327,9.,4.5);
#1327 = AXIS2_PLACEMENT_3D('',#1328,#1329,#1330);
#1328 = CARTESIAN_POINT('',(58.889727457342,34.,12.5));
#1329 = DIRECTION('',(-0.,1.,0.));
#1330 = DIRECTION('',(1.,0.,0.));
#1331 = ORIENTED_EDGE('',*,*,#1332,.F.);
#1332 = EDGE_CURVE('',#1333,#1324,#1335,.T.);
#1333 = VERTEX_POINT('',#1334);
#1334 = CARTESIAN_POINT('',(55.,34.,16.558017382528));
#1335 = ELLIPSE('',#1336,5.196152422707,4.5);
#1336 = AXIS2_PLACEMENT_3D('',#1337,#1338,#1339);
#1337 = CARTESIAN_POINT('',(55.,31.754264805429,12.5));
#1338 = DIRECTION('',(1.,0.,0.));
#1339 = DIRECTION('',(0.,1.,0.));
#1340 = ORIENTED_EDGE('',*,*,#1341,.T.);
#1341 = EDGE_CURVE('',#1333,#161,#1342,.T.);
#1342 = ELLIPSE('',#1343,9.,4.5);
#1343 = AXIS2_PLACEMENT_3D('',#1344,#1345,#1346);
#1344 = CARTESIAN_POINT('',(58.889727457342,34.,12.5));
#1345 = DIRECTION('',(-0.,1.,0.));
#1346 = DIRECTION('',(1.,0.,0.));
#1347 = ORIENTED_EDGE('',*,*,#158,.F.);
#1348 = ORIENTED_EDGE('',*,*,#1316,.F.);
#1349 = ORIENTED_EDGE('',*,*,#1350,.F.);
#1350 = EDGE_CURVE('',#1115,#1292,#1351,.T.);
#1351 = B_SPLINE_CURVE_WITH_KNOTS('',7,(#1352,#1353,#1354,#1355,#1356,
    #1357,#1358,#1359,#1360,#1361,#1362,#1363,#1364,#1365,#1366,#1367,
    #1368,#1369,#1370,#1371),.UNSPECIFIED.,.F.,.F.,(8,6,6,8),(0.,
    0.197916881043,0.782071945431,1.),.UNSPECIFIED.);
#1352 = CARTESIAN_POINT('',(55.695524799665,36.112065146274,
    15.417384147161));
#1353 = CARTESIAN_POINT('',(55.695524799665,36.177389753819,
    15.350944554066));
#1354 = CARTESIAN_POINT('',(55.69250784142,36.240281811275,
    15.282162338286));
#1355 = CARTESIAN_POINT('',(55.686877101769,36.300609265979,
    15.211233151612));
#1356 = CARTESIAN_POINT('',(55.679018092368,36.358271334369,
    15.138372089872));
#1357 = CARTESIAN_POINT('',(55.66929786617,36.413197289489,
    15.063814270312));
#1358 = CARTESIAN_POINT('',(55.658064223911,36.465345248486,
    14.987815408971));
#1359 = CARTESIAN_POINT('',(55.608989134148,36.660375188367,
    14.682904449661));
#1360 = CARTESIAN_POINT('',(55.56197876914,36.781820886255,
    14.444862661207));
#1361 = CARTESIAN_POINT('',(55.512329745181,36.881198711834,
    14.199561604263));
#1362 = CARTESIAN_POINT('',(55.464839281896,36.961038342025,
    13.949100727071));
#1363 = CARTESIAN_POINT('',(55.423061942939,37.023470105096,
    13.694898879367));
#1364 = CARTESIAN_POINT('',(55.389479209544,37.070120387639,
    13.438006131647));
#1365 = CARTESIAN_POINT('',(55.356701701813,37.113831332409,
    13.082791745674));
#1366 = CARTESIAN_POINT('',(55.349145930527,37.123647702717,
    12.986011376384));
#1367 = CARTESIAN_POINT('',(55.343020475025,37.131451836875,
    12.889019721097));
#1368 = CARTESIAN_POINT('',(55.338385795075,37.137280259396,
    12.791871222758));
#1369 = CARTESIAN_POINT('',(55.335282358821,37.141157717282,
    12.694618374522));
#1370 = CARTESIAN_POINT('',(55.333730544966,37.143096648109,
    12.597311744419));
#1371 = CARTESIAN_POINT('',(55.333730544966,37.143096648109,12.5));
#1372 = CYLINDRICAL_SURFACE('',#1373,4.5);
#1373 = AXIS2_PLACEMENT_3D('',#1374,#1375,#1376);
#1374 = CARTESIAN_POINT('',(39.837168574084,23.,12.5));
#1375 = DIRECTION('',(0.866025403784,0.5,0.));
#1376 = DIRECTION('',(-0.5,0.866025403784,0.));
#1377 = ADVANCED_FACE('',(#1378),#1396,.F.);
#1378 = FACE_BOUND('',#1379,.F.);
#1379 = EDGE_LOOP('',(#1380,#1381,#1389,#1395));
#1380 = ORIENTED_EDGE('',*,*,#1341,.F.);
#1381 = ORIENTED_EDGE('',*,*,#1382,.T.);
#1382 = EDGE_CURVE('',#1333,#1383,#1385,.T.);
#1383 = VERTEX_POINT('',#1384);
#1384 = CARTESIAN_POINT('',(55.,34.,19.));
#1385 = LINE('',#1386,#1387);
#1386 = CARTESIAN_POINT('',(55.,34.,5.));
#1387 = VECTOR('',#1388,1.);
#1388 = DIRECTION('',(0.,0.,1.));
#1389 = ORIENTED_EDGE('',*,*,#1390,.T.);
#1390 = EDGE_CURVE('',#1383,#298,#1391,.T.);
#1391 = LINE('',#1392,#1393);
#1392 = CARTESIAN_POINT('',(55.,34.,19.));
#1393 = VECTOR('',#1394,1.);
#1394 = DIRECTION('',(1.,0.,0.));
#1395 = ORIENTED_EDGE('',*,*,#306,.F.);
#1396 = PLANE('',#1397);
#1397 = AXIS2_PLACEMENT_3D('',#1398,#1399,#1400);
#1398 = CARTESIAN_POINT('',(55.,34.,5.));
#1399 = DIRECTION('',(0.,1.,0.));
#1400 = DIRECTION('',(0.,0.,1.));
#1401 = ADVANCED_FACE('',(#1402),#1420,.F.);
#1402 = FACE_BOUND('',#1403,.F.);
#1403 = EDGE_LOOP('',(#1404,#1405,#1413,#1419));
#1404 = ORIENTED_EDGE('',*,*,#1390,.F.);
#1405 = ORIENTED_EDGE('',*,*,#1406,.F.);
#1406 = EDGE_CURVE('',#1407,#1383,#1409,.T.);
#1407 = VERTEX_POINT('',#1408);
#1408 = CARTESIAN_POINT('',(55.,20.,19.));
#1409 = LINE('',#1410,#1411);
#1410 = CARTESIAN_POINT('',(55.,20.,19.));
#1411 = VECTOR('',#1412,1.);
#1412 = DIRECTION('',(0.,1.,0.));
#1413 = ORIENTED_EDGE('',*,*,#1414,.T.);
#1414 = EDGE_CURVE('',#1407,#290,#1415,.T.);
#1415 = LINE('',#1416,#1417);
#1416 = CARTESIAN_POINT('',(55.,20.,19.));
#1417 = VECTOR('',#1418,1.);
#1418 = DIRECTION('',(1.,0.,0.));
#1419 = ORIENTED_EDGE('',*,*,#297,.T.);
#1420 = PLANE('',#1421);
#1421 = AXIS2_PLACEMENT_3D('',#1422,#1423,#1424);
#1422 = CARTESIAN_POINT('',(55.,20.,19.));
#1423 = DIRECTION('',(0.,0.,1.));
#1424 = DIRECTION('',(1.,0.,0.));
#1425 = ADVANCED_FACE('',(#1426),#1444,.T.);
#1426 = FACE_BOUND('',#1427,.T.);
#1427 = EDGE_LOOP('',(#1428,#1436,#1442,#1443));
#1428 = ORIENTED_EDGE('',*,*,#1429,.F.);
#1429 = EDGE_CURVE('',#1430,#281,#1432,.T.);
#1430 = VERTEX_POINT('',#1431);
#1431 = CARTESIAN_POINT('',(55.,20.,5.));
#1432 = LINE('',#1433,#1434);
#1433 = CARTESIAN_POINT('',(55.,20.,5.));
#1434 = VECTOR('',#1435,1.);
#1435 = DIRECTION('',(1.,0.,0.));
#1436 = ORIENTED_EDGE('',*,*,#1437,.T.);
#1437 = EDGE_CURVE('',#1430,#1407,#1438,.T.);
#1438 = LINE('',#1439,#1440);
#1439 = CARTESIAN_POINT('',(55.,20.,5.));
#1440 = VECTOR('',#1441,1.);
#1441 = DIRECTION('',(0.,0.,1.));
#1442 = ORIENTED_EDGE('',*,*,#1414,.T.);
#1443 = ORIENTED_EDGE('',*,*,#289,.F.);
#1444 = PLANE('',#1445);
#1445 = AXIS2_PLACEMENT_3D('',#1446,#1447,#1448);
#1446 = CARTESIAN_POINT('',(55.,20.,5.));
#1447 = DIRECTION('',(0.,1.,0.));
#1448 = DIRECTION('',(0.,0.,1.));
#1449 = ADVANCED_FACE('',(#1450),#1468,.T.);
#1450 = FACE_BOUND('',#1451,.T.);
#1451 = EDGE_LOOP('',(#1452,#1460,#1466,#1467));
#1452 = ORIENTED_EDGE('',*,*,#1453,.F.);
#1453 = EDGE_CURVE('',#1454,#273,#1456,.T.);
#1454 = VERTEX_POINT('',#1455);
#1455 = CARTESIAN_POINT('',(55.,34.,5.));
#1456 = LINE('',#1457,#1458);
#1457 = CARTESIAN_POINT('',(55.,34.,5.));
#1458 = VECTOR('',#1459,1.);
#1459 = DIRECTION('',(1.,0.,0.));
#1460 = ORIENTED_EDGE('',*,*,#1461,.F.);
#1461 = EDGE_CURVE('',#1430,#1454,#1462,.T.);
#1462 = LINE('',#1463,#1464);
#1463 = CARTESIAN_POINT('',(55.,20.,5.));
#1464 = VECTOR('',#1465,1.);
#1465 = DIRECTION('',(0.,1.,0.));
#1466 = ORIENTED_EDGE('',*,*,#1429,.T.);
#1467 = ORIENTED_EDGE('',*,*,#280,.T.);
#1468 = PLANE('',#1469);
#1469 = AXIS2_PLACEMENT_3D('',#1470,#1471,#1472);
#1470 = CARTESIAN_POINT('',(55.,20.,5.));
#1471 = DIRECTION('',(0.,0.,1.));
#1472 = DIRECTION('',(1.,0.,0.));
#1473 = ADVANCED_FACE('',(#1474),#1485,.F.);
#1474 = FACE_BOUND('',#1475,.F.);
#1475 = EDGE_LOOP('',(#1476,#1477,#1483,#1484));
#1476 = ORIENTED_EDGE('',*,*,#1453,.F.);
#1477 = ORIENTED_EDGE('',*,*,#1478,.T.);
#1478 = EDGE_CURVE('',#1454,#1324,#1479,.T.);
#1479 = LINE('',#1480,#1481);
#1480 = CARTESIAN_POINT('',(55.,34.,5.));
#1481 = VECTOR('',#1482,1.);
#1482 = DIRECTION('',(0.,0.,1.));
#1483 = ORIENTED_EDGE('',*,*,#1323,.F.);
#1484 = ORIENTED_EDGE('',*,*,#272,.F.);
#1485 = PLANE('',#1486);
#1486 = AXIS2_PLACEMENT_3D('',#1487,#1488,#1489);
#1487 = CARTESIAN_POINT('',(55.,34.,5.));
#1488 = DIRECTION('',(0.,1.,0.));
#1489 = DIRECTION('',(0.,0.,1.));
#1490 = ADVANCED_FACE('',(#1491),#1532,.F.);
#1491 = FACE_BOUND('',#1492,.F.);
#1492 = EDGE_LOOP('',(#1493,#1494,#1502,#1510,#1518,#1526));
#1493 = ORIENTED_EDGE('',*,*,#320,.T.);
#1494 = ORIENTED_EDGE('',*,*,#1495,.T.);
#1495 = EDGE_CURVE('',#323,#1496,#1498,.T.);
#1496 = VERTEX_POINT('',#1497);
#1497 = CARTESIAN_POINT('',(7.071796769724,28.248711305964,2.));
#1498 = LINE('',#1499,#1500);
#1499 = CARTESIAN_POINT('',(7.071796769724,28.248711305964,-1.));
#1500 = VECTOR('',#1501,1.);
#1501 = DIRECTION('',(0.,0.,1.));
#1502 = ORIENTED_EDGE('',*,*,#1503,.T.);
#1503 = EDGE_CURVE('',#1496,#1504,#1506,.T.);
#1504 = VERTEX_POINT('',#1505);
#1505 = CARTESIAN_POINT('',(15.071796769724,42.105117766515,2.));
#1506 = LINE('',#1507,#1508);
#1507 = CARTESIAN_POINT('',(3.071796769724,21.320508075689,2.));
#1508 = VECTOR('',#1509,1.);
#1509 = DIRECTION('',(0.5,0.866025403784,0.));
#1510 = ORIENTED_EDGE('',*,*,#1511,.F.);
#1511 = EDGE_CURVE('',#1512,#1504,#1514,.T.);
#1512 = VERTEX_POINT('',#1513);
#1513 = CARTESIAN_POINT('',(15.071796769724,42.105117766515,24.));
#1514 = LINE('',#1515,#1516);
#1515 = CARTESIAN_POINT('',(15.071796769724,42.105117766515,0.5));
#1516 = VECTOR('',#1517,1.);
#1517 = DIRECTION('',(-0.,0.,-1.));
#1518 = ORIENTED_EDGE('',*,*,#1519,.F.);
#1519 = EDGE_CURVE('',#1520,#1512,#1522,.T.);
#1520 = VERTEX_POINT('',#1521);
#1521 = CARTESIAN_POINT('',(27.842474071152,64.224579699654,24.));
#1522 = LINE('',#1523,#1524);
#1523 = CARTESIAN_POINT('',(7.179676972449E-02,16.124355652982,24.));
#1524 = VECTOR('',#1525,1.);
#1525 = DIRECTION('',(-0.5,-0.866025403784,0.));
#1526 = ORIENTED_EDGE('',*,*,#1527,.F.);
#1527 = EDGE_CURVE('',#321,#1520,#1528,.T.);
#1528 = LINE('',#1529,#1530);
#1529 = CARTESIAN_POINT('',(27.842474071152,64.224579699654,0.));
#1530 = VECTOR('',#1531,1.);
#1531 = DIRECTION('',(0.,0.,1.));
#1532 = PLANE('',#1533);
#1533 = AXIS2_PLACEMENT_3D('',#1534,#1535,#1536);
#1534 = CARTESIAN_POINT('',(7.071796769724,28.248711305964,-1.));
#1535 = DIRECTION('',(-0.866025403784,0.5,0.));
#1536 = DIRECTION('',(0.,0.,1.));
#1537 = ADVANCED_FACE('',(#1538,#1625),#1683,.T.);
#1538 = FACE_BOUND('',#1539,.T.);
#1539 = EDGE_LOOP('',(#1540,#1541,#1542,#1550,#1559,#1567,#1576,#1584,
    #1593,#1601,#1610,#1618));
#1540 = ORIENTED_EDGE('',*,*,#1527,.F.);
#1541 = ORIENTED_EDGE('',*,*,#330,.T.);
#1542 = ORIENTED_EDGE('',*,*,#1543,.T.);
#1543 = EDGE_CURVE('',#331,#1544,#1546,.T.);
#1544 = VERTEX_POINT('',#1545);
#1545 = CARTESIAN_POINT('',(-41.6988805317,-56.22457969965,24.));
#1546 = LINE('',#1547,#1548);
#1547 = CARTESIAN_POINT('',(-41.6988805317,-56.22457969965,0.));
#1548 = VECTOR('',#1549,1.);
#1549 = DIRECTION('',(0.,0.,1.));
#1550 = ORIENTED_EDGE('',*,*,#1551,.F.);
#1551 = EDGE_CURVE('',#1552,#1544,#1554,.T.);
#1552 = VERTEX_POINT('',#1553);
#1553 = CARTESIAN_POINT('',(-59.2289338375,37.308623620719,24.));
#1554 = CIRCLE('',#1555,70.);
#1555 = AXIS2_PLACEMENT_3D('',#1556,#1557,#1558);
#1556 = CARTESIAN_POINT('',(0.,0.,24.));
#1557 = DIRECTION('',(0.,0.,1.));
#1558 = DIRECTION('',(1.,0.,0.));
#1559 = ORIENTED_EDGE('',*,*,#1560,.F.);
#1560 = EDGE_CURVE('',#1561,#1552,#1563,.T.);
#1561 = VERTEX_POINT('',#1562);
#1562 = CARTESIAN_POINT('',(-59.2289338375,37.308623620721,3.5));
#1563 = LINE('',#1564,#1565);
#1564 = CARTESIAN_POINT('',(-59.2289338375,37.308623620721,0.));
#1565 = VECTOR('',#1566,1.);
#1566 = DIRECTION('',(0.,0.,1.));
#1567 = ORIENTED_EDGE('',*,*,#1568,.F.);
#1568 = EDGE_CURVE('',#1569,#1561,#1571,.T.);
#1569 = VERTEX_POINT('',#1570);
#1570 = CARTESIAN_POINT('',(-37.30862362072,59.228933837504,3.5));
#1571 = CIRCLE('',#1572,70.);
#1572 = AXIS2_PLACEMENT_3D('',#1573,#1574,#1575);
#1573 = CARTESIAN_POINT('',(0.,0.,3.5));
#1574 = DIRECTION('',(0.,0.,1.));
#1575 = DIRECTION('',(1.,0.,0.));
#1576 = ORIENTED_EDGE('',*,*,#1577,.T.);
#1577 = EDGE_CURVE('',#1569,#1578,#1580,.T.);
#1578 = VERTEX_POINT('',#1579);
#1579 = CARTESIAN_POINT('',(-37.30862362071,59.228933837505,24.));
#1580 = LINE('',#1581,#1582);
#1581 = CARTESIAN_POINT('',(-37.30862362072,59.228933837504,0.));
#1582 = VECTOR('',#1583,1.);
#1583 = DIRECTION('',(0.,0.,1.));
#1584 = ORIENTED_EDGE('',*,*,#1585,.F.);
#1585 = EDGE_CURVE('',#1586,#1578,#1588,.T.);
#1586 = VERTEX_POINT('',#1587);
#1587 = CARTESIAN_POINT('',(4.533939051709,69.85301279598,24.));
#1588 = CIRCLE('',#1589,70.);
#1589 = AXIS2_PLACEMENT_3D('',#1590,#1591,#1592);
#1590 = CARTESIAN_POINT('',(0.,0.,24.));
#1591 = DIRECTION('',(0.,0.,1.));
#1592 = DIRECTION('',(1.,0.,0.));
#1593 = ORIENTED_EDGE('',*,*,#1594,.F.);
#1594 = EDGE_CURVE('',#1595,#1586,#1597,.T.);
#1595 = VERTEX_POINT('',#1596);
#1596 = CARTESIAN_POINT('',(4.533939051709,69.85301279598,6.));
#1597 = LINE('',#1598,#1599);
#1598 = CARTESIAN_POINT('',(4.533939051709,69.85301279598,0.));
#1599 = VECTOR('',#1600,1.);
#1600 = DIRECTION('',(0.,0.,1.));
#1601 = ORIENTED_EDGE('',*,*,#1602,.F.);
#1602 = EDGE_CURVE('',#1603,#1595,#1605,.T.);
#1603 = VERTEX_POINT('',#1604);
#1604 = CARTESIAN_POINT('',(12.800990123276,68.819580439464,6.));
#1605 = CIRCLE('',#1606,70.);
#1606 = AXIS2_PLACEMENT_3D('',#1607,#1608,#1609);
#1607 = CARTESIAN_POINT('',(0.,0.,6.));
#1608 = DIRECTION('',(0.,0.,1.));
#1609 = DIRECTION('',(1.,0.,0.));
#1610 = ORIENTED_EDGE('',*,*,#1611,.T.);
#1611 = EDGE_CURVE('',#1603,#1612,#1614,.T.);
#1612 = VERTEX_POINT('',#1613);
#1613 = CARTESIAN_POINT('',(12.800990123275,68.819580439464,24.));
#1614 = LINE('',#1615,#1616);
#1615 = CARTESIAN_POINT('',(12.800990123276,68.819580439464,0.));
#1616 = VECTOR('',#1617,1.);
#1617 = DIRECTION('',(0.,0.,1.));
#1618 = ORIENTED_EDGE('',*,*,#1619,.F.);
#1619 = EDGE_CURVE('',#1520,#1612,#1620,.T.);
#1620 = CIRCLE('',#1621,70.);
#1621 = AXIS2_PLACEMENT_3D('',#1622,#1623,#1624);
#1622 = CARTESIAN_POINT('',(0.,0.,24.));
#1623 = DIRECTION('',(0.,0.,1.));
#1624 = DIRECTION('',(1.,0.,0.));
#1625 = FACE_BOUND('',#1626,.T.);
#1626 = EDGE_LOOP('',(#1627));
#1627 = ORIENTED_EDGE('',*,*,#1628,.F.);
#1628 = EDGE_CURVE('',#1629,#1629,#1631,.T.);
#1629 = VERTEX_POINT('',#1630);
#1630 = CARTESIAN_POINT('',(-58.24638418947,-38.82471801382,12.5));
#1631 = B_SPLINE_CURVE_WITH_KNOTS('',8,(#1632,#1633,#1634,#1635,#1636,
    #1637,#1638,#1639,#1640,#1641,#1642,#1643,#1644,#1645,#1646,#1647,
    #1648,#1649,#1650,#1651,#1652,#1653,#1654,#1655,#1656,#1657,#1658,
    #1659,#1660,#1661,#1662,#1663,#1664,#1665,#1666,#1667,#1668,#1669,
    #1670,#1671,#1672,#1673,#1674,#1675,#1676,#1677,#1678,#1679,#1680,
    #1681,#1682),.UNSPECIFIED.,.T.,.F.,(9,7,7,7,7,7,7,9),(0.,
    0.17046393443,0.303452169152,0.431115521613,0.594941240002,
    0.717013955193,0.830668816308,1.),.UNSPECIFIED.);
#1632 = CARTESIAN_POINT('',(-58.24638418947,-38.82471801382,12.5));
#1633 = CARTESIAN_POINT('',(-58.24638418947,-38.82471801382,
    13.013244995467));
#1634 = CARTESIAN_POINT('',(-58.28356727481,-38.76893475806,
    13.525029311856));
#1635 = CARTESIAN_POINT('',(-58.35755873461,-38.65792813025,
    14.031630477059));
#1636 = CARTESIAN_POINT('',(-58.46927734138,-38.48968037629,
    14.528703444096));
#1637 = CARTESIAN_POINT('',(-58.62036118729,-38.26044633571,
    15.009648781679));
#1638 = CARTESIAN_POINT('',(-58.81267771628,-37.96528431038,
    15.464592841778));
#1639 = CARTESIAN_POINT('',(-59.04753027385,-37.59868691898,
    15.879058026898));
#1640 = CARTESIAN_POINT('',(-59.54042223035,-36.81173353056,
    16.504980079297));
#1641 = CARTESIAN_POINT('',(-59.79060557648,-36.4071963295,
    16.751946989281));
#1642 = CARTESIAN_POINT('',(-60.0674218291,-35.95203187071,16.9418027021
    ));
#1643 = CARTESIAN_POINT('',(-60.36002740026,-35.46065842602,
    17.054493484234));
#1644 = CARTESIAN_POINT('',(-60.65544917973,-34.95224357718,
    17.079546306299));
#1645 = CARTESIAN_POINT('',(-60.94151928905,-34.4479271781,
    17.016267657376));
#1646 = CARTESIAN_POINT('',(-61.20791020149,-33.96823520982,
    16.873988625587));
#1647 = CARTESIAN_POINT('',(-61.67663846625,-33.1092431146,
    16.478740633725));
#1648 = CARTESIAN_POINT('',(-61.8796255306,-32.72941840238,
    16.231685670689));
#1649 = CARTESIAN_POINT('',(-62.05652386724,-32.39235870024,
    15.944163484774));
#1650 = CARTESIAN_POINT('',(-62.20868491421,-32.09808681824,
    15.626225903359));
#1651 = CARTESIAN_POINT('',(-62.33767337896,-31.84565529395,
    15.285826224543));
#1652 = CARTESIAN_POINT('',(-62.44502024327,-31.63362544,14.929238278084
    ));
#1653 = CARTESIAN_POINT('',(-62.53213680384,-31.4603714826,
    14.561299003149));
#1654 = CARTESIAN_POINT('',(-62.68745190815,-31.14998274789,
    13.703775260115));
#1655 = CARTESIAN_POINT('',(-62.74356031202,-31.03646508088,
    13.207832391494));
#1656 = CARTESIAN_POINT('',(-62.77074124974,-30.98107280044,
    12.704683354483));
#1657 = CARTESIAN_POINT('',(-62.77008303616,-30.982362144,
    12.199092681211));
#1658 = CARTESIAN_POINT('',(-62.74167216185,-31.04022631817,
    11.695349055239));
#1659 = CARTESIAN_POINT('',(-62.68464320308,-31.15584940154,
    11.198116081849));
#1660 = CARTESIAN_POINT('',(-62.59715236988,-31.33158630597,
    10.713344697924));
#1661 = CARTESIAN_POINT('',(-62.38627316325,-31.74890199904,
    9.904744408256));
#1662 = CARTESIAN_POINT('',(-62.27694683263,-31.96380815871,
    9.568435555943));
#1663 = CARTESIAN_POINT('',(-62.14705674958,-32.21691888939,
    9.246930497183));
#1664 = CARTESIAN_POINT('',(-61.99543385603,-32.5091097585,
    8.946930507517));
#1665 = CARTESIAN_POINT('',(-61.82111705978,-32.84044667259,
    8.676118699557));
#1666 = CARTESIAN_POINT('',(-61.62344162562,-33.21001491103,
    8.443266639157));
#1667 = CARTESIAN_POINT('',(-61.40230164763,-33.61559102247,
    8.258469492163));
#1668 = CARTESIAN_POINT('',(-60.93203335279,-34.46018786901,
    8.017474910683));
#1669 = CARTESIAN_POINT('',(-60.69153867482,-34.88482294972,
    7.956185474026));
#1670 = CARTESIAN_POINT('',(-60.44305538744,-35.31531585864,
    7.95654480245));
#1671 = CARTESIAN_POINT('',(-60.19341651014,-35.73924207456,
    8.020157014043));
#1672 = CARTESIAN_POINT('',(-59.95004759301,-36.14457530081,
    8.143677244557));
#1673 = CARTESIAN_POINT('',(-59.72027474389,-36.52081013368,
    8.318986759652));
#1674 = CARTESIAN_POINT('',(-59.51025431875,-36.85989974618,
    8.53333006331));
#1675 = CARTESIAN_POINT('',(-59.04753027385,-37.59868691898,
    9.120941973102));
#1676 = CARTESIAN_POINT('',(-58.81267771628,-37.96528431038,
    9.535407158224));
#1677 = CARTESIAN_POINT('',(-58.62036118729,-38.26044633571,
    9.990351218314));
#1678 = CARTESIAN_POINT('',(-58.46927734138,-38.48968037629,
    10.471296555913));
#1679 = CARTESIAN_POINT('',(-58.35755873461,-38.65792813025,
    10.968369522933));
#1680 = CARTESIAN_POINT('',(-58.28356727481,-38.76893475806,
    11.474970688148));
#1681 = CARTESIAN_POINT('',(-58.24638418947,-38.82471801382,
    11.986755004533));
#1682 = CARTESIAN_POINT('',(-58.24638418947,-38.82471801382,12.5));
#1683 = CYLINDRICAL_SURFACE('',#1684,70.);
#1684 = AXIS2_PLACEMENT_3D('',#1685,#1686,#1687);
#1685 = CARTESIAN_POINT('',(0.,0.,0.));
#1686 = DIRECTION('',(0.,0.,1.));
#1687 = DIRECTION('',(1.,0.,0.));
#1688 = ADVANCED_FACE('',(#1689),#1700,.T.);
#1689 = FACE_BOUND('',#1690,.T.);
#1690 = EDGE_LOOP('',(#1691,#1692,#1693,#1694));
#1691 = ORIENTED_EDGE('',*,*,#1080,.F.);
#1692 = ORIENTED_EDGE('',*,*,#371,.T.);
#1693 = ORIENTED_EDGE('',*,*,#1495,.T.);
#1694 = ORIENTED_EDGE('',*,*,#1695,.T.);
#1695 = EDGE_CURVE('',#1496,#1081,#1696,.T.);
#1696 = LINE('',#1697,#1698);
#1697 = CARTESIAN_POINT('',(23.959292143521,18.498711305964,2.));
#1698 = VECTOR('',#1699,1.);
#1699 = DIRECTION('',(0.866025403784,-0.5,0.));
#1700 = PLANE('',#1701);
#1701 = AXIS2_PLACEMENT_3D('',#1702,#1703,#1704);
#1702 = CARTESIAN_POINT('',(20.928203230276,20.248711305964,-1.));
#1703 = DIRECTION('',(0.5,0.866025403784,0.));
#1704 = DIRECTION('',(0.,0.,1.));
#1705 = ADVANCED_FACE('',(#1706),#1740,.T.);
#1706 = FACE_BOUND('',#1707,.T.);
#1707 = EDGE_LOOP('',(#1708,#1709,#1717,#1725,#1733,#1739));
#1708 = ORIENTED_EDGE('',*,*,#339,.T.);
#1709 = ORIENTED_EDGE('',*,*,#1710,.T.);
#1710 = EDGE_CURVE('',#340,#1711,#1713,.T.);
#1711 = VERTEX_POINT('',#1712);
#1712 = CARTESIAN_POINT('',(-20.92820323027,-20.24871130596,2.));
#1713 = LINE('',#1714,#1715);
#1714 = CARTESIAN_POINT('',(-20.92820323027,-20.24871130596,-1.));
#1715 = VECTOR('',#1716,1.);
#1716 = DIRECTION('',(0.,0.,1.));
#1717 = ORIENTED_EDGE('',*,*,#1718,.T.);
#1718 = EDGE_CURVE('',#1711,#1719,#1721,.T.);
#1719 = VERTEX_POINT('',#1720);
#1720 = CARTESIAN_POINT('',(-28.92820323027,-34.10511776651,2.));
#1721 = LINE('',#1722,#1723);
#1722 = CARTESIAN_POINT('',(-16.92820323027,-13.32050807568,2.));
#1723 = VECTOR('',#1724,1.);
#1724 = DIRECTION('',(-0.5,-0.866025403784,0.));
#1725 = ORIENTED_EDGE('',*,*,#1726,.F.);
#1726 = EDGE_CURVE('',#1727,#1719,#1729,.T.);
#1727 = VERTEX_POINT('',#1728);
#1728 = CARTESIAN_POINT('',(-28.92820323027,-34.10511776651,24.));
#1729 = LINE('',#1730,#1731);
#1730 = CARTESIAN_POINT('',(-28.92820323027,-34.10511776651,0.5));
#1731 = VECTOR('',#1732,1.);
#1732 = DIRECTION('',(0.,0.,-1.));
#1733 = ORIENTED_EDGE('',*,*,#1734,.F.);
#1734 = EDGE_CURVE('',#1544,#1727,#1735,.T.);
#1735 = LINE('',#1736,#1737);
#1736 = CARTESIAN_POINT('',(-13.92820323027,-8.124355652982,24.));
#1737 = VECTOR('',#1738,1.);
#1738 = DIRECTION('',(0.5,0.866025403784,0.));
#1739 = ORIENTED_EDGE('',*,*,#1543,.F.);
#1740 = PLANE('',#1741);
#1741 = AXIS2_PLACEMENT_3D('',#1742,#1743,#1744);
#1742 = CARTESIAN_POINT('',(-20.92820323027,-20.24871130596,-1.));
#1743 = DIRECTION('',(0.866025403784,-0.5,0.));
#1744 = DIRECTION('',(0.,0.,1.));
#1745 = ADVANCED_FACE('',(#1746),#1757,.T.);
#1746 = FACE_BOUND('',#1747,.T.);
#1747 = EDGE_LOOP('',(#1748,#1749,#1750,#1751));
#1748 = ORIENTED_EDGE('',*,*,#1710,.F.);
#1749 = ORIENTED_EDGE('',*,*,#347,.T.);
#1750 = ORIENTED_EDGE('',*,*,#584,.T.);
#1751 = ORIENTED_EDGE('',*,*,#1752,.T.);
#1752 = EDGE_CURVE('',#585,#1711,#1753,.T.);
#1753 = LINE('',#1754,#1755);
#1754 = CARTESIAN_POINT('',(-23.95929214352,-18.49871130596,2.));
#1755 = VECTOR('',#1756,1.);
#1756 = DIRECTION('',(-0.866025403784,0.5,0.));
#1757 = PLANE('',#1758);
#1758 = AXIS2_PLACEMENT_3D('',#1759,#1760,#1761);
#1759 = CARTESIAN_POINT('',(-20.92820323027,-20.24871130596,-1.));
#1760 = DIRECTION('',(-0.5,-0.866025403784,0.));
#1761 = DIRECTION('',(0.,0.,1.));
#1762 = ADVANCED_FACE('',(#1763),#2059,.F.);
#1763 = FACE_BOUND('',#1764,.F.);
#1764 = EDGE_LOOP('',(#1765,#1774,#1782,#1791,#1799,#1904,#2009,#2017,
    #2026,#2032,#2033,#2034,#2043,#2051,#2058));
#1765 = ORIENTED_EDGE('',*,*,#1766,.F.);
#1766 = EDGE_CURVE('',#1767,#1767,#1769,.T.);
#1767 = VERTEX_POINT('',#1768);
#1768 = CARTESIAN_POINT('',(-52.39552479966,-36.11206514627,24.));
#1769 = CIRCLE('',#1770,1.65);
#1770 = AXIS2_PLACEMENT_3D('',#1771,#1772,#1773);
#1771 = CARTESIAN_POINT('',(-54.04552479966,-36.11206514627,24.));
#1772 = DIRECTION('',(0.,0.,1.));
#1773 = DIRECTION('',(1.,0.,0.));
#1774 = ORIENTED_EDGE('',*,*,#1775,.F.);
#1775 = EDGE_CURVE('',#1776,#1767,#1778,.T.);
#1776 = VERTEX_POINT('',#1777);
#1777 = CARTESIAN_POINT('',(-52.39552479966,-36.11206514627,21.));
#1778 = LINE('',#1779,#1780);
#1779 = CARTESIAN_POINT('',(-52.39552479966,-36.11206514627,-1.));
#1780 = VECTOR('',#1781,1.);
#1781 = DIRECTION('',(0.,0.,1.));
#1782 = ORIENTED_EDGE('',*,*,#1783,.T.);
#1783 = EDGE_CURVE('',#1776,#1784,#1786,.T.);
#1784 = VERTEX_POINT('',#1785);
#1785 = CARTESIAN_POINT('',(-54.26537180436,-34.4767770082,21.));
#1786 = CIRCLE('',#1787,1.65);
#1787 = AXIS2_PLACEMENT_3D('',#1788,#1789,#1790);
#1788 = CARTESIAN_POINT('',(-54.04552479966,-36.11206514627,21.));
#1789 = DIRECTION('',(0.,0.,1.));
#1790 = DIRECTION('',(1.,0.,0.));
#1791 = ORIENTED_EDGE('',*,*,#1792,.F.);
#1792 = EDGE_CURVE('',#1793,#1784,#1795,.T.);
#1793 = VERTEX_POINT('',#1794);
#1794 = CARTESIAN_POINT('',(-54.26537180436,-34.4767770082,
    16.081053669485));
#1795 = LINE('',#1796,#1797);
#1796 = CARTESIAN_POINT('',(-54.26537180436,-34.4767770082,-1.));
#1797 = VECTOR('',#1798,1.);
#1798 = DIRECTION('',(0.,0.,1.));
#1799 = ORIENTED_EDGE('',*,*,#1800,.T.);
#1800 = EDGE_CURVE('',#1793,#1801,#1803,.T.);
#1801 = VERTEX_POINT('',#1802);
#1802 = CARTESIAN_POINT('',(-55.33373054496,-37.1430966481,12.5));
#1803 = B_SPLINE_CURVE_WITH_KNOTS('',8,(#1804,#1805,#1806,#1807,#1808,
    #1809,#1810,#1811,#1812,#1813,#1814,#1815,#1816,#1817,#1818,#1819,
    #1820,#1821,#1822,#1823,#1824,#1825,#1826,#1827,#1828,#1829,#1830,
    #1831,#1832,#1833,#1834,#1835,#1836,#1837,#1838,#1839,#1840,#1841,
    #1842,#1843,#1844,#1845,#1846,#1847,#1848,#1849,#1850,#1851,#1852,
    #1853,#1854,#1855,#1856,#1857,#1858,#1859,#1860,#1861,#1862,#1863,
    #1864,#1865,#1866,#1867,#1868,#1869,#1870,#1871,#1872,#1873,#1874,
    #1875,#1876,#1877,#1878,#1879,#1880,#1881,#1882,#1883,#1884,#1885,
    #1886,#1887,#1888,#1889,#1890,#1891,#1892,#1893,#1894,#1895,#1896,
    #1897,#1898,#1899,#1900,#1901,#1902,#1903),.UNSPECIFIED.,.F.,.F.,(9,
    7,7,7,7,7,7,7,7,7,7,7,7,7,9),(0.,6.741646157916E-02,0.269379715536,
    0.333265632509,0.381750486344,0.436407885414,0.500211788916,
    0.54419970776,0.564359459266,0.618722596311,0.653815438539,
    0.690545529871,0.731229572822,0.863866845636,1.),.UNSPECIFIED.);
#1804 = CARTESIAN_POINT('',(-52.50852245432,-35.51196199646,12.5));
#1805 = CARTESIAN_POINT('',(-52.50852245432,-35.51196199646,
    12.585452064378));
#1806 = CARTESIAN_POINT('',(-52.50920474656,-35.51021454138,
    12.670900520591));
#1807 = CARTESIAN_POINT('',(-52.510569179,-35.50671984599,
    12.756314541874));
#1808 = CARTESIAN_POINT('',(-52.51262635453,-35.50148374458,
    12.841662344019));
#1809 = CARTESIAN_POINT('',(-52.51539743771,-35.49451775877,
    12.926911177961));
#1810 = CARTESIAN_POINT('',(-52.5189139615,-35.48583916517,
    13.012027322367));
#1811 = CARTESIAN_POINT('',(-52.52321763402,-35.47547106322,
    13.096976076227));
#1812 = CARTESIAN_POINT('',(-52.54376585297,-35.42740763385,
    13.435599097164));
#1813 = CARTESIAN_POINT('',(-52.56671315682,-35.37643936122,
    13.687874058752));
#1814 = CARTESIAN_POINT('',(-52.59862446831,-35.31124107743,
    13.937776553374));
#1815 = CARTESIAN_POINT('',(-52.64176454191,-35.2329478579,
    14.184373580306));
#1816 = CARTESIAN_POINT('',(-52.69917814963,-35.14317792289,
    14.426372991661));
#1817 = CARTESIAN_POINT('',(-52.77464341753,-35.04436505605,
    14.662001771094));
#1818 = CARTESIAN_POINT('',(-52.87270051269,-34.940099404,
    14.888857610575));
#1819 = CARTESIAN_POINT('',(-53.03838488673,-34.80408086931,
    15.171679882198));
#1820 = CARTESIAN_POINT('',(-53.08098015029,-34.77149026135,
    15.238438725308));
#1821 = CARTESIAN_POINT('',(-53.12641642313,-34.73928302322,
    15.303713562535));
#1822 = CARTESIAN_POINT('',(-53.17473685468,-34.70775975155,
    15.367261995206));
#1823 = CARTESIAN_POINT('',(-53.22596421884,-34.67723232715,
    15.428873147938));
#1824 = CARTESIAN_POINT('',(-53.28009856143,-34.64802211827,
    15.488363445423));
#1825 = CARTESIAN_POINT('',(-53.33711484762,-34.62045818399,
    15.545572389222));
#1826 = CARTESIAN_POINT('',(-53.44237927347,-34.57546002817,
    15.641936959025));
#1827 = CARTESIAN_POINT('',(-53.4893841572,-34.55720425038,
    15.682080405814));
#1828 = CARTESIAN_POINT('',(-53.53789397008,-34.5402738044,
    15.720682445088));
#1829 = CARTESIAN_POINT('',(-53.58780927666,-34.52482659505,
    15.757655270451));
#1830 = CARTESIAN_POINT('',(-53.63901364858,-34.51100980613,
    15.792928191812));
#1831 = CARTESIAN_POINT('',(-53.69137481672,-34.49895693485,
    15.826446328256));
#1832 = CARTESIAN_POINT('',(-53.74474582332,-34.48878482624,
    15.858169300924));
#1833 = CARTESIAN_POINT('',(-53.86008924891,-34.47135340604,
    15.921777161478));
#1834 = CARTESIAN_POINT('',(-53.92223424629,-34.46463863126,
    15.953136519246));
#1835 = CARTESIAN_POINT('',(-53.98520305457,-34.4605721034,
    15.982136168965));
#1836 = CARTESIAN_POINT('',(-54.0487811309,-34.45925572346,
    16.008776836107));
#1837 = CARTESIAN_POINT('',(-54.11273979898,-34.46076420545,
    16.033069928946));
#1838 = CARTESIAN_POINT('',(-54.1768385467,-34.4651417085,
    16.055035665667));
#1839 = CARTESIAN_POINT('',(-54.2408273239,-34.47239846902,
    16.074701201468));
#1840 = CARTESIAN_POINT('',(-54.37871693805,-34.49430805573,
    16.112407659646));
#1841 = CARTESIAN_POINT('',(-54.45250913009,-34.5099989567,
    16.129632932068));
#1842 = CARTESIAN_POINT('',(-54.5255594524,-34.52956421594,
    16.143862976481));
#1843 = CARTESIAN_POINT('',(-54.59760134675,-34.55296154885,
    16.155169795722));
#1844 = CARTESIAN_POINT('',(-54.66837109127,-34.58012266449,
    16.163608822414));
#1845 = CARTESIAN_POINT('',(-54.73761123125,-34.610953624,
    16.169218749454));
#1846 = CARTESIAN_POINT('',(-54.80507401,-34.645335199,16.17202136051));
#1847 = CARTESIAN_POINT('',(-54.91564812074,-34.7091751916,
    16.17202136051));
#1848 = CARTESIAN_POINT('',(-54.95983682569,-34.73685887658,
    16.170689283461));
#1849 = CARTESIAN_POINT('',(-55.00301580187,-34.76613175707,
    16.168024663815));
#1850 = CARTESIAN_POINT('',(-55.04511325069,-34.79694711878,
    16.164022591145));
#1851 = CARTESIAN_POINT('',(-55.08606072572,-34.82925416589,
    16.158673750418));
#1852 = CARTESIAN_POINT('',(-55.12579317078,-34.86299812588,
    16.151964462271));
#1853 = CARTESIAN_POINT('',(-55.16424895805,-34.89812035437,
    16.143876723274));
#1854 = CARTESIAN_POINT('',(-55.21838254036,-34.95125808764,
    16.130039658125));
#1855 = CARTESIAN_POINT('',(-55.23511346499,-34.96823276698,
    16.125397245653));
#1856 = CARTESIAN_POINT('',(-55.251556567,-34.98547586951,
    16.120459032457));
#1857 = CARTESIAN_POINT('',(-55.2677058392,-35.00298039379,
    16.115223018599));
#1858 = CARTESIAN_POINT('',(-55.28355540025,-35.02073894543,
    16.109687180545));
#1859 = CARTESIAN_POINT('',(-55.29909949468,-35.03874373701,
    16.103849471158));
#1860 = CARTESIAN_POINT('',(-55.31433249287,-35.05698658813,
    16.097707819704));
#1861 = CARTESIAN_POINT('',(-55.36947271026,-35.12527175182,
    16.073873184479));
#1862 = CARTESIAN_POINT('',(-55.40743307408,-35.1768011578,
    16.054244166419));
#1863 = CARTESIAN_POINT('',(-55.44298129678,-35.22984103027,
    16.032341586994));
#1864 = CARTESIAN_POINT('',(-55.47600380972,-35.28417324038,
    16.00813897628));
#1865 = CARTESIAN_POINT('',(-55.50642043692,-35.33957121754,
    15.981616708384));
#1866 = CARTESIAN_POINT('',(-55.53418267055,-35.39580352356,
    15.952763824732));
#1867 = CARTESIAN_POINT('',(-55.55927194647,-35.45263742664,
    15.92157985735));
#1868 = CARTESIAN_POINT('',(-55.59617447837,-35.54676984695,
    15.86644944742));
#1869 = CARTESIAN_POINT('',(-55.60953386115,-35.58383297438,
    15.843866945131));
#1870 = CARTESIAN_POINT('',(-55.62177681233,-35.62095970179,
    15.82033992566));
#1871 = CARTESIAN_POINT('',(-55.63291076949,-35.65807841187,
    15.795882841488));
#1872 = CARTESIAN_POINT('',(-55.64294946743,-35.69511855443,
    15.770514088233));
#1873 = CARTESIAN_POINT('',(-55.65191254208,-35.73201117474,
    15.744256275692));
#1874 = CARTESIAN_POINT('',(-55.65982513451,-35.76868944198,
    15.717136498876));
#1875 = CARTESIAN_POINT('',(-55.67393141664,-35.84318713522,
    15.659932723053));
#1876 = CARTESIAN_POINT('',(-55.68002598551,-35.88097093662,
    15.629776400421));
#1877 = CARTESIAN_POINT('',(-55.68503904459,-35.91837959182,
    15.598745292321));
#1878 = CARTESIAN_POINT('',(-55.68901241185,-35.95535443327,
    15.566871397142));
#1879 = CARTESIAN_POINT('',(-55.6919915063,-35.99183947508,
    15.534191257268));
#1880 = CARTESIAN_POINT('',(-55.69402497431,-36.02778177226,
    15.500746155835));
#1881 = CARTESIAN_POINT('',(-55.69516431587,-36.06313177992,
    15.466582313498));
#1882 = CARTESIAN_POINT('',(-55.69579491391,-36.13629234435,
    15.393170315662));
#1883 = CARTESIAN_POINT('',(-55.69509553657,-36.17395630753,
    15.353772552406));
#1884 = CARTESIAN_POINT('',(-55.69343897534,-36.21080229018,
    15.313598630854));
#1885 = CARTESIAN_POINT('',(-55.69089819044,-36.2468004255,
    15.272692445908));
#1886 = CARTESIAN_POINT('',(-55.68754535632,-36.28192432675,
    15.231101020013));
#1887 = CARTESIAN_POINT('',(-55.68345171209,-36.31615112228,
    15.188874571243));
#1888 = CARTESIAN_POINT('',(-55.67868741196,-36.34946149047,
    15.146066581372));
#1889 = CARTESIAN_POINT('',(-55.65582713562,-36.48739844476,
    14.961461437612));
#1890 = CARTESIAN_POINT('',(-55.6319693402,-36.58285453916,
    14.814872391885));
#1891 = CARTESIAN_POINT('',(-55.6040442316,-36.66850870881,
    14.663921893045));
#1892 = CARTESIAN_POINT('',(-55.57386487094,-36.74484072735,
    14.509426979568));
#1893 = CARTESIAN_POINT('',(-55.54290172556,-36.81239888241,
    14.35207874701));
#1894 = CARTESIAN_POINT('',(-55.51235863908,-36.87173938579,
    14.192456334626));
#1895 = CARTESIAN_POINT('',(-55.48321364081,-36.92339292362,
    14.031038461333));
#1896 = CARTESIAN_POINT('',(-55.4285838954,-37.01344953199,
    13.701086388124));
#1897 = CARTESIAN_POINT('',(-55.40317366571,-37.05153791969,
    13.532219413217));
#1898 = CARTESIAN_POINT('',(-55.38087726522,-37.08258516756,
    13.361971659219));
#1899 = CARTESIAN_POINT('',(-55.36236521271,-37.10699871291,
    13.190660362313));
#1900 = CARTESIAN_POINT('',(-55.34813842041,-37.12509590276,
    13.018564872945));
#1901 = CARTESIAN_POINT('',(-55.33853506401,-37.13709305458,
    12.845936154241));
#1902 = CARTESIAN_POINT('',(-55.33373054496,-37.1430966481,
    12.673006575389));
#1903 = CARTESIAN_POINT('',(-55.33373054496,-37.1430966481,12.5));
#1904 = ORIENTED_EDGE('',*,*,#1905,.F.);
#1905 = EDGE_CURVE('',#1906,#1801,#1908,.T.);
#1906 = VERTEX_POINT('',#1907);
#1907 = CARTESIAN_POINT('',(-54.26537180436,-34.4767770082,
    8.918946330515));
#1908 = B_SPLINE_CURVE_WITH_KNOTS('',8,(#1909,#1910,#1911,#1912,#1913,
    #1914,#1915,#1916,#1917,#1918,#1919,#1920,#1921,#1922,#1923,#1924,
    #1925,#1926,#1927,#1928,#1929,#1930,#1931,#1932,#1933,#1934,#1935,
    #1936,#1937,#1938,#1939,#1940,#1941,#1942,#1943,#1944,#1945,#1946,
    #1947,#1948,#1949,#1950,#1951,#1952,#1953,#1954,#1955,#1956,#1957,
    #1958,#1959,#1960,#1961,#1962,#1963,#1964,#1965,#1966,#1967,#1968,
    #1969,#1970,#1971,#1972,#1973,#1974,#1975,#1976,#1977,#1978,#1979,
    #1980,#1981,#1982,#1983,#1984,#1985,#1986,#1987,#1988,#1989,#1990,
    #1991,#1992,#1993,#1994,#1995,#1996,#1997,#1998,#1999,#2000,#2001,
    #2002,#2003,#2004,#2005,#2006,#2007,#2008),.UNSPECIFIED.,.F.,.F.,(9,
    7,7,7,7,7,7,7,7,7,7,7,7,7,9),(0.,6.741646116887E-02,0.269379713896,
    0.33326563399,0.381750487719,0.43640788667,0.500211790026,
    0.544199708766,0.564359460225,0.61872259714,0.653815439286,
    0.690545530531,0.731229573391,0.863866845923,1.),.UNSPECIFIED.);
#1909 = CARTESIAN_POINT('',(-52.50852245432,-35.51196199646,12.5));
#1910 = CARTESIAN_POINT('',(-52.50852245432,-35.51196199646,
    12.414547935622));
#1911 = CARTESIAN_POINT('',(-52.50920474656,-35.51021454138,
    12.329099479409));
#1912 = CARTESIAN_POINT('',(-52.510569179,-35.50671984599,
    12.243685458126));
#1913 = CARTESIAN_POINT('',(-52.51262635453,-35.50148374458,
    12.158337655981));
#1914 = CARTESIAN_POINT('',(-52.51539743771,-35.49451775877,
    12.073088822039));
#1915 = CARTESIAN_POINT('',(-52.5189139615,-35.48583916517,
    11.987972677633));
#1916 = CARTESIAN_POINT('',(-52.52321763402,-35.47547106322,
    11.903023923773));
#1917 = CARTESIAN_POINT('',(-52.54376585297,-35.42740763385,
    11.564400902837));
#1918 = CARTESIAN_POINT('',(-52.56671315682,-35.37643936122,
    11.312125941245));
#1919 = CARTESIAN_POINT('',(-52.5986244683,-35.31124107743,
    11.062223446633));
#1920 = CARTESIAN_POINT('',(-52.64176454192,-35.2329478579,
    10.815626419686));
#1921 = CARTESIAN_POINT('',(-52.69917814963,-35.14317792289,
    10.573627008345));
#1922 = CARTESIAN_POINT('',(-52.77464341753,-35.04436505605,
    10.337998228904));
#1923 = CARTESIAN_POINT('',(-52.87270051269,-34.940099404,
    10.111142389425));
#1924 = CARTESIAN_POINT('',(-53.03838488892,-34.80408086751,
    9.828320114067));
#1925 = CARTESIAN_POINT('',(-53.0809801485,-34.77149026219,
    9.761561276448));
#1926 = CARTESIAN_POINT('',(-53.12641642058,-34.73928302494,
    9.696286441046));
#1927 = CARTESIAN_POINT('',(-53.17473685501,-34.70775975178,
    9.632738005225));
#1928 = CARTESIAN_POINT('',(-53.22596422175,-34.67723232568,
    9.571126848976));
#1929 = CARTESIAN_POINT('',(-53.28009856285,-34.64802211725,
    9.511636552465));
#1930 = CARTESIAN_POINT('',(-53.33711484456,-34.6204581853,
    9.454427613575));
#1931 = CARTESIAN_POINT('',(-53.44237927347,-34.57546002817,
    9.358063040975));
#1932 = CARTESIAN_POINT('',(-53.4893841572,-34.55720425038,
    9.317919594186));
#1933 = CARTESIAN_POINT('',(-53.53789397008,-34.5402738044,
    9.279317554912));
#1934 = CARTESIAN_POINT('',(-53.58780927666,-34.52482659505,
    9.242344729549));
#1935 = CARTESIAN_POINT('',(-53.63901364858,-34.51100980613,
    9.207071808188));
#1936 = CARTESIAN_POINT('',(-53.69137481672,-34.49895693485,
    9.173553671744));
#1937 = CARTESIAN_POINT('',(-53.74474582332,-34.48878482624,
    9.141830699076));
#1938 = CARTESIAN_POINT('',(-53.86008924891,-34.47135340604,
    9.078222838522));
#1939 = CARTESIAN_POINT('',(-53.92223424629,-34.46463863126,
    9.046863480754));
#1940 = CARTESIAN_POINT('',(-53.98520305457,-34.4605721034,
    9.017863831035));
#1941 = CARTESIAN_POINT('',(-54.0487811309,-34.45925572346,
    8.991223163893));
#1942 = CARTESIAN_POINT('',(-54.11273979898,-34.46076420545,
    8.966930071054));
#1943 = CARTESIAN_POINT('',(-54.1768385467,-34.4651417085,8.944964334333
    ));
#1944 = CARTESIAN_POINT('',(-54.2408273239,-34.47239846902,
    8.925298798532));
#1945 = CARTESIAN_POINT('',(-54.37871693804,-34.49430805572,
    8.887592340356));
#1946 = CARTESIAN_POINT('',(-54.45250913009,-34.5099989567,
    8.870367067932));
#1947 = CARTESIAN_POINT('',(-54.52555945241,-34.52956421594,
    8.856137023518));
#1948 = CARTESIAN_POINT('',(-54.59760134676,-34.55296154885,
    8.844830204277));
#1949 = CARTESIAN_POINT('',(-54.66837109127,-34.58012266449,
    8.836391177586));
#1950 = CARTESIAN_POINT('',(-54.73761123125,-34.610953624,8.830781250546
    ));
#1951 = CARTESIAN_POINT('',(-54.80507400999,-34.64533519899,
    8.82797863949));
#1952 = CARTESIAN_POINT('',(-54.91564812074,-34.7091751916,8.82797863949
    ));
#1953 = CARTESIAN_POINT('',(-54.95983682569,-34.73685887658,
    8.829310716539));
#1954 = CARTESIAN_POINT('',(-55.00301580187,-34.76613175707,
    8.831975336185));
#1955 = CARTESIAN_POINT('',(-55.04511325069,-34.79694711878,
    8.835977408855));
#1956 = CARTESIAN_POINT('',(-55.08606072572,-34.82925416589,
    8.841326249582));
#1957 = CARTESIAN_POINT('',(-55.12579317078,-34.86299812588,
    8.848035537729));
#1958 = CARTESIAN_POINT('',(-55.16424895805,-34.89812035437,
    8.856123276726));
#1959 = CARTESIAN_POINT('',(-55.21838254036,-34.95125808764,
    8.869960341875));
#1960 = CARTESIAN_POINT('',(-55.23511346499,-34.96823276698,
    8.874602754347));
#1961 = CARTESIAN_POINT('',(-55.251556567,-34.98547586951,8.879540967543
    ));
#1962 = CARTESIAN_POINT('',(-55.2677058392,-35.00298039379,
    8.884776981401));
#1963 = CARTESIAN_POINT('',(-55.28355540025,-35.02073894543,
    8.890312819455));
#1964 = CARTESIAN_POINT('',(-55.29909949468,-35.03874373701,
    8.896150528842));
#1965 = CARTESIAN_POINT('',(-55.31433249287,-35.05698658813,
    8.902292180296));
#1966 = CARTESIAN_POINT('',(-55.36947271026,-35.12527175182,
    8.926126815521));
#1967 = CARTESIAN_POINT('',(-55.40743307408,-35.1768011578,
    8.945755833581));
#1968 = CARTESIAN_POINT('',(-55.44298129678,-35.22984103027,
    8.967658413006));
#1969 = CARTESIAN_POINT('',(-55.47600380972,-35.28417324038,
    8.99186102372));
#1970 = CARTESIAN_POINT('',(-55.50642043692,-35.33957121754,
    9.018383291616));
#1971 = CARTESIAN_POINT('',(-55.53418267055,-35.39580352356,
    9.047236175268));
#1972 = CARTESIAN_POINT('',(-55.55927194647,-35.45263742664,
    9.07842014265));
#1973 = CARTESIAN_POINT('',(-55.59617447837,-35.54676984695,
    9.13355055258));
#1974 = CARTESIAN_POINT('',(-55.60953386115,-35.58383297438,
    9.156133054869));
#1975 = CARTESIAN_POINT('',(-55.62177681233,-35.62095970179,
    9.17966007434));
#1976 = CARTESIAN_POINT('',(-55.63291076949,-35.65807841187,
    9.204117158512));
#1977 = CARTESIAN_POINT('',(-55.64294946743,-35.69511855443,
    9.229485911767));
#1978 = CARTESIAN_POINT('',(-55.65191254208,-35.73201117474,
    9.255743724308));
#1979 = CARTESIAN_POINT('',(-55.65982513451,-35.76868944198,
    9.282863501124));
#1980 = CARTESIAN_POINT('',(-55.67393141664,-35.84318713522,
    9.340067276947));
#1981 = CARTESIAN_POINT('',(-55.68002598551,-35.88097093662,
    9.370223599579));
#1982 = CARTESIAN_POINT('',(-55.68503904459,-35.91837959182,
    9.401254707679));
#1983 = CARTESIAN_POINT('',(-55.68901241185,-35.95535443327,
    9.433128602858));
#1984 = CARTESIAN_POINT('',(-55.6919915063,-35.99183947508,
    9.465808742732));
#1985 = CARTESIAN_POINT('',(-55.69402497431,-36.02778177226,
    9.499253844165));
#1986 = CARTESIAN_POINT('',(-55.69516431587,-36.06313177992,
    9.533417686502));
#1987 = CARTESIAN_POINT('',(-55.69579491391,-36.13629234436,
    9.606829684343));
#1988 = CARTESIAN_POINT('',(-55.69509553657,-36.17395630753,
    9.646227447596));
#1989 = CARTESIAN_POINT('',(-55.69343897534,-36.21080229017,
    9.686401369143));
#1990 = CARTESIAN_POINT('',(-55.69089819044,-36.24680042549,
    9.727307554088));
#1991 = CARTESIAN_POINT('',(-55.68754535632,-36.28192432675,
    9.768898979984));
#1992 = CARTESIAN_POINT('',(-55.68345171209,-36.31615112228,
    9.811125428759));
#1993 = CARTESIAN_POINT('',(-55.67868741196,-36.34946149048,
    9.853933418633));
#1994 = CARTESIAN_POINT('',(-55.65582713562,-36.48739844476,
    10.038538562387));
#1995 = CARTESIAN_POINT('',(-55.6319693402,-36.58285453916,
    10.185127608115));
#1996 = CARTESIAN_POINT('',(-55.6040442316,-36.66850870881,
    10.336078106956));
#1997 = CARTESIAN_POINT('',(-55.57386487094,-36.74484072735,
    10.490573020432));
#1998 = CARTESIAN_POINT('',(-55.54290172556,-36.81239888241,
    10.647921252989));
#1999 = CARTESIAN_POINT('',(-55.51235863908,-36.87173938579,
    10.807543665374));
#2000 = CARTESIAN_POINT('',(-55.48321364081,-36.92339292362,
    10.968961538667));
#2001 = CARTESIAN_POINT('',(-55.4285838954,-37.01344953199,
    11.298913611876));
#2002 = CARTESIAN_POINT('',(-55.40317366571,-37.05153791969,
    11.467780586783));
#2003 = CARTESIAN_POINT('',(-55.38087726522,-37.08258516756,
    11.638028340781));
#2004 = CARTESIAN_POINT('',(-55.36236521271,-37.10699871291,
    11.809339637687));
#2005 = CARTESIAN_POINT('',(-55.34813842041,-37.12509590276,
    11.981435127055));
#2006 = CARTESIAN_POINT('',(-55.33853506401,-37.13709305458,
    12.154063845759));
#2007 = CARTESIAN_POINT('',(-55.33373054496,-37.1430966481,
    12.326993424611));
#2008 = CARTESIAN_POINT('',(-55.33373054496,-37.1430966481,12.5));
#2009 = ORIENTED_EDGE('',*,*,#2010,.F.);
#2010 = EDGE_CURVE('',#2011,#1906,#2013,.T.);
#2011 = VERTEX_POINT('',#2012);
#2012 = CARTESIAN_POINT('',(-54.26537180436,-34.4767770082,5.));
#2013 = LINE('',#2014,#2015);
#2014 = CARTESIAN_POINT('',(-54.26537180436,-34.4767770082,-1.));
#2015 = VECTOR('',#2016,1.);
#2016 = DIRECTION('',(0.,0.,1.));
#2017 = ORIENTED_EDGE('',*,*,#2018,.F.);
#2018 = EDGE_CURVE('',#2019,#2011,#2021,.T.);
#2019 = VERTEX_POINT('',#2020);
#2020 = CARTESIAN_POINT('',(-52.39552479966,-36.11206514627,5.));
#2021 = CIRCLE('',#2022,1.65);
#2022 = AXIS2_PLACEMENT_3D('',#2023,#2024,#2025);
#2023 = CARTESIAN_POINT('',(-54.04552479966,-36.11206514627,5.));
#2024 = DIRECTION('',(0.,0.,1.));
#2025 = DIRECTION('',(1.,0.,0.));
#2026 = ORIENTED_EDGE('',*,*,#2027,.F.);
#2027 = EDGE_CURVE('',#380,#2019,#2028,.T.);
#2028 = LINE('',#2029,#2030);
#2029 = CARTESIAN_POINT('',(-52.39552479966,-36.11206514627,-1.));
#2030 = VECTOR('',#2031,1.);
#2031 = DIRECTION('',(0.,0.,1.));
#2032 = ORIENTED_EDGE('',*,*,#379,.T.);
#2033 = ORIENTED_EDGE('',*,*,#2027,.T.);
#2034 = ORIENTED_EDGE('',*,*,#2035,.F.);
#2035 = EDGE_CURVE('',#2036,#2019,#2038,.T.);
#2036 = VERTEX_POINT('',#2037);
#2037 = CARTESIAN_POINT('',(-52.65481573751,-37.,5.));
#2038 = CIRCLE('',#2039,1.65);
#2039 = AXIS2_PLACEMENT_3D('',#2040,#2041,#2042);
#2040 = CARTESIAN_POINT('',(-54.04552479966,-36.11206514627,5.));
#2041 = DIRECTION('',(0.,0.,1.));
#2042 = DIRECTION('',(1.,0.,0.));
#2043 = ORIENTED_EDGE('',*,*,#2044,.T.);
#2044 = EDGE_CURVE('',#2036,#2045,#2047,.T.);
#2045 = VERTEX_POINT('',#2046);
#2046 = CARTESIAN_POINT('',(-52.65481573751,-37.,21.));
#2047 = LINE('',#2048,#2049);
#2048 = CARTESIAN_POINT('',(-52.65481573751,-37.,-1.));
#2049 = VECTOR('',#2050,1.);
#2050 = DIRECTION('',(0.,0.,1.));
#2051 = ORIENTED_EDGE('',*,*,#2052,.T.);
#2052 = EDGE_CURVE('',#2045,#1776,#2053,.T.);
#2053 = CIRCLE('',#2054,1.65);
#2054 = AXIS2_PLACEMENT_3D('',#2055,#2056,#2057);
#2055 = CARTESIAN_POINT('',(-54.04552479966,-36.11206514627,21.));
#2056 = DIRECTION('',(0.,0.,1.));
#2057 = DIRECTION('',(1.,0.,0.));
#2058 = ORIENTED_EDGE('',*,*,#1775,.T.);
#2059 = CYLINDRICAL_SURFACE('',#2060,1.65);
#2060 = AXIS2_PLACEMENT_3D('',#2061,#2062,#2063);
#2061 = CARTESIAN_POINT('',(-54.04552479966,-36.11206514627,-1.));
#2062 = DIRECTION('',(0.,0.,1.));
#2063 = DIRECTION('',(1.,0.,0.));
#2064 = ADVANCED_FACE('',(#2065),#2076,.F.);
#2065 = FACE_BOUND('',#2066,.F.);
#2066 = EDGE_LOOP('',(#2067,#2068,#2074,#2075));
#2067 = ORIENTED_EDGE('',*,*,#779,.F.);
#2068 = ORIENTED_EDGE('',*,*,#2069,.F.);
#2069 = EDGE_CURVE('',#391,#780,#2070,.T.);
#2070 = LINE('',#2071,#2072);
#2071 = CARTESIAN_POINT('',(-11.03087093104,-63.75104322621,-1.));
#2072 = VECTOR('',#2073,1.);
#2073 = DIRECTION('',(0.,0.,1.));
#2074 = ORIENTED_EDGE('',*,*,#390,.T.);
#2075 = ORIENTED_EDGE('',*,*,#2069,.T.);
#2076 = CYLINDRICAL_SURFACE('',#2077,1.65);
#2077 = AXIS2_PLACEMENT_3D('',#2078,#2079,#2080);
#2078 = CARTESIAN_POINT('',(-12.68087093104,-63.75104322621,-1.));
#2079 = DIRECTION('',(0.,0.,1.));
#2080 = DIRECTION('',(1.,0.,0.));
#2081 = ADVANCED_FACE('',(#2082),#2101,.F.);
#2082 = FACE_BOUND('',#2083,.F.);
#2083 = EDGE_LOOP('',(#2084,#2093,#2099,#2100));
#2084 = ORIENTED_EDGE('',*,*,#2085,.F.);
#2085 = EDGE_CURVE('',#2086,#2086,#2088,.T.);
#2086 = VERTEX_POINT('',#2087);
#2087 = CARTESIAN_POINT('',(-62.10104322621,-12.68087093104,24.));
#2088 = CIRCLE('',#2089,1.65);
#2089 = AXIS2_PLACEMENT_3D('',#2090,#2091,#2092);
#2090 = CARTESIAN_POINT('',(-63.75104322621,-12.68087093104,24.));
#2091 = DIRECTION('',(0.,0.,1.));
#2092 = DIRECTION('',(1.,0.,0.));
#2093 = ORIENTED_EDGE('',*,*,#2094,.F.);
#2094 = EDGE_CURVE('',#402,#2086,#2095,.T.);
#2095 = LINE('',#2096,#2097);
#2096 = CARTESIAN_POINT('',(-62.10104322621,-12.68087093104,-1.));
#2097 = VECTOR('',#2098,1.);
#2098 = DIRECTION('',(0.,0.,1.));
#2099 = ORIENTED_EDGE('',*,*,#401,.T.);
#2100 = ORIENTED_EDGE('',*,*,#2094,.T.);
#2101 = CYLINDRICAL_SURFACE('',#2102,1.65);
#2102 = AXIS2_PLACEMENT_3D('',#2103,#2104,#2105);
#2103 = CARTESIAN_POINT('',(-63.75104322621,-12.68087093104,-1.));
#2104 = DIRECTION('',(0.,0.,1.));
#2105 = DIRECTION('',(1.,0.,0.));
#2106 = ADVANCED_FACE('',(#2107),#2118,.F.);
#2107 = FACE_BOUND('',#2108,.F.);
#2108 = EDGE_LOOP('',(#2109,#2110,#2116,#2117));
#2109 = ORIENTED_EDGE('',*,*,#712,.F.);
#2110 = ORIENTED_EDGE('',*,*,#2111,.F.);
#2111 = EDGE_CURVE('',#413,#713,#2112,.T.);
#2112 = LINE('',#2113,#2114);
#2113 = CARTESIAN_POINT('',(14.330870931048,-63.75104322621,-1.));
#2114 = VECTOR('',#2115,1.);
#2115 = DIRECTION('',(0.,0.,1.));
#2116 = ORIENTED_EDGE('',*,*,#412,.T.);
#2117 = ORIENTED_EDGE('',*,*,#2111,.T.);
#2118 = CYLINDRICAL_SURFACE('',#2119,1.65);
#2119 = AXIS2_PLACEMENT_3D('',#2120,#2121,#2122);
#2120 = CARTESIAN_POINT('',(12.680870931048,-63.75104322621,-1.));
#2121 = DIRECTION('',(0.,0.,1.));
#2122 = DIRECTION('',(1.,0.,0.));
#2123 = ADVANCED_FACE('',(#2124),#2135,.F.);
#2124 = FACE_BOUND('',#2125,.F.);
#2125 = EDGE_LOOP('',(#2126,#2127,#2133,#2134));
#2126 = ORIENTED_EDGE('',*,*,#937,.F.);
#2127 = ORIENTED_EDGE('',*,*,#2128,.F.);
#2128 = EDGE_CURVE('',#424,#938,#2129,.T.);
#2129 = LINE('',#2130,#2131);
#2130 = CARTESIAN_POINT('',(37.762065146274,-54.04552479966,-1.));
#2131 = VECTOR('',#2132,1.);
#2132 = DIRECTION('',(0.,0.,1.));
#2133 = ORIENTED_EDGE('',*,*,#423,.T.);
#2134 = ORIENTED_EDGE('',*,*,#2128,.T.);
#2135 = CYLINDRICAL_SURFACE('',#2136,1.65);
#2136 = AXIS2_PLACEMENT_3D('',#2137,#2138,#2139);
#2137 = CARTESIAN_POINT('',(36.112065146274,-54.04552479966,-1.));
#2138 = DIRECTION('',(0.,0.,1.));
#2139 = DIRECTION('',(1.,0.,0.));
#2140 = ADVANCED_FACE('',(#2141),#2152,.F.);
#2141 = FACE_BOUND('',#2142,.F.);
#2142 = EDGE_LOOP('',(#2143,#2144,#2150,#2151));
#2143 = ORIENTED_EDGE('',*,*,#948,.F.);
#2144 = ORIENTED_EDGE('',*,*,#2145,.F.);
#2145 = EDGE_CURVE('',#435,#949,#2146,.T.);
#2146 = LINE('',#2147,#2148);
#2147 = CARTESIAN_POINT('',(55.695524799665,-36.11206514627,-1.));
#2148 = VECTOR('',#2149,1.);
#2149 = DIRECTION('',(0.,0.,1.));
#2150 = ORIENTED_EDGE('',*,*,#434,.T.);
#2151 = ORIENTED_EDGE('',*,*,#2145,.T.);
#2152 = CYLINDRICAL_SURFACE('',#2153,1.65);
#2153 = AXIS2_PLACEMENT_3D('',#2154,#2155,#2156);
#2154 = CARTESIAN_POINT('',(54.045524799665,-36.11206514627,-1.));
#2155 = DIRECTION('',(0.,0.,1.));
#2156 = DIRECTION('',(1.,0.,0.));
#2157 = ADVANCED_FACE('',(#2158),#2177,.F.);
#2158 = FACE_BOUND('',#2159,.F.);
#2159 = EDGE_LOOP('',(#2160,#2169,#2175,#2176));
#2160 = ORIENTED_EDGE('',*,*,#2161,.F.);
#2161 = EDGE_CURVE('',#2162,#2162,#2164,.T.);
#2162 = VERTEX_POINT('',#2163);
#2163 = CARTESIAN_POINT('',(1.65,-20.,2.));
#2164 = CIRCLE('',#2165,1.65);
#2165 = AXIS2_PLACEMENT_3D('',#2166,#2167,#2168);
#2166 = CARTESIAN_POINT('',(0.,-20.,2.));
#2167 = DIRECTION('',(0.,0.,1.));
#2168 = DIRECTION('',(1.,0.,0.));
#2169 = ORIENTED_EDGE('',*,*,#2170,.F.);
#2170 = EDGE_CURVE('',#446,#2162,#2171,.T.);
#2171 = LINE('',#2172,#2173);
#2172 = CARTESIAN_POINT('',(1.65,-20.,-1.));
#2173 = VECTOR('',#2174,1.);
#2174 = DIRECTION('',(0.,0.,1.));
#2175 = ORIENTED_EDGE('',*,*,#445,.T.);
#2176 = ORIENTED_EDGE('',*,*,#2170,.T.);
#2177 = CYLINDRICAL_SURFACE('',#2178,1.65);
#2178 = AXIS2_PLACEMENT_3D('',#2179,#2180,#2181);
#2179 = CARTESIAN_POINT('',(0.,-20.,-1.));
#2180 = DIRECTION('',(0.,0.,1.));
#2181 = DIRECTION('',(1.,0.,0.));
#2182 = ADVANCED_FACE('',(#2183),#2194,.F.);
#2183 = FACE_BOUND('',#2184,.F.);
#2184 = EDGE_LOOP('',(#2185,#2186,#2192,#2193));
#2185 = ORIENTED_EDGE('',*,*,#926,.F.);
#2186 = ORIENTED_EDGE('',*,*,#2187,.F.);
#2187 = EDGE_CURVE('',#457,#927,#2188,.T.);
#2188 = LINE('',#2189,#2190);
#2189 = CARTESIAN_POINT('',(29.65,-32.,-1.));
#2190 = VECTOR('',#2191,1.);
#2191 = DIRECTION('',(0.,0.,1.));
#2192 = ORIENTED_EDGE('',*,*,#456,.T.);
#2193 = ORIENTED_EDGE('',*,*,#2187,.T.);
#2194 = CYLINDRICAL_SURFACE('',#2195,1.65);
#2195 = AXIS2_PLACEMENT_3D('',#2196,#2197,#2198);
#2196 = CARTESIAN_POINT('',(28.,-32.,-1.));
#2197 = DIRECTION('',(0.,0.,1.));
#2198 = DIRECTION('',(1.,0.,0.));
#2199 = ADVANCED_FACE('',(#2200),#2211,.F.);
#2200 = FACE_BOUND('',#2201,.F.);
#2201 = EDGE_LOOP('',(#2202,#2203,#2209,#2210));
#2202 = ORIENTED_EDGE('',*,*,#1040,.F.);
#2203 = ORIENTED_EDGE('',*,*,#2204,.F.);
#2204 = EDGE_CURVE('',#468,#1041,#2205,.T.);
#2205 = LINE('',#2206,#2207);
#2206 = CARTESIAN_POINT('',(65.40104322621,-12.68087093104,-1.));
#2207 = VECTOR('',#2208,1.);
#2208 = DIRECTION('',(0.,0.,1.));
#2209 = ORIENTED_EDGE('',*,*,#467,.T.);
#2210 = ORIENTED_EDGE('',*,*,#2204,.T.);
#2211 = CYLINDRICAL_SURFACE('',#2212,1.65);
#2212 = AXIS2_PLACEMENT_3D('',#2213,#2214,#2215);
#2213 = CARTESIAN_POINT('',(63.75104322621,-12.68087093104,-1.));
#2214 = DIRECTION('',(0.,0.,1.));
#2215 = DIRECTION('',(1.,0.,0.));
#2216 = ADVANCED_FACE('',(#2217),#2236,.F.);
#2217 = FACE_BOUND('',#2218,.F.);
#2218 = EDGE_LOOP('',(#2219,#2228,#2234,#2235));
#2219 = ORIENTED_EDGE('',*,*,#2220,.F.);
#2220 = EDGE_CURVE('',#2221,#2221,#2223,.T.);
#2221 = VERTEX_POINT('',#2222);
#2222 = CARTESIAN_POINT('',(-62.10104322621,12.680870931048,24.));
#2223 = CIRCLE('',#2224,1.65);
#2224 = AXIS2_PLACEMENT_3D('',#2225,#2226,#2227);
#2225 = CARTESIAN_POINT('',(-63.75104322621,12.680870931048,24.));
#2226 = DIRECTION('',(0.,0.,1.));
#2227 = DIRECTION('',(1.,0.,0.));
#2228 = ORIENTED_EDGE('',*,*,#2229,.F.);
#2229 = EDGE_CURVE('',#479,#2221,#2230,.T.);
#2230 = LINE('',#2231,#2232);
#2231 = CARTESIAN_POINT('',(-62.10104322621,12.680870931048,-1.));
#2232 = VECTOR('',#2233,1.);
#2233 = DIRECTION('',(0.,0.,1.));
#2234 = ORIENTED_EDGE('',*,*,#478,.T.);
#2235 = ORIENTED_EDGE('',*,*,#2229,.T.);
#2236 = CYLINDRICAL_SURFACE('',#2237,1.65);
#2237 = AXIS2_PLACEMENT_3D('',#2238,#2239,#2240);
#2238 = CARTESIAN_POINT('',(-63.75104322621,12.680870931048,-1.));
#2239 = DIRECTION('',(0.,0.,1.));
#2240 = DIRECTION('',(1.,0.,0.));
#2241 = ADVANCED_FACE('',(#2242),#2261,.F.);
#2242 = FACE_BOUND('',#2243,.F.);
#2243 = EDGE_LOOP('',(#2244,#2253,#2259,#2260));
#2244 = ORIENTED_EDGE('',*,*,#2245,.F.);
#2245 = EDGE_CURVE('',#2246,#2246,#2248,.T.);
#2246 = VERTEX_POINT('',#2247);
#2247 = CARTESIAN_POINT('',(-26.35,32.,3.5));
#2248 = CIRCLE('',#2249,1.65);
#2249 = AXIS2_PLACEMENT_3D('',#2250,#2251,#2252);
#2250 = CARTESIAN_POINT('',(-28.,32.,3.5));
#2251 = DIRECTION('',(0.,0.,1.));
#2252 = DIRECTION('',(1.,0.,0.));
#2253 = ORIENTED_EDGE('',*,*,#2254,.F.);
#2254 = EDGE_CURVE('',#490,#2246,#2255,.T.);
#2255 = LINE('',#2256,#2257);
#2256 = CARTESIAN_POINT('',(-26.35,32.,-1.));
#2257 = VECTOR('',#2258,1.);
#2258 = DIRECTION('',(0.,0.,1.));
#2259 = ORIENTED_EDGE('',*,*,#489,.T.);
#2260 = ORIENTED_EDGE('',*,*,#2254,.T.);
#2261 = CYLINDRICAL_SURFACE('',#2262,1.65);
#2262 = AXIS2_PLACEMENT_3D('',#2263,#2264,#2265);
#2263 = CARTESIAN_POINT('',(-28.,32.,-1.));
#2264 = DIRECTION('',(0.,0.,1.));
#2265 = DIRECTION('',(1.,0.,0.));
#2266 = ADVANCED_FACE('',(#2267),#2286,.F.);
#2267 = FACE_BOUND('',#2268,.F.);
#2268 = EDGE_LOOP('',(#2269,#2278,#2284,#2285));
#2269 = ORIENTED_EDGE('',*,*,#2270,.F.);
#2270 = EDGE_CURVE('',#2271,#2271,#2273,.T.);
#2271 = VERTEX_POINT('',#2272);
#2272 = CARTESIAN_POINT('',(-52.39552479966,36.112065146274,3.5));
#2273 = CIRCLE('',#2274,1.65);
#2274 = AXIS2_PLACEMENT_3D('',#2275,#2276,#2277);
#2275 = CARTESIAN_POINT('',(-54.04552479966,36.112065146274,3.5));
#2276 = DIRECTION('',(0.,0.,1.));
#2277 = DIRECTION('',(1.,0.,0.));
#2278 = ORIENTED_EDGE('',*,*,#2279,.F.);
#2279 = EDGE_CURVE('',#501,#2271,#2280,.T.);
#2280 = LINE('',#2281,#2282);
#2281 = CARTESIAN_POINT('',(-52.39552479966,36.112065146274,-1.));
#2282 = VECTOR('',#2283,1.);
#2283 = DIRECTION('',(0.,0.,1.));
#2284 = ORIENTED_EDGE('',*,*,#500,.T.);
#2285 = ORIENTED_EDGE('',*,*,#2279,.T.);
#2286 = CYLINDRICAL_SURFACE('',#2287,1.65);
#2287 = AXIS2_PLACEMENT_3D('',#2288,#2289,#2290);
#2288 = CARTESIAN_POINT('',(-54.04552479966,36.112065146274,-1.));
#2289 = DIRECTION('',(0.,0.,1.));
#2290 = DIRECTION('',(1.,0.,0.));
#2291 = ADVANCED_FACE('',(#2292),#2311,.F.);
#2292 = FACE_BOUND('',#2293,.F.);
#2293 = EDGE_LOOP('',(#2294,#2303,#2309,#2310));
#2294 = ORIENTED_EDGE('',*,*,#2295,.F.);
#2295 = EDGE_CURVE('',#2296,#2296,#2298,.T.);
#2296 = VERTEX_POINT('',#2297);
#2297 = CARTESIAN_POINT('',(-34.46206514627,54.045524799665,3.5));
#2298 = CIRCLE('',#2299,1.65);
#2299 = AXIS2_PLACEMENT_3D('',#2300,#2301,#2302);
#2300 = CARTESIAN_POINT('',(-36.11206514627,54.045524799665,3.5));
#2301 = DIRECTION('',(0.,0.,1.));
#2302 = DIRECTION('',(1.,0.,0.));
#2303 = ORIENTED_EDGE('',*,*,#2304,.F.);
#2304 = EDGE_CURVE('',#512,#2296,#2305,.T.);
#2305 = LINE('',#2306,#2307);
#2306 = CARTESIAN_POINT('',(-34.46206514627,54.045524799665,-1.));
#2307 = VECTOR('',#2308,1.);
#2308 = DIRECTION('',(0.,0.,1.));
#2309 = ORIENTED_EDGE('',*,*,#511,.T.);
#2310 = ORIENTED_EDGE('',*,*,#2304,.T.);
#2311 = CYLINDRICAL_SURFACE('',#2312,1.65);
#2312 = AXIS2_PLACEMENT_3D('',#2313,#2314,#2315);
#2313 = CARTESIAN_POINT('',(-36.11206514627,54.045524799665,-1.));
#2314 = DIRECTION('',(0.,0.,1.));
#2315 = DIRECTION('',(1.,0.,0.));
#2316 = ADVANCED_FACE('',(#2317),#2336,.F.);
#2317 = FACE_BOUND('',#2318,.F.);
#2318 = EDGE_LOOP('',(#2319,#2328,#2334,#2335));
#2319 = ORIENTED_EDGE('',*,*,#2320,.F.);
#2320 = EDGE_CURVE('',#2321,#2321,#2323,.T.);
#2321 = VERTEX_POINT('',#2322);
#2322 = CARTESIAN_POINT('',(-11.03087093104,63.75104322621,24.));
#2323 = CIRCLE('',#2324,1.65);
#2324 = AXIS2_PLACEMENT_3D('',#2325,#2326,#2327);
#2325 = CARTESIAN_POINT('',(-12.68087093104,63.75104322621,24.));
#2326 = DIRECTION('',(0.,0.,1.));
#2327 = DIRECTION('',(1.,0.,0.));
#2328 = ORIENTED_EDGE('',*,*,#2329,.F.);
#2329 = EDGE_CURVE('',#523,#2321,#2330,.T.);
#2330 = LINE('',#2331,#2332);
#2331 = CARTESIAN_POINT('',(-11.03087093104,63.75104322621,-1.));
#2332 = VECTOR('',#2333,1.);
#2333 = DIRECTION('',(0.,0.,1.));
#2334 = ORIENTED_EDGE('',*,*,#522,.T.);
#2335 = ORIENTED_EDGE('',*,*,#2329,.T.);
#2336 = CYLINDRICAL_SURFACE('',#2337,1.65);
#2337 = AXIS2_PLACEMENT_3D('',#2338,#2339,#2340);
#2338 = CARTESIAN_POINT('',(-12.68087093104,63.75104322621,-1.));
#2339 = DIRECTION('',(0.,0.,1.));
#2340 = DIRECTION('',(1.,0.,0.));
#2341 = ADVANCED_FACE('',(#2342),#2361,.F.);
#2342 = FACE_BOUND('',#2343,.F.);
#2343 = EDGE_LOOP('',(#2344,#2353,#2359,#2360));
#2344 = ORIENTED_EDGE('',*,*,#2345,.F.);
#2345 = EDGE_CURVE('',#2346,#2346,#2348,.T.);
#2346 = VERTEX_POINT('',#2347);
#2347 = CARTESIAN_POINT('',(1.65,20.,2.));
#2348 = CIRCLE('',#2349,1.65);
#2349 = AXIS2_PLACEMENT_3D('',#2350,#2351,#2352);
#2350 = CARTESIAN_POINT('',(0.,20.,2.));
#2351 = DIRECTION('',(0.,0.,1.));
#2352 = DIRECTION('',(1.,0.,0.));
#2353 = ORIENTED_EDGE('',*,*,#2354,.F.);
#2354 = EDGE_CURVE('',#534,#2346,#2355,.T.);
#2355 = LINE('',#2356,#2357);
#2356 = CARTESIAN_POINT('',(1.65,20.,-1.));
#2357 = VECTOR('',#2358,1.);
#2358 = DIRECTION('',(0.,0.,1.));
#2359 = ORIENTED_EDGE('',*,*,#533,.T.);
#2360 = ORIENTED_EDGE('',*,*,#2354,.T.);
#2361 = CYLINDRICAL_SURFACE('',#2362,1.65);
#2362 = AXIS2_PLACEMENT_3D('',#2363,#2364,#2365);
#2363 = CARTESIAN_POINT('',(0.,20.,-1.));
#2364 = DIRECTION('',(0.,0.,1.));
#2365 = DIRECTION('',(1.,0.,0.));
#2366 = ADVANCED_FACE('',(#2367),#2378,.F.);
#2367 = FACE_BOUND('',#2368,.F.);
#2368 = EDGE_LOOP('',(#2369,#2370,#2376,#2377));
#2369 = ORIENTED_EDGE('',*,*,#1062,.F.);
#2370 = ORIENTED_EDGE('',*,*,#2371,.F.);
#2371 = EDGE_CURVE('',#545,#1063,#2372,.T.);
#2372 = LINE('',#2373,#2374);
#2373 = CARTESIAN_POINT('',(65.40104322621,12.680870931048,-1.));
#2374 = VECTOR('',#2375,1.);
#2375 = DIRECTION('',(0.,0.,1.));
#2376 = ORIENTED_EDGE('',*,*,#544,.T.);
#2377 = ORIENTED_EDGE('',*,*,#2371,.T.);
#2378 = CYLINDRICAL_SURFACE('',#2379,1.65);
#2379 = AXIS2_PLACEMENT_3D('',#2380,#2381,#2382);
#2380 = CARTESIAN_POINT('',(63.75104322621,12.680870931048,-1.));
#2381 = DIRECTION('',(0.,0.,1.));
#2382 = DIRECTION('',(1.,0.,0.));
#2383 = ADVANCED_FACE('',(#2384),#2403,.F.);
#2384 = FACE_BOUND('',#2385,.F.);
#2385 = EDGE_LOOP('',(#2386,#2395,#2401,#2402));
#2386 = ORIENTED_EDGE('',*,*,#2387,.F.);
#2387 = EDGE_CURVE('',#2388,#2388,#2390,.T.);
#2388 = VERTEX_POINT('',#2389);
#2389 = CARTESIAN_POINT('',(14.330870931048,63.75104322621,6.));
#2390 = CIRCLE('',#2391,1.65);
#2391 = AXIS2_PLACEMENT_3D('',#2392,#2393,#2394);
#2392 = CARTESIAN_POINT('',(12.680870931048,63.75104322621,6.));
#2393 = DIRECTION('',(0.,0.,1.));
#2394 = DIRECTION('',(1.,0.,0.));
#2395 = ORIENTED_EDGE('',*,*,#2396,.F.);
#2396 = EDGE_CURVE('',#556,#2388,#2397,.T.);
#2397 = LINE('',#2398,#2399);
#2398 = CARTESIAN_POINT('',(14.330870931048,63.75104322621,-1.));
#2399 = VECTOR('',#2400,1.);
#2400 = DIRECTION('',(0.,0.,1.));
#2401 = ORIENTED_EDGE('',*,*,#555,.T.);
#2402 = ORIENTED_EDGE('',*,*,#2396,.T.);
#2403 = CYLINDRICAL_SURFACE('',#2404,1.65);
#2404 = AXIS2_PLACEMENT_3D('',#2405,#2406,#2407);
#2405 = CARTESIAN_POINT('',(12.680870931048,63.75104322621,-1.));
#2406 = DIRECTION('',(0.,0.,1.));
#2407 = DIRECTION('',(1.,0.,0.));
#2408 = ADVANCED_FACE('',(#2409),#2471,.F.);
#2409 = FACE_BOUND('',#2410,.F.);
#2410 = EDGE_LOOP('',(#2411,#2412,#2418,#2419,#2420,#2426,#2427,#2428,
    #2429,#2437,#2446,#2454,#2463,#2469,#2470));
#2411 = ORIENTED_EDGE('',*,*,#1051,.F.);
#2412 = ORIENTED_EDGE('',*,*,#2413,.F.);
#2413 = EDGE_CURVE('',#1115,#1052,#2414,.T.);
#2414 = LINE('',#2415,#2416);
#2415 = CARTESIAN_POINT('',(55.695524799665,36.112065146274,-1.));
#2416 = VECTOR('',#2417,1.);
#2417 = DIRECTION('',(0.,0.,1.));
#2418 = ORIENTED_EDGE('',*,*,#1350,.T.);
#2419 = ORIENTED_EDGE('',*,*,#1291,.F.);
#2420 = ORIENTED_EDGE('',*,*,#2421,.F.);
#2421 = EDGE_CURVE('',#567,#1208,#2422,.T.);
#2422 = LINE('',#2423,#2424);
#2423 = CARTESIAN_POINT('',(55.695524799665,36.112065146274,-1.));
#2424 = VECTOR('',#2425,1.);
#2425 = DIRECTION('',(0.,0.,1.));
#2426 = ORIENTED_EDGE('',*,*,#566,.T.);
#2427 = ORIENTED_EDGE('',*,*,#2421,.T.);
#2428 = ORIENTED_EDGE('',*,*,#1207,.F.);
#2429 = ORIENTED_EDGE('',*,*,#2430,.F.);
#2430 = EDGE_CURVE('',#2431,#1199,#2433,.T.);
#2431 = VERTEX_POINT('',#2432);
#2432 = CARTESIAN_POINT('',(54.26537180436,34.4767770082,5.));
#2433 = LINE('',#2434,#2435);
#2434 = CARTESIAN_POINT('',(54.26537180436,34.4767770082,-1.));
#2435 = VECTOR('',#2436,1.);
#2436 = DIRECTION('',(0.,0.,1.));
#2437 = ORIENTED_EDGE('',*,*,#2438,.F.);
#2438 = EDGE_CURVE('',#2439,#2431,#2441,.T.);
#2439 = VERTEX_POINT('',#2440);
#2440 = CARTESIAN_POINT('',(52.654815737518,37.,5.));
#2441 = CIRCLE('',#2442,1.65);
#2442 = AXIS2_PLACEMENT_3D('',#2443,#2444,#2445);
#2443 = CARTESIAN_POINT('',(54.045524799665,36.112065146274,5.));
#2444 = DIRECTION('',(0.,0.,1.));
#2445 = DIRECTION('',(1.,0.,0.));
#2446 = ORIENTED_EDGE('',*,*,#2447,.T.);
#2447 = EDGE_CURVE('',#2439,#2448,#2450,.T.);
#2448 = VERTEX_POINT('',#2449);
#2449 = CARTESIAN_POINT('',(52.654815737518,37.,21.));
#2450 = LINE('',#2451,#2452);
#2451 = CARTESIAN_POINT('',(52.654815737518,37.,-1.));
#2452 = VECTOR('',#2453,1.);
#2453 = DIRECTION('',(0.,0.,1.));
#2454 = ORIENTED_EDGE('',*,*,#2455,.T.);
#2455 = EDGE_CURVE('',#2448,#2456,#2458,.T.);
#2456 = VERTEX_POINT('',#2457);
#2457 = CARTESIAN_POINT('',(54.26537180436,34.4767770082,21.));
#2458 = CIRCLE('',#2459,1.65);
#2459 = AXIS2_PLACEMENT_3D('',#2460,#2461,#2462);
#2460 = CARTESIAN_POINT('',(54.045524799665,36.112065146274,21.));
#2461 = DIRECTION('',(0.,0.,1.));
#2462 = DIRECTION('',(1.,0.,0.));
#2463 = ORIENTED_EDGE('',*,*,#2464,.F.);
#2464 = EDGE_CURVE('',#1113,#2456,#2465,.T.);
#2465 = LINE('',#2466,#2467);
#2466 = CARTESIAN_POINT('',(54.26537180436,34.4767770082,-1.));
#2467 = VECTOR('',#2468,1.);
#2468 = DIRECTION('',(0.,0.,1.));
#2469 = ORIENTED_EDGE('',*,*,#1112,.T.);
#2470 = ORIENTED_EDGE('',*,*,#2413,.T.);
#2471 = CYLINDRICAL_SURFACE('',#2472,1.65);
#2472 = AXIS2_PLACEMENT_3D('',#2473,#2474,#2475);
#2473 = CARTESIAN_POINT('',(54.045524799665,36.112065146274,-1.));
#2474 = DIRECTION('',(0.,0.,1.));
#2475 = DIRECTION('',(1.,0.,0.));
#2476 = ADVANCED_FACE('',(#2477),#2495,.F.);
#2477 = FACE_BOUND('',#2478,.F.);
#2478 = EDGE_LOOP('',(#2479,#2480,#2481,#2489));
#2479 = ORIENTED_EDGE('',*,*,#704,.F.);
#2480 = ORIENTED_EDGE('',*,*,#600,.T.);
#2481 = ORIENTED_EDGE('',*,*,#2482,.T.);
#2482 = EDGE_CURVE('',#593,#2483,#2485,.T.);
#2483 = VERTEX_POINT('',#2484);
#2484 = CARTESIAN_POINT('',(-9.009618943233,-45.60511776651,2.));
#2485 = LINE('',#2486,#2487);
#2486 = CARTESIAN_POINT('',(-34.99038105676,-30.60511776651,2.));
#2487 = VECTOR('',#2488,1.);
#2488 = DIRECTION('',(0.866025403784,-0.5,0.));
#2489 = ORIENTED_EDGE('',*,*,#2490,.T.);
#2490 = EDGE_CURVE('',#2483,#697,#2491,.T.);
#2491 = LINE('',#2492,#2493);
#2492 = CARTESIAN_POINT('',(-9.009618943233,-45.60511776651,2.));
#2493 = VECTOR('',#2494,1.);
#2494 = DIRECTION('',(0.,0.,1.));
#2495 = PLANE('',#2496);
#2496 = AXIS2_PLACEMENT_3D('',#2497,#2498,#2499);
#2497 = CARTESIAN_POINT('',(-34.99038105676,-30.60511776651,2.));
#2498 = DIRECTION('',(-0.5,-0.866025403784,0.));
#2499 = DIRECTION('',(0.,0.,1.));
#2500 = ADVANCED_FACE('',(#2501,#2537),#2540,.T.);
#2501 = FACE_BOUND('',#2502,.T.);
#2502 = EDGE_LOOP('',(#2503,#2511,#2519,#2527,#2533,#2534,#2535,#2536));
#2503 = ORIENTED_EDGE('',*,*,#2504,.F.);
#2504 = EDGE_CURVE('',#2505,#2483,#2507,.T.);
#2505 = VERTEX_POINT('',#2506);
#2506 = CARTESIAN_POINT('',(6.990381056767,-17.89230484541,2.));
#2507 = LINE('',#2508,#2509);
#2508 = CARTESIAN_POINT('',(6.990381056767,-17.89230484541,2.));
#2509 = VECTOR('',#2510,1.);
#2510 = DIRECTION('',(-0.5,-0.866025403784,0.));
#2511 = ORIENTED_EDGE('',*,*,#2512,.F.);
#2512 = EDGE_CURVE('',#2513,#2505,#2515,.T.);
#2513 = VERTEX_POINT('',#2514);
#2514 = CARTESIAN_POINT('',(-18.99038105676,-2.892304845413,2.));
#2515 = LINE('',#2516,#2517);
#2516 = CARTESIAN_POINT('',(-18.99038105676,-2.892304845413,2.));
#2517 = VECTOR('',#2518,1.);
#2518 = DIRECTION('',(0.866025403784,-0.5,0.));
#2519 = ORIENTED_EDGE('',*,*,#2520,.T.);
#2520 = EDGE_CURVE('',#2513,#2521,#2523,.T.);
#2521 = VERTEX_POINT('',#2522);
#2522 = CARTESIAN_POINT('',(-34.99038105676,-30.60511776651,2.));
#2523 = LINE('',#2524,#2525);
#2524 = CARTESIAN_POINT('',(-18.99038105676,-2.892304845413,2.));
#2525 = VECTOR('',#2526,1.);
#2526 = DIRECTION('',(-0.5,-0.866025403784,0.));
#2527 = ORIENTED_EDGE('',*,*,#2528,.T.);
#2528 = EDGE_CURVE('',#2521,#1719,#2529,.T.);
#2529 = LINE('',#2530,#2531);
#2530 = CARTESIAN_POINT('',(-34.99038105676,-30.60511776651,2.));
#2531 = VECTOR('',#2532,1.);
#2532 = DIRECTION('',(0.866025403784,-0.5,0.));
#2533 = ORIENTED_EDGE('',*,*,#1718,.F.);
#2534 = ORIENTED_EDGE('',*,*,#1752,.F.);
#2535 = ORIENTED_EDGE('',*,*,#592,.T.);
#2536 = ORIENTED_EDGE('',*,*,#2482,.T.);
#2537 = FACE_BOUND('',#2538,.T.);
#2538 = EDGE_LOOP('',(#2539));
#2539 = ORIENTED_EDGE('',*,*,#2161,.F.);
#2540 = PLANE('',#2541);
#2541 = AXIS2_PLACEMENT_3D('',#2542,#2543,#2544);
#2542 = CARTESIAN_POINT('',(-18.99038105676,-2.892304845413,2.));
#2543 = DIRECTION('',(0.,0.,1.));
#2544 = DIRECTION('',(-0.5,-0.866025403784,0.));
#2545 = ADVANCED_FACE('',(#2546),#2582,.F.);
#2546 = FACE_BOUND('',#2547,.F.);
#2547 = EDGE_LOOP('',(#2548,#2549,#2550,#2556,#2557,#2558,#2566,#2574,
    #2580,#2581));
#2548 = ORIENTED_EDGE('',*,*,#2490,.F.);
#2549 = ORIENTED_EDGE('',*,*,#2504,.F.);
#2550 = ORIENTED_EDGE('',*,*,#2551,.T.);
#2551 = EDGE_CURVE('',#2505,#903,#2552,.T.);
#2552 = LINE('',#2553,#2554);
#2553 = CARTESIAN_POINT('',(6.990381056767,-17.89230484541,2.));
#2554 = VECTOR('',#2555,1.);
#2555 = DIRECTION('',(0.,0.,1.));
#2556 = ORIENTED_EDGE('',*,*,#910,.T.);
#2557 = ORIENTED_EDGE('',*,*,#844,.T.);
#2558 = ORIENTED_EDGE('',*,*,#2559,.T.);
#2559 = EDGE_CURVE('',#845,#2560,#2562,.T.);
#2560 = VERTEX_POINT('',#2561);
#2561 = CARTESIAN_POINT('',(1.154700538379,-28.,8.));
#2562 = LINE('',#2563,#2564);
#2563 = CARTESIAN_POINT('',(3.428203230275,-24.06217782649,8.));
#2564 = VECTOR('',#2565,1.);
#2565 = DIRECTION('',(-0.5,-0.866025403784,0.));
#2566 = ORIENTED_EDGE('',*,*,#2567,.T.);
#2567 = EDGE_CURVE('',#2560,#2568,#2570,.T.);
#2568 = VERTEX_POINT('',#2569);
#2569 = CARTESIAN_POINT('',(1.154700538379,-28.,20.));
#2570 = LINE('',#2571,#2572);
#2571 = CARTESIAN_POINT('',(1.154700538379,-28.,5.));
#2572 = VECTOR('',#2573,1.);
#2573 = DIRECTION('',(0.,0.,1.));
#2574 = ORIENTED_EDGE('',*,*,#2575,.F.);
#2575 = EDGE_CURVE('',#869,#2568,#2576,.T.);
#2576 = LINE('',#2577,#2578);
#2577 = CARTESIAN_POINT('',(3.428203230275,-24.06217782649,20.));
#2578 = VECTOR('',#2579,1.);
#2579 = DIRECTION('',(-0.5,-0.866025403784,0.));
#2580 = ORIENTED_EDGE('',*,*,#876,.T.);
#2581 = ORIENTED_EDGE('',*,*,#696,.T.);
#2582 = PLANE('',#2583);
#2583 = AXIS2_PLACEMENT_3D('',#2584,#2585,#2586);
#2584 = CARTESIAN_POINT('',(6.990381056767,-17.89230484541,2.));
#2585 = DIRECTION('',(0.866025403784,-0.5,0.));
#2586 = DIRECTION('',(0.,0.,1.));
#2587 = ADVANCED_FACE('',(#2588),#2599,.T.);
#2588 = FACE_BOUND('',#2589,.T.);
#2589 = EDGE_LOOP('',(#2590,#2591,#2597,#2598));
#2590 = ORIENTED_EDGE('',*,*,#769,.F.);
#2591 = ORIENTED_EDGE('',*,*,#2592,.T.);
#2592 = EDGE_CURVE('',#762,#634,#2593,.T.);
#2593 = LINE('',#2594,#2595);
#2594 = CARTESIAN_POINT('',(-2.41154273188,-40.17691453624,6.));
#2595 = VECTOR('',#2596,1.);
#2596 = DIRECTION('',(0.,0.,1.));
#2597 = ORIENTED_EDGE('',*,*,#633,.T.);
#2598 = ORIENTED_EDGE('',*,*,#729,.F.);
#2599 = PLANE('',#2600);
#2600 = AXIS2_PLACEMENT_3D('',#2601,#2602,#2603);
#2601 = CARTESIAN_POINT('',(-2.41154273188,-40.17691453624,6.));
#2602 = DIRECTION('',(0.866025403784,-0.5,0.));
#2603 = DIRECTION('',(0.,0.,1.));
#2604 = ADVANCED_FACE('',(#2605),#2611,.T.);
#2605 = FACE_BOUND('',#2606,.T.);
#2606 = EDGE_LOOP('',(#2607,#2608,#2609,#2610));
#2607 = ORIENTED_EDGE('',*,*,#2592,.F.);
#2608 = ORIENTED_EDGE('',*,*,#761,.T.);
#2609 = ORIENTED_EDGE('',*,*,#797,.T.);
#2610 = ORIENTED_EDGE('',*,*,#641,.F.);
#2611 = PLANE('',#2612);
#2612 = AXIS2_PLACEMENT_3D('',#2613,#2614,#2615);
#2613 = CARTESIAN_POINT('',(-2.41154273188,-40.17691453624,6.));
#2614 = DIRECTION('',(-0.5,-0.866025403784,0.));
#2615 = DIRECTION('',(0.,0.,1.));
#2616 = ADVANCED_FACE('',(#2617),#2635,.F.);
#2617 = FACE_BOUND('',#2618,.F.);
#2618 = EDGE_LOOP('',(#2619,#2627,#2628,#2629));
#2619 = ORIENTED_EDGE('',*,*,#2620,.F.);
#2620 = EDGE_CURVE('',#805,#2621,#2623,.T.);
#2621 = VERTEX_POINT('',#2622);
#2622 = CARTESIAN_POINT('',(5.,-56.,16.));
#2623 = LINE('',#2624,#2625);
#2624 = CARTESIAN_POINT('',(-5.,-56.,16.));
#2625 = VECTOR('',#2626,1.);
#2626 = DIRECTION('',(1.,0.,0.));
#2627 = ORIENTED_EDGE('',*,*,#804,.T.);
#2628 = ORIENTED_EDGE('',*,*,#657,.T.);
#2629 = ORIENTED_EDGE('',*,*,#2630,.F.);
#2630 = EDGE_CURVE('',#2621,#658,#2631,.T.);
#2631 = LINE('',#2632,#2633);
#2632 = CARTESIAN_POINT('',(5.,-56.,16.));
#2633 = VECTOR('',#2634,1.);
#2634 = DIRECTION('',(0.,0.,1.));
#2635 = PLANE('',#2636);
#2636 = AXIS2_PLACEMENT_3D('',#2637,#2638,#2639);
#2637 = CARTESIAN_POINT('',(-5.,-56.,16.));
#2638 = DIRECTION('',(0.,1.,0.));
#2639 = DIRECTION('',(0.,0.,1.));
#2640 = ADVANCED_FACE('',(#2641),#2659,.T.);
#2641 = FACE_BOUND('',#2642,.T.);
#2642 = EDGE_LOOP('',(#2643,#2651,#2652,#2653));
#2643 = ORIENTED_EDGE('',*,*,#2644,.F.);
#2644 = EDGE_CURVE('',#813,#2645,#2647,.T.);
#2645 = VERTEX_POINT('',#2646);
#2646 = CARTESIAN_POINT('',(5.,-62.,16.));
#2647 = LINE('',#2648,#2649);
#2648 = CARTESIAN_POINT('',(-5.,-62.,16.));
#2649 = VECTOR('',#2650,1.);
#2650 = DIRECTION('',(1.,0.,0.));
#2651 = ORIENTED_EDGE('',*,*,#820,.T.);
#2652 = ORIENTED_EDGE('',*,*,#673,.T.);
#2653 = ORIENTED_EDGE('',*,*,#2654,.F.);
#2654 = EDGE_CURVE('',#2645,#666,#2655,.T.);
#2655 = LINE('',#2656,#2657);
#2656 = CARTESIAN_POINT('',(5.,-62.,16.));
#2657 = VECTOR('',#2658,1.);
#2658 = DIRECTION('',(0.,0.,1.));
#2659 = PLANE('',#2660);
#2660 = AXIS2_PLACEMENT_3D('',#2661,#2662,#2663);
#2661 = CARTESIAN_POINT('',(-5.,-62.,16.));
#2662 = DIRECTION('',(0.,1.,0.));
#2663 = DIRECTION('',(0.,0.,1.));
#2664 = ADVANCED_FACE('',(#2665),#2676,.F.);
#2665 = FACE_BOUND('',#2666,.F.);
#2666 = EDGE_LOOP('',(#2667,#2668,#2674,#2675));
#2667 = ORIENTED_EDGE('',*,*,#2654,.F.);
#2668 = ORIENTED_EDGE('',*,*,#2669,.T.);
#2669 = EDGE_CURVE('',#2645,#2621,#2670,.T.);
#2670 = LINE('',#2671,#2672);
#2671 = CARTESIAN_POINT('',(5.,-62.,16.));
#2672 = VECTOR('',#2673,1.);
#2673 = DIRECTION('',(0.,1.,0.));
#2674 = ORIENTED_EDGE('',*,*,#2630,.T.);
#2675 = ORIENTED_EDGE('',*,*,#665,.F.);
#2676 = PLANE('',#2677);
#2677 = AXIS2_PLACEMENT_3D('',#2678,#2679,#2680);
#2678 = CARTESIAN_POINT('',(5.,-62.,16.));
#2679 = DIRECTION('',(1.,0.,0.));
#2680 = DIRECTION('',(0.,0.,1.));
#2681 = ADVANCED_FACE('',(#2682),#2688,.T.);
#2682 = FACE_BOUND('',#2683,.T.);
#2683 = EDGE_LOOP('',(#2684,#2685,#2686,#2687));
#2684 = ORIENTED_EDGE('',*,*,#2620,.F.);
#2685 = ORIENTED_EDGE('',*,*,#812,.T.);
#2686 = ORIENTED_EDGE('',*,*,#2644,.T.);
#2687 = ORIENTED_EDGE('',*,*,#2669,.T.);
#2688 = PLANE('',#2689);
#2689 = AXIS2_PLACEMENT_3D('',#2690,#2691,#2692);
#2690 = CARTESIAN_POINT('',(-5.,-62.,16.));
#2691 = DIRECTION('',(0.,0.,1.));
#2692 = DIRECTION('',(1.,0.,0.));
#2693 = ADVANCED_FACE('',(#2694),#2712,.F.);
#2694 = FACE_BOUND('',#2695,.F.);
#2695 = EDGE_LOOP('',(#2696,#2697,#2705,#2711));
#2696 = ORIENTED_EDGE('',*,*,#2575,.T.);
#2697 = ORIENTED_EDGE('',*,*,#2698,.T.);
#2698 = EDGE_CURVE('',#2568,#2699,#2701,.T.);
#2699 = VERTEX_POINT('',#2700);
#2700 = CARTESIAN_POINT('',(4.,-28.,20.));
#2701 = LINE('',#2702,#2703);
#2702 = CARTESIAN_POINT('',(-4.,-28.,20.));
#2703 = VECTOR('',#2704,1.);
#2704 = DIRECTION('',(1.,0.,0.));
#2705 = ORIENTED_EDGE('',*,*,#2706,.T.);
#2706 = EDGE_CURVE('',#2699,#861,#2707,.T.);
#2707 = LINE('',#2708,#2709);
#2708 = CARTESIAN_POINT('',(4.,-28.,20.));
#2709 = VECTOR('',#2710,1.);
#2710 = DIRECTION('',(0.,1.,0.));
#2711 = ORIENTED_EDGE('',*,*,#868,.F.);
#2712 = PLANE('',#2713);
#2713 = AXIS2_PLACEMENT_3D('',#2714,#2715,#2716);
#2714 = CARTESIAN_POINT('',(-4.,-28.,20.));
#2715 = DIRECTION('',(0.,0.,1.));
#2716 = DIRECTION('',(1.,0.,0.));
#2717 = ADVANCED_FACE('',(#2718),#2736,.F.);
#2718 = FACE_BOUND('',#2719,.F.);
#2719 = EDGE_LOOP('',(#2720,#2721,#2729,#2735));
#2720 = ORIENTED_EDGE('',*,*,#2706,.F.);
#2721 = ORIENTED_EDGE('',*,*,#2722,.F.);
#2722 = EDGE_CURVE('',#2723,#2699,#2725,.T.);
#2723 = VERTEX_POINT('',#2724);
#2724 = CARTESIAN_POINT('',(4.,-28.,8.));
#2725 = LINE('',#2726,#2727);
#2726 = CARTESIAN_POINT('',(4.,-28.,8.));
#2727 = VECTOR('',#2728,1.);
#2728 = DIRECTION('',(0.,0.,1.));
#2729 = ORIENTED_EDGE('',*,*,#2730,.T.);
#2730 = EDGE_CURVE('',#2723,#853,#2731,.T.);
#2731 = LINE('',#2732,#2733);
#2732 = CARTESIAN_POINT('',(4.,-28.,8.));
#2733 = VECTOR('',#2734,1.);
#2734 = DIRECTION('',(0.,1.,0.));
#2735 = ORIENTED_EDGE('',*,*,#860,.F.);
#2736 = PLANE('',#2737);
#2737 = AXIS2_PLACEMENT_3D('',#2738,#2739,#2740);
#2738 = CARTESIAN_POINT('',(4.,-28.,8.));
#2739 = DIRECTION('',(1.,0.,0.));
#2740 = DIRECTION('',(0.,0.,1.));
#2741 = ADVANCED_FACE('',(#2742),#2753,.T.);
#2742 = FACE_BOUND('',#2743,.T.);
#2743 = EDGE_LOOP('',(#2744,#2745,#2751,#2752));
#2744 = ORIENTED_EDGE('',*,*,#2559,.T.);
#2745 = ORIENTED_EDGE('',*,*,#2746,.T.);
#2746 = EDGE_CURVE('',#2560,#2723,#2747,.T.);
#2747 = LINE('',#2748,#2749);
#2748 = CARTESIAN_POINT('',(-4.,-28.,8.));
#2749 = VECTOR('',#2750,1.);
#2750 = DIRECTION('',(1.,0.,0.));
#2751 = ORIENTED_EDGE('',*,*,#2730,.T.);
#2752 = ORIENTED_EDGE('',*,*,#852,.F.);
#2753 = PLANE('',#2754);
#2754 = AXIS2_PLACEMENT_3D('',#2755,#2756,#2757);
#2755 = CARTESIAN_POINT('',(-4.,-28.,8.));
#2756 = DIRECTION('',(0.,0.,1.));
#2757 = DIRECTION('',(1.,0.,0.));
#2758 = ADVANCED_FACE('',(#2759),#2825,.T.);
#2759 = FACE_BOUND('',#2760,.T.);
#2760 = EDGE_LOOP('',(#2761,#2771,#2779,#2787,#2795,#2803,#2809,#2810,
    #2811,#2819));
#2761 = ORIENTED_EDGE('',*,*,#2762,.F.);
#2762 = EDGE_CURVE('',#2763,#2765,#2767,.T.);
#2763 = VERTEX_POINT('',#2764);
#2764 = CARTESIAN_POINT('',(2.870871447358,-15.51390486349,24.));
#2765 = VERTEX_POINT('',#2766);
#2766 = CARTESIAN_POINT('',(6.38477631085,-12.,24.));
#2767 = LINE('',#2768,#2769);
#2768 = CARTESIAN_POINT('',(-1.767766952966,-20.15254326381,24.));
#2769 = VECTOR('',#2770,1.);
#2770 = DIRECTION('',(0.707106781187,0.707106781187,0.));
#2771 = ORIENTED_EDGE('',*,*,#2772,.F.);
#2772 = EDGE_CURVE('',#2773,#2763,#2775,.T.);
#2773 = VERTEX_POINT('',#2774);
#2774 = CARTESIAN_POINT('',(2.870871447358,-15.51390486349,20.));
#2775 = LINE('',#2776,#2777);
#2776 = CARTESIAN_POINT('',(2.870871447358,-15.51390486349,2.75));
#2777 = VECTOR('',#2778,1.);
#2778 = DIRECTION('',(0.,0.,1.));
#2779 = ORIENTED_EDGE('',*,*,#2780,.F.);
#2780 = EDGE_CURVE('',#2781,#2773,#2783,.T.);
#2781 = VERTEX_POINT('',#2782);
#2782 = CARTESIAN_POINT('',(4.,-14.38477631085,20.));
#2783 = LINE('',#2784,#2785);
#2784 = CARTESIAN_POINT('',(-4.287689398771,-22.67246570962,20.));
#2785 = VECTOR('',#2786,1.);
#2786 = DIRECTION('',(-0.707106781187,-0.707106781187,0.));
#2787 = ORIENTED_EDGE('',*,*,#2788,.F.);
#2788 = EDGE_CURVE('',#2789,#2781,#2791,.T.);
#2789 = VERTEX_POINT('',#2790);
#2790 = CARTESIAN_POINT('',(4.,-14.38477631085,8.));
#2791 = LINE('',#2792,#2793);
#2792 = CARTESIAN_POINT('',(4.,-14.38477631085,5.75));
#2793 = VECTOR('',#2794,1.);
#2794 = DIRECTION('',(0.,0.,1.));
#2795 = ORIENTED_EDGE('',*,*,#2796,.T.);
#2796 = EDGE_CURVE('',#2789,#2797,#2799,.T.);
#2797 = VERTEX_POINT('',#2798);
#2798 = CARTESIAN_POINT('',(2.870871447358,-15.51390486349,8.));
#2799 = LINE('',#2800,#2801);
#2800 = CARTESIAN_POINT('',(-4.287689398771,-22.67246570962,8.));
#2801 = VECTOR('',#2802,1.);
#2802 = DIRECTION('',(-0.707106781187,-0.707106781187,0.));
#2803 = ORIENTED_EDGE('',*,*,#2804,.F.);
#2804 = EDGE_CURVE('',#893,#2797,#2805,.T.);
#2805 = LINE('',#2806,#2807);
#2806 = CARTESIAN_POINT('',(2.870871447358,-15.51390486349,2.75));
#2807 = VECTOR('',#2808,1.);
#2808 = DIRECTION('',(0.,0.,1.));
#2809 = ORIENTED_EDGE('',*,*,#892,.T.);
#2810 = ORIENTED_EDGE('',*,*,#966,.T.);
#2811 = ORIENTED_EDGE('',*,*,#2812,.F.);
#2812 = EDGE_CURVE('',#2813,#967,#2815,.T.);
#2813 = VERTEX_POINT('',#2814);
#2814 = CARTESIAN_POINT('',(6.38477631085,-12.,4.));
#2815 = LINE('',#2816,#2817);
#2816 = CARTESIAN_POINT('',(-5.287689398771,-23.67246570962,4.));
#2817 = VECTOR('',#2818,1.);
#2818 = DIRECTION('',(0.707106781187,0.707106781187,0.));
#2819 = ORIENTED_EDGE('',*,*,#2820,.F.);
#2820 = EDGE_CURVE('',#2765,#2813,#2821,.T.);
#2821 = LINE('',#2822,#2823);
#2822 = CARTESIAN_POINT('',(6.38477631085,-12.,3.75));
#2823 = VECTOR('',#2824,1.);
#2824 = DIRECTION('',(0.,0.,-1.));
#2825 = PLANE('',#2826);
#2826 = AXIS2_PLACEMENT_3D('',#2827,#2828,#2829);
#2827 = CARTESIAN_POINT('',(-1.767766952966,-20.15254326381,3.5));
#2828 = DIRECTION('',(0.707106781187,-0.707106781187,0.));
#2829 = DIRECTION('',(0.,0.,1.));
#2830 = ADVANCED_FACE('',(#2831),#2867,.T.);
#2831 = FACE_BOUND('',#2832,.T.);
#2832 = EDGE_LOOP('',(#2833,#2841,#2842,#2843,#2844,#2845,#2853,#2861));
#2833 = ORIENTED_EDGE('',*,*,#2834,.F.);
#2834 = EDGE_CURVE('',#2513,#2835,#2837,.T.);
#2835 = VERTEX_POINT('',#2836);
#2836 = CARTESIAN_POINT('',(-18.99038105676,-2.892304845413,4.));
#2837 = LINE('',#2838,#2839);
#2838 = CARTESIAN_POINT('',(-18.99038105676,-2.892304845413,2.));
#2839 = VECTOR('',#2840,1.);
#2840 = DIRECTION('',(0.,0.,1.));
#2841 = ORIENTED_EDGE('',*,*,#2512,.T.);
#2842 = ORIENTED_EDGE('',*,*,#2551,.T.);
#2843 = ORIENTED_EDGE('',*,*,#902,.T.);
#2844 = ORIENTED_EDGE('',*,*,#2804,.T.);
#2845 = ORIENTED_EDGE('',*,*,#2846,.T.);
#2846 = EDGE_CURVE('',#2797,#2847,#2849,.T.);
#2847 = VERTEX_POINT('',#2848);
#2848 = CARTESIAN_POINT('',(-3.215390309173,-12.,8.));
#2849 = LINE('',#2850,#2851);
#2850 = CARTESIAN_POINT('',(-7.933012701892,-9.276279441629,8.));
#2851 = VECTOR('',#2852,1.);
#2852 = DIRECTION('',(-0.866025403784,0.5,0.));
#2853 = ORIENTED_EDGE('',*,*,#2854,.F.);
#2854 = EDGE_CURVE('',#2855,#2847,#2857,.T.);
#2855 = VERTEX_POINT('',#2856);
#2856 = CARTESIAN_POINT('',(-3.215390309173,-12.,4.));
#2857 = LINE('',#2858,#2859);
#2858 = CARTESIAN_POINT('',(-3.215390309173,-12.,3.));
#2859 = VECTOR('',#2860,1.);
#2860 = DIRECTION('',(0.,0.,1.));
#2861 = ORIENTED_EDGE('',*,*,#2862,.F.);
#2862 = EDGE_CURVE('',#2835,#2855,#2863,.T.);
#2863 = LINE('',#2864,#2865);
#2864 = CARTESIAN_POINT('',(-18.89711431703,-2.946152422707,4.));
#2865 = VECTOR('',#2866,1.);
#2866 = DIRECTION('',(0.866025403784,-0.5,0.));
#2867 = PLANE('',#2868);
#2868 = AXIS2_PLACEMENT_3D('',#2869,#2870,#2871);
#2869 = CARTESIAN_POINT('',(-18.99038105676,-2.892304845413,2.));
#2870 = DIRECTION('',(-0.5,-0.866025403784,0.));
#2871 = DIRECTION('',(0.,0.,1.));
#2872 = ADVANCED_FACE('',(#2873),#2891,.F.);
#2873 = FACE_BOUND('',#2874,.F.);
#2874 = EDGE_LOOP('',(#2875,#2876,#2884,#2890));
#2875 = ORIENTED_EDGE('',*,*,#982,.F.);
#2876 = ORIENTED_EDGE('',*,*,#2877,.T.);
#2877 = EDGE_CURVE('',#975,#2878,#2880,.T.);
#2878 = VERTEX_POINT('',#2879);
#2879 = CARTESIAN_POINT('',(24.,11.569219381653,4.));
#2880 = LINE('',#2881,#2882);
#2881 = CARTESIAN_POINT('',(24.,-12.,4.));
#2882 = VECTOR('',#2883,1.);
#2883 = DIRECTION('',(0.,1.,0.));
#2884 = ORIENTED_EDGE('',*,*,#2885,.T.);
#2885 = EDGE_CURVE('',#2878,#1025,#2886,.T.);
#2886 = LINE('',#2887,#2888);
#2887 = CARTESIAN_POINT('',(24.,11.569219381653,3.));
#2888 = VECTOR('',#2889,1.);
#2889 = DIRECTION('',(0.,0.,1.));
#2890 = ORIENTED_EDGE('',*,*,#1032,.F.);
#2891 = PLANE('',#2892);
#2892 = AXIS2_PLACEMENT_3D('',#2893,#2894,#2895);
#2893 = CARTESIAN_POINT('',(24.,-12.,4.));
#2894 = DIRECTION('',(1.,0.,0.));
#2895 = DIRECTION('',(0.,0.,1.));
#2896 = ADVANCED_FACE('',(#2897),#2963,.T.);
#2897 = FACE_BOUND('',#2898,.T.);
#2898 = EDGE_LOOP('',(#2899,#2909,#2917,#2925,#2933,#2939,#2940,#2946,
    #2947,#2948,#2949,#2957));
#2899 = ORIENTED_EDGE('',*,*,#2900,.F.);
#2900 = EDGE_CURVE('',#2901,#2903,#2905,.T.);
#2901 = VERTEX_POINT('',#2902);
#2902 = CARTESIAN_POINT('',(-6.38477631085,12.,4.));
#2903 = VERTEX_POINT('',#2904);
#2904 = CARTESIAN_POINT('',(3.215390309173,12.,4.));
#2905 = LINE('',#2906,#2907);
#2906 = CARTESIAN_POINT('',(-24.,12.,4.));
#2907 = VECTOR('',#2908,1.);
#2908 = DIRECTION('',(1.,0.,0.));
#2909 = ORIENTED_EDGE('',*,*,#2910,.T.);
#2910 = EDGE_CURVE('',#2901,#2911,#2913,.T.);
#2911 = VERTEX_POINT('',#2912);
#2912 = CARTESIAN_POINT('',(-20.15254326381,-1.767766952966,4.));
#2913 = LINE('',#2914,#2915);
#2914 = CARTESIAN_POINT('',(-12.71231060122,5.672465709621,4.));
#2915 = VECTOR('',#2916,1.);
#2916 = DIRECTION('',(-0.707106781187,-0.707106781187,0.));
#2917 = ORIENTED_EDGE('',*,*,#2918,.F.);
#2918 = EDGE_CURVE('',#2919,#2911,#2921,.T.);
#2919 = VERTEX_POINT('',#2920);
#2920 = CARTESIAN_POINT('',(-24.,2.079689783217,4.));
#2921 = LINE('',#2922,#2923);
#2922 = CARTESIAN_POINT('',(-18.5563491861,-3.363961030679,4.));
#2923 = VECTOR('',#2924,1.);
#2924 = DIRECTION('',(0.707106781187,-0.707106781187,0.));
#2925 = ORIENTED_EDGE('',*,*,#2926,.F.);
#2926 = EDGE_CURVE('',#2927,#2919,#2929,.T.);
#2927 = VERTEX_POINT('',#2928);
#2928 = CARTESIAN_POINT('',(-24.,-11.56921938165,4.));
#2929 = LINE('',#2930,#2931);
#2930 = CARTESIAN_POINT('',(-24.,-12.,4.));
#2931 = VECTOR('',#2932,1.);
#2932 = DIRECTION('',(0.,1.,0.));
#2933 = ORIENTED_EDGE('',*,*,#2934,.T.);
#2934 = EDGE_CURVE('',#2927,#2835,#2935,.T.);
#2935 = LINE('',#2936,#2937);
#2936 = CARTESIAN_POINT('',(-21.58845726812,-7.392304845413,4.));
#2937 = VECTOR('',#2938,1.);
#2938 = DIRECTION('',(0.5,0.866025403784,0.));
#2939 = ORIENTED_EDGE('',*,*,#2862,.T.);
#2940 = ORIENTED_EDGE('',*,*,#2941,.T.);
#2941 = EDGE_CURVE('',#2855,#2813,#2942,.T.);
#2942 = LINE('',#2943,#2944);
#2943 = CARTESIAN_POINT('',(-24.,-12.,4.));
#2944 = VECTOR('',#2945,1.);
#2945 = DIRECTION('',(1.,0.,0.));
#2946 = ORIENTED_EDGE('',*,*,#2812,.T.);
#2947 = ORIENTED_EDGE('',*,*,#974,.F.);
#2948 = ORIENTED_EDGE('',*,*,#2877,.T.);
#2949 = ORIENTED_EDGE('',*,*,#2950,.T.);
#2950 = EDGE_CURVE('',#2878,#2951,#2953,.T.);
#2951 = VERTEX_POINT('',#2952);
#2952 = CARTESIAN_POINT('',(18.990381056767,2.892304845413,4.));
#2953 = LINE('',#2954,#2955);
#2954 = CARTESIAN_POINT('',(10.392304845413,-12.,4.));
#2955 = VECTOR('',#2956,1.);
#2956 = DIRECTION('',(-0.5,-0.866025403784,0.));
#2957 = ORIENTED_EDGE('',*,*,#2958,.T.);
#2958 = EDGE_CURVE('',#2951,#2903,#2959,.T.);
#2959 = LINE('',#2960,#2961);
#2960 = CARTESIAN_POINT('',(6.093266739737,10.33845726812,4.));
#2961 = VECTOR('',#2962,1.);
#2962 = DIRECTION('',(-0.866025403784,0.5,0.));
#2963 = PLANE('',#2964);
#2964 = AXIS2_PLACEMENT_3D('',#2965,#2966,#2967);
#2965 = CARTESIAN_POINT('',(-24.,-12.,4.));
#2966 = DIRECTION('',(0.,0.,1.));
#2967 = DIRECTION('',(1.,0.,0.));
#2968 = ADVANCED_FACE('',(#2969,#2996),#3030,.T.);
#2969 = FACE_BOUND('',#2970,.T.);
#2970 = EDGE_LOOP('',(#2971,#2979,#2987,#2993,#2994,#2995));
#2971 = ORIENTED_EDGE('',*,*,#2972,.F.);
#2972 = EDGE_CURVE('',#2973,#1017,#2975,.T.);
#2973 = VERTEX_POINT('',#2974);
#2974 = CARTESIAN_POINT('',(34.990381056767,30.605117766515,2.));
#2975 = LINE('',#2976,#2977);
#2976 = CARTESIAN_POINT('',(34.990381056767,30.605117766515,2.));
#2977 = VECTOR('',#2978,1.);
#2978 = DIRECTION('',(0.,0.,1.));
#2979 = ORIENTED_EDGE('',*,*,#2980,.F.);
#2980 = EDGE_CURVE('',#2981,#2973,#2983,.T.);
#2981 = VERTEX_POINT('',#2982);
#2982 = CARTESIAN_POINT('',(18.990381056767,2.892304845413,2.));
#2983 = LINE('',#2984,#2985);
#2984 = CARTESIAN_POINT('',(18.990381056767,2.892304845413,2.));
#2985 = VECTOR('',#2986,1.);
#2986 = DIRECTION('',(0.5,0.866025403784,0.));
#2987 = ORIENTED_EDGE('',*,*,#2988,.T.);
#2988 = EDGE_CURVE('',#2981,#2951,#2989,.T.);
#2989 = LINE('',#2990,#2991);
#2990 = CARTESIAN_POINT('',(18.990381056767,2.892304845413,2.));
#2991 = VECTOR('',#2992,1.);
#2992 = DIRECTION('',(0.,0.,1.));
#2993 = ORIENTED_EDGE('',*,*,#2950,.F.);
#2994 = ORIENTED_EDGE('',*,*,#2885,.T.);
#2995 = ORIENTED_EDGE('',*,*,#1024,.T.);
#2996 = FACE_BOUND('',#2997,.T.);
#2997 = EDGE_LOOP('',(#2998,#3008,#3016,#3024));
#2998 = ORIENTED_EDGE('',*,*,#2999,.F.);
#2999 = EDGE_CURVE('',#3000,#3002,#3004,.T.);
#3000 = VERTEX_POINT('',#3001);
#3001 = CARTESIAN_POINT('',(28.17691453624,18.803847577293,14.));
#3002 = VERTEX_POINT('',#3003);
#3003 = CARTESIAN_POINT('',(32.331615074619,26.,14.));
#3004 = LINE('',#3005,#3006);
#3005 = CARTESIAN_POINT('',(21.677558883258,7.546633369868,14.));
#3006 = VECTOR('',#3007,1.);
#3007 = DIRECTION('',(0.5,0.866025403784,0.));
#3008 = ORIENTED_EDGE('',*,*,#3009,.T.);
#3009 = EDGE_CURVE('',#3000,#3010,#3012,.T.);
#3010 = VERTEX_POINT('',#3011);
#3011 = CARTESIAN_POINT('',(28.17691453624,18.803847577293,6.));
#3012 = LINE('',#3013,#3014);
#3013 = CARTESIAN_POINT('',(28.17691453624,18.803847577293,4.));
#3014 = VECTOR('',#3015,1.);
#3015 = DIRECTION('',(0.,0.,-1.));
#3016 = ORIENTED_EDGE('',*,*,#3017,.T.);
#3017 = EDGE_CURVE('',#3010,#3018,#3020,.T.);
#3018 = VERTEX_POINT('',#3019);
#3019 = CARTESIAN_POINT('',(32.331615074619,26.,6.));
#3020 = LINE('',#3021,#3022);
#3021 = CARTESIAN_POINT('',(21.677558883258,7.546633369868,6.));
#3022 = VECTOR('',#3023,1.);
#3023 = DIRECTION('',(0.5,0.866025403784,0.));
#3024 = ORIENTED_EDGE('',*,*,#3025,.F.);
#3025 = EDGE_CURVE('',#3002,#3018,#3026,.T.);
#3026 = LINE('',#3027,#3028);
#3027 = CARTESIAN_POINT('',(32.331615074619,26.,4.));
#3028 = VECTOR('',#3029,1.);
#3029 = DIRECTION('',(0.,0.,-1.));
#3030 = PLANE('',#3031);
#3031 = AXIS2_PLACEMENT_3D('',#3032,#3033,#3034);
#3032 = CARTESIAN_POINT('',(18.990381056767,2.892304845413,2.));
#3033 = DIRECTION('',(-0.866025403784,0.5,0.));
#3034 = DIRECTION('',(0.,0.,1.));
#3035 = ADVANCED_FACE('',(#3036),#3047,.F.);
#3036 = FACE_BOUND('',#3037,.F.);
#3037 = EDGE_LOOP('',(#3038,#3039,#3040,#3046));
#3038 = ORIENTED_EDGE('',*,*,#1016,.F.);
#3039 = ORIENTED_EDGE('',*,*,#2972,.F.);
#3040 = ORIENTED_EDGE('',*,*,#3041,.T.);
#3041 = EDGE_CURVE('',#2973,#1089,#3042,.T.);
#3042 = LINE('',#3043,#3044);
#3043 = CARTESIAN_POINT('',(34.990381056767,30.605117766515,2.));
#3044 = VECTOR('',#3045,1.);
#3045 = DIRECTION('',(-0.866025403784,0.5,0.));
#3046 = ORIENTED_EDGE('',*,*,#1096,.F.);
#3047 = PLANE('',#3048);
#3048 = AXIS2_PLACEMENT_3D('',#3049,#3050,#3051);
#3049 = CARTESIAN_POINT('',(34.990381056767,30.605117766515,2.));
#3050 = DIRECTION('',(0.5,0.866025403784,0.));
#3051 = DIRECTION('',(0.,0.,1.));
#3052 = ADVANCED_FACE('',(#3053,#3082),#3085,.T.);
#3053 = FACE_BOUND('',#3054,.T.);
#3054 = EDGE_LOOP('',(#3055,#3065,#3071,#3072,#3073,#3074,#3075,#3076));
#3055 = ORIENTED_EDGE('',*,*,#3056,.F.);
#3056 = EDGE_CURVE('',#3057,#3059,#3061,.T.);
#3057 = VERTEX_POINT('',#3058);
#3058 = CARTESIAN_POINT('',(-6.990381056767,17.892304845413,2.));
#3059 = VERTEX_POINT('',#3060);
#3060 = CARTESIAN_POINT('',(9.009618943233,45.605117766515,2.));
#3061 = LINE('',#3062,#3063);
#3062 = CARTESIAN_POINT('',(-6.990381056767,17.892304845413,2.));
#3063 = VECTOR('',#3064,1.);
#3064 = DIRECTION('',(0.5,0.866025403784,0.));
#3065 = ORIENTED_EDGE('',*,*,#3066,.F.);
#3066 = EDGE_CURVE('',#2981,#3057,#3067,.T.);
#3067 = LINE('',#3068,#3069);
#3068 = CARTESIAN_POINT('',(18.990381056767,2.892304845413,2.));
#3069 = VECTOR('',#3070,1.);
#3070 = DIRECTION('',(-0.866025403784,0.5,0.));
#3071 = ORIENTED_EDGE('',*,*,#2980,.T.);
#3072 = ORIENTED_EDGE('',*,*,#3041,.T.);
#3073 = ORIENTED_EDGE('',*,*,#1088,.F.);
#3074 = ORIENTED_EDGE('',*,*,#1695,.F.);
#3075 = ORIENTED_EDGE('',*,*,#1503,.T.);
#3076 = ORIENTED_EDGE('',*,*,#3077,.T.);
#3077 = EDGE_CURVE('',#1504,#3059,#3078,.T.);
#3078 = LINE('',#3079,#3080);
#3079 = CARTESIAN_POINT('',(34.990381056767,30.605117766515,2.));
#3080 = VECTOR('',#3081,1.);
#3081 = DIRECTION('',(-0.866025403784,0.5,0.));
#3082 = FACE_BOUND('',#3083,.T.);
#3083 = EDGE_LOOP('',(#3084));
#3084 = ORIENTED_EDGE('',*,*,#2345,.F.);
#3085 = PLANE('',#3086);
#3086 = AXIS2_PLACEMENT_3D('',#3087,#3088,#3089);
#3087 = CARTESIAN_POINT('',(18.990381056767,2.892304845413,2.));
#3088 = DIRECTION('',(0.,0.,1.));
#3089 = DIRECTION('',(0.5,0.866025403784,0.));
#3090 = ADVANCED_FACE('',(#3091),#3099,.T.);
#3091 = FACE_BOUND('',#3092,.T.);
#3092 = EDGE_LOOP('',(#3093,#3094,#3095,#3096,#3097,#3098));
#3093 = ORIENTED_EDGE('',*,*,#1406,.F.);
#3094 = ORIENTED_EDGE('',*,*,#1437,.F.);
#3095 = ORIENTED_EDGE('',*,*,#1461,.T.);
#3096 = ORIENTED_EDGE('',*,*,#1478,.T.);
#3097 = ORIENTED_EDGE('',*,*,#1332,.F.);
#3098 = ORIENTED_EDGE('',*,*,#1382,.T.);
#3099 = PLANE('',#3100);
#3100 = AXIS2_PLACEMENT_3D('',#3101,#3102,#3103);
#3101 = CARTESIAN_POINT('',(55.,20.,5.));
#3102 = DIRECTION('',(1.,0.,0.));
#3103 = DIRECTION('',(0.,0.,1.));
#3104 = ADVANCED_FACE('',(#3105),#3132,.F.);
#3105 = FACE_BOUND('',#3106,.F.);
#3106 = EDGE_LOOP('',(#3107,#3115,#3123,#3129,#3130,#3131));
#3107 = ORIENTED_EDGE('',*,*,#3108,.F.);
#3108 = EDGE_CURVE('',#3109,#2456,#3111,.T.);
#3109 = VERTEX_POINT('',#3110);
#3110 = CARTESIAN_POINT('',(54.26537180436,17.,21.));
#3111 = LINE('',#3112,#3113);
#3112 = CARTESIAN_POINT('',(54.26537180436,17.,21.));
#3113 = VECTOR('',#3114,1.);
#3114 = DIRECTION('',(0.,1.,0.));
#3115 = ORIENTED_EDGE('',*,*,#3116,.F.);
#3116 = EDGE_CURVE('',#3117,#3109,#3119,.T.);
#3117 = VERTEX_POINT('',#3118);
#3118 = CARTESIAN_POINT('',(54.26537180436,17.,5.));
#3119 = LINE('',#3120,#3121);
#3120 = CARTESIAN_POINT('',(54.26537180436,17.,5.));
#3121 = VECTOR('',#3122,1.);
#3122 = DIRECTION('',(0.,0.,1.));
#3123 = ORIENTED_EDGE('',*,*,#3124,.T.);
#3124 = EDGE_CURVE('',#3117,#2431,#3125,.T.);
#3125 = LINE('',#3126,#3127);
#3126 = CARTESIAN_POINT('',(54.26537180436,17.,5.));
#3127 = VECTOR('',#3128,1.);
#3128 = DIRECTION('',(0.,1.,0.));
#3129 = ORIENTED_EDGE('',*,*,#2430,.T.);
#3130 = ORIENTED_EDGE('',*,*,#1198,.F.);
#3131 = ORIENTED_EDGE('',*,*,#2464,.T.);
#3132 = PLANE('',#3133);
#3133 = AXIS2_PLACEMENT_3D('',#3134,#3135,#3136);
#3134 = CARTESIAN_POINT('',(54.26537180436,17.,5.));
#3135 = DIRECTION('',(1.,0.,0.));
#3136 = DIRECTION('',(0.,0.,1.));
#3137 = ADVANCED_FACE('',(#3138,#3227),#3230,.T.);
#3138 = FACE_BOUND('',#3139,.T.);
#3139 = EDGE_LOOP('',(#3140,#3141,#3142,#3150,#3158,#3166,#3174,#3182,
    #3190,#3198,#3204,#3205,#3213,#3221));
#3140 = ORIENTED_EDGE('',*,*,#1519,.F.);
#3141 = ORIENTED_EDGE('',*,*,#1619,.T.);
#3142 = ORIENTED_EDGE('',*,*,#3143,.F.);
#3143 = EDGE_CURVE('',#3144,#1612,#3146,.T.);
#3144 = VERTEX_POINT('',#3145);
#3145 = CARTESIAN_POINT('',(17.41154273188,66.157676649773,24.));
#3146 = LINE('',#3147,#3148);
#3147 = CARTESIAN_POINT('',(17.41154273188,66.157676649773,24.));
#3148 = VECTOR('',#3149,1.);
#3149 = DIRECTION('',(-0.866025403784,0.5,0.));
#3150 = ORIENTED_EDGE('',*,*,#3151,.F.);
#3151 = EDGE_CURVE('',#3152,#3144,#3154,.T.);
#3152 = VERTEX_POINT('',#3153);
#3153 = CARTESIAN_POINT('',(2.41154273188,40.17691453624,24.));
#3154 = LINE('',#3155,#3156);
#3155 = CARTESIAN_POINT('',(2.41154273188,40.17691453624,24.));
#3156 = VECTOR('',#3157,1.);
#3157 = DIRECTION('',(0.5,0.866025403784,0.));
#3158 = ORIENTED_EDGE('',*,*,#3159,.T.);
#3159 = EDGE_CURVE('',#3152,#3160,#3162,.T.);
#3160 = VERTEX_POINT('',#3161);
#3161 = CARTESIAN_POINT('',(-8.846787517318,46.67691453624,24.));
#3162 = LINE('',#3163,#3164);
#3163 = CARTESIAN_POINT('',(2.41154273188,40.17691453624,24.));
#3164 = VECTOR('',#3165,1.);
#3165 = DIRECTION('',(-0.866025403784,0.5,0.));
#3166 = ORIENTED_EDGE('',*,*,#3167,.T.);
#3167 = EDGE_CURVE('',#3160,#3168,#3170,.T.);
#3168 = VERTEX_POINT('',#3169);
#3169 = CARTESIAN_POINT('',(-3.464101615138,56.,24.));
#3170 = LINE('',#3171,#3172);
#3171 = CARTESIAN_POINT('',(-8.846787517318,46.67691453624,24.));
#3172 = VECTOR('',#3173,1.);
#3173 = DIRECTION('',(0.5,0.866025403784,0.));
#3174 = ORIENTED_EDGE('',*,*,#3175,.F.);
#3175 = EDGE_CURVE('',#3176,#3168,#3178,.T.);
#3176 = VERTEX_POINT('',#3177);
#3177 = CARTESIAN_POINT('',(-5.,56.,24.));
#3178 = LINE('',#3179,#3180);
#3179 = CARTESIAN_POINT('',(-5.,56.,24.));
#3180 = VECTOR('',#3181,1.);
#3181 = DIRECTION('',(1.,0.,0.));
#3182 = ORIENTED_EDGE('',*,*,#3183,.T.);
#3183 = EDGE_CURVE('',#3176,#3184,#3186,.T.);
#3184 = VERTEX_POINT('',#3185);
#3185 = CARTESIAN_POINT('',(-5.,62.,24.));
#3186 = LINE('',#3187,#3188);
#3187 = CARTESIAN_POINT('',(-5.,56.,24.));
#3188 = VECTOR('',#3189,1.);
#3189 = DIRECTION('',(0.,1.,0.));
#3190 = ORIENTED_EDGE('',*,*,#3191,.T.);
#3191 = EDGE_CURVE('',#3184,#3192,#3194,.T.);
#3192 = VERTEX_POINT('',#3193);
#3193 = CARTESIAN_POINT('',(7.E-15,62.,24.));
#3194 = LINE('',#3195,#3196);
#3195 = CARTESIAN_POINT('',(-5.,62.,24.));
#3196 = VECTOR('',#3197,1.);
#3197 = DIRECTION('',(1.,0.,0.));
#3198 = ORIENTED_EDGE('',*,*,#3199,.T.);
#3199 = EDGE_CURVE('',#3192,#1586,#3200,.T.);
#3200 = LINE('',#3201,#3202);
#3201 = CARTESIAN_POINT('',(-8.846787517318,46.67691453624,24.));
#3202 = VECTOR('',#3203,1.);
#3203 = DIRECTION('',(0.5,0.866025403784,0.));
#3204 = ORIENTED_EDGE('',*,*,#1585,.T.);
#3205 = ORIENTED_EDGE('',*,*,#3206,.F.);
#3206 = EDGE_CURVE('',#3207,#1578,#3209,.T.);
#3207 = VERTEX_POINT('',#3208);
#3208 = CARTESIAN_POINT('',(-2.957371715355,24.877681932138,24.));
#3209 = LINE('',#3210,#3211);
#3210 = CARTESIAN_POINT('',(1.767766952966,20.152543263817,24.));
#3211 = VECTOR('',#3212,1.);
#3212 = DIRECTION('',(-0.707106781187,0.707106781187,0.));
#3213 = ORIENTED_EDGE('',*,*,#3214,.T.);
#3214 = EDGE_CURVE('',#3207,#3215,#3217,.T.);
#3215 = VERTEX_POINT('',#3216);
#3216 = CARTESIAN_POINT('',(9.009618943233,45.605117766515,24.));
#3217 = LINE('',#3218,#3219);
#3218 = CARTESIAN_POINT('',(-6.990381056767,17.892304845413,24.));
#3219 = VECTOR('',#3220,1.);
#3220 = DIRECTION('',(0.5,0.866025403784,0.));
#3221 = ORIENTED_EDGE('',*,*,#3222,.F.);
#3222 = EDGE_CURVE('',#1512,#3215,#3223,.T.);
#3223 = LINE('',#3224,#3225);
#3224 = CARTESIAN_POINT('',(34.990381056767,30.605117766515,24.));
#3225 = VECTOR('',#3226,1.);
#3226 = DIRECTION('',(-0.866025403784,0.5,0.));
#3227 = FACE_BOUND('',#3228,.T.);
#3228 = EDGE_LOOP('',(#3229));
#3229 = ORIENTED_EDGE('',*,*,#2320,.F.);
#3230 = PLANE('',#3231);
#3231 = AXIS2_PLACEMENT_3D('',#3232,#3233,#3234);
#3232 = CARTESIAN_POINT('',(0.,0.,24.));
#3233 = DIRECTION('',(0.,0.,1.));
#3234 = DIRECTION('',(1.,0.,0.));
#3235 = ADVANCED_FACE('',(#3236),#3247,.F.);
#3236 = FACE_BOUND('',#3237,.F.);
#3237 = EDGE_LOOP('',(#3238,#3239,#3240,#3241));
#3238 = ORIENTED_EDGE('',*,*,#3222,.F.);
#3239 = ORIENTED_EDGE('',*,*,#1511,.T.);
#3240 = ORIENTED_EDGE('',*,*,#3077,.T.);
#3241 = ORIENTED_EDGE('',*,*,#3242,.T.);
#3242 = EDGE_CURVE('',#3059,#3215,#3243,.T.);
#3243 = LINE('',#3244,#3245);
#3244 = CARTESIAN_POINT('',(9.009618943233,45.605117766515,2.));
#3245 = VECTOR('',#3246,1.);
#3246 = DIRECTION('',(0.,0.,1.));
#3247 = PLANE('',#3248);
#3248 = AXIS2_PLACEMENT_3D('',#3249,#3250,#3251);
#3249 = CARTESIAN_POINT('',(34.990381056767,30.605117766515,2.));
#3250 = DIRECTION('',(0.5,0.866025403784,0.));
#3251 = DIRECTION('',(0.,0.,1.));
#3252 = ADVANCED_FACE('',(#3253),#3271,.F.);
#3253 = FACE_BOUND('',#3254,.F.);
#3254 = EDGE_LOOP('',(#3255,#3263,#3269,#3270));
#3255 = ORIENTED_EDGE('',*,*,#3256,.F.);
#3256 = EDGE_CURVE('',#3257,#3144,#3259,.T.);
#3257 = VERTEX_POINT('',#3258);
#3258 = CARTESIAN_POINT('',(17.41154273188,66.157676649773,6.));
#3259 = LINE('',#3260,#3261);
#3260 = CARTESIAN_POINT('',(17.41154273188,66.157676649773,6.));
#3261 = VECTOR('',#3262,1.);
#3262 = DIRECTION('',(0.,0.,1.));
#3263 = ORIENTED_EDGE('',*,*,#3264,.T.);
#3264 = EDGE_CURVE('',#3257,#1603,#3265,.T.);
#3265 = LINE('',#3266,#3267);
#3266 = CARTESIAN_POINT('',(17.41154273188,66.157676649773,6.));
#3267 = VECTOR('',#3268,1.);
#3268 = DIRECTION('',(-0.866025403784,0.5,0.));
#3269 = ORIENTED_EDGE('',*,*,#1611,.T.);
#3270 = ORIENTED_EDGE('',*,*,#3143,.F.);
#3271 = PLANE('',#3272);
#3272 = AXIS2_PLACEMENT_3D('',#3273,#3274,#3275);
#3273 = CARTESIAN_POINT('',(17.41154273188,66.157676649773,6.));
#3274 = DIRECTION('',(0.5,0.866025403784,0.));
#3275 = DIRECTION('',(0.,0.,1.));
#3276 = ADVANCED_FACE('',(#3277,#3311,#3314,#3317),#3320,.T.);
#3277 = FACE_BOUND('',#3278,.T.);
#3278 = EDGE_LOOP('',(#3279,#3287,#3288,#3289,#3297,#3305));
#3279 = ORIENTED_EDGE('',*,*,#3280,.T.);
#3280 = EDGE_CURVE('',#3281,#1552,#3283,.T.);
#3281 = VERTEX_POINT('',#3282);
#3282 = CARTESIAN_POINT('',(-24.,2.079689783217,24.));
#3283 = LINE('',#3284,#3285);
#3284 = CARTESIAN_POINT('',(-20.15254326381,-1.767766952966,24.));
#3285 = VECTOR('',#3286,1.);
#3286 = DIRECTION('',(-0.707106781187,0.707106781187,0.));
#3287 = ORIENTED_EDGE('',*,*,#1551,.T.);
#3288 = ORIENTED_EDGE('',*,*,#1734,.T.);
#3289 = ORIENTED_EDGE('',*,*,#3290,.F.);
#3290 = EDGE_CURVE('',#3291,#1727,#3293,.T.);
#3291 = VERTEX_POINT('',#3292);
#3292 = CARTESIAN_POINT('',(-34.99038105676,-30.60511776651,24.));
#3293 = LINE('',#3294,#3295);
#3294 = CARTESIAN_POINT('',(-34.99038105676,-30.60511776651,24.));
#3295 = VECTOR('',#3296,1.);
#3296 = DIRECTION('',(0.866025403784,-0.5,0.));
#3297 = ORIENTED_EDGE('',*,*,#3298,.F.);
#3298 = EDGE_CURVE('',#3299,#3291,#3301,.T.);
#3299 = VERTEX_POINT('',#3300);
#3300 = CARTESIAN_POINT('',(-24.,-11.56921938165,24.));
#3301 = LINE('',#3302,#3303);
#3302 = CARTESIAN_POINT('',(-18.99038105676,-2.892304845413,24.));
#3303 = VECTOR('',#3304,1.);
#3304 = DIRECTION('',(-0.5,-0.866025403784,0.));
#3305 = ORIENTED_EDGE('',*,*,#3306,.T.);
#3306 = EDGE_CURVE('',#3299,#3281,#3307,.T.);
#3307 = LINE('',#3308,#3309);
#3308 = CARTESIAN_POINT('',(-24.,-12.,24.));
#3309 = VECTOR('',#3310,1.);
#3310 = DIRECTION('',(0.,1.,0.));
#3311 = FACE_BOUND('',#3312,.T.);
#3312 = EDGE_LOOP('',(#3313));
#3313 = ORIENTED_EDGE('',*,*,#2085,.F.);
#3314 = FACE_BOUND('',#3315,.T.);
#3315 = EDGE_LOOP('',(#3316));
#3316 = ORIENTED_EDGE('',*,*,#1766,.F.);
#3317 = FACE_BOUND('',#3318,.T.);
#3318 = EDGE_LOOP('',(#3319));
#3319 = ORIENTED_EDGE('',*,*,#2220,.F.);
#3320 = PLANE('',#3321);
#3321 = AXIS2_PLACEMENT_3D('',#3322,#3323,#3324);
#3322 = CARTESIAN_POINT('',(0.,0.,24.));
#3323 = DIRECTION('',(0.,0.,1.));
#3324 = DIRECTION('',(1.,0.,0.));
#3325 = ADVANCED_FACE('',(#3326,#3352),#3355,.T.);
#3326 = FACE_BOUND('',#3327,.T.);
#3327 = EDGE_LOOP('',(#3328,#3336,#3344,#3350,#3351));
#3328 = ORIENTED_EDGE('',*,*,#3329,.F.);
#3329 = EDGE_CURVE('',#3330,#1595,#3332,.T.);
#3330 = VERTEX_POINT('',#3331);
#3331 = CARTESIAN_POINT('',(-8.846787517318,46.67691453624,6.));
#3332 = LINE('',#3333,#3334);
#3333 = CARTESIAN_POINT('',(-8.846787517318,46.67691453624,6.));
#3334 = VECTOR('',#3335,1.);
#3335 = DIRECTION('',(0.5,0.866025403784,0.));
#3336 = ORIENTED_EDGE('',*,*,#3337,.F.);
#3337 = EDGE_CURVE('',#3338,#3330,#3340,.T.);
#3338 = VERTEX_POINT('',#3339);
#3339 = CARTESIAN_POINT('',(2.41154273188,40.17691453624,6.));
#3340 = LINE('',#3341,#3342);
#3341 = CARTESIAN_POINT('',(2.41154273188,40.17691453624,6.));
#3342 = VECTOR('',#3343,1.);
#3343 = DIRECTION('',(-0.866025403784,0.5,0.));
#3344 = ORIENTED_EDGE('',*,*,#3345,.T.);
#3345 = EDGE_CURVE('',#3338,#3257,#3346,.T.);
#3346 = LINE('',#3347,#3348);
#3347 = CARTESIAN_POINT('',(2.41154273188,40.17691453624,6.));
#3348 = VECTOR('',#3349,1.);
#3349 = DIRECTION('',(0.5,0.866025403784,0.));
#3350 = ORIENTED_EDGE('',*,*,#3264,.T.);
#3351 = ORIENTED_EDGE('',*,*,#1602,.T.);
#3352 = FACE_BOUND('',#3353,.T.);
#3353 = EDGE_LOOP('',(#3354));
#3354 = ORIENTED_EDGE('',*,*,#2387,.F.);
#3355 = PLANE('',#3356);
#3356 = AXIS2_PLACEMENT_3D('',#3357,#3358,#3359);
#3357 = CARTESIAN_POINT('',(2.41154273188,40.17691453624,6.));
#3358 = DIRECTION('',(0.,0.,1.));
#3359 = DIRECTION('',(0.5,0.866025403784,0.));
#3360 = ADVANCED_FACE('',(#3361),#3386,.F.);
#3361 = FACE_BOUND('',#3362,.F.);
#3362 = EDGE_LOOP('',(#3363,#3371,#3377,#3378,#3384,#3385));
#3363 = ORIENTED_EDGE('',*,*,#3364,.F.);
#3364 = EDGE_CURVE('',#3365,#1561,#3367,.T.);
#3365 = VERTEX_POINT('',#3366);
#3366 = CARTESIAN_POINT('',(-20.15254326381,-1.767766952966,3.5));
#3367 = LINE('',#3368,#3369);
#3368 = CARTESIAN_POINT('',(-20.15254326381,-1.767766952966,3.5));
#3369 = VECTOR('',#3370,1.);
#3370 = DIRECTION('',(-0.707106781187,0.707106781187,0.));
#3371 = ORIENTED_EDGE('',*,*,#3372,.T.);
#3372 = EDGE_CURVE('',#3365,#2911,#3373,.T.);
#3373 = LINE('',#3374,#3375);
#3374 = CARTESIAN_POINT('',(-20.15254326381,-1.767766952966,3.5));
#3375 = VECTOR('',#3376,1.);
#3376 = DIRECTION('',(0.,0.,1.));
#3377 = ORIENTED_EDGE('',*,*,#2918,.F.);
#3378 = ORIENTED_EDGE('',*,*,#3379,.F.);
#3379 = EDGE_CURVE('',#3281,#2919,#3380,.T.);
#3380 = LINE('',#3381,#3382);
#3381 = CARTESIAN_POINT('',(-24.,2.079689783217,3.75));
#3382 = VECTOR('',#3383,1.);
#3383 = DIRECTION('',(0.,0.,-1.));
#3384 = ORIENTED_EDGE('',*,*,#3280,.T.);
#3385 = ORIENTED_EDGE('',*,*,#1560,.F.);
#3386 = PLANE('',#3387);
#3387 = AXIS2_PLACEMENT_3D('',#3388,#3389,#3390);
#3388 = CARTESIAN_POINT('',(-20.15254326381,-1.767766952966,3.5));
#3389 = DIRECTION('',(-0.707106781187,-0.707106781187,0.));
#3390 = DIRECTION('',(0.,0.,1.));
#3391 = ADVANCED_FACE('',(#3392),#3426,.F.);
#3392 = FACE_BOUND('',#3393,.F.);
#3393 = EDGE_LOOP('',(#3394,#3395,#3401,#3402,#3410,#3418,#3424,#3425));
#3394 = ORIENTED_EDGE('',*,*,#3329,.F.);
#3395 = ORIENTED_EDGE('',*,*,#3396,.T.);
#3396 = EDGE_CURVE('',#3330,#3160,#3397,.T.);
#3397 = LINE('',#3398,#3399);
#3398 = CARTESIAN_POINT('',(-8.846787517318,46.67691453624,6.));
#3399 = VECTOR('',#3400,1.);
#3400 = DIRECTION('',(0.,0.,1.));
#3401 = ORIENTED_EDGE('',*,*,#3167,.T.);
#3402 = ORIENTED_EDGE('',*,*,#3403,.T.);
#3403 = EDGE_CURVE('',#3168,#3404,#3406,.T.);
#3404 = VERTEX_POINT('',#3405);
#3405 = CARTESIAN_POINT('',(-3.464101615138,56.,16.));
#3406 = LINE('',#3407,#3408);
#3407 = CARTESIAN_POINT('',(-3.464101615138,56.,11.));
#3408 = VECTOR('',#3409,1.);
#3409 = DIRECTION('',(0.,0.,-1.));
#3410 = ORIENTED_EDGE('',*,*,#3411,.T.);
#3411 = EDGE_CURVE('',#3404,#3412,#3414,.T.);
#3412 = VERTEX_POINT('',#3413);
#3413 = CARTESIAN_POINT('',(6.E-15,62.,16.));
#3414 = LINE('',#3415,#3416);
#3415 = CARTESIAN_POINT('',(-6.347431864335,51.005925513389,16.));
#3416 = VECTOR('',#3417,1.);
#3417 = DIRECTION('',(0.5,0.866025403784,0.));
#3418 = ORIENTED_EDGE('',*,*,#3419,.F.);
#3419 = EDGE_CURVE('',#3192,#3412,#3420,.T.);
#3420 = LINE('',#3421,#3422);
#3421 = CARTESIAN_POINT('',(6.66E-15,62.,11.));
#3422 = VECTOR('',#3423,1.);
#3423 = DIRECTION('',(0.,0.,-1.));
#3424 = ORIENTED_EDGE('',*,*,#3199,.T.);
#3425 = ORIENTED_EDGE('',*,*,#1594,.F.);
#3426 = PLANE('',#3427);
#3427 = AXIS2_PLACEMENT_3D('',#3428,#3429,#3430);
#3428 = CARTESIAN_POINT('',(-8.846787517318,46.67691453624,6.));
#3429 = DIRECTION('',(-0.866025403784,0.5,0.));
#3430 = DIRECTION('',(0.,0.,1.));
#3431 = ADVANCED_FACE('',(#3432,#3466,#3469,#3472),#3475,.T.);
#3432 = FACE_BOUND('',#3433,.T.);
#3433 = EDGE_LOOP('',(#3434,#3442,#3450,#3458,#3464,#3465));
#3434 = ORIENTED_EDGE('',*,*,#3435,.F.);
#3435 = EDGE_CURVE('',#3436,#3365,#3438,.T.);
#3436 = VERTEX_POINT('',#3437);
#3437 = CARTESIAN_POINT('',(-2.870871447358,15.513904863492,3.5));
#3438 = LINE('',#3439,#3440);
#3439 = CARTESIAN_POINT('',(1.767766952966,20.152543263817,3.5));
#3440 = VECTOR('',#3441,1.);
#3441 = DIRECTION('',(-0.707106781187,-0.707106781187,0.));
#3442 = ORIENTED_EDGE('',*,*,#3443,.F.);
#3443 = EDGE_CURVE('',#3444,#3436,#3446,.T.);
#3444 = VERTEX_POINT('',#3445);
#3445 = CARTESIAN_POINT('',(-6.990381056767,17.892304845413,3.5));
#3446 = LINE('',#3447,#3448);
#3447 = CARTESIAN_POINT('',(8.794949531413,8.77863998108,3.5));
#3448 = VECTOR('',#3449,1.);
#3449 = DIRECTION('',(0.866025403784,-0.5,0.));
#3450 = ORIENTED_EDGE('',*,*,#3451,.T.);
#3451 = EDGE_CURVE('',#3444,#3452,#3454,.T.);
#3452 = VERTEX_POINT('',#3453);
#3453 = CARTESIAN_POINT('',(-2.957371715355,24.877681932138,3.5));
#3454 = LINE('',#3455,#3456);
#3455 = CARTESIAN_POINT('',(-5.406256583313,20.636088918948,3.5));
#3456 = VECTOR('',#3457,1.);
#3457 = DIRECTION('',(0.5,0.866025403784,0.));
#3458 = ORIENTED_EDGE('',*,*,#3459,.T.);
#3459 = EDGE_CURVE('',#3452,#1569,#3460,.T.);
#3460 = LINE('',#3461,#3462);
#3461 = CARTESIAN_POINT('',(1.767766952966,20.152543263817,3.5));
#3462 = VECTOR('',#3463,1.);
#3463 = DIRECTION('',(-0.707106781187,0.707106781187,0.));
#3464 = ORIENTED_EDGE('',*,*,#1568,.T.);
#3465 = ORIENTED_EDGE('',*,*,#3364,.F.);
#3466 = FACE_BOUND('',#3467,.T.);
#3467 = EDGE_LOOP('',(#3468));
#3468 = ORIENTED_EDGE('',*,*,#2245,.F.);
#3469 = FACE_BOUND('',#3470,.T.);
#3470 = EDGE_LOOP('',(#3471));
#3471 = ORIENTED_EDGE('',*,*,#2295,.F.);
#3472 = FACE_BOUND('',#3473,.T.);
#3473 = EDGE_LOOP('',(#3474));
#3474 = ORIENTED_EDGE('',*,*,#2270,.F.);
#3475 = PLANE('',#3476);
#3476 = AXIS2_PLACEMENT_3D('',#3477,#3478,#3479);
#3477 = CARTESIAN_POINT('',(1.767766952966,20.152543263817,3.5));
#3478 = DIRECTION('',(0.,0.,1.));
#3479 = DIRECTION('',(-0.707106781187,0.707106781187,0.));
#3480 = ADVANCED_FACE('',(#3481),#3524,.T.);
#3481 = FACE_BOUND('',#3482,.T.);
#3482 = EDGE_LOOP('',(#3483,#3484,#3492,#3500,#3508,#3516,#3522,#3523));
#3483 = ORIENTED_EDGE('',*,*,#3459,.F.);
#3484 = ORIENTED_EDGE('',*,*,#3485,.T.);
#3485 = EDGE_CURVE('',#3452,#3486,#3488,.T.);
#3486 = VERTEX_POINT('',#3487);
#3487 = CARTESIAN_POINT('',(-2.957371715355,24.877681932138,8.));
#3488 = LINE('',#3489,#3490);
#3489 = CARTESIAN_POINT('',(-2.957371715355,24.877681932138,2.75));
#3490 = VECTOR('',#3491,1.);
#3491 = DIRECTION('',(0.,0.,1.));
#3492 = ORIENTED_EDGE('',*,*,#3493,.T.);
#3493 = EDGE_CURVE('',#3486,#3494,#3496,.T.);
#3494 = VERTEX_POINT('',#3495);
#3495 = CARTESIAN_POINT('',(-4.,25.920310216783,8.));
#3496 = LINE('',#3497,#3498);
#3497 = CARTESIAN_POINT('',(2.363961030679,19.556349186104,8.));
#3498 = VECTOR('',#3499,1.);
#3499 = DIRECTION('',(-0.707106781187,0.707106781187,0.));
#3500 = ORIENTED_EDGE('',*,*,#3501,.T.);
#3501 = EDGE_CURVE('',#3494,#3502,#3504,.T.);
#3502 = VERTEX_POINT('',#3503);
#3503 = CARTESIAN_POINT('',(-4.,25.920310216783,20.));
#3504 = LINE('',#3505,#3506);
#3505 = CARTESIAN_POINT('',(-4.,25.920310216783,5.75));
#3506 = VECTOR('',#3507,1.);
#3507 = DIRECTION('',(0.,0.,1.));
#3508 = ORIENTED_EDGE('',*,*,#3509,.F.);
#3509 = EDGE_CURVE('',#3510,#3502,#3512,.T.);
#3510 = VERTEX_POINT('',#3511);
#3511 = CARTESIAN_POINT('',(-2.957371715355,24.877681932138,20.));
#3512 = LINE('',#3513,#3514);
#3513 = CARTESIAN_POINT('',(2.363961030679,19.556349186104,20.));
#3514 = VECTOR('',#3515,1.);
#3515 = DIRECTION('',(-0.707106781187,0.707106781187,0.));
#3516 = ORIENTED_EDGE('',*,*,#3517,.T.);
#3517 = EDGE_CURVE('',#3510,#3207,#3518,.T.);
#3518 = LINE('',#3519,#3520);
#3519 = CARTESIAN_POINT('',(-2.957371715355,24.877681932138,2.75));
#3520 = VECTOR('',#3521,1.);
#3521 = DIRECTION('',(0.,0.,1.));
#3522 = ORIENTED_EDGE('',*,*,#3206,.T.);
#3523 = ORIENTED_EDGE('',*,*,#1577,.F.);
#3524 = PLANE('',#3525);
#3525 = AXIS2_PLACEMENT_3D('',#3526,#3527,#3528);
#3526 = CARTESIAN_POINT('',(1.767766952966,20.152543263817,3.5));
#3527 = DIRECTION('',(-0.707106781187,-0.707106781187,0.));
#3528 = DIRECTION('',(0.,0.,1.));
#3529 = ADVANCED_FACE('',(#3530),#3549,.F.);
#3530 = FACE_BOUND('',#3531,.F.);
#3531 = EDGE_LOOP('',(#3532,#3539,#3540,#3546,#3547,#3548));
#3532 = ORIENTED_EDGE('',*,*,#3533,.F.);
#3533 = EDGE_CURVE('',#1906,#1793,#3534,.T.);
#3534 = ELLIPSE('',#3535,5.196152422707,4.5);
#3535 = AXIS2_PLACEMENT_3D('',#3536,#3537,#3538);
#3536 = CARTESIAN_POINT('',(-54.26537180436,-31.33012701892,12.5));
#3537 = DIRECTION('',(1.,0.,0.));
#3538 = DIRECTION('',(0.,-1.,0.));
#3539 = ORIENTED_EDGE('',*,*,#1905,.T.);
#3540 = ORIENTED_EDGE('',*,*,#3541,.T.);
#3541 = EDGE_CURVE('',#1801,#1629,#3542,.T.);
#3542 = LINE('',#3543,#3544);
#3543 = CARTESIAN_POINT('',(-37.58716857408,-26.89711431703,12.5));
#3544 = VECTOR('',#3545,1.);
#3545 = DIRECTION('',(-0.866025403784,-0.5,0.));
#3546 = ORIENTED_EDGE('',*,*,#1628,.F.);
#3547 = ORIENTED_EDGE('',*,*,#3541,.F.);
#3548 = ORIENTED_EDGE('',*,*,#1800,.F.);
#3549 = CYLINDRICAL_SURFACE('',#3550,4.5);
#3550 = AXIS2_PLACEMENT_3D('',#3551,#3552,#3553);
#3551 = CARTESIAN_POINT('',(-39.83716857408,-23.,12.5));
#3552 = DIRECTION('',(-0.866025403784,-0.5,0.));
#3553 = DIRECTION('',(0.5,-0.866025403784,0.));
#3554 = ADVANCED_FACE('',(#3555),#3566,.F.);
#3555 = FACE_BOUND('',#3556,.F.);
#3556 = EDGE_LOOP('',(#3557,#3558,#3564,#3565));
#3557 = ORIENTED_EDGE('',*,*,#3290,.F.);
#3558 = ORIENTED_EDGE('',*,*,#3559,.F.);
#3559 = EDGE_CURVE('',#2521,#3291,#3560,.T.);
#3560 = LINE('',#3561,#3562);
#3561 = CARTESIAN_POINT('',(-34.99038105676,-30.60511776651,2.));
#3562 = VECTOR('',#3563,1.);
#3563 = DIRECTION('',(0.,0.,1.));
#3564 = ORIENTED_EDGE('',*,*,#2528,.T.);
#3565 = ORIENTED_EDGE('',*,*,#1726,.F.);
#3566 = PLANE('',#3567);
#3567 = AXIS2_PLACEMENT_3D('',#3568,#3569,#3570);
#3568 = CARTESIAN_POINT('',(-34.99038105676,-30.60511776651,2.));
#3569 = DIRECTION('',(-0.5,-0.866025403784,0.));
#3570 = DIRECTION('',(0.,0.,1.));
#3571 = ADVANCED_FACE('',(#3572),#3606,.F.);
#3572 = FACE_BOUND('',#3573,.F.);
#3573 = EDGE_LOOP('',(#3574,#3582,#3583,#3584,#3592,#3600));
#3574 = ORIENTED_EDGE('',*,*,#3575,.F.);
#3575 = EDGE_CURVE('',#1784,#3576,#3578,.T.);
#3576 = VERTEX_POINT('',#3577);
#3577 = CARTESIAN_POINT('',(-54.26537180436,-17.,21.));
#3578 = LINE('',#3579,#3580);
#3579 = CARTESIAN_POINT('',(-54.26537180436,-37.,21.));
#3580 = VECTOR('',#3581,1.);
#3581 = DIRECTION('',(0.,1.,0.));
#3582 = ORIENTED_EDGE('',*,*,#1783,.F.);
#3583 = ORIENTED_EDGE('',*,*,#2052,.F.);
#3584 = ORIENTED_EDGE('',*,*,#3585,.T.);
#3585 = EDGE_CURVE('',#2045,#3586,#3588,.T.);
#3586 = VERTEX_POINT('',#3587);
#3587 = CARTESIAN_POINT('',(-39.26537180436,-37.,21.));
#3588 = LINE('',#3589,#3590);
#3589 = CARTESIAN_POINT('',(-54.26537180436,-37.,21.));
#3590 = VECTOR('',#3591,1.);
#3591 = DIRECTION('',(1.,0.,0.));
#3592 = ORIENTED_EDGE('',*,*,#3593,.T.);
#3593 = EDGE_CURVE('',#3586,#3594,#3596,.T.);
#3594 = VERTEX_POINT('',#3595);
#3595 = CARTESIAN_POINT('',(-39.26537180436,-17.,21.));
#3596 = LINE('',#3597,#3598);
#3597 = CARTESIAN_POINT('',(-39.26537180436,-37.,21.));
#3598 = VECTOR('',#3599,1.);
#3599 = DIRECTION('',(0.,1.,0.));
#3600 = ORIENTED_EDGE('',*,*,#3601,.F.);
#3601 = EDGE_CURVE('',#3576,#3594,#3602,.T.);
#3602 = LINE('',#3603,#3604);
#3603 = CARTESIAN_POINT('',(-54.26537180436,-17.,21.));
#3604 = VECTOR('',#3605,1.);
#3605 = DIRECTION('',(1.,0.,0.));
#3606 = PLANE('',#3607);
#3607 = AXIS2_PLACEMENT_3D('',#3608,#3609,#3610);
#3608 = CARTESIAN_POINT('',(-54.26537180436,-37.,21.));
#3609 = DIRECTION('',(0.,0.,1.));
#3610 = DIRECTION('',(1.,0.,0.));
#3611 = ADVANCED_FACE('',(#3612),#3630,.T.);
#3612 = FACE_BOUND('',#3613,.T.);
#3613 = EDGE_LOOP('',(#3614,#3622,#3623,#3624));
#3614 = ORIENTED_EDGE('',*,*,#3615,.F.);
#3615 = EDGE_CURVE('',#2036,#3616,#3618,.T.);
#3616 = VERTEX_POINT('',#3617);
#3617 = CARTESIAN_POINT('',(-39.26537180436,-37.,5.));
#3618 = LINE('',#3619,#3620);
#3619 = CARTESIAN_POINT('',(-54.26537180436,-37.,5.));
#3620 = VECTOR('',#3621,1.);
#3621 = DIRECTION('',(1.,0.,0.));
#3622 = ORIENTED_EDGE('',*,*,#2044,.T.);
#3623 = ORIENTED_EDGE('',*,*,#3585,.T.);
#3624 = ORIENTED_EDGE('',*,*,#3625,.F.);
#3625 = EDGE_CURVE('',#3616,#3586,#3626,.T.);
#3626 = LINE('',#3627,#3628);
#3627 = CARTESIAN_POINT('',(-39.26537180436,-37.,5.));
#3628 = VECTOR('',#3629,1.);
#3629 = DIRECTION('',(0.,0.,1.));
#3630 = PLANE('',#3631);
#3631 = AXIS2_PLACEMENT_3D('',#3632,#3633,#3634);
#3632 = CARTESIAN_POINT('',(-54.26537180436,-37.,5.));
#3633 = DIRECTION('',(0.,1.,0.));
#3634 = DIRECTION('',(0.,0.,1.));
#3635 = ADVANCED_FACE('',(#3636),#3663,.T.);
#3636 = FACE_BOUND('',#3637,.T.);
#3637 = EDGE_LOOP('',(#3638,#3646,#3647,#3648,#3649,#3657));
#3638 = ORIENTED_EDGE('',*,*,#3639,.F.);
#3639 = EDGE_CURVE('',#2011,#3640,#3642,.T.);
#3640 = VERTEX_POINT('',#3641);
#3641 = CARTESIAN_POINT('',(-54.26537180436,-17.,5.));
#3642 = LINE('',#3643,#3644);
#3643 = CARTESIAN_POINT('',(-54.26537180436,-37.,5.));
#3644 = VECTOR('',#3645,1.);
#3645 = DIRECTION('',(0.,1.,0.));
#3646 = ORIENTED_EDGE('',*,*,#2018,.F.);
#3647 = ORIENTED_EDGE('',*,*,#2035,.F.);
#3648 = ORIENTED_EDGE('',*,*,#3615,.T.);
#3649 = ORIENTED_EDGE('',*,*,#3650,.T.);
#3650 = EDGE_CURVE('',#3616,#3651,#3653,.T.);
#3651 = VERTEX_POINT('',#3652);
#3652 = CARTESIAN_POINT('',(-39.26537180436,-17.,5.));
#3653 = LINE('',#3654,#3655);
#3654 = CARTESIAN_POINT('',(-39.26537180436,-37.,5.));
#3655 = VECTOR('',#3656,1.);
#3656 = DIRECTION('',(0.,1.,0.));
#3657 = ORIENTED_EDGE('',*,*,#3658,.F.);
#3658 = EDGE_CURVE('',#3640,#3651,#3659,.T.);
#3659 = LINE('',#3660,#3661);
#3660 = CARTESIAN_POINT('',(-54.26537180436,-17.,5.));
#3661 = VECTOR('',#3662,1.);
#3662 = DIRECTION('',(1.,0.,0.));
#3663 = PLANE('',#3664);
#3664 = AXIS2_PLACEMENT_3D('',#3665,#3666,#3667);
#3665 = CARTESIAN_POINT('',(-54.26537180436,-37.,5.));
#3666 = DIRECTION('',(0.,0.,1.));
#3667 = DIRECTION('',(1.,0.,0.));
#3668 = ADVANCED_FACE('',(#3669),#3682,.T.);
#3669 = FACE_BOUND('',#3670,.T.);
#3670 = EDGE_LOOP('',(#3671,#3672,#3673,#3674,#3675,#3676));
#3671 = ORIENTED_EDGE('',*,*,#3575,.F.);
#3672 = ORIENTED_EDGE('',*,*,#1792,.F.);
#3673 = ORIENTED_EDGE('',*,*,#3533,.F.);
#3674 = ORIENTED_EDGE('',*,*,#2010,.F.);
#3675 = ORIENTED_EDGE('',*,*,#3639,.T.);
#3676 = ORIENTED_EDGE('',*,*,#3677,.T.);
#3677 = EDGE_CURVE('',#3640,#3576,#3678,.T.);
#3678 = LINE('',#3679,#3680);
#3679 = CARTESIAN_POINT('',(-54.26537180436,-17.,5.));
#3680 = VECTOR('',#3681,1.);
#3681 = DIRECTION('',(0.,0.,1.));
#3682 = PLANE('',#3683);
#3683 = AXIS2_PLACEMENT_3D('',#3684,#3685,#3686);
#3684 = CARTESIAN_POINT('',(-54.26537180436,-37.,5.));
#3685 = DIRECTION('',(1.,0.,0.));
#3686 = DIRECTION('',(0.,0.,1.));
#3687 = ADVANCED_FACE('',(#3688),#3714,.F.);
#3688 = FACE_BOUND('',#3689,.F.);
#3689 = EDGE_LOOP('',(#3690,#3698,#3706,#3712,#3713));
#3690 = ORIENTED_EDGE('',*,*,#3691,.F.);
#3691 = EDGE_CURVE('',#3692,#2448,#3694,.T.);
#3692 = VERTEX_POINT('',#3693);
#3693 = CARTESIAN_POINT('',(39.26537180436,37.,21.));
#3694 = LINE('',#3695,#3696);
#3695 = CARTESIAN_POINT('',(39.26537180436,37.,21.));
#3696 = VECTOR('',#3697,1.);
#3697 = DIRECTION('',(1.,0.,0.));
#3698 = ORIENTED_EDGE('',*,*,#3699,.F.);
#3699 = EDGE_CURVE('',#3700,#3692,#3702,.T.);
#3700 = VERTEX_POINT('',#3701);
#3701 = CARTESIAN_POINT('',(39.26537180436,17.,21.));
#3702 = LINE('',#3703,#3704);
#3703 = CARTESIAN_POINT('',(39.26537180436,17.,21.));
#3704 = VECTOR('',#3705,1.);
#3705 = DIRECTION('',(0.,1.,0.));
#3706 = ORIENTED_EDGE('',*,*,#3707,.T.);
#3707 = EDGE_CURVE('',#3700,#3109,#3708,.T.);
#3708 = LINE('',#3709,#3710);
#3709 = CARTESIAN_POINT('',(39.26537180436,17.,21.));
#3710 = VECTOR('',#3711,1.);
#3711 = DIRECTION('',(1.,0.,0.));
#3712 = ORIENTED_EDGE('',*,*,#3108,.T.);
#3713 = ORIENTED_EDGE('',*,*,#2455,.F.);
#3714 = PLANE('',#3715);
#3715 = AXIS2_PLACEMENT_3D('',#3716,#3717,#3718);
#3716 = CARTESIAN_POINT('',(39.26537180436,17.,21.));
#3717 = DIRECTION('',(0.,0.,1.));
#3718 = DIRECTION('',(1.,0.,0.));
#3719 = ADVANCED_FACE('',(#3720),#3738,.F.);
#3720 = FACE_BOUND('',#3721,.F.);
#3721 = EDGE_LOOP('',(#3722,#3730,#3736,#3737));
#3722 = ORIENTED_EDGE('',*,*,#3723,.F.);
#3723 = EDGE_CURVE('',#3724,#2439,#3726,.T.);
#3724 = VERTEX_POINT('',#3725);
#3725 = CARTESIAN_POINT('',(39.26537180436,37.,5.));
#3726 = LINE('',#3727,#3728);
#3727 = CARTESIAN_POINT('',(39.26537180436,37.,5.));
#3728 = VECTOR('',#3729,1.);
#3729 = DIRECTION('',(1.,0.,0.));
#3730 = ORIENTED_EDGE('',*,*,#3731,.T.);
#3731 = EDGE_CURVE('',#3724,#3692,#3732,.T.);
#3732 = LINE('',#3733,#3734);
#3733 = CARTESIAN_POINT('',(39.26537180436,37.,5.));
#3734 = VECTOR('',#3735,1.);
#3735 = DIRECTION('',(0.,0.,1.));
#3736 = ORIENTED_EDGE('',*,*,#3691,.T.);
#3737 = ORIENTED_EDGE('',*,*,#2447,.F.);
#3738 = PLANE('',#3739);
#3739 = AXIS2_PLACEMENT_3D('',#3740,#3741,#3742);
#3740 = CARTESIAN_POINT('',(39.26537180436,37.,5.));
#3741 = DIRECTION('',(0.,1.,0.));
#3742 = DIRECTION('',(0.,0.,1.));
#3743 = ADVANCED_FACE('',(#3744),#3763,.T.);
#3744 = FACE_BOUND('',#3745,.T.);
#3745 = EDGE_LOOP('',(#3746,#3747,#3755,#3761,#3762));
#3746 = ORIENTED_EDGE('',*,*,#3723,.F.);
#3747 = ORIENTED_EDGE('',*,*,#3748,.F.);
#3748 = EDGE_CURVE('',#3749,#3724,#3751,.T.);
#3749 = VERTEX_POINT('',#3750);
#3750 = CARTESIAN_POINT('',(39.26537180436,17.,5.));
#3751 = LINE('',#3752,#3753);
#3752 = CARTESIAN_POINT('',(39.26537180436,17.,5.));
#3753 = VECTOR('',#3754,1.);
#3754 = DIRECTION('',(0.,1.,0.));
#3755 = ORIENTED_EDGE('',*,*,#3756,.T.);
#3756 = EDGE_CURVE('',#3749,#3117,#3757,.T.);
#3757 = LINE('',#3758,#3759);
#3758 = CARTESIAN_POINT('',(39.26537180436,17.,5.));
#3759 = VECTOR('',#3760,1.);
#3760 = DIRECTION('',(1.,0.,0.));
#3761 = ORIENTED_EDGE('',*,*,#3124,.T.);
#3762 = ORIENTED_EDGE('',*,*,#2438,.F.);
#3763 = PLANE('',#3764);
#3764 = AXIS2_PLACEMENT_3D('',#3765,#3766,#3767);
#3765 = CARTESIAN_POINT('',(39.26537180436,17.,5.));
#3766 = DIRECTION('',(0.,0.,1.));
#3767 = DIRECTION('',(1.,0.,0.));
#3768 = ADVANCED_FACE('',(#3769,#3782),#3816,.T.);
#3769 = FACE_BOUND('',#3770,.T.);
#3770 = EDGE_LOOP('',(#3771,#3772,#3773,#3774,#3775,#3781));
#3771 = ORIENTED_EDGE('',*,*,#3559,.F.);
#3772 = ORIENTED_EDGE('',*,*,#2520,.F.);
#3773 = ORIENTED_EDGE('',*,*,#2834,.T.);
#3774 = ORIENTED_EDGE('',*,*,#2934,.F.);
#3775 = ORIENTED_EDGE('',*,*,#3776,.F.);
#3776 = EDGE_CURVE('',#3299,#2927,#3777,.T.);
#3777 = LINE('',#3778,#3779);
#3778 = CARTESIAN_POINT('',(-24.,-11.56921938165,3.));
#3779 = VECTOR('',#3780,1.);
#3780 = DIRECTION('',(0.,0.,-1.));
#3781 = ORIENTED_EDGE('',*,*,#3298,.T.);
#3782 = FACE_BOUND('',#3783,.T.);
#3783 = EDGE_LOOP('',(#3784,#3794,#3802,#3810));
#3784 = ORIENTED_EDGE('',*,*,#3785,.F.);
#3785 = EDGE_CURVE('',#3786,#3788,#3790,.T.);
#3786 = VERTEX_POINT('',#3787);
#3787 = CARTESIAN_POINT('',(-28.17691453624,-18.80384757729,6.));
#3788 = VERTEX_POINT('',#3789);
#3789 = CARTESIAN_POINT('',(-28.17691453624,-18.80384757729,14.));
#3790 = LINE('',#3791,#3792);
#3791 = CARTESIAN_POINT('',(-28.17691453624,-18.80384757729,4.));
#3792 = VECTOR('',#3793,1.);
#3793 = DIRECTION('',(0.,0.,1.));
#3794 = ORIENTED_EDGE('',*,*,#3795,.T.);
#3795 = EDGE_CURVE('',#3786,#3796,#3798,.T.);
#3796 = VERTEX_POINT('',#3797);
#3797 = CARTESIAN_POINT('',(-32.33161507461,-26.,6.));
#3798 = LINE('',#3799,#3800);
#3799 = CARTESIAN_POINT('',(-25.89166049839,-14.84567147554,6.));
#3800 = VECTOR('',#3801,1.);
#3801 = DIRECTION('',(-0.5,-0.866025403784,0.));
#3802 = ORIENTED_EDGE('',*,*,#3803,.T.);
#3803 = EDGE_CURVE('',#3796,#3804,#3806,.T.);
#3804 = VERTEX_POINT('',#3805);
#3805 = CARTESIAN_POINT('',(-32.33161507461,-26.,14.));
#3806 = LINE('',#3807,#3808);
#3807 = CARTESIAN_POINT('',(-32.33161507461,-26.,4.));
#3808 = VECTOR('',#3809,1.);
#3809 = DIRECTION('',(0.,0.,1.));
#3810 = ORIENTED_EDGE('',*,*,#3811,.F.);
#3811 = EDGE_CURVE('',#3788,#3804,#3812,.T.);
#3812 = LINE('',#3813,#3814);
#3813 = CARTESIAN_POINT('',(-25.89166049839,-14.84567147554,14.));
#3814 = VECTOR('',#3815,1.);
#3815 = DIRECTION('',(-0.5,-0.866025403784,0.));
#3816 = PLANE('',#3817);
#3817 = AXIS2_PLACEMENT_3D('',#3818,#3819,#3820);
#3818 = CARTESIAN_POINT('',(-18.99038105676,-2.892304845413,2.));
#3819 = DIRECTION('',(0.866025403784,-0.5,0.));
#3820 = DIRECTION('',(0.,0.,1.));
#3821 = ADVANCED_FACE('',(#3822),#3828,.T.);
#3822 = FACE_BOUND('',#3823,.T.);
#3823 = EDGE_LOOP('',(#3824,#3825,#3826,#3827));
#3824 = ORIENTED_EDGE('',*,*,#2746,.F.);
#3825 = ORIENTED_EDGE('',*,*,#2567,.T.);
#3826 = ORIENTED_EDGE('',*,*,#2698,.T.);
#3827 = ORIENTED_EDGE('',*,*,#2722,.F.);
#3828 = PLANE('',#3829);
#3829 = AXIS2_PLACEMENT_3D('',#3830,#3831,#3832);
#3830 = CARTESIAN_POINT('',(-4.,-28.,8.));
#3831 = DIRECTION('',(0.,1.,0.));
#3832 = DIRECTION('',(0.,0.,1.));
#3833 = ADVANCED_FACE('',(#3834),#3851,.T.);
#3834 = FACE_BOUND('',#3835,.T.);
#3835 = EDGE_LOOP('',(#3836,#3844,#3845));
#3836 = ORIENTED_EDGE('',*,*,#3837,.T.);
#3837 = EDGE_CURVE('',#3838,#2763,#3840,.T.);
#3838 = VERTEX_POINT('',#3839);
#3839 = CARTESIAN_POINT('',(-3.215390309173,-12.,24.));
#3840 = LINE('',#3841,#3842);
#3841 = CARTESIAN_POINT('',(-18.99038105676,-2.892304845413,24.));
#3842 = VECTOR('',#3843,1.);
#3843 = DIRECTION('',(0.866025403784,-0.5,0.));
#3844 = ORIENTED_EDGE('',*,*,#2762,.T.);
#3845 = ORIENTED_EDGE('',*,*,#3846,.F.);
#3846 = EDGE_CURVE('',#3838,#2765,#3847,.T.);
#3847 = LINE('',#3848,#3849);
#3848 = CARTESIAN_POINT('',(-24.,-12.,24.));
#3849 = VECTOR('',#3850,1.);
#3850 = DIRECTION('',(1.,0.,0.));
#3851 = PLANE('',#3852);
#3852 = AXIS2_PLACEMENT_3D('',#3853,#3854,#3855);
#3853 = CARTESIAN_POINT('',(0.,0.,24.));
#3854 = DIRECTION('',(0.,0.,1.));
#3855 = DIRECTION('',(1.,0.,0.));
#3856 = ADVANCED_FACE('',(#3857),#3893,.T.);
#3857 = FACE_BOUND('',#3858,.T.);
#3858 = EDGE_LOOP('',(#3859,#3860,#3861,#3869,#3877,#3885,#3891,#3892));
#3859 = ORIENTED_EDGE('',*,*,#2941,.F.);
#3860 = ORIENTED_EDGE('',*,*,#2854,.T.);
#3861 = ORIENTED_EDGE('',*,*,#3862,.T.);
#3862 = EDGE_CURVE('',#2847,#3863,#3865,.T.);
#3863 = VERTEX_POINT('',#3864);
#3864 = CARTESIAN_POINT('',(4.,-12.,8.));
#3865 = LINE('',#3866,#3867);
#3866 = CARTESIAN_POINT('',(-4.,-12.,8.));
#3867 = VECTOR('',#3868,1.);
#3868 = DIRECTION('',(1.,0.,0.));
#3869 = ORIENTED_EDGE('',*,*,#3870,.T.);
#3870 = EDGE_CURVE('',#3863,#3871,#3873,.T.);
#3871 = VERTEX_POINT('',#3872);
#3872 = CARTESIAN_POINT('',(4.,-12.,20.));
#3873 = LINE('',#3874,#3875);
#3874 = CARTESIAN_POINT('',(4.,-12.,8.));
#3875 = VECTOR('',#3876,1.);
#3876 = DIRECTION('',(0.,0.,1.));
#3877 = ORIENTED_EDGE('',*,*,#3878,.F.);
#3878 = EDGE_CURVE('',#3879,#3871,#3881,.T.);
#3879 = VERTEX_POINT('',#3880);
#3880 = CARTESIAN_POINT('',(-3.215390309173,-12.,20.));
#3881 = LINE('',#3882,#3883);
#3882 = CARTESIAN_POINT('',(-4.,-12.,20.));
#3883 = VECTOR('',#3884,1.);
#3884 = DIRECTION('',(1.,0.,0.));
#3885 = ORIENTED_EDGE('',*,*,#3886,.T.);
#3886 = EDGE_CURVE('',#3879,#3838,#3887,.T.);
#3887 = LINE('',#3888,#3889);
#3888 = CARTESIAN_POINT('',(-3.215390309173,-12.,3.));
#3889 = VECTOR('',#3890,1.);
#3890 = DIRECTION('',(0.,0.,1.));
#3891 = ORIENTED_EDGE('',*,*,#3846,.T.);
#3892 = ORIENTED_EDGE('',*,*,#2820,.T.);
#3893 = PLANE('',#3894);
#3894 = AXIS2_PLACEMENT_3D('',#3895,#3896,#3897);
#3895 = CARTESIAN_POINT('',(-24.,-12.,4.));
#3896 = DIRECTION('',(0.,1.,0.));
#3897 = DIRECTION('',(0.,0.,1.));
#3898 = ADVANCED_FACE('',(#3899),#3910,.T.);
#3899 = FACE_BOUND('',#3900,.T.);
#3900 = EDGE_LOOP('',(#3901,#3902,#3903,#3904));
#3901 = ORIENTED_EDGE('',*,*,#3862,.F.);
#3902 = ORIENTED_EDGE('',*,*,#2846,.F.);
#3903 = ORIENTED_EDGE('',*,*,#2796,.F.);
#3904 = ORIENTED_EDGE('',*,*,#3905,.T.);
#3905 = EDGE_CURVE('',#2789,#3863,#3906,.T.);
#3906 = LINE('',#3907,#3908);
#3907 = CARTESIAN_POINT('',(4.,-28.,8.));
#3908 = VECTOR('',#3909,1.);
#3909 = DIRECTION('',(0.,1.,0.));
#3910 = PLANE('',#3911);
#3911 = AXIS2_PLACEMENT_3D('',#3912,#3913,#3914);
#3912 = CARTESIAN_POINT('',(-4.,-28.,8.));
#3913 = DIRECTION('',(0.,0.,1.));
#3914 = DIRECTION('',(1.,0.,0.));
#3915 = ADVANCED_FACE('',(#3916),#3927,.F.);
#3916 = FACE_BOUND('',#3917,.F.);
#3917 = EDGE_LOOP('',(#3918,#3924,#3925,#3926));
#3918 = ORIENTED_EDGE('',*,*,#3919,.F.);
#3919 = EDGE_CURVE('',#2781,#3871,#3920,.T.);
#3920 = LINE('',#3921,#3922);
#3921 = CARTESIAN_POINT('',(4.,-28.,20.));
#3922 = VECTOR('',#3923,1.);
#3923 = DIRECTION('',(0.,1.,0.));
#3924 = ORIENTED_EDGE('',*,*,#2788,.F.);
#3925 = ORIENTED_EDGE('',*,*,#3905,.T.);
#3926 = ORIENTED_EDGE('',*,*,#3870,.T.);
#3927 = PLANE('',#3928);
#3928 = AXIS2_PLACEMENT_3D('',#3929,#3930,#3931);
#3929 = CARTESIAN_POINT('',(4.,-28.,8.));
#3930 = DIRECTION('',(1.,0.,0.));
#3931 = DIRECTION('',(0.,0.,1.));
#3932 = ADVANCED_FACE('',(#3933),#3944,.F.);
#3933 = FACE_BOUND('',#3934,.F.);
#3934 = EDGE_LOOP('',(#3935,#3936,#3942,#3943));
#3935 = ORIENTED_EDGE('',*,*,#3878,.F.);
#3936 = ORIENTED_EDGE('',*,*,#3937,.F.);
#3937 = EDGE_CURVE('',#2773,#3879,#3938,.T.);
#3938 = LINE('',#3939,#3940);
#3939 = CARTESIAN_POINT('',(-7.933012701892,-9.276279441629,20.));
#3940 = VECTOR('',#3941,1.);
#3941 = DIRECTION('',(-0.866025403784,0.5,0.));
#3942 = ORIENTED_EDGE('',*,*,#2780,.F.);
#3943 = ORIENTED_EDGE('',*,*,#3919,.T.);
#3944 = PLANE('',#3945);
#3945 = AXIS2_PLACEMENT_3D('',#3946,#3947,#3948);
#3946 = CARTESIAN_POINT('',(-4.,-28.,20.));
#3947 = DIRECTION('',(0.,0.,1.));
#3948 = DIRECTION('',(1.,0.,0.));
#3949 = ADVANCED_FACE('',(#3950),#3956,.T.);
#3950 = FACE_BOUND('',#3951,.T.);
#3951 = EDGE_LOOP('',(#3952,#3953,#3954,#3955));
#3952 = ORIENTED_EDGE('',*,*,#3886,.F.);
#3953 = ORIENTED_EDGE('',*,*,#3937,.F.);
#3954 = ORIENTED_EDGE('',*,*,#2772,.T.);
#3955 = ORIENTED_EDGE('',*,*,#3837,.F.);
#3956 = PLANE('',#3957);
#3957 = AXIS2_PLACEMENT_3D('',#3958,#3959,#3960);
#3958 = CARTESIAN_POINT('',(-18.99038105676,-2.892304845413,2.));
#3959 = DIRECTION('',(-0.5,-0.866025403784,0.));
#3960 = DIRECTION('',(0.,0.,1.));
#3961 = ADVANCED_FACE('',(#3962),#4019,.F.);
#3962 = FACE_BOUND('',#3963,.F.);
#3963 = EDGE_LOOP('',(#3964,#3965,#3973,#3981,#3989,#3997,#4005,#4013));
#3964 = ORIENTED_EDGE('',*,*,#2900,.F.);
#3965 = ORIENTED_EDGE('',*,*,#3966,.T.);
#3966 = EDGE_CURVE('',#2901,#3967,#3969,.T.);
#3967 = VERTEX_POINT('',#3968);
#3968 = CARTESIAN_POINT('',(-6.38477631085,12.,24.));
#3969 = LINE('',#3970,#3971);
#3970 = CARTESIAN_POINT('',(-6.38477631085,12.,3.75));
#3971 = VECTOR('',#3972,1.);
#3972 = DIRECTION('',(0.,0.,1.));
#3973 = ORIENTED_EDGE('',*,*,#3974,.T.);
#3974 = EDGE_CURVE('',#3967,#3975,#3977,.T.);
#3975 = VERTEX_POINT('',#3976);
#3976 = CARTESIAN_POINT('',(3.215390309173,12.,24.));
#3977 = LINE('',#3978,#3979);
#3978 = CARTESIAN_POINT('',(-24.,12.,24.));
#3979 = VECTOR('',#3980,1.);
#3980 = DIRECTION('',(1.,0.,0.));
#3981 = ORIENTED_EDGE('',*,*,#3982,.T.);
#3982 = EDGE_CURVE('',#3975,#3983,#3985,.T.);
#3983 = VERTEX_POINT('',#3984);
#3984 = CARTESIAN_POINT('',(3.215390309173,12.,20.));
#3985 = LINE('',#3986,#3987);
#3986 = CARTESIAN_POINT('',(3.215390309173,12.,3.));
#3987 = VECTOR('',#3988,1.);
#3988 = DIRECTION('',(0.,0.,-1.));
#3989 = ORIENTED_EDGE('',*,*,#3990,.F.);
#3990 = EDGE_CURVE('',#3991,#3983,#3993,.T.);
#3991 = VERTEX_POINT('',#3992);
#3992 = CARTESIAN_POINT('',(-4.,12.,20.));
#3993 = LINE('',#3994,#3995);
#3994 = CARTESIAN_POINT('',(-4.,12.,20.));
#3995 = VECTOR('',#3996,1.);
#3996 = DIRECTION('',(1.,0.,0.));
#3997 = ORIENTED_EDGE('',*,*,#3998,.F.);
#3998 = EDGE_CURVE('',#3999,#3991,#4001,.T.);
#3999 = VERTEX_POINT('',#4000);
#4000 = CARTESIAN_POINT('',(-4.,12.,8.));
#4001 = LINE('',#4002,#4003);
#4002 = CARTESIAN_POINT('',(-4.,12.,8.));
#4003 = VECTOR('',#4004,1.);
#4004 = DIRECTION('',(0.,0.,1.));
#4005 = ORIENTED_EDGE('',*,*,#4006,.T.);
#4006 = EDGE_CURVE('',#3999,#4007,#4009,.T.);
#4007 = VERTEX_POINT('',#4008);
#4008 = CARTESIAN_POINT('',(3.215390309173,12.,8.));
#4009 = LINE('',#4010,#4011);
#4010 = CARTESIAN_POINT('',(-4.,12.,8.));
#4011 = VECTOR('',#4012,1.);
#4012 = DIRECTION('',(1.,0.,0.));
#4013 = ORIENTED_EDGE('',*,*,#4014,.T.);
#4014 = EDGE_CURVE('',#4007,#2903,#4015,.T.);
#4015 = LINE('',#4016,#4017);
#4016 = CARTESIAN_POINT('',(3.215390309173,12.,3.));
#4017 = VECTOR('',#4018,1.);
#4018 = DIRECTION('',(0.,0.,-1.));
#4019 = PLANE('',#4020);
#4020 = AXIS2_PLACEMENT_3D('',#4021,#4022,#4023);
#4021 = CARTESIAN_POINT('',(-24.,12.,4.));
#4022 = DIRECTION('',(0.,1.,0.));
#4023 = DIRECTION('',(0.,0.,1.));
#4024 = ADVANCED_FACE('',(#4025),#4052,.T.);
#4025 = FACE_BOUND('',#4026,.T.);
#4026 = EDGE_LOOP('',(#4027,#4028,#4029,#4035,#4036,#4044,#4050,#4051));
#4027 = ORIENTED_EDGE('',*,*,#2988,.F.);
#4028 = ORIENTED_EDGE('',*,*,#3066,.T.);
#4029 = ORIENTED_EDGE('',*,*,#4030,.T.);
#4030 = EDGE_CURVE('',#3057,#3444,#4031,.T.);
#4031 = LINE('',#4032,#4033);
#4032 = CARTESIAN_POINT('',(-6.990381056767,17.892304845413,2.));
#4033 = VECTOR('',#4034,1.);
#4034 = DIRECTION('',(0.,0.,1.));
#4035 = ORIENTED_EDGE('',*,*,#3443,.T.);
#4036 = ORIENTED_EDGE('',*,*,#4037,.T.);
#4037 = EDGE_CURVE('',#3436,#4038,#4040,.T.);
#4038 = VERTEX_POINT('',#4039);
#4039 = CARTESIAN_POINT('',(-2.870871447358,15.513904863492,8.));
#4040 = LINE('',#4041,#4042);
#4041 = CARTESIAN_POINT('',(-2.870871447358,15.513904863492,2.75));
#4042 = VECTOR('',#4043,1.);
#4043 = DIRECTION('',(0.,0.,1.));
#4044 = ORIENTED_EDGE('',*,*,#4045,.T.);
#4045 = EDGE_CURVE('',#4038,#4007,#4046,.T.);
#4046 = LINE('',#4047,#4048);
#4047 = CARTESIAN_POINT('',(8.39711431703,9.008330249198,8.));
#4048 = VECTOR('',#4049,1.);
#4049 = DIRECTION('',(0.866025403784,-0.5,0.));
#4050 = ORIENTED_EDGE('',*,*,#4014,.T.);
#4051 = ORIENTED_EDGE('',*,*,#2958,.F.);
#4052 = PLANE('',#4053);
#4053 = AXIS2_PLACEMENT_3D('',#4054,#4055,#4056);
#4054 = CARTESIAN_POINT('',(18.990381056767,2.892304845413,2.));
#4055 = DIRECTION('',(0.5,0.866025403784,0.));
#4056 = DIRECTION('',(0.,0.,1.));
#4057 = ADVANCED_FACE('',(#4058),#4064,.T.);
#4058 = FACE_BOUND('',#4059,.T.);
#4059 = EDGE_LOOP('',(#4060,#4061,#4062,#4063));
#4060 = ORIENTED_EDGE('',*,*,#3306,.F.);
#4061 = ORIENTED_EDGE('',*,*,#3776,.T.);
#4062 = ORIENTED_EDGE('',*,*,#2926,.T.);
#4063 = ORIENTED_EDGE('',*,*,#3379,.F.);
#4064 = PLANE('',#4065);
#4065 = AXIS2_PLACEMENT_3D('',#4066,#4067,#4068);
#4066 = CARTESIAN_POINT('',(-24.,-12.,4.));
#4067 = DIRECTION('',(1.,0.,0.));
#4068 = DIRECTION('',(0.,0.,1.));
#4069 = ADVANCED_FACE('',(#4070),#4115,.T.);
#4070 = FACE_BOUND('',#4071,.T.);
#4071 = EDGE_LOOP('',(#4072,#4080,#4088,#4096,#4104,#4110,#4111,#4112,
    #4113,#4114));
#4072 = ORIENTED_EDGE('',*,*,#4073,.F.);
#4073 = EDGE_CURVE('',#4074,#3967,#4076,.T.);
#4074 = VERTEX_POINT('',#4075);
#4075 = CARTESIAN_POINT('',(-2.870871447358,15.513904863492,24.));
#4076 = LINE('',#4077,#4078);
#4077 = CARTESIAN_POINT('',(1.767766952966,20.152543263817,24.));
#4078 = VECTOR('',#4079,1.);
#4079 = DIRECTION('',(-0.707106781187,-0.707106781187,0.));
#4080 = ORIENTED_EDGE('',*,*,#4081,.F.);
#4081 = EDGE_CURVE('',#4082,#4074,#4084,.T.);
#4082 = VERTEX_POINT('',#4083);
#4083 = CARTESIAN_POINT('',(-2.870871447358,15.513904863492,20.));
#4084 = LINE('',#4085,#4086);
#4085 = CARTESIAN_POINT('',(-2.870871447358,15.513904863492,2.75));
#4086 = VECTOR('',#4087,1.);
#4087 = DIRECTION('',(0.,0.,1.));
#4088 = ORIENTED_EDGE('',*,*,#4089,.F.);
#4089 = EDGE_CURVE('',#4090,#4082,#4092,.T.);
#4090 = VERTEX_POINT('',#4091);
#4091 = CARTESIAN_POINT('',(-4.,14.38477631085,20.));
#4092 = LINE('',#4093,#4094);
#4093 = CARTESIAN_POINT('',(-1.712310601229,16.672465709621,20.));
#4094 = VECTOR('',#4095,1.);
#4095 = DIRECTION('',(0.707106781187,0.707106781187,0.));
#4096 = ORIENTED_EDGE('',*,*,#4097,.T.);
#4097 = EDGE_CURVE('',#4090,#4098,#4100,.T.);
#4098 = VERTEX_POINT('',#4099);
#4099 = CARTESIAN_POINT('',(-4.,14.38477631085,8.));
#4100 = LINE('',#4101,#4102);
#4101 = CARTESIAN_POINT('',(-4.,14.38477631085,5.75));
#4102 = VECTOR('',#4103,1.);
#4103 = DIRECTION('',(0.,0.,-1.));
#4104 = ORIENTED_EDGE('',*,*,#4105,.T.);
#4105 = EDGE_CURVE('',#4098,#4038,#4106,.T.);
#4106 = LINE('',#4107,#4108);
#4107 = CARTESIAN_POINT('',(-1.712310601229,16.672465709621,8.));
#4108 = VECTOR('',#4109,1.);
#4109 = DIRECTION('',(0.707106781187,0.707106781187,0.));
#4110 = ORIENTED_EDGE('',*,*,#4037,.F.);
#4111 = ORIENTED_EDGE('',*,*,#3435,.T.);
#4112 = ORIENTED_EDGE('',*,*,#3372,.T.);
#4113 = ORIENTED_EDGE('',*,*,#2910,.F.);
#4114 = ORIENTED_EDGE('',*,*,#3966,.T.);
#4115 = PLANE('',#4116);
#4116 = AXIS2_PLACEMENT_3D('',#4117,#4118,#4119);
#4117 = CARTESIAN_POINT('',(1.767766952966,20.152543263817,3.5));
#4118 = DIRECTION('',(-0.707106781187,0.707106781187,0.));
#4119 = DIRECTION('',(0.,0.,1.));
#4120 = ADVANCED_FACE('',(#4121),#4154,.F.);
#4121 = FACE_BOUND('',#4122,.F.);
#4122 = EDGE_LOOP('',(#4123,#4131,#4139,#4147,#4153));
#4123 = ORIENTED_EDGE('',*,*,#4124,.F.);
#4124 = EDGE_CURVE('',#4125,#3000,#4127,.T.);
#4125 = VERTEX_POINT('',#4126);
#4126 = CARTESIAN_POINT('',(28.17691453624,10.,14.));
#4127 = LINE('',#4128,#4129);
#4128 = CARTESIAN_POINT('',(28.17691453624,10.,14.));
#4129 = VECTOR('',#4130,1.);
#4130 = DIRECTION('',(0.,1.,0.));
#4131 = ORIENTED_EDGE('',*,*,#4132,.T.);
#4132 = EDGE_CURVE('',#4125,#4133,#4135,.T.);
#4133 = VERTEX_POINT('',#4134);
#4134 = CARTESIAN_POINT('',(34.17691453624,10.,14.));
#4135 = LINE('',#4136,#4137);
#4136 = CARTESIAN_POINT('',(28.17691453624,10.,14.));
#4137 = VECTOR('',#4138,1.);
#4138 = DIRECTION('',(1.,0.,0.));
#4139 = ORIENTED_EDGE('',*,*,#4140,.T.);
#4140 = EDGE_CURVE('',#4133,#4141,#4143,.T.);
#4141 = VERTEX_POINT('',#4142);
#4142 = CARTESIAN_POINT('',(34.17691453624,26.,14.));
#4143 = LINE('',#4144,#4145);
#4144 = CARTESIAN_POINT('',(34.17691453624,10.,14.));
#4145 = VECTOR('',#4146,1.);
#4146 = DIRECTION('',(0.,1.,0.));
#4147 = ORIENTED_EDGE('',*,*,#4148,.F.);
#4148 = EDGE_CURVE('',#3002,#4141,#4149,.T.);
#4149 = LINE('',#4150,#4151);
#4150 = CARTESIAN_POINT('',(28.17691453624,26.,14.));
#4151 = VECTOR('',#4152,1.);
#4152 = DIRECTION('',(1.,0.,0.));
#4153 = ORIENTED_EDGE('',*,*,#2999,.F.);
#4154 = PLANE('',#4155);
#4155 = AXIS2_PLACEMENT_3D('',#4156,#4157,#4158);
#4156 = CARTESIAN_POINT('',(28.17691453624,10.,14.));
#4157 = DIRECTION('',(0.,0.,1.));
#4158 = DIRECTION('',(1.,0.,0.));
#4159 = ADVANCED_FACE('',(#4160),#4178,.F.);
#4160 = FACE_BOUND('',#4161,.F.);
#4161 = EDGE_LOOP('',(#4162,#4170,#4171,#4172));
#4162 = ORIENTED_EDGE('',*,*,#4163,.F.);
#4163 = EDGE_CURVE('',#3018,#4164,#4166,.T.);
#4164 = VERTEX_POINT('',#4165);
#4165 = CARTESIAN_POINT('',(34.17691453624,26.,6.));
#4166 = LINE('',#4167,#4168);
#4167 = CARTESIAN_POINT('',(28.17691453624,26.,6.));
#4168 = VECTOR('',#4169,1.);
#4169 = DIRECTION('',(1.,0.,0.));
#4170 = ORIENTED_EDGE('',*,*,#3025,.F.);
#4171 = ORIENTED_EDGE('',*,*,#4148,.T.);
#4172 = ORIENTED_EDGE('',*,*,#4173,.F.);
#4173 = EDGE_CURVE('',#4164,#4141,#4174,.T.);
#4174 = LINE('',#4175,#4176);
#4175 = CARTESIAN_POINT('',(34.17691453624,26.,6.));
#4176 = VECTOR('',#4177,1.);
#4177 = DIRECTION('',(0.,0.,1.));
#4178 = PLANE('',#4179);
#4179 = AXIS2_PLACEMENT_3D('',#4180,#4181,#4182);
#4180 = CARTESIAN_POINT('',(28.17691453624,26.,6.));
#4181 = DIRECTION('',(0.,1.,0.));
#4182 = DIRECTION('',(0.,0.,1.));
#4183 = ADVANCED_FACE('',(#4184),#4210,.T.);
#4184 = FACE_BOUND('',#4185,.T.);
#4185 = EDGE_LOOP('',(#4186,#4194,#4202,#4208,#4209));
#4186 = ORIENTED_EDGE('',*,*,#4187,.F.);
#4187 = EDGE_CURVE('',#4188,#3010,#4190,.T.);
#4188 = VERTEX_POINT('',#4189);
#4189 = CARTESIAN_POINT('',(28.17691453624,10.,6.));
#4190 = LINE('',#4191,#4192);
#4191 = CARTESIAN_POINT('',(28.17691453624,10.,6.));
#4192 = VECTOR('',#4193,1.);
#4193 = DIRECTION('',(0.,1.,0.));
#4194 = ORIENTED_EDGE('',*,*,#4195,.T.);
#4195 = EDGE_CURVE('',#4188,#4196,#4198,.T.);
#4196 = VERTEX_POINT('',#4197);
#4197 = CARTESIAN_POINT('',(34.17691453624,10.,6.));
#4198 = LINE('',#4199,#4200);
#4199 = CARTESIAN_POINT('',(28.17691453624,10.,6.));
#4200 = VECTOR('',#4201,1.);
#4201 = DIRECTION('',(1.,0.,0.));
#4202 = ORIENTED_EDGE('',*,*,#4203,.T.);
#4203 = EDGE_CURVE('',#4196,#4164,#4204,.T.);
#4204 = LINE('',#4205,#4206);
#4205 = CARTESIAN_POINT('',(34.17691453624,10.,6.));
#4206 = VECTOR('',#4207,1.);
#4207 = DIRECTION('',(0.,1.,0.));
#4208 = ORIENTED_EDGE('',*,*,#4163,.F.);
#4209 = ORIENTED_EDGE('',*,*,#3017,.F.);
#4210 = PLANE('',#4211);
#4211 = AXIS2_PLACEMENT_3D('',#4212,#4213,#4214);
#4212 = CARTESIAN_POINT('',(28.17691453624,10.,6.));
#4213 = DIRECTION('',(0.,0.,1.));
#4214 = DIRECTION('',(1.,0.,0.));
#4215 = ADVANCED_FACE('',(#4216),#4227,.T.);
#4216 = FACE_BOUND('',#4217,.T.);
#4217 = EDGE_LOOP('',(#4218,#4219,#4225,#4226));
#4218 = ORIENTED_EDGE('',*,*,#4124,.F.);
#4219 = ORIENTED_EDGE('',*,*,#4220,.F.);
#4220 = EDGE_CURVE('',#4188,#4125,#4221,.T.);
#4221 = LINE('',#4222,#4223);
#4222 = CARTESIAN_POINT('',(28.17691453624,10.,6.));
#4223 = VECTOR('',#4224,1.);
#4224 = DIRECTION('',(0.,0.,1.));
#4225 = ORIENTED_EDGE('',*,*,#4187,.T.);
#4226 = ORIENTED_EDGE('',*,*,#3009,.F.);
#4227 = PLANE('',#4228);
#4228 = AXIS2_PLACEMENT_3D('',#4229,#4230,#4231);
#4229 = CARTESIAN_POINT('',(28.17691453624,10.,6.));
#4230 = DIRECTION('',(1.,0.,0.));
#4231 = DIRECTION('',(0.,0.,1.));
#4232 = ADVANCED_FACE('',(#4233),#4264,.F.);
#4233 = FACE_BOUND('',#4234,.F.);
#4234 = EDGE_LOOP('',(#4235,#4236,#4237,#4238,#4239,#4240,#4248,#4256,
    #4262,#4263));
#4235 = ORIENTED_EDGE('',*,*,#3242,.F.);
#4236 = ORIENTED_EDGE('',*,*,#3056,.F.);
#4237 = ORIENTED_EDGE('',*,*,#4030,.T.);
#4238 = ORIENTED_EDGE('',*,*,#3451,.T.);
#4239 = ORIENTED_EDGE('',*,*,#3485,.T.);
#4240 = ORIENTED_EDGE('',*,*,#4241,.T.);
#4241 = EDGE_CURVE('',#3486,#4242,#4244,.T.);
#4242 = VERTEX_POINT('',#4243);
#4243 = CARTESIAN_POINT('',(-1.154700538379,28.,8.));
#4244 = LINE('',#4245,#4246);
#4245 = CARTESIAN_POINT('',(-7.892304845413,16.330127018922,8.));
#4246 = VECTOR('',#4247,1.);
#4247 = DIRECTION('',(0.5,0.866025403784,0.));
#4248 = ORIENTED_EDGE('',*,*,#4249,.F.);
#4249 = EDGE_CURVE('',#4250,#4242,#4252,.T.);
#4250 = VERTEX_POINT('',#4251);
#4251 = CARTESIAN_POINT('',(-1.154700538379,28.,20.));
#4252 = LINE('',#4253,#4254);
#4253 = CARTESIAN_POINT('',(-1.154700538379,28.,5.));
#4254 = VECTOR('',#4255,1.);
#4255 = DIRECTION('',(0.,0.,-1.));
#4256 = ORIENTED_EDGE('',*,*,#4257,.F.);
#4257 = EDGE_CURVE('',#3510,#4250,#4258,.T.);
#4258 = LINE('',#4259,#4260);
#4259 = CARTESIAN_POINT('',(-7.892304845413,16.330127018922,20.));
#4260 = VECTOR('',#4261,1.);
#4261 = DIRECTION('',(0.5,0.866025403784,0.));
#4262 = ORIENTED_EDGE('',*,*,#3517,.T.);
#4263 = ORIENTED_EDGE('',*,*,#3214,.T.);
#4264 = PLANE('',#4265);
#4265 = AXIS2_PLACEMENT_3D('',#4266,#4267,#4268);
#4266 = CARTESIAN_POINT('',(-6.990381056767,17.892304845413,2.));
#4267 = DIRECTION('',(-0.866025403784,0.5,0.));
#4268 = DIRECTION('',(0.,0.,1.));
#4269 = ADVANCED_FACE('',(#4270),#4281,.T.);
#4270 = FACE_BOUND('',#4271,.T.);
#4271 = EDGE_LOOP('',(#4272,#4273,#4279,#4280));
#4272 = ORIENTED_EDGE('',*,*,#3756,.F.);
#4273 = ORIENTED_EDGE('',*,*,#4274,.T.);
#4274 = EDGE_CURVE('',#3749,#3700,#4275,.T.);
#4275 = LINE('',#4276,#4277);
#4276 = CARTESIAN_POINT('',(39.26537180436,17.,5.));
#4277 = VECTOR('',#4278,1.);
#4278 = DIRECTION('',(0.,0.,1.));
#4279 = ORIENTED_EDGE('',*,*,#3707,.T.);
#4280 = ORIENTED_EDGE('',*,*,#3116,.F.);
#4281 = PLANE('',#4282);
#4282 = AXIS2_PLACEMENT_3D('',#4283,#4284,#4285);
#4283 = CARTESIAN_POINT('',(39.26537180436,17.,5.));
#4284 = DIRECTION('',(0.,1.,0.));
#4285 = DIRECTION('',(0.,0.,1.));
#4286 = ADVANCED_FACE('',(#4287),#4298,.T.);
#4287 = FACE_BOUND('',#4288,.T.);
#4288 = EDGE_LOOP('',(#4289,#4290,#4296,#4297));
#4289 = ORIENTED_EDGE('',*,*,#3345,.F.);
#4290 = ORIENTED_EDGE('',*,*,#4291,.T.);
#4291 = EDGE_CURVE('',#3338,#3152,#4292,.T.);
#4292 = LINE('',#4293,#4294);
#4293 = CARTESIAN_POINT('',(2.41154273188,40.17691453624,6.));
#4294 = VECTOR('',#4295,1.);
#4295 = DIRECTION('',(0.,0.,1.));
#4296 = ORIENTED_EDGE('',*,*,#3151,.T.);
#4297 = ORIENTED_EDGE('',*,*,#3256,.F.);
#4298 = PLANE('',#4299);
#4299 = AXIS2_PLACEMENT_3D('',#4300,#4301,#4302);
#4300 = CARTESIAN_POINT('',(2.41154273188,40.17691453624,6.));
#4301 = DIRECTION('',(-0.866025403784,0.5,0.));
#4302 = DIRECTION('',(0.,0.,1.));
#4303 = ADVANCED_FACE('',(#4304),#4310,.T.);
#4304 = FACE_BOUND('',#4305,.T.);
#4305 = EDGE_LOOP('',(#4306,#4307,#4308,#4309));
#4306 = ORIENTED_EDGE('',*,*,#4291,.F.);
#4307 = ORIENTED_EDGE('',*,*,#3337,.T.);
#4308 = ORIENTED_EDGE('',*,*,#3396,.T.);
#4309 = ORIENTED_EDGE('',*,*,#3159,.F.);
#4310 = PLANE('',#4311);
#4311 = AXIS2_PLACEMENT_3D('',#4312,#4313,#4314);
#4312 = CARTESIAN_POINT('',(2.41154273188,40.17691453624,6.));
#4313 = DIRECTION('',(0.5,0.866025403784,0.));
#4314 = DIRECTION('',(0.,0.,1.));
#4315 = ADVANCED_FACE('',(#4316),#4334,.T.);
#4316 = FACE_BOUND('',#4317,.T.);
#4317 = EDGE_LOOP('',(#4318,#4326,#4332,#4333));
#4318 = ORIENTED_EDGE('',*,*,#4319,.F.);
#4319 = EDGE_CURVE('',#4320,#3404,#4322,.T.);
#4320 = VERTEX_POINT('',#4321);
#4321 = CARTESIAN_POINT('',(-5.,56.,16.));
#4322 = LINE('',#4323,#4324);
#4323 = CARTESIAN_POINT('',(-5.,56.,16.));
#4324 = VECTOR('',#4325,1.);
#4325 = DIRECTION('',(1.,0.,0.));
#4326 = ORIENTED_EDGE('',*,*,#4327,.T.);
#4327 = EDGE_CURVE('',#4320,#3176,#4328,.T.);
#4328 = LINE('',#4329,#4330);
#4329 = CARTESIAN_POINT('',(-5.,56.,16.));
#4330 = VECTOR('',#4331,1.);
#4331 = DIRECTION('',(0.,0.,1.));
#4332 = ORIENTED_EDGE('',*,*,#3175,.T.);
#4333 = ORIENTED_EDGE('',*,*,#3403,.T.);
#4334 = PLANE('',#4335);
#4335 = AXIS2_PLACEMENT_3D('',#4336,#4337,#4338);
#4336 = CARTESIAN_POINT('',(-5.,56.,16.));
#4337 = DIRECTION('',(0.,1.,0.));
#4338 = DIRECTION('',(0.,0.,1.));
#4339 = ADVANCED_FACE('',(#4340),#4358,.F.);
#4340 = FACE_BOUND('',#4341,.F.);
#4341 = EDGE_LOOP('',(#4342,#4350,#4356,#4357));
#4342 = ORIENTED_EDGE('',*,*,#4343,.F.);
#4343 = EDGE_CURVE('',#4344,#3412,#4346,.T.);
#4344 = VERTEX_POINT('',#4345);
#4345 = CARTESIAN_POINT('',(-5.,62.,16.));
#4346 = LINE('',#4347,#4348);
#4347 = CARTESIAN_POINT('',(-5.,62.,16.));
#4348 = VECTOR('',#4349,1.);
#4349 = DIRECTION('',(1.,0.,0.));
#4350 = ORIENTED_EDGE('',*,*,#4351,.T.);
#4351 = EDGE_CURVE('',#4344,#3184,#4352,.T.);
#4352 = LINE('',#4353,#4354);
#4353 = CARTESIAN_POINT('',(-5.,62.,16.));
#4354 = VECTOR('',#4355,1.);
#4355 = DIRECTION('',(0.,0.,1.));
#4356 = ORIENTED_EDGE('',*,*,#3191,.T.);
#4357 = ORIENTED_EDGE('',*,*,#3419,.T.);
#4358 = PLANE('',#4359);
#4359 = AXIS2_PLACEMENT_3D('',#4360,#4361,#4362);
#4360 = CARTESIAN_POINT('',(-5.,62.,16.));
#4361 = DIRECTION('',(0.,1.,0.));
#4362 = DIRECTION('',(0.,0.,1.));
#4363 = ADVANCED_FACE('',(#4364),#4375,.T.);
#4364 = FACE_BOUND('',#4365,.T.);
#4365 = EDGE_LOOP('',(#4366,#4367,#4373,#4374));
#4366 = ORIENTED_EDGE('',*,*,#4327,.F.);
#4367 = ORIENTED_EDGE('',*,*,#4368,.T.);
#4368 = EDGE_CURVE('',#4320,#4344,#4369,.T.);
#4369 = LINE('',#4370,#4371);
#4370 = CARTESIAN_POINT('',(-5.,56.,16.));
#4371 = VECTOR('',#4372,1.);
#4372 = DIRECTION('',(0.,1.,0.));
#4373 = ORIENTED_EDGE('',*,*,#4351,.T.);
#4374 = ORIENTED_EDGE('',*,*,#3183,.F.);
#4375 = PLANE('',#4376);
#4376 = AXIS2_PLACEMENT_3D('',#4377,#4378,#4379);
#4377 = CARTESIAN_POINT('',(-5.,56.,16.));
#4378 = DIRECTION('',(1.,0.,0.));
#4379 = DIRECTION('',(0.,0.,1.));
#4380 = ADVANCED_FACE('',(#4381),#4387,.T.);
#4381 = FACE_BOUND('',#4382,.T.);
#4382 = EDGE_LOOP('',(#4383,#4384,#4385,#4386));
#4383 = ORIENTED_EDGE('',*,*,#4343,.F.);
#4384 = ORIENTED_EDGE('',*,*,#4368,.F.);
#4385 = ORIENTED_EDGE('',*,*,#4319,.T.);
#4386 = ORIENTED_EDGE('',*,*,#3411,.T.);
#4387 = PLANE('',#4388);
#4388 = AXIS2_PLACEMENT_3D('',#4389,#4390,#4391);
#4389 = CARTESIAN_POINT('',(-5.,56.,16.));
#4390 = DIRECTION('',(0.,0.,1.));
#4391 = DIRECTION('',(1.,0.,0.));
#4392 = ADVANCED_FACE('',(#4393),#4411,.F.);
#4393 = FACE_BOUND('',#4394,.F.);
#4394 = EDGE_LOOP('',(#4395,#4403,#4404,#4405));
#4395 = ORIENTED_EDGE('',*,*,#4396,.F.);
#4396 = EDGE_CURVE('',#3502,#4397,#4399,.T.);
#4397 = VERTEX_POINT('',#4398);
#4398 = CARTESIAN_POINT('',(-4.,28.,20.));
#4399 = LINE('',#4400,#4401);
#4400 = CARTESIAN_POINT('',(-4.,12.,20.));
#4401 = VECTOR('',#4402,1.);
#4402 = DIRECTION('',(0.,1.,0.));
#4403 = ORIENTED_EDGE('',*,*,#3509,.F.);
#4404 = ORIENTED_EDGE('',*,*,#4257,.T.);
#4405 = ORIENTED_EDGE('',*,*,#4406,.F.);
#4406 = EDGE_CURVE('',#4397,#4250,#4407,.T.);
#4407 = LINE('',#4408,#4409);
#4408 = CARTESIAN_POINT('',(-4.,28.,20.));
#4409 = VECTOR('',#4410,1.);
#4410 = DIRECTION('',(1.,0.,0.));
#4411 = PLANE('',#4412);
#4412 = AXIS2_PLACEMENT_3D('',#4413,#4414,#4415);
#4413 = CARTESIAN_POINT('',(-4.,12.,20.));
#4414 = DIRECTION('',(0.,0.,1.));
#4415 = DIRECTION('',(1.,0.,0.));
#4416 = ADVANCED_FACE('',(#4417),#4435,.T.);
#4417 = FACE_BOUND('',#4418,.T.);
#4418 = EDGE_LOOP('',(#4419,#4420,#4428,#4434));
#4419 = ORIENTED_EDGE('',*,*,#3501,.F.);
#4420 = ORIENTED_EDGE('',*,*,#4421,.T.);
#4421 = EDGE_CURVE('',#3494,#4422,#4424,.T.);
#4422 = VERTEX_POINT('',#4423);
#4423 = CARTESIAN_POINT('',(-4.,28.,8.));
#4424 = LINE('',#4425,#4426);
#4425 = CARTESIAN_POINT('',(-4.,12.,8.));
#4426 = VECTOR('',#4427,1.);
#4427 = DIRECTION('',(0.,1.,0.));
#4428 = ORIENTED_EDGE('',*,*,#4429,.T.);
#4429 = EDGE_CURVE('',#4422,#4397,#4430,.T.);
#4430 = LINE('',#4431,#4432);
#4431 = CARTESIAN_POINT('',(-4.,28.,8.));
#4432 = VECTOR('',#4433,1.);
#4433 = DIRECTION('',(0.,0.,1.));
#4434 = ORIENTED_EDGE('',*,*,#4396,.F.);
#4435 = PLANE('',#4436);
#4436 = AXIS2_PLACEMENT_3D('',#4437,#4438,#4439);
#4437 = CARTESIAN_POINT('',(-4.,12.,8.));
#4438 = DIRECTION('',(1.,0.,0.));
#4439 = DIRECTION('',(0.,0.,1.));
#4440 = ADVANCED_FACE('',(#4441),#4452,.T.);
#4441 = FACE_BOUND('',#4442,.T.);
#4442 = EDGE_LOOP('',(#4443,#4444,#4445,#4446));
#4443 = ORIENTED_EDGE('',*,*,#4421,.F.);
#4444 = ORIENTED_EDGE('',*,*,#3493,.F.);
#4445 = ORIENTED_EDGE('',*,*,#4241,.T.);
#4446 = ORIENTED_EDGE('',*,*,#4447,.F.);
#4447 = EDGE_CURVE('',#4422,#4242,#4448,.T.);
#4448 = LINE('',#4449,#4450);
#4449 = CARTESIAN_POINT('',(-4.,28.,8.));
#4450 = VECTOR('',#4451,1.);
#4451 = DIRECTION('',(1.,0.,0.));
#4452 = PLANE('',#4453);
#4453 = AXIS2_PLACEMENT_3D('',#4454,#4455,#4456);
#4454 = CARTESIAN_POINT('',(-4.,12.,8.));
#4455 = DIRECTION('',(0.,0.,1.));
#4456 = DIRECTION('',(1.,0.,0.));
#4457 = ADVANCED_FACE('',(#4458),#4469,.F.);
#4458 = FACE_BOUND('',#4459,.F.);
#4459 = EDGE_LOOP('',(#4460,#4461,#4462,#4463));
#4460 = ORIENTED_EDGE('',*,*,#3658,.F.);
#4461 = ORIENTED_EDGE('',*,*,#3677,.T.);
#4462 = ORIENTED_EDGE('',*,*,#3601,.T.);
#4463 = ORIENTED_EDGE('',*,*,#4464,.F.);
#4464 = EDGE_CURVE('',#3651,#3594,#4465,.T.);
#4465 = LINE('',#4466,#4467);
#4466 = CARTESIAN_POINT('',(-39.26537180436,-17.,5.));
#4467 = VECTOR('',#4468,1.);
#4468 = DIRECTION('',(0.,0.,1.));
#4469 = PLANE('',#4470);
#4470 = AXIS2_PLACEMENT_3D('',#4471,#4472,#4473);
#4471 = CARTESIAN_POINT('',(-54.26537180436,-17.,5.));
#4472 = DIRECTION('',(0.,1.,0.));
#4473 = DIRECTION('',(0.,0.,1.));
#4474 = ADVANCED_FACE('',(#4475,#4481),#4509,.F.);
#4475 = FACE_BOUND('',#4476,.F.);
#4476 = EDGE_LOOP('',(#4477,#4478,#4479,#4480));
#4477 = ORIENTED_EDGE('',*,*,#3625,.F.);
#4478 = ORIENTED_EDGE('',*,*,#3650,.T.);
#4479 = ORIENTED_EDGE('',*,*,#4464,.T.);
#4480 = ORIENTED_EDGE('',*,*,#3593,.F.);
#4481 = FACE_BOUND('',#4482,.F.);
#4482 = EDGE_LOOP('',(#4483,#4494,#4503));
#4483 = ORIENTED_EDGE('',*,*,#4484,.F.);
#4484 = EDGE_CURVE('',#4485,#4487,#4489,.T.);
#4485 = VERTEX_POINT('',#4486);
#4486 = CARTESIAN_POINT('',(-39.26537180436,-27.86602540378,12.5));
#4487 = VERTEX_POINT('',#4488);
#4488 = CARTESIAN_POINT('',(-39.26537180436,-23.99038105676,
    8.147736931603));
#4489 = ELLIPSE('',#4490,5.196152422707,4.5);
#4490 = AXIS2_PLACEMENT_3D('',#4491,#4492,#4493);
#4491 = CARTESIAN_POINT('',(-39.26537180436,-22.66987298107,12.5));
#4492 = DIRECTION('',(1.,0.,0.));
#4493 = DIRECTION('',(0.,-1.,0.));
#4494 = ORIENTED_EDGE('',*,*,#4495,.F.);
#4495 = EDGE_CURVE('',#4496,#4485,#4498,.T.);
#4496 = VERTEX_POINT('',#4497);
#4497 = CARTESIAN_POINT('',(-39.26537180436,-23.99038105676,
    16.852263068397));
#4498 = ELLIPSE('',#4499,5.196152422707,4.5);
#4499 = AXIS2_PLACEMENT_3D('',#4500,#4501,#4502);
#4500 = CARTESIAN_POINT('',(-39.26537180436,-22.66987298107,12.5));
#4501 = DIRECTION('',(1.,0.,0.));
#4502 = DIRECTION('',(0.,-1.,0.));
#4503 = ORIENTED_EDGE('',*,*,#4504,.T.);
#4504 = EDGE_CURVE('',#4496,#4487,#4505,.T.);
#4505 = LINE('',#4506,#4507);
#4506 = CARTESIAN_POINT('',(-39.26537180436,-23.99038105676,8.75));
#4507 = VECTOR('',#4508,1.);
#4508 = DIRECTION('',(0.,0.,-1.));
#4509 = PLANE('',#4510);
#4510 = AXIS2_PLACEMENT_3D('',#4511,#4512,#4513);
#4511 = CARTESIAN_POINT('',(-39.26537180436,-37.,5.));
#4512 = DIRECTION('',(1.,0.,0.));
#4513 = DIRECTION('',(0.,0.,1.));
#4514 = ADVANCED_FACE('',(#4515,#4521),#4549,.T.);
#4515 = FACE_BOUND('',#4516,.T.);
#4516 = EDGE_LOOP('',(#4517,#4518,#4519,#4520));
#4517 = ORIENTED_EDGE('',*,*,#4274,.F.);
#4518 = ORIENTED_EDGE('',*,*,#3748,.T.);
#4519 = ORIENTED_EDGE('',*,*,#3731,.T.);
#4520 = ORIENTED_EDGE('',*,*,#3699,.F.);
#4521 = FACE_BOUND('',#4522,.T.);
#4522 = EDGE_LOOP('',(#4523,#4534,#4543));
#4523 = ORIENTED_EDGE('',*,*,#4524,.F.);
#4524 = EDGE_CURVE('',#4525,#4527,#4529,.T.);
#4525 = VERTEX_POINT('',#4526);
#4526 = CARTESIAN_POINT('',(39.26537180436,27.866025403784,12.5));
#4527 = VERTEX_POINT('',#4528);
#4528 = CARTESIAN_POINT('',(39.26537180436,23.990381056767,
    16.852263068397));
#4529 = ELLIPSE('',#4530,5.196152422707,4.5);
#4530 = AXIS2_PLACEMENT_3D('',#4531,#4532,#4533);
#4531 = CARTESIAN_POINT('',(39.26537180436,22.669872981078,12.5));
#4532 = DIRECTION('',(1.,0.,0.));
#4533 = DIRECTION('',(0.,1.,0.));
#4534 = ORIENTED_EDGE('',*,*,#4535,.F.);
#4535 = EDGE_CURVE('',#4536,#4525,#4538,.T.);
#4536 = VERTEX_POINT('',#4537);
#4537 = CARTESIAN_POINT('',(39.26537180436,23.990381056767,
    8.147736931603));
#4538 = ELLIPSE('',#4539,5.196152422707,4.5);
#4539 = AXIS2_PLACEMENT_3D('',#4540,#4541,#4542);
#4540 = CARTESIAN_POINT('',(39.26537180436,22.669872981078,12.5));
#4541 = DIRECTION('',(1.,0.,0.));
#4542 = DIRECTION('',(0.,1.,0.));
#4543 = ORIENTED_EDGE('',*,*,#4544,.T.);
#4544 = EDGE_CURVE('',#4536,#4527,#4545,.T.);
#4545 = LINE('',#4546,#4547);
#4546 = CARTESIAN_POINT('',(39.26537180436,23.990381056767,8.75));
#4547 = VECTOR('',#4548,1.);
#4548 = DIRECTION('',(0.,0.,1.));
#4549 = PLANE('',#4550);
#4550 = AXIS2_PLACEMENT_3D('',#4551,#4552,#4553);
#4551 = CARTESIAN_POINT('',(39.26537180436,17.,5.));
#4552 = DIRECTION('',(1.,0.,0.));
#4553 = DIRECTION('',(0.,0.,1.));
#4554 = ADVANCED_FACE('',(#4555),#4580,.F.);
#4555 = FACE_BOUND('',#4556,.F.);
#4556 = EDGE_LOOP('',(#4557,#4565,#4566,#4574));
#4557 = ORIENTED_EDGE('',*,*,#4558,.F.);
#4558 = EDGE_CURVE('',#3788,#4559,#4561,.T.);
#4559 = VERTEX_POINT('',#4560);
#4560 = CARTESIAN_POINT('',(-28.17691453624,-10.,14.));
#4561 = LINE('',#4562,#4563);
#4562 = CARTESIAN_POINT('',(-28.17691453624,-26.,14.));
#4563 = VECTOR('',#4564,1.);
#4564 = DIRECTION('',(0.,1.,0.));
#4565 = ORIENTED_EDGE('',*,*,#3785,.F.);
#4566 = ORIENTED_EDGE('',*,*,#4567,.T.);
#4567 = EDGE_CURVE('',#3786,#4568,#4570,.T.);
#4568 = VERTEX_POINT('',#4569);
#4569 = CARTESIAN_POINT('',(-28.17691453624,-10.,6.));
#4570 = LINE('',#4571,#4572);
#4571 = CARTESIAN_POINT('',(-28.17691453624,-26.,6.));
#4572 = VECTOR('',#4573,1.);
#4573 = DIRECTION('',(0.,1.,0.));
#4574 = ORIENTED_EDGE('',*,*,#4575,.T.);
#4575 = EDGE_CURVE('',#4568,#4559,#4576,.T.);
#4576 = LINE('',#4577,#4578);
#4577 = CARTESIAN_POINT('',(-28.17691453624,-10.,6.));
#4578 = VECTOR('',#4579,1.);
#4579 = DIRECTION('',(0.,0.,1.));
#4580 = PLANE('',#4581);
#4581 = AXIS2_PLACEMENT_3D('',#4582,#4583,#4584);
#4582 = CARTESIAN_POINT('',(-28.17691453624,-26.,6.));
#4583 = DIRECTION('',(1.,0.,0.));
#4584 = DIRECTION('',(0.,0.,1.));
#4585 = ADVANCED_FACE('',(#4586),#4612,.F.);
#4586 = FACE_BOUND('',#4587,.F.);
#4587 = EDGE_LOOP('',(#4588,#4596,#4604,#4610,#4611));
#4588 = ORIENTED_EDGE('',*,*,#4589,.F.);
#4589 = EDGE_CURVE('',#4590,#4559,#4592,.T.);
#4590 = VERTEX_POINT('',#4591);
#4591 = CARTESIAN_POINT('',(-34.17691453624,-10.,14.));
#4592 = LINE('',#4593,#4594);
#4593 = CARTESIAN_POINT('',(-34.17691453624,-10.,14.));
#4594 = VECTOR('',#4595,1.);
#4595 = DIRECTION('',(1.,0.,0.));
#4596 = ORIENTED_EDGE('',*,*,#4597,.F.);
#4597 = EDGE_CURVE('',#4598,#4590,#4600,.T.);
#4598 = VERTEX_POINT('',#4599);
#4599 = CARTESIAN_POINT('',(-34.17691453624,-26.,14.));
#4600 = LINE('',#4601,#4602);
#4601 = CARTESIAN_POINT('',(-34.17691453624,-26.,14.));
#4602 = VECTOR('',#4603,1.);
#4603 = DIRECTION('',(0.,1.,0.));
#4604 = ORIENTED_EDGE('',*,*,#4605,.T.);
#4605 = EDGE_CURVE('',#4598,#3804,#4606,.T.);
#4606 = LINE('',#4607,#4608);
#4607 = CARTESIAN_POINT('',(-34.17691453624,-26.,14.));
#4608 = VECTOR('',#4609,1.);
#4609 = DIRECTION('',(1.,0.,0.));
#4610 = ORIENTED_EDGE('',*,*,#3811,.F.);
#4611 = ORIENTED_EDGE('',*,*,#4558,.T.);
#4612 = PLANE('',#4613);
#4613 = AXIS2_PLACEMENT_3D('',#4614,#4615,#4616);
#4614 = CARTESIAN_POINT('',(-34.17691453624,-26.,14.));
#4615 = DIRECTION('',(0.,0.,1.));
#4616 = DIRECTION('',(1.,0.,0.));
#4617 = ADVANCED_FACE('',(#4618),#4636,.T.);
#4618 = FACE_BOUND('',#4619,.T.);
#4619 = EDGE_LOOP('',(#4620,#4628,#4634,#4635));
#4620 = ORIENTED_EDGE('',*,*,#4621,.F.);
#4621 = EDGE_CURVE('',#4622,#3796,#4624,.T.);
#4622 = VERTEX_POINT('',#4623);
#4623 = CARTESIAN_POINT('',(-34.17691453624,-26.,6.));
#4624 = LINE('',#4625,#4626);
#4625 = CARTESIAN_POINT('',(-34.17691453624,-26.,6.));
#4626 = VECTOR('',#4627,1.);
#4627 = DIRECTION('',(1.,0.,0.));
#4628 = ORIENTED_EDGE('',*,*,#4629,.T.);
#4629 = EDGE_CURVE('',#4622,#4598,#4630,.T.);
#4630 = LINE('',#4631,#4632);
#4631 = CARTESIAN_POINT('',(-34.17691453624,-26.,6.));
#4632 = VECTOR('',#4633,1.);
#4633 = DIRECTION('',(0.,0.,1.));
#4634 = ORIENTED_EDGE('',*,*,#4605,.T.);
#4635 = ORIENTED_EDGE('',*,*,#3803,.F.);
#4636 = PLANE('',#4637);
#4637 = AXIS2_PLACEMENT_3D('',#4638,#4639,#4640);
#4638 = CARTESIAN_POINT('',(-34.17691453624,-26.,6.));
#4639 = DIRECTION('',(0.,1.,0.));
#4640 = DIRECTION('',(0.,0.,1.));
#4641 = ADVANCED_FACE('',(#4642),#4661,.T.);
#4642 = FACE_BOUND('',#4643,.T.);
#4643 = EDGE_LOOP('',(#4644,#4652,#4658,#4659,#4660));
#4644 = ORIENTED_EDGE('',*,*,#4645,.F.);
#4645 = EDGE_CURVE('',#4646,#4568,#4648,.T.);
#4646 = VERTEX_POINT('',#4647);
#4647 = CARTESIAN_POINT('',(-34.17691453624,-10.,6.));
#4648 = LINE('',#4649,#4650);
#4649 = CARTESIAN_POINT('',(-34.17691453624,-10.,6.));
#4650 = VECTOR('',#4651,1.);
#4651 = DIRECTION('',(1.,0.,0.));
#4652 = ORIENTED_EDGE('',*,*,#4653,.F.);
#4653 = EDGE_CURVE('',#4622,#4646,#4654,.T.);
#4654 = LINE('',#4655,#4656);
#4655 = CARTESIAN_POINT('',(-34.17691453624,-26.,6.));
#4656 = VECTOR('',#4657,1.);
#4657 = DIRECTION('',(0.,1.,0.));
#4658 = ORIENTED_EDGE('',*,*,#4621,.T.);
#4659 = ORIENTED_EDGE('',*,*,#3795,.F.);
#4660 = ORIENTED_EDGE('',*,*,#4567,.T.);
#4661 = PLANE('',#4662);
#4662 = AXIS2_PLACEMENT_3D('',#4663,#4664,#4665);
#4663 = CARTESIAN_POINT('',(-34.17691453624,-26.,6.));
#4664 = DIRECTION('',(0.,0.,1.));
#4665 = DIRECTION('',(1.,0.,0.));
#4666 = ADVANCED_FACE('',(#4667),#4678,.T.);
#4667 = FACE_BOUND('',#4668,.T.);
#4668 = EDGE_LOOP('',(#4669,#4675,#4676,#4677));
#4669 = ORIENTED_EDGE('',*,*,#4670,.F.);
#4670 = EDGE_CURVE('',#3999,#4098,#4671,.T.);
#4671 = LINE('',#4672,#4673);
#4672 = CARTESIAN_POINT('',(-4.,12.,8.));
#4673 = VECTOR('',#4674,1.);
#4674 = DIRECTION('',(0.,1.,0.));
#4675 = ORIENTED_EDGE('',*,*,#4006,.T.);
#4676 = ORIENTED_EDGE('',*,*,#4045,.F.);
#4677 = ORIENTED_EDGE('',*,*,#4105,.F.);
#4678 = PLANE('',#4679);
#4679 = AXIS2_PLACEMENT_3D('',#4680,#4681,#4682);
#4680 = CARTESIAN_POINT('',(-4.,12.,8.));
#4681 = DIRECTION('',(0.,0.,1.));
#4682 = DIRECTION('',(1.,0.,0.));
#4683 = ADVANCED_FACE('',(#4684),#4695,.T.);
#4684 = FACE_BOUND('',#4685,.T.);
#4685 = EDGE_LOOP('',(#4686,#4687,#4688,#4689));
#4686 = ORIENTED_EDGE('',*,*,#3998,.F.);
#4687 = ORIENTED_EDGE('',*,*,#4670,.T.);
#4688 = ORIENTED_EDGE('',*,*,#4097,.F.);
#4689 = ORIENTED_EDGE('',*,*,#4690,.F.);
#4690 = EDGE_CURVE('',#3991,#4090,#4691,.T.);
#4691 = LINE('',#4692,#4693);
#4692 = CARTESIAN_POINT('',(-4.,12.,20.));
#4693 = VECTOR('',#4694,1.);
#4694 = DIRECTION('',(0.,1.,0.));
#4695 = PLANE('',#4696);
#4696 = AXIS2_PLACEMENT_3D('',#4697,#4698,#4699);
#4697 = CARTESIAN_POINT('',(-4.,12.,8.));
#4698 = DIRECTION('',(1.,0.,0.));
#4699 = DIRECTION('',(0.,0.,1.));
#4700 = ADVANCED_FACE('',(#4701),#4712,.F.);
#4701 = FACE_BOUND('',#4702,.F.);
#4702 = EDGE_LOOP('',(#4703,#4704,#4705,#4711));
#4703 = ORIENTED_EDGE('',*,*,#4690,.F.);
#4704 = ORIENTED_EDGE('',*,*,#3990,.T.);
#4705 = ORIENTED_EDGE('',*,*,#4706,.F.);
#4706 = EDGE_CURVE('',#4082,#3983,#4707,.T.);
#4707 = LINE('',#4708,#4709);
#4708 = CARTESIAN_POINT('',(8.39711431703,9.008330249198,20.));
#4709 = VECTOR('',#4710,1.);
#4710 = DIRECTION('',(0.866025403784,-0.5,0.));
#4711 = ORIENTED_EDGE('',*,*,#4089,.F.);
#4712 = PLANE('',#4713);
#4713 = AXIS2_PLACEMENT_3D('',#4714,#4715,#4716);
#4714 = CARTESIAN_POINT('',(-4.,12.,20.));
#4715 = DIRECTION('',(0.,0.,1.));
#4716 = DIRECTION('',(1.,0.,0.));
#4717 = ADVANCED_FACE('',(#4718),#4729,.T.);
#4718 = FACE_BOUND('',#4719,.T.);
#4719 = EDGE_LOOP('',(#4720,#4721,#4722,#4723));
#4720 = ORIENTED_EDGE('',*,*,#3982,.T.);
#4721 = ORIENTED_EDGE('',*,*,#4706,.F.);
#4722 = ORIENTED_EDGE('',*,*,#4081,.T.);
#4723 = ORIENTED_EDGE('',*,*,#4724,.F.);
#4724 = EDGE_CURVE('',#3975,#4074,#4725,.T.);
#4725 = LINE('',#4726,#4727);
#4726 = CARTESIAN_POINT('',(18.990381056767,2.892304845413,24.));
#4727 = VECTOR('',#4728,1.);
#4728 = DIRECTION('',(-0.866025403784,0.5,0.));
#4729 = PLANE('',#4730);
#4730 = AXIS2_PLACEMENT_3D('',#4731,#4732,#4733);
#4731 = CARTESIAN_POINT('',(18.990381056767,2.892304845413,2.));
#4732 = DIRECTION('',(0.5,0.866025403784,0.));
#4733 = DIRECTION('',(0.,0.,1.));
#4734 = ADVANCED_FACE('',(#4735),#4740,.T.);
#4735 = FACE_BOUND('',#4736,.T.);
#4736 = EDGE_LOOP('',(#4737,#4738,#4739));
#4737 = ORIENTED_EDGE('',*,*,#4724,.T.);
#4738 = ORIENTED_EDGE('',*,*,#4073,.T.);
#4739 = ORIENTED_EDGE('',*,*,#3974,.T.);
#4740 = PLANE('',#4741);
#4741 = AXIS2_PLACEMENT_3D('',#4742,#4743,#4744);
#4742 = CARTESIAN_POINT('',(0.,0.,24.));
#4743 = DIRECTION('',(0.,0.,1.));
#4744 = DIRECTION('',(1.,0.,0.));
#4745 = ADVANCED_FACE('',(#4746),#4757,.F.);
#4746 = FACE_BOUND('',#4747,.F.);
#4747 = EDGE_LOOP('',(#4748,#4754,#4755,#4756));
#4748 = ORIENTED_EDGE('',*,*,#4749,.F.);
#4749 = EDGE_CURVE('',#4196,#4133,#4750,.T.);
#4750 = LINE('',#4751,#4752);
#4751 = CARTESIAN_POINT('',(34.17691453624,10.,6.));
#4752 = VECTOR('',#4753,1.);
#4753 = DIRECTION('',(0.,0.,1.));
#4754 = ORIENTED_EDGE('',*,*,#4203,.T.);
#4755 = ORIENTED_EDGE('',*,*,#4173,.T.);
#4756 = ORIENTED_EDGE('',*,*,#4140,.F.);
#4757 = PLANE('',#4758);
#4758 = AXIS2_PLACEMENT_3D('',#4759,#4760,#4761);
#4759 = CARTESIAN_POINT('',(34.17691453624,10.,6.));
#4760 = DIRECTION('',(1.,0.,0.));
#4761 = DIRECTION('',(0.,0.,1.));
#4762 = ADVANCED_FACE('',(#4763),#4769,.T.);
#4763 = FACE_BOUND('',#4764,.T.);
#4764 = EDGE_LOOP('',(#4765,#4766,#4767,#4768));
#4765 = ORIENTED_EDGE('',*,*,#4195,.F.);
#4766 = ORIENTED_EDGE('',*,*,#4220,.T.);
#4767 = ORIENTED_EDGE('',*,*,#4132,.T.);
#4768 = ORIENTED_EDGE('',*,*,#4749,.F.);
#4769 = PLANE('',#4770);
#4770 = AXIS2_PLACEMENT_3D('',#4771,#4772,#4773);
#4771 = CARTESIAN_POINT('',(28.17691453624,10.,6.));
#4772 = DIRECTION('',(0.,1.,0.));
#4773 = DIRECTION('',(0.,0.,1.));
#4774 = ADVANCED_FACE('',(#4775),#4781,.F.);
#4775 = FACE_BOUND('',#4776,.F.);
#4776 = EDGE_LOOP('',(#4777,#4778,#4779,#4780));
#4777 = ORIENTED_EDGE('',*,*,#4447,.F.);
#4778 = ORIENTED_EDGE('',*,*,#4429,.T.);
#4779 = ORIENTED_EDGE('',*,*,#4406,.T.);
#4780 = ORIENTED_EDGE('',*,*,#4249,.T.);
#4781 = PLANE('',#4782);
#4782 = AXIS2_PLACEMENT_3D('',#4783,#4784,#4785);
#4783 = CARTESIAN_POINT('',(-4.,28.,8.));
#4784 = DIRECTION('',(0.,1.,0.));
#4785 = DIRECTION('',(0.,0.,1.));
#4786 = ADVANCED_FACE('',(#4787),#4805,.F.);
#4787 = FACE_BOUND('',#4788,.F.);
#4788 = EDGE_LOOP('',(#4789,#4797,#4798));
#4789 = ORIENTED_EDGE('',*,*,#4790,.T.);
#4790 = EDGE_CURVE('',#4791,#4485,#4793,.T.);
#4791 = VERTEX_POINT('',#4792);
#4792 = CARTESIAN_POINT('',(-37.58716857408,-26.89711431703,12.5));
#4793 = LINE('',#4794,#4795);
#4794 = CARTESIAN_POINT('',(-37.58716857408,-26.89711431703,12.5));
#4795 = VECTOR('',#4796,1.);
#4796 = DIRECTION('',(-0.866025403784,-0.5,0.));
#4797 = ORIENTED_EDGE('',*,*,#4484,.T.);
#4798 = ORIENTED_EDGE('',*,*,#4799,.T.);
#4799 = EDGE_CURVE('',#4487,#4791,#4800,.T.);
#4800 = CIRCLE('',#4801,4.5);
#4801 = AXIS2_PLACEMENT_3D('',#4802,#4803,#4804);
#4802 = CARTESIAN_POINT('',(-39.83716857408,-23.,12.5));
#4803 = DIRECTION('',(-0.866025403784,-0.5,0.));
#4804 = DIRECTION('',(0.5,-0.866025403784,0.));
#4805 = CYLINDRICAL_SURFACE('',#4806,4.5);
#4806 = AXIS2_PLACEMENT_3D('',#4807,#4808,#4809);
#4807 = CARTESIAN_POINT('',(-39.83716857408,-23.,12.5));
#4808 = DIRECTION('',(-0.866025403784,-0.5,0.));
#4809 = DIRECTION('',(0.5,-0.866025403784,0.));
#4810 = ADVANCED_FACE('',(#4811),#4822,.T.);
#4811 = FACE_BOUND('',#4812,.T.);
#4812 = EDGE_LOOP('',(#4813,#4814,#4821));
#4813 = ORIENTED_EDGE('',*,*,#4799,.T.);
#4814 = ORIENTED_EDGE('',*,*,#4815,.T.);
#4815 = EDGE_CURVE('',#4791,#4496,#4816,.T.);
#4816 = CIRCLE('',#4817,4.5);
#4817 = AXIS2_PLACEMENT_3D('',#4818,#4819,#4820);
#4818 = CARTESIAN_POINT('',(-39.83716857408,-23.,12.5));
#4819 = DIRECTION('',(-0.866025403784,-0.5,0.));
#4820 = DIRECTION('',(0.5,-0.866025403784,0.));
#4821 = ORIENTED_EDGE('',*,*,#4504,.T.);
#4822 = PLANE('',#4823);
#4823 = AXIS2_PLACEMENT_3D('',#4824,#4825,#4826);
#4824 = CARTESIAN_POINT('',(-39.83716857408,-23.,12.5));
#4825 = DIRECTION('',(-0.866025403784,-0.5,0.));
#4826 = DIRECTION('',(0.5,-0.866025403784,0.));
#4827 = ADVANCED_FACE('',(#4828),#4833,.F.);
#4828 = FACE_BOUND('',#4829,.F.);
#4829 = EDGE_LOOP('',(#4830,#4831,#4832));
#4830 = ORIENTED_EDGE('',*,*,#4495,.T.);
#4831 = ORIENTED_EDGE('',*,*,#4790,.F.);
#4832 = ORIENTED_EDGE('',*,*,#4815,.T.);
#4833 = CYLINDRICAL_SURFACE('',#4834,4.5);
#4834 = AXIS2_PLACEMENT_3D('',#4835,#4836,#4837);
#4835 = CARTESIAN_POINT('',(-39.83716857408,-23.,12.5));
#4836 = DIRECTION('',(-0.866025403784,-0.5,0.));
#4837 = DIRECTION('',(0.5,-0.866025403784,0.));
#4838 = ADVANCED_FACE('',(#4839),#4857,.F.);
#4839 = FACE_BOUND('',#4840,.F.);
#4840 = EDGE_LOOP('',(#4841,#4842,#4850));
#4841 = ORIENTED_EDGE('',*,*,#4524,.F.);
#4842 = ORIENTED_EDGE('',*,*,#4843,.F.);
#4843 = EDGE_CURVE('',#4844,#4525,#4846,.T.);
#4844 = VERTEX_POINT('',#4845);
#4845 = CARTESIAN_POINT('',(37.587168574084,26.89711431703,12.5));
#4846 = LINE('',#4847,#4848);
#4847 = CARTESIAN_POINT('',(37.587168574084,26.89711431703,12.5));
#4848 = VECTOR('',#4849,1.);
#4849 = DIRECTION('',(0.866025403784,0.5,0.));
#4850 = ORIENTED_EDGE('',*,*,#4851,.T.);
#4851 = EDGE_CURVE('',#4844,#4527,#4852,.T.);
#4852 = CIRCLE('',#4853,4.5);
#4853 = AXIS2_PLACEMENT_3D('',#4854,#4855,#4856);
#4854 = CARTESIAN_POINT('',(39.837168574084,23.,12.5));
#4855 = DIRECTION('',(0.866025403784,0.5,-0.));
#4856 = DIRECTION('',(-0.5,0.866025403784,0.));
#4857 = CYLINDRICAL_SURFACE('',#4858,4.5);
#4858 = AXIS2_PLACEMENT_3D('',#4859,#4860,#4861);
#4859 = CARTESIAN_POINT('',(39.837168574084,23.,12.5));
#4860 = DIRECTION('',(0.866025403784,0.5,0.));
#4861 = DIRECTION('',(-0.5,0.866025403784,0.));
#4862 = ADVANCED_FACE('',(#4863),#4874,.T.);
#4863 = FACE_BOUND('',#4864,.T.);
#4864 = EDGE_LOOP('',(#4865,#4872,#4873));
#4865 = ORIENTED_EDGE('',*,*,#4866,.T.);
#4866 = EDGE_CURVE('',#4536,#4844,#4867,.T.);
#4867 = CIRCLE('',#4868,4.5);
#4868 = AXIS2_PLACEMENT_3D('',#4869,#4870,#4871);
#4869 = CARTESIAN_POINT('',(39.837168574084,23.,12.5));
#4870 = DIRECTION('',(0.866025403784,0.5,-0.));
#4871 = DIRECTION('',(-0.5,0.866025403784,0.));
#4872 = ORIENTED_EDGE('',*,*,#4851,.T.);
#4873 = ORIENTED_EDGE('',*,*,#4544,.F.);
#4874 = PLANE('',#4875);
#4875 = AXIS2_PLACEMENT_3D('',#4876,#4877,#4878);
#4876 = CARTESIAN_POINT('',(39.837168574084,23.,12.5));
#4877 = DIRECTION('',(0.866025403784,0.5,0.));
#4878 = DIRECTION('',(-0.5,0.866025403784,0.));
#4879 = ADVANCED_FACE('',(#4880),#4885,.F.);
#4880 = FACE_BOUND('',#4881,.F.);
#4881 = EDGE_LOOP('',(#4882,#4883,#4884));
#4882 = ORIENTED_EDGE('',*,*,#4843,.T.);
#4883 = ORIENTED_EDGE('',*,*,#4535,.F.);
#4884 = ORIENTED_EDGE('',*,*,#4866,.T.);
#4885 = CYLINDRICAL_SURFACE('',#4886,4.5);
#4886 = AXIS2_PLACEMENT_3D('',#4887,#4888,#4889);
#4887 = CARTESIAN_POINT('',(39.837168574084,23.,12.5));
#4888 = DIRECTION('',(0.866025403784,0.5,0.));
#4889 = DIRECTION('',(-0.5,0.866025403784,0.));
#4890 = ADVANCED_FACE('',(#4891),#4902,.F.);
#4891 = FACE_BOUND('',#4892,.F.);
#4892 = EDGE_LOOP('',(#4893,#4894,#4900,#4901));
#4893 = ORIENTED_EDGE('',*,*,#4645,.F.);
#4894 = ORIENTED_EDGE('',*,*,#4895,.T.);
#4895 = EDGE_CURVE('',#4646,#4590,#4896,.T.);
#4896 = LINE('',#4897,#4898);
#4897 = CARTESIAN_POINT('',(-34.17691453624,-10.,6.));
#4898 = VECTOR('',#4899,1.);
#4899 = DIRECTION('',(0.,0.,1.));
#4900 = ORIENTED_EDGE('',*,*,#4589,.T.);
#4901 = ORIENTED_EDGE('',*,*,#4575,.F.);
#4902 = PLANE('',#4903);
#4903 = AXIS2_PLACEMENT_3D('',#4904,#4905,#4906);
#4904 = CARTESIAN_POINT('',(-34.17691453624,-10.,6.));
#4905 = DIRECTION('',(0.,1.,0.));
#4906 = DIRECTION('',(0.,0.,1.));
#4907 = ADVANCED_FACE('',(#4908),#4914,.T.);
#4908 = FACE_BOUND('',#4909,.T.);
#4909 = EDGE_LOOP('',(#4910,#4911,#4912,#4913));
#4910 = ORIENTED_EDGE('',*,*,#4629,.F.);
#4911 = ORIENTED_EDGE('',*,*,#4653,.T.);
#4912 = ORIENTED_EDGE('',*,*,#4895,.T.);
#4913 = ORIENTED_EDGE('',*,*,#4597,.F.);
#4914 = PLANE('',#4915);
#4915 = AXIS2_PLACEMENT_3D('',#4916,#4917,#4918);
#4916 = CARTESIAN_POINT('',(-34.17691453624,-26.,6.));
#4917 = DIRECTION('',(1.,0.,0.));
#4918 = DIRECTION('',(0.,0.,1.));
#4919 = ( GEOMETRIC_REPRESENTATION_CONTEXT(3) 
GLOBAL_UNCERTAINTY_ASSIGNED_CONTEXT((#4923)) 
GLOBAL_UNIT_ASSIGNED_CONTEXT((#4920,#4921,#4922)) REPRESENTATION_CONTEXT
('Context #1','3D Context with UNIT and UNCERTAINTY') );
#4920 = ( LENGTH_UNIT() NAMED_UNIT(*) SI_UNIT(.MILLI.,.METRE.) );
#4921 = ( NAMED_UNIT(*) PLANE_ANGLE_UNIT() SI_UNIT($,.RADIAN.) );
#4922 = ( NAMED_UNIT(*) SI_UNIT($,.STERADIAN.) SOLID_ANGLE_UNIT() );
#4923 = UNCERTAINTY_MEASURE_WITH_UNIT(LENGTH_MEASURE(1.E-07),#4920,
  'distance_accuracy_value','confusion accuracy');
#4924 = PRODUCT_RELATED_PRODUCT_CATEGORY('part',$,(#7));
ENDSEC;
END-ISO-10303-21;
