ISO-10303-21;
HEADER;
FILE_DESCRIPTION(('FreeCAD Model'),'2;1');
FILE_NAME('Open CASCADE Shape Model','2026-10-04T15:25:30',('FreeCAD'),(
    'FreeCAD'),'Open CASCADE STEP processor 7.8','FreeCAD','Unknown');
FILE_SCHEMA(('AUTOMOTIVE_DESIGN { 1 0 10303 214 1 1 1 1 }'));
ENDSEC;
DATA;
#1 = APPLICATION_PROTOCOL_DEFINITION('international standard',
  'automotive_design',2000,#2);
#2 = APPLICATION_CONTEXT(
  'core data for automotive mechanical design processes');
#3 = SHAPE_DEFINITION_REPRESENTATION(#4,#10);
#4 = PRODUCT_DEFINITION_SHAPE('','',#5);
#5 = PRODUCT_DEFINITION('design','',#6,#9);
#6 = PRODUCT_DEFINITION_FORMATION('','',#7);
#7 = PRODUCT('Open CASCADE STEP translator 7.8 7',
  'Open CASCADE STEP translator 7.8 7','',(#8));
#8 = PRODUCT_CONTEXT('',#2,'mechanical');
#9 = PRODUCT_DEFINITION_CONTEXT('part definition',#2,'design');
#10 = ADVANCED_BREP_SHAPE_REPRESENTATION('',(#11,#15),#5165);
#11 = AXIS2_PLACEMENT_3D('',#12,#13,#14);
#12 = CARTESIAN_POINT('',(0.,0.,0.));
#13 = DIRECTION('',(0.,0.,1.));
#14 = DIRECTION('',(1.,0.,-0.));
#15 = MANIFOLD_SOLID_BREP('',#16);
#16 = CLOSED_SHELL('',(#17,#59,#92,#1356,#1380,#2637,#2654,#2676,#2693,
    #2705,#2722,#2739,#2756,#2773,#2790,#2807,#2824,#2841,#2858,#2875,
    #2892,#2909,#2926,#2943,#2960,#2977,#2994,#3011,#3028,#3045,#3062,
    #3079,#3096,#3113,#3130,#3147,#3164,#3181,#3198,#3215,#3232,#3249,
    #3266,#3283,#3300,#3317,#3334,#3351,#3368,#3385,#3402,#3419,#3436,
    #3453,#3470,#3487,#3504,#3521,#3538,#3555,#3572,#3589,#3606,#3623,
    #3640,#3657,#3674,#3691,#3708,#3725,#3742,#3759,#3776,#3793,#3810,
    #3827,#3844,#3861,#3878,#3895,#3912,#3929,#3946,#3963,#3980,#3997,
    #4014,#4031,#4048,#4065,#4082,#4099,#4116,#4133,#4150,#4167,#4184,
    #4201,#4218,#4235,#4252,#4269,#4286,#4303,#4320,#4337,#4354,#4371,
    #4388,#4405,#4422,#4439,#4456,#4473,#4490,#4507,#4524,#4541,#4558,
    #4575,#4592,#4609,#4626,#4643,#4660,#4677,#4694,#4711,#4728,#4745,
    #4762,#4779,#4796,#4813,#4830,#4847,#4864,#4881,#4898,#4915,#4932,
    #4949,#4966,#4983,#5000,#5017,#5034,#5046,#5063,#5080,#5097,#5114,
    #5131,#5148));
#17 = ADVANCED_FACE('',(#18),#54,.T.);
#18 = FACE_BOUND('',#19,.T.);
#19 = EDGE_LOOP('',(#20,#30,#39,#47));
#20 = ORIENTED_EDGE('',*,*,#21,.T.);
#21 = EDGE_CURVE('',#22,#24,#26,.T.);
#22 = VERTEX_POINT('',#23);
#23 = CARTESIAN_POINT('',(19.685,-4.821434448243E-15,0.));
#24 = VERTEX_POINT('',#25);
#25 = CARTESIAN_POINT('',(19.685,-4.821434448243E-15,1.2));
#26 = LINE('',#27,#28);
#27 = CARTESIAN_POINT('',(19.685,-4.821434448243E-15,0.));
#28 = VECTOR('',#29,1.);
#29 = DIRECTION('',(0.,0.,1.));
#30 = ORIENTED_EDGE('',*,*,#31,.F.);
#31 = EDGE_CURVE('',#32,#24,#34,.T.);
#32 = VERTEX_POINT('',#33);
#33 = CARTESIAN_POINT('',(19.579856612856,-2.031856299052,1.2));
#34 = CIRCLE('',#35,19.685);
#35 = AXIS2_PLACEMENT_3D('',#36,#37,#38);
#36 = CARTESIAN_POINT('',(0.,0.,1.2));
#37 = DIRECTION('',(0.,0.,1.));
#38 = DIRECTION('',(1.,0.,0.));
#39 = ORIENTED_EDGE('',*,*,#40,.F.);
#40 = EDGE_CURVE('',#41,#32,#43,.T.);
#41 = VERTEX_POINT('',#42);
#42 = CARTESIAN_POINT('',(19.579856612856,-2.031856299052,0.));
#43 = LINE('',#44,#45);
#44 = CARTESIAN_POINT('',(19.579856612856,-2.031856299052,0.));
#45 = VECTOR('',#46,1.);
#46 = DIRECTION('',(0.,0.,1.));
#47 = ORIENTED_EDGE('',*,*,#48,.T.);
#48 = EDGE_CURVE('',#41,#22,#49,.T.);
#49 = CIRCLE('',#50,19.685);
#50 = AXIS2_PLACEMENT_3D('',#51,#52,#53);
#51 = CARTESIAN_POINT('',(0.,0.,0.));
#52 = DIRECTION('',(0.,0.,1.));
#53 = DIRECTION('',(1.,0.,0.));
#54 = CYLINDRICAL_SURFACE('',#55,19.685);
#55 = AXIS2_PLACEMENT_3D('',#56,#57,#58);
#56 = CARTESIAN_POINT('',(0.,0.,0.));
#57 = DIRECTION('',(0.,0.,1.));
#58 = DIRECTION('',(1.,0.,0.));
#59 = ADVANCED_FACE('',(#60),#87,.T.);
#60 = FACE_BOUND('',#61,.T.);
#61 = EDGE_LOOP('',(#62,#71,#72,#81));
#62 = ORIENTED_EDGE('',*,*,#63,.F.);
#63 = EDGE_CURVE('',#24,#64,#66,.T.);
#64 = VERTEX_POINT('',#65);
#65 = CARTESIAN_POINT('',(19.684997993859,8.887169782939E-03,1.2));
#66 = CIRCLE('',#67,19.685);
#67 = AXIS2_PLACEMENT_3D('',#68,#69,#70);
#68 = CARTESIAN_POINT('',(0.,0.,1.2));
#69 = DIRECTION('',(0.,0.,1.));
#70 = DIRECTION('',(1.,0.,0.));
#71 = ORIENTED_EDGE('',*,*,#21,.F.);
#72 = ORIENTED_EDGE('',*,*,#73,.T.);
#73 = EDGE_CURVE('',#22,#74,#76,.T.);
#74 = VERTEX_POINT('',#75);
#75 = CARTESIAN_POINT('',(19.684997993859,8.887169782939E-03,0.));
#76 = CIRCLE('',#77,19.685);
#77 = AXIS2_PLACEMENT_3D('',#78,#79,#80);
#78 = CARTESIAN_POINT('',(0.,0.,0.));
#79 = DIRECTION('',(0.,0.,1.));
#80 = DIRECTION('',(1.,0.,0.));
#81 = ORIENTED_EDGE('',*,*,#82,.T.);
#82 = EDGE_CURVE('',#74,#64,#83,.T.);
#83 = LINE('',#84,#85);
#84 = CARTESIAN_POINT('',(19.684997993859,8.887169782938E-03,0.));
#85 = VECTOR('',#86,1.);
#86 = DIRECTION('',(0.,0.,1.));
#87 = CYLINDRICAL_SURFACE('',#88,19.685);
#88 = AXIS2_PLACEMENT_3D('',#89,#90,#91);
#89 = CARTESIAN_POINT('',(0.,0.,0.));
#90 = DIRECTION('',(0.,0.,1.));
#91 = DIRECTION('',(1.,0.,0.));
#92 = ADVANCED_FACE('',(#93,#1274,#1285,#1296,#1307,#1318,#1329,#1340),
  #1351,.F.);
#93 = FACE_BOUND('',#94,.F.);
#94 = EDGE_LOOP('',(#95,#105,#114,#122,#130,#138,#147,#155,#163,#171,
    #180,#188,#196,#204,#213,#221,#229,#237,#246,#254,#262,#270,#279,
    #287,#295,#303,#312,#320,#328,#336,#345,#353,#361,#369,#378,#386,
    #394,#402,#411,#419,#427,#435,#444,#452,#460,#468,#477,#485,#493,
    #501,#510,#518,#526,#534,#543,#551,#559,#567,#576,#584,#592,#600,
    #609,#617,#625,#633,#642,#650,#658,#666,#675,#683,#691,#699,#708,
    #716,#724,#732,#741,#749,#757,#765,#774,#782,#790,#798,#807,#815,
    #823,#831,#840,#848,#856,#864,#873,#881,#889,#897,#906,#914,#922,
    #930,#939,#947,#955,#963,#972,#980,#988,#996,#1005,#1013,#1021,#1029
    ,#1038,#1046,#1054,#1062,#1071,#1079,#1087,#1095,#1104,#1112,#1120,
    #1128,#1137,#1145,#1153,#1161,#1170,#1178,#1186,#1194,#1203,#1211,
    #1219,#1227,#1236,#1244,#1252,#1258,#1259,#1260,#1268));
#95 = ORIENTED_EDGE('',*,*,#96,.F.);
#96 = EDGE_CURVE('',#97,#99,#101,.T.);
#97 = VERTEX_POINT('',#98);
#98 = CARTESIAN_POINT('',(19.635222738819,1.399018583489,0.));
#99 = VERTEX_POINT('',#100);
#100 = CARTESIAN_POINT('',(16.927889569647,0.622703289517,0.));
#101 = LINE('',#102,#103);
#102 = CARTESIAN_POINT('',(9.02450542961,-1.643555644518,0.));
#103 = VECTOR('',#104,1.);
#104 = DIRECTION('',(-0.961261695938,-0.275637355817,0.));
#105 = ORIENTED_EDGE('',*,*,#106,.T.);
#106 = EDGE_CURVE('',#97,#107,#109,.T.);
#107 = VERTEX_POINT('',#108);
#108 = CARTESIAN_POINT('',(19.384395401544,3.427016182715,0.));
#109 = CIRCLE('',#110,19.685);
#110 = AXIS2_PLACEMENT_3D('',#111,#112,#113);
#111 = CARTESIAN_POINT('',(0.,0.,0.));
#112 = DIRECTION('',(0.,0.,1.));
#113 = DIRECTION('',(1.,0.,0.));
#114 = ORIENTED_EDGE('',*,*,#115,.T.);
#115 = EDGE_CURVE('',#107,#116,#118,.T.);
#116 = VERTEX_POINT('',#117);
#117 = CARTESIAN_POINT('',(17.154386647036,2.339368240355,0.));
#118 = LINE('',#119,#120);
#119 = CARTESIAN_POINT('',(9.764604404911,-1.264869381535,0.));
#120 = VECTOR('',#121,1.);
#121 = DIRECTION('',(-0.898794046299,-0.438371146789,0.));
#122 = ORIENTED_EDGE('',*,*,#123,.T.);
#123 = EDGE_CURVE('',#116,#124,#126,.T.);
#124 = VERTEX_POINT('',#125);
#125 = CARTESIAN_POINT('',(16.562585598871,3.552740202859,0.));
#126 = LINE('',#127,#128);
#127 = CARTESIAN_POINT('',(15.966975565644,4.773921742067,0.));
#128 = VECTOR('',#129,1.);
#129 = DIRECTION('',(-0.438371146789,0.898794046299,0.));
#130 = ORIENTED_EDGE('',*,*,#131,.F.);
#131 = EDGE_CURVE('',#132,#124,#134,.T.);
#132 = VERTEX_POINT('',#133);
#133 = CARTESIAN_POINT('',(19.093982557766,4.787384994308,0.));
#134 = LINE('',#135,#136);
#135 = CARTESIAN_POINT('',(9.172803356745,-5.149741903151E-02,0.));
#136 = VECTOR('',#137,1.);
#137 = DIRECTION('',(-0.898794046299,-0.438371146789,0.));
#138 = ORIENTED_EDGE('',*,*,#139,.T.);
#139 = EDGE_CURVE('',#132,#140,#142,.T.);
#140 = VERTEX_POINT('',#141);
#141 = CARTESIAN_POINT('',(18.494807763931,6.74101704309,0.));
#142 = CIRCLE('',#143,19.685);
#143 = AXIS2_PLACEMENT_3D('',#144,#145,#146);
#144 = CARTESIAN_POINT('',(0.,0.,0.));
#145 = DIRECTION('',(0.,0.,1.));
#146 = DIRECTION('',(1.,0.,0.));
#147 = ORIENTED_EDGE('',*,*,#148,.T.);
#148 = EDGE_CURVE('',#140,#149,#151,.T.);
#149 = VERTEX_POINT('',#150);
#150 = CARTESIAN_POINT('',(16.487545936341,5.282655960504,0.));
#151 = LINE('',#152,#153);
#152 = CARTESIAN_POINT('',(9.835900386143,0.449952587067,0.));
#153 = VECTOR('',#154,1.);
#154 = DIRECTION('',(-0.809016994375,-0.587785252292,0.));
#155 = ORIENTED_EDGE('',*,*,#156,.T.);
#156 = EDGE_CURVE('',#149,#157,#159,.T.);
#157 = VERTEX_POINT('',#158);
#158 = CARTESIAN_POINT('',(15.694035845746,6.37482890291,0.));
#159 = LINE('',#160,#161);
#160 = CARTESIAN_POINT('',(14.895418518368,7.474031353688,0.));
#161 = VECTOR('',#162,1.);
#162 = DIRECTION('',(-0.587785252292,0.809016994375,0.));
#163 = ORIENTED_EDGE('',*,*,#164,.F.);
#164 = EDGE_CURVE('',#165,#157,#167,.T.);
#165 = VERTEX_POINT('',#166);
#166 = CARTESIAN_POINT('',(17.972581378716,8.030289134609,0.));
#167 = LINE('',#168,#169);
#168 = CARTESIAN_POINT('',(9.042390295549,1.542125529474,0.));
#169 = VECTOR('',#170,1.);
#170 = DIRECTION('',(-0.809016994375,-0.587785252292,0.));
#171 = ORIENTED_EDGE('',*,*,#172,.T.);
#172 = EDGE_CURVE('',#165,#173,#175,.T.);
#173 = VERTEX_POINT('',#174);
#174 = CARTESIAN_POINT('',(17.043264751236,9.850195511729,0.));
#175 = CIRCLE('',#176,19.685);
#176 = AXIS2_PLACEMENT_3D('',#177,#178,#179);
#177 = CARTESIAN_POINT('',(0.,0.,0.));
#178 = DIRECTION('',(0.,0.,1.));
#179 = DIRECTION('',(1.,0.,0.));
#180 = ORIENTED_EDGE('',*,*,#181,.T.);
#181 = EDGE_CURVE('',#173,#182,#184,.T.);
#182 = VERTEX_POINT('',#183);
#183 = CARTESIAN_POINT('',(15.319739485471,8.065432852446,0.));
#184 = LINE('',#185,#186);
#185 = CARTESIAN_POINT('',(9.608337511349,2.151102973999,
    5.551115123126E-17));
#186 = VECTOR('',#187,1.);
#187 = DIRECTION('',(-0.694658370459,-0.719339800339,0.));
#188 = ORIENTED_EDGE('',*,*,#189,.T.);
#189 = EDGE_CURVE('',#182,#190,#192,.T.);
#190 = VERTEX_POINT('',#191);
#191 = CARTESIAN_POINT('',(14.348630755014,9.003221652565,0.));
#192 = LINE('',#193,#194);
#193 = CARTESIAN_POINT('',(13.371271716857,9.947046304669,
    5.551115123126E-17));
#194 = VECTOR('',#195,1.);
#195 = DIRECTION('',(-0.719339800339,0.694658370459,0.));
#196 = ORIENTED_EDGE('',*,*,#197,.F.);
#197 = EDGE_CURVE('',#198,#190,#200,.T.);
#198 = VERTEX_POINT('',#199);
#199 = CARTESIAN_POINT('',(16.305092409039,11.029197003077,0.));
#200 = LINE('',#201,#202);
#201 = CARTESIAN_POINT('',(8.637228780892,3.088891774119,
    5.551115123126E-17));
#202 = VECTOR('',#203,1.);
#203 = DIRECTION('',(-0.694658370459,-0.719339800339,0.));
#204 = ORIENTED_EDGE('',*,*,#205,.T.);
#205 = EDGE_CURVE('',#198,#206,#208,.T.);
#206 = VERTEX_POINT('',#207);
#207 = CARTESIAN_POINT('',(15.073870763382,12.660080774184,0.));
#208 = CIRCLE('',#209,19.685);
#209 = AXIS2_PLACEMENT_3D('',#210,#211,#212);
#210 = CARTESIAN_POINT('',(0.,0.,0.));
#211 = DIRECTION('',(0.,0.,1.));
#212 = DIRECTION('',(1.,0.,0.));
#213 = ORIENTED_EDGE('',*,*,#214,.T.);
#214 = EDGE_CURVE('',#206,#215,#217,.T.);
#215 = VERTEX_POINT('',#216);
#216 = CARTESIAN_POINT('',(13.686450502497,10.603145648472,0.));
#217 = LINE('',#218,#219);
#218 = CARTESIAN_POINT('',(9.088830163326,3.786893185577,
    5.551115123126E-17));
#219 = VECTOR('',#220,1.);
#220 = DIRECTION('',(-0.559192903471,-0.829037572555,0.));
#221 = ORIENTED_EDGE('',*,*,#222,.T.);
#222 = EDGE_CURVE('',#215,#223,#225,.T.);
#223 = VERTEX_POINT('',#224);
#224 = CARTESIAN_POINT('',(12.567249779547,11.358056068157,0.));
#225 = LINE('',#226,#227);
#226 = CARTESIAN_POINT('',(11.440845590419,12.117825287131,
    5.551115123126E-17));
#227 = VECTOR('',#228,1.);
#228 = DIRECTION('',(-0.829037572555,0.559192903471,0.));
#229 = ORIENTED_EDGE('',*,*,#230,.F.);
#230 = EDGE_CURVE('',#231,#223,#233,.T.);
#231 = VERTEX_POINT('',#232);
#232 = CARTESIAN_POINT('',(14.142181457288,13.69298830165,0.));
#233 = LINE('',#234,#235);
#234 = CARTESIAN_POINT('',(7.969629440376,4.541803605262,
    5.551115123126E-17));
#235 = VECTOR('',#236,1.);
#236 = DIRECTION('',(-0.559192903471,-0.829037572555,0.));
#237 = ORIENTED_EDGE('',*,*,#238,.T.);
#238 = EDGE_CURVE('',#231,#239,#241,.T.);
#239 = VERTEX_POINT('',#240);
#240 = CARTESIAN_POINT('',(12.646464840129,15.085295888625,0.));
#241 = CIRCLE('',#242,19.685);
#242 = AXIS2_PLACEMENT_3D('',#243,#244,#245);
#243 = CARTESIAN_POINT('',(0.,0.,0.));
#244 = DIRECTION('',(0.,0.,1.));
#245 = DIRECTION('',(1.,0.,0.));
#246 = ORIENTED_EDGE('',*,*,#247,.T.);
#247 = EDGE_CURVE('',#239,#248,#250,.T.);
#248 = VERTEX_POINT('',#249);
#249 = CARTESIAN_POINT('',(11.637305646682,12.81868722942,0.));
#250 = LINE('',#251,#252);
#251 = CARTESIAN_POINT('',(8.29316330996,5.307620563971,0.));
#252 = VECTOR('',#253,1.);
#253 = DIRECTION('',(-0.406736643076,-0.913545457643,0.));
#254 = ORIENTED_EDGE('',*,*,#255,.T.);
#255 = EDGE_CURVE('',#248,#256,#258,.T.);
#256 = VERTEX_POINT('',#257);
#257 = CARTESIAN_POINT('',(10.404019278865,13.367781697572,0.));
#258 = LINE('',#259,#260);
#259 = CARTESIAN_POINT('',(9.162795160064,13.920410280159,0.));
#260 = VECTOR('',#261,1.);
#261 = DIRECTION('',(-0.913545457643,0.406736643076,0.));
#262 = ORIENTED_EDGE('',*,*,#263,.F.);
#263 = EDGE_CURVE('',#264,#256,#266,.T.);
#264 = VERTEX_POINT('',#265);
#265 = CARTESIAN_POINT('',(11.549567478247,15.940725079664,0.));
#266 = LINE('',#267,#268);
#267 = CARTESIAN_POINT('',(7.059876942142,5.856715032123,0.));
#268 = VECTOR('',#269,1.);
#269 = DIRECTION('',(-0.406736643076,-0.913545457643,0.));
#270 = ORIENTED_EDGE('',*,*,#271,.T.);
#271 = EDGE_CURVE('',#264,#272,#274,.T.);
#272 = VERTEX_POINT('',#273);
#273 = CARTESIAN_POINT('',(9.834802482129,17.052151921019,0.));
#274 = CIRCLE('',#275,19.685);
#275 = AXIS2_PLACEMENT_3D('',#276,#277,#278);
#276 = CARTESIAN_POINT('',(0.,0.,0.));
#277 = DIRECTION('',(0.,0.,1.));
#278 = DIRECTION('',(1.,0.,0.));
#279 = ORIENTED_EDGE('',*,*,#280,.T.);
#280 = EDGE_CURVE('',#272,#281,#283,.T.);
#281 = VERTEX_POINT('',#282);
#282 = CARTESIAN_POINT('',(9.234567147555,14.644739485471,0.));
#283 = LINE('',#284,#285);
#284 = CARTESIAN_POINT('',(7.245512885964,6.667078577314,
    5.551115123126E-17));
#285 = VECTOR('',#286,1.);
#286 = DIRECTION('',(-0.2419218956,-0.970295726276,0.));
#287 = ORIENTED_EDGE('',*,*,#288,.T.);
#288 = EDGE_CURVE('',#281,#289,#291,.T.);
#289 = VERTEX_POINT('',#290);
#290 = CARTESIAN_POINT('',(7.924667917082,14.97133404453,0.));
#291 = LINE('',#292,#293);
#292 = CARTESIAN_POINT('',(6.606337835368,15.300030650892,
    5.551115123126E-17));
#293 = VECTOR('',#294,1.);
#294 = DIRECTION('',(-0.970295726276,0.2419218956,0.));
#295 = ORIENTED_EDGE('',*,*,#296,.F.);
#296 = EDGE_CURVE('',#297,#289,#299,.T.);
#297 = VERTEX_POINT('',#298);
#298 = CARTESIAN_POINT('',(8.606025735742,17.704110992528,0.));
#299 = LINE('',#300,#301);
#300 = CARTESIAN_POINT('',(5.935613655491,6.993673136374,
    5.551115123126E-17));
#301 = VECTOR('',#302,1.);
#302 = DIRECTION('',(-0.2419218956,-0.970295726276,0.));
#303 = ORIENTED_EDGE('',*,*,#304,.T.);
#304 = EDGE_CURVE('',#297,#305,#307,.T.);
#305 = VERTEX_POINT('',#306);
#306 = CARTESIAN_POINT('',(6.72431462736,18.500886946097,0.));
#307 = CIRCLE('',#308,19.685);
#308 = AXIS2_PLACEMENT_3D('',#309,#310,#311);
#309 = CARTESIAN_POINT('',(0.,0.,0.));
#310 = DIRECTION('',(0.,0.,1.));
#311 = DIRECTION('',(1.,0.,0.));
#312 = ORIENTED_EDGE('',*,*,#313,.T.);
#313 = EDGE_CURVE('',#305,#314,#316,.T.);
#314 = VERTEX_POINT('',#315);
#315 = CARTESIAN_POINT('',(6.551240998565,16.025818742851,0.));
#316 = LINE('',#317,#318);
#317 = CARTESIAN_POINT('',(5.977711219334,7.82396078179,
    2.775557561563E-17));
#318 = VECTOR('',#319,1.);
#319 = DIRECTION('',(-6.975647374413E-02,-0.99756405026,0.));
#320 = ORIENTED_EDGE('',*,*,#321,.T.);
#321 = EDGE_CURVE('',#314,#322,#324,.T.);
#322 = VERTEX_POINT('',#323);
#323 = CARTESIAN_POINT('',(5.204529530714,16.119989982406,0.));
#324 = LINE('',#325,#326);
#325 = CARTESIAN_POINT('',(3.849150278513,16.214767332487,
    2.775557561563E-17));
#326 = VECTOR('',#327,1.);
#327 = DIRECTION('',(-0.99756405026,6.975647374413E-02,0.));
#328 = ORIENTED_EDGE('',*,*,#329,.F.);
#329 = EDGE_CURVE('',#330,#322,#332,.T.);
#330 = VERTEX_POINT('',#331);
#331 = CARTESIAN_POINT('',(5.400994256116,18.929566451596,0.));
#332 = LINE('',#333,#334);
#333 = CARTESIAN_POINT('',(4.630999751483,7.918132021345,
    2.775557561563E-17));
#334 = VECTOR('',#335,1.);
#335 = DIRECTION('',(-6.975647374413E-02,-0.99756405026,0.));
#336 = ORIENTED_EDGE('',*,*,#337,.T.);
#337 = EDGE_CURVE('',#330,#338,#340,.T.);
#338 = VERTEX_POINT('',#339);
#339 = CARTESIAN_POINT('',(3.409511875306,19.387481883219,0.));
#340 = CIRCLE('',#341,19.685);
#341 = AXIS2_PLACEMENT_3D('',#342,#343,#344);
#342 = CARTESIAN_POINT('',(0.,0.,0.));
#343 = DIRECTION('',(0.,0.,1.));
#344 = DIRECTION('',(1.,0.,0.));
#345 = ORIENTED_EDGE('',*,*,#346,.T.);
#346 = EDGE_CURVE('',#338,#347,#349,.T.);
#347 = VERTEX_POINT('',#348);
#348 = CARTESIAN_POINT('',(3.668858706921,16.919961607186,0.));
#349 = LINE('',#350,#351);
#350 = CARTESIAN_POINT('',(4.528279822173,8.743115897027,0.));
#351 = VECTOR('',#352,1.);
#352 = DIRECTION('',(0.104528463268,-0.994521895368,0.));
#353 = ORIENTED_EDGE('',*,*,#354,.T.);
#354 = EDGE_CURVE('',#347,#355,#357,.T.);
#355 = VERTEX_POINT('',#356);
#356 = CARTESIAN_POINT('',(2.326254148174,16.778848181775,0.));
#357 = LINE('',#358,#359);
#358 = CARTESIAN_POINT('',(0.975008238209,16.636826513752,0.));
#359 = VECTOR('',#360,1.);
#360 = DIRECTION('',(-0.994521895368,-0.104528463268,0.));
#361 = ORIENTED_EDGE('',*,*,#362,.F.);
#362 = EDGE_CURVE('',#363,#355,#365,.T.);
#363 = VERTEX_POINT('',#364);
#364 = CARTESIAN_POINT('',(2.031856299052,19.579856612856,0.));
#365 = LINE('',#366,#367);
#366 = CARTESIAN_POINT('',(3.185675263426,8.602002471616,0.));
#367 = VECTOR('',#368,1.);
#368 = DIRECTION('',(0.104528463268,-0.994521895368,0.));
#369 = ORIENTED_EDGE('',*,*,#370,.T.);
#370 = EDGE_CURVE('',#363,#371,#373,.T.);
#371 = VERTEX_POINT('',#372);
#372 = CARTESIAN_POINT('',(-8.887169782932E-03,19.684997993859,0.));
#373 = CIRCLE('',#374,19.685);
#374 = AXIS2_PLACEMENT_3D('',#375,#376,#377);
#375 = CARTESIAN_POINT('',(0.,0.,0.));
#376 = DIRECTION('',(0.,0.,1.));
#377 = DIRECTION('',(1.,0.,0.));
#378 = ORIENTED_EDGE('',*,*,#379,.T.);
#379 = EDGE_CURVE('',#371,#380,#382,.T.);
#380 = VERTEX_POINT('',#381);
#381 = CARTESIAN_POINT('',(0.675,17.3,0.));
#382 = LINE('',#383,#384);
#383 = CARTESIAN_POINT('',(2.941258934035,9.396615859963,
    5.551115123126E-17));
#384 = VECTOR('',#385,1.);
#385 = DIRECTION('',(0.275637355817,-0.961261695938,0.));
#386 = ORIENTED_EDGE('',*,*,#387,.T.);
#387 = EDGE_CURVE('',#380,#388,#390,.T.);
#388 = VERTEX_POINT('',#389);
#389 = CARTESIAN_POINT('',(-0.622703289517,16.927889569647,0.));
#390 = LINE('',#391,#392);
#391 = CARTESIAN_POINT('',(-1.928758934035,16.553384140037,
    5.551115123126E-17));
#392 = VECTOR('',#393,1.);
#393 = DIRECTION('',(-0.961261695938,-0.275637355817,0.));
#394 = ORIENTED_EDGE('',*,*,#395,.F.);
#395 = EDGE_CURVE('',#396,#388,#398,.T.);
#396 = VERTEX_POINT('',#397);
#397 = CARTESIAN_POINT('',(-1.399018583489,19.635222738819,0.));
#398 = LINE('',#399,#400);
#399 = CARTESIAN_POINT('',(1.643555644518,9.02450542961,
    5.551115123126E-17));
#400 = VECTOR('',#401,1.);
#401 = DIRECTION('',(0.275637355817,-0.961261695938,0.));
#402 = ORIENTED_EDGE('',*,*,#403,.T.);
#403 = EDGE_CURVE('',#396,#404,#406,.T.);
#404 = VERTEX_POINT('',#405);
#405 = CARTESIAN_POINT('',(-3.427016182715,19.384395401544,0.));
#406 = CIRCLE('',#407,19.685);
#407 = AXIS2_PLACEMENT_3D('',#408,#409,#410);
#408 = CARTESIAN_POINT('',(0.,0.,0.));
#409 = DIRECTION('',(0.,0.,1.));
#410 = DIRECTION('',(1.,0.,0.));
#411 = ORIENTED_EDGE('',*,*,#412,.T.);
#412 = EDGE_CURVE('',#404,#413,#415,.T.);
#413 = VERTEX_POINT('',#414);
#414 = CARTESIAN_POINT('',(-2.339368240355,17.154386647036,0.));
#415 = LINE('',#416,#417);
#416 = CARTESIAN_POINT('',(1.264869381535,9.764604404911,0.));
#417 = VECTOR('',#418,1.);
#418 = DIRECTION('',(0.438371146789,-0.898794046299,0.));
#419 = ORIENTED_EDGE('',*,*,#420,.T.);
#420 = EDGE_CURVE('',#413,#421,#423,.T.);
#421 = VERTEX_POINT('',#422);
#422 = CARTESIAN_POINT('',(-3.552740202859,16.562585598871,0.));
#423 = LINE('',#424,#425);
#424 = CARTESIAN_POINT('',(-4.773921742067,15.966975565644,0.));
#425 = VECTOR('',#426,1.);
#426 = DIRECTION('',(-0.898794046299,-0.438371146789,0.));
#427 = ORIENTED_EDGE('',*,*,#428,.F.);
#428 = EDGE_CURVE('',#429,#421,#431,.T.);
#429 = VERTEX_POINT('',#430);
#430 = CARTESIAN_POINT('',(-4.787384994308,19.093982557766,0.));
#431 = LINE('',#432,#433);
#432 = CARTESIAN_POINT('',(5.14974190315E-02,9.172803356745,0.));
#433 = VECTOR('',#434,1.);
#434 = DIRECTION('',(0.438371146789,-0.898794046299,0.));
#435 = ORIENTED_EDGE('',*,*,#436,.T.);
#436 = EDGE_CURVE('',#429,#437,#439,.T.);
#437 = VERTEX_POINT('',#438);
#438 = CARTESIAN_POINT('',(-6.74101704309,18.494807763931,0.));
#439 = CIRCLE('',#440,19.685);
#440 = AXIS2_PLACEMENT_3D('',#441,#442,#443);
#441 = CARTESIAN_POINT('',(0.,0.,0.));
#442 = DIRECTION('',(0.,0.,1.));
#443 = DIRECTION('',(1.,0.,0.));
#444 = ORIENTED_EDGE('',*,*,#445,.T.);
#445 = EDGE_CURVE('',#437,#446,#448,.T.);
#446 = VERTEX_POINT('',#447);
#447 = CARTESIAN_POINT('',(-5.282655960504,16.487545936341,0.));
#448 = LINE('',#449,#450);
#449 = CARTESIAN_POINT('',(-0.449952587067,9.835900386143,
    5.551115123126E-17));
#450 = VECTOR('',#451,1.);
#451 = DIRECTION('',(0.587785252292,-0.809016994375,0.));
#452 = ORIENTED_EDGE('',*,*,#453,.T.);
#453 = EDGE_CURVE('',#446,#454,#456,.T.);
#454 = VERTEX_POINT('',#455);
#455 = CARTESIAN_POINT('',(-6.37482890291,15.694035845746,0.));
#456 = LINE('',#457,#458);
#457 = CARTESIAN_POINT('',(-7.474031353688,14.895418518368,
    5.551115123126E-17));
#458 = VECTOR('',#459,1.);
#459 = DIRECTION('',(-0.809016994375,-0.587785252292,0.));
#460 = ORIENTED_EDGE('',*,*,#461,.F.);
#461 = EDGE_CURVE('',#462,#454,#464,.T.);
#462 = VERTEX_POINT('',#463);
#463 = CARTESIAN_POINT('',(-8.030289134609,17.972581378716,0.));
#464 = LINE('',#465,#466);
#465 = CARTESIAN_POINT('',(-1.542125529474,9.042390295549,
    5.551115123126E-17));
#466 = VECTOR('',#467,1.);
#467 = DIRECTION('',(0.587785252292,-0.809016994375,0.));
#468 = ORIENTED_EDGE('',*,*,#469,.T.);
#469 = EDGE_CURVE('',#462,#470,#472,.T.);
#470 = VERTEX_POINT('',#471);
#471 = CARTESIAN_POINT('',(-9.850195511729,17.043264751236,0.));
#472 = CIRCLE('',#473,19.685);
#473 = AXIS2_PLACEMENT_3D('',#474,#475,#476);
#474 = CARTESIAN_POINT('',(0.,0.,0.));
#475 = DIRECTION('',(0.,0.,1.));
#476 = DIRECTION('',(1.,0.,0.));
#477 = ORIENTED_EDGE('',*,*,#478,.T.);
#478 = EDGE_CURVE('',#470,#479,#481,.T.);
#479 = VERTEX_POINT('',#480);
#480 = CARTESIAN_POINT('',(-8.065432852446,15.319739485471,0.));
#481 = LINE('',#482,#483);
#482 = CARTESIAN_POINT('',(-2.151102973999,9.608337511349,0.));
#483 = VECTOR('',#484,1.);
#484 = DIRECTION('',(0.719339800339,-0.694658370459,0.));
#485 = ORIENTED_EDGE('',*,*,#486,.T.);
#486 = EDGE_CURVE('',#479,#487,#489,.T.);
#487 = VERTEX_POINT('',#488);
#488 = CARTESIAN_POINT('',(-9.003221652565,14.348630755014,0.));
#489 = LINE('',#490,#491);
#490 = CARTESIAN_POINT('',(-9.947046304669,13.371271716857,0.));
#491 = VECTOR('',#492,1.);
#492 = DIRECTION('',(-0.694658370459,-0.719339800339,0.));
#493 = ORIENTED_EDGE('',*,*,#494,.F.);
#494 = EDGE_CURVE('',#495,#487,#497,.T.);
#495 = VERTEX_POINT('',#496);
#496 = CARTESIAN_POINT('',(-11.02919700307,16.305092409039,0.));
#497 = LINE('',#498,#499);
#498 = CARTESIAN_POINT('',(-3.088891774119,8.637228780892,0.));
#499 = VECTOR('',#500,1.);
#500 = DIRECTION('',(0.719339800339,-0.694658370459,0.));
#501 = ORIENTED_EDGE('',*,*,#502,.T.);
#502 = EDGE_CURVE('',#495,#503,#505,.T.);
#503 = VERTEX_POINT('',#504);
#504 = CARTESIAN_POINT('',(-12.66008077418,15.073870763382,0.));
#505 = CIRCLE('',#506,19.685);
#506 = AXIS2_PLACEMENT_3D('',#507,#508,#509);
#507 = CARTESIAN_POINT('',(0.,0.,0.));
#508 = DIRECTION('',(0.,0.,1.));
#509 = DIRECTION('',(1.,0.,0.));
#510 = ORIENTED_EDGE('',*,*,#511,.T.);
#511 = EDGE_CURVE('',#503,#512,#514,.T.);
#512 = VERTEX_POINT('',#513);
#513 = CARTESIAN_POINT('',(-10.60314564847,13.686450502497,0.));
#514 = LINE('',#515,#516);
#515 = CARTESIAN_POINT('',(-3.786893185577,9.088830163326,
    5.551115123126E-17));
#516 = VECTOR('',#517,1.);
#517 = DIRECTION('',(0.829037572555,-0.559192903471,0.));
#518 = ORIENTED_EDGE('',*,*,#519,.T.);
#519 = EDGE_CURVE('',#512,#520,#522,.T.);
#520 = VERTEX_POINT('',#521);
#521 = CARTESIAN_POINT('',(-11.35805606815,12.567249779547,0.));
#522 = LINE('',#523,#524);
#523 = CARTESIAN_POINT('',(-12.11782528713,11.440845590419,
    5.551115123126E-17));
#524 = VECTOR('',#525,1.);
#525 = DIRECTION('',(-0.559192903471,-0.829037572555,0.));
#526 = ORIENTED_EDGE('',*,*,#527,.F.);
#527 = EDGE_CURVE('',#528,#520,#530,.T.);
#528 = VERTEX_POINT('',#529);
#529 = CARTESIAN_POINT('',(-13.69298830165,14.142181457288,0.));
#530 = LINE('',#531,#532);
#531 = CARTESIAN_POINT('',(-4.541803605262,7.969629440376,
    5.551115123126E-17));
#532 = VECTOR('',#533,1.);
#533 = DIRECTION('',(0.829037572555,-0.559192903471,0.));
#534 = ORIENTED_EDGE('',*,*,#535,.T.);
#535 = EDGE_CURVE('',#528,#536,#538,.T.);
#536 = VERTEX_POINT('',#537);
#537 = CARTESIAN_POINT('',(-15.08529588862,12.646464840129,0.));
#538 = CIRCLE('',#539,19.685);
#539 = AXIS2_PLACEMENT_3D('',#540,#541,#542);
#540 = CARTESIAN_POINT('',(0.,0.,0.));
#541 = DIRECTION('',(0.,0.,1.));
#542 = DIRECTION('',(1.,0.,0.));
#543 = ORIENTED_EDGE('',*,*,#544,.T.);
#544 = EDGE_CURVE('',#536,#545,#547,.T.);
#545 = VERTEX_POINT('',#546);
#546 = CARTESIAN_POINT('',(-12.81868722942,11.637305646682,0.));
#547 = LINE('',#548,#549);
#548 = CARTESIAN_POINT('',(-5.307620563971,8.29316330996,0.));
#549 = VECTOR('',#550,1.);
#550 = DIRECTION('',(0.913545457643,-0.406736643076,0.));
#551 = ORIENTED_EDGE('',*,*,#552,.T.);
#552 = EDGE_CURVE('',#545,#553,#555,.T.);
#553 = VERTEX_POINT('',#554);
#554 = CARTESIAN_POINT('',(-13.36778169757,10.404019278865,0.));
#555 = LINE('',#556,#557);
#556 = CARTESIAN_POINT('',(-13.92041028015,9.162795160064,0.));
#557 = VECTOR('',#558,1.);
#558 = DIRECTION('',(-0.406736643076,-0.913545457643,0.));
#559 = ORIENTED_EDGE('',*,*,#560,.F.);
#560 = EDGE_CURVE('',#561,#553,#563,.T.);
#561 = VERTEX_POINT('',#562);
#562 = CARTESIAN_POINT('',(-15.94072507966,11.549567478247,0.));
#563 = LINE('',#564,#565);
#564 = CARTESIAN_POINT('',(-5.856715032123,7.059876942142,0.));
#565 = VECTOR('',#566,1.);
#566 = DIRECTION('',(0.913545457643,-0.406736643076,0.));
#567 = ORIENTED_EDGE('',*,*,#568,.T.);
#568 = EDGE_CURVE('',#561,#569,#571,.T.);
#569 = VERTEX_POINT('',#570);
#570 = CARTESIAN_POINT('',(-17.05215192101,9.834802482129,0.));
#571 = CIRCLE('',#572,19.685);
#572 = AXIS2_PLACEMENT_3D('',#573,#574,#575);
#573 = CARTESIAN_POINT('',(0.,0.,0.));
#574 = DIRECTION('',(0.,0.,1.));
#575 = DIRECTION('',(1.,0.,0.));
#576 = ORIENTED_EDGE('',*,*,#577,.T.);
#577 = EDGE_CURVE('',#569,#578,#580,.T.);
#578 = VERTEX_POINT('',#579);
#579 = CARTESIAN_POINT('',(-14.64473948547,9.234567147554,0.));
#580 = LINE('',#581,#582);
#581 = CARTESIAN_POINT('',(-6.667078577314,7.245512885964,
    5.551115123126E-17));
#582 = VECTOR('',#583,1.);
#583 = DIRECTION('',(0.970295726276,-0.2419218956,0.));
#584 = ORIENTED_EDGE('',*,*,#585,.T.);
#585 = EDGE_CURVE('',#578,#586,#588,.T.);
#586 = VERTEX_POINT('',#587);
#587 = CARTESIAN_POINT('',(-14.97133404453,7.924667917082,0.));
#588 = LINE('',#589,#590);
#589 = CARTESIAN_POINT('',(-15.30003065089,6.606337835368,
    5.551115123126E-17));
#590 = VECTOR('',#591,1.);
#591 = DIRECTION('',(-0.2419218956,-0.970295726276,0.));
#592 = ORIENTED_EDGE('',*,*,#593,.F.);
#593 = EDGE_CURVE('',#594,#586,#596,.T.);
#594 = VERTEX_POINT('',#595);
#595 = CARTESIAN_POINT('',(-17.70411099252,8.606025735742,0.));
#596 = LINE('',#597,#598);
#597 = CARTESIAN_POINT('',(-6.993673136374,5.935613655491,
    5.551115123126E-17));
#598 = VECTOR('',#599,1.);
#599 = DIRECTION('',(0.970295726276,-0.2419218956,0.));
#600 = ORIENTED_EDGE('',*,*,#601,.T.);
#601 = EDGE_CURVE('',#594,#602,#604,.T.);
#602 = VERTEX_POINT('',#603);
#603 = CARTESIAN_POINT('',(-18.50088694609,6.72431462736,0.));
#604 = CIRCLE('',#605,19.685);
#605 = AXIS2_PLACEMENT_3D('',#606,#607,#608);
#606 = CARTESIAN_POINT('',(0.,0.,0.));
#607 = DIRECTION('',(0.,0.,1.));
#608 = DIRECTION('',(1.,0.,0.));
#609 = ORIENTED_EDGE('',*,*,#610,.T.);
#610 = EDGE_CURVE('',#602,#611,#613,.T.);
#611 = VERTEX_POINT('',#612);
#612 = CARTESIAN_POINT('',(-16.02581874285,6.551240998565,0.));
#613 = LINE('',#614,#615);
#614 = CARTESIAN_POINT('',(-7.82396078179,5.977711219334,0.));
#615 = VECTOR('',#616,1.);
#616 = DIRECTION('',(0.99756405026,-6.975647374413E-02,0.));
#617 = ORIENTED_EDGE('',*,*,#618,.T.);
#618 = EDGE_CURVE('',#611,#619,#621,.T.);
#619 = VERTEX_POINT('',#620);
#620 = CARTESIAN_POINT('',(-16.1199899824,5.204529530714,0.));
#621 = LINE('',#622,#623);
#622 = CARTESIAN_POINT('',(-16.21476733248,3.849150278513,0.));
#623 = VECTOR('',#624,1.);
#624 = DIRECTION('',(-6.975647374413E-02,-0.99756405026,0.));
#625 = ORIENTED_EDGE('',*,*,#626,.F.);
#626 = EDGE_CURVE('',#627,#619,#629,.T.);
#627 = VERTEX_POINT('',#628);
#628 = CARTESIAN_POINT('',(-18.92956645159,5.400994256116,0.));
#629 = LINE('',#630,#631);
#630 = CARTESIAN_POINT('',(-7.918132021345,4.630999751483,0.));
#631 = VECTOR('',#632,1.);
#632 = DIRECTION('',(0.99756405026,-6.975647374413E-02,0.));
#633 = ORIENTED_EDGE('',*,*,#634,.T.);
#634 = EDGE_CURVE('',#627,#635,#637,.T.);
#635 = VERTEX_POINT('',#636);
#636 = CARTESIAN_POINT('',(-19.38748188321,3.409511875306,0.));
#637 = CIRCLE('',#638,19.685);
#638 = AXIS2_PLACEMENT_3D('',#639,#640,#641);
#639 = CARTESIAN_POINT('',(0.,0.,0.));
#640 = DIRECTION('',(0.,0.,1.));
#641 = DIRECTION('',(1.,0.,0.));
#642 = ORIENTED_EDGE('',*,*,#643,.T.);
#643 = EDGE_CURVE('',#635,#644,#646,.T.);
#644 = VERTEX_POINT('',#645);
#645 = CARTESIAN_POINT('',(-16.91996160718,3.668858706921,0.));
#646 = LINE('',#647,#648);
#647 = CARTESIAN_POINT('',(-8.743115897027,4.528279822173,
    5.551115123126E-17));
#648 = VECTOR('',#649,1.);
#649 = DIRECTION('',(0.994521895368,0.104528463268,0.));
#650 = ORIENTED_EDGE('',*,*,#651,.T.);
#651 = EDGE_CURVE('',#644,#652,#654,.T.);
#652 = VERTEX_POINT('',#653);
#653 = CARTESIAN_POINT('',(-16.77884818177,2.326254148174,0.));
#654 = LINE('',#655,#656);
#655 = CARTESIAN_POINT('',(-16.63682651375,0.975008238209,
    5.551115123126E-17));
#656 = VECTOR('',#657,1.);
#657 = DIRECTION('',(0.104528463268,-0.994521895368,0.));
#658 = ORIENTED_EDGE('',*,*,#659,.F.);
#659 = EDGE_CURVE('',#660,#652,#662,.T.);
#660 = VERTEX_POINT('',#661);
#661 = CARTESIAN_POINT('',(-19.57985661285,2.031856299052,0.));
#662 = LINE('',#663,#664);
#663 = CARTESIAN_POINT('',(-8.602002471616,3.185675263426,
    5.551115123126E-17));
#664 = VECTOR('',#665,1.);
#665 = DIRECTION('',(0.994521895368,0.104528463268,0.));
#666 = ORIENTED_EDGE('',*,*,#667,.T.);
#667 = EDGE_CURVE('',#660,#668,#670,.T.);
#668 = VERTEX_POINT('',#669);
#669 = CARTESIAN_POINT('',(-19.68499799385,-8.887169782935E-03,0.));
#670 = CIRCLE('',#671,19.685);
#671 = AXIS2_PLACEMENT_3D('',#672,#673,#674);
#672 = CARTESIAN_POINT('',(0.,0.,0.));
#673 = DIRECTION('',(0.,0.,1.));
#674 = DIRECTION('',(1.,0.,0.));
#675 = ORIENTED_EDGE('',*,*,#676,.T.);
#676 = EDGE_CURVE('',#668,#677,#679,.T.);
#677 = VERTEX_POINT('',#678);
#678 = CARTESIAN_POINT('',(-17.3,0.675,0.));
#679 = LINE('',#680,#681);
#680 = CARTESIAN_POINT('',(-9.396615859963,2.941258934035,
    5.551115123126E-17));
#681 = VECTOR('',#682,1.);
#682 = DIRECTION('',(0.961261695938,0.275637355817,0.));
#683 = ORIENTED_EDGE('',*,*,#684,.T.);
#684 = EDGE_CURVE('',#677,#685,#687,.T.);
#685 = VERTEX_POINT('',#686);
#686 = CARTESIAN_POINT('',(-16.92788956964,-0.622703289517,0.));
#687 = LINE('',#688,#689);
#688 = CARTESIAN_POINT('',(-16.55338414003,-1.928758934035,
    5.551115123126E-17));
#689 = VECTOR('',#690,1.);
#690 = DIRECTION('',(0.275637355817,-0.961261695938,0.));
#691 = ORIENTED_EDGE('',*,*,#692,.F.);
#692 = EDGE_CURVE('',#693,#685,#695,.T.);
#693 = VERTEX_POINT('',#694);
#694 = CARTESIAN_POINT('',(-19.63522273881,-1.399018583489,0.));
#695 = LINE('',#696,#697);
#696 = CARTESIAN_POINT('',(-9.02450542961,1.643555644518,
    5.551115123126E-17));
#697 = VECTOR('',#698,1.);
#698 = DIRECTION('',(0.961261695938,0.275637355817,0.));
#699 = ORIENTED_EDGE('',*,*,#700,.T.);
#700 = EDGE_CURVE('',#693,#701,#703,.T.);
#701 = VERTEX_POINT('',#702);
#702 = CARTESIAN_POINT('',(-19.38439540154,-3.427016182715,0.));
#703 = CIRCLE('',#704,19.685);
#704 = AXIS2_PLACEMENT_3D('',#705,#706,#707);
#705 = CARTESIAN_POINT('',(0.,0.,0.));
#706 = DIRECTION('',(0.,0.,1.));
#707 = DIRECTION('',(1.,0.,0.));
#708 = ORIENTED_EDGE('',*,*,#709,.T.);
#709 = EDGE_CURVE('',#701,#710,#712,.T.);
#710 = VERTEX_POINT('',#711);
#711 = CARTESIAN_POINT('',(-17.15438664703,-2.339368240355,0.));
#712 = LINE('',#713,#714);
#713 = CARTESIAN_POINT('',(-9.764604404911,1.264869381535,
    5.551115123126E-17));
#714 = VECTOR('',#715,1.);
#715 = DIRECTION('',(0.898794046299,0.438371146789,0.));
#716 = ORIENTED_EDGE('',*,*,#717,.T.);
#717 = EDGE_CURVE('',#710,#718,#720,.T.);
#718 = VERTEX_POINT('',#719);
#719 = CARTESIAN_POINT('',(-16.56258559887,-3.552740202859,0.));
#720 = LINE('',#721,#722);
#721 = CARTESIAN_POINT('',(-15.96697556564,-4.773921742067,
    5.551115123126E-17));
#722 = VECTOR('',#723,1.);
#723 = DIRECTION('',(0.438371146789,-0.898794046299,0.));
#724 = ORIENTED_EDGE('',*,*,#725,.F.);
#725 = EDGE_CURVE('',#726,#718,#728,.T.);
#726 = VERTEX_POINT('',#727);
#727 = CARTESIAN_POINT('',(-19.09398255776,-4.787384994308,0.));
#728 = LINE('',#729,#730);
#729 = CARTESIAN_POINT('',(-9.172803356745,5.14974190315E-02,
    5.551115123126E-17));
#730 = VECTOR('',#731,1.);
#731 = DIRECTION('',(0.898794046299,0.438371146789,0.));
#732 = ORIENTED_EDGE('',*,*,#733,.T.);
#733 = EDGE_CURVE('',#726,#734,#736,.T.);
#734 = VERTEX_POINT('',#735);
#735 = CARTESIAN_POINT('',(-18.49480776393,-6.74101704309,0.));
#736 = CIRCLE('',#737,19.685);
#737 = AXIS2_PLACEMENT_3D('',#738,#739,#740);
#738 = CARTESIAN_POINT('',(0.,0.,0.));
#739 = DIRECTION('',(0.,0.,1.));
#740 = DIRECTION('',(1.,0.,0.));
#741 = ORIENTED_EDGE('',*,*,#742,.T.);
#742 = EDGE_CURVE('',#734,#743,#745,.T.);
#743 = VERTEX_POINT('',#744);
#744 = CARTESIAN_POINT('',(-16.48754593634,-5.282655960504,0.));
#745 = LINE('',#746,#747);
#746 = CARTESIAN_POINT('',(-9.835900386143,-0.449952587067,
    2.775557561563E-17));
#747 = VECTOR('',#748,1.);
#748 = DIRECTION('',(0.809016994375,0.587785252292,0.));
#749 = ORIENTED_EDGE('',*,*,#750,.T.);
#750 = EDGE_CURVE('',#743,#751,#753,.T.);
#751 = VERTEX_POINT('',#752);
#752 = CARTESIAN_POINT('',(-15.69403584574,-6.37482890291,0.));
#753 = LINE('',#754,#755);
#754 = CARTESIAN_POINT('',(-14.89541851836,-7.474031353688,
    2.775557561563E-17));
#755 = VECTOR('',#756,1.);
#756 = DIRECTION('',(0.587785252292,-0.809016994375,0.));
#757 = ORIENTED_EDGE('',*,*,#758,.F.);
#758 = EDGE_CURVE('',#759,#751,#761,.T.);
#759 = VERTEX_POINT('',#760);
#760 = CARTESIAN_POINT('',(-17.97258137871,-8.030289134609,0.));
#761 = LINE('',#762,#763);
#762 = CARTESIAN_POINT('',(-9.042390295549,-1.542125529474,
    2.775557561563E-17));
#763 = VECTOR('',#764,1.);
#764 = DIRECTION('',(0.809016994375,0.587785252292,0.));
#765 = ORIENTED_EDGE('',*,*,#766,.T.);
#766 = EDGE_CURVE('',#759,#767,#769,.T.);
#767 = VERTEX_POINT('',#768);
#768 = CARTESIAN_POINT('',(-17.04326475123,-9.850195511729,0.));
#769 = CIRCLE('',#770,19.685);
#770 = AXIS2_PLACEMENT_3D('',#771,#772,#773);
#771 = CARTESIAN_POINT('',(0.,0.,0.));
#772 = DIRECTION('',(0.,0.,1.));
#773 = DIRECTION('',(1.,0.,0.));
#774 = ORIENTED_EDGE('',*,*,#775,.T.);
#775 = EDGE_CURVE('',#767,#776,#778,.T.);
#776 = VERTEX_POINT('',#777);
#777 = CARTESIAN_POINT('',(-15.31973948547,-8.065432852446,0.));
#778 = LINE('',#779,#780);
#779 = CARTESIAN_POINT('',(-9.608337511349,-2.151102973999,0.));
#780 = VECTOR('',#781,1.);
#781 = DIRECTION('',(0.694658370459,0.719339800339,0.));
#782 = ORIENTED_EDGE('',*,*,#783,.T.);
#783 = EDGE_CURVE('',#776,#784,#786,.T.);
#784 = VERTEX_POINT('',#785);
#785 = CARTESIAN_POINT('',(-14.34863075501,-9.003221652565,0.));
#786 = LINE('',#787,#788);
#787 = CARTESIAN_POINT('',(-13.37127171685,-9.947046304669,0.));
#788 = VECTOR('',#789,1.);
#789 = DIRECTION('',(0.719339800339,-0.694658370459,0.));
#790 = ORIENTED_EDGE('',*,*,#791,.F.);
#791 = EDGE_CURVE('',#792,#784,#794,.T.);
#792 = VERTEX_POINT('',#793);
#793 = CARTESIAN_POINT('',(-16.30509240903,-11.02919700307,0.));
#794 = LINE('',#795,#796);
#795 = CARTESIAN_POINT('',(-8.637228780892,-3.088891774119,0.));
#796 = VECTOR('',#797,1.);
#797 = DIRECTION('',(0.694658370459,0.719339800339,0.));
#798 = ORIENTED_EDGE('',*,*,#799,.T.);
#799 = EDGE_CURVE('',#792,#800,#802,.T.);
#800 = VERTEX_POINT('',#801);
#801 = CARTESIAN_POINT('',(-15.07387076338,-12.66008077418,0.));
#802 = CIRCLE('',#803,19.685);
#803 = AXIS2_PLACEMENT_3D('',#804,#805,#806);
#804 = CARTESIAN_POINT('',(0.,0.,0.));
#805 = DIRECTION('',(0.,0.,1.));
#806 = DIRECTION('',(1.,0.,0.));
#807 = ORIENTED_EDGE('',*,*,#808,.T.);
#808 = EDGE_CURVE('',#800,#809,#811,.T.);
#809 = VERTEX_POINT('',#810);
#810 = CARTESIAN_POINT('',(-13.68645050249,-10.60314564847,0.));
#811 = LINE('',#812,#813);
#812 = CARTESIAN_POINT('',(-9.088830163326,-3.786893185577,
    5.551115123126E-17));
#813 = VECTOR('',#814,1.);
#814 = DIRECTION('',(0.559192903471,0.829037572555,0.));
#815 = ORIENTED_EDGE('',*,*,#816,.T.);
#816 = EDGE_CURVE('',#809,#817,#819,.T.);
#817 = VERTEX_POINT('',#818);
#818 = CARTESIAN_POINT('',(-12.56724977954,-11.35805606815,0.));
#819 = LINE('',#820,#821);
#820 = CARTESIAN_POINT('',(-11.44084559041,-12.11782528713,
    5.551115123126E-17));
#821 = VECTOR('',#822,1.);
#822 = DIRECTION('',(0.829037572555,-0.559192903471,0.));
#823 = ORIENTED_EDGE('',*,*,#824,.F.);
#824 = EDGE_CURVE('',#825,#817,#827,.T.);
#825 = VERTEX_POINT('',#826);
#826 = CARTESIAN_POINT('',(-14.14218145728,-13.69298830165,0.));
#827 = LINE('',#828,#829);
#828 = CARTESIAN_POINT('',(-7.969629440376,-4.541803605262,
    5.551115123126E-17));
#829 = VECTOR('',#830,1.);
#830 = DIRECTION('',(0.559192903471,0.829037572555,0.));
#831 = ORIENTED_EDGE('',*,*,#832,.T.);
#832 = EDGE_CURVE('',#825,#833,#835,.T.);
#833 = VERTEX_POINT('',#834);
#834 = CARTESIAN_POINT('',(-12.64646484012,-15.08529588862,0.));
#835 = CIRCLE('',#836,19.685);
#836 = AXIS2_PLACEMENT_3D('',#837,#838,#839);
#837 = CARTESIAN_POINT('',(0.,0.,0.));
#838 = DIRECTION('',(0.,0.,1.));
#839 = DIRECTION('',(1.,0.,0.));
#840 = ORIENTED_EDGE('',*,*,#841,.T.);
#841 = EDGE_CURVE('',#833,#842,#844,.T.);
#842 = VERTEX_POINT('',#843);
#843 = CARTESIAN_POINT('',(-11.63730564668,-12.81868722942,0.));
#844 = LINE('',#845,#846);
#845 = CARTESIAN_POINT('',(-8.29316330996,-5.307620563971,0.));
#846 = VECTOR('',#847,1.);
#847 = DIRECTION('',(0.406736643076,0.913545457643,0.));
#848 = ORIENTED_EDGE('',*,*,#849,.T.);
#849 = EDGE_CURVE('',#842,#850,#852,.T.);
#850 = VERTEX_POINT('',#851);
#851 = CARTESIAN_POINT('',(-10.40401927886,-13.36778169757,0.));
#852 = LINE('',#853,#854);
#853 = CARTESIAN_POINT('',(-9.162795160064,-13.92041028015,0.));
#854 = VECTOR('',#855,1.);
#855 = DIRECTION('',(0.913545457643,-0.406736643076,0.));
#856 = ORIENTED_EDGE('',*,*,#857,.F.);
#857 = EDGE_CURVE('',#858,#850,#860,.T.);
#858 = VERTEX_POINT('',#859);
#859 = CARTESIAN_POINT('',(-11.54956747824,-15.94072507966,0.));
#860 = LINE('',#861,#862);
#861 = CARTESIAN_POINT('',(-7.059876942142,-5.856715032123,0.));
#862 = VECTOR('',#863,1.);
#863 = DIRECTION('',(0.406736643076,0.913545457643,0.));
#864 = ORIENTED_EDGE('',*,*,#865,.T.);
#865 = EDGE_CURVE('',#858,#866,#868,.T.);
#866 = VERTEX_POINT('',#867);
#867 = CARTESIAN_POINT('',(-9.834802482129,-17.05215192101,0.));
#868 = CIRCLE('',#869,19.685);
#869 = AXIS2_PLACEMENT_3D('',#870,#871,#872);
#870 = CARTESIAN_POINT('',(0.,0.,0.));
#871 = DIRECTION('',(0.,0.,1.));
#872 = DIRECTION('',(1.,0.,0.));
#873 = ORIENTED_EDGE('',*,*,#874,.T.);
#874 = EDGE_CURVE('',#866,#875,#877,.T.);
#875 = VERTEX_POINT('',#876);
#876 = CARTESIAN_POINT('',(-9.234567147555,-14.64473948547,0.));
#877 = LINE('',#878,#879);
#878 = CARTESIAN_POINT('',(-7.245512885964,-6.667078577314,0.));
#879 = VECTOR('',#880,1.);
#880 = DIRECTION('',(0.2419218956,0.970295726276,0.));
#881 = ORIENTED_EDGE('',*,*,#882,.T.);
#882 = EDGE_CURVE('',#875,#883,#885,.T.);
#883 = VERTEX_POINT('',#884);
#884 = CARTESIAN_POINT('',(-7.924667917082,-14.97133404453,0.));
#885 = LINE('',#886,#887);
#886 = CARTESIAN_POINT('',(-6.606337835368,-15.30003065089,0.));
#887 = VECTOR('',#888,1.);
#888 = DIRECTION('',(0.970295726276,-0.2419218956,0.));
#889 = ORIENTED_EDGE('',*,*,#890,.F.);
#890 = EDGE_CURVE('',#891,#883,#893,.T.);
#891 = VERTEX_POINT('',#892);
#892 = CARTESIAN_POINT('',(-8.606025735742,-17.70411099252,0.));
#893 = LINE('',#894,#895);
#894 = CARTESIAN_POINT('',(-5.935613655491,-6.993673136374,0.));
#895 = VECTOR('',#896,1.);
#896 = DIRECTION('',(0.2419218956,0.970295726276,0.));
#897 = ORIENTED_EDGE('',*,*,#898,.T.);
#898 = EDGE_CURVE('',#891,#899,#901,.T.);
#899 = VERTEX_POINT('',#900);
#900 = CARTESIAN_POINT('',(-6.72431462736,-18.50088694609,0.));
#901 = CIRCLE('',#902,19.685);
#902 = AXIS2_PLACEMENT_3D('',#903,#904,#905);
#903 = CARTESIAN_POINT('',(0.,0.,0.));
#904 = DIRECTION('',(0.,0.,1.));
#905 = DIRECTION('',(1.,0.,0.));
#906 = ORIENTED_EDGE('',*,*,#907,.T.);
#907 = EDGE_CURVE('',#899,#908,#910,.T.);
#908 = VERTEX_POINT('',#909);
#909 = CARTESIAN_POINT('',(-6.551240998565,-16.02581874285,0.));
#910 = LINE('',#911,#912);
#911 = CARTESIAN_POINT('',(-5.977711219334,-7.82396078179,
    5.551115123126E-17));
#912 = VECTOR('',#913,1.);
#913 = DIRECTION('',(6.975647374413E-02,0.99756405026,0.));
#914 = ORIENTED_EDGE('',*,*,#915,.T.);
#915 = EDGE_CURVE('',#908,#916,#918,.T.);
#916 = VERTEX_POINT('',#917);
#917 = CARTESIAN_POINT('',(-5.204529530714,-16.1199899824,0.));
#918 = LINE('',#919,#920);
#919 = CARTESIAN_POINT('',(-3.849150278513,-16.21476733248,
    5.551115123126E-17));
#920 = VECTOR('',#921,1.);
#921 = DIRECTION('',(0.99756405026,-6.975647374413E-02,0.));
#922 = ORIENTED_EDGE('',*,*,#923,.F.);
#923 = EDGE_CURVE('',#924,#916,#926,.T.);
#924 = VERTEX_POINT('',#925);
#925 = CARTESIAN_POINT('',(-5.400994256116,-18.92956645159,0.));
#926 = LINE('',#927,#928);
#927 = CARTESIAN_POINT('',(-4.630999751483,-7.918132021345,
    5.551115123126E-17));
#928 = VECTOR('',#929,1.);
#929 = DIRECTION('',(6.975647374413E-02,0.99756405026,0.));
#930 = ORIENTED_EDGE('',*,*,#931,.T.);
#931 = EDGE_CURVE('',#924,#932,#934,.T.);
#932 = VERTEX_POINT('',#933);
#933 = CARTESIAN_POINT('',(-3.409511875306,-19.38748188321,0.));
#934 = CIRCLE('',#935,19.685);
#935 = AXIS2_PLACEMENT_3D('',#936,#937,#938);
#936 = CARTESIAN_POINT('',(0.,0.,0.));
#937 = DIRECTION('',(0.,0.,1.));
#938 = DIRECTION('',(1.,0.,0.));
#939 = ORIENTED_EDGE('',*,*,#940,.T.);
#940 = EDGE_CURVE('',#932,#941,#943,.T.);
#941 = VERTEX_POINT('',#942);
#942 = CARTESIAN_POINT('',(-3.668858706921,-16.91996160718,0.));
#943 = LINE('',#944,#945);
#944 = CARTESIAN_POINT('',(-4.528279822173,-8.743115897027,0.));
#945 = VECTOR('',#946,1.);
#946 = DIRECTION('',(-0.104528463268,0.994521895368,0.));
#947 = ORIENTED_EDGE('',*,*,#948,.T.);
#948 = EDGE_CURVE('',#941,#949,#951,.T.);
#949 = VERTEX_POINT('',#950);
#950 = CARTESIAN_POINT('',(-2.326254148174,-16.77884818177,0.));
#951 = LINE('',#952,#953);
#952 = CARTESIAN_POINT('',(-0.975008238209,-16.63682651375,0.));
#953 = VECTOR('',#954,1.);
#954 = DIRECTION('',(0.994521895368,0.104528463268,0.));
#955 = ORIENTED_EDGE('',*,*,#956,.F.);
#956 = EDGE_CURVE('',#957,#949,#959,.T.);
#957 = VERTEX_POINT('',#958);
#958 = CARTESIAN_POINT('',(-2.031856299052,-19.57985661285,0.));
#959 = LINE('',#960,#961);
#960 = CARTESIAN_POINT('',(-3.185675263426,-8.602002471616,0.));
#961 = VECTOR('',#962,1.);
#962 = DIRECTION('',(-0.104528463268,0.994521895368,0.));
#963 = ORIENTED_EDGE('',*,*,#964,.T.);
#964 = EDGE_CURVE('',#957,#965,#967,.T.);
#965 = VERTEX_POINT('',#966);
#966 = CARTESIAN_POINT('',(8.887169782925E-03,-19.68499799385,0.));
#967 = CIRCLE('',#968,19.685);
#968 = AXIS2_PLACEMENT_3D('',#969,#970,#971);
#969 = CARTESIAN_POINT('',(0.,0.,0.));
#970 = DIRECTION('',(0.,0.,1.));
#971 = DIRECTION('',(1.,0.,0.));
#972 = ORIENTED_EDGE('',*,*,#973,.T.);
#973 = EDGE_CURVE('',#965,#974,#976,.T.);
#974 = VERTEX_POINT('',#975);
#975 = CARTESIAN_POINT('',(-0.675,-17.3,0.));
#976 = LINE('',#977,#978);
#977 = CARTESIAN_POINT('',(-2.941258934035,-9.396615859963,0.));
#978 = VECTOR('',#979,1.);
#979 = DIRECTION('',(-0.275637355817,0.961261695938,0.));
#980 = ORIENTED_EDGE('',*,*,#981,.T.);
#981 = EDGE_CURVE('',#974,#982,#984,.T.);
#982 = VERTEX_POINT('',#983);
#983 = CARTESIAN_POINT('',(0.622703289517,-16.92788956964,0.));
#984 = LINE('',#985,#986);
#985 = CARTESIAN_POINT('',(1.928758934035,-16.55338414003,0.));
#986 = VECTOR('',#987,1.);
#987 = DIRECTION('',(0.961261695938,0.275637355817,0.));
#988 = ORIENTED_EDGE('',*,*,#989,.F.);
#989 = EDGE_CURVE('',#990,#982,#992,.T.);
#990 = VERTEX_POINT('',#991);
#991 = CARTESIAN_POINT('',(1.399018583489,-19.63522273881,0.));
#992 = LINE('',#993,#994);
#993 = CARTESIAN_POINT('',(-1.643555644518,-9.02450542961,0.));
#994 = VECTOR('',#995,1.);
#995 = DIRECTION('',(-0.275637355817,0.961261695938,0.));
#996 = ORIENTED_EDGE('',*,*,#997,.T.);
#997 = EDGE_CURVE('',#990,#998,#1000,.T.);
#998 = VERTEX_POINT('',#999);
#999 = CARTESIAN_POINT('',(3.427016182715,-19.38439540154,0.));
#1000 = CIRCLE('',#1001,19.685);
#1001 = AXIS2_PLACEMENT_3D('',#1002,#1003,#1004);
#1002 = CARTESIAN_POINT('',(0.,0.,0.));
#1003 = DIRECTION('',(0.,0.,1.));
#1004 = DIRECTION('',(1.,0.,0.));
#1005 = ORIENTED_EDGE('',*,*,#1006,.T.);
#1006 = EDGE_CURVE('',#998,#1007,#1009,.T.);
#1007 = VERTEX_POINT('',#1008);
#1008 = CARTESIAN_POINT('',(2.339368240355,-17.15438664703,0.));
#1009 = LINE('',#1010,#1011);
#1010 = CARTESIAN_POINT('',(-1.264869381535,-9.764604404911,
    5.551115123126E-17));
#1011 = VECTOR('',#1012,1.);
#1012 = DIRECTION('',(-0.438371146789,0.898794046299,0.));
#1013 = ORIENTED_EDGE('',*,*,#1014,.T.);
#1014 = EDGE_CURVE('',#1007,#1015,#1017,.T.);
#1015 = VERTEX_POINT('',#1016);
#1016 = CARTESIAN_POINT('',(3.552740202859,-16.56258559887,0.));
#1017 = LINE('',#1018,#1019);
#1018 = CARTESIAN_POINT('',(4.773921742067,-15.96697556564,
    5.551115123126E-17));
#1019 = VECTOR('',#1020,1.);
#1020 = DIRECTION('',(0.898794046299,0.438371146789,0.));
#1021 = ORIENTED_EDGE('',*,*,#1022,.F.);
#1022 = EDGE_CURVE('',#1023,#1015,#1025,.T.);
#1023 = VERTEX_POINT('',#1024);
#1024 = CARTESIAN_POINT('',(4.787384994308,-19.09398255776,0.));
#1025 = LINE('',#1026,#1027);
#1026 = CARTESIAN_POINT('',(-5.149741903151E-02,-9.172803356745,
    5.551115123126E-17));
#1027 = VECTOR('',#1028,1.);
#1028 = DIRECTION('',(-0.438371146789,0.898794046299,0.));
#1029 = ORIENTED_EDGE('',*,*,#1030,.T.);
#1030 = EDGE_CURVE('',#1023,#1031,#1033,.T.);
#1031 = VERTEX_POINT('',#1032);
#1032 = CARTESIAN_POINT('',(6.74101704309,-18.49480776393,0.));
#1033 = CIRCLE('',#1034,19.685);
#1034 = AXIS2_PLACEMENT_3D('',#1035,#1036,#1037);
#1035 = CARTESIAN_POINT('',(0.,0.,0.));
#1036 = DIRECTION('',(0.,0.,1.));
#1037 = DIRECTION('',(1.,0.,0.));
#1038 = ORIENTED_EDGE('',*,*,#1039,.T.);
#1039 = EDGE_CURVE('',#1031,#1040,#1042,.T.);
#1040 = VERTEX_POINT('',#1041);
#1041 = CARTESIAN_POINT('',(5.282655960504,-16.48754593634,0.));
#1042 = LINE('',#1043,#1044);
#1043 = CARTESIAN_POINT('',(0.449952587067,-9.835900386143,0.));
#1044 = VECTOR('',#1045,1.);
#1045 = DIRECTION('',(-0.587785252292,0.809016994375,0.));
#1046 = ORIENTED_EDGE('',*,*,#1047,.T.);
#1047 = EDGE_CURVE('',#1040,#1048,#1050,.T.);
#1048 = VERTEX_POINT('',#1049);
#1049 = CARTESIAN_POINT('',(6.37482890291,-15.69403584574,0.));
#1050 = LINE('',#1051,#1052);
#1051 = CARTESIAN_POINT('',(7.474031353688,-14.89541851836,0.));
#1052 = VECTOR('',#1053,1.);
#1053 = DIRECTION('',(0.809016994375,0.587785252292,0.));
#1054 = ORIENTED_EDGE('',*,*,#1055,.F.);
#1055 = EDGE_CURVE('',#1056,#1048,#1058,.T.);
#1056 = VERTEX_POINT('',#1057);
#1057 = CARTESIAN_POINT('',(8.030289134609,-17.97258137871,0.));
#1058 = LINE('',#1059,#1060);
#1059 = CARTESIAN_POINT('',(1.542125529474,-9.042390295549,0.));
#1060 = VECTOR('',#1061,1.);
#1061 = DIRECTION('',(-0.587785252292,0.809016994375,0.));
#1062 = ORIENTED_EDGE('',*,*,#1063,.T.);
#1063 = EDGE_CURVE('',#1056,#1064,#1066,.T.);
#1064 = VERTEX_POINT('',#1065);
#1065 = CARTESIAN_POINT('',(9.850195511729,-17.04326475123,0.));
#1066 = CIRCLE('',#1067,19.685);
#1067 = AXIS2_PLACEMENT_3D('',#1068,#1069,#1070);
#1068 = CARTESIAN_POINT('',(0.,0.,0.));
#1069 = DIRECTION('',(0.,0.,1.));
#1070 = DIRECTION('',(1.,0.,0.));
#1071 = ORIENTED_EDGE('',*,*,#1072,.T.);
#1072 = EDGE_CURVE('',#1064,#1073,#1075,.T.);
#1073 = VERTEX_POINT('',#1074);
#1074 = CARTESIAN_POINT('',(8.065432852446,-15.31973948547,0.));
#1075 = LINE('',#1076,#1077);
#1076 = CARTESIAN_POINT('',(2.151102973999,-9.608337511349,0.));
#1077 = VECTOR('',#1078,1.);
#1078 = DIRECTION('',(-0.719339800339,0.694658370459,0.));
#1079 = ORIENTED_EDGE('',*,*,#1080,.T.);
#1080 = EDGE_CURVE('',#1073,#1081,#1083,.T.);
#1081 = VERTEX_POINT('',#1082);
#1082 = CARTESIAN_POINT('',(9.003221652565,-14.34863075501,0.));
#1083 = LINE('',#1084,#1085);
#1084 = CARTESIAN_POINT('',(9.947046304669,-13.37127171685,0.));
#1085 = VECTOR('',#1086,1.);
#1086 = DIRECTION('',(0.694658370459,0.719339800339,0.));
#1087 = ORIENTED_EDGE('',*,*,#1088,.F.);
#1088 = EDGE_CURVE('',#1089,#1081,#1091,.T.);
#1089 = VERTEX_POINT('',#1090);
#1090 = CARTESIAN_POINT('',(11.029197003077,-16.30509240903,0.));
#1091 = LINE('',#1092,#1093);
#1092 = CARTESIAN_POINT('',(3.088891774119,-8.637228780892,0.));
#1093 = VECTOR('',#1094,1.);
#1094 = DIRECTION('',(-0.719339800339,0.694658370459,0.));
#1095 = ORIENTED_EDGE('',*,*,#1096,.T.);
#1096 = EDGE_CURVE('',#1089,#1097,#1099,.T.);
#1097 = VERTEX_POINT('',#1098);
#1098 = CARTESIAN_POINT('',(12.660080774184,-15.07387076338,0.));
#1099 = CIRCLE('',#1100,19.685);
#1100 = AXIS2_PLACEMENT_3D('',#1101,#1102,#1103);
#1101 = CARTESIAN_POINT('',(0.,0.,0.));
#1102 = DIRECTION('',(0.,0.,1.));
#1103 = DIRECTION('',(1.,0.,0.));
#1104 = ORIENTED_EDGE('',*,*,#1105,.T.);
#1105 = EDGE_CURVE('',#1097,#1106,#1108,.T.);
#1106 = VERTEX_POINT('',#1107);
#1107 = CARTESIAN_POINT('',(10.603145648472,-13.68645050249,0.));
#1108 = LINE('',#1109,#1110);
#1109 = CARTESIAN_POINT('',(3.786893185577,-9.088830163326,0.));
#1110 = VECTOR('',#1111,1.);
#1111 = DIRECTION('',(-0.829037572555,0.559192903471,0.));
#1112 = ORIENTED_EDGE('',*,*,#1113,.T.);
#1113 = EDGE_CURVE('',#1106,#1114,#1116,.T.);
#1114 = VERTEX_POINT('',#1115);
#1115 = CARTESIAN_POINT('',(11.358056068157,-12.56724977954,0.));
#1116 = LINE('',#1117,#1118);
#1117 = CARTESIAN_POINT('',(12.117825287131,-11.44084559041,0.));
#1118 = VECTOR('',#1119,1.);
#1119 = DIRECTION('',(0.559192903471,0.829037572555,0.));
#1120 = ORIENTED_EDGE('',*,*,#1121,.F.);
#1121 = EDGE_CURVE('',#1122,#1114,#1124,.T.);
#1122 = VERTEX_POINT('',#1123);
#1123 = CARTESIAN_POINT('',(13.69298830165,-14.14218145728,0.));
#1124 = LINE('',#1125,#1126);
#1125 = CARTESIAN_POINT('',(4.541803605262,-7.969629440376,0.));
#1126 = VECTOR('',#1127,1.);
#1127 = DIRECTION('',(-0.829037572555,0.559192903471,0.));
#1128 = ORIENTED_EDGE('',*,*,#1129,.T.);
#1129 = EDGE_CURVE('',#1122,#1130,#1132,.T.);
#1130 = VERTEX_POINT('',#1131);
#1131 = CARTESIAN_POINT('',(15.085295888625,-12.64646484012,0.));
#1132 = CIRCLE('',#1133,19.685);
#1133 = AXIS2_PLACEMENT_3D('',#1134,#1135,#1136);
#1134 = CARTESIAN_POINT('',(0.,0.,0.));
#1135 = DIRECTION('',(0.,0.,1.));
#1136 = DIRECTION('',(1.,0.,0.));
#1137 = ORIENTED_EDGE('',*,*,#1138,.T.);
#1138 = EDGE_CURVE('',#1130,#1139,#1141,.T.);
#1139 = VERTEX_POINT('',#1140);
#1140 = CARTESIAN_POINT('',(12.81868722942,-11.63730564668,0.));
#1141 = LINE('',#1142,#1143);
#1142 = CARTESIAN_POINT('',(5.307620563971,-8.29316330996,0.));
#1143 = VECTOR('',#1144,1.);
#1144 = DIRECTION('',(-0.913545457643,0.406736643076,0.));
#1145 = ORIENTED_EDGE('',*,*,#1146,.T.);
#1146 = EDGE_CURVE('',#1139,#1147,#1149,.T.);
#1147 = VERTEX_POINT('',#1148);
#1148 = CARTESIAN_POINT('',(13.367781697572,-10.40401927886,0.));
#1149 = LINE('',#1150,#1151);
#1150 = CARTESIAN_POINT('',(13.920410280159,-9.162795160064,0.));
#1151 = VECTOR('',#1152,1.);
#1152 = DIRECTION('',(0.406736643076,0.913545457643,0.));
#1153 = ORIENTED_EDGE('',*,*,#1154,.F.);
#1154 = EDGE_CURVE('',#1155,#1147,#1157,.T.);
#1155 = VERTEX_POINT('',#1156);
#1156 = CARTESIAN_POINT('',(15.940725079664,-11.54956747824,0.));
#1157 = LINE('',#1158,#1159);
#1158 = CARTESIAN_POINT('',(5.856715032123,-7.059876942142,0.));
#1159 = VECTOR('',#1160,1.);
#1160 = DIRECTION('',(-0.913545457643,0.406736643076,0.));
#1161 = ORIENTED_EDGE('',*,*,#1162,.T.);
#1162 = EDGE_CURVE('',#1155,#1163,#1165,.T.);
#1163 = VERTEX_POINT('',#1164);
#1164 = CARTESIAN_POINT('',(17.052151921019,-9.834802482129,0.));
#1165 = CIRCLE('',#1166,19.685);
#1166 = AXIS2_PLACEMENT_3D('',#1167,#1168,#1169);
#1167 = CARTESIAN_POINT('',(0.,0.,0.));
#1168 = DIRECTION('',(0.,0.,1.));
#1169 = DIRECTION('',(1.,0.,0.));
#1170 = ORIENTED_EDGE('',*,*,#1171,.T.);
#1171 = EDGE_CURVE('',#1163,#1172,#1174,.T.);
#1172 = VERTEX_POINT('',#1173);
#1173 = CARTESIAN_POINT('',(14.644739485471,-9.234567147555,0.));
#1174 = LINE('',#1175,#1176);
#1175 = CARTESIAN_POINT('',(6.667078577314,-7.245512885964,0.));
#1176 = VECTOR('',#1177,1.);
#1177 = DIRECTION('',(-0.970295726276,0.2419218956,0.));
#1178 = ORIENTED_EDGE('',*,*,#1179,.T.);
#1179 = EDGE_CURVE('',#1172,#1180,#1182,.T.);
#1180 = VERTEX_POINT('',#1181);
#1181 = CARTESIAN_POINT('',(14.97133404453,-7.924667917082,0.));
#1182 = LINE('',#1183,#1184);
#1183 = CARTESIAN_POINT('',(15.300030650892,-6.606337835368,0.));
#1184 = VECTOR('',#1185,1.);
#1185 = DIRECTION('',(0.2419218956,0.970295726276,0.));
#1186 = ORIENTED_EDGE('',*,*,#1187,.F.);
#1187 = EDGE_CURVE('',#1188,#1180,#1190,.T.);
#1188 = VERTEX_POINT('',#1189);
#1189 = CARTESIAN_POINT('',(17.704110992528,-8.606025735742,0.));
#1190 = LINE('',#1191,#1192);
#1191 = CARTESIAN_POINT('',(6.993673136374,-5.935613655491,0.));
#1192 = VECTOR('',#1193,1.);
#1193 = DIRECTION('',(-0.970295726276,0.2419218956,0.));
#1194 = ORIENTED_EDGE('',*,*,#1195,.T.);
#1195 = EDGE_CURVE('',#1188,#1196,#1198,.T.);
#1196 = VERTEX_POINT('',#1197);
#1197 = CARTESIAN_POINT('',(18.500886946097,-6.72431462736,0.));
#1198 = CIRCLE('',#1199,19.685);
#1199 = AXIS2_PLACEMENT_3D('',#1200,#1201,#1202);
#1200 = CARTESIAN_POINT('',(0.,0.,0.));
#1201 = DIRECTION('',(0.,0.,1.));
#1202 = DIRECTION('',(1.,0.,0.));
#1203 = ORIENTED_EDGE('',*,*,#1204,.T.);
#1204 = EDGE_CURVE('',#1196,#1205,#1207,.T.);
#1205 = VERTEX_POINT('',#1206);
#1206 = CARTESIAN_POINT('',(16.025818742851,-6.551240998565,0.));
#1207 = LINE('',#1208,#1209);
#1208 = CARTESIAN_POINT('',(7.82396078179,-5.977711219334,
    2.775557561563E-17));
#1209 = VECTOR('',#1210,1.);
#1210 = DIRECTION('',(-0.99756405026,6.975647374413E-02,0.));
#1211 = ORIENTED_EDGE('',*,*,#1212,.T.);
#1212 = EDGE_CURVE('',#1205,#1213,#1215,.T.);
#1213 = VERTEX_POINT('',#1214);
#1214 = CARTESIAN_POINT('',(16.119989982406,-5.204529530714,0.));
#1215 = LINE('',#1216,#1217);
#1216 = CARTESIAN_POINT('',(16.214767332487,-3.849150278513,
    2.775557561563E-17));
#1217 = VECTOR('',#1218,1.);
#1218 = DIRECTION('',(6.975647374413E-02,0.99756405026,0.));
#1219 = ORIENTED_EDGE('',*,*,#1220,.F.);
#1220 = EDGE_CURVE('',#1221,#1213,#1223,.T.);
#1221 = VERTEX_POINT('',#1222);
#1222 = CARTESIAN_POINT('',(18.929566451596,-5.400994256116,0.));
#1223 = LINE('',#1224,#1225);
#1224 = CARTESIAN_POINT('',(7.918132021345,-4.630999751483,
    2.775557561563E-17));
#1225 = VECTOR('',#1226,1.);
#1226 = DIRECTION('',(-0.99756405026,6.975647374413E-02,0.));
#1227 = ORIENTED_EDGE('',*,*,#1228,.T.);
#1228 = EDGE_CURVE('',#1221,#1229,#1231,.T.);
#1229 = VERTEX_POINT('',#1230);
#1230 = CARTESIAN_POINT('',(19.387481883219,-3.409511875306,0.));
#1231 = CIRCLE('',#1232,19.685);
#1232 = AXIS2_PLACEMENT_3D('',#1233,#1234,#1235);
#1233 = CARTESIAN_POINT('',(0.,0.,0.));
#1234 = DIRECTION('',(0.,0.,1.));
#1235 = DIRECTION('',(1.,0.,0.));
#1236 = ORIENTED_EDGE('',*,*,#1237,.T.);
#1237 = EDGE_CURVE('',#1229,#1238,#1240,.T.);
#1238 = VERTEX_POINT('',#1239);
#1239 = CARTESIAN_POINT('',(16.919961607186,-3.668858706921,0.));
#1240 = LINE('',#1241,#1242);
#1241 = CARTESIAN_POINT('',(8.743115897027,-4.528279822173,0.));
#1242 = VECTOR('',#1243,1.);
#1243 = DIRECTION('',(-0.994521895368,-0.104528463268,0.));
#1244 = ORIENTED_EDGE('',*,*,#1245,.T.);
#1245 = EDGE_CURVE('',#1238,#1246,#1248,.T.);
#1246 = VERTEX_POINT('',#1247);
#1247 = CARTESIAN_POINT('',(16.778848181775,-2.326254148174,0.));
#1248 = LINE('',#1249,#1250);
#1249 = CARTESIAN_POINT('',(16.636826513752,-0.975008238209,0.));
#1250 = VECTOR('',#1251,1.);
#1251 = DIRECTION('',(-0.104528463268,0.994521895368,0.));
#1252 = ORIENTED_EDGE('',*,*,#1253,.F.);
#1253 = EDGE_CURVE('',#41,#1246,#1254,.T.);
#1254 = LINE('',#1255,#1256);
#1255 = CARTESIAN_POINT('',(8.602002471616,-3.185675263426,0.));
#1256 = VECTOR('',#1257,1.);
#1257 = DIRECTION('',(-0.994521895368,-0.104528463268,0.));
#1258 = ORIENTED_EDGE('',*,*,#48,.T.);
#1259 = ORIENTED_EDGE('',*,*,#73,.T.);
#1260 = ORIENTED_EDGE('',*,*,#1261,.T.);
#1261 = EDGE_CURVE('',#74,#1262,#1264,.T.);
#1262 = VERTEX_POINT('',#1263);
#1263 = CARTESIAN_POINT('',(17.3,-0.675,0.));
#1264 = LINE('',#1265,#1266);
#1265 = CARTESIAN_POINT('',(9.396615859963,-2.941258934035,0.));
#1266 = VECTOR('',#1267,1.);
#1267 = DIRECTION('',(-0.961261695938,-0.275637355817,0.));
#1268 = ORIENTED_EDGE('',*,*,#1269,.T.);
#1269 = EDGE_CURVE('',#1262,#99,#1270,.T.);
#1270 = LINE('',#1271,#1272);
#1271 = CARTESIAN_POINT('',(16.553384140037,1.928758934035,0.));
#1272 = VECTOR('',#1273,1.);
#1273 = DIRECTION('',(-0.275637355817,0.961261695938,0.));
#1274 = FACE_BOUND('',#1275,.F.);
#1275 = EDGE_LOOP('',(#1276));
#1276 = ORIENTED_EDGE('',*,*,#1277,.F.);
#1277 = EDGE_CURVE('',#1278,#1278,#1280,.T.);
#1278 = VERTEX_POINT('',#1279);
#1279 = CARTESIAN_POINT('',(-5.2,-11.25833024919,0.));
#1280 = CIRCLE('',#1281,1.3);
#1281 = AXIS2_PLACEMENT_3D('',#1282,#1283,#1284);
#1282 = CARTESIAN_POINT('',(-6.5,-11.25833024919,0.));
#1283 = DIRECTION('',(0.,0.,1.));
#1284 = DIRECTION('',(1.,0.,0.));
#1285 = FACE_BOUND('',#1286,.F.);
#1286 = EDGE_LOOP('',(#1287));
#1287 = ORIENTED_EDGE('',*,*,#1288,.F.);
#1288 = EDGE_CURVE('',#1289,#1289,#1291,.T.);
#1289 = VERTEX_POINT('',#1290);
#1290 = CARTESIAN_POINT('',(8.95,-11.69134295109,0.));
#1291 = CIRCLE('',#1292,2.2);
#1292 = AXIS2_PLACEMENT_3D('',#1293,#1294,#1295);
#1293 = CARTESIAN_POINT('',(6.75,-11.69134295109,0.));
#1294 = DIRECTION('',(0.,0.,1.));
#1295 = DIRECTION('',(1.,0.,0.));
#1296 = FACE_BOUND('',#1297,.F.);
#1297 = EDGE_LOOP('',(#1298));
#1298 = ORIENTED_EDGE('',*,*,#1299,.F.);
#1299 = EDGE_CURVE('',#1300,#1300,#1302,.T.);
#1300 = VERTEX_POINT('',#1301);
#1301 = CARTESIAN_POINT('',(-11.3,1.114428587224E-15,0.));
#1302 = CIRCLE('',#1303,2.2);
#1303 = AXIS2_PLACEMENT_3D('',#1304,#1305,#1306);
#1304 = CARTESIAN_POINT('',(-13.5,1.653273178849E-15,0.));
#1305 = DIRECTION('',(0.,0.,1.));
#1306 = DIRECTION('',(1.,0.,0.));
#1307 = FACE_BOUND('',#1308,.F.);
#1308 = EDGE_LOOP('',(#1309));
#1309 = ORIENTED_EDGE('',*,*,#1310,.F.);
#1310 = EDGE_CURVE('',#1311,#1311,#1313,.T.);
#1311 = VERTEX_POINT('',#1312);
#1312 = CARTESIAN_POINT('',(-5.2,11.258330249198,0.));
#1313 = CIRCLE('',#1314,1.3);
#1314 = AXIS2_PLACEMENT_3D('',#1315,#1316,#1317);
#1315 = CARTESIAN_POINT('',(-6.5,11.258330249198,0.));
#1316 = DIRECTION('',(0.,0.,1.));
#1317 = DIRECTION('',(1.,0.,0.));
#1318 = FACE_BOUND('',#1319,.F.);
#1319 = EDGE_LOOP('',(#1320));
#1320 = ORIENTED_EDGE('',*,*,#1321,.F.);
#1321 = EDGE_CURVE('',#1322,#1322,#1324,.T.);
#1322 = VERTEX_POINT('',#1323);
#1323 = CARTESIAN_POINT('',(9.5,-2.32682891838E-15,0.));
#1324 = CIRCLE('',#1325,9.5);
#1325 = AXIS2_PLACEMENT_3D('',#1326,#1327,#1328);
#1326 = CARTESIAN_POINT('',(0.,0.,0.));
#1327 = DIRECTION('',(0.,0.,1.));
#1328 = DIRECTION('',(1.,0.,0.));
#1329 = FACE_BOUND('',#1330,.F.);
#1330 = EDGE_LOOP('',(#1331));
#1331 = ORIENTED_EDGE('',*,*,#1332,.F.);
#1332 = EDGE_CURVE('',#1333,#1333,#1335,.T.);
#1333 = VERTEX_POINT('',#1334);
#1334 = CARTESIAN_POINT('',(14.3,-3.184081677783E-16,0.));
#1335 = CIRCLE('',#1336,1.3);
#1336 = AXIS2_PLACEMENT_3D('',#1337,#1338,#1339);
#1337 = CARTESIAN_POINT('',(13.,0.,0.));
#1338 = DIRECTION('',(0.,0.,1.));
#1339 = DIRECTION('',(1.,0.,0.));
#1340 = FACE_BOUND('',#1341,.F.);
#1341 = EDGE_LOOP('',(#1342));
#1342 = ORIENTED_EDGE('',*,*,#1343,.F.);
#1343 = EDGE_CURVE('',#1344,#1344,#1346,.T.);
#1344 = VERTEX_POINT('',#1345);
#1345 = CARTESIAN_POINT('',(8.95,11.69134295109,0.));
#1346 = CIRCLE('',#1347,2.2);
#1347 = AXIS2_PLACEMENT_3D('',#1348,#1349,#1350);
#1348 = CARTESIAN_POINT('',(6.75,11.69134295109,0.));
#1349 = DIRECTION('',(0.,0.,1.));
#1350 = DIRECTION('',(1.,0.,0.));
#1351 = PLANE('',#1352);
#1352 = AXIS2_PLACEMENT_3D('',#1353,#1354,#1355);
#1353 = CARTESIAN_POINT('',(0.,0.,0.));
#1354 = DIRECTION('',(0.,0.,1.));
#1355 = DIRECTION('',(1.,0.,0.));
#1356 = ADVANCED_FACE('',(#1357),#1375,.F.);
#1357 = FACE_BOUND('',#1358,.F.);
#1358 = EDGE_LOOP('',(#1359,#1360,#1368,#1374));
#1359 = ORIENTED_EDGE('',*,*,#1253,.T.);
#1360 = ORIENTED_EDGE('',*,*,#1361,.T.);
#1361 = EDGE_CURVE('',#1246,#1362,#1364,.T.);
#1362 = VERTEX_POINT('',#1363);
#1363 = CARTESIAN_POINT('',(16.778848181775,-2.326254148174,1.2));
#1364 = LINE('',#1365,#1366);
#1365 = CARTESIAN_POINT('',(16.778848181775,-2.326254148174,-0.5));
#1366 = VECTOR('',#1367,1.);
#1367 = DIRECTION('',(0.,0.,1.));
#1368 = ORIENTED_EDGE('',*,*,#1369,.F.);
#1369 = EDGE_CURVE('',#32,#1362,#1370,.T.);
#1370 = LINE('',#1371,#1372);
#1371 = CARTESIAN_POINT('',(8.602002471616,-3.185675263426,1.2));
#1372 = VECTOR('',#1373,1.);
#1373 = DIRECTION('',(-0.994521895368,-0.104528463268,0.));
#1374 = ORIENTED_EDGE('',*,*,#40,.F.);
#1375 = PLANE('',#1376);
#1376 = AXIS2_PLACEMENT_3D('',#1377,#1378,#1379);
#1377 = CARTESIAN_POINT('',(16.778848181775,-2.326254148174,-0.5));
#1378 = DIRECTION('',(-0.104528463268,0.994521895368,0.));
#1379 = DIRECTION('',(0.,0.,1.));
#1380 = ADVANCED_FACE('',(#1381,#2555,#2566,#2577,#2588,#2599,#2610,
    #2621),#2632,.T.);
#1381 = FACE_BOUND('',#1382,.T.);
#1382 = EDGE_LOOP('',(#1383,#1393,#1402,#1410,#1418,#1426,#1435,#1443,
    #1451,#1459,#1468,#1476,#1484,#1492,#1501,#1509,#1517,#1525,#1534,
    #1542,#1550,#1558,#1567,#1575,#1583,#1591,#1600,#1608,#1616,#1624,
    #1633,#1641,#1649,#1657,#1666,#1674,#1682,#1690,#1699,#1707,#1715,
    #1723,#1732,#1740,#1748,#1756,#1765,#1773,#1781,#1789,#1798,#1806,
    #1814,#1822,#1831,#1839,#1847,#1855,#1864,#1872,#1880,#1888,#1897,
    #1905,#1913,#1921,#1930,#1938,#1946,#1954,#1963,#1971,#1979,#1987,
    #1996,#2004,#2012,#2020,#2029,#2037,#2045,#2053,#2062,#2070,#2078,
    #2086,#2095,#2103,#2111,#2119,#2128,#2136,#2144,#2152,#2161,#2169,
    #2177,#2185,#2194,#2202,#2210,#2218,#2227,#2235,#2243,#2251,#2260,
    #2268,#2276,#2284,#2293,#2301,#2309,#2317,#2326,#2334,#2342,#2350,
    #2359,#2367,#2375,#2383,#2392,#2400,#2408,#2416,#2425,#2433,#2441,
    #2449,#2458,#2466,#2474,#2482,#2491,#2499,#2507,#2515,#2524,#2532,
    #2538,#2539,#2540,#2541,#2549));
#1383 = ORIENTED_EDGE('',*,*,#1384,.F.);
#1384 = EDGE_CURVE('',#1385,#1387,#1389,.T.);
#1385 = VERTEX_POINT('',#1386);
#1386 = CARTESIAN_POINT('',(19.635222738819,1.399018583489,1.2));
#1387 = VERTEX_POINT('',#1388);
#1388 = CARTESIAN_POINT('',(16.927889569647,0.622703289517,1.2));
#1389 = LINE('',#1390,#1391);
#1390 = CARTESIAN_POINT('',(9.02450542961,-1.643555644518,1.2));
#1391 = VECTOR('',#1392,1.);
#1392 = DIRECTION('',(-0.961261695938,-0.275637355817,0.));
#1393 = ORIENTED_EDGE('',*,*,#1394,.T.);
#1394 = EDGE_CURVE('',#1385,#1395,#1397,.T.);
#1395 = VERTEX_POINT('',#1396);
#1396 = CARTESIAN_POINT('',(19.384395401544,3.427016182715,1.2));
#1397 = CIRCLE('',#1398,19.685);
#1398 = AXIS2_PLACEMENT_3D('',#1399,#1400,#1401);
#1399 = CARTESIAN_POINT('',(0.,0.,1.2));
#1400 = DIRECTION('',(0.,0.,1.));
#1401 = DIRECTION('',(1.,0.,0.));
#1402 = ORIENTED_EDGE('',*,*,#1403,.T.);
#1403 = EDGE_CURVE('',#1395,#1404,#1406,.T.);
#1404 = VERTEX_POINT('',#1405);
#1405 = CARTESIAN_POINT('',(17.154386647036,2.339368240355,1.2));
#1406 = LINE('',#1407,#1408);
#1407 = CARTESIAN_POINT('',(9.764604404911,-1.264869381535,1.2));
#1408 = VECTOR('',#1409,1.);
#1409 = DIRECTION('',(-0.898794046299,-0.438371146789,0.));
#1410 = ORIENTED_EDGE('',*,*,#1411,.T.);
#1411 = EDGE_CURVE('',#1404,#1412,#1414,.T.);
#1412 = VERTEX_POINT('',#1413);
#1413 = CARTESIAN_POINT('',(16.562585598871,3.552740202859,1.2));
#1414 = LINE('',#1415,#1416);
#1415 = CARTESIAN_POINT('',(15.966975565644,4.773921742067,1.2));
#1416 = VECTOR('',#1417,1.);
#1417 = DIRECTION('',(-0.438371146789,0.898794046299,0.));
#1418 = ORIENTED_EDGE('',*,*,#1419,.F.);
#1419 = EDGE_CURVE('',#1420,#1412,#1422,.T.);
#1420 = VERTEX_POINT('',#1421);
#1421 = CARTESIAN_POINT('',(19.093982557766,4.787384994308,1.2));
#1422 = LINE('',#1423,#1424);
#1423 = CARTESIAN_POINT('',(9.172803356745,-5.149741903151E-02,1.2));
#1424 = VECTOR('',#1425,1.);
#1425 = DIRECTION('',(-0.898794046299,-0.438371146789,0.));
#1426 = ORIENTED_EDGE('',*,*,#1427,.T.);
#1427 = EDGE_CURVE('',#1420,#1428,#1430,.T.);
#1428 = VERTEX_POINT('',#1429);
#1429 = CARTESIAN_POINT('',(18.494807763931,6.74101704309,1.2));
#1430 = CIRCLE('',#1431,19.685);
#1431 = AXIS2_PLACEMENT_3D('',#1432,#1433,#1434);
#1432 = CARTESIAN_POINT('',(0.,0.,1.2));
#1433 = DIRECTION('',(0.,0.,1.));
#1434 = DIRECTION('',(1.,0.,0.));
#1435 = ORIENTED_EDGE('',*,*,#1436,.T.);
#1436 = EDGE_CURVE('',#1428,#1437,#1439,.T.);
#1437 = VERTEX_POINT('',#1438);
#1438 = CARTESIAN_POINT('',(16.487545936341,5.282655960504,1.2));
#1439 = LINE('',#1440,#1441);
#1440 = CARTESIAN_POINT('',(9.835900386143,0.449952587067,1.2));
#1441 = VECTOR('',#1442,1.);
#1442 = DIRECTION('',(-0.809016994375,-0.587785252292,0.));
#1443 = ORIENTED_EDGE('',*,*,#1444,.T.);
#1444 = EDGE_CURVE('',#1437,#1445,#1447,.T.);
#1445 = VERTEX_POINT('',#1446);
#1446 = CARTESIAN_POINT('',(15.694035845746,6.37482890291,1.2));
#1447 = LINE('',#1448,#1449);
#1448 = CARTESIAN_POINT('',(14.895418518368,7.474031353688,1.2));
#1449 = VECTOR('',#1450,1.);
#1450 = DIRECTION('',(-0.587785252292,0.809016994375,0.));
#1451 = ORIENTED_EDGE('',*,*,#1452,.F.);
#1452 = EDGE_CURVE('',#1453,#1445,#1455,.T.);
#1453 = VERTEX_POINT('',#1454);
#1454 = CARTESIAN_POINT('',(17.972581378716,8.030289134609,1.2));
#1455 = LINE('',#1456,#1457);
#1456 = CARTESIAN_POINT('',(9.042390295549,1.542125529474,1.2));
#1457 = VECTOR('',#1458,1.);
#1458 = DIRECTION('',(-0.809016994375,-0.587785252292,0.));
#1459 = ORIENTED_EDGE('',*,*,#1460,.T.);
#1460 = EDGE_CURVE('',#1453,#1461,#1463,.T.);
#1461 = VERTEX_POINT('',#1462);
#1462 = CARTESIAN_POINT('',(17.043264751236,9.850195511729,1.2));
#1463 = CIRCLE('',#1464,19.685);
#1464 = AXIS2_PLACEMENT_3D('',#1465,#1466,#1467);
#1465 = CARTESIAN_POINT('',(0.,0.,1.2));
#1466 = DIRECTION('',(0.,0.,1.));
#1467 = DIRECTION('',(1.,0.,0.));
#1468 = ORIENTED_EDGE('',*,*,#1469,.T.);
#1469 = EDGE_CURVE('',#1461,#1470,#1472,.T.);
#1470 = VERTEX_POINT('',#1471);
#1471 = CARTESIAN_POINT('',(15.319739485471,8.065432852446,1.2));
#1472 = LINE('',#1473,#1474);
#1473 = CARTESIAN_POINT('',(9.608337511349,2.151102973999,1.2));
#1474 = VECTOR('',#1475,1.);
#1475 = DIRECTION('',(-0.694658370459,-0.719339800339,0.));
#1476 = ORIENTED_EDGE('',*,*,#1477,.T.);
#1477 = EDGE_CURVE('',#1470,#1478,#1480,.T.);
#1478 = VERTEX_POINT('',#1479);
#1479 = CARTESIAN_POINT('',(14.348630755014,9.003221652565,1.2));
#1480 = LINE('',#1481,#1482);
#1481 = CARTESIAN_POINT('',(13.371271716857,9.947046304669,1.2));
#1482 = VECTOR('',#1483,1.);
#1483 = DIRECTION('',(-0.719339800339,0.694658370459,0.));
#1484 = ORIENTED_EDGE('',*,*,#1485,.F.);
#1485 = EDGE_CURVE('',#1486,#1478,#1488,.T.);
#1486 = VERTEX_POINT('',#1487);
#1487 = CARTESIAN_POINT('',(16.305092409039,11.029197003077,1.2));
#1488 = LINE('',#1489,#1490);
#1489 = CARTESIAN_POINT('',(8.637228780892,3.088891774119,1.2));
#1490 = VECTOR('',#1491,1.);
#1491 = DIRECTION('',(-0.694658370459,-0.719339800339,0.));
#1492 = ORIENTED_EDGE('',*,*,#1493,.T.);
#1493 = EDGE_CURVE('',#1486,#1494,#1496,.T.);
#1494 = VERTEX_POINT('',#1495);
#1495 = CARTESIAN_POINT('',(15.073870763382,12.660080774184,1.2));
#1496 = CIRCLE('',#1497,19.685);
#1497 = AXIS2_PLACEMENT_3D('',#1498,#1499,#1500);
#1498 = CARTESIAN_POINT('',(0.,0.,1.2));
#1499 = DIRECTION('',(0.,0.,1.));
#1500 = DIRECTION('',(1.,0.,0.));
#1501 = ORIENTED_EDGE('',*,*,#1502,.T.);
#1502 = EDGE_CURVE('',#1494,#1503,#1505,.T.);
#1503 = VERTEX_POINT('',#1504);
#1504 = CARTESIAN_POINT('',(13.686450502497,10.603145648472,1.2));
#1505 = LINE('',#1506,#1507);
#1506 = CARTESIAN_POINT('',(9.088830163326,3.786893185577,1.2));
#1507 = VECTOR('',#1508,1.);
#1508 = DIRECTION('',(-0.559192903471,-0.829037572555,0.));
#1509 = ORIENTED_EDGE('',*,*,#1510,.T.);
#1510 = EDGE_CURVE('',#1503,#1511,#1513,.T.);
#1511 = VERTEX_POINT('',#1512);
#1512 = CARTESIAN_POINT('',(12.567249779547,11.358056068157,1.2));
#1513 = LINE('',#1514,#1515);
#1514 = CARTESIAN_POINT('',(11.440845590419,12.117825287131,1.2));
#1515 = VECTOR('',#1516,1.);
#1516 = DIRECTION('',(-0.829037572555,0.559192903471,0.));
#1517 = ORIENTED_EDGE('',*,*,#1518,.F.);
#1518 = EDGE_CURVE('',#1519,#1511,#1521,.T.);
#1519 = VERTEX_POINT('',#1520);
#1520 = CARTESIAN_POINT('',(14.142181457288,13.69298830165,1.2));
#1521 = LINE('',#1522,#1523);
#1522 = CARTESIAN_POINT('',(7.969629440376,4.541803605262,1.2));
#1523 = VECTOR('',#1524,1.);
#1524 = DIRECTION('',(-0.559192903471,-0.829037572555,0.));
#1525 = ORIENTED_EDGE('',*,*,#1526,.T.);
#1526 = EDGE_CURVE('',#1519,#1527,#1529,.T.);
#1527 = VERTEX_POINT('',#1528);
#1528 = CARTESIAN_POINT('',(12.646464840129,15.085295888625,1.2));
#1529 = CIRCLE('',#1530,19.685);
#1530 = AXIS2_PLACEMENT_3D('',#1531,#1532,#1533);
#1531 = CARTESIAN_POINT('',(0.,0.,1.2));
#1532 = DIRECTION('',(0.,0.,1.));
#1533 = DIRECTION('',(1.,0.,0.));
#1534 = ORIENTED_EDGE('',*,*,#1535,.T.);
#1535 = EDGE_CURVE('',#1527,#1536,#1538,.T.);
#1536 = VERTEX_POINT('',#1537);
#1537 = CARTESIAN_POINT('',(11.637305646682,12.81868722942,1.2));
#1538 = LINE('',#1539,#1540);
#1539 = CARTESIAN_POINT('',(8.29316330996,5.307620563971,1.2));
#1540 = VECTOR('',#1541,1.);
#1541 = DIRECTION('',(-0.406736643076,-0.913545457643,0.));
#1542 = ORIENTED_EDGE('',*,*,#1543,.T.);
#1543 = EDGE_CURVE('',#1536,#1544,#1546,.T.);
#1544 = VERTEX_POINT('',#1545);
#1545 = CARTESIAN_POINT('',(10.404019278865,13.367781697572,1.2));
#1546 = LINE('',#1547,#1548);
#1547 = CARTESIAN_POINT('',(9.162795160064,13.920410280159,1.2));
#1548 = VECTOR('',#1549,1.);
#1549 = DIRECTION('',(-0.913545457643,0.406736643076,0.));
#1550 = ORIENTED_EDGE('',*,*,#1551,.F.);
#1551 = EDGE_CURVE('',#1552,#1544,#1554,.T.);
#1552 = VERTEX_POINT('',#1553);
#1553 = CARTESIAN_POINT('',(11.549567478247,15.940725079664,1.2));
#1554 = LINE('',#1555,#1556);
#1555 = CARTESIAN_POINT('',(7.059876942142,5.856715032123,1.2));
#1556 = VECTOR('',#1557,1.);
#1557 = DIRECTION('',(-0.406736643076,-0.913545457643,0.));
#1558 = ORIENTED_EDGE('',*,*,#1559,.T.);
#1559 = EDGE_CURVE('',#1552,#1560,#1562,.T.);
#1560 = VERTEX_POINT('',#1561);
#1561 = CARTESIAN_POINT('',(9.834802482129,17.052151921019,1.2));
#1562 = CIRCLE('',#1563,19.685);
#1563 = AXIS2_PLACEMENT_3D('',#1564,#1565,#1566);
#1564 = CARTESIAN_POINT('',(0.,0.,1.2));
#1565 = DIRECTION('',(0.,0.,1.));
#1566 = DIRECTION('',(1.,0.,0.));
#1567 = ORIENTED_EDGE('',*,*,#1568,.T.);
#1568 = EDGE_CURVE('',#1560,#1569,#1571,.T.);
#1569 = VERTEX_POINT('',#1570);
#1570 = CARTESIAN_POINT('',(9.234567147555,14.644739485471,1.2));
#1571 = LINE('',#1572,#1573);
#1572 = CARTESIAN_POINT('',(7.245512885964,6.667078577314,1.2));
#1573 = VECTOR('',#1574,1.);
#1574 = DIRECTION('',(-0.2419218956,-0.970295726276,0.));
#1575 = ORIENTED_EDGE('',*,*,#1576,.T.);
#1576 = EDGE_CURVE('',#1569,#1577,#1579,.T.);
#1577 = VERTEX_POINT('',#1578);
#1578 = CARTESIAN_POINT('',(7.924667917082,14.97133404453,1.2));
#1579 = LINE('',#1580,#1581);
#1580 = CARTESIAN_POINT('',(6.606337835368,15.300030650892,1.2));
#1581 = VECTOR('',#1582,1.);
#1582 = DIRECTION('',(-0.970295726276,0.2419218956,0.));
#1583 = ORIENTED_EDGE('',*,*,#1584,.F.);
#1584 = EDGE_CURVE('',#1585,#1577,#1587,.T.);
#1585 = VERTEX_POINT('',#1586);
#1586 = CARTESIAN_POINT('',(8.606025735742,17.704110992528,1.2));
#1587 = LINE('',#1588,#1589);
#1588 = CARTESIAN_POINT('',(5.935613655491,6.993673136374,1.2));
#1589 = VECTOR('',#1590,1.);
#1590 = DIRECTION('',(-0.2419218956,-0.970295726276,0.));
#1591 = ORIENTED_EDGE('',*,*,#1592,.T.);
#1592 = EDGE_CURVE('',#1585,#1593,#1595,.T.);
#1593 = VERTEX_POINT('',#1594);
#1594 = CARTESIAN_POINT('',(6.72431462736,18.500886946097,1.2));
#1595 = CIRCLE('',#1596,19.685);
#1596 = AXIS2_PLACEMENT_3D('',#1597,#1598,#1599);
#1597 = CARTESIAN_POINT('',(0.,0.,1.2));
#1598 = DIRECTION('',(0.,0.,1.));
#1599 = DIRECTION('',(1.,0.,0.));
#1600 = ORIENTED_EDGE('',*,*,#1601,.T.);
#1601 = EDGE_CURVE('',#1593,#1602,#1604,.T.);
#1602 = VERTEX_POINT('',#1603);
#1603 = CARTESIAN_POINT('',(6.551240998565,16.025818742851,1.2));
#1604 = LINE('',#1605,#1606);
#1605 = CARTESIAN_POINT('',(5.977711219334,7.82396078179,1.2));
#1606 = VECTOR('',#1607,1.);
#1607 = DIRECTION('',(-6.975647374413E-02,-0.99756405026,0.));
#1608 = ORIENTED_EDGE('',*,*,#1609,.T.);
#1609 = EDGE_CURVE('',#1602,#1610,#1612,.T.);
#1610 = VERTEX_POINT('',#1611);
#1611 = CARTESIAN_POINT('',(5.204529530714,16.119989982406,1.2));
#1612 = LINE('',#1613,#1614);
#1613 = CARTESIAN_POINT('',(3.849150278513,16.214767332487,1.2));
#1614 = VECTOR('',#1615,1.);
#1615 = DIRECTION('',(-0.99756405026,6.975647374413E-02,0.));
#1616 = ORIENTED_EDGE('',*,*,#1617,.F.);
#1617 = EDGE_CURVE('',#1618,#1610,#1620,.T.);
#1618 = VERTEX_POINT('',#1619);
#1619 = CARTESIAN_POINT('',(5.400994256116,18.929566451596,1.2));
#1620 = LINE('',#1621,#1622);
#1621 = CARTESIAN_POINT('',(4.630999751483,7.918132021345,1.2));
#1622 = VECTOR('',#1623,1.);
#1623 = DIRECTION('',(-6.975647374413E-02,-0.99756405026,0.));
#1624 = ORIENTED_EDGE('',*,*,#1625,.T.);
#1625 = EDGE_CURVE('',#1618,#1626,#1628,.T.);
#1626 = VERTEX_POINT('',#1627);
#1627 = CARTESIAN_POINT('',(3.409511875306,19.387481883219,1.2));
#1628 = CIRCLE('',#1629,19.685);
#1629 = AXIS2_PLACEMENT_3D('',#1630,#1631,#1632);
#1630 = CARTESIAN_POINT('',(0.,0.,1.2));
#1631 = DIRECTION('',(0.,0.,1.));
#1632 = DIRECTION('',(1.,0.,0.));
#1633 = ORIENTED_EDGE('',*,*,#1634,.T.);
#1634 = EDGE_CURVE('',#1626,#1635,#1637,.T.);
#1635 = VERTEX_POINT('',#1636);
#1636 = CARTESIAN_POINT('',(3.668858706921,16.919961607186,1.2));
#1637 = LINE('',#1638,#1639);
#1638 = CARTESIAN_POINT('',(4.528279822173,8.743115897027,1.2));
#1639 = VECTOR('',#1640,1.);
#1640 = DIRECTION('',(0.104528463268,-0.994521895368,0.));
#1641 = ORIENTED_EDGE('',*,*,#1642,.T.);
#1642 = EDGE_CURVE('',#1635,#1643,#1645,.T.);
#1643 = VERTEX_POINT('',#1644);
#1644 = CARTESIAN_POINT('',(2.326254148174,16.778848181775,1.2));
#1645 = LINE('',#1646,#1647);
#1646 = CARTESIAN_POINT('',(0.975008238209,16.636826513752,1.2));
#1647 = VECTOR('',#1648,1.);
#1648 = DIRECTION('',(-0.994521895368,-0.104528463268,0.));
#1649 = ORIENTED_EDGE('',*,*,#1650,.F.);
#1650 = EDGE_CURVE('',#1651,#1643,#1653,.T.);
#1651 = VERTEX_POINT('',#1652);
#1652 = CARTESIAN_POINT('',(2.031856299052,19.579856612856,1.2));
#1653 = LINE('',#1654,#1655);
#1654 = CARTESIAN_POINT('',(3.185675263426,8.602002471616,1.2));
#1655 = VECTOR('',#1656,1.);
#1656 = DIRECTION('',(0.104528463268,-0.994521895368,0.));
#1657 = ORIENTED_EDGE('',*,*,#1658,.T.);
#1658 = EDGE_CURVE('',#1651,#1659,#1661,.T.);
#1659 = VERTEX_POINT('',#1660);
#1660 = CARTESIAN_POINT('',(-8.887169782932E-03,19.684997993859,1.2));
#1661 = CIRCLE('',#1662,19.685);
#1662 = AXIS2_PLACEMENT_3D('',#1663,#1664,#1665);
#1663 = CARTESIAN_POINT('',(0.,0.,1.2));
#1664 = DIRECTION('',(0.,0.,1.));
#1665 = DIRECTION('',(1.,0.,0.));
#1666 = ORIENTED_EDGE('',*,*,#1667,.T.);
#1667 = EDGE_CURVE('',#1659,#1668,#1670,.T.);
#1668 = VERTEX_POINT('',#1669);
#1669 = CARTESIAN_POINT('',(0.675,17.3,1.2));
#1670 = LINE('',#1671,#1672);
#1671 = CARTESIAN_POINT('',(2.941258934035,9.396615859963,1.2));
#1672 = VECTOR('',#1673,1.);
#1673 = DIRECTION('',(0.275637355817,-0.961261695938,0.));
#1674 = ORIENTED_EDGE('',*,*,#1675,.T.);
#1675 = EDGE_CURVE('',#1668,#1676,#1678,.T.);
#1676 = VERTEX_POINT('',#1677);
#1677 = CARTESIAN_POINT('',(-0.622703289517,16.927889569647,1.2));
#1678 = LINE('',#1679,#1680);
#1679 = CARTESIAN_POINT('',(-1.928758934035,16.553384140037,1.2));
#1680 = VECTOR('',#1681,1.);
#1681 = DIRECTION('',(-0.961261695938,-0.275637355817,0.));
#1682 = ORIENTED_EDGE('',*,*,#1683,.F.);
#1683 = EDGE_CURVE('',#1684,#1676,#1686,.T.);
#1684 = VERTEX_POINT('',#1685);
#1685 = CARTESIAN_POINT('',(-1.399018583489,19.635222738819,1.2));
#1686 = LINE('',#1687,#1688);
#1687 = CARTESIAN_POINT('',(1.643555644518,9.02450542961,1.2));
#1688 = VECTOR('',#1689,1.);
#1689 = DIRECTION('',(0.275637355817,-0.961261695938,0.));
#1690 = ORIENTED_EDGE('',*,*,#1691,.T.);
#1691 = EDGE_CURVE('',#1684,#1692,#1694,.T.);
#1692 = VERTEX_POINT('',#1693);
#1693 = CARTESIAN_POINT('',(-3.427016182715,19.384395401544,1.2));
#1694 = CIRCLE('',#1695,19.685);
#1695 = AXIS2_PLACEMENT_3D('',#1696,#1697,#1698);
#1696 = CARTESIAN_POINT('',(0.,0.,1.2));
#1697 = DIRECTION('',(0.,0.,1.));
#1698 = DIRECTION('',(1.,0.,0.));
#1699 = ORIENTED_EDGE('',*,*,#1700,.T.);
#1700 = EDGE_CURVE('',#1692,#1701,#1703,.T.);
#1701 = VERTEX_POINT('',#1702);
#1702 = CARTESIAN_POINT('',(-2.339368240355,17.154386647036,1.2));
#1703 = LINE('',#1704,#1705);
#1704 = CARTESIAN_POINT('',(1.264869381535,9.764604404911,1.2));
#1705 = VECTOR('',#1706,1.);
#1706 = DIRECTION('',(0.438371146789,-0.898794046299,0.));
#1707 = ORIENTED_EDGE('',*,*,#1708,.T.);
#1708 = EDGE_CURVE('',#1701,#1709,#1711,.T.);
#1709 = VERTEX_POINT('',#1710);
#1710 = CARTESIAN_POINT('',(-3.552740202859,16.562585598871,1.2));
#1711 = LINE('',#1712,#1713);
#1712 = CARTESIAN_POINT('',(-4.773921742067,15.966975565644,1.2));
#1713 = VECTOR('',#1714,1.);
#1714 = DIRECTION('',(-0.898794046299,-0.438371146789,0.));
#1715 = ORIENTED_EDGE('',*,*,#1716,.F.);
#1716 = EDGE_CURVE('',#1717,#1709,#1719,.T.);
#1717 = VERTEX_POINT('',#1718);
#1718 = CARTESIAN_POINT('',(-4.787384994308,19.093982557766,1.2));
#1719 = LINE('',#1720,#1721);
#1720 = CARTESIAN_POINT('',(5.14974190315E-02,9.172803356745,1.2));
#1721 = VECTOR('',#1722,1.);
#1722 = DIRECTION('',(0.438371146789,-0.898794046299,0.));
#1723 = ORIENTED_EDGE('',*,*,#1724,.T.);
#1724 = EDGE_CURVE('',#1717,#1725,#1727,.T.);
#1725 = VERTEX_POINT('',#1726);
#1726 = CARTESIAN_POINT('',(-6.74101704309,18.494807763931,1.2));
#1727 = CIRCLE('',#1728,19.685);
#1728 = AXIS2_PLACEMENT_3D('',#1729,#1730,#1731);
#1729 = CARTESIAN_POINT('',(0.,0.,1.2));
#1730 = DIRECTION('',(0.,0.,1.));
#1731 = DIRECTION('',(1.,0.,0.));
#1732 = ORIENTED_EDGE('',*,*,#1733,.T.);
#1733 = EDGE_CURVE('',#1725,#1734,#1736,.T.);
#1734 = VERTEX_POINT('',#1735);
#1735 = CARTESIAN_POINT('',(-5.282655960504,16.487545936341,1.2));
#1736 = LINE('',#1737,#1738);
#1737 = CARTESIAN_POINT('',(-0.449952587067,9.835900386143,1.2));
#1738 = VECTOR('',#1739,1.);
#1739 = DIRECTION('',(0.587785252292,-0.809016994375,0.));
#1740 = ORIENTED_EDGE('',*,*,#1741,.T.);
#1741 = EDGE_CURVE('',#1734,#1742,#1744,.T.);
#1742 = VERTEX_POINT('',#1743);
#1743 = CARTESIAN_POINT('',(-6.37482890291,15.694035845746,1.2));
#1744 = LINE('',#1745,#1746);
#1745 = CARTESIAN_POINT('',(-7.474031353688,14.895418518368,1.2));
#1746 = VECTOR('',#1747,1.);
#1747 = DIRECTION('',(-0.809016994375,-0.587785252292,0.));
#1748 = ORIENTED_EDGE('',*,*,#1749,.F.);
#1749 = EDGE_CURVE('',#1750,#1742,#1752,.T.);
#1750 = VERTEX_POINT('',#1751);
#1751 = CARTESIAN_POINT('',(-8.030289134609,17.972581378716,1.2));
#1752 = LINE('',#1753,#1754);
#1753 = CARTESIAN_POINT('',(-1.542125529474,9.042390295549,1.2));
#1754 = VECTOR('',#1755,1.);
#1755 = DIRECTION('',(0.587785252292,-0.809016994375,0.));
#1756 = ORIENTED_EDGE('',*,*,#1757,.T.);
#1757 = EDGE_CURVE('',#1750,#1758,#1760,.T.);
#1758 = VERTEX_POINT('',#1759);
#1759 = CARTESIAN_POINT('',(-9.850195511729,17.043264751236,1.2));
#1760 = CIRCLE('',#1761,19.685);
#1761 = AXIS2_PLACEMENT_3D('',#1762,#1763,#1764);
#1762 = CARTESIAN_POINT('',(0.,0.,1.2));
#1763 = DIRECTION('',(0.,0.,1.));
#1764 = DIRECTION('',(1.,0.,0.));
#1765 = ORIENTED_EDGE('',*,*,#1766,.T.);
#1766 = EDGE_CURVE('',#1758,#1767,#1769,.T.);
#1767 = VERTEX_POINT('',#1768);
#1768 = CARTESIAN_POINT('',(-8.065432852446,15.319739485471,1.2));
#1769 = LINE('',#1770,#1771);
#1770 = CARTESIAN_POINT('',(-2.151102973999,9.608337511349,1.2));
#1771 = VECTOR('',#1772,1.);
#1772 = DIRECTION('',(0.719339800339,-0.694658370459,0.));
#1773 = ORIENTED_EDGE('',*,*,#1774,.T.);
#1774 = EDGE_CURVE('',#1767,#1775,#1777,.T.);
#1775 = VERTEX_POINT('',#1776);
#1776 = CARTESIAN_POINT('',(-9.003221652565,14.348630755014,1.2));
#1777 = LINE('',#1778,#1779);
#1778 = CARTESIAN_POINT('',(-9.947046304669,13.371271716857,1.2));
#1779 = VECTOR('',#1780,1.);
#1780 = DIRECTION('',(-0.694658370459,-0.719339800339,0.));
#1781 = ORIENTED_EDGE('',*,*,#1782,.F.);
#1782 = EDGE_CURVE('',#1783,#1775,#1785,.T.);
#1783 = VERTEX_POINT('',#1784);
#1784 = CARTESIAN_POINT('',(-11.02919700307,16.305092409039,1.2));
#1785 = LINE('',#1786,#1787);
#1786 = CARTESIAN_POINT('',(-3.088891774119,8.637228780892,1.2));
#1787 = VECTOR('',#1788,1.);
#1788 = DIRECTION('',(0.719339800339,-0.694658370459,0.));
#1789 = ORIENTED_EDGE('',*,*,#1790,.T.);
#1790 = EDGE_CURVE('',#1783,#1791,#1793,.T.);
#1791 = VERTEX_POINT('',#1792);
#1792 = CARTESIAN_POINT('',(-12.66008077418,15.073870763382,1.2));
#1793 = CIRCLE('',#1794,19.685);
#1794 = AXIS2_PLACEMENT_3D('',#1795,#1796,#1797);
#1795 = CARTESIAN_POINT('',(0.,0.,1.2));
#1796 = DIRECTION('',(0.,0.,1.));
#1797 = DIRECTION('',(1.,0.,0.));
#1798 = ORIENTED_EDGE('',*,*,#1799,.T.);
#1799 = EDGE_CURVE('',#1791,#1800,#1802,.T.);
#1800 = VERTEX_POINT('',#1801);
#1801 = CARTESIAN_POINT('',(-10.60314564847,13.686450502497,1.2));
#1802 = LINE('',#1803,#1804);
#1803 = CARTESIAN_POINT('',(-3.786893185577,9.088830163326,1.2));
#1804 = VECTOR('',#1805,1.);
#1805 = DIRECTION('',(0.829037572555,-0.559192903471,0.));
#1806 = ORIENTED_EDGE('',*,*,#1807,.T.);
#1807 = EDGE_CURVE('',#1800,#1808,#1810,.T.);
#1808 = VERTEX_POINT('',#1809);
#1809 = CARTESIAN_POINT('',(-11.35805606815,12.567249779547,1.2));
#1810 = LINE('',#1811,#1812);
#1811 = CARTESIAN_POINT('',(-12.11782528713,11.440845590419,1.2));
#1812 = VECTOR('',#1813,1.);
#1813 = DIRECTION('',(-0.559192903471,-0.829037572555,0.));
#1814 = ORIENTED_EDGE('',*,*,#1815,.F.);
#1815 = EDGE_CURVE('',#1816,#1808,#1818,.T.);
#1816 = VERTEX_POINT('',#1817);
#1817 = CARTESIAN_POINT('',(-13.69298830165,14.142181457288,1.2));
#1818 = LINE('',#1819,#1820);
#1819 = CARTESIAN_POINT('',(-4.541803605262,7.969629440376,1.2));
#1820 = VECTOR('',#1821,1.);
#1821 = DIRECTION('',(0.829037572555,-0.559192903471,0.));
#1822 = ORIENTED_EDGE('',*,*,#1823,.T.);
#1823 = EDGE_CURVE('',#1816,#1824,#1826,.T.);
#1824 = VERTEX_POINT('',#1825);
#1825 = CARTESIAN_POINT('',(-15.08529588862,12.646464840129,1.2));
#1826 = CIRCLE('',#1827,19.685);
#1827 = AXIS2_PLACEMENT_3D('',#1828,#1829,#1830);
#1828 = CARTESIAN_POINT('',(0.,0.,1.2));
#1829 = DIRECTION('',(0.,0.,1.));
#1830 = DIRECTION('',(1.,0.,0.));
#1831 = ORIENTED_EDGE('',*,*,#1832,.T.);
#1832 = EDGE_CURVE('',#1824,#1833,#1835,.T.);
#1833 = VERTEX_POINT('',#1834);
#1834 = CARTESIAN_POINT('',(-12.81868722942,11.637305646682,1.2));
#1835 = LINE('',#1836,#1837);
#1836 = CARTESIAN_POINT('',(-5.307620563971,8.29316330996,1.2));
#1837 = VECTOR('',#1838,1.);
#1838 = DIRECTION('',(0.913545457643,-0.406736643076,0.));
#1839 = ORIENTED_EDGE('',*,*,#1840,.T.);
#1840 = EDGE_CURVE('',#1833,#1841,#1843,.T.);
#1841 = VERTEX_POINT('',#1842);
#1842 = CARTESIAN_POINT('',(-13.36778169757,10.404019278865,1.2));
#1843 = LINE('',#1844,#1845);
#1844 = CARTESIAN_POINT('',(-13.92041028015,9.162795160064,1.2));
#1845 = VECTOR('',#1846,1.);
#1846 = DIRECTION('',(-0.406736643076,-0.913545457643,0.));
#1847 = ORIENTED_EDGE('',*,*,#1848,.F.);
#1848 = EDGE_CURVE('',#1849,#1841,#1851,.T.);
#1849 = VERTEX_POINT('',#1850);
#1850 = CARTESIAN_POINT('',(-15.94072507966,11.549567478247,1.2));
#1851 = LINE('',#1852,#1853);
#1852 = CARTESIAN_POINT('',(-5.856715032123,7.059876942142,1.2));
#1853 = VECTOR('',#1854,1.);
#1854 = DIRECTION('',(0.913545457643,-0.406736643076,0.));
#1855 = ORIENTED_EDGE('',*,*,#1856,.T.);
#1856 = EDGE_CURVE('',#1849,#1857,#1859,.T.);
#1857 = VERTEX_POINT('',#1858);
#1858 = CARTESIAN_POINT('',(-17.05215192101,9.834802482129,1.2));
#1859 = CIRCLE('',#1860,19.685);
#1860 = AXIS2_PLACEMENT_3D('',#1861,#1862,#1863);
#1861 = CARTESIAN_POINT('',(0.,0.,1.2));
#1862 = DIRECTION('',(0.,0.,1.));
#1863 = DIRECTION('',(1.,0.,0.));
#1864 = ORIENTED_EDGE('',*,*,#1865,.T.);
#1865 = EDGE_CURVE('',#1857,#1866,#1868,.T.);
#1866 = VERTEX_POINT('',#1867);
#1867 = CARTESIAN_POINT('',(-14.64473948547,9.234567147554,1.2));
#1868 = LINE('',#1869,#1870);
#1869 = CARTESIAN_POINT('',(-6.667078577314,7.245512885964,1.2));
#1870 = VECTOR('',#1871,1.);
#1871 = DIRECTION('',(0.970295726276,-0.2419218956,0.));
#1872 = ORIENTED_EDGE('',*,*,#1873,.T.);
#1873 = EDGE_CURVE('',#1866,#1874,#1876,.T.);
#1874 = VERTEX_POINT('',#1875);
#1875 = CARTESIAN_POINT('',(-14.97133404453,7.924667917082,1.2));
#1876 = LINE('',#1877,#1878);
#1877 = CARTESIAN_POINT('',(-15.30003065089,6.606337835368,1.2));
#1878 = VECTOR('',#1879,1.);
#1879 = DIRECTION('',(-0.2419218956,-0.970295726276,0.));
#1880 = ORIENTED_EDGE('',*,*,#1881,.F.);
#1881 = EDGE_CURVE('',#1882,#1874,#1884,.T.);
#1882 = VERTEX_POINT('',#1883);
#1883 = CARTESIAN_POINT('',(-17.70411099252,8.606025735742,1.2));
#1884 = LINE('',#1885,#1886);
#1885 = CARTESIAN_POINT('',(-6.993673136374,5.935613655491,1.2));
#1886 = VECTOR('',#1887,1.);
#1887 = DIRECTION('',(0.970295726276,-0.2419218956,0.));
#1888 = ORIENTED_EDGE('',*,*,#1889,.T.);
#1889 = EDGE_CURVE('',#1882,#1890,#1892,.T.);
#1890 = VERTEX_POINT('',#1891);
#1891 = CARTESIAN_POINT('',(-18.50088694609,6.72431462736,1.2));
#1892 = CIRCLE('',#1893,19.685);
#1893 = AXIS2_PLACEMENT_3D('',#1894,#1895,#1896);
#1894 = CARTESIAN_POINT('',(0.,0.,1.2));
#1895 = DIRECTION('',(0.,0.,1.));
#1896 = DIRECTION('',(1.,0.,0.));
#1897 = ORIENTED_EDGE('',*,*,#1898,.T.);
#1898 = EDGE_CURVE('',#1890,#1899,#1901,.T.);
#1899 = VERTEX_POINT('',#1900);
#1900 = CARTESIAN_POINT('',(-16.02581874285,6.551240998565,1.2));
#1901 = LINE('',#1902,#1903);
#1902 = CARTESIAN_POINT('',(-7.82396078179,5.977711219334,1.2));
#1903 = VECTOR('',#1904,1.);
#1904 = DIRECTION('',(0.99756405026,-6.975647374413E-02,0.));
#1905 = ORIENTED_EDGE('',*,*,#1906,.T.);
#1906 = EDGE_CURVE('',#1899,#1907,#1909,.T.);
#1907 = VERTEX_POINT('',#1908);
#1908 = CARTESIAN_POINT('',(-16.1199899824,5.204529530714,1.2));
#1909 = LINE('',#1910,#1911);
#1910 = CARTESIAN_POINT('',(-16.21476733248,3.849150278513,1.2));
#1911 = VECTOR('',#1912,1.);
#1912 = DIRECTION('',(-6.975647374413E-02,-0.99756405026,0.));
#1913 = ORIENTED_EDGE('',*,*,#1914,.F.);
#1914 = EDGE_CURVE('',#1915,#1907,#1917,.T.);
#1915 = VERTEX_POINT('',#1916);
#1916 = CARTESIAN_POINT('',(-18.92956645159,5.400994256116,1.2));
#1917 = LINE('',#1918,#1919);
#1918 = CARTESIAN_POINT('',(-7.918132021345,4.630999751483,1.2));
#1919 = VECTOR('',#1920,1.);
#1920 = DIRECTION('',(0.99756405026,-6.975647374413E-02,0.));
#1921 = ORIENTED_EDGE('',*,*,#1922,.T.);
#1922 = EDGE_CURVE('',#1915,#1923,#1925,.T.);
#1923 = VERTEX_POINT('',#1924);
#1924 = CARTESIAN_POINT('',(-19.38748188321,3.409511875306,1.2));
#1925 = CIRCLE('',#1926,19.685);
#1926 = AXIS2_PLACEMENT_3D('',#1927,#1928,#1929);
#1927 = CARTESIAN_POINT('',(0.,0.,1.2));
#1928 = DIRECTION('',(0.,0.,1.));
#1929 = DIRECTION('',(1.,0.,0.));
#1930 = ORIENTED_EDGE('',*,*,#1931,.T.);
#1931 = EDGE_CURVE('',#1923,#1932,#1934,.T.);
#1932 = VERTEX_POINT('',#1933);
#1933 = CARTESIAN_POINT('',(-16.91996160718,3.668858706921,1.2));
#1934 = LINE('',#1935,#1936);
#1935 = CARTESIAN_POINT('',(-8.743115897027,4.528279822173,1.2));
#1936 = VECTOR('',#1937,1.);
#1937 = DIRECTION('',(0.994521895368,0.104528463268,0.));
#1938 = ORIENTED_EDGE('',*,*,#1939,.T.);
#1939 = EDGE_CURVE('',#1932,#1940,#1942,.T.);
#1940 = VERTEX_POINT('',#1941);
#1941 = CARTESIAN_POINT('',(-16.77884818177,2.326254148174,1.2));
#1942 = LINE('',#1943,#1944);
#1943 = CARTESIAN_POINT('',(-16.63682651375,0.975008238209,1.2));
#1944 = VECTOR('',#1945,1.);
#1945 = DIRECTION('',(0.104528463268,-0.994521895368,0.));
#1946 = ORIENTED_EDGE('',*,*,#1947,.F.);
#1947 = EDGE_CURVE('',#1948,#1940,#1950,.T.);
#1948 = VERTEX_POINT('',#1949);
#1949 = CARTESIAN_POINT('',(-19.57985661285,2.031856299052,1.2));
#1950 = LINE('',#1951,#1952);
#1951 = CARTESIAN_POINT('',(-8.602002471616,3.185675263426,1.2));
#1952 = VECTOR('',#1953,1.);
#1953 = DIRECTION('',(0.994521895368,0.104528463268,0.));
#1954 = ORIENTED_EDGE('',*,*,#1955,.T.);
#1955 = EDGE_CURVE('',#1948,#1956,#1958,.T.);
#1956 = VERTEX_POINT('',#1957);
#1957 = CARTESIAN_POINT('',(-19.68499799385,-8.887169782935E-03,1.2));
#1958 = CIRCLE('',#1959,19.685);
#1959 = AXIS2_PLACEMENT_3D('',#1960,#1961,#1962);
#1960 = CARTESIAN_POINT('',(0.,0.,1.2));
#1961 = DIRECTION('',(0.,0.,1.));
#1962 = DIRECTION('',(1.,0.,0.));
#1963 = ORIENTED_EDGE('',*,*,#1964,.T.);
#1964 = EDGE_CURVE('',#1956,#1965,#1967,.T.);
#1965 = VERTEX_POINT('',#1966);
#1966 = CARTESIAN_POINT('',(-17.3,0.675,1.2));
#1967 = LINE('',#1968,#1969);
#1968 = CARTESIAN_POINT('',(-9.396615859963,2.941258934035,1.2));
#1969 = VECTOR('',#1970,1.);
#1970 = DIRECTION('',(0.961261695938,0.275637355817,0.));
#1971 = ORIENTED_EDGE('',*,*,#1972,.T.);
#1972 = EDGE_CURVE('',#1965,#1973,#1975,.T.);
#1973 = VERTEX_POINT('',#1974);
#1974 = CARTESIAN_POINT('',(-16.92788956964,-0.622703289517,1.2));
#1975 = LINE('',#1976,#1977);
#1976 = CARTESIAN_POINT('',(-16.55338414003,-1.928758934035,1.2));
#1977 = VECTOR('',#1978,1.);
#1978 = DIRECTION('',(0.275637355817,-0.961261695938,0.));
#1979 = ORIENTED_EDGE('',*,*,#1980,.F.);
#1980 = EDGE_CURVE('',#1981,#1973,#1983,.T.);
#1981 = VERTEX_POINT('',#1982);
#1982 = CARTESIAN_POINT('',(-19.63522273881,-1.399018583489,1.2));
#1983 = LINE('',#1984,#1985);
#1984 = CARTESIAN_POINT('',(-9.02450542961,1.643555644518,1.2));
#1985 = VECTOR('',#1986,1.);
#1986 = DIRECTION('',(0.961261695938,0.275637355817,0.));
#1987 = ORIENTED_EDGE('',*,*,#1988,.T.);
#1988 = EDGE_CURVE('',#1981,#1989,#1991,.T.);
#1989 = VERTEX_POINT('',#1990);
#1990 = CARTESIAN_POINT('',(-19.38439540154,-3.427016182715,1.2));
#1991 = CIRCLE('',#1992,19.685);
#1992 = AXIS2_PLACEMENT_3D('',#1993,#1994,#1995);
#1993 = CARTESIAN_POINT('',(0.,0.,1.2));
#1994 = DIRECTION('',(0.,0.,1.));
#1995 = DIRECTION('',(1.,0.,0.));
#1996 = ORIENTED_EDGE('',*,*,#1997,.T.);
#1997 = EDGE_CURVE('',#1989,#1998,#2000,.T.);
#1998 = VERTEX_POINT('',#1999);
#1999 = CARTESIAN_POINT('',(-17.15438664703,-2.339368240355,1.2));
#2000 = LINE('',#2001,#2002);
#2001 = CARTESIAN_POINT('',(-9.764604404911,1.264869381535,1.2));
#2002 = VECTOR('',#2003,1.);
#2003 = DIRECTION('',(0.898794046299,0.438371146789,0.));
#2004 = ORIENTED_EDGE('',*,*,#2005,.T.);
#2005 = EDGE_CURVE('',#1998,#2006,#2008,.T.);
#2006 = VERTEX_POINT('',#2007);
#2007 = CARTESIAN_POINT('',(-16.56258559887,-3.552740202859,1.2));
#2008 = LINE('',#2009,#2010);
#2009 = CARTESIAN_POINT('',(-15.96697556564,-4.773921742067,1.2));
#2010 = VECTOR('',#2011,1.);
#2011 = DIRECTION('',(0.438371146789,-0.898794046299,0.));
#2012 = ORIENTED_EDGE('',*,*,#2013,.F.);
#2013 = EDGE_CURVE('',#2014,#2006,#2016,.T.);
#2014 = VERTEX_POINT('',#2015);
#2015 = CARTESIAN_POINT('',(-19.09398255776,-4.787384994308,1.2));
#2016 = LINE('',#2017,#2018);
#2017 = CARTESIAN_POINT('',(-9.172803356745,5.14974190315E-02,1.2));
#2018 = VECTOR('',#2019,1.);
#2019 = DIRECTION('',(0.898794046299,0.438371146789,0.));
#2020 = ORIENTED_EDGE('',*,*,#2021,.T.);
#2021 = EDGE_CURVE('',#2014,#2022,#2024,.T.);
#2022 = VERTEX_POINT('',#2023);
#2023 = CARTESIAN_POINT('',(-18.49480776393,-6.74101704309,1.2));
#2024 = CIRCLE('',#2025,19.685);
#2025 = AXIS2_PLACEMENT_3D('',#2026,#2027,#2028);
#2026 = CARTESIAN_POINT('',(0.,0.,1.2));
#2027 = DIRECTION('',(0.,0.,1.));
#2028 = DIRECTION('',(1.,0.,0.));
#2029 = ORIENTED_EDGE('',*,*,#2030,.T.);
#2030 = EDGE_CURVE('',#2022,#2031,#2033,.T.);
#2031 = VERTEX_POINT('',#2032);
#2032 = CARTESIAN_POINT('',(-16.48754593634,-5.282655960504,1.2));
#2033 = LINE('',#2034,#2035);
#2034 = CARTESIAN_POINT('',(-9.835900386143,-0.449952587067,1.2));
#2035 = VECTOR('',#2036,1.);
#2036 = DIRECTION('',(0.809016994375,0.587785252292,0.));
#2037 = ORIENTED_EDGE('',*,*,#2038,.T.);
#2038 = EDGE_CURVE('',#2031,#2039,#2041,.T.);
#2039 = VERTEX_POINT('',#2040);
#2040 = CARTESIAN_POINT('',(-15.69403584574,-6.37482890291,1.2));
#2041 = LINE('',#2042,#2043);
#2042 = CARTESIAN_POINT('',(-14.89541851836,-7.474031353688,1.2));
#2043 = VECTOR('',#2044,1.);
#2044 = DIRECTION('',(0.587785252292,-0.809016994375,0.));
#2045 = ORIENTED_EDGE('',*,*,#2046,.F.);
#2046 = EDGE_CURVE('',#2047,#2039,#2049,.T.);
#2047 = VERTEX_POINT('',#2048);
#2048 = CARTESIAN_POINT('',(-17.97258137871,-8.030289134609,1.2));
#2049 = LINE('',#2050,#2051);
#2050 = CARTESIAN_POINT('',(-9.042390295549,-1.542125529474,1.2));
#2051 = VECTOR('',#2052,1.);
#2052 = DIRECTION('',(0.809016994375,0.587785252292,0.));
#2053 = ORIENTED_EDGE('',*,*,#2054,.T.);
#2054 = EDGE_CURVE('',#2047,#2055,#2057,.T.);
#2055 = VERTEX_POINT('',#2056);
#2056 = CARTESIAN_POINT('',(-17.04326475123,-9.850195511729,1.2));
#2057 = CIRCLE('',#2058,19.685);
#2058 = AXIS2_PLACEMENT_3D('',#2059,#2060,#2061);
#2059 = CARTESIAN_POINT('',(0.,0.,1.2));
#2060 = DIRECTION('',(0.,0.,1.));
#2061 = DIRECTION('',(1.,0.,0.));
#2062 = ORIENTED_EDGE('',*,*,#2063,.T.);
#2063 = EDGE_CURVE('',#2055,#2064,#2066,.T.);
#2064 = VERTEX_POINT('',#2065);
#2065 = CARTESIAN_POINT('',(-15.31973948547,-8.065432852446,1.2));
#2066 = LINE('',#2067,#2068);
#2067 = CARTESIAN_POINT('',(-9.608337511349,-2.151102973999,1.2));
#2068 = VECTOR('',#2069,1.);
#2069 = DIRECTION('',(0.694658370459,0.719339800339,0.));
#2070 = ORIENTED_EDGE('',*,*,#2071,.T.);
#2071 = EDGE_CURVE('',#2064,#2072,#2074,.T.);
#2072 = VERTEX_POINT('',#2073);
#2073 = CARTESIAN_POINT('',(-14.34863075501,-9.003221652565,1.2));
#2074 = LINE('',#2075,#2076);
#2075 = CARTESIAN_POINT('',(-13.37127171685,-9.947046304669,1.2));
#2076 = VECTOR('',#2077,1.);
#2077 = DIRECTION('',(0.719339800339,-0.694658370459,0.));
#2078 = ORIENTED_EDGE('',*,*,#2079,.F.);
#2079 = EDGE_CURVE('',#2080,#2072,#2082,.T.);
#2080 = VERTEX_POINT('',#2081);
#2081 = CARTESIAN_POINT('',(-16.30509240903,-11.02919700307,1.2));
#2082 = LINE('',#2083,#2084);
#2083 = CARTESIAN_POINT('',(-8.637228780892,-3.088891774119,1.2));
#2084 = VECTOR('',#2085,1.);
#2085 = DIRECTION('',(0.694658370459,0.719339800339,0.));
#2086 = ORIENTED_EDGE('',*,*,#2087,.T.);
#2087 = EDGE_CURVE('',#2080,#2088,#2090,.T.);
#2088 = VERTEX_POINT('',#2089);
#2089 = CARTESIAN_POINT('',(-15.07387076338,-12.66008077418,1.2));
#2090 = CIRCLE('',#2091,19.685);
#2091 = AXIS2_PLACEMENT_3D('',#2092,#2093,#2094);
#2092 = CARTESIAN_POINT('',(0.,0.,1.2));
#2093 = DIRECTION('',(0.,0.,1.));
#2094 = DIRECTION('',(1.,0.,0.));
#2095 = ORIENTED_EDGE('',*,*,#2096,.T.);
#2096 = EDGE_CURVE('',#2088,#2097,#2099,.T.);
#2097 = VERTEX_POINT('',#2098);
#2098 = CARTESIAN_POINT('',(-13.68645050249,-10.60314564847,1.2));
#2099 = LINE('',#2100,#2101);
#2100 = CARTESIAN_POINT('',(-9.088830163326,-3.786893185577,1.2));
#2101 = VECTOR('',#2102,1.);
#2102 = DIRECTION('',(0.559192903471,0.829037572555,0.));
#2103 = ORIENTED_EDGE('',*,*,#2104,.T.);
#2104 = EDGE_CURVE('',#2097,#2105,#2107,.T.);
#2105 = VERTEX_POINT('',#2106);
#2106 = CARTESIAN_POINT('',(-12.56724977954,-11.35805606815,1.2));
#2107 = LINE('',#2108,#2109);
#2108 = CARTESIAN_POINT('',(-11.44084559041,-12.11782528713,1.2));
#2109 = VECTOR('',#2110,1.);
#2110 = DIRECTION('',(0.829037572555,-0.559192903471,0.));
#2111 = ORIENTED_EDGE('',*,*,#2112,.F.);
#2112 = EDGE_CURVE('',#2113,#2105,#2115,.T.);
#2113 = VERTEX_POINT('',#2114);
#2114 = CARTESIAN_POINT('',(-14.14218145728,-13.69298830165,1.2));
#2115 = LINE('',#2116,#2117);
#2116 = CARTESIAN_POINT('',(-7.969629440376,-4.541803605262,1.2));
#2117 = VECTOR('',#2118,1.);
#2118 = DIRECTION('',(0.559192903471,0.829037572555,0.));
#2119 = ORIENTED_EDGE('',*,*,#2120,.T.);
#2120 = EDGE_CURVE('',#2113,#2121,#2123,.T.);
#2121 = VERTEX_POINT('',#2122);
#2122 = CARTESIAN_POINT('',(-12.64646484012,-15.08529588862,1.2));
#2123 = CIRCLE('',#2124,19.685);
#2124 = AXIS2_PLACEMENT_3D('',#2125,#2126,#2127);
#2125 = CARTESIAN_POINT('',(0.,0.,1.2));
#2126 = DIRECTION('',(0.,0.,1.));
#2127 = DIRECTION('',(1.,0.,0.));
#2128 = ORIENTED_EDGE('',*,*,#2129,.T.);
#2129 = EDGE_CURVE('',#2121,#2130,#2132,.T.);
#2130 = VERTEX_POINT('',#2131);
#2131 = CARTESIAN_POINT('',(-11.63730564668,-12.81868722942,1.2));
#2132 = LINE('',#2133,#2134);
#2133 = CARTESIAN_POINT('',(-8.29316330996,-5.307620563971,1.2));
#2134 = VECTOR('',#2135,1.);
#2135 = DIRECTION('',(0.406736643076,0.913545457643,0.));
#2136 = ORIENTED_EDGE('',*,*,#2137,.T.);
#2137 = EDGE_CURVE('',#2130,#2138,#2140,.T.);
#2138 = VERTEX_POINT('',#2139);
#2139 = CARTESIAN_POINT('',(-10.40401927886,-13.36778169757,1.2));
#2140 = LINE('',#2141,#2142);
#2141 = CARTESIAN_POINT('',(-9.162795160064,-13.92041028015,1.2));
#2142 = VECTOR('',#2143,1.);
#2143 = DIRECTION('',(0.913545457643,-0.406736643076,0.));
#2144 = ORIENTED_EDGE('',*,*,#2145,.F.);
#2145 = EDGE_CURVE('',#2146,#2138,#2148,.T.);
#2146 = VERTEX_POINT('',#2147);
#2147 = CARTESIAN_POINT('',(-11.54956747824,-15.94072507966,1.2));
#2148 = LINE('',#2149,#2150);
#2149 = CARTESIAN_POINT('',(-7.059876942142,-5.856715032123,1.2));
#2150 = VECTOR('',#2151,1.);
#2151 = DIRECTION('',(0.406736643076,0.913545457643,0.));
#2152 = ORIENTED_EDGE('',*,*,#2153,.T.);
#2153 = EDGE_CURVE('',#2146,#2154,#2156,.T.);
#2154 = VERTEX_POINT('',#2155);
#2155 = CARTESIAN_POINT('',(-9.834802482129,-17.05215192101,1.2));
#2156 = CIRCLE('',#2157,19.685);
#2157 = AXIS2_PLACEMENT_3D('',#2158,#2159,#2160);
#2158 = CARTESIAN_POINT('',(0.,0.,1.2));
#2159 = DIRECTION('',(0.,0.,1.));
#2160 = DIRECTION('',(1.,0.,0.));
#2161 = ORIENTED_EDGE('',*,*,#2162,.T.);
#2162 = EDGE_CURVE('',#2154,#2163,#2165,.T.);
#2163 = VERTEX_POINT('',#2164);
#2164 = CARTESIAN_POINT('',(-9.234567147555,-14.64473948547,1.2));
#2165 = LINE('',#2166,#2167);
#2166 = CARTESIAN_POINT('',(-7.245512885964,-6.667078577314,1.2));
#2167 = VECTOR('',#2168,1.);
#2168 = DIRECTION('',(0.2419218956,0.970295726276,0.));
#2169 = ORIENTED_EDGE('',*,*,#2170,.T.);
#2170 = EDGE_CURVE('',#2163,#2171,#2173,.T.);
#2171 = VERTEX_POINT('',#2172);
#2172 = CARTESIAN_POINT('',(-7.924667917082,-14.97133404453,1.2));
#2173 = LINE('',#2174,#2175);
#2174 = CARTESIAN_POINT('',(-6.606337835368,-15.30003065089,1.2));
#2175 = VECTOR('',#2176,1.);
#2176 = DIRECTION('',(0.970295726276,-0.2419218956,0.));
#2177 = ORIENTED_EDGE('',*,*,#2178,.F.);
#2178 = EDGE_CURVE('',#2179,#2171,#2181,.T.);
#2179 = VERTEX_POINT('',#2180);
#2180 = CARTESIAN_POINT('',(-8.606025735742,-17.70411099252,1.2));
#2181 = LINE('',#2182,#2183);
#2182 = CARTESIAN_POINT('',(-5.935613655491,-6.993673136374,1.2));
#2183 = VECTOR('',#2184,1.);
#2184 = DIRECTION('',(0.2419218956,0.970295726276,0.));
#2185 = ORIENTED_EDGE('',*,*,#2186,.T.);
#2186 = EDGE_CURVE('',#2179,#2187,#2189,.T.);
#2187 = VERTEX_POINT('',#2188);
#2188 = CARTESIAN_POINT('',(-6.72431462736,-18.50088694609,1.2));
#2189 = CIRCLE('',#2190,19.685);
#2190 = AXIS2_PLACEMENT_3D('',#2191,#2192,#2193);
#2191 = CARTESIAN_POINT('',(0.,0.,1.2));
#2192 = DIRECTION('',(0.,0.,1.));
#2193 = DIRECTION('',(1.,0.,0.));
#2194 = ORIENTED_EDGE('',*,*,#2195,.T.);
#2195 = EDGE_CURVE('',#2187,#2196,#2198,.T.);
#2196 = VERTEX_POINT('',#2197);
#2197 = CARTESIAN_POINT('',(-6.551240998565,-16.02581874285,1.2));
#2198 = LINE('',#2199,#2200);
#2199 = CARTESIAN_POINT('',(-5.977711219334,-7.82396078179,1.2));
#2200 = VECTOR('',#2201,1.);
#2201 = DIRECTION('',(6.975647374413E-02,0.99756405026,0.));
#2202 = ORIENTED_EDGE('',*,*,#2203,.T.);
#2203 = EDGE_CURVE('',#2196,#2204,#2206,.T.);
#2204 = VERTEX_POINT('',#2205);
#2205 = CARTESIAN_POINT('',(-5.204529530714,-16.1199899824,1.2));
#2206 = LINE('',#2207,#2208);
#2207 = CARTESIAN_POINT('',(-3.849150278513,-16.21476733248,1.2));
#2208 = VECTOR('',#2209,1.);
#2209 = DIRECTION('',(0.99756405026,-6.975647374413E-02,0.));
#2210 = ORIENTED_EDGE('',*,*,#2211,.F.);
#2211 = EDGE_CURVE('',#2212,#2204,#2214,.T.);
#2212 = VERTEX_POINT('',#2213);
#2213 = CARTESIAN_POINT('',(-5.400994256116,-18.92956645159,1.2));
#2214 = LINE('',#2215,#2216);
#2215 = CARTESIAN_POINT('',(-4.630999751483,-7.918132021345,1.2));
#2216 = VECTOR('',#2217,1.);
#2217 = DIRECTION('',(6.975647374413E-02,0.99756405026,0.));
#2218 = ORIENTED_EDGE('',*,*,#2219,.T.);
#2219 = EDGE_CURVE('',#2212,#2220,#2222,.T.);
#2220 = VERTEX_POINT('',#2221);
#2221 = CARTESIAN_POINT('',(-3.409511875306,-19.38748188321,1.2));
#2222 = CIRCLE('',#2223,19.685);
#2223 = AXIS2_PLACEMENT_3D('',#2224,#2225,#2226);
#2224 = CARTESIAN_POINT('',(0.,0.,1.2));
#2225 = DIRECTION('',(0.,0.,1.));
#2226 = DIRECTION('',(1.,0.,0.));
#2227 = ORIENTED_EDGE('',*,*,#2228,.T.);
#2228 = EDGE_CURVE('',#2220,#2229,#2231,.T.);
#2229 = VERTEX_POINT('',#2230);
#2230 = CARTESIAN_POINT('',(-3.668858706921,-16.91996160718,1.2));
#2231 = LINE('',#2232,#2233);
#2232 = CARTESIAN_POINT('',(-4.528279822173,-8.743115897027,1.2));
#2233 = VECTOR('',#2234,1.);
#2234 = DIRECTION('',(-0.104528463268,0.994521895368,0.));
#2235 = ORIENTED_EDGE('',*,*,#2236,.T.);
#2236 = EDGE_CURVE('',#2229,#2237,#2239,.T.);
#2237 = VERTEX_POINT('',#2238);
#2238 = CARTESIAN_POINT('',(-2.326254148174,-16.77884818177,1.2));
#2239 = LINE('',#2240,#2241);
#2240 = CARTESIAN_POINT('',(-0.975008238209,-16.63682651375,1.2));
#2241 = VECTOR('',#2242,1.);
#2242 = DIRECTION('',(0.994521895368,0.104528463268,0.));
#2243 = ORIENTED_EDGE('',*,*,#2244,.F.);
#2244 = EDGE_CURVE('',#2245,#2237,#2247,.T.);
#2245 = VERTEX_POINT('',#2246);
#2246 = CARTESIAN_POINT('',(-2.031856299052,-19.57985661285,1.2));
#2247 = LINE('',#2248,#2249);
#2248 = CARTESIAN_POINT('',(-3.185675263426,-8.602002471616,1.2));
#2249 = VECTOR('',#2250,1.);
#2250 = DIRECTION('',(-0.104528463268,0.994521895368,0.));
#2251 = ORIENTED_EDGE('',*,*,#2252,.T.);
#2252 = EDGE_CURVE('',#2245,#2253,#2255,.T.);
#2253 = VERTEX_POINT('',#2254);
#2254 = CARTESIAN_POINT('',(8.887169782925E-03,-19.68499799385,1.2));
#2255 = CIRCLE('',#2256,19.685);
#2256 = AXIS2_PLACEMENT_3D('',#2257,#2258,#2259);
#2257 = CARTESIAN_POINT('',(0.,0.,1.2));
#2258 = DIRECTION('',(0.,0.,1.));
#2259 = DIRECTION('',(1.,0.,0.));
#2260 = ORIENTED_EDGE('',*,*,#2261,.T.);
#2261 = EDGE_CURVE('',#2253,#2262,#2264,.T.);
#2262 = VERTEX_POINT('',#2263);
#2263 = CARTESIAN_POINT('',(-0.675,-17.3,1.2));
#2264 = LINE('',#2265,#2266);
#2265 = CARTESIAN_POINT('',(-2.941258934035,-9.396615859963,1.2));
#2266 = VECTOR('',#2267,1.);
#2267 = DIRECTION('',(-0.275637355817,0.961261695938,0.));
#2268 = ORIENTED_EDGE('',*,*,#2269,.T.);
#2269 = EDGE_CURVE('',#2262,#2270,#2272,.T.);
#2270 = VERTEX_POINT('',#2271);
#2271 = CARTESIAN_POINT('',(0.622703289517,-16.92788956964,1.2));
#2272 = LINE('',#2273,#2274);
#2273 = CARTESIAN_POINT('',(1.928758934035,-16.55338414003,1.2));
#2274 = VECTOR('',#2275,1.);
#2275 = DIRECTION('',(0.961261695938,0.275637355817,0.));
#2276 = ORIENTED_EDGE('',*,*,#2277,.F.);
#2277 = EDGE_CURVE('',#2278,#2270,#2280,.T.);
#2278 = VERTEX_POINT('',#2279);
#2279 = CARTESIAN_POINT('',(1.399018583489,-19.63522273881,1.2));
#2280 = LINE('',#2281,#2282);
#2281 = CARTESIAN_POINT('',(-1.643555644518,-9.02450542961,1.2));
#2282 = VECTOR('',#2283,1.);
#2283 = DIRECTION('',(-0.275637355817,0.961261695938,0.));
#2284 = ORIENTED_EDGE('',*,*,#2285,.T.);
#2285 = EDGE_CURVE('',#2278,#2286,#2288,.T.);
#2286 = VERTEX_POINT('',#2287);
#2287 = CARTESIAN_POINT('',(3.427016182715,-19.38439540154,1.2));
#2288 = CIRCLE('',#2289,19.685);
#2289 = AXIS2_PLACEMENT_3D('',#2290,#2291,#2292);
#2290 = CARTESIAN_POINT('',(0.,0.,1.2));
#2291 = DIRECTION('',(0.,0.,1.));
#2292 = DIRECTION('',(1.,0.,0.));
#2293 = ORIENTED_EDGE('',*,*,#2294,.T.);
#2294 = EDGE_CURVE('',#2286,#2295,#2297,.T.);
#2295 = VERTEX_POINT('',#2296);
#2296 = CARTESIAN_POINT('',(2.339368240355,-17.15438664703,1.2));
#2297 = LINE('',#2298,#2299);
#2298 = CARTESIAN_POINT('',(-1.264869381535,-9.764604404911,1.2));
#2299 = VECTOR('',#2300,1.);
#2300 = DIRECTION('',(-0.438371146789,0.898794046299,0.));
#2301 = ORIENTED_EDGE('',*,*,#2302,.T.);
#2302 = EDGE_CURVE('',#2295,#2303,#2305,.T.);
#2303 = VERTEX_POINT('',#2304);
#2304 = CARTESIAN_POINT('',(3.552740202859,-16.56258559887,1.2));
#2305 = LINE('',#2306,#2307);
#2306 = CARTESIAN_POINT('',(4.773921742067,-15.96697556564,1.2));
#2307 = VECTOR('',#2308,1.);
#2308 = DIRECTION('',(0.898794046299,0.438371146789,0.));
#2309 = ORIENTED_EDGE('',*,*,#2310,.F.);
#2310 = EDGE_CURVE('',#2311,#2303,#2313,.T.);
#2311 = VERTEX_POINT('',#2312);
#2312 = CARTESIAN_POINT('',(4.787384994308,-19.09398255776,1.2));
#2313 = LINE('',#2314,#2315);
#2314 = CARTESIAN_POINT('',(-5.149741903151E-02,-9.172803356745,1.2));
#2315 = VECTOR('',#2316,1.);
#2316 = DIRECTION('',(-0.438371146789,0.898794046299,0.));
#2317 = ORIENTED_EDGE('',*,*,#2318,.T.);
#2318 = EDGE_CURVE('',#2311,#2319,#2321,.T.);
#2319 = VERTEX_POINT('',#2320);
#2320 = CARTESIAN_POINT('',(6.74101704309,-18.49480776393,1.2));
#2321 = CIRCLE('',#2322,19.685);
#2322 = AXIS2_PLACEMENT_3D('',#2323,#2324,#2325);
#2323 = CARTESIAN_POINT('',(0.,0.,1.2));
#2324 = DIRECTION('',(0.,0.,1.));
#2325 = DIRECTION('',(1.,0.,0.));
#2326 = ORIENTED_EDGE('',*,*,#2327,.T.);
#2327 = EDGE_CURVE('',#2319,#2328,#2330,.T.);
#2328 = VERTEX_POINT('',#2329);
#2329 = CARTESIAN_POINT('',(5.282655960504,-16.48754593634,1.2));
#2330 = LINE('',#2331,#2332);
#2331 = CARTESIAN_POINT('',(0.449952587067,-9.835900386143,1.2));
#2332 = VECTOR('',#2333,1.);
#2333 = DIRECTION('',(-0.587785252292,0.809016994375,0.));
#2334 = ORIENTED_EDGE('',*,*,#2335,.T.);
#2335 = EDGE_CURVE('',#2328,#2336,#2338,.T.);
#2336 = VERTEX_POINT('',#2337);
#2337 = CARTESIAN_POINT('',(6.37482890291,-15.69403584574,1.2));
#2338 = LINE('',#2339,#2340);
#2339 = CARTESIAN_POINT('',(7.474031353688,-14.89541851836,1.2));
#2340 = VECTOR('',#2341,1.);
#2341 = DIRECTION('',(0.809016994375,0.587785252292,0.));
#2342 = ORIENTED_EDGE('',*,*,#2343,.F.);
#2343 = EDGE_CURVE('',#2344,#2336,#2346,.T.);
#2344 = VERTEX_POINT('',#2345);
#2345 = CARTESIAN_POINT('',(8.030289134609,-17.97258137871,1.2));
#2346 = LINE('',#2347,#2348);
#2347 = CARTESIAN_POINT('',(1.542125529474,-9.042390295549,1.2));
#2348 = VECTOR('',#2349,1.);
#2349 = DIRECTION('',(-0.587785252292,0.809016994375,0.));
#2350 = ORIENTED_EDGE('',*,*,#2351,.T.);
#2351 = EDGE_CURVE('',#2344,#2352,#2354,.T.);
#2352 = VERTEX_POINT('',#2353);
#2353 = CARTESIAN_POINT('',(9.850195511729,-17.04326475123,1.2));
#2354 = CIRCLE('',#2355,19.685);
#2355 = AXIS2_PLACEMENT_3D('',#2356,#2357,#2358);
#2356 = CARTESIAN_POINT('',(0.,0.,1.2));
#2357 = DIRECTION('',(0.,0.,1.));
#2358 = DIRECTION('',(1.,0.,0.));
#2359 = ORIENTED_EDGE('',*,*,#2360,.T.);
#2360 = EDGE_CURVE('',#2352,#2361,#2363,.T.);
#2361 = VERTEX_POINT('',#2362);
#2362 = CARTESIAN_POINT('',(8.065432852446,-15.31973948547,1.2));
#2363 = LINE('',#2364,#2365);
#2364 = CARTESIAN_POINT('',(2.151102973999,-9.608337511349,1.2));
#2365 = VECTOR('',#2366,1.);
#2366 = DIRECTION('',(-0.719339800339,0.694658370459,0.));
#2367 = ORIENTED_EDGE('',*,*,#2368,.T.);
#2368 = EDGE_CURVE('',#2361,#2369,#2371,.T.);
#2369 = VERTEX_POINT('',#2370);
#2370 = CARTESIAN_POINT('',(9.003221652565,-14.34863075501,1.2));
#2371 = LINE('',#2372,#2373);
#2372 = CARTESIAN_POINT('',(9.947046304669,-13.37127171685,1.2));
#2373 = VECTOR('',#2374,1.);
#2374 = DIRECTION('',(0.694658370459,0.719339800339,0.));
#2375 = ORIENTED_EDGE('',*,*,#2376,.F.);
#2376 = EDGE_CURVE('',#2377,#2369,#2379,.T.);
#2377 = VERTEX_POINT('',#2378);
#2378 = CARTESIAN_POINT('',(11.029197003077,-16.30509240903,1.2));
#2379 = LINE('',#2380,#2381);
#2380 = CARTESIAN_POINT('',(3.088891774119,-8.637228780892,1.2));
#2381 = VECTOR('',#2382,1.);
#2382 = DIRECTION('',(-0.719339800339,0.694658370459,0.));
#2383 = ORIENTED_EDGE('',*,*,#2384,.T.);
#2384 = EDGE_CURVE('',#2377,#2385,#2387,.T.);
#2385 = VERTEX_POINT('',#2386);
#2386 = CARTESIAN_POINT('',(12.660080774184,-15.07387076338,1.2));
#2387 = CIRCLE('',#2388,19.685);
#2388 = AXIS2_PLACEMENT_3D('',#2389,#2390,#2391);
#2389 = CARTESIAN_POINT('',(0.,0.,1.2));
#2390 = DIRECTION('',(0.,0.,1.));
#2391 = DIRECTION('',(1.,0.,0.));
#2392 = ORIENTED_EDGE('',*,*,#2393,.T.);
#2393 = EDGE_CURVE('',#2385,#2394,#2396,.T.);
#2394 = VERTEX_POINT('',#2395);
#2395 = CARTESIAN_POINT('',(10.603145648472,-13.68645050249,1.2));
#2396 = LINE('',#2397,#2398);
#2397 = CARTESIAN_POINT('',(3.786893185577,-9.088830163326,1.2));
#2398 = VECTOR('',#2399,1.);
#2399 = DIRECTION('',(-0.829037572555,0.559192903471,0.));
#2400 = ORIENTED_EDGE('',*,*,#2401,.T.);
#2401 = EDGE_CURVE('',#2394,#2402,#2404,.T.);
#2402 = VERTEX_POINT('',#2403);
#2403 = CARTESIAN_POINT('',(11.358056068157,-12.56724977954,1.2));
#2404 = LINE('',#2405,#2406);
#2405 = CARTESIAN_POINT('',(12.117825287131,-11.44084559041,1.2));
#2406 = VECTOR('',#2407,1.);
#2407 = DIRECTION('',(0.559192903471,0.829037572555,0.));
#2408 = ORIENTED_EDGE('',*,*,#2409,.F.);
#2409 = EDGE_CURVE('',#2410,#2402,#2412,.T.);
#2410 = VERTEX_POINT('',#2411);
#2411 = CARTESIAN_POINT('',(13.69298830165,-14.14218145728,1.2));
#2412 = LINE('',#2413,#2414);
#2413 = CARTESIAN_POINT('',(4.541803605262,-7.969629440376,1.2));
#2414 = VECTOR('',#2415,1.);
#2415 = DIRECTION('',(-0.829037572555,0.559192903471,0.));
#2416 = ORIENTED_EDGE('',*,*,#2417,.T.);
#2417 = EDGE_CURVE('',#2410,#2418,#2420,.T.);
#2418 = VERTEX_POINT('',#2419);
#2419 = CARTESIAN_POINT('',(15.085295888625,-12.64646484012,1.2));
#2420 = CIRCLE('',#2421,19.685);
#2421 = AXIS2_PLACEMENT_3D('',#2422,#2423,#2424);
#2422 = CARTESIAN_POINT('',(0.,0.,1.2));
#2423 = DIRECTION('',(0.,0.,1.));
#2424 = DIRECTION('',(1.,0.,0.));
#2425 = ORIENTED_EDGE('',*,*,#2426,.T.);
#2426 = EDGE_CURVE('',#2418,#2427,#2429,.T.);
#2427 = VERTEX_POINT('',#2428);
#2428 = CARTESIAN_POINT('',(12.81868722942,-11.63730564668,1.2));
#2429 = LINE('',#2430,#2431);
#2430 = CARTESIAN_POINT('',(5.307620563971,-8.29316330996,1.2));
#2431 = VECTOR('',#2432,1.);
#2432 = DIRECTION('',(-0.913545457643,0.406736643076,0.));
#2433 = ORIENTED_EDGE('',*,*,#2434,.T.);
#2434 = EDGE_CURVE('',#2427,#2435,#2437,.T.);
#2435 = VERTEX_POINT('',#2436);
#2436 = CARTESIAN_POINT('',(13.367781697572,-10.40401927886,1.2));
#2437 = LINE('',#2438,#2439);
#2438 = CARTESIAN_POINT('',(13.920410280159,-9.162795160064,1.2));
#2439 = VECTOR('',#2440,1.);
#2440 = DIRECTION('',(0.406736643076,0.913545457643,0.));
#2441 = ORIENTED_EDGE('',*,*,#2442,.F.);
#2442 = EDGE_CURVE('',#2443,#2435,#2445,.T.);
#2443 = VERTEX_POINT('',#2444);
#2444 = CARTESIAN_POINT('',(15.940725079664,-11.54956747824,1.2));
#2445 = LINE('',#2446,#2447);
#2446 = CARTESIAN_POINT('',(5.856715032123,-7.059876942142,1.2));
#2447 = VECTOR('',#2448,1.);
#2448 = DIRECTION('',(-0.913545457643,0.406736643076,0.));
#2449 = ORIENTED_EDGE('',*,*,#2450,.T.);
#2450 = EDGE_CURVE('',#2443,#2451,#2453,.T.);
#2451 = VERTEX_POINT('',#2452);
#2452 = CARTESIAN_POINT('',(17.052151921019,-9.834802482129,1.2));
#2453 = CIRCLE('',#2454,19.685);
#2454 = AXIS2_PLACEMENT_3D('',#2455,#2456,#2457);
#2455 = CARTESIAN_POINT('',(0.,0.,1.2));
#2456 = DIRECTION('',(0.,0.,1.));
#2457 = DIRECTION('',(1.,0.,0.));
#2458 = ORIENTED_EDGE('',*,*,#2459,.T.);
#2459 = EDGE_CURVE('',#2451,#2460,#2462,.T.);
#2460 = VERTEX_POINT('',#2461);
#2461 = CARTESIAN_POINT('',(14.644739485471,-9.234567147555,1.2));
#2462 = LINE('',#2463,#2464);
#2463 = CARTESIAN_POINT('',(6.667078577314,-7.245512885964,1.2));
#2464 = VECTOR('',#2465,1.);
#2465 = DIRECTION('',(-0.970295726276,0.2419218956,0.));
#2466 = ORIENTED_EDGE('',*,*,#2467,.T.);
#2467 = EDGE_CURVE('',#2460,#2468,#2470,.T.);
#2468 = VERTEX_POINT('',#2469);
#2469 = CARTESIAN_POINT('',(14.97133404453,-7.924667917082,1.2));
#2470 = LINE('',#2471,#2472);
#2471 = CARTESIAN_POINT('',(15.300030650892,-6.606337835368,1.2));
#2472 = VECTOR('',#2473,1.);
#2473 = DIRECTION('',(0.2419218956,0.970295726276,0.));
#2474 = ORIENTED_EDGE('',*,*,#2475,.F.);
#2475 = EDGE_CURVE('',#2476,#2468,#2478,.T.);
#2476 = VERTEX_POINT('',#2477);
#2477 = CARTESIAN_POINT('',(17.704110992528,-8.606025735742,1.2));
#2478 = LINE('',#2479,#2480);
#2479 = CARTESIAN_POINT('',(6.993673136374,-5.935613655491,1.2));
#2480 = VECTOR('',#2481,1.);
#2481 = DIRECTION('',(-0.970295726276,0.2419218956,0.));
#2482 = ORIENTED_EDGE('',*,*,#2483,.T.);
#2483 = EDGE_CURVE('',#2476,#2484,#2486,.T.);
#2484 = VERTEX_POINT('',#2485);
#2485 = CARTESIAN_POINT('',(18.500886946097,-6.72431462736,1.2));
#2486 = CIRCLE('',#2487,19.685);
#2487 = AXIS2_PLACEMENT_3D('',#2488,#2489,#2490);
#2488 = CARTESIAN_POINT('',(0.,0.,1.2));
#2489 = DIRECTION('',(0.,0.,1.));
#2490 = DIRECTION('',(1.,0.,0.));
#2491 = ORIENTED_EDGE('',*,*,#2492,.T.);
#2492 = EDGE_CURVE('',#2484,#2493,#2495,.T.);
#2493 = VERTEX_POINT('',#2494);
#2494 = CARTESIAN_POINT('',(16.025818742851,-6.551240998565,1.2));
#2495 = LINE('',#2496,#2497);
#2496 = CARTESIAN_POINT('',(7.82396078179,-5.977711219334,1.2));
#2497 = VECTOR('',#2498,1.);
#2498 = DIRECTION('',(-0.99756405026,6.975647374413E-02,0.));
#2499 = ORIENTED_EDGE('',*,*,#2500,.T.);
#2500 = EDGE_CURVE('',#2493,#2501,#2503,.T.);
#2501 = VERTEX_POINT('',#2502);
#2502 = CARTESIAN_POINT('',(16.119989982406,-5.204529530714,1.2));
#2503 = LINE('',#2504,#2505);
#2504 = CARTESIAN_POINT('',(16.214767332487,-3.849150278513,1.2));
#2505 = VECTOR('',#2506,1.);
#2506 = DIRECTION('',(6.975647374413E-02,0.99756405026,0.));
#2507 = ORIENTED_EDGE('',*,*,#2508,.F.);
#2508 = EDGE_CURVE('',#2509,#2501,#2511,.T.);
#2509 = VERTEX_POINT('',#2510);
#2510 = CARTESIAN_POINT('',(18.929566451596,-5.400994256116,1.2));
#2511 = LINE('',#2512,#2513);
#2512 = CARTESIAN_POINT('',(7.918132021345,-4.630999751483,1.2));
#2513 = VECTOR('',#2514,1.);
#2514 = DIRECTION('',(-0.99756405026,6.975647374413E-02,0.));
#2515 = ORIENTED_EDGE('',*,*,#2516,.T.);
#2516 = EDGE_CURVE('',#2509,#2517,#2519,.T.);
#2517 = VERTEX_POINT('',#2518);
#2518 = CARTESIAN_POINT('',(19.387481883219,-3.409511875306,1.2));
#2519 = CIRCLE('',#2520,19.685);
#2520 = AXIS2_PLACEMENT_3D('',#2521,#2522,#2523);
#2521 = CARTESIAN_POINT('',(0.,0.,1.2));
#2522 = DIRECTION('',(0.,0.,1.));
#2523 = DIRECTION('',(1.,0.,0.));
#2524 = ORIENTED_EDGE('',*,*,#2525,.T.);
#2525 = EDGE_CURVE('',#2517,#2526,#2528,.T.);
#2526 = VERTEX_POINT('',#2527);
#2527 = CARTESIAN_POINT('',(16.919961607186,-3.668858706921,1.2));
#2528 = LINE('',#2529,#2530);
#2529 = CARTESIAN_POINT('',(8.743115897027,-4.528279822173,1.2));
#2530 = VECTOR('',#2531,1.);
#2531 = DIRECTION('',(-0.994521895368,-0.104528463268,0.));
#2532 = ORIENTED_EDGE('',*,*,#2533,.T.);
#2533 = EDGE_CURVE('',#2526,#1362,#2534,.T.);
#2534 = LINE('',#2535,#2536);
#2535 = CARTESIAN_POINT('',(16.636826513752,-0.975008238209,1.2));
#2536 = VECTOR('',#2537,1.);
#2537 = DIRECTION('',(-0.104528463268,0.994521895368,0.));
#2538 = ORIENTED_EDGE('',*,*,#1369,.F.);
#2539 = ORIENTED_EDGE('',*,*,#31,.T.);
#2540 = ORIENTED_EDGE('',*,*,#63,.T.);
#2541 = ORIENTED_EDGE('',*,*,#2542,.T.);
#2542 = EDGE_CURVE('',#64,#2543,#2545,.T.);
#2543 = VERTEX_POINT('',#2544);
#2544 = CARTESIAN_POINT('',(17.3,-0.675,1.2));
#2545 = LINE('',#2546,#2547);
#2546 = CARTESIAN_POINT('',(9.396615859963,-2.941258934035,1.2));
#2547 = VECTOR('',#2548,1.);
#2548 = DIRECTION('',(-0.961261695938,-0.275637355817,0.));
#2549 = ORIENTED_EDGE('',*,*,#2550,.T.);
#2550 = EDGE_CURVE('',#2543,#1387,#2551,.T.);
#2551 = LINE('',#2552,#2553);
#2552 = CARTESIAN_POINT('',(16.553384140037,1.928758934035,1.2));
#2553 = VECTOR('',#2554,1.);
#2554 = DIRECTION('',(-0.275637355817,0.961261695938,0.));
#2555 = FACE_BOUND('',#2556,.T.);
#2556 = EDGE_LOOP('',(#2557));
#2557 = ORIENTED_EDGE('',*,*,#2558,.F.);
#2558 = EDGE_CURVE('',#2559,#2559,#2561,.T.);
#2559 = VERTEX_POINT('',#2560);
#2560 = CARTESIAN_POINT('',(-5.2,-11.25833024919,1.2));
#2561 = CIRCLE('',#2562,1.3);
#2562 = AXIS2_PLACEMENT_3D('',#2563,#2564,#2565);
#2563 = CARTESIAN_POINT('',(-6.5,-11.25833024919,1.2));
#2564 = DIRECTION('',(0.,0.,1.));
#2565 = DIRECTION('',(1.,0.,0.));
#2566 = FACE_BOUND('',#2567,.T.);
#2567 = EDGE_LOOP('',(#2568));
#2568 = ORIENTED_EDGE('',*,*,#2569,.F.);
#2569 = EDGE_CURVE('',#2570,#2570,#2572,.T.);
#2570 = VERTEX_POINT('',#2571);
#2571 = CARTESIAN_POINT('',(8.95,-11.69134295109,1.2));
#2572 = CIRCLE('',#2573,2.2);
#2573 = AXIS2_PLACEMENT_3D('',#2574,#2575,#2576);
#2574 = CARTESIAN_POINT('',(6.75,-11.69134295109,1.2));
#2575 = DIRECTION('',(0.,0.,1.));
#2576 = DIRECTION('',(1.,0.,0.));
#2577 = FACE_BOUND('',#2578,.T.);
#2578 = EDGE_LOOP('',(#2579));
#2579 = ORIENTED_EDGE('',*,*,#2580,.F.);
#2580 = EDGE_CURVE('',#2581,#2581,#2583,.T.);
#2581 = VERTEX_POINT('',#2582);
#2582 = CARTESIAN_POINT('',(-11.3,1.114428587224E-15,1.2));
#2583 = CIRCLE('',#2584,2.2);
#2584 = AXIS2_PLACEMENT_3D('',#2585,#2586,#2587);
#2585 = CARTESIAN_POINT('',(-13.5,1.653273178849E-15,1.2));
#2586 = DIRECTION('',(0.,0.,1.));
#2587 = DIRECTION('',(1.,0.,0.));
#2588 = FACE_BOUND('',#2589,.T.);
#2589 = EDGE_LOOP('',(#2590));
#2590 = ORIENTED_EDGE('',*,*,#2591,.F.);
#2591 = EDGE_CURVE('',#2592,#2592,#2594,.T.);
#2592 = VERTEX_POINT('',#2593);
#2593 = CARTESIAN_POINT('',(-5.2,11.258330249198,1.2));
#2594 = CIRCLE('',#2595,1.3);
#2595 = AXIS2_PLACEMENT_3D('',#2596,#2597,#2598);
#2596 = CARTESIAN_POINT('',(-6.5,11.258330249198,1.2));
#2597 = DIRECTION('',(0.,0.,1.));
#2598 = DIRECTION('',(1.,0.,0.));
#2599 = FACE_BOUND('',#2600,.T.);
#2600 = EDGE_LOOP('',(#2601));
#2601 = ORIENTED_EDGE('',*,*,#2602,.F.);
#2602 = EDGE_CURVE('',#2603,#2603,#2605,.T.);
#2603 = VERTEX_POINT('',#2604);
#2604 = CARTESIAN_POINT('',(9.5,-2.32682891838E-15,1.2));
#2605 = CIRCLE('',#2606,9.5);
#2606 = AXIS2_PLACEMENT_3D('',#2607,#2608,#2609);
#2607 = CARTESIAN_POINT('',(0.,0.,1.2));
#2608 = DIRECTION('',(0.,0.,1.));
#2609 = DIRECTION('',(1.,0.,0.));
#2610 = FACE_BOUND('',#2611,.T.);
#2611 = EDGE_LOOP('',(#2612));
#2612 = ORIENTED_EDGE('',*,*,#2613,.F.);
#2613 = EDGE_CURVE('',#2614,#2614,#2616,.T.);
#2614 = VERTEX_POINT('',#2615);
#2615 = CARTESIAN_POINT('',(14.3,-3.184081677783E-16,1.2));
#2616 = CIRCLE('',#2617,1.3);
#2617 = AXIS2_PLACEMENT_3D('',#2618,#2619,#2620);
#2618 = CARTESIAN_POINT('',(13.,0.,1.2));
#2619 = DIRECTION('',(0.,0.,1.));
#2620 = DIRECTION('',(1.,0.,0.));
#2621 = FACE_BOUND('',#2622,.T.);
#2622 = EDGE_LOOP('',(#2623));
#2623 = ORIENTED_EDGE('',*,*,#2624,.F.);
#2624 = EDGE_CURVE('',#2625,#2625,#2627,.T.);
#2625 = VERTEX_POINT('',#2626);
#2626 = CARTESIAN_POINT('',(8.95,11.69134295109,1.2));
#2627 = CIRCLE('',#2628,2.2);
#2628 = AXIS2_PLACEMENT_3D('',#2629,#2630,#2631);
#2629 = CARTESIAN_POINT('',(6.75,11.69134295109,1.2));
#2630 = DIRECTION('',(0.,0.,1.));
#2631 = DIRECTION('',(1.,0.,0.));
#2632 = PLANE('',#2633);
#2633 = AXIS2_PLACEMENT_3D('',#2634,#2635,#2636);
#2634 = CARTESIAN_POINT('',(0.,0.,1.2));
#2635 = DIRECTION('',(0.,0.,1.));
#2636 = DIRECTION('',(1.,0.,0.));
#2637 = ADVANCED_FACE('',(#2638),#2649,.T.);
#2638 = FACE_BOUND('',#2639,.T.);
#2639 = EDGE_LOOP('',(#2640,#2641,#2647,#2648));
#2640 = ORIENTED_EDGE('',*,*,#1261,.T.);
#2641 = ORIENTED_EDGE('',*,*,#2642,.T.);
#2642 = EDGE_CURVE('',#1262,#2543,#2643,.T.);
#2643 = LINE('',#2644,#2645);
#2644 = CARTESIAN_POINT('',(17.3,-0.675,-0.5));
#2645 = VECTOR('',#2646,1.);
#2646 = DIRECTION('',(0.,0.,1.));
#2647 = ORIENTED_EDGE('',*,*,#2542,.F.);
#2648 = ORIENTED_EDGE('',*,*,#82,.F.);
#2649 = PLANE('',#2650);
#2650 = AXIS2_PLACEMENT_3D('',#2651,#2652,#2653);
#2651 = CARTESIAN_POINT('',(17.3,-0.675,-0.5));
#2652 = DIRECTION('',(-0.275637355817,0.961261695938,0.));
#2653 = DIRECTION('',(0.,0.,1.));
#2654 = ADVANCED_FACE('',(#2655),#2671,.F.);
#2655 = FACE_BOUND('',#2656,.F.);
#2656 = EDGE_LOOP('',(#2657,#2658,#2664,#2665));
#2657 = ORIENTED_EDGE('',*,*,#96,.T.);
#2658 = ORIENTED_EDGE('',*,*,#2659,.T.);
#2659 = EDGE_CURVE('',#99,#1387,#2660,.T.);
#2660 = LINE('',#2661,#2662);
#2661 = CARTESIAN_POINT('',(16.927889569647,0.622703289517,-0.5));
#2662 = VECTOR('',#2663,1.);
#2663 = DIRECTION('',(0.,0.,1.));
#2664 = ORIENTED_EDGE('',*,*,#1384,.F.);
#2665 = ORIENTED_EDGE('',*,*,#2666,.F.);
#2666 = EDGE_CURVE('',#97,#1385,#2667,.T.);
#2667 = LINE('',#2668,#2669);
#2668 = CARTESIAN_POINT('',(19.635222738819,1.399018583489,0.));
#2669 = VECTOR('',#2670,1.);
#2670 = DIRECTION('',(0.,0.,1.));
#2671 = PLANE('',#2672);
#2672 = AXIS2_PLACEMENT_3D('',#2673,#2674,#2675);
#2673 = CARTESIAN_POINT('',(16.927889569647,0.622703289517,-0.5));
#2674 = DIRECTION('',(-0.275637355817,0.961261695938,0.));
#2675 = DIRECTION('',(0.,0.,1.));
#2676 = ADVANCED_FACE('',(#2677),#2688,.T.);
#2677 = FACE_BOUND('',#2678,.T.);
#2678 = EDGE_LOOP('',(#2679,#2685,#2686,#2687));
#2679 = ORIENTED_EDGE('',*,*,#2680,.T.);
#2680 = EDGE_CURVE('',#107,#1395,#2681,.T.);
#2681 = LINE('',#2682,#2683);
#2682 = CARTESIAN_POINT('',(19.384395401544,3.427016182715,0.));
#2683 = VECTOR('',#2684,1.);
#2684 = DIRECTION('',(0.,0.,1.));
#2685 = ORIENTED_EDGE('',*,*,#1394,.F.);
#2686 = ORIENTED_EDGE('',*,*,#2666,.F.);
#2687 = ORIENTED_EDGE('',*,*,#106,.T.);
#2688 = CYLINDRICAL_SURFACE('',#2689,19.685);
#2689 = AXIS2_PLACEMENT_3D('',#2690,#2691,#2692);
#2690 = CARTESIAN_POINT('',(0.,0.,0.));
#2691 = DIRECTION('',(0.,0.,1.));
#2692 = DIRECTION('',(1.,0.,0.));
#2693 = ADVANCED_FACE('',(#2694),#2700,.T.);
#2694 = FACE_BOUND('',#2695,.T.);
#2695 = EDGE_LOOP('',(#2696,#2697,#2698,#2699));
#2696 = ORIENTED_EDGE('',*,*,#2642,.F.);
#2697 = ORIENTED_EDGE('',*,*,#1269,.T.);
#2698 = ORIENTED_EDGE('',*,*,#2659,.T.);
#2699 = ORIENTED_EDGE('',*,*,#2550,.F.);
#2700 = PLANE('',#2701);
#2701 = AXIS2_PLACEMENT_3D('',#2702,#2703,#2704);
#2702 = CARTESIAN_POINT('',(17.3,-0.675,-0.5));
#2703 = DIRECTION('',(0.961261695938,0.275637355817,0.));
#2704 = DIRECTION('',(0.,0.,1.));
#2705 = ADVANCED_FACE('',(#2706),#2717,.T.);
#2706 = FACE_BOUND('',#2707,.T.);
#2707 = EDGE_LOOP('',(#2708,#2709,#2715,#2716));
#2708 = ORIENTED_EDGE('',*,*,#115,.T.);
#2709 = ORIENTED_EDGE('',*,*,#2710,.T.);
#2710 = EDGE_CURVE('',#116,#1404,#2711,.T.);
#2711 = LINE('',#2712,#2713);
#2712 = CARTESIAN_POINT('',(17.154386647036,2.339368240355,-0.5));
#2713 = VECTOR('',#2714,1.);
#2714 = DIRECTION('',(0.,0.,1.));
#2715 = ORIENTED_EDGE('',*,*,#1403,.F.);
#2716 = ORIENTED_EDGE('',*,*,#2680,.F.);
#2717 = PLANE('',#2718);
#2718 = AXIS2_PLACEMENT_3D('',#2719,#2720,#2721);
#2719 = CARTESIAN_POINT('',(17.154386647036,2.339368240355,-0.5));
#2720 = DIRECTION('',(-0.438371146789,0.898794046299,0.));
#2721 = DIRECTION('',(0.,0.,1.));
#2722 = ADVANCED_FACE('',(#2723),#2734,.T.);
#2723 = FACE_BOUND('',#2724,.T.);
#2724 = EDGE_LOOP('',(#2725,#2726,#2727,#2733));
#2725 = ORIENTED_EDGE('',*,*,#2710,.F.);
#2726 = ORIENTED_EDGE('',*,*,#123,.T.);
#2727 = ORIENTED_EDGE('',*,*,#2728,.T.);
#2728 = EDGE_CURVE('',#124,#1412,#2729,.T.);
#2729 = LINE('',#2730,#2731);
#2730 = CARTESIAN_POINT('',(16.562585598871,3.552740202859,-0.5));
#2731 = VECTOR('',#2732,1.);
#2732 = DIRECTION('',(0.,0.,1.));
#2733 = ORIENTED_EDGE('',*,*,#1411,.F.);
#2734 = PLANE('',#2735);
#2735 = AXIS2_PLACEMENT_3D('',#2736,#2737,#2738);
#2736 = CARTESIAN_POINT('',(17.154386647036,2.339368240355,-0.5));
#2737 = DIRECTION('',(0.898794046299,0.438371146789,0.));
#2738 = DIRECTION('',(0.,0.,1.));
#2739 = ADVANCED_FACE('',(#2740),#2751,.F.);
#2740 = FACE_BOUND('',#2741,.F.);
#2741 = EDGE_LOOP('',(#2742,#2743,#2744,#2745));
#2742 = ORIENTED_EDGE('',*,*,#131,.T.);
#2743 = ORIENTED_EDGE('',*,*,#2728,.T.);
#2744 = ORIENTED_EDGE('',*,*,#1419,.F.);
#2745 = ORIENTED_EDGE('',*,*,#2746,.F.);
#2746 = EDGE_CURVE('',#132,#1420,#2747,.T.);
#2747 = LINE('',#2748,#2749);
#2748 = CARTESIAN_POINT('',(19.093982557766,4.787384994308,0.));
#2749 = VECTOR('',#2750,1.);
#2750 = DIRECTION('',(0.,0.,1.));
#2751 = PLANE('',#2752);
#2752 = AXIS2_PLACEMENT_3D('',#2753,#2754,#2755);
#2753 = CARTESIAN_POINT('',(16.562585598871,3.552740202859,-0.5));
#2754 = DIRECTION('',(-0.438371146789,0.898794046299,0.));
#2755 = DIRECTION('',(0.,0.,1.));
#2756 = ADVANCED_FACE('',(#2757),#2768,.T.);
#2757 = FACE_BOUND('',#2758,.T.);
#2758 = EDGE_LOOP('',(#2759,#2765,#2766,#2767));
#2759 = ORIENTED_EDGE('',*,*,#2760,.T.);
#2760 = EDGE_CURVE('',#140,#1428,#2761,.T.);
#2761 = LINE('',#2762,#2763);
#2762 = CARTESIAN_POINT('',(18.494807763931,6.74101704309,0.));
#2763 = VECTOR('',#2764,1.);
#2764 = DIRECTION('',(0.,0.,1.));
#2765 = ORIENTED_EDGE('',*,*,#1427,.F.);
#2766 = ORIENTED_EDGE('',*,*,#2746,.F.);
#2767 = ORIENTED_EDGE('',*,*,#139,.T.);
#2768 = CYLINDRICAL_SURFACE('',#2769,19.685);
#2769 = AXIS2_PLACEMENT_3D('',#2770,#2771,#2772);
#2770 = CARTESIAN_POINT('',(0.,0.,0.));
#2771 = DIRECTION('',(0.,0.,1.));
#2772 = DIRECTION('',(1.,0.,0.));
#2773 = ADVANCED_FACE('',(#2774),#2785,.T.);
#2774 = FACE_BOUND('',#2775,.T.);
#2775 = EDGE_LOOP('',(#2776,#2777,#2783,#2784));
#2776 = ORIENTED_EDGE('',*,*,#148,.T.);
#2777 = ORIENTED_EDGE('',*,*,#2778,.T.);
#2778 = EDGE_CURVE('',#149,#1437,#2779,.T.);
#2779 = LINE('',#2780,#2781);
#2780 = CARTESIAN_POINT('',(16.487545936341,5.282655960504,-0.5));
#2781 = VECTOR('',#2782,1.);
#2782 = DIRECTION('',(0.,0.,1.));
#2783 = ORIENTED_EDGE('',*,*,#1436,.F.);
#2784 = ORIENTED_EDGE('',*,*,#2760,.F.);
#2785 = PLANE('',#2786);
#2786 = AXIS2_PLACEMENT_3D('',#2787,#2788,#2789);
#2787 = CARTESIAN_POINT('',(16.487545936341,5.282655960504,-0.5));
#2788 = DIRECTION('',(-0.587785252292,0.809016994375,0.));
#2789 = DIRECTION('',(0.,0.,1.));
#2790 = ADVANCED_FACE('',(#2791),#2802,.T.);
#2791 = FACE_BOUND('',#2792,.T.);
#2792 = EDGE_LOOP('',(#2793,#2799,#2800,#2801));
#2793 = ORIENTED_EDGE('',*,*,#2794,.F.);
#2794 = EDGE_CURVE('',#1238,#2526,#2795,.T.);
#2795 = LINE('',#2796,#2797);
#2796 = CARTESIAN_POINT('',(16.919961607186,-3.668858706921,-0.5));
#2797 = VECTOR('',#2798,1.);
#2798 = DIRECTION('',(0.,0.,1.));
#2799 = ORIENTED_EDGE('',*,*,#1245,.T.);
#2800 = ORIENTED_EDGE('',*,*,#1361,.T.);
#2801 = ORIENTED_EDGE('',*,*,#2533,.F.);
#2802 = PLANE('',#2803);
#2803 = AXIS2_PLACEMENT_3D('',#2804,#2805,#2806);
#2804 = CARTESIAN_POINT('',(16.919961607186,-3.668858706921,-0.5));
#2805 = DIRECTION('',(0.994521895368,0.104528463268,0.));
#2806 = DIRECTION('',(0.,0.,1.));
#2807 = ADVANCED_FACE('',(#2808),#2819,.T.);
#2808 = FACE_BOUND('',#2809,.T.);
#2809 = EDGE_LOOP('',(#2810,#2811,#2812,#2818));
#2810 = ORIENTED_EDGE('',*,*,#2778,.F.);
#2811 = ORIENTED_EDGE('',*,*,#156,.T.);
#2812 = ORIENTED_EDGE('',*,*,#2813,.T.);
#2813 = EDGE_CURVE('',#157,#1445,#2814,.T.);
#2814 = LINE('',#2815,#2816);
#2815 = CARTESIAN_POINT('',(15.694035845746,6.37482890291,-0.5));
#2816 = VECTOR('',#2817,1.);
#2817 = DIRECTION('',(0.,0.,1.));
#2818 = ORIENTED_EDGE('',*,*,#1444,.F.);
#2819 = PLANE('',#2820);
#2820 = AXIS2_PLACEMENT_3D('',#2821,#2822,#2823);
#2821 = CARTESIAN_POINT('',(16.487545936341,5.282655960504,-0.5));
#2822 = DIRECTION('',(0.809016994375,0.587785252292,0.));
#2823 = DIRECTION('',(0.,0.,1.));
#2824 = ADVANCED_FACE('',(#2825),#2836,.T.);
#2825 = FACE_BOUND('',#2826,.T.);
#2826 = EDGE_LOOP('',(#2827,#2828,#2829,#2830));
#2827 = ORIENTED_EDGE('',*,*,#1237,.T.);
#2828 = ORIENTED_EDGE('',*,*,#2794,.T.);
#2829 = ORIENTED_EDGE('',*,*,#2525,.F.);
#2830 = ORIENTED_EDGE('',*,*,#2831,.F.);
#2831 = EDGE_CURVE('',#1229,#2517,#2832,.T.);
#2832 = LINE('',#2833,#2834);
#2833 = CARTESIAN_POINT('',(19.387481883219,-3.409511875306,0.));
#2834 = VECTOR('',#2835,1.);
#2835 = DIRECTION('',(0.,0.,1.));
#2836 = PLANE('',#2837);
#2837 = AXIS2_PLACEMENT_3D('',#2838,#2839,#2840);
#2838 = CARTESIAN_POINT('',(16.919961607186,-3.668858706921,-0.5));
#2839 = DIRECTION('',(-0.104528463268,0.994521895368,0.));
#2840 = DIRECTION('',(0.,0.,1.));
#2841 = ADVANCED_FACE('',(#2842),#2853,.F.);
#2842 = FACE_BOUND('',#2843,.F.);
#2843 = EDGE_LOOP('',(#2844,#2845,#2846,#2847));
#2844 = ORIENTED_EDGE('',*,*,#164,.T.);
#2845 = ORIENTED_EDGE('',*,*,#2813,.T.);
#2846 = ORIENTED_EDGE('',*,*,#1452,.F.);
#2847 = ORIENTED_EDGE('',*,*,#2848,.F.);
#2848 = EDGE_CURVE('',#165,#1453,#2849,.T.);
#2849 = LINE('',#2850,#2851);
#2850 = CARTESIAN_POINT('',(17.972581378716,8.030289134609,0.));
#2851 = VECTOR('',#2852,1.);
#2852 = DIRECTION('',(0.,0.,1.));
#2853 = PLANE('',#2854);
#2854 = AXIS2_PLACEMENT_3D('',#2855,#2856,#2857);
#2855 = CARTESIAN_POINT('',(15.694035845746,6.37482890291,-0.5));
#2856 = DIRECTION('',(-0.587785252292,0.809016994375,0.));
#2857 = DIRECTION('',(0.,0.,1.));
#2858 = ADVANCED_FACE('',(#2859),#2870,.T.);
#2859 = FACE_BOUND('',#2860,.T.);
#2860 = EDGE_LOOP('',(#2861,#2862,#2863,#2869));
#2861 = ORIENTED_EDGE('',*,*,#2831,.T.);
#2862 = ORIENTED_EDGE('',*,*,#2516,.F.);
#2863 = ORIENTED_EDGE('',*,*,#2864,.F.);
#2864 = EDGE_CURVE('',#1221,#2509,#2865,.T.);
#2865 = LINE('',#2866,#2867);
#2866 = CARTESIAN_POINT('',(18.929566451596,-5.400994256116,0.));
#2867 = VECTOR('',#2868,1.);
#2868 = DIRECTION('',(0.,0.,1.));
#2869 = ORIENTED_EDGE('',*,*,#1228,.T.);
#2870 = CYLINDRICAL_SURFACE('',#2871,19.685);
#2871 = AXIS2_PLACEMENT_3D('',#2872,#2873,#2874);
#2872 = CARTESIAN_POINT('',(0.,0.,0.));
#2873 = DIRECTION('',(0.,0.,1.));
#2874 = DIRECTION('',(1.,0.,0.));
#2875 = ADVANCED_FACE('',(#2876),#2887,.T.);
#2876 = FACE_BOUND('',#2877,.T.);
#2877 = EDGE_LOOP('',(#2878,#2884,#2885,#2886));
#2878 = ORIENTED_EDGE('',*,*,#2879,.T.);
#2879 = EDGE_CURVE('',#173,#1461,#2880,.T.);
#2880 = LINE('',#2881,#2882);
#2881 = CARTESIAN_POINT('',(17.043264751236,9.850195511729,0.));
#2882 = VECTOR('',#2883,1.);
#2883 = DIRECTION('',(0.,0.,1.));
#2884 = ORIENTED_EDGE('',*,*,#1460,.F.);
#2885 = ORIENTED_EDGE('',*,*,#2848,.F.);
#2886 = ORIENTED_EDGE('',*,*,#172,.T.);
#2887 = CYLINDRICAL_SURFACE('',#2888,19.685);
#2888 = AXIS2_PLACEMENT_3D('',#2889,#2890,#2891);
#2889 = CARTESIAN_POINT('',(0.,0.,0.));
#2890 = DIRECTION('',(0.,0.,1.));
#2891 = DIRECTION('',(1.,0.,0.));
#2892 = ADVANCED_FACE('',(#2893),#2904,.F.);
#2893 = FACE_BOUND('',#2894,.F.);
#2894 = EDGE_LOOP('',(#2895,#2896,#2902,#2903));
#2895 = ORIENTED_EDGE('',*,*,#1220,.T.);
#2896 = ORIENTED_EDGE('',*,*,#2897,.T.);
#2897 = EDGE_CURVE('',#1213,#2501,#2898,.T.);
#2898 = LINE('',#2899,#2900);
#2899 = CARTESIAN_POINT('',(16.119989982406,-5.204529530714,-0.5));
#2900 = VECTOR('',#2901,1.);
#2901 = DIRECTION('',(0.,0.,1.));
#2902 = ORIENTED_EDGE('',*,*,#2508,.F.);
#2903 = ORIENTED_EDGE('',*,*,#2864,.F.);
#2904 = PLANE('',#2905);
#2905 = AXIS2_PLACEMENT_3D('',#2906,#2907,#2908);
#2906 = CARTESIAN_POINT('',(16.119989982406,-5.204529530714,-0.5));
#2907 = DIRECTION('',(6.975647374413E-02,0.99756405026,0.));
#2908 = DIRECTION('',(0.,0.,1.));
#2909 = ADVANCED_FACE('',(#2910),#2921,.T.);
#2910 = FACE_BOUND('',#2911,.T.);
#2911 = EDGE_LOOP('',(#2912,#2913,#2919,#2920));
#2912 = ORIENTED_EDGE('',*,*,#181,.T.);
#2913 = ORIENTED_EDGE('',*,*,#2914,.T.);
#2914 = EDGE_CURVE('',#182,#1470,#2915,.T.);
#2915 = LINE('',#2916,#2917);
#2916 = CARTESIAN_POINT('',(15.319739485471,8.065432852446,-0.5));
#2917 = VECTOR('',#2918,1.);
#2918 = DIRECTION('',(0.,0.,1.));
#2919 = ORIENTED_EDGE('',*,*,#1469,.F.);
#2920 = ORIENTED_EDGE('',*,*,#2879,.F.);
#2921 = PLANE('',#2922);
#2922 = AXIS2_PLACEMENT_3D('',#2923,#2924,#2925);
#2923 = CARTESIAN_POINT('',(15.319739485471,8.065432852446,-0.5));
#2924 = DIRECTION('',(-0.719339800339,0.694658370459,0.));
#2925 = DIRECTION('',(0.,0.,1.));
#2926 = ADVANCED_FACE('',(#2927),#2938,.T.);
#2927 = FACE_BOUND('',#2928,.T.);
#2928 = EDGE_LOOP('',(#2929,#2935,#2936,#2937));
#2929 = ORIENTED_EDGE('',*,*,#2930,.F.);
#2930 = EDGE_CURVE('',#1205,#2493,#2931,.T.);
#2931 = LINE('',#2932,#2933);
#2932 = CARTESIAN_POINT('',(16.025818742851,-6.551240998565,-0.5));
#2933 = VECTOR('',#2934,1.);
#2934 = DIRECTION('',(0.,0.,1.));
#2935 = ORIENTED_EDGE('',*,*,#1212,.T.);
#2936 = ORIENTED_EDGE('',*,*,#2897,.T.);
#2937 = ORIENTED_EDGE('',*,*,#2500,.F.);
#2938 = PLANE('',#2939);
#2939 = AXIS2_PLACEMENT_3D('',#2940,#2941,#2942);
#2940 = CARTESIAN_POINT('',(16.025818742851,-6.551240998565,-0.5));
#2941 = DIRECTION('',(0.99756405026,-6.975647374413E-02,0.));
#2942 = DIRECTION('',(0.,0.,1.));
#2943 = ADVANCED_FACE('',(#2944),#2955,.T.);
#2944 = FACE_BOUND('',#2945,.T.);
#2945 = EDGE_LOOP('',(#2946,#2947,#2948,#2954));
#2946 = ORIENTED_EDGE('',*,*,#2914,.F.);
#2947 = ORIENTED_EDGE('',*,*,#189,.T.);
#2948 = ORIENTED_EDGE('',*,*,#2949,.T.);
#2949 = EDGE_CURVE('',#190,#1478,#2950,.T.);
#2950 = LINE('',#2951,#2952);
#2951 = CARTESIAN_POINT('',(14.348630755014,9.003221652565,-0.5));
#2952 = VECTOR('',#2953,1.);
#2953 = DIRECTION('',(0.,0.,1.));
#2954 = ORIENTED_EDGE('',*,*,#1477,.F.);
#2955 = PLANE('',#2956);
#2956 = AXIS2_PLACEMENT_3D('',#2957,#2958,#2959);
#2957 = CARTESIAN_POINT('',(15.319739485471,8.065432852446,-0.5));
#2958 = DIRECTION('',(0.694658370459,0.719339800339,0.));
#2959 = DIRECTION('',(0.,0.,1.));
#2960 = ADVANCED_FACE('',(#2961),#2972,.T.);
#2961 = FACE_BOUND('',#2962,.T.);
#2962 = EDGE_LOOP('',(#2963,#2964,#2965,#2966));
#2963 = ORIENTED_EDGE('',*,*,#1204,.T.);
#2964 = ORIENTED_EDGE('',*,*,#2930,.T.);
#2965 = ORIENTED_EDGE('',*,*,#2492,.F.);
#2966 = ORIENTED_EDGE('',*,*,#2967,.F.);
#2967 = EDGE_CURVE('',#1196,#2484,#2968,.T.);
#2968 = LINE('',#2969,#2970);
#2969 = CARTESIAN_POINT('',(18.500886946097,-6.72431462736,0.));
#2970 = VECTOR('',#2971,1.);
#2971 = DIRECTION('',(0.,0.,1.));
#2972 = PLANE('',#2973);
#2973 = AXIS2_PLACEMENT_3D('',#2974,#2975,#2976);
#2974 = CARTESIAN_POINT('',(16.025818742851,-6.551240998565,-0.5));
#2975 = DIRECTION('',(6.975647374413E-02,0.99756405026,0.));
#2976 = DIRECTION('',(0.,0.,1.));
#2977 = ADVANCED_FACE('',(#2978),#2989,.F.);
#2978 = FACE_BOUND('',#2979,.F.);
#2979 = EDGE_LOOP('',(#2980,#2981,#2982,#2983));
#2980 = ORIENTED_EDGE('',*,*,#197,.T.);
#2981 = ORIENTED_EDGE('',*,*,#2949,.T.);
#2982 = ORIENTED_EDGE('',*,*,#1485,.F.);
#2983 = ORIENTED_EDGE('',*,*,#2984,.F.);
#2984 = EDGE_CURVE('',#198,#1486,#2985,.T.);
#2985 = LINE('',#2986,#2987);
#2986 = CARTESIAN_POINT('',(16.305092409039,11.029197003077,0.));
#2987 = VECTOR('',#2988,1.);
#2988 = DIRECTION('',(0.,0.,1.));
#2989 = PLANE('',#2990);
#2990 = AXIS2_PLACEMENT_3D('',#2991,#2992,#2993);
#2991 = CARTESIAN_POINT('',(14.348630755014,9.003221652565,-0.5));
#2992 = DIRECTION('',(-0.719339800339,0.694658370459,0.));
#2993 = DIRECTION('',(0.,0.,1.));
#2994 = ADVANCED_FACE('',(#2995),#3006,.T.);
#2995 = FACE_BOUND('',#2996,.T.);
#2996 = EDGE_LOOP('',(#2997,#2998,#2999,#3005));
#2997 = ORIENTED_EDGE('',*,*,#2967,.T.);
#2998 = ORIENTED_EDGE('',*,*,#2483,.F.);
#2999 = ORIENTED_EDGE('',*,*,#3000,.F.);
#3000 = EDGE_CURVE('',#1188,#2476,#3001,.T.);
#3001 = LINE('',#3002,#3003);
#3002 = CARTESIAN_POINT('',(17.704110992528,-8.606025735742,0.));
#3003 = VECTOR('',#3004,1.);
#3004 = DIRECTION('',(0.,0.,1.));
#3005 = ORIENTED_EDGE('',*,*,#1195,.T.);
#3006 = CYLINDRICAL_SURFACE('',#3007,19.685);
#3007 = AXIS2_PLACEMENT_3D('',#3008,#3009,#3010);
#3008 = CARTESIAN_POINT('',(0.,0.,0.));
#3009 = DIRECTION('',(0.,0.,1.));
#3010 = DIRECTION('',(1.,0.,0.));
#3011 = ADVANCED_FACE('',(#3012),#3023,.T.);
#3012 = FACE_BOUND('',#3013,.T.);
#3013 = EDGE_LOOP('',(#3014,#3020,#3021,#3022));
#3014 = ORIENTED_EDGE('',*,*,#3015,.T.);
#3015 = EDGE_CURVE('',#206,#1494,#3016,.T.);
#3016 = LINE('',#3017,#3018);
#3017 = CARTESIAN_POINT('',(15.073870763382,12.660080774184,0.));
#3018 = VECTOR('',#3019,1.);
#3019 = DIRECTION('',(0.,0.,1.));
#3020 = ORIENTED_EDGE('',*,*,#1493,.F.);
#3021 = ORIENTED_EDGE('',*,*,#2984,.F.);
#3022 = ORIENTED_EDGE('',*,*,#205,.T.);
#3023 = CYLINDRICAL_SURFACE('',#3024,19.685);
#3024 = AXIS2_PLACEMENT_3D('',#3025,#3026,#3027);
#3025 = CARTESIAN_POINT('',(0.,0.,0.));
#3026 = DIRECTION('',(0.,0.,1.));
#3027 = DIRECTION('',(1.,0.,0.));
#3028 = ADVANCED_FACE('',(#3029),#3040,.F.);
#3029 = FACE_BOUND('',#3030,.F.);
#3030 = EDGE_LOOP('',(#3031,#3032,#3038,#3039));
#3031 = ORIENTED_EDGE('',*,*,#1187,.T.);
#3032 = ORIENTED_EDGE('',*,*,#3033,.T.);
#3033 = EDGE_CURVE('',#1180,#2468,#3034,.T.);
#3034 = LINE('',#3035,#3036);
#3035 = CARTESIAN_POINT('',(14.97133404453,-7.924667917082,-0.5));
#3036 = VECTOR('',#3037,1.);
#3037 = DIRECTION('',(0.,0.,1.));
#3038 = ORIENTED_EDGE('',*,*,#2475,.F.);
#3039 = ORIENTED_EDGE('',*,*,#3000,.F.);
#3040 = PLANE('',#3041);
#3041 = AXIS2_PLACEMENT_3D('',#3042,#3043,#3044);
#3042 = CARTESIAN_POINT('',(14.97133404453,-7.924667917082,-0.5));
#3043 = DIRECTION('',(0.2419218956,0.970295726276,0.));
#3044 = DIRECTION('',(0.,0.,1.));
#3045 = ADVANCED_FACE('',(#3046),#3057,.T.);
#3046 = FACE_BOUND('',#3047,.T.);
#3047 = EDGE_LOOP('',(#3048,#3049,#3055,#3056));
#3048 = ORIENTED_EDGE('',*,*,#214,.T.);
#3049 = ORIENTED_EDGE('',*,*,#3050,.T.);
#3050 = EDGE_CURVE('',#215,#1503,#3051,.T.);
#3051 = LINE('',#3052,#3053);
#3052 = CARTESIAN_POINT('',(13.686450502497,10.603145648472,-0.5));
#3053 = VECTOR('',#3054,1.);
#3054 = DIRECTION('',(0.,0.,1.));
#3055 = ORIENTED_EDGE('',*,*,#1502,.F.);
#3056 = ORIENTED_EDGE('',*,*,#3015,.F.);
#3057 = PLANE('',#3058);
#3058 = AXIS2_PLACEMENT_3D('',#3059,#3060,#3061);
#3059 = CARTESIAN_POINT('',(13.686450502497,10.603145648472,-0.5));
#3060 = DIRECTION('',(-0.829037572555,0.559192903471,0.));
#3061 = DIRECTION('',(0.,0.,1.));
#3062 = ADVANCED_FACE('',(#3063),#3074,.T.);
#3063 = FACE_BOUND('',#3064,.T.);
#3064 = EDGE_LOOP('',(#3065,#3071,#3072,#3073));
#3065 = ORIENTED_EDGE('',*,*,#3066,.F.);
#3066 = EDGE_CURVE('',#1172,#2460,#3067,.T.);
#3067 = LINE('',#3068,#3069);
#3068 = CARTESIAN_POINT('',(14.644739485471,-9.234567147555,-0.5));
#3069 = VECTOR('',#3070,1.);
#3070 = DIRECTION('',(0.,0.,1.));
#3071 = ORIENTED_EDGE('',*,*,#1179,.T.);
#3072 = ORIENTED_EDGE('',*,*,#3033,.T.);
#3073 = ORIENTED_EDGE('',*,*,#2467,.F.);
#3074 = PLANE('',#3075);
#3075 = AXIS2_PLACEMENT_3D('',#3076,#3077,#3078);
#3076 = CARTESIAN_POINT('',(14.644739485471,-9.234567147555,-0.5));
#3077 = DIRECTION('',(0.970295726276,-0.2419218956,0.));
#3078 = DIRECTION('',(0.,0.,1.));
#3079 = ADVANCED_FACE('',(#3080),#3091,.T.);
#3080 = FACE_BOUND('',#3081,.T.);
#3081 = EDGE_LOOP('',(#3082,#3083,#3084,#3090));
#3082 = ORIENTED_EDGE('',*,*,#3050,.F.);
#3083 = ORIENTED_EDGE('',*,*,#222,.T.);
#3084 = ORIENTED_EDGE('',*,*,#3085,.T.);
#3085 = EDGE_CURVE('',#223,#1511,#3086,.T.);
#3086 = LINE('',#3087,#3088);
#3087 = CARTESIAN_POINT('',(12.567249779547,11.358056068157,-0.5));
#3088 = VECTOR('',#3089,1.);
#3089 = DIRECTION('',(0.,0.,1.));
#3090 = ORIENTED_EDGE('',*,*,#1510,.F.);
#3091 = PLANE('',#3092);
#3092 = AXIS2_PLACEMENT_3D('',#3093,#3094,#3095);
#3093 = CARTESIAN_POINT('',(13.686450502497,10.603145648472,-0.5));
#3094 = DIRECTION('',(0.559192903471,0.829037572555,0.));
#3095 = DIRECTION('',(0.,0.,1.));
#3096 = ADVANCED_FACE('',(#3097),#3108,.T.);
#3097 = FACE_BOUND('',#3098,.T.);
#3098 = EDGE_LOOP('',(#3099,#3100,#3101,#3102));
#3099 = ORIENTED_EDGE('',*,*,#1171,.T.);
#3100 = ORIENTED_EDGE('',*,*,#3066,.T.);
#3101 = ORIENTED_EDGE('',*,*,#2459,.F.);
#3102 = ORIENTED_EDGE('',*,*,#3103,.F.);
#3103 = EDGE_CURVE('',#1163,#2451,#3104,.T.);
#3104 = LINE('',#3105,#3106);
#3105 = CARTESIAN_POINT('',(17.052151921019,-9.834802482129,0.));
#3106 = VECTOR('',#3107,1.);
#3107 = DIRECTION('',(0.,0.,1.));
#3108 = PLANE('',#3109);
#3109 = AXIS2_PLACEMENT_3D('',#3110,#3111,#3112);
#3110 = CARTESIAN_POINT('',(14.644739485471,-9.234567147555,-0.5));
#3111 = DIRECTION('',(0.2419218956,0.970295726276,0.));
#3112 = DIRECTION('',(0.,0.,1.));
#3113 = ADVANCED_FACE('',(#3114),#3125,.F.);
#3114 = FACE_BOUND('',#3115,.F.);
#3115 = EDGE_LOOP('',(#3116,#3117,#3118,#3119));
#3116 = ORIENTED_EDGE('',*,*,#230,.T.);
#3117 = ORIENTED_EDGE('',*,*,#3085,.T.);
#3118 = ORIENTED_EDGE('',*,*,#1518,.F.);
#3119 = ORIENTED_EDGE('',*,*,#3120,.F.);
#3120 = EDGE_CURVE('',#231,#1519,#3121,.T.);
#3121 = LINE('',#3122,#3123);
#3122 = CARTESIAN_POINT('',(14.142181457288,13.69298830165,0.));
#3123 = VECTOR('',#3124,1.);
#3124 = DIRECTION('',(0.,0.,1.));
#3125 = PLANE('',#3126);
#3126 = AXIS2_PLACEMENT_3D('',#3127,#3128,#3129);
#3127 = CARTESIAN_POINT('',(12.567249779547,11.358056068157,-0.5));
#3128 = DIRECTION('',(-0.829037572555,0.559192903471,0.));
#3129 = DIRECTION('',(0.,0.,1.));
#3130 = ADVANCED_FACE('',(#3131),#3142,.T.);
#3131 = FACE_BOUND('',#3132,.T.);
#3132 = EDGE_LOOP('',(#3133,#3134,#3135,#3141));
#3133 = ORIENTED_EDGE('',*,*,#3103,.T.);
#3134 = ORIENTED_EDGE('',*,*,#2450,.F.);
#3135 = ORIENTED_EDGE('',*,*,#3136,.F.);
#3136 = EDGE_CURVE('',#1155,#2443,#3137,.T.);
#3137 = LINE('',#3138,#3139);
#3138 = CARTESIAN_POINT('',(15.940725079664,-11.54956747824,0.));
#3139 = VECTOR('',#3140,1.);
#3140 = DIRECTION('',(0.,0.,1.));
#3141 = ORIENTED_EDGE('',*,*,#1162,.T.);
#3142 = CYLINDRICAL_SURFACE('',#3143,19.685);
#3143 = AXIS2_PLACEMENT_3D('',#3144,#3145,#3146);
#3144 = CARTESIAN_POINT('',(0.,0.,0.));
#3145 = DIRECTION('',(0.,0.,1.));
#3146 = DIRECTION('',(1.,0.,0.));
#3147 = ADVANCED_FACE('',(#3148),#3159,.T.);
#3148 = FACE_BOUND('',#3149,.T.);
#3149 = EDGE_LOOP('',(#3150,#3156,#3157,#3158));
#3150 = ORIENTED_EDGE('',*,*,#3151,.T.);
#3151 = EDGE_CURVE('',#239,#1527,#3152,.T.);
#3152 = LINE('',#3153,#3154);
#3153 = CARTESIAN_POINT('',(12.646464840129,15.085295888625,0.));
#3154 = VECTOR('',#3155,1.);
#3155 = DIRECTION('',(0.,0.,1.));
#3156 = ORIENTED_EDGE('',*,*,#1526,.F.);
#3157 = ORIENTED_EDGE('',*,*,#3120,.F.);
#3158 = ORIENTED_EDGE('',*,*,#238,.T.);
#3159 = CYLINDRICAL_SURFACE('',#3160,19.685);
#3160 = AXIS2_PLACEMENT_3D('',#3161,#3162,#3163);
#3161 = CARTESIAN_POINT('',(0.,0.,0.));
#3162 = DIRECTION('',(0.,0.,1.));
#3163 = DIRECTION('',(1.,0.,0.));
#3164 = ADVANCED_FACE('',(#3165),#3176,.F.);
#3165 = FACE_BOUND('',#3166,.F.);
#3166 = EDGE_LOOP('',(#3167,#3168,#3174,#3175));
#3167 = ORIENTED_EDGE('',*,*,#1154,.T.);
#3168 = ORIENTED_EDGE('',*,*,#3169,.T.);
#3169 = EDGE_CURVE('',#1147,#2435,#3170,.T.);
#3170 = LINE('',#3171,#3172);
#3171 = CARTESIAN_POINT('',(13.367781697572,-10.40401927886,-0.5));
#3172 = VECTOR('',#3173,1.);
#3173 = DIRECTION('',(0.,0.,1.));
#3174 = ORIENTED_EDGE('',*,*,#2442,.F.);
#3175 = ORIENTED_EDGE('',*,*,#3136,.F.);
#3176 = PLANE('',#3177);
#3177 = AXIS2_PLACEMENT_3D('',#3178,#3179,#3180);
#3178 = CARTESIAN_POINT('',(13.367781697572,-10.40401927886,-0.5));
#3179 = DIRECTION('',(0.406736643076,0.913545457643,0.));
#3180 = DIRECTION('',(0.,0.,1.));
#3181 = ADVANCED_FACE('',(#3182),#3193,.T.);
#3182 = FACE_BOUND('',#3183,.T.);
#3183 = EDGE_LOOP('',(#3184,#3185,#3191,#3192));
#3184 = ORIENTED_EDGE('',*,*,#247,.T.);
#3185 = ORIENTED_EDGE('',*,*,#3186,.T.);
#3186 = EDGE_CURVE('',#248,#1536,#3187,.T.);
#3187 = LINE('',#3188,#3189);
#3188 = CARTESIAN_POINT('',(11.637305646682,12.81868722942,-0.5));
#3189 = VECTOR('',#3190,1.);
#3190 = DIRECTION('',(0.,0.,1.));
#3191 = ORIENTED_EDGE('',*,*,#1535,.F.);
#3192 = ORIENTED_EDGE('',*,*,#3151,.F.);
#3193 = PLANE('',#3194);
#3194 = AXIS2_PLACEMENT_3D('',#3195,#3196,#3197);
#3195 = CARTESIAN_POINT('',(11.637305646682,12.81868722942,-0.5));
#3196 = DIRECTION('',(-0.913545457643,0.406736643076,0.));
#3197 = DIRECTION('',(0.,0.,1.));
#3198 = ADVANCED_FACE('',(#3199),#3210,.T.);
#3199 = FACE_BOUND('',#3200,.T.);
#3200 = EDGE_LOOP('',(#3201,#3207,#3208,#3209));
#3201 = ORIENTED_EDGE('',*,*,#3202,.F.);
#3202 = EDGE_CURVE('',#1139,#2427,#3203,.T.);
#3203 = LINE('',#3204,#3205);
#3204 = CARTESIAN_POINT('',(12.81868722942,-11.63730564668,-0.5));
#3205 = VECTOR('',#3206,1.);
#3206 = DIRECTION('',(0.,0.,1.));
#3207 = ORIENTED_EDGE('',*,*,#1146,.T.);
#3208 = ORIENTED_EDGE('',*,*,#3169,.T.);
#3209 = ORIENTED_EDGE('',*,*,#2434,.F.);
#3210 = PLANE('',#3211);
#3211 = AXIS2_PLACEMENT_3D('',#3212,#3213,#3214);
#3212 = CARTESIAN_POINT('',(12.81868722942,-11.63730564668,-0.5));
#3213 = DIRECTION('',(0.913545457643,-0.406736643076,0.));
#3214 = DIRECTION('',(0.,0.,1.));
#3215 = ADVANCED_FACE('',(#3216),#3227,.T.);
#3216 = FACE_BOUND('',#3217,.T.);
#3217 = EDGE_LOOP('',(#3218,#3219,#3220,#3226));
#3218 = ORIENTED_EDGE('',*,*,#3186,.F.);
#3219 = ORIENTED_EDGE('',*,*,#255,.T.);
#3220 = ORIENTED_EDGE('',*,*,#3221,.T.);
#3221 = EDGE_CURVE('',#256,#1544,#3222,.T.);
#3222 = LINE('',#3223,#3224);
#3223 = CARTESIAN_POINT('',(10.404019278865,13.367781697572,-0.5));
#3224 = VECTOR('',#3225,1.);
#3225 = DIRECTION('',(0.,0.,1.));
#3226 = ORIENTED_EDGE('',*,*,#1543,.F.);
#3227 = PLANE('',#3228);
#3228 = AXIS2_PLACEMENT_3D('',#3229,#3230,#3231);
#3229 = CARTESIAN_POINT('',(11.637305646682,12.81868722942,-0.5));
#3230 = DIRECTION('',(0.406736643076,0.913545457643,0.));
#3231 = DIRECTION('',(0.,0.,1.));
#3232 = ADVANCED_FACE('',(#3233),#3244,.T.);
#3233 = FACE_BOUND('',#3234,.T.);
#3234 = EDGE_LOOP('',(#3235,#3236,#3237,#3238));
#3235 = ORIENTED_EDGE('',*,*,#1138,.T.);
#3236 = ORIENTED_EDGE('',*,*,#3202,.T.);
#3237 = ORIENTED_EDGE('',*,*,#2426,.F.);
#3238 = ORIENTED_EDGE('',*,*,#3239,.F.);
#3239 = EDGE_CURVE('',#1130,#2418,#3240,.T.);
#3240 = LINE('',#3241,#3242);
#3241 = CARTESIAN_POINT('',(15.085295888625,-12.64646484012,0.));
#3242 = VECTOR('',#3243,1.);
#3243 = DIRECTION('',(0.,0.,1.));
#3244 = PLANE('',#3245);
#3245 = AXIS2_PLACEMENT_3D('',#3246,#3247,#3248);
#3246 = CARTESIAN_POINT('',(12.81868722942,-11.63730564668,-0.5));
#3247 = DIRECTION('',(0.406736643076,0.913545457643,0.));
#3248 = DIRECTION('',(0.,0.,1.));
#3249 = ADVANCED_FACE('',(#3250),#3261,.F.);
#3250 = FACE_BOUND('',#3251,.F.);
#3251 = EDGE_LOOP('',(#3252,#3253,#3254,#3255));
#3252 = ORIENTED_EDGE('',*,*,#263,.T.);
#3253 = ORIENTED_EDGE('',*,*,#3221,.T.);
#3254 = ORIENTED_EDGE('',*,*,#1551,.F.);
#3255 = ORIENTED_EDGE('',*,*,#3256,.F.);
#3256 = EDGE_CURVE('',#264,#1552,#3257,.T.);
#3257 = LINE('',#3258,#3259);
#3258 = CARTESIAN_POINT('',(11.549567478247,15.940725079664,0.));
#3259 = VECTOR('',#3260,1.);
#3260 = DIRECTION('',(0.,0.,1.));
#3261 = PLANE('',#3262);
#3262 = AXIS2_PLACEMENT_3D('',#3263,#3264,#3265);
#3263 = CARTESIAN_POINT('',(10.404019278865,13.367781697572,-0.5));
#3264 = DIRECTION('',(-0.913545457643,0.406736643076,0.));
#3265 = DIRECTION('',(0.,0.,1.));
#3266 = ADVANCED_FACE('',(#3267),#3278,.T.);
#3267 = FACE_BOUND('',#3268,.T.);
#3268 = EDGE_LOOP('',(#3269,#3270,#3271,#3277));
#3269 = ORIENTED_EDGE('',*,*,#3239,.T.);
#3270 = ORIENTED_EDGE('',*,*,#2417,.F.);
#3271 = ORIENTED_EDGE('',*,*,#3272,.F.);
#3272 = EDGE_CURVE('',#1122,#2410,#3273,.T.);
#3273 = LINE('',#3274,#3275);
#3274 = CARTESIAN_POINT('',(13.69298830165,-14.14218145728,0.));
#3275 = VECTOR('',#3276,1.);
#3276 = DIRECTION('',(0.,0.,1.));
#3277 = ORIENTED_EDGE('',*,*,#1129,.T.);
#3278 = CYLINDRICAL_SURFACE('',#3279,19.685);
#3279 = AXIS2_PLACEMENT_3D('',#3280,#3281,#3282);
#3280 = CARTESIAN_POINT('',(0.,0.,0.));
#3281 = DIRECTION('',(0.,0.,1.));
#3282 = DIRECTION('',(1.,0.,0.));
#3283 = ADVANCED_FACE('',(#3284),#3295,.T.);
#3284 = FACE_BOUND('',#3285,.T.);
#3285 = EDGE_LOOP('',(#3286,#3292,#3293,#3294));
#3286 = ORIENTED_EDGE('',*,*,#3287,.T.);
#3287 = EDGE_CURVE('',#272,#1560,#3288,.T.);
#3288 = LINE('',#3289,#3290);
#3289 = CARTESIAN_POINT('',(9.834802482129,17.052151921019,0.));
#3290 = VECTOR('',#3291,1.);
#3291 = DIRECTION('',(0.,0.,1.));
#3292 = ORIENTED_EDGE('',*,*,#1559,.F.);
#3293 = ORIENTED_EDGE('',*,*,#3256,.F.);
#3294 = ORIENTED_EDGE('',*,*,#271,.T.);
#3295 = CYLINDRICAL_SURFACE('',#3296,19.685);
#3296 = AXIS2_PLACEMENT_3D('',#3297,#3298,#3299);
#3297 = CARTESIAN_POINT('',(0.,0.,0.));
#3298 = DIRECTION('',(0.,0.,1.));
#3299 = DIRECTION('',(1.,0.,0.));
#3300 = ADVANCED_FACE('',(#3301),#3312,.F.);
#3301 = FACE_BOUND('',#3302,.F.);
#3302 = EDGE_LOOP('',(#3303,#3304,#3310,#3311));
#3303 = ORIENTED_EDGE('',*,*,#1121,.T.);
#3304 = ORIENTED_EDGE('',*,*,#3305,.T.);
#3305 = EDGE_CURVE('',#1114,#2402,#3306,.T.);
#3306 = LINE('',#3307,#3308);
#3307 = CARTESIAN_POINT('',(11.358056068157,-12.56724977954,-0.5));
#3308 = VECTOR('',#3309,1.);
#3309 = DIRECTION('',(0.,0.,1.));
#3310 = ORIENTED_EDGE('',*,*,#2409,.F.);
#3311 = ORIENTED_EDGE('',*,*,#3272,.F.);
#3312 = PLANE('',#3313);
#3313 = AXIS2_PLACEMENT_3D('',#3314,#3315,#3316);
#3314 = CARTESIAN_POINT('',(11.358056068157,-12.56724977954,-0.5));
#3315 = DIRECTION('',(0.559192903471,0.829037572555,0.));
#3316 = DIRECTION('',(0.,0.,1.));
#3317 = ADVANCED_FACE('',(#3318),#3329,.T.);
#3318 = FACE_BOUND('',#3319,.T.);
#3319 = EDGE_LOOP('',(#3320,#3321,#3327,#3328));
#3320 = ORIENTED_EDGE('',*,*,#280,.T.);
#3321 = ORIENTED_EDGE('',*,*,#3322,.T.);
#3322 = EDGE_CURVE('',#281,#1569,#3323,.T.);
#3323 = LINE('',#3324,#3325);
#3324 = CARTESIAN_POINT('',(9.234567147555,14.644739485471,-0.5));
#3325 = VECTOR('',#3326,1.);
#3326 = DIRECTION('',(0.,0.,1.));
#3327 = ORIENTED_EDGE('',*,*,#1568,.F.);
#3328 = ORIENTED_EDGE('',*,*,#3287,.F.);
#3329 = PLANE('',#3330);
#3330 = AXIS2_PLACEMENT_3D('',#3331,#3332,#3333);
#3331 = CARTESIAN_POINT('',(9.234567147555,14.644739485471,-0.5));
#3332 = DIRECTION('',(-0.970295726276,0.2419218956,0.));
#3333 = DIRECTION('',(0.,0.,1.));
#3334 = ADVANCED_FACE('',(#3335),#3346,.T.);
#3335 = FACE_BOUND('',#3336,.T.);
#3336 = EDGE_LOOP('',(#3337,#3343,#3344,#3345));
#3337 = ORIENTED_EDGE('',*,*,#3338,.F.);
#3338 = EDGE_CURVE('',#1106,#2394,#3339,.T.);
#3339 = LINE('',#3340,#3341);
#3340 = CARTESIAN_POINT('',(10.603145648472,-13.68645050249,-0.5));
#3341 = VECTOR('',#3342,1.);
#3342 = DIRECTION('',(0.,0.,1.));
#3343 = ORIENTED_EDGE('',*,*,#1113,.T.);
#3344 = ORIENTED_EDGE('',*,*,#3305,.T.);
#3345 = ORIENTED_EDGE('',*,*,#2401,.F.);
#3346 = PLANE('',#3347);
#3347 = AXIS2_PLACEMENT_3D('',#3348,#3349,#3350);
#3348 = CARTESIAN_POINT('',(10.603145648472,-13.68645050249,-0.5));
#3349 = DIRECTION('',(0.829037572555,-0.559192903471,0.));
#3350 = DIRECTION('',(0.,0.,1.));
#3351 = ADVANCED_FACE('',(#3352),#3363,.T.);
#3352 = FACE_BOUND('',#3353,.T.);
#3353 = EDGE_LOOP('',(#3354,#3355,#3356,#3362));
#3354 = ORIENTED_EDGE('',*,*,#3322,.F.);
#3355 = ORIENTED_EDGE('',*,*,#288,.T.);
#3356 = ORIENTED_EDGE('',*,*,#3357,.T.);
#3357 = EDGE_CURVE('',#289,#1577,#3358,.T.);
#3358 = LINE('',#3359,#3360);
#3359 = CARTESIAN_POINT('',(7.924667917082,14.97133404453,-0.5));
#3360 = VECTOR('',#3361,1.);
#3361 = DIRECTION('',(0.,0.,1.));
#3362 = ORIENTED_EDGE('',*,*,#1576,.F.);
#3363 = PLANE('',#3364);
#3364 = AXIS2_PLACEMENT_3D('',#3365,#3366,#3367);
#3365 = CARTESIAN_POINT('',(9.234567147555,14.644739485471,-0.5));
#3366 = DIRECTION('',(0.2419218956,0.970295726276,0.));
#3367 = DIRECTION('',(0.,0.,1.));
#3368 = ADVANCED_FACE('',(#3369),#3380,.T.);
#3369 = FACE_BOUND('',#3370,.T.);
#3370 = EDGE_LOOP('',(#3371,#3372,#3373,#3374));
#3371 = ORIENTED_EDGE('',*,*,#1105,.T.);
#3372 = ORIENTED_EDGE('',*,*,#3338,.T.);
#3373 = ORIENTED_EDGE('',*,*,#2393,.F.);
#3374 = ORIENTED_EDGE('',*,*,#3375,.F.);
#3375 = EDGE_CURVE('',#1097,#2385,#3376,.T.);
#3376 = LINE('',#3377,#3378);
#3377 = CARTESIAN_POINT('',(12.660080774184,-15.07387076338,0.));
#3378 = VECTOR('',#3379,1.);
#3379 = DIRECTION('',(0.,0.,1.));
#3380 = PLANE('',#3381);
#3381 = AXIS2_PLACEMENT_3D('',#3382,#3383,#3384);
#3382 = CARTESIAN_POINT('',(10.603145648472,-13.68645050249,-0.5));
#3383 = DIRECTION('',(0.559192903471,0.829037572555,0.));
#3384 = DIRECTION('',(0.,0.,1.));
#3385 = ADVANCED_FACE('',(#3386),#3397,.F.);
#3386 = FACE_BOUND('',#3387,.F.);
#3387 = EDGE_LOOP('',(#3388,#3389,#3390,#3391));
#3388 = ORIENTED_EDGE('',*,*,#296,.T.);
#3389 = ORIENTED_EDGE('',*,*,#3357,.T.);
#3390 = ORIENTED_EDGE('',*,*,#1584,.F.);
#3391 = ORIENTED_EDGE('',*,*,#3392,.F.);
#3392 = EDGE_CURVE('',#297,#1585,#3393,.T.);
#3393 = LINE('',#3394,#3395);
#3394 = CARTESIAN_POINT('',(8.606025735742,17.704110992528,0.));
#3395 = VECTOR('',#3396,1.);
#3396 = DIRECTION('',(0.,0.,1.));
#3397 = PLANE('',#3398);
#3398 = AXIS2_PLACEMENT_3D('',#3399,#3400,#3401);
#3399 = CARTESIAN_POINT('',(7.924667917082,14.97133404453,-0.5));
#3400 = DIRECTION('',(-0.970295726276,0.2419218956,0.));
#3401 = DIRECTION('',(0.,0.,1.));
#3402 = ADVANCED_FACE('',(#3403),#3414,.T.);
#3403 = FACE_BOUND('',#3404,.T.);
#3404 = EDGE_LOOP('',(#3405,#3406,#3407,#3413));
#3405 = ORIENTED_EDGE('',*,*,#3375,.T.);
#3406 = ORIENTED_EDGE('',*,*,#2384,.F.);
#3407 = ORIENTED_EDGE('',*,*,#3408,.F.);
#3408 = EDGE_CURVE('',#1089,#2377,#3409,.T.);
#3409 = LINE('',#3410,#3411);
#3410 = CARTESIAN_POINT('',(11.029197003077,-16.30509240903,0.));
#3411 = VECTOR('',#3412,1.);
#3412 = DIRECTION('',(0.,0.,1.));
#3413 = ORIENTED_EDGE('',*,*,#1096,.T.);
#3414 = CYLINDRICAL_SURFACE('',#3415,19.685);
#3415 = AXIS2_PLACEMENT_3D('',#3416,#3417,#3418);
#3416 = CARTESIAN_POINT('',(0.,0.,0.));
#3417 = DIRECTION('',(0.,0.,1.));
#3418 = DIRECTION('',(1.,0.,0.));
#3419 = ADVANCED_FACE('',(#3420),#3431,.T.);
#3420 = FACE_BOUND('',#3421,.T.);
#3421 = EDGE_LOOP('',(#3422,#3428,#3429,#3430));
#3422 = ORIENTED_EDGE('',*,*,#3423,.T.);
#3423 = EDGE_CURVE('',#305,#1593,#3424,.T.);
#3424 = LINE('',#3425,#3426);
#3425 = CARTESIAN_POINT('',(6.72431462736,18.500886946097,0.));
#3426 = VECTOR('',#3427,1.);
#3427 = DIRECTION('',(0.,0.,1.));
#3428 = ORIENTED_EDGE('',*,*,#1592,.F.);
#3429 = ORIENTED_EDGE('',*,*,#3392,.F.);
#3430 = ORIENTED_EDGE('',*,*,#304,.T.);
#3431 = CYLINDRICAL_SURFACE('',#3432,19.685);
#3432 = AXIS2_PLACEMENT_3D('',#3433,#3434,#3435);
#3433 = CARTESIAN_POINT('',(0.,0.,0.));
#3434 = DIRECTION('',(0.,0.,1.));
#3435 = DIRECTION('',(1.,0.,0.));
#3436 = ADVANCED_FACE('',(#3437),#3448,.F.);
#3437 = FACE_BOUND('',#3438,.F.);
#3438 = EDGE_LOOP('',(#3439,#3440,#3446,#3447));
#3439 = ORIENTED_EDGE('',*,*,#1088,.T.);
#3440 = ORIENTED_EDGE('',*,*,#3441,.T.);
#3441 = EDGE_CURVE('',#1081,#2369,#3442,.T.);
#3442 = LINE('',#3443,#3444);
#3443 = CARTESIAN_POINT('',(9.003221652565,-14.34863075501,-0.5));
#3444 = VECTOR('',#3445,1.);
#3445 = DIRECTION('',(0.,0.,1.));
#3446 = ORIENTED_EDGE('',*,*,#2376,.F.);
#3447 = ORIENTED_EDGE('',*,*,#3408,.F.);
#3448 = PLANE('',#3449);
#3449 = AXIS2_PLACEMENT_3D('',#3450,#3451,#3452);
#3450 = CARTESIAN_POINT('',(9.003221652565,-14.34863075501,-0.5));
#3451 = DIRECTION('',(0.694658370459,0.719339800339,0.));
#3452 = DIRECTION('',(0.,0.,1.));
#3453 = ADVANCED_FACE('',(#3454),#3465,.T.);
#3454 = FACE_BOUND('',#3455,.T.);
#3455 = EDGE_LOOP('',(#3456,#3457,#3463,#3464));
#3456 = ORIENTED_EDGE('',*,*,#313,.T.);
#3457 = ORIENTED_EDGE('',*,*,#3458,.T.);
#3458 = EDGE_CURVE('',#314,#1602,#3459,.T.);
#3459 = LINE('',#3460,#3461);
#3460 = CARTESIAN_POINT('',(6.551240998565,16.025818742851,-0.5));
#3461 = VECTOR('',#3462,1.);
#3462 = DIRECTION('',(0.,0.,1.));
#3463 = ORIENTED_EDGE('',*,*,#1601,.F.);
#3464 = ORIENTED_EDGE('',*,*,#3423,.F.);
#3465 = PLANE('',#3466);
#3466 = AXIS2_PLACEMENT_3D('',#3467,#3468,#3469);
#3467 = CARTESIAN_POINT('',(6.551240998565,16.025818742851,-0.5));
#3468 = DIRECTION('',(-0.99756405026,6.975647374413E-02,0.));
#3469 = DIRECTION('',(0.,0.,1.));
#3470 = ADVANCED_FACE('',(#3471),#3482,.T.);
#3471 = FACE_BOUND('',#3472,.T.);
#3472 = EDGE_LOOP('',(#3473,#3479,#3480,#3481));
#3473 = ORIENTED_EDGE('',*,*,#3474,.F.);
#3474 = EDGE_CURVE('',#1073,#2361,#3475,.T.);
#3475 = LINE('',#3476,#3477);
#3476 = CARTESIAN_POINT('',(8.065432852446,-15.31973948547,-0.5));
#3477 = VECTOR('',#3478,1.);
#3478 = DIRECTION('',(0.,0.,1.));
#3479 = ORIENTED_EDGE('',*,*,#1080,.T.);
#3480 = ORIENTED_EDGE('',*,*,#3441,.T.);
#3481 = ORIENTED_EDGE('',*,*,#2368,.F.);
#3482 = PLANE('',#3483);
#3483 = AXIS2_PLACEMENT_3D('',#3484,#3485,#3486);
#3484 = CARTESIAN_POINT('',(8.065432852446,-15.31973948547,-0.5));
#3485 = DIRECTION('',(0.719339800339,-0.694658370459,0.));
#3486 = DIRECTION('',(0.,0.,1.));
#3487 = ADVANCED_FACE('',(#3488),#3499,.T.);
#3488 = FACE_BOUND('',#3489,.T.);
#3489 = EDGE_LOOP('',(#3490,#3491,#3492,#3498));
#3490 = ORIENTED_EDGE('',*,*,#3458,.F.);
#3491 = ORIENTED_EDGE('',*,*,#321,.T.);
#3492 = ORIENTED_EDGE('',*,*,#3493,.T.);
#3493 = EDGE_CURVE('',#322,#1610,#3494,.T.);
#3494 = LINE('',#3495,#3496);
#3495 = CARTESIAN_POINT('',(5.204529530714,16.119989982406,-0.5));
#3496 = VECTOR('',#3497,1.);
#3497 = DIRECTION('',(0.,0.,1.));
#3498 = ORIENTED_EDGE('',*,*,#1609,.F.);
#3499 = PLANE('',#3500);
#3500 = AXIS2_PLACEMENT_3D('',#3501,#3502,#3503);
#3501 = CARTESIAN_POINT('',(6.551240998565,16.025818742851,-0.5));
#3502 = DIRECTION('',(6.975647374413E-02,0.99756405026,0.));
#3503 = DIRECTION('',(0.,0.,1.));
#3504 = ADVANCED_FACE('',(#3505),#3516,.T.);
#3505 = FACE_BOUND('',#3506,.T.);
#3506 = EDGE_LOOP('',(#3507,#3508,#3509,#3510));
#3507 = ORIENTED_EDGE('',*,*,#1072,.T.);
#3508 = ORIENTED_EDGE('',*,*,#3474,.T.);
#3509 = ORIENTED_EDGE('',*,*,#2360,.F.);
#3510 = ORIENTED_EDGE('',*,*,#3511,.F.);
#3511 = EDGE_CURVE('',#1064,#2352,#3512,.T.);
#3512 = LINE('',#3513,#3514);
#3513 = CARTESIAN_POINT('',(9.850195511729,-17.04326475123,0.));
#3514 = VECTOR('',#3515,1.);
#3515 = DIRECTION('',(0.,0.,1.));
#3516 = PLANE('',#3517);
#3517 = AXIS2_PLACEMENT_3D('',#3518,#3519,#3520);
#3518 = CARTESIAN_POINT('',(8.065432852446,-15.31973948547,-0.5));
#3519 = DIRECTION('',(0.694658370459,0.719339800339,0.));
#3520 = DIRECTION('',(0.,0.,1.));
#3521 = ADVANCED_FACE('',(#3522),#3533,.F.);
#3522 = FACE_BOUND('',#3523,.F.);
#3523 = EDGE_LOOP('',(#3524,#3525,#3526,#3527));
#3524 = ORIENTED_EDGE('',*,*,#329,.T.);
#3525 = ORIENTED_EDGE('',*,*,#3493,.T.);
#3526 = ORIENTED_EDGE('',*,*,#1617,.F.);
#3527 = ORIENTED_EDGE('',*,*,#3528,.F.);
#3528 = EDGE_CURVE('',#330,#1618,#3529,.T.);
#3529 = LINE('',#3530,#3531);
#3530 = CARTESIAN_POINT('',(5.400994256116,18.929566451596,0.));
#3531 = VECTOR('',#3532,1.);
#3532 = DIRECTION('',(0.,0.,1.));
#3533 = PLANE('',#3534);
#3534 = AXIS2_PLACEMENT_3D('',#3535,#3536,#3537);
#3535 = CARTESIAN_POINT('',(5.204529530714,16.119989982406,-0.5));
#3536 = DIRECTION('',(-0.99756405026,6.975647374413E-02,0.));
#3537 = DIRECTION('',(0.,0.,1.));
#3538 = ADVANCED_FACE('',(#3539),#3550,.T.);
#3539 = FACE_BOUND('',#3540,.T.);
#3540 = EDGE_LOOP('',(#3541,#3542,#3543,#3549));
#3541 = ORIENTED_EDGE('',*,*,#3511,.T.);
#3542 = ORIENTED_EDGE('',*,*,#2351,.F.);
#3543 = ORIENTED_EDGE('',*,*,#3544,.F.);
#3544 = EDGE_CURVE('',#1056,#2344,#3545,.T.);
#3545 = LINE('',#3546,#3547);
#3546 = CARTESIAN_POINT('',(8.030289134609,-17.97258137871,0.));
#3547 = VECTOR('',#3548,1.);
#3548 = DIRECTION('',(0.,0.,1.));
#3549 = ORIENTED_EDGE('',*,*,#1063,.T.);
#3550 = CYLINDRICAL_SURFACE('',#3551,19.685);
#3551 = AXIS2_PLACEMENT_3D('',#3552,#3553,#3554);
#3552 = CARTESIAN_POINT('',(0.,0.,0.));
#3553 = DIRECTION('',(0.,0.,1.));
#3554 = DIRECTION('',(1.,0.,0.));
#3555 = ADVANCED_FACE('',(#3556),#3567,.T.);
#3556 = FACE_BOUND('',#3557,.T.);
#3557 = EDGE_LOOP('',(#3558,#3564,#3565,#3566));
#3558 = ORIENTED_EDGE('',*,*,#3559,.T.);
#3559 = EDGE_CURVE('',#338,#1626,#3560,.T.);
#3560 = LINE('',#3561,#3562);
#3561 = CARTESIAN_POINT('',(3.409511875306,19.387481883219,0.));
#3562 = VECTOR('',#3563,1.);
#3563 = DIRECTION('',(0.,0.,1.));
#3564 = ORIENTED_EDGE('',*,*,#1625,.F.);
#3565 = ORIENTED_EDGE('',*,*,#3528,.F.);
#3566 = ORIENTED_EDGE('',*,*,#337,.T.);
#3567 = CYLINDRICAL_SURFACE('',#3568,19.685);
#3568 = AXIS2_PLACEMENT_3D('',#3569,#3570,#3571);
#3569 = CARTESIAN_POINT('',(0.,0.,0.));
#3570 = DIRECTION('',(0.,0.,1.));
#3571 = DIRECTION('',(1.,0.,0.));
#3572 = ADVANCED_FACE('',(#3573),#3584,.F.);
#3573 = FACE_BOUND('',#3574,.F.);
#3574 = EDGE_LOOP('',(#3575,#3576,#3582,#3583));
#3575 = ORIENTED_EDGE('',*,*,#1055,.T.);
#3576 = ORIENTED_EDGE('',*,*,#3577,.T.);
#3577 = EDGE_CURVE('',#1048,#2336,#3578,.T.);
#3578 = LINE('',#3579,#3580);
#3579 = CARTESIAN_POINT('',(6.37482890291,-15.69403584574,-0.5));
#3580 = VECTOR('',#3581,1.);
#3581 = DIRECTION('',(0.,0.,1.));
#3582 = ORIENTED_EDGE('',*,*,#2343,.F.);
#3583 = ORIENTED_EDGE('',*,*,#3544,.F.);
#3584 = PLANE('',#3585);
#3585 = AXIS2_PLACEMENT_3D('',#3586,#3587,#3588);
#3586 = CARTESIAN_POINT('',(6.37482890291,-15.69403584574,-0.5));
#3587 = DIRECTION('',(0.809016994375,0.587785252292,0.));
#3588 = DIRECTION('',(0.,0.,1.));
#3589 = ADVANCED_FACE('',(#3590),#3601,.T.);
#3590 = FACE_BOUND('',#3591,.T.);
#3591 = EDGE_LOOP('',(#3592,#3593,#3599,#3600));
#3592 = ORIENTED_EDGE('',*,*,#346,.T.);
#3593 = ORIENTED_EDGE('',*,*,#3594,.T.);
#3594 = EDGE_CURVE('',#347,#1635,#3595,.T.);
#3595 = LINE('',#3596,#3597);
#3596 = CARTESIAN_POINT('',(3.668858706921,16.919961607186,-0.5));
#3597 = VECTOR('',#3598,1.);
#3598 = DIRECTION('',(0.,0.,1.));
#3599 = ORIENTED_EDGE('',*,*,#1634,.F.);
#3600 = ORIENTED_EDGE('',*,*,#3559,.F.);
#3601 = PLANE('',#3602);
#3602 = AXIS2_PLACEMENT_3D('',#3603,#3604,#3605);
#3603 = CARTESIAN_POINT('',(3.668858706921,16.919961607186,-0.5));
#3604 = DIRECTION('',(-0.994521895368,-0.104528463268,0.));
#3605 = DIRECTION('',(0.,0.,1.));
#3606 = ADVANCED_FACE('',(#3607),#3618,.T.);
#3607 = FACE_BOUND('',#3608,.T.);
#3608 = EDGE_LOOP('',(#3609,#3615,#3616,#3617));
#3609 = ORIENTED_EDGE('',*,*,#3610,.F.);
#3610 = EDGE_CURVE('',#1040,#2328,#3611,.T.);
#3611 = LINE('',#3612,#3613);
#3612 = CARTESIAN_POINT('',(5.282655960504,-16.48754593634,-0.5));
#3613 = VECTOR('',#3614,1.);
#3614 = DIRECTION('',(0.,0.,1.));
#3615 = ORIENTED_EDGE('',*,*,#1047,.T.);
#3616 = ORIENTED_EDGE('',*,*,#3577,.T.);
#3617 = ORIENTED_EDGE('',*,*,#2335,.F.);
#3618 = PLANE('',#3619);
#3619 = AXIS2_PLACEMENT_3D('',#3620,#3621,#3622);
#3620 = CARTESIAN_POINT('',(5.282655960504,-16.48754593634,-0.5));
#3621 = DIRECTION('',(0.587785252292,-0.809016994375,0.));
#3622 = DIRECTION('',(0.,0.,1.));
#3623 = ADVANCED_FACE('',(#3624),#3635,.T.);
#3624 = FACE_BOUND('',#3625,.T.);
#3625 = EDGE_LOOP('',(#3626,#3627,#3628,#3634));
#3626 = ORIENTED_EDGE('',*,*,#3594,.F.);
#3627 = ORIENTED_EDGE('',*,*,#354,.T.);
#3628 = ORIENTED_EDGE('',*,*,#3629,.T.);
#3629 = EDGE_CURVE('',#355,#1643,#3630,.T.);
#3630 = LINE('',#3631,#3632);
#3631 = CARTESIAN_POINT('',(2.326254148174,16.778848181775,-0.5));
#3632 = VECTOR('',#3633,1.);
#3633 = DIRECTION('',(0.,0.,1.));
#3634 = ORIENTED_EDGE('',*,*,#1642,.F.);
#3635 = PLANE('',#3636);
#3636 = AXIS2_PLACEMENT_3D('',#3637,#3638,#3639);
#3637 = CARTESIAN_POINT('',(3.668858706921,16.919961607186,-0.5));
#3638 = DIRECTION('',(-0.104528463268,0.994521895368,0.));
#3639 = DIRECTION('',(0.,0.,1.));
#3640 = ADVANCED_FACE('',(#3641),#3652,.T.);
#3641 = FACE_BOUND('',#3642,.T.);
#3642 = EDGE_LOOP('',(#3643,#3644,#3645,#3646));
#3643 = ORIENTED_EDGE('',*,*,#1039,.T.);
#3644 = ORIENTED_EDGE('',*,*,#3610,.T.);
#3645 = ORIENTED_EDGE('',*,*,#2327,.F.);
#3646 = ORIENTED_EDGE('',*,*,#3647,.F.);
#3647 = EDGE_CURVE('',#1031,#2319,#3648,.T.);
#3648 = LINE('',#3649,#3650);
#3649 = CARTESIAN_POINT('',(6.74101704309,-18.49480776393,0.));
#3650 = VECTOR('',#3651,1.);
#3651 = DIRECTION('',(0.,0.,1.));
#3652 = PLANE('',#3653);
#3653 = AXIS2_PLACEMENT_3D('',#3654,#3655,#3656);
#3654 = CARTESIAN_POINT('',(5.282655960504,-16.48754593634,-0.5));
#3655 = DIRECTION('',(0.809016994375,0.587785252292,0.));
#3656 = DIRECTION('',(0.,0.,1.));
#3657 = ADVANCED_FACE('',(#3658),#3669,.F.);
#3658 = FACE_BOUND('',#3659,.F.);
#3659 = EDGE_LOOP('',(#3660,#3661,#3662,#3663));
#3660 = ORIENTED_EDGE('',*,*,#362,.T.);
#3661 = ORIENTED_EDGE('',*,*,#3629,.T.);
#3662 = ORIENTED_EDGE('',*,*,#1650,.F.);
#3663 = ORIENTED_EDGE('',*,*,#3664,.F.);
#3664 = EDGE_CURVE('',#363,#1651,#3665,.T.);
#3665 = LINE('',#3666,#3667);
#3666 = CARTESIAN_POINT('',(2.031856299052,19.579856612856,0.));
#3667 = VECTOR('',#3668,1.);
#3668 = DIRECTION('',(0.,0.,1.));
#3669 = PLANE('',#3670);
#3670 = AXIS2_PLACEMENT_3D('',#3671,#3672,#3673);
#3671 = CARTESIAN_POINT('',(2.326254148174,16.778848181775,-0.5));
#3672 = DIRECTION('',(-0.994521895368,-0.104528463268,0.));
#3673 = DIRECTION('',(0.,0.,1.));
#3674 = ADVANCED_FACE('',(#3675),#3686,.T.);
#3675 = FACE_BOUND('',#3676,.T.);
#3676 = EDGE_LOOP('',(#3677,#3678,#3679,#3685));
#3677 = ORIENTED_EDGE('',*,*,#3647,.T.);
#3678 = ORIENTED_EDGE('',*,*,#2318,.F.);
#3679 = ORIENTED_EDGE('',*,*,#3680,.F.);
#3680 = EDGE_CURVE('',#1023,#2311,#3681,.T.);
#3681 = LINE('',#3682,#3683);
#3682 = CARTESIAN_POINT('',(4.787384994308,-19.09398255776,0.));
#3683 = VECTOR('',#3684,1.);
#3684 = DIRECTION('',(0.,0.,1.));
#3685 = ORIENTED_EDGE('',*,*,#1030,.T.);
#3686 = CYLINDRICAL_SURFACE('',#3687,19.685);
#3687 = AXIS2_PLACEMENT_3D('',#3688,#3689,#3690);
#3688 = CARTESIAN_POINT('',(0.,0.,0.));
#3689 = DIRECTION('',(0.,0.,1.));
#3690 = DIRECTION('',(1.,0.,0.));
#3691 = ADVANCED_FACE('',(#3692),#3703,.T.);
#3692 = FACE_BOUND('',#3693,.T.);
#3693 = EDGE_LOOP('',(#3694,#3700,#3701,#3702));
#3694 = ORIENTED_EDGE('',*,*,#3695,.T.);
#3695 = EDGE_CURVE('',#371,#1659,#3696,.T.);
#3696 = LINE('',#3697,#3698);
#3697 = CARTESIAN_POINT('',(-8.887169782933E-03,19.684997993859,0.));
#3698 = VECTOR('',#3699,1.);
#3699 = DIRECTION('',(0.,0.,1.));
#3700 = ORIENTED_EDGE('',*,*,#1658,.F.);
#3701 = ORIENTED_EDGE('',*,*,#3664,.F.);
#3702 = ORIENTED_EDGE('',*,*,#370,.T.);
#3703 = CYLINDRICAL_SURFACE('',#3704,19.685);
#3704 = AXIS2_PLACEMENT_3D('',#3705,#3706,#3707);
#3705 = CARTESIAN_POINT('',(0.,0.,0.));
#3706 = DIRECTION('',(0.,0.,1.));
#3707 = DIRECTION('',(1.,0.,0.));
#3708 = ADVANCED_FACE('',(#3709),#3720,.F.);
#3709 = FACE_BOUND('',#3710,.F.);
#3710 = EDGE_LOOP('',(#3711,#3712,#3718,#3719));
#3711 = ORIENTED_EDGE('',*,*,#1022,.T.);
#3712 = ORIENTED_EDGE('',*,*,#3713,.T.);
#3713 = EDGE_CURVE('',#1015,#2303,#3714,.T.);
#3714 = LINE('',#3715,#3716);
#3715 = CARTESIAN_POINT('',(3.552740202859,-16.56258559887,-0.5));
#3716 = VECTOR('',#3717,1.);
#3717 = DIRECTION('',(0.,0.,1.));
#3718 = ORIENTED_EDGE('',*,*,#2310,.F.);
#3719 = ORIENTED_EDGE('',*,*,#3680,.F.);
#3720 = PLANE('',#3721);
#3721 = AXIS2_PLACEMENT_3D('',#3722,#3723,#3724);
#3722 = CARTESIAN_POINT('',(3.552740202859,-16.56258559887,-0.5));
#3723 = DIRECTION('',(0.898794046299,0.438371146789,0.));
#3724 = DIRECTION('',(0.,0.,1.));
#3725 = ADVANCED_FACE('',(#3726),#3737,.T.);
#3726 = FACE_BOUND('',#3727,.T.);
#3727 = EDGE_LOOP('',(#3728,#3729,#3735,#3736));
#3728 = ORIENTED_EDGE('',*,*,#379,.T.);
#3729 = ORIENTED_EDGE('',*,*,#3730,.T.);
#3730 = EDGE_CURVE('',#380,#1668,#3731,.T.);
#3731 = LINE('',#3732,#3733);
#3732 = CARTESIAN_POINT('',(0.675,17.3,-0.5));
#3733 = VECTOR('',#3734,1.);
#3734 = DIRECTION('',(0.,0.,1.));
#3735 = ORIENTED_EDGE('',*,*,#1667,.F.);
#3736 = ORIENTED_EDGE('',*,*,#3695,.F.);
#3737 = PLANE('',#3738);
#3738 = AXIS2_PLACEMENT_3D('',#3739,#3740,#3741);
#3739 = CARTESIAN_POINT('',(0.675,17.3,-0.5));
#3740 = DIRECTION('',(-0.961261695938,-0.275637355817,0.));
#3741 = DIRECTION('',(0.,0.,1.));
#3742 = ADVANCED_FACE('',(#3743),#3754,.T.);
#3743 = FACE_BOUND('',#3744,.T.);
#3744 = EDGE_LOOP('',(#3745,#3751,#3752,#3753));
#3745 = ORIENTED_EDGE('',*,*,#3746,.F.);
#3746 = EDGE_CURVE('',#1007,#2295,#3747,.T.);
#3747 = LINE('',#3748,#3749);
#3748 = CARTESIAN_POINT('',(2.339368240355,-17.15438664703,-0.5));
#3749 = VECTOR('',#3750,1.);
#3750 = DIRECTION('',(0.,0.,1.));
#3751 = ORIENTED_EDGE('',*,*,#1014,.T.);
#3752 = ORIENTED_EDGE('',*,*,#3713,.T.);
#3753 = ORIENTED_EDGE('',*,*,#2302,.F.);
#3754 = PLANE('',#3755);
#3755 = AXIS2_PLACEMENT_3D('',#3756,#3757,#3758);
#3756 = CARTESIAN_POINT('',(2.339368240355,-17.15438664703,-0.5));
#3757 = DIRECTION('',(0.438371146789,-0.898794046299,0.));
#3758 = DIRECTION('',(0.,0.,1.));
#3759 = ADVANCED_FACE('',(#3760),#3771,.T.);
#3760 = FACE_BOUND('',#3761,.T.);
#3761 = EDGE_LOOP('',(#3762,#3763,#3764,#3770));
#3762 = ORIENTED_EDGE('',*,*,#3730,.F.);
#3763 = ORIENTED_EDGE('',*,*,#387,.T.);
#3764 = ORIENTED_EDGE('',*,*,#3765,.T.);
#3765 = EDGE_CURVE('',#388,#1676,#3766,.T.);
#3766 = LINE('',#3767,#3768);
#3767 = CARTESIAN_POINT('',(-0.622703289517,16.927889569647,-0.5));
#3768 = VECTOR('',#3769,1.);
#3769 = DIRECTION('',(0.,0.,1.));
#3770 = ORIENTED_EDGE('',*,*,#1675,.F.);
#3771 = PLANE('',#3772);
#3772 = AXIS2_PLACEMENT_3D('',#3773,#3774,#3775);
#3773 = CARTESIAN_POINT('',(0.675,17.3,-0.5));
#3774 = DIRECTION('',(-0.275637355817,0.961261695938,0.));
#3775 = DIRECTION('',(0.,0.,1.));
#3776 = ADVANCED_FACE('',(#3777),#3788,.T.);
#3777 = FACE_BOUND('',#3778,.T.);
#3778 = EDGE_LOOP('',(#3779,#3780,#3781,#3782));
#3779 = ORIENTED_EDGE('',*,*,#1006,.T.);
#3780 = ORIENTED_EDGE('',*,*,#3746,.T.);
#3781 = ORIENTED_EDGE('',*,*,#2294,.F.);
#3782 = ORIENTED_EDGE('',*,*,#3783,.F.);
#3783 = EDGE_CURVE('',#998,#2286,#3784,.T.);
#3784 = LINE('',#3785,#3786);
#3785 = CARTESIAN_POINT('',(3.427016182715,-19.38439540154,0.));
#3786 = VECTOR('',#3787,1.);
#3787 = DIRECTION('',(0.,0.,1.));
#3788 = PLANE('',#3789);
#3789 = AXIS2_PLACEMENT_3D('',#3790,#3791,#3792);
#3790 = CARTESIAN_POINT('',(2.339368240355,-17.15438664703,-0.5));
#3791 = DIRECTION('',(0.898794046299,0.438371146789,0.));
#3792 = DIRECTION('',(0.,0.,1.));
#3793 = ADVANCED_FACE('',(#3794),#3805,.F.);
#3794 = FACE_BOUND('',#3795,.F.);
#3795 = EDGE_LOOP('',(#3796,#3797,#3798,#3799));
#3796 = ORIENTED_EDGE('',*,*,#395,.T.);
#3797 = ORIENTED_EDGE('',*,*,#3765,.T.);
#3798 = ORIENTED_EDGE('',*,*,#1683,.F.);
#3799 = ORIENTED_EDGE('',*,*,#3800,.F.);
#3800 = EDGE_CURVE('',#396,#1684,#3801,.T.);
#3801 = LINE('',#3802,#3803);
#3802 = CARTESIAN_POINT('',(-1.399018583489,19.635222738819,0.));
#3803 = VECTOR('',#3804,1.);
#3804 = DIRECTION('',(0.,0.,1.));
#3805 = PLANE('',#3806);
#3806 = AXIS2_PLACEMENT_3D('',#3807,#3808,#3809);
#3807 = CARTESIAN_POINT('',(-0.622703289517,16.927889569647,-0.5));
#3808 = DIRECTION('',(-0.961261695938,-0.275637355817,0.));
#3809 = DIRECTION('',(0.,0.,1.));
#3810 = ADVANCED_FACE('',(#3811),#3822,.T.);
#3811 = FACE_BOUND('',#3812,.T.);
#3812 = EDGE_LOOP('',(#3813,#3814,#3815,#3821));
#3813 = ORIENTED_EDGE('',*,*,#3783,.T.);
#3814 = ORIENTED_EDGE('',*,*,#2285,.F.);
#3815 = ORIENTED_EDGE('',*,*,#3816,.F.);
#3816 = EDGE_CURVE('',#990,#2278,#3817,.T.);
#3817 = LINE('',#3818,#3819);
#3818 = CARTESIAN_POINT('',(1.399018583489,-19.63522273881,0.));
#3819 = VECTOR('',#3820,1.);
#3820 = DIRECTION('',(0.,0.,1.));
#3821 = ORIENTED_EDGE('',*,*,#997,.T.);
#3822 = CYLINDRICAL_SURFACE('',#3823,19.685);
#3823 = AXIS2_PLACEMENT_3D('',#3824,#3825,#3826);
#3824 = CARTESIAN_POINT('',(0.,0.,0.));
#3825 = DIRECTION('',(0.,0.,1.));
#3826 = DIRECTION('',(1.,0.,0.));
#3827 = ADVANCED_FACE('',(#3828),#3839,.T.);
#3828 = FACE_BOUND('',#3829,.T.);
#3829 = EDGE_LOOP('',(#3830,#3836,#3837,#3838));
#3830 = ORIENTED_EDGE('',*,*,#3831,.T.);
#3831 = EDGE_CURVE('',#404,#1692,#3832,.T.);
#3832 = LINE('',#3833,#3834);
#3833 = CARTESIAN_POINT('',(-3.427016182715,19.384395401544,0.));
#3834 = VECTOR('',#3835,1.);
#3835 = DIRECTION('',(0.,0.,1.));
#3836 = ORIENTED_EDGE('',*,*,#1691,.F.);
#3837 = ORIENTED_EDGE('',*,*,#3800,.F.);
#3838 = ORIENTED_EDGE('',*,*,#403,.T.);
#3839 = CYLINDRICAL_SURFACE('',#3840,19.685);
#3840 = AXIS2_PLACEMENT_3D('',#3841,#3842,#3843);
#3841 = CARTESIAN_POINT('',(0.,0.,0.));
#3842 = DIRECTION('',(0.,0.,1.));
#3843 = DIRECTION('',(1.,0.,0.));
#3844 = ADVANCED_FACE('',(#3845),#3856,.F.);
#3845 = FACE_BOUND('',#3846,.F.);
#3846 = EDGE_LOOP('',(#3847,#3848,#3854,#3855));
#3847 = ORIENTED_EDGE('',*,*,#989,.T.);
#3848 = ORIENTED_EDGE('',*,*,#3849,.T.);
#3849 = EDGE_CURVE('',#982,#2270,#3850,.T.);
#3850 = LINE('',#3851,#3852);
#3851 = CARTESIAN_POINT('',(0.622703289517,-16.92788956964,-0.5));
#3852 = VECTOR('',#3853,1.);
#3853 = DIRECTION('',(0.,0.,1.));
#3854 = ORIENTED_EDGE('',*,*,#2277,.F.);
#3855 = ORIENTED_EDGE('',*,*,#3816,.F.);
#3856 = PLANE('',#3857);
#3857 = AXIS2_PLACEMENT_3D('',#3858,#3859,#3860);
#3858 = CARTESIAN_POINT('',(0.622703289517,-16.92788956964,-0.5));
#3859 = DIRECTION('',(0.961261695938,0.275637355817,0.));
#3860 = DIRECTION('',(0.,0.,1.));
#3861 = ADVANCED_FACE('',(#3862),#3873,.T.);
#3862 = FACE_BOUND('',#3863,.T.);
#3863 = EDGE_LOOP('',(#3864,#3865,#3871,#3872));
#3864 = ORIENTED_EDGE('',*,*,#412,.T.);
#3865 = ORIENTED_EDGE('',*,*,#3866,.T.);
#3866 = EDGE_CURVE('',#413,#1701,#3867,.T.);
#3867 = LINE('',#3868,#3869);
#3868 = CARTESIAN_POINT('',(-2.339368240355,17.154386647036,-0.5));
#3869 = VECTOR('',#3870,1.);
#3870 = DIRECTION('',(0.,0.,1.));
#3871 = ORIENTED_EDGE('',*,*,#1700,.F.);
#3872 = ORIENTED_EDGE('',*,*,#3831,.F.);
#3873 = PLANE('',#3874);
#3874 = AXIS2_PLACEMENT_3D('',#3875,#3876,#3877);
#3875 = CARTESIAN_POINT('',(-2.339368240355,17.154386647036,-0.5));
#3876 = DIRECTION('',(-0.898794046299,-0.438371146789,0.));
#3877 = DIRECTION('',(0.,0.,1.));
#3878 = ADVANCED_FACE('',(#3879),#3890,.T.);
#3879 = FACE_BOUND('',#3880,.T.);
#3880 = EDGE_LOOP('',(#3881,#3887,#3888,#3889));
#3881 = ORIENTED_EDGE('',*,*,#3882,.F.);
#3882 = EDGE_CURVE('',#974,#2262,#3883,.T.);
#3883 = LINE('',#3884,#3885);
#3884 = CARTESIAN_POINT('',(-0.675,-17.3,-0.5));
#3885 = VECTOR('',#3886,1.);
#3886 = DIRECTION('',(0.,0.,1.));
#3887 = ORIENTED_EDGE('',*,*,#981,.T.);
#3888 = ORIENTED_EDGE('',*,*,#3849,.T.);
#3889 = ORIENTED_EDGE('',*,*,#2269,.F.);
#3890 = PLANE('',#3891);
#3891 = AXIS2_PLACEMENT_3D('',#3892,#3893,#3894);
#3892 = CARTESIAN_POINT('',(-0.675,-17.3,-0.5));
#3893 = DIRECTION('',(0.275637355817,-0.961261695938,0.));
#3894 = DIRECTION('',(0.,0.,1.));
#3895 = ADVANCED_FACE('',(#3896),#3907,.T.);
#3896 = FACE_BOUND('',#3897,.T.);
#3897 = EDGE_LOOP('',(#3898,#3899,#3900,#3906));
#3898 = ORIENTED_EDGE('',*,*,#3866,.F.);
#3899 = ORIENTED_EDGE('',*,*,#420,.T.);
#3900 = ORIENTED_EDGE('',*,*,#3901,.T.);
#3901 = EDGE_CURVE('',#421,#1709,#3902,.T.);
#3902 = LINE('',#3903,#3904);
#3903 = CARTESIAN_POINT('',(-3.552740202859,16.562585598871,-0.5));
#3904 = VECTOR('',#3905,1.);
#3905 = DIRECTION('',(0.,0.,1.));
#3906 = ORIENTED_EDGE('',*,*,#1708,.F.);
#3907 = PLANE('',#3908);
#3908 = AXIS2_PLACEMENT_3D('',#3909,#3910,#3911);
#3909 = CARTESIAN_POINT('',(-2.339368240355,17.154386647036,-0.5));
#3910 = DIRECTION('',(-0.438371146789,0.898794046299,0.));
#3911 = DIRECTION('',(0.,0.,1.));
#3912 = ADVANCED_FACE('',(#3913),#3924,.T.);
#3913 = FACE_BOUND('',#3914,.T.);
#3914 = EDGE_LOOP('',(#3915,#3916,#3917,#3918));
#3915 = ORIENTED_EDGE('',*,*,#973,.T.);
#3916 = ORIENTED_EDGE('',*,*,#3882,.T.);
#3917 = ORIENTED_EDGE('',*,*,#2261,.F.);
#3918 = ORIENTED_EDGE('',*,*,#3919,.F.);
#3919 = EDGE_CURVE('',#965,#2253,#3920,.T.);
#3920 = LINE('',#3921,#3922);
#3921 = CARTESIAN_POINT('',(8.887169782934E-03,-19.68499799385,0.));
#3922 = VECTOR('',#3923,1.);
#3923 = DIRECTION('',(0.,0.,1.));
#3924 = PLANE('',#3925);
#3925 = AXIS2_PLACEMENT_3D('',#3926,#3927,#3928);
#3926 = CARTESIAN_POINT('',(-0.675,-17.3,-0.5));
#3927 = DIRECTION('',(0.961261695938,0.275637355817,0.));
#3928 = DIRECTION('',(0.,0.,1.));
#3929 = ADVANCED_FACE('',(#3930),#3941,.F.);
#3930 = FACE_BOUND('',#3931,.F.);
#3931 = EDGE_LOOP('',(#3932,#3933,#3934,#3935));
#3932 = ORIENTED_EDGE('',*,*,#428,.T.);
#3933 = ORIENTED_EDGE('',*,*,#3901,.T.);
#3934 = ORIENTED_EDGE('',*,*,#1716,.F.);
#3935 = ORIENTED_EDGE('',*,*,#3936,.F.);
#3936 = EDGE_CURVE('',#429,#1717,#3937,.T.);
#3937 = LINE('',#3938,#3939);
#3938 = CARTESIAN_POINT('',(-4.787384994308,19.093982557766,0.));
#3939 = VECTOR('',#3940,1.);
#3940 = DIRECTION('',(0.,0.,1.));
#3941 = PLANE('',#3942);
#3942 = AXIS2_PLACEMENT_3D('',#3943,#3944,#3945);
#3943 = CARTESIAN_POINT('',(-3.552740202859,16.562585598871,-0.5));
#3944 = DIRECTION('',(-0.898794046299,-0.438371146789,0.));
#3945 = DIRECTION('',(0.,0.,1.));
#3946 = ADVANCED_FACE('',(#3947),#3958,.T.);
#3947 = FACE_BOUND('',#3948,.T.);
#3948 = EDGE_LOOP('',(#3949,#3950,#3951,#3957));
#3949 = ORIENTED_EDGE('',*,*,#3919,.T.);
#3950 = ORIENTED_EDGE('',*,*,#2252,.F.);
#3951 = ORIENTED_EDGE('',*,*,#3952,.F.);
#3952 = EDGE_CURVE('',#957,#2245,#3953,.T.);
#3953 = LINE('',#3954,#3955);
#3954 = CARTESIAN_POINT('',(-2.031856299052,-19.57985661285,0.));
#3955 = VECTOR('',#3956,1.);
#3956 = DIRECTION('',(0.,0.,1.));
#3957 = ORIENTED_EDGE('',*,*,#964,.T.);
#3958 = CYLINDRICAL_SURFACE('',#3959,19.685);
#3959 = AXIS2_PLACEMENT_3D('',#3960,#3961,#3962);
#3960 = CARTESIAN_POINT('',(0.,0.,0.));
#3961 = DIRECTION('',(0.,0.,1.));
#3962 = DIRECTION('',(1.,0.,0.));
#3963 = ADVANCED_FACE('',(#3964),#3975,.T.);
#3964 = FACE_BOUND('',#3965,.T.);
#3965 = EDGE_LOOP('',(#3966,#3972,#3973,#3974));
#3966 = ORIENTED_EDGE('',*,*,#3967,.T.);
#3967 = EDGE_CURVE('',#437,#1725,#3968,.T.);
#3968 = LINE('',#3969,#3970);
#3969 = CARTESIAN_POINT('',(-6.74101704309,18.494807763931,0.));
#3970 = VECTOR('',#3971,1.);
#3971 = DIRECTION('',(0.,0.,1.));
#3972 = ORIENTED_EDGE('',*,*,#1724,.F.);
#3973 = ORIENTED_EDGE('',*,*,#3936,.F.);
#3974 = ORIENTED_EDGE('',*,*,#436,.T.);
#3975 = CYLINDRICAL_SURFACE('',#3976,19.685);
#3976 = AXIS2_PLACEMENT_3D('',#3977,#3978,#3979);
#3977 = CARTESIAN_POINT('',(0.,0.,0.));
#3978 = DIRECTION('',(0.,0.,1.));
#3979 = DIRECTION('',(1.,0.,0.));
#3980 = ADVANCED_FACE('',(#3981),#3992,.F.);
#3981 = FACE_BOUND('',#3982,.F.);
#3982 = EDGE_LOOP('',(#3983,#3984,#3990,#3991));
#3983 = ORIENTED_EDGE('',*,*,#956,.T.);
#3984 = ORIENTED_EDGE('',*,*,#3985,.T.);
#3985 = EDGE_CURVE('',#949,#2237,#3986,.T.);
#3986 = LINE('',#3987,#3988);
#3987 = CARTESIAN_POINT('',(-2.326254148174,-16.77884818177,-0.5));
#3988 = VECTOR('',#3989,1.);
#3989 = DIRECTION('',(0.,0.,1.));
#3990 = ORIENTED_EDGE('',*,*,#2244,.F.);
#3991 = ORIENTED_EDGE('',*,*,#3952,.F.);
#3992 = PLANE('',#3993);
#3993 = AXIS2_PLACEMENT_3D('',#3994,#3995,#3996);
#3994 = CARTESIAN_POINT('',(-2.326254148174,-16.77884818177,-0.5));
#3995 = DIRECTION('',(0.994521895368,0.104528463268,0.));
#3996 = DIRECTION('',(0.,0.,1.));
#3997 = ADVANCED_FACE('',(#3998),#4009,.T.);
#3998 = FACE_BOUND('',#3999,.T.);
#3999 = EDGE_LOOP('',(#4000,#4001,#4007,#4008));
#4000 = ORIENTED_EDGE('',*,*,#445,.T.);
#4001 = ORIENTED_EDGE('',*,*,#4002,.T.);
#4002 = EDGE_CURVE('',#446,#1734,#4003,.T.);
#4003 = LINE('',#4004,#4005);
#4004 = CARTESIAN_POINT('',(-5.282655960504,16.487545936341,-0.5));
#4005 = VECTOR('',#4006,1.);
#4006 = DIRECTION('',(0.,0.,1.));
#4007 = ORIENTED_EDGE('',*,*,#1733,.F.);
#4008 = ORIENTED_EDGE('',*,*,#3967,.F.);
#4009 = PLANE('',#4010);
#4010 = AXIS2_PLACEMENT_3D('',#4011,#4012,#4013);
#4011 = CARTESIAN_POINT('',(-5.282655960504,16.487545936341,-0.5));
#4012 = DIRECTION('',(-0.809016994375,-0.587785252292,0.));
#4013 = DIRECTION('',(0.,0.,1.));
#4014 = ADVANCED_FACE('',(#4015),#4026,.T.);
#4015 = FACE_BOUND('',#4016,.T.);
#4016 = EDGE_LOOP('',(#4017,#4023,#4024,#4025));
#4017 = ORIENTED_EDGE('',*,*,#4018,.F.);
#4018 = EDGE_CURVE('',#941,#2229,#4019,.T.);
#4019 = LINE('',#4020,#4021);
#4020 = CARTESIAN_POINT('',(-3.668858706921,-16.91996160718,-0.5));
#4021 = VECTOR('',#4022,1.);
#4022 = DIRECTION('',(0.,0.,1.));
#4023 = ORIENTED_EDGE('',*,*,#948,.T.);
#4024 = ORIENTED_EDGE('',*,*,#3985,.T.);
#4025 = ORIENTED_EDGE('',*,*,#2236,.F.);
#4026 = PLANE('',#4027);
#4027 = AXIS2_PLACEMENT_3D('',#4028,#4029,#4030);
#4028 = CARTESIAN_POINT('',(-3.668858706921,-16.91996160718,-0.5));
#4029 = DIRECTION('',(0.104528463268,-0.994521895368,0.));
#4030 = DIRECTION('',(0.,0.,1.));
#4031 = ADVANCED_FACE('',(#4032),#4043,.T.);
#4032 = FACE_BOUND('',#4033,.T.);
#4033 = EDGE_LOOP('',(#4034,#4035,#4036,#4042));
#4034 = ORIENTED_EDGE('',*,*,#4002,.F.);
#4035 = ORIENTED_EDGE('',*,*,#453,.T.);
#4036 = ORIENTED_EDGE('',*,*,#4037,.T.);
#4037 = EDGE_CURVE('',#454,#1742,#4038,.T.);
#4038 = LINE('',#4039,#4040);
#4039 = CARTESIAN_POINT('',(-6.37482890291,15.694035845746,-0.5));
#4040 = VECTOR('',#4041,1.);
#4041 = DIRECTION('',(0.,0.,1.));
#4042 = ORIENTED_EDGE('',*,*,#1741,.F.);
#4043 = PLANE('',#4044);
#4044 = AXIS2_PLACEMENT_3D('',#4045,#4046,#4047);
#4045 = CARTESIAN_POINT('',(-5.282655960504,16.487545936341,-0.5));
#4046 = DIRECTION('',(-0.587785252292,0.809016994375,0.));
#4047 = DIRECTION('',(0.,0.,1.));
#4048 = ADVANCED_FACE('',(#4049),#4060,.T.);
#4049 = FACE_BOUND('',#4050,.T.);
#4050 = EDGE_LOOP('',(#4051,#4052,#4053,#4054));
#4051 = ORIENTED_EDGE('',*,*,#940,.T.);
#4052 = ORIENTED_EDGE('',*,*,#4018,.T.);
#4053 = ORIENTED_EDGE('',*,*,#2228,.F.);
#4054 = ORIENTED_EDGE('',*,*,#4055,.F.);
#4055 = EDGE_CURVE('',#932,#2220,#4056,.T.);
#4056 = LINE('',#4057,#4058);
#4057 = CARTESIAN_POINT('',(-3.409511875306,-19.38748188321,0.));
#4058 = VECTOR('',#4059,1.);
#4059 = DIRECTION('',(0.,0.,1.));
#4060 = PLANE('',#4061);
#4061 = AXIS2_PLACEMENT_3D('',#4062,#4063,#4064);
#4062 = CARTESIAN_POINT('',(-3.668858706921,-16.91996160718,-0.5));
#4063 = DIRECTION('',(0.994521895368,0.104528463268,0.));
#4064 = DIRECTION('',(0.,0.,1.));
#4065 = ADVANCED_FACE('',(#4066),#4077,.F.);
#4066 = FACE_BOUND('',#4067,.F.);
#4067 = EDGE_LOOP('',(#4068,#4069,#4070,#4071));
#4068 = ORIENTED_EDGE('',*,*,#461,.T.);
#4069 = ORIENTED_EDGE('',*,*,#4037,.T.);
#4070 = ORIENTED_EDGE('',*,*,#1749,.F.);
#4071 = ORIENTED_EDGE('',*,*,#4072,.F.);
#4072 = EDGE_CURVE('',#462,#1750,#4073,.T.);
#4073 = LINE('',#4074,#4075);
#4074 = CARTESIAN_POINT('',(-8.030289134609,17.972581378716,0.));
#4075 = VECTOR('',#4076,1.);
#4076 = DIRECTION('',(0.,0.,1.));
#4077 = PLANE('',#4078);
#4078 = AXIS2_PLACEMENT_3D('',#4079,#4080,#4081);
#4079 = CARTESIAN_POINT('',(-6.37482890291,15.694035845746,-0.5));
#4080 = DIRECTION('',(-0.809016994375,-0.587785252292,0.));
#4081 = DIRECTION('',(0.,0.,1.));
#4082 = ADVANCED_FACE('',(#4083),#4094,.T.);
#4083 = FACE_BOUND('',#4084,.T.);
#4084 = EDGE_LOOP('',(#4085,#4086,#4087,#4093));
#4085 = ORIENTED_EDGE('',*,*,#4055,.T.);
#4086 = ORIENTED_EDGE('',*,*,#2219,.F.);
#4087 = ORIENTED_EDGE('',*,*,#4088,.F.);
#4088 = EDGE_CURVE('',#924,#2212,#4089,.T.);
#4089 = LINE('',#4090,#4091);
#4090 = CARTESIAN_POINT('',(-5.400994256116,-18.92956645159,0.));
#4091 = VECTOR('',#4092,1.);
#4092 = DIRECTION('',(0.,0.,1.));
#4093 = ORIENTED_EDGE('',*,*,#931,.T.);
#4094 = CYLINDRICAL_SURFACE('',#4095,19.685);
#4095 = AXIS2_PLACEMENT_3D('',#4096,#4097,#4098);
#4096 = CARTESIAN_POINT('',(0.,0.,0.));
#4097 = DIRECTION('',(0.,0.,1.));
#4098 = DIRECTION('',(1.,0.,0.));
#4099 = ADVANCED_FACE('',(#4100),#4111,.T.);
#4100 = FACE_BOUND('',#4101,.T.);
#4101 = EDGE_LOOP('',(#4102,#4108,#4109,#4110));
#4102 = ORIENTED_EDGE('',*,*,#4103,.T.);
#4103 = EDGE_CURVE('',#470,#1758,#4104,.T.);
#4104 = LINE('',#4105,#4106);
#4105 = CARTESIAN_POINT('',(-9.850195511729,17.043264751236,0.));
#4106 = VECTOR('',#4107,1.);
#4107 = DIRECTION('',(0.,0.,1.));
#4108 = ORIENTED_EDGE('',*,*,#1757,.F.);
#4109 = ORIENTED_EDGE('',*,*,#4072,.F.);
#4110 = ORIENTED_EDGE('',*,*,#469,.T.);
#4111 = CYLINDRICAL_SURFACE('',#4112,19.685);
#4112 = AXIS2_PLACEMENT_3D('',#4113,#4114,#4115);
#4113 = CARTESIAN_POINT('',(0.,0.,0.));
#4114 = DIRECTION('',(0.,0.,1.));
#4115 = DIRECTION('',(1.,0.,0.));
#4116 = ADVANCED_FACE('',(#4117),#4128,.F.);
#4117 = FACE_BOUND('',#4118,.F.);
#4118 = EDGE_LOOP('',(#4119,#4120,#4126,#4127));
#4119 = ORIENTED_EDGE('',*,*,#923,.T.);
#4120 = ORIENTED_EDGE('',*,*,#4121,.T.);
#4121 = EDGE_CURVE('',#916,#2204,#4122,.T.);
#4122 = LINE('',#4123,#4124);
#4123 = CARTESIAN_POINT('',(-5.204529530714,-16.1199899824,-0.5));
#4124 = VECTOR('',#4125,1.);
#4125 = DIRECTION('',(0.,0.,1.));
#4126 = ORIENTED_EDGE('',*,*,#2211,.F.);
#4127 = ORIENTED_EDGE('',*,*,#4088,.F.);
#4128 = PLANE('',#4129);
#4129 = AXIS2_PLACEMENT_3D('',#4130,#4131,#4132);
#4130 = CARTESIAN_POINT('',(-5.204529530714,-16.1199899824,-0.5));
#4131 = DIRECTION('',(0.99756405026,-6.975647374413E-02,0.));
#4132 = DIRECTION('',(0.,0.,1.));
#4133 = ADVANCED_FACE('',(#4134),#4145,.T.);
#4134 = FACE_BOUND('',#4135,.T.);
#4135 = EDGE_LOOP('',(#4136,#4137,#4143,#4144));
#4136 = ORIENTED_EDGE('',*,*,#478,.T.);
#4137 = ORIENTED_EDGE('',*,*,#4138,.T.);
#4138 = EDGE_CURVE('',#479,#1767,#4139,.T.);
#4139 = LINE('',#4140,#4141);
#4140 = CARTESIAN_POINT('',(-8.065432852446,15.319739485471,-0.5));
#4141 = VECTOR('',#4142,1.);
#4142 = DIRECTION('',(0.,0.,1.));
#4143 = ORIENTED_EDGE('',*,*,#1766,.F.);
#4144 = ORIENTED_EDGE('',*,*,#4103,.F.);
#4145 = PLANE('',#4146);
#4146 = AXIS2_PLACEMENT_3D('',#4147,#4148,#4149);
#4147 = CARTESIAN_POINT('',(-8.065432852446,15.319739485471,-0.5));
#4148 = DIRECTION('',(-0.694658370459,-0.719339800339,0.));
#4149 = DIRECTION('',(0.,0.,1.));
#4150 = ADVANCED_FACE('',(#4151),#4162,.T.);
#4151 = FACE_BOUND('',#4152,.T.);
#4152 = EDGE_LOOP('',(#4153,#4159,#4160,#4161));
#4153 = ORIENTED_EDGE('',*,*,#4154,.F.);
#4154 = EDGE_CURVE('',#908,#2196,#4155,.T.);
#4155 = LINE('',#4156,#4157);
#4156 = CARTESIAN_POINT('',(-6.551240998565,-16.02581874285,-0.5));
#4157 = VECTOR('',#4158,1.);
#4158 = DIRECTION('',(0.,0.,1.));
#4159 = ORIENTED_EDGE('',*,*,#915,.T.);
#4160 = ORIENTED_EDGE('',*,*,#4121,.T.);
#4161 = ORIENTED_EDGE('',*,*,#2203,.F.);
#4162 = PLANE('',#4163);
#4163 = AXIS2_PLACEMENT_3D('',#4164,#4165,#4166);
#4164 = CARTESIAN_POINT('',(-6.551240998565,-16.02581874285,-0.5));
#4165 = DIRECTION('',(-6.975647374413E-02,-0.99756405026,0.));
#4166 = DIRECTION('',(0.,0.,1.));
#4167 = ADVANCED_FACE('',(#4168),#4179,.T.);
#4168 = FACE_BOUND('',#4169,.T.);
#4169 = EDGE_LOOP('',(#4170,#4171,#4172,#4178));
#4170 = ORIENTED_EDGE('',*,*,#4138,.F.);
#4171 = ORIENTED_EDGE('',*,*,#486,.T.);
#4172 = ORIENTED_EDGE('',*,*,#4173,.T.);
#4173 = EDGE_CURVE('',#487,#1775,#4174,.T.);
#4174 = LINE('',#4175,#4176);
#4175 = CARTESIAN_POINT('',(-9.003221652565,14.348630755014,-0.5));
#4176 = VECTOR('',#4177,1.);
#4177 = DIRECTION('',(0.,0.,1.));
#4178 = ORIENTED_EDGE('',*,*,#1774,.F.);
#4179 = PLANE('',#4180);
#4180 = AXIS2_PLACEMENT_3D('',#4181,#4182,#4183);
#4181 = CARTESIAN_POINT('',(-8.065432852446,15.319739485471,-0.5));
#4182 = DIRECTION('',(-0.719339800339,0.694658370459,0.));
#4183 = DIRECTION('',(0.,0.,1.));
#4184 = ADVANCED_FACE('',(#4185),#4196,.T.);
#4185 = FACE_BOUND('',#4186,.T.);
#4186 = EDGE_LOOP('',(#4187,#4188,#4189,#4190));
#4187 = ORIENTED_EDGE('',*,*,#907,.T.);
#4188 = ORIENTED_EDGE('',*,*,#4154,.T.);
#4189 = ORIENTED_EDGE('',*,*,#2195,.F.);
#4190 = ORIENTED_EDGE('',*,*,#4191,.F.);
#4191 = EDGE_CURVE('',#899,#2187,#4192,.T.);
#4192 = LINE('',#4193,#4194);
#4193 = CARTESIAN_POINT('',(-6.72431462736,-18.50088694609,0.));
#4194 = VECTOR('',#4195,1.);
#4195 = DIRECTION('',(0.,0.,1.));
#4196 = PLANE('',#4197);
#4197 = AXIS2_PLACEMENT_3D('',#4198,#4199,#4200);
#4198 = CARTESIAN_POINT('',(-6.551240998565,-16.02581874285,-0.5));
#4199 = DIRECTION('',(0.99756405026,-6.975647374413E-02,0.));
#4200 = DIRECTION('',(0.,0.,1.));
#4201 = ADVANCED_FACE('',(#4202),#4213,.F.);
#4202 = FACE_BOUND('',#4203,.F.);
#4203 = EDGE_LOOP('',(#4204,#4205,#4206,#4207));
#4204 = ORIENTED_EDGE('',*,*,#494,.T.);
#4205 = ORIENTED_EDGE('',*,*,#4173,.T.);
#4206 = ORIENTED_EDGE('',*,*,#1782,.F.);
#4207 = ORIENTED_EDGE('',*,*,#4208,.F.);
#4208 = EDGE_CURVE('',#495,#1783,#4209,.T.);
#4209 = LINE('',#4210,#4211);
#4210 = CARTESIAN_POINT('',(-11.02919700307,16.305092409039,0.));
#4211 = VECTOR('',#4212,1.);
#4212 = DIRECTION('',(0.,0.,1.));
#4213 = PLANE('',#4214);
#4214 = AXIS2_PLACEMENT_3D('',#4215,#4216,#4217);
#4215 = CARTESIAN_POINT('',(-9.003221652565,14.348630755014,-0.5));
#4216 = DIRECTION('',(-0.694658370459,-0.719339800339,0.));
#4217 = DIRECTION('',(0.,0.,1.));
#4218 = ADVANCED_FACE('',(#4219),#4230,.T.);
#4219 = FACE_BOUND('',#4220,.T.);
#4220 = EDGE_LOOP('',(#4221,#4222,#4223,#4229));
#4221 = ORIENTED_EDGE('',*,*,#4191,.T.);
#4222 = ORIENTED_EDGE('',*,*,#2186,.F.);
#4223 = ORIENTED_EDGE('',*,*,#4224,.F.);
#4224 = EDGE_CURVE('',#891,#2179,#4225,.T.);
#4225 = LINE('',#4226,#4227);
#4226 = CARTESIAN_POINT('',(-8.606025735742,-17.70411099252,0.));
#4227 = VECTOR('',#4228,1.);
#4228 = DIRECTION('',(0.,0.,1.));
#4229 = ORIENTED_EDGE('',*,*,#898,.T.);
#4230 = CYLINDRICAL_SURFACE('',#4231,19.685);
#4231 = AXIS2_PLACEMENT_3D('',#4232,#4233,#4234);
#4232 = CARTESIAN_POINT('',(0.,0.,0.));
#4233 = DIRECTION('',(0.,0.,1.));
#4234 = DIRECTION('',(1.,0.,0.));
#4235 = ADVANCED_FACE('',(#4236),#4247,.T.);
#4236 = FACE_BOUND('',#4237,.T.);
#4237 = EDGE_LOOP('',(#4238,#4244,#4245,#4246));
#4238 = ORIENTED_EDGE('',*,*,#4239,.T.);
#4239 = EDGE_CURVE('',#503,#1791,#4240,.T.);
#4240 = LINE('',#4241,#4242);
#4241 = CARTESIAN_POINT('',(-12.66008077418,15.073870763382,0.));
#4242 = VECTOR('',#4243,1.);
#4243 = DIRECTION('',(0.,0.,1.));
#4244 = ORIENTED_EDGE('',*,*,#1790,.F.);
#4245 = ORIENTED_EDGE('',*,*,#4208,.F.);
#4246 = ORIENTED_EDGE('',*,*,#502,.T.);
#4247 = CYLINDRICAL_SURFACE('',#4248,19.685);
#4248 = AXIS2_PLACEMENT_3D('',#4249,#4250,#4251);
#4249 = CARTESIAN_POINT('',(0.,0.,0.));
#4250 = DIRECTION('',(0.,0.,1.));
#4251 = DIRECTION('',(1.,0.,0.));
#4252 = ADVANCED_FACE('',(#4253),#4264,.F.);
#4253 = FACE_BOUND('',#4254,.F.);
#4254 = EDGE_LOOP('',(#4255,#4256,#4262,#4263));
#4255 = ORIENTED_EDGE('',*,*,#890,.T.);
#4256 = ORIENTED_EDGE('',*,*,#4257,.T.);
#4257 = EDGE_CURVE('',#883,#2171,#4258,.T.);
#4258 = LINE('',#4259,#4260);
#4259 = CARTESIAN_POINT('',(-7.924667917082,-14.97133404453,-0.5));
#4260 = VECTOR('',#4261,1.);
#4261 = DIRECTION('',(0.,0.,1.));
#4262 = ORIENTED_EDGE('',*,*,#2178,.F.);
#4263 = ORIENTED_EDGE('',*,*,#4224,.F.);
#4264 = PLANE('',#4265);
#4265 = AXIS2_PLACEMENT_3D('',#4266,#4267,#4268);
#4266 = CARTESIAN_POINT('',(-7.924667917082,-14.97133404453,-0.5));
#4267 = DIRECTION('',(0.970295726276,-0.2419218956,0.));
#4268 = DIRECTION('',(0.,0.,1.));
#4269 = ADVANCED_FACE('',(#4270),#4281,.T.);
#4270 = FACE_BOUND('',#4271,.T.);
#4271 = EDGE_LOOP('',(#4272,#4273,#4279,#4280));
#4272 = ORIENTED_EDGE('',*,*,#511,.T.);
#4273 = ORIENTED_EDGE('',*,*,#4274,.T.);
#4274 = EDGE_CURVE('',#512,#1800,#4275,.T.);
#4275 = LINE('',#4276,#4277);
#4276 = CARTESIAN_POINT('',(-10.60314564847,13.686450502497,-0.5));
#4277 = VECTOR('',#4278,1.);
#4278 = DIRECTION('',(0.,0.,1.));
#4279 = ORIENTED_EDGE('',*,*,#1799,.F.);
#4280 = ORIENTED_EDGE('',*,*,#4239,.F.);
#4281 = PLANE('',#4282);
#4282 = AXIS2_PLACEMENT_3D('',#4283,#4284,#4285);
#4283 = CARTESIAN_POINT('',(-10.60314564847,13.686450502497,-0.5));
#4284 = DIRECTION('',(-0.559192903471,-0.829037572555,0.));
#4285 = DIRECTION('',(0.,0.,1.));
#4286 = ADVANCED_FACE('',(#4287),#4298,.T.);
#4287 = FACE_BOUND('',#4288,.T.);
#4288 = EDGE_LOOP('',(#4289,#4295,#4296,#4297));
#4289 = ORIENTED_EDGE('',*,*,#4290,.F.);
#4290 = EDGE_CURVE('',#875,#2163,#4291,.T.);
#4291 = LINE('',#4292,#4293);
#4292 = CARTESIAN_POINT('',(-9.234567147555,-14.64473948547,-0.5));
#4293 = VECTOR('',#4294,1.);
#4294 = DIRECTION('',(0.,0.,1.));
#4295 = ORIENTED_EDGE('',*,*,#882,.T.);
#4296 = ORIENTED_EDGE('',*,*,#4257,.T.);
#4297 = ORIENTED_EDGE('',*,*,#2170,.F.);
#4298 = PLANE('',#4299);
#4299 = AXIS2_PLACEMENT_3D('',#4300,#4301,#4302);
#4300 = CARTESIAN_POINT('',(-9.234567147555,-14.64473948547,-0.5));
#4301 = DIRECTION('',(-0.2419218956,-0.970295726276,0.));
#4302 = DIRECTION('',(0.,0.,1.));
#4303 = ADVANCED_FACE('',(#4304),#4315,.T.);
#4304 = FACE_BOUND('',#4305,.T.);
#4305 = EDGE_LOOP('',(#4306,#4307,#4308,#4314));
#4306 = ORIENTED_EDGE('',*,*,#4274,.F.);
#4307 = ORIENTED_EDGE('',*,*,#519,.T.);
#4308 = ORIENTED_EDGE('',*,*,#4309,.T.);
#4309 = EDGE_CURVE('',#520,#1808,#4310,.T.);
#4310 = LINE('',#4311,#4312);
#4311 = CARTESIAN_POINT('',(-11.35805606815,12.567249779547,-0.5));
#4312 = VECTOR('',#4313,1.);
#4313 = DIRECTION('',(0.,0.,1.));
#4314 = ORIENTED_EDGE('',*,*,#1807,.F.);
#4315 = PLANE('',#4316);
#4316 = AXIS2_PLACEMENT_3D('',#4317,#4318,#4319);
#4317 = CARTESIAN_POINT('',(-10.60314564847,13.686450502497,-0.5));
#4318 = DIRECTION('',(-0.829037572555,0.559192903471,0.));
#4319 = DIRECTION('',(0.,0.,1.));
#4320 = ADVANCED_FACE('',(#4321),#4332,.T.);
#4321 = FACE_BOUND('',#4322,.T.);
#4322 = EDGE_LOOP('',(#4323,#4324,#4325,#4326));
#4323 = ORIENTED_EDGE('',*,*,#874,.T.);
#4324 = ORIENTED_EDGE('',*,*,#4290,.T.);
#4325 = ORIENTED_EDGE('',*,*,#2162,.F.);
#4326 = ORIENTED_EDGE('',*,*,#4327,.F.);
#4327 = EDGE_CURVE('',#866,#2154,#4328,.T.);
#4328 = LINE('',#4329,#4330);
#4329 = CARTESIAN_POINT('',(-9.834802482129,-17.05215192101,0.));
#4330 = VECTOR('',#4331,1.);
#4331 = DIRECTION('',(0.,0.,1.));
#4332 = PLANE('',#4333);
#4333 = AXIS2_PLACEMENT_3D('',#4334,#4335,#4336);
#4334 = CARTESIAN_POINT('',(-9.234567147555,-14.64473948547,-0.5));
#4335 = DIRECTION('',(0.970295726276,-0.2419218956,0.));
#4336 = DIRECTION('',(0.,0.,1.));
#4337 = ADVANCED_FACE('',(#4338),#4349,.F.);
#4338 = FACE_BOUND('',#4339,.F.);
#4339 = EDGE_LOOP('',(#4340,#4341,#4342,#4343));
#4340 = ORIENTED_EDGE('',*,*,#527,.T.);
#4341 = ORIENTED_EDGE('',*,*,#4309,.T.);
#4342 = ORIENTED_EDGE('',*,*,#1815,.F.);
#4343 = ORIENTED_EDGE('',*,*,#4344,.F.);
#4344 = EDGE_CURVE('',#528,#1816,#4345,.T.);
#4345 = LINE('',#4346,#4347);
#4346 = CARTESIAN_POINT('',(-13.69298830165,14.142181457288,0.));
#4347 = VECTOR('',#4348,1.);
#4348 = DIRECTION('',(0.,0.,1.));
#4349 = PLANE('',#4350);
#4350 = AXIS2_PLACEMENT_3D('',#4351,#4352,#4353);
#4351 = CARTESIAN_POINT('',(-11.35805606815,12.567249779547,-0.5));
#4352 = DIRECTION('',(-0.559192903471,-0.829037572555,0.));
#4353 = DIRECTION('',(0.,0.,1.));
#4354 = ADVANCED_FACE('',(#4355),#4366,.T.);
#4355 = FACE_BOUND('',#4356,.T.);
#4356 = EDGE_LOOP('',(#4357,#4358,#4359,#4365));
#4357 = ORIENTED_EDGE('',*,*,#4327,.T.);
#4358 = ORIENTED_EDGE('',*,*,#2153,.F.);
#4359 = ORIENTED_EDGE('',*,*,#4360,.F.);
#4360 = EDGE_CURVE('',#858,#2146,#4361,.T.);
#4361 = LINE('',#4362,#4363);
#4362 = CARTESIAN_POINT('',(-11.54956747824,-15.94072507966,0.));
#4363 = VECTOR('',#4364,1.);
#4364 = DIRECTION('',(0.,0.,1.));
#4365 = ORIENTED_EDGE('',*,*,#865,.T.);
#4366 = CYLINDRICAL_SURFACE('',#4367,19.685);
#4367 = AXIS2_PLACEMENT_3D('',#4368,#4369,#4370);
#4368 = CARTESIAN_POINT('',(0.,0.,0.));
#4369 = DIRECTION('',(0.,0.,1.));
#4370 = DIRECTION('',(1.,0.,0.));
#4371 = ADVANCED_FACE('',(#4372),#4383,.T.);
#4372 = FACE_BOUND('',#4373,.T.);
#4373 = EDGE_LOOP('',(#4374,#4380,#4381,#4382));
#4374 = ORIENTED_EDGE('',*,*,#4375,.T.);
#4375 = EDGE_CURVE('',#536,#1824,#4376,.T.);
#4376 = LINE('',#4377,#4378);
#4377 = CARTESIAN_POINT('',(-15.08529588862,12.646464840129,0.));
#4378 = VECTOR('',#4379,1.);
#4379 = DIRECTION('',(0.,0.,1.));
#4380 = ORIENTED_EDGE('',*,*,#1823,.F.);
#4381 = ORIENTED_EDGE('',*,*,#4344,.F.);
#4382 = ORIENTED_EDGE('',*,*,#535,.T.);
#4383 = CYLINDRICAL_SURFACE('',#4384,19.685);
#4384 = AXIS2_PLACEMENT_3D('',#4385,#4386,#4387);
#4385 = CARTESIAN_POINT('',(0.,0.,0.));
#4386 = DIRECTION('',(0.,0.,1.));
#4387 = DIRECTION('',(1.,0.,0.));
#4388 = ADVANCED_FACE('',(#4389),#4400,.F.);
#4389 = FACE_BOUND('',#4390,.F.);
#4390 = EDGE_LOOP('',(#4391,#4392,#4398,#4399));
#4391 = ORIENTED_EDGE('',*,*,#857,.T.);
#4392 = ORIENTED_EDGE('',*,*,#4393,.T.);
#4393 = EDGE_CURVE('',#850,#2138,#4394,.T.);
#4394 = LINE('',#4395,#4396);
#4395 = CARTESIAN_POINT('',(-10.40401927886,-13.36778169757,-0.5));
#4396 = VECTOR('',#4397,1.);
#4397 = DIRECTION('',(0.,0.,1.));
#4398 = ORIENTED_EDGE('',*,*,#2145,.F.);
#4399 = ORIENTED_EDGE('',*,*,#4360,.F.);
#4400 = PLANE('',#4401);
#4401 = AXIS2_PLACEMENT_3D('',#4402,#4403,#4404);
#4402 = CARTESIAN_POINT('',(-10.40401927886,-13.36778169757,-0.5));
#4403 = DIRECTION('',(0.913545457643,-0.406736643076,0.));
#4404 = DIRECTION('',(0.,0.,1.));
#4405 = ADVANCED_FACE('',(#4406),#4417,.T.);
#4406 = FACE_BOUND('',#4407,.T.);
#4407 = EDGE_LOOP('',(#4408,#4409,#4415,#4416));
#4408 = ORIENTED_EDGE('',*,*,#544,.T.);
#4409 = ORIENTED_EDGE('',*,*,#4410,.T.);
#4410 = EDGE_CURVE('',#545,#1833,#4411,.T.);
#4411 = LINE('',#4412,#4413);
#4412 = CARTESIAN_POINT('',(-12.81868722942,11.637305646682,-0.5));
#4413 = VECTOR('',#4414,1.);
#4414 = DIRECTION('',(0.,0.,1.));
#4415 = ORIENTED_EDGE('',*,*,#1832,.F.);
#4416 = ORIENTED_EDGE('',*,*,#4375,.F.);
#4417 = PLANE('',#4418);
#4418 = AXIS2_PLACEMENT_3D('',#4419,#4420,#4421);
#4419 = CARTESIAN_POINT('',(-12.81868722942,11.637305646682,-0.5));
#4420 = DIRECTION('',(-0.406736643076,-0.913545457643,0.));
#4421 = DIRECTION('',(0.,0.,1.));
#4422 = ADVANCED_FACE('',(#4423),#4434,.T.);
#4423 = FACE_BOUND('',#4424,.T.);
#4424 = EDGE_LOOP('',(#4425,#4431,#4432,#4433));
#4425 = ORIENTED_EDGE('',*,*,#4426,.F.);
#4426 = EDGE_CURVE('',#842,#2130,#4427,.T.);
#4427 = LINE('',#4428,#4429);
#4428 = CARTESIAN_POINT('',(-11.63730564668,-12.81868722942,-0.5));
#4429 = VECTOR('',#4430,1.);
#4430 = DIRECTION('',(0.,0.,1.));
#4431 = ORIENTED_EDGE('',*,*,#849,.T.);
#4432 = ORIENTED_EDGE('',*,*,#4393,.T.);
#4433 = ORIENTED_EDGE('',*,*,#2137,.F.);
#4434 = PLANE('',#4435);
#4435 = AXIS2_PLACEMENT_3D('',#4436,#4437,#4438);
#4436 = CARTESIAN_POINT('',(-11.63730564668,-12.81868722942,-0.5));
#4437 = DIRECTION('',(-0.406736643076,-0.913545457643,0.));
#4438 = DIRECTION('',(0.,0.,1.));
#4439 = ADVANCED_FACE('',(#4440),#4451,.T.);
#4440 = FACE_BOUND('',#4441,.T.);
#4441 = EDGE_LOOP('',(#4442,#4443,#4444,#4450));
#4442 = ORIENTED_EDGE('',*,*,#4410,.F.);
#4443 = ORIENTED_EDGE('',*,*,#552,.T.);
#4444 = ORIENTED_EDGE('',*,*,#4445,.T.);
#4445 = EDGE_CURVE('',#553,#1841,#4446,.T.);
#4446 = LINE('',#4447,#4448);
#4447 = CARTESIAN_POINT('',(-13.36778169757,10.404019278865,-0.5));
#4448 = VECTOR('',#4449,1.);
#4449 = DIRECTION('',(0.,0.,1.));
#4450 = ORIENTED_EDGE('',*,*,#1840,.F.);
#4451 = PLANE('',#4452);
#4452 = AXIS2_PLACEMENT_3D('',#4453,#4454,#4455);
#4453 = CARTESIAN_POINT('',(-12.81868722942,11.637305646682,-0.5));
#4454 = DIRECTION('',(-0.913545457643,0.406736643076,0.));
#4455 = DIRECTION('',(0.,0.,1.));
#4456 = ADVANCED_FACE('',(#4457),#4468,.T.);
#4457 = FACE_BOUND('',#4458,.T.);
#4458 = EDGE_LOOP('',(#4459,#4460,#4461,#4462));
#4459 = ORIENTED_EDGE('',*,*,#841,.T.);
#4460 = ORIENTED_EDGE('',*,*,#4426,.T.);
#4461 = ORIENTED_EDGE('',*,*,#2129,.F.);
#4462 = ORIENTED_EDGE('',*,*,#4463,.F.);
#4463 = EDGE_CURVE('',#833,#2121,#4464,.T.);
#4464 = LINE('',#4465,#4466);
#4465 = CARTESIAN_POINT('',(-12.64646484012,-15.08529588862,0.));
#4466 = VECTOR('',#4467,1.);
#4467 = DIRECTION('',(0.,0.,1.));
#4468 = PLANE('',#4469);
#4469 = AXIS2_PLACEMENT_3D('',#4470,#4471,#4472);
#4470 = CARTESIAN_POINT('',(-11.63730564668,-12.81868722942,-0.5));
#4471 = DIRECTION('',(0.913545457643,-0.406736643076,0.));
#4472 = DIRECTION('',(0.,0.,1.));
#4473 = ADVANCED_FACE('',(#4474),#4485,.F.);
#4474 = FACE_BOUND('',#4475,.F.);
#4475 = EDGE_LOOP('',(#4476,#4477,#4478,#4479));
#4476 = ORIENTED_EDGE('',*,*,#560,.T.);
#4477 = ORIENTED_EDGE('',*,*,#4445,.T.);
#4478 = ORIENTED_EDGE('',*,*,#1848,.F.);
#4479 = ORIENTED_EDGE('',*,*,#4480,.F.);
#4480 = EDGE_CURVE('',#561,#1849,#4481,.T.);
#4481 = LINE('',#4482,#4483);
#4482 = CARTESIAN_POINT('',(-15.94072507966,11.549567478247,0.));
#4483 = VECTOR('',#4484,1.);
#4484 = DIRECTION('',(0.,0.,1.));
#4485 = PLANE('',#4486);
#4486 = AXIS2_PLACEMENT_3D('',#4487,#4488,#4489);
#4487 = CARTESIAN_POINT('',(-13.36778169757,10.404019278865,-0.5));
#4488 = DIRECTION('',(-0.406736643076,-0.913545457643,0.));
#4489 = DIRECTION('',(0.,0.,1.));
#4490 = ADVANCED_FACE('',(#4491),#4502,.T.);
#4491 = FACE_BOUND('',#4492,.T.);
#4492 = EDGE_LOOP('',(#4493,#4494,#4495,#4501));
#4493 = ORIENTED_EDGE('',*,*,#4463,.T.);
#4494 = ORIENTED_EDGE('',*,*,#2120,.F.);
#4495 = ORIENTED_EDGE('',*,*,#4496,.F.);
#4496 = EDGE_CURVE('',#825,#2113,#4497,.T.);
#4497 = LINE('',#4498,#4499);
#4498 = CARTESIAN_POINT('',(-14.14218145728,-13.69298830165,0.));
#4499 = VECTOR('',#4500,1.);
#4500 = DIRECTION('',(0.,0.,1.));
#4501 = ORIENTED_EDGE('',*,*,#832,.T.);
#4502 = CYLINDRICAL_SURFACE('',#4503,19.685);
#4503 = AXIS2_PLACEMENT_3D('',#4504,#4505,#4506);
#4504 = CARTESIAN_POINT('',(0.,0.,0.));
#4505 = DIRECTION('',(0.,0.,1.));
#4506 = DIRECTION('',(1.,0.,0.));
#4507 = ADVANCED_FACE('',(#4508),#4519,.T.);
#4508 = FACE_BOUND('',#4509,.T.);
#4509 = EDGE_LOOP('',(#4510,#4516,#4517,#4518));
#4510 = ORIENTED_EDGE('',*,*,#4511,.T.);
#4511 = EDGE_CURVE('',#569,#1857,#4512,.T.);
#4512 = LINE('',#4513,#4514);
#4513 = CARTESIAN_POINT('',(-17.05215192101,9.834802482129,0.));
#4514 = VECTOR('',#4515,1.);
#4515 = DIRECTION('',(0.,0.,1.));
#4516 = ORIENTED_EDGE('',*,*,#1856,.F.);
#4517 = ORIENTED_EDGE('',*,*,#4480,.F.);
#4518 = ORIENTED_EDGE('',*,*,#568,.T.);
#4519 = CYLINDRICAL_SURFACE('',#4520,19.685);
#4520 = AXIS2_PLACEMENT_3D('',#4521,#4522,#4523);
#4521 = CARTESIAN_POINT('',(0.,0.,0.));
#4522 = DIRECTION('',(0.,0.,1.));
#4523 = DIRECTION('',(1.,0.,0.));
#4524 = ADVANCED_FACE('',(#4525),#4536,.F.);
#4525 = FACE_BOUND('',#4526,.F.);
#4526 = EDGE_LOOP('',(#4527,#4528,#4534,#4535));
#4527 = ORIENTED_EDGE('',*,*,#824,.T.);
#4528 = ORIENTED_EDGE('',*,*,#4529,.T.);
#4529 = EDGE_CURVE('',#817,#2105,#4530,.T.);
#4530 = LINE('',#4531,#4532);
#4531 = CARTESIAN_POINT('',(-12.56724977954,-11.35805606815,-0.5));
#4532 = VECTOR('',#4533,1.);
#4533 = DIRECTION('',(0.,0.,1.));
#4534 = ORIENTED_EDGE('',*,*,#2112,.F.);
#4535 = ORIENTED_EDGE('',*,*,#4496,.F.);
#4536 = PLANE('',#4537);
#4537 = AXIS2_PLACEMENT_3D('',#4538,#4539,#4540);
#4538 = CARTESIAN_POINT('',(-12.56724977954,-11.35805606815,-0.5));
#4539 = DIRECTION('',(0.829037572555,-0.559192903471,0.));
#4540 = DIRECTION('',(0.,0.,1.));
#4541 = ADVANCED_FACE('',(#4542),#4553,.T.);
#4542 = FACE_BOUND('',#4543,.T.);
#4543 = EDGE_LOOP('',(#4544,#4545,#4551,#4552));
#4544 = ORIENTED_EDGE('',*,*,#577,.T.);
#4545 = ORIENTED_EDGE('',*,*,#4546,.T.);
#4546 = EDGE_CURVE('',#578,#1866,#4547,.T.);
#4547 = LINE('',#4548,#4549);
#4548 = CARTESIAN_POINT('',(-14.64473948547,9.234567147554,-0.5));
#4549 = VECTOR('',#4550,1.);
#4550 = DIRECTION('',(0.,0.,1.));
#4551 = ORIENTED_EDGE('',*,*,#1865,.F.);
#4552 = ORIENTED_EDGE('',*,*,#4511,.F.);
#4553 = PLANE('',#4554);
#4554 = AXIS2_PLACEMENT_3D('',#4555,#4556,#4557);
#4555 = CARTESIAN_POINT('',(-14.64473948547,9.234567147554,-0.5));
#4556 = DIRECTION('',(-0.2419218956,-0.970295726276,0.));
#4557 = DIRECTION('',(0.,0.,1.));
#4558 = ADVANCED_FACE('',(#4559),#4570,.T.);
#4559 = FACE_BOUND('',#4560,.T.);
#4560 = EDGE_LOOP('',(#4561,#4567,#4568,#4569));
#4561 = ORIENTED_EDGE('',*,*,#4562,.F.);
#4562 = EDGE_CURVE('',#809,#2097,#4563,.T.);
#4563 = LINE('',#4564,#4565);
#4564 = CARTESIAN_POINT('',(-13.68645050249,-10.60314564847,-0.5));
#4565 = VECTOR('',#4566,1.);
#4566 = DIRECTION('',(0.,0.,1.));
#4567 = ORIENTED_EDGE('',*,*,#816,.T.);
#4568 = ORIENTED_EDGE('',*,*,#4529,.T.);
#4569 = ORIENTED_EDGE('',*,*,#2104,.F.);
#4570 = PLANE('',#4571);
#4571 = AXIS2_PLACEMENT_3D('',#4572,#4573,#4574);
#4572 = CARTESIAN_POINT('',(-13.68645050249,-10.60314564847,-0.5));
#4573 = DIRECTION('',(-0.559192903471,-0.829037572555,0.));
#4574 = DIRECTION('',(0.,0.,1.));
#4575 = ADVANCED_FACE('',(#4576),#4587,.T.);
#4576 = FACE_BOUND('',#4577,.T.);
#4577 = EDGE_LOOP('',(#4578,#4579,#4580,#4586));
#4578 = ORIENTED_EDGE('',*,*,#4546,.F.);
#4579 = ORIENTED_EDGE('',*,*,#585,.T.);
#4580 = ORIENTED_EDGE('',*,*,#4581,.T.);
#4581 = EDGE_CURVE('',#586,#1874,#4582,.T.);
#4582 = LINE('',#4583,#4584);
#4583 = CARTESIAN_POINT('',(-14.97133404453,7.924667917082,-0.5));
#4584 = VECTOR('',#4585,1.);
#4585 = DIRECTION('',(0.,0.,1.));
#4586 = ORIENTED_EDGE('',*,*,#1873,.F.);
#4587 = PLANE('',#4588);
#4588 = AXIS2_PLACEMENT_3D('',#4589,#4590,#4591);
#4589 = CARTESIAN_POINT('',(-14.64473948547,9.234567147554,-0.5));
#4590 = DIRECTION('',(-0.970295726276,0.2419218956,0.));
#4591 = DIRECTION('',(0.,0.,1.));
#4592 = ADVANCED_FACE('',(#4593),#4604,.T.);
#4593 = FACE_BOUND('',#4594,.T.);
#4594 = EDGE_LOOP('',(#4595,#4596,#4597,#4598));
#4595 = ORIENTED_EDGE('',*,*,#808,.T.);
#4596 = ORIENTED_EDGE('',*,*,#4562,.T.);
#4597 = ORIENTED_EDGE('',*,*,#2096,.F.);
#4598 = ORIENTED_EDGE('',*,*,#4599,.F.);
#4599 = EDGE_CURVE('',#800,#2088,#4600,.T.);
#4600 = LINE('',#4601,#4602);
#4601 = CARTESIAN_POINT('',(-15.07387076338,-12.66008077418,0.));
#4602 = VECTOR('',#4603,1.);
#4603 = DIRECTION('',(0.,0.,1.));
#4604 = PLANE('',#4605);
#4605 = AXIS2_PLACEMENT_3D('',#4606,#4607,#4608);
#4606 = CARTESIAN_POINT('',(-13.68645050249,-10.60314564847,-0.5));
#4607 = DIRECTION('',(0.829037572555,-0.559192903471,0.));
#4608 = DIRECTION('',(0.,0.,1.));
#4609 = ADVANCED_FACE('',(#4610),#4621,.F.);
#4610 = FACE_BOUND('',#4611,.F.);
#4611 = EDGE_LOOP('',(#4612,#4613,#4614,#4615));
#4612 = ORIENTED_EDGE('',*,*,#593,.T.);
#4613 = ORIENTED_EDGE('',*,*,#4581,.T.);
#4614 = ORIENTED_EDGE('',*,*,#1881,.F.);
#4615 = ORIENTED_EDGE('',*,*,#4616,.F.);
#4616 = EDGE_CURVE('',#594,#1882,#4617,.T.);
#4617 = LINE('',#4618,#4619);
#4618 = CARTESIAN_POINT('',(-17.70411099252,8.606025735742,0.));
#4619 = VECTOR('',#4620,1.);
#4620 = DIRECTION('',(0.,0.,1.));
#4621 = PLANE('',#4622);
#4622 = AXIS2_PLACEMENT_3D('',#4623,#4624,#4625);
#4623 = CARTESIAN_POINT('',(-14.97133404453,7.924667917082,-0.5));
#4624 = DIRECTION('',(-0.2419218956,-0.970295726276,0.));
#4625 = DIRECTION('',(0.,0.,1.));
#4626 = ADVANCED_FACE('',(#4627),#4638,.T.);
#4627 = FACE_BOUND('',#4628,.T.);
#4628 = EDGE_LOOP('',(#4629,#4630,#4631,#4637));
#4629 = ORIENTED_EDGE('',*,*,#4599,.T.);
#4630 = ORIENTED_EDGE('',*,*,#2087,.F.);
#4631 = ORIENTED_EDGE('',*,*,#4632,.F.);
#4632 = EDGE_CURVE('',#792,#2080,#4633,.T.);
#4633 = LINE('',#4634,#4635);
#4634 = CARTESIAN_POINT('',(-16.30509240903,-11.02919700307,0.));
#4635 = VECTOR('',#4636,1.);
#4636 = DIRECTION('',(0.,0.,1.));
#4637 = ORIENTED_EDGE('',*,*,#799,.T.);
#4638 = CYLINDRICAL_SURFACE('',#4639,19.685);
#4639 = AXIS2_PLACEMENT_3D('',#4640,#4641,#4642);
#4640 = CARTESIAN_POINT('',(0.,0.,0.));
#4641 = DIRECTION('',(0.,0.,1.));
#4642 = DIRECTION('',(1.,0.,0.));
#4643 = ADVANCED_FACE('',(#4644),#4655,.T.);
#4644 = FACE_BOUND('',#4645,.T.);
#4645 = EDGE_LOOP('',(#4646,#4652,#4653,#4654));
#4646 = ORIENTED_EDGE('',*,*,#4647,.T.);
#4647 = EDGE_CURVE('',#602,#1890,#4648,.T.);
#4648 = LINE('',#4649,#4650);
#4649 = CARTESIAN_POINT('',(-18.50088694609,6.72431462736,0.));
#4650 = VECTOR('',#4651,1.);
#4651 = DIRECTION('',(0.,0.,1.));
#4652 = ORIENTED_EDGE('',*,*,#1889,.F.);
#4653 = ORIENTED_EDGE('',*,*,#4616,.F.);
#4654 = ORIENTED_EDGE('',*,*,#601,.T.);
#4655 = CYLINDRICAL_SURFACE('',#4656,19.685);
#4656 = AXIS2_PLACEMENT_3D('',#4657,#4658,#4659);
#4657 = CARTESIAN_POINT('',(0.,0.,0.));
#4658 = DIRECTION('',(0.,0.,1.));
#4659 = DIRECTION('',(1.,0.,0.));
#4660 = ADVANCED_FACE('',(#4661),#4672,.F.);
#4661 = FACE_BOUND('',#4662,.F.);
#4662 = EDGE_LOOP('',(#4663,#4664,#4670,#4671));
#4663 = ORIENTED_EDGE('',*,*,#791,.T.);
#4664 = ORIENTED_EDGE('',*,*,#4665,.T.);
#4665 = EDGE_CURVE('',#784,#2072,#4666,.T.);
#4666 = LINE('',#4667,#4668);
#4667 = CARTESIAN_POINT('',(-14.34863075501,-9.003221652565,-0.5));
#4668 = VECTOR('',#4669,1.);
#4669 = DIRECTION('',(0.,0.,1.));
#4670 = ORIENTED_EDGE('',*,*,#2079,.F.);
#4671 = ORIENTED_EDGE('',*,*,#4632,.F.);
#4672 = PLANE('',#4673);
#4673 = AXIS2_PLACEMENT_3D('',#4674,#4675,#4676);
#4674 = CARTESIAN_POINT('',(-14.34863075501,-9.003221652565,-0.5));
#4675 = DIRECTION('',(0.719339800339,-0.694658370459,0.));
#4676 = DIRECTION('',(0.,0.,1.));
#4677 = ADVANCED_FACE('',(#4678),#4689,.T.);
#4678 = FACE_BOUND('',#4679,.T.);
#4679 = EDGE_LOOP('',(#4680,#4681,#4687,#4688));
#4680 = ORIENTED_EDGE('',*,*,#610,.T.);
#4681 = ORIENTED_EDGE('',*,*,#4682,.T.);
#4682 = EDGE_CURVE('',#611,#1899,#4683,.T.);
#4683 = LINE('',#4684,#4685);
#4684 = CARTESIAN_POINT('',(-16.02581874285,6.551240998565,-0.5));
#4685 = VECTOR('',#4686,1.);
#4686 = DIRECTION('',(0.,0.,1.));
#4687 = ORIENTED_EDGE('',*,*,#1898,.F.);
#4688 = ORIENTED_EDGE('',*,*,#4647,.F.);
#4689 = PLANE('',#4690);
#4690 = AXIS2_PLACEMENT_3D('',#4691,#4692,#4693);
#4691 = CARTESIAN_POINT('',(-16.02581874285,6.551240998565,-0.5));
#4692 = DIRECTION('',(-6.975647374413E-02,-0.99756405026,0.));
#4693 = DIRECTION('',(0.,0.,1.));
#4694 = ADVANCED_FACE('',(#4695),#4706,.T.);
#4695 = FACE_BOUND('',#4696,.T.);
#4696 = EDGE_LOOP('',(#4697,#4703,#4704,#4705));
#4697 = ORIENTED_EDGE('',*,*,#4698,.F.);
#4698 = EDGE_CURVE('',#776,#2064,#4699,.T.);
#4699 = LINE('',#4700,#4701);
#4700 = CARTESIAN_POINT('',(-15.31973948547,-8.065432852446,-0.5));
#4701 = VECTOR('',#4702,1.);
#4702 = DIRECTION('',(0.,0.,1.));
#4703 = ORIENTED_EDGE('',*,*,#783,.T.);
#4704 = ORIENTED_EDGE('',*,*,#4665,.T.);
#4705 = ORIENTED_EDGE('',*,*,#2071,.F.);
#4706 = PLANE('',#4707);
#4707 = AXIS2_PLACEMENT_3D('',#4708,#4709,#4710);
#4708 = CARTESIAN_POINT('',(-15.31973948547,-8.065432852446,-0.5));
#4709 = DIRECTION('',(-0.694658370459,-0.719339800339,0.));
#4710 = DIRECTION('',(0.,0.,1.));
#4711 = ADVANCED_FACE('',(#4712),#4723,.T.);
#4712 = FACE_BOUND('',#4713,.T.);
#4713 = EDGE_LOOP('',(#4714,#4715,#4716,#4722));
#4714 = ORIENTED_EDGE('',*,*,#4682,.F.);
#4715 = ORIENTED_EDGE('',*,*,#618,.T.);
#4716 = ORIENTED_EDGE('',*,*,#4717,.T.);
#4717 = EDGE_CURVE('',#619,#1907,#4718,.T.);
#4718 = LINE('',#4719,#4720);
#4719 = CARTESIAN_POINT('',(-16.1199899824,5.204529530714,-0.5));
#4720 = VECTOR('',#4721,1.);
#4721 = DIRECTION('',(0.,0.,1.));
#4722 = ORIENTED_EDGE('',*,*,#1906,.F.);
#4723 = PLANE('',#4724);
#4724 = AXIS2_PLACEMENT_3D('',#4725,#4726,#4727);
#4725 = CARTESIAN_POINT('',(-16.02581874285,6.551240998565,-0.5));
#4726 = DIRECTION('',(-0.99756405026,6.975647374413E-02,0.));
#4727 = DIRECTION('',(0.,0.,1.));
#4728 = ADVANCED_FACE('',(#4729),#4740,.T.);
#4729 = FACE_BOUND('',#4730,.T.);
#4730 = EDGE_LOOP('',(#4731,#4732,#4733,#4734));
#4731 = ORIENTED_EDGE('',*,*,#775,.T.);
#4732 = ORIENTED_EDGE('',*,*,#4698,.T.);
#4733 = ORIENTED_EDGE('',*,*,#2063,.F.);
#4734 = ORIENTED_EDGE('',*,*,#4735,.F.);
#4735 = EDGE_CURVE('',#767,#2055,#4736,.T.);
#4736 = LINE('',#4737,#4738);
#4737 = CARTESIAN_POINT('',(-17.04326475123,-9.850195511729,0.));
#4738 = VECTOR('',#4739,1.);
#4739 = DIRECTION('',(0.,0.,1.));
#4740 = PLANE('',#4741);
#4741 = AXIS2_PLACEMENT_3D('',#4742,#4743,#4744);
#4742 = CARTESIAN_POINT('',(-15.31973948547,-8.065432852446,-0.5));
#4743 = DIRECTION('',(0.719339800339,-0.694658370459,0.));
#4744 = DIRECTION('',(0.,0.,1.));
#4745 = ADVANCED_FACE('',(#4746),#4757,.F.);
#4746 = FACE_BOUND('',#4747,.F.);
#4747 = EDGE_LOOP('',(#4748,#4749,#4750,#4751));
#4748 = ORIENTED_EDGE('',*,*,#626,.T.);
#4749 = ORIENTED_EDGE('',*,*,#4717,.T.);
#4750 = ORIENTED_EDGE('',*,*,#1914,.F.);
#4751 = ORIENTED_EDGE('',*,*,#4752,.F.);
#4752 = EDGE_CURVE('',#627,#1915,#4753,.T.);
#4753 = LINE('',#4754,#4755);
#4754 = CARTESIAN_POINT('',(-18.92956645159,5.400994256116,0.));
#4755 = VECTOR('',#4756,1.);
#4756 = DIRECTION('',(0.,0.,1.));
#4757 = PLANE('',#4758);
#4758 = AXIS2_PLACEMENT_3D('',#4759,#4760,#4761);
#4759 = CARTESIAN_POINT('',(-16.1199899824,5.204529530714,-0.5));
#4760 = DIRECTION('',(-6.975647374413E-02,-0.99756405026,0.));
#4761 = DIRECTION('',(0.,0.,1.));
#4762 = ADVANCED_FACE('',(#4763),#4774,.T.);
#4763 = FACE_BOUND('',#4764,.T.);
#4764 = EDGE_LOOP('',(#4765,#4766,#4767,#4773));
#4765 = ORIENTED_EDGE('',*,*,#4735,.T.);
#4766 = ORIENTED_EDGE('',*,*,#2054,.F.);
#4767 = ORIENTED_EDGE('',*,*,#4768,.F.);
#4768 = EDGE_CURVE('',#759,#2047,#4769,.T.);
#4769 = LINE('',#4770,#4771);
#4770 = CARTESIAN_POINT('',(-17.97258137871,-8.030289134609,0.));
#4771 = VECTOR('',#4772,1.);
#4772 = DIRECTION('',(0.,0.,1.));
#4773 = ORIENTED_EDGE('',*,*,#766,.T.);
#4774 = CYLINDRICAL_SURFACE('',#4775,19.685);
#4775 = AXIS2_PLACEMENT_3D('',#4776,#4777,#4778);
#4776 = CARTESIAN_POINT('',(0.,0.,0.));
#4777 = DIRECTION('',(0.,0.,1.));
#4778 = DIRECTION('',(1.,0.,0.));
#4779 = ADVANCED_FACE('',(#4780),#4791,.T.);
#4780 = FACE_BOUND('',#4781,.T.);
#4781 = EDGE_LOOP('',(#4782,#4788,#4789,#4790));
#4782 = ORIENTED_EDGE('',*,*,#4783,.T.);
#4783 = EDGE_CURVE('',#635,#1923,#4784,.T.);
#4784 = LINE('',#4785,#4786);
#4785 = CARTESIAN_POINT('',(-19.38748188321,3.409511875306,0.));
#4786 = VECTOR('',#4787,1.);
#4787 = DIRECTION('',(0.,0.,1.));
#4788 = ORIENTED_EDGE('',*,*,#1922,.F.);
#4789 = ORIENTED_EDGE('',*,*,#4752,.F.);
#4790 = ORIENTED_EDGE('',*,*,#634,.T.);
#4791 = CYLINDRICAL_SURFACE('',#4792,19.685);
#4792 = AXIS2_PLACEMENT_3D('',#4793,#4794,#4795);
#4793 = CARTESIAN_POINT('',(0.,0.,0.));
#4794 = DIRECTION('',(0.,0.,1.));
#4795 = DIRECTION('',(1.,0.,0.));
#4796 = ADVANCED_FACE('',(#4797),#4808,.F.);
#4797 = FACE_BOUND('',#4798,.F.);
#4798 = EDGE_LOOP('',(#4799,#4800,#4806,#4807));
#4799 = ORIENTED_EDGE('',*,*,#758,.T.);
#4800 = ORIENTED_EDGE('',*,*,#4801,.T.);
#4801 = EDGE_CURVE('',#751,#2039,#4802,.T.);
#4802 = LINE('',#4803,#4804);
#4803 = CARTESIAN_POINT('',(-15.69403584574,-6.37482890291,-0.5));
#4804 = VECTOR('',#4805,1.);
#4805 = DIRECTION('',(0.,0.,1.));
#4806 = ORIENTED_EDGE('',*,*,#2046,.F.);
#4807 = ORIENTED_EDGE('',*,*,#4768,.F.);
#4808 = PLANE('',#4809);
#4809 = AXIS2_PLACEMENT_3D('',#4810,#4811,#4812);
#4810 = CARTESIAN_POINT('',(-15.69403584574,-6.37482890291,-0.5));
#4811 = DIRECTION('',(0.587785252292,-0.809016994375,0.));
#4812 = DIRECTION('',(0.,0.,1.));
#4813 = ADVANCED_FACE('',(#4814),#4825,.T.);
#4814 = FACE_BOUND('',#4815,.T.);
#4815 = EDGE_LOOP('',(#4816,#4817,#4823,#4824));
#4816 = ORIENTED_EDGE('',*,*,#643,.T.);
#4817 = ORIENTED_EDGE('',*,*,#4818,.T.);
#4818 = EDGE_CURVE('',#644,#1932,#4819,.T.);
#4819 = LINE('',#4820,#4821);
#4820 = CARTESIAN_POINT('',(-16.91996160718,3.668858706921,-0.5));
#4821 = VECTOR('',#4822,1.);
#4822 = DIRECTION('',(0.,0.,1.));
#4823 = ORIENTED_EDGE('',*,*,#1931,.F.);
#4824 = ORIENTED_EDGE('',*,*,#4783,.F.);
#4825 = PLANE('',#4826);
#4826 = AXIS2_PLACEMENT_3D('',#4827,#4828,#4829);
#4827 = CARTESIAN_POINT('',(-16.91996160718,3.668858706921,-0.5));
#4828 = DIRECTION('',(0.104528463268,-0.994521895368,0.));
#4829 = DIRECTION('',(0.,0.,1.));
#4830 = ADVANCED_FACE('',(#4831),#4842,.T.);
#4831 = FACE_BOUND('',#4832,.T.);
#4832 = EDGE_LOOP('',(#4833,#4839,#4840,#4841));
#4833 = ORIENTED_EDGE('',*,*,#4834,.F.);
#4834 = EDGE_CURVE('',#743,#2031,#4835,.T.);
#4835 = LINE('',#4836,#4837);
#4836 = CARTESIAN_POINT('',(-16.48754593634,-5.282655960504,-0.5));
#4837 = VECTOR('',#4838,1.);
#4838 = DIRECTION('',(0.,0.,1.));
#4839 = ORIENTED_EDGE('',*,*,#750,.T.);
#4840 = ORIENTED_EDGE('',*,*,#4801,.T.);
#4841 = ORIENTED_EDGE('',*,*,#2038,.F.);
#4842 = PLANE('',#4843);
#4843 = AXIS2_PLACEMENT_3D('',#4844,#4845,#4846);
#4844 = CARTESIAN_POINT('',(-16.48754593634,-5.282655960504,-0.5));
#4845 = DIRECTION('',(-0.809016994375,-0.587785252292,0.));
#4846 = DIRECTION('',(0.,0.,1.));
#4847 = ADVANCED_FACE('',(#4848),#4859,.T.);
#4848 = FACE_BOUND('',#4849,.T.);
#4849 = EDGE_LOOP('',(#4850,#4851,#4852,#4858));
#4850 = ORIENTED_EDGE('',*,*,#4818,.F.);
#4851 = ORIENTED_EDGE('',*,*,#651,.T.);
#4852 = ORIENTED_EDGE('',*,*,#4853,.T.);
#4853 = EDGE_CURVE('',#652,#1940,#4854,.T.);
#4854 = LINE('',#4855,#4856);
#4855 = CARTESIAN_POINT('',(-16.77884818177,2.326254148174,-0.5));
#4856 = VECTOR('',#4857,1.);
#4857 = DIRECTION('',(0.,0.,1.));
#4858 = ORIENTED_EDGE('',*,*,#1939,.F.);
#4859 = PLANE('',#4860);
#4860 = AXIS2_PLACEMENT_3D('',#4861,#4862,#4863);
#4861 = CARTESIAN_POINT('',(-16.91996160718,3.668858706921,-0.5));
#4862 = DIRECTION('',(-0.994521895368,-0.104528463268,0.));
#4863 = DIRECTION('',(0.,0.,1.));
#4864 = ADVANCED_FACE('',(#4865),#4876,.T.);
#4865 = FACE_BOUND('',#4866,.T.);
#4866 = EDGE_LOOP('',(#4867,#4868,#4869,#4870));
#4867 = ORIENTED_EDGE('',*,*,#742,.T.);
#4868 = ORIENTED_EDGE('',*,*,#4834,.T.);
#4869 = ORIENTED_EDGE('',*,*,#2030,.F.);
#4870 = ORIENTED_EDGE('',*,*,#4871,.F.);
#4871 = EDGE_CURVE('',#734,#2022,#4872,.T.);
#4872 = LINE('',#4873,#4874);
#4873 = CARTESIAN_POINT('',(-18.49480776393,-6.74101704309,0.));
#4874 = VECTOR('',#4875,1.);
#4875 = DIRECTION('',(0.,0.,1.));
#4876 = PLANE('',#4877);
#4877 = AXIS2_PLACEMENT_3D('',#4878,#4879,#4880);
#4878 = CARTESIAN_POINT('',(-16.48754593634,-5.282655960504,-0.5));
#4879 = DIRECTION('',(0.587785252292,-0.809016994375,0.));
#4880 = DIRECTION('',(0.,0.,1.));
#4881 = ADVANCED_FACE('',(#4882),#4893,.F.);
#4882 = FACE_BOUND('',#4883,.F.);
#4883 = EDGE_LOOP('',(#4884,#4885,#4886,#4887));
#4884 = ORIENTED_EDGE('',*,*,#659,.T.);
#4885 = ORIENTED_EDGE('',*,*,#4853,.T.);
#4886 = ORIENTED_EDGE('',*,*,#1947,.F.);
#4887 = ORIENTED_EDGE('',*,*,#4888,.F.);
#4888 = EDGE_CURVE('',#660,#1948,#4889,.T.);
#4889 = LINE('',#4890,#4891);
#4890 = CARTESIAN_POINT('',(-19.57985661285,2.031856299052,0.));
#4891 = VECTOR('',#4892,1.);
#4892 = DIRECTION('',(0.,0.,1.));
#4893 = PLANE('',#4894);
#4894 = AXIS2_PLACEMENT_3D('',#4895,#4896,#4897);
#4895 = CARTESIAN_POINT('',(-16.77884818177,2.326254148174,-0.5));
#4896 = DIRECTION('',(0.104528463268,-0.994521895368,0.));
#4897 = DIRECTION('',(0.,0.,1.));
#4898 = ADVANCED_FACE('',(#4899),#4910,.T.);
#4899 = FACE_BOUND('',#4900,.T.);
#4900 = EDGE_LOOP('',(#4901,#4902,#4903,#4909));
#4901 = ORIENTED_EDGE('',*,*,#4871,.T.);
#4902 = ORIENTED_EDGE('',*,*,#2021,.F.);
#4903 = ORIENTED_EDGE('',*,*,#4904,.F.);
#4904 = EDGE_CURVE('',#726,#2014,#4905,.T.);
#4905 = LINE('',#4906,#4907);
#4906 = CARTESIAN_POINT('',(-19.09398255776,-4.787384994308,0.));
#4907 = VECTOR('',#4908,1.);
#4908 = DIRECTION('',(0.,0.,1.));
#4909 = ORIENTED_EDGE('',*,*,#733,.T.);
#4910 = CYLINDRICAL_SURFACE('',#4911,19.685);
#4911 = AXIS2_PLACEMENT_3D('',#4912,#4913,#4914);
#4912 = CARTESIAN_POINT('',(0.,0.,0.));
#4913 = DIRECTION('',(0.,0.,1.));
#4914 = DIRECTION('',(1.,0.,0.));
#4915 = ADVANCED_FACE('',(#4916),#4927,.T.);
#4916 = FACE_BOUND('',#4917,.T.);
#4917 = EDGE_LOOP('',(#4918,#4924,#4925,#4926));
#4918 = ORIENTED_EDGE('',*,*,#4919,.T.);
#4919 = EDGE_CURVE('',#668,#1956,#4920,.T.);
#4920 = LINE('',#4921,#4922);
#4921 = CARTESIAN_POINT('',(-19.68499799385,-8.887169782937E-03,0.));
#4922 = VECTOR('',#4923,1.);
#4923 = DIRECTION('',(0.,0.,1.));
#4924 = ORIENTED_EDGE('',*,*,#1955,.F.);
#4925 = ORIENTED_EDGE('',*,*,#4888,.F.);
#4926 = ORIENTED_EDGE('',*,*,#667,.T.);
#4927 = CYLINDRICAL_SURFACE('',#4928,19.685);
#4928 = AXIS2_PLACEMENT_3D('',#4929,#4930,#4931);
#4929 = CARTESIAN_POINT('',(0.,0.,0.));
#4930 = DIRECTION('',(0.,0.,1.));
#4931 = DIRECTION('',(1.,0.,0.));
#4932 = ADVANCED_FACE('',(#4933),#4944,.F.);
#4933 = FACE_BOUND('',#4934,.F.);
#4934 = EDGE_LOOP('',(#4935,#4936,#4942,#4943));
#4935 = ORIENTED_EDGE('',*,*,#725,.T.);
#4936 = ORIENTED_EDGE('',*,*,#4937,.T.);
#4937 = EDGE_CURVE('',#718,#2006,#4938,.T.);
#4938 = LINE('',#4939,#4940);
#4939 = CARTESIAN_POINT('',(-16.56258559887,-3.552740202859,-0.5));
#4940 = VECTOR('',#4941,1.);
#4941 = DIRECTION('',(0.,0.,1.));
#4942 = ORIENTED_EDGE('',*,*,#2013,.F.);
#4943 = ORIENTED_EDGE('',*,*,#4904,.F.);
#4944 = PLANE('',#4945);
#4945 = AXIS2_PLACEMENT_3D('',#4946,#4947,#4948);
#4946 = CARTESIAN_POINT('',(-16.56258559887,-3.552740202859,-0.5));
#4947 = DIRECTION('',(0.438371146789,-0.898794046299,0.));
#4948 = DIRECTION('',(0.,0.,1.));
#4949 = ADVANCED_FACE('',(#4950),#4961,.T.);
#4950 = FACE_BOUND('',#4951,.T.);
#4951 = EDGE_LOOP('',(#4952,#4953,#4959,#4960));
#4952 = ORIENTED_EDGE('',*,*,#676,.T.);
#4953 = ORIENTED_EDGE('',*,*,#4954,.T.);
#4954 = EDGE_CURVE('',#677,#1965,#4955,.T.);
#4955 = LINE('',#4956,#4957);
#4956 = CARTESIAN_POINT('',(-17.3,0.675,-0.5));
#4957 = VECTOR('',#4958,1.);
#4958 = DIRECTION('',(0.,0.,1.));
#4959 = ORIENTED_EDGE('',*,*,#1964,.F.);
#4960 = ORIENTED_EDGE('',*,*,#4919,.F.);
#4961 = PLANE('',#4962);
#4962 = AXIS2_PLACEMENT_3D('',#4963,#4964,#4965);
#4963 = CARTESIAN_POINT('',(-17.3,0.675,-0.5));
#4964 = DIRECTION('',(0.275637355817,-0.961261695938,0.));
#4965 = DIRECTION('',(0.,0.,1.));
#4966 = ADVANCED_FACE('',(#4967),#4978,.T.);
#4967 = FACE_BOUND('',#4968,.T.);
#4968 = EDGE_LOOP('',(#4969,#4975,#4976,#4977));
#4969 = ORIENTED_EDGE('',*,*,#4970,.F.);
#4970 = EDGE_CURVE('',#710,#1998,#4971,.T.);
#4971 = LINE('',#4972,#4973);
#4972 = CARTESIAN_POINT('',(-17.15438664703,-2.339368240355,-0.5));
#4973 = VECTOR('',#4974,1.);
#4974 = DIRECTION('',(0.,0.,1.));
#4975 = ORIENTED_EDGE('',*,*,#717,.T.);
#4976 = ORIENTED_EDGE('',*,*,#4937,.T.);
#4977 = ORIENTED_EDGE('',*,*,#2005,.F.);
#4978 = PLANE('',#4979);
#4979 = AXIS2_PLACEMENT_3D('',#4980,#4981,#4982);
#4980 = CARTESIAN_POINT('',(-17.15438664703,-2.339368240355,-0.5));
#4981 = DIRECTION('',(-0.898794046299,-0.438371146789,0.));
#4982 = DIRECTION('',(0.,0.,1.));
#4983 = ADVANCED_FACE('',(#4984),#4995,.T.);
#4984 = FACE_BOUND('',#4985,.T.);
#4985 = EDGE_LOOP('',(#4986,#4987,#4988,#4994));
#4986 = ORIENTED_EDGE('',*,*,#4954,.F.);
#4987 = ORIENTED_EDGE('',*,*,#684,.T.);
#4988 = ORIENTED_EDGE('',*,*,#4989,.T.);
#4989 = EDGE_CURVE('',#685,#1973,#4990,.T.);
#4990 = LINE('',#4991,#4992);
#4991 = CARTESIAN_POINT('',(-16.92788956964,-0.622703289517,-0.5));
#4992 = VECTOR('',#4993,1.);
#4993 = DIRECTION('',(0.,0.,1.));
#4994 = ORIENTED_EDGE('',*,*,#1972,.F.);
#4995 = PLANE('',#4996);
#4996 = AXIS2_PLACEMENT_3D('',#4997,#4998,#4999);
#4997 = CARTESIAN_POINT('',(-17.3,0.675,-0.5));
#4998 = DIRECTION('',(-0.961261695938,-0.275637355817,0.));
#4999 = DIRECTION('',(0.,0.,1.));
#5000 = ADVANCED_FACE('',(#5001),#5012,.T.);
#5001 = FACE_BOUND('',#5002,.T.);
#5002 = EDGE_LOOP('',(#5003,#5004,#5005,#5006));
#5003 = ORIENTED_EDGE('',*,*,#709,.T.);
#5004 = ORIENTED_EDGE('',*,*,#4970,.T.);
#5005 = ORIENTED_EDGE('',*,*,#1997,.F.);
#5006 = ORIENTED_EDGE('',*,*,#5007,.F.);
#5007 = EDGE_CURVE('',#701,#1989,#5008,.T.);
#5008 = LINE('',#5009,#5010);
#5009 = CARTESIAN_POINT('',(-19.38439540154,-3.427016182715,0.));
#5010 = VECTOR('',#5011,1.);
#5011 = DIRECTION('',(0.,0.,1.));
#5012 = PLANE('',#5013);
#5013 = AXIS2_PLACEMENT_3D('',#5014,#5015,#5016);
#5014 = CARTESIAN_POINT('',(-17.15438664703,-2.339368240355,-0.5));
#5015 = DIRECTION('',(0.438371146789,-0.898794046299,0.));
#5016 = DIRECTION('',(0.,0.,1.));
#5017 = ADVANCED_FACE('',(#5018),#5029,.F.);
#5018 = FACE_BOUND('',#5019,.F.);
#5019 = EDGE_LOOP('',(#5020,#5021,#5022,#5023));
#5020 = ORIENTED_EDGE('',*,*,#692,.T.);
#5021 = ORIENTED_EDGE('',*,*,#4989,.T.);
#5022 = ORIENTED_EDGE('',*,*,#1980,.F.);
#5023 = ORIENTED_EDGE('',*,*,#5024,.F.);
#5024 = EDGE_CURVE('',#693,#1981,#5025,.T.);
#5025 = LINE('',#5026,#5027);
#5026 = CARTESIAN_POINT('',(-19.63522273881,-1.399018583489,0.));
#5027 = VECTOR('',#5028,1.);
#5028 = DIRECTION('',(0.,0.,1.));
#5029 = PLANE('',#5030);
#5030 = AXIS2_PLACEMENT_3D('',#5031,#5032,#5033);
#5031 = CARTESIAN_POINT('',(-16.92788956964,-0.622703289517,-0.5));
#5032 = DIRECTION('',(0.275637355817,-0.961261695938,0.));
#5033 = DIRECTION('',(0.,0.,1.));
#5034 = ADVANCED_FACE('',(#5035),#5041,.T.);
#5035 = FACE_BOUND('',#5036,.T.);
#5036 = EDGE_LOOP('',(#5037,#5038,#5039,#5040));
#5037 = ORIENTED_EDGE('',*,*,#5007,.T.);
#5038 = ORIENTED_EDGE('',*,*,#1988,.F.);
#5039 = ORIENTED_EDGE('',*,*,#5024,.F.);
#5040 = ORIENTED_EDGE('',*,*,#700,.T.);
#5041 = CYLINDRICAL_SURFACE('',#5042,19.685);
#5042 = AXIS2_PLACEMENT_3D('',#5043,#5044,#5045);
#5043 = CARTESIAN_POINT('',(0.,0.,0.));
#5044 = DIRECTION('',(0.,0.,1.));
#5045 = DIRECTION('',(1.,0.,0.));
#5046 = ADVANCED_FACE('',(#5047),#5058,.F.);
#5047 = FACE_BOUND('',#5048,.F.);
#5048 = EDGE_LOOP('',(#5049,#5050,#5056,#5057));
#5049 = ORIENTED_EDGE('',*,*,#2558,.F.);
#5050 = ORIENTED_EDGE('',*,*,#5051,.F.);
#5051 = EDGE_CURVE('',#1278,#2559,#5052,.T.);
#5052 = LINE('',#5053,#5054);
#5053 = CARTESIAN_POINT('',(-5.2,-11.25833024919,-1.));
#5054 = VECTOR('',#5055,1.);
#5055 = DIRECTION('',(0.,0.,1.));
#5056 = ORIENTED_EDGE('',*,*,#1277,.T.);
#5057 = ORIENTED_EDGE('',*,*,#5051,.T.);
#5058 = CYLINDRICAL_SURFACE('',#5059,1.3);
#5059 = AXIS2_PLACEMENT_3D('',#5060,#5061,#5062);
#5060 = CARTESIAN_POINT('',(-6.5,-11.25833024919,-1.));
#5061 = DIRECTION('',(0.,0.,1.));
#5062 = DIRECTION('',(1.,0.,0.));
#5063 = ADVANCED_FACE('',(#5064),#5075,.F.);
#5064 = FACE_BOUND('',#5065,.F.);
#5065 = EDGE_LOOP('',(#5066,#5067,#5073,#5074));
#5066 = ORIENTED_EDGE('',*,*,#2569,.F.);
#5067 = ORIENTED_EDGE('',*,*,#5068,.F.);
#5068 = EDGE_CURVE('',#1289,#2570,#5069,.T.);
#5069 = LINE('',#5070,#5071);
#5070 = CARTESIAN_POINT('',(8.95,-11.69134295109,-1.));
#5071 = VECTOR('',#5072,1.);
#5072 = DIRECTION('',(0.,0.,1.));
#5073 = ORIENTED_EDGE('',*,*,#1288,.T.);
#5074 = ORIENTED_EDGE('',*,*,#5068,.T.);
#5075 = CYLINDRICAL_SURFACE('',#5076,2.2);
#5076 = AXIS2_PLACEMENT_3D('',#5077,#5078,#5079);
#5077 = CARTESIAN_POINT('',(6.75,-11.69134295109,-1.));
#5078 = DIRECTION('',(0.,0.,1.));
#5079 = DIRECTION('',(1.,0.,0.));
#5080 = ADVANCED_FACE('',(#5081),#5092,.F.);
#5081 = FACE_BOUND('',#5082,.F.);
#5082 = EDGE_LOOP('',(#5083,#5084,#5090,#5091));
#5083 = ORIENTED_EDGE('',*,*,#2580,.F.);
#5084 = ORIENTED_EDGE('',*,*,#5085,.F.);
#5085 = EDGE_CURVE('',#1300,#2581,#5086,.T.);
#5086 = LINE('',#5087,#5088);
#5087 = CARTESIAN_POINT('',(-11.3,1.114428587224E-15,-1.));
#5088 = VECTOR('',#5089,1.);
#5089 = DIRECTION('',(0.,0.,1.));
#5090 = ORIENTED_EDGE('',*,*,#1299,.T.);
#5091 = ORIENTED_EDGE('',*,*,#5085,.T.);
#5092 = CYLINDRICAL_SURFACE('',#5093,2.2);
#5093 = AXIS2_PLACEMENT_3D('',#5094,#5095,#5096);
#5094 = CARTESIAN_POINT('',(-13.5,1.653273178849E-15,-1.));
#5095 = DIRECTION('',(0.,0.,1.));
#5096 = DIRECTION('',(1.,0.,0.));
#5097 = ADVANCED_FACE('',(#5098),#5109,.F.);
#5098 = FACE_BOUND('',#5099,.F.);
#5099 = EDGE_LOOP('',(#5100,#5101,#5107,#5108));
#5100 = ORIENTED_EDGE('',*,*,#2591,.F.);
#5101 = ORIENTED_EDGE('',*,*,#5102,.F.);
#5102 = EDGE_CURVE('',#1311,#2592,#5103,.T.);
#5103 = LINE('',#5104,#5105);
#5104 = CARTESIAN_POINT('',(-5.2,11.258330249198,-1.));
#5105 = VECTOR('',#5106,1.);
#5106 = DIRECTION('',(0.,0.,1.));
#5107 = ORIENTED_EDGE('',*,*,#1310,.T.);
#5108 = ORIENTED_EDGE('',*,*,#5102,.T.);
#5109 = CYLINDRICAL_SURFACE('',#5110,1.3);
#5110 = AXIS2_PLACEMENT_3D('',#5111,#5112,#5113);
#5111 = CARTESIAN_POINT('',(-6.5,11.258330249198,-1.));
#5112 = DIRECTION('',(0.,0.,1.));
#5113 = DIRECTION('',(1.,0.,0.));
#5114 = ADVANCED_FACE('',(#5115),#5126,.F.);
#5115 = FACE_BOUND('',#5116,.F.);
#5116 = EDGE_LOOP('',(#5117,#5118,#5124,#5125));
#5117 = ORIENTED_EDGE('',*,*,#2602,.F.);
#5118 = ORIENTED_EDGE('',*,*,#5119,.F.);
#5119 = EDGE_CURVE('',#1322,#2603,#5120,.T.);
#5120 = LINE('',#5121,#5122);
#5121 = CARTESIAN_POINT('',(9.5,-2.32682891838E-15,-1.));
#5122 = VECTOR('',#5123,1.);
#5123 = DIRECTION('',(0.,0.,1.));
#5124 = ORIENTED_EDGE('',*,*,#1321,.T.);
#5125 = ORIENTED_EDGE('',*,*,#5119,.T.);
#5126 = CYLINDRICAL_SURFACE('',#5127,9.5);
#5127 = AXIS2_PLACEMENT_3D('',#5128,#5129,#5130);
#5128 = CARTESIAN_POINT('',(0.,0.,-1.));
#5129 = DIRECTION('',(0.,0.,1.));
#5130 = DIRECTION('',(1.,0.,0.));
#5131 = ADVANCED_FACE('',(#5132),#5143,.F.);
#5132 = FACE_BOUND('',#5133,.F.);
#5133 = EDGE_LOOP('',(#5134,#5135,#5141,#5142));
#5134 = ORIENTED_EDGE('',*,*,#2613,.F.);
#5135 = ORIENTED_EDGE('',*,*,#5136,.F.);
#5136 = EDGE_CURVE('',#1333,#2614,#5137,.T.);
#5137 = LINE('',#5138,#5139);
#5138 = CARTESIAN_POINT('',(14.3,-3.184081677783E-16,-1.));
#5139 = VECTOR('',#5140,1.);
#5140 = DIRECTION('',(0.,0.,1.));
#5141 = ORIENTED_EDGE('',*,*,#1332,.T.);
#5142 = ORIENTED_EDGE('',*,*,#5136,.T.);
#5143 = CYLINDRICAL_SURFACE('',#5144,1.3);
#5144 = AXIS2_PLACEMENT_3D('',#5145,#5146,#5147);
#5145 = CARTESIAN_POINT('',(13.,0.,-1.));
#5146 = DIRECTION('',(0.,0.,1.));
#5147 = DIRECTION('',(1.,0.,0.));
#5148 = ADVANCED_FACE('',(#5149),#5160,.F.);
#5149 = FACE_BOUND('',#5150,.F.);
#5150 = EDGE_LOOP('',(#5151,#5152,#5158,#5159));
#5151 = ORIENTED_EDGE('',*,*,#2624,.F.);
#5152 = ORIENTED_EDGE('',*,*,#5153,.F.);
#5153 = EDGE_CURVE('',#1344,#2625,#5154,.T.);
#5154 = LINE('',#5155,#5156);
#5155 = CARTESIAN_POINT('',(8.95,11.69134295109,-1.));
#5156 = VECTOR('',#5157,1.);
#5157 = DIRECTION('',(0.,0.,1.));
#5158 = ORIENTED_EDGE('',*,*,#1343,.T.);
#5159 = ORIENTED_EDGE('',*,*,#5153,.T.);
#5160 = CYLINDRICAL_SURFACE('',#5161,2.2);
#5161 = AXIS2_PLACEMENT_3D('',#5162,#5163,#5164);
#5162 = CARTESIAN_POINT('',(6.75,11.69134295109,-1.));
#5163 = DIRECTION('',(0.,0.,1.));
#5164 = DIRECTION('',(1.,0.,0.));
#5165 = ( GEOMETRIC_REPRESENTATION_CONTEXT(3) 
GLOBAL_UNCERTAINTY_ASSIGNED_CONTEXT((#5169)) 
GLOBAL_UNIT_ASSIGNED_CONTEXT((#5166,#5167,#5168)) REPRESENTATION_CONTEXT
('Context #1','3D Context with UNIT and UNCERTAINTY') );
#5166 = ( LENGTH_UNIT() NAMED_UNIT(*) SI_UNIT(.MILLI.,.METRE.) );
#5167 = ( NAMED_UNIT(*) PLANE_ANGLE_UNIT() SI_UNIT($,.RADIAN.) );
#5168 = ( NAMED_UNIT(*) SI_UNIT($,.STERADIAN.) SOLID_ANGLE_UNIT() );
#5169 = UNCERTAINTY_MEASURE_WITH_UNIT(LENGTH_MEASURE(2.E-07),#5166,
  'distance_accuracy_value','confusion accuracy');
#5170 = PRODUCT_RELATED_PRODUCT_CATEGORY('part',$,(#7));
ENDSEC;
END-ISO-10303-21;
