ISO-10303-21;
HEADER;
FILE_DESCRIPTION(('FreeCAD Model'),'2;1');
FILE_NAME('Open CASCADE Shape Model','2026-10-04T15:25:30',('FreeCAD'),(
    'FreeCAD'),'Open CASCADE STEP processor 7.8','FreeCAD','Unknown');
FILE_SCHEMA(('AUTOMOTIVE_DESIGN { 1 0 10303 214 1 1 1 1 }'));
ENDSEC;
DATA;
#1 = APPLICATION_PROTOCOL_DEFINITION('international standard',
  'automotive_design',2000,#2);
#2 = APPLICATION_CONTEXT(
  'core data for automotive mechanical design processes');
#3 = SHAPE_DEFINITION_REPRESENTATION(#4,#10);
#4 = PRODUCT_DEFINITION_SHAPE('','',#5);
#5 = PRODUCT_DEFINITION('design','',#6,#9);
#6 = PRODUCT_DEFINITION_FORMATION('','',#7);
#7 = PRODUCT('Open CASCADE STEP translator 7.8 6',
  'Open CASCADE STEP translator 7.8 6','',(#8));
#8 = PRODUCT_CONTEXT('',#2,'mechanical');
#9 = PRODUCT_DEFINITION_CONTEXT('part definition',#2,'design');
#10 = SHAPE_REPRESENTATION('',(#11,#15,#307,#2328),#2478);
#11 = AXIS2_PLACEMENT_3D('',#12,#13,#14);
#12 = CARTESIAN_POINT('',(0.,0.,0.));
#13 = DIRECTION('',(0.,0.,1.));
#14 = DIRECTION('',(1.,0.,-0.));
#15 = MANIFOLD_SOLID_BREP('',#16);
#16 = CLOSED_SHELL('',(#17,#57,#88,#112,#136,#187,#199,#230,#254,#278,
    #295));
#17 = ADVANCED_FACE('',(#18),#52,.F.);
#18 = FACE_BOUND('',#19,.F.);
#19 = EDGE_LOOP('',(#20,#30,#38,#46));
#20 = ORIENTED_EDGE('',*,*,#21,.F.);
#21 = EDGE_CURVE('',#22,#24,#26,.T.);
#22 = VERTEX_POINT('',#23);
#23 = CARTESIAN_POINT('',(-162.,-105.,-2.));
#24 = VERTEX_POINT('',#25);
#25 = CARTESIAN_POINT('',(-162.,-105.,22.));
#26 = LINE('',#27,#28);
#27 = CARTESIAN_POINT('',(-162.,-105.,-2.));
#28 = VECTOR('',#29,1.);
#29 = DIRECTION('',(0.,0.,1.));
#30 = ORIENTED_EDGE('',*,*,#31,.T.);
#31 = EDGE_CURVE('',#22,#32,#34,.T.);
#32 = VERTEX_POINT('',#33);
#33 = CARTESIAN_POINT('',(-162.,-69.,-2.));
#34 = LINE('',#35,#36);
#35 = CARTESIAN_POINT('',(-162.,-105.,-2.));
#36 = VECTOR('',#37,1.);
#37 = DIRECTION('',(0.,1.,0.));
#38 = ORIENTED_EDGE('',*,*,#39,.T.);
#39 = EDGE_CURVE('',#32,#40,#42,.T.);
#40 = VERTEX_POINT('',#41);
#41 = CARTESIAN_POINT('',(-162.,-69.,22.));
#42 = LINE('',#43,#44);
#43 = CARTESIAN_POINT('',(-162.,-69.,-2.));
#44 = VECTOR('',#45,1.);
#45 = DIRECTION('',(0.,0.,1.));
#46 = ORIENTED_EDGE('',*,*,#47,.F.);
#47 = EDGE_CURVE('',#24,#40,#48,.T.);
#48 = LINE('',#49,#50);
#49 = CARTESIAN_POINT('',(-162.,-105.,22.));
#50 = VECTOR('',#51,1.);
#51 = DIRECTION('',(0.,1.,0.));
#52 = PLANE('',#53);
#53 = AXIS2_PLACEMENT_3D('',#54,#55,#56);
#54 = CARTESIAN_POINT('',(-162.,-105.,-2.));
#55 = DIRECTION('',(1.,0.,0.));
#56 = DIRECTION('',(0.,0.,1.));
#57 = ADVANCED_FACE('',(#58),#83,.F.);
#58 = FACE_BOUND('',#59,.F.);
#59 = EDGE_LOOP('',(#60,#68,#69,#77));
#60 = ORIENTED_EDGE('',*,*,#61,.F.);
#61 = EDGE_CURVE('',#22,#62,#64,.T.);
#62 = VERTEX_POINT('',#63);
#63 = CARTESIAN_POINT('',(-134.,-105.,-2.));
#64 = LINE('',#65,#66);
#65 = CARTESIAN_POINT('',(-162.,-105.,-2.));
#66 = VECTOR('',#67,1.);
#67 = DIRECTION('',(1.,0.,0.));
#68 = ORIENTED_EDGE('',*,*,#21,.T.);
#69 = ORIENTED_EDGE('',*,*,#70,.T.);
#70 = EDGE_CURVE('',#24,#71,#73,.T.);
#71 = VERTEX_POINT('',#72);
#72 = CARTESIAN_POINT('',(-134.,-105.,22.));
#73 = LINE('',#74,#75);
#74 = CARTESIAN_POINT('',(-162.,-105.,22.));
#75 = VECTOR('',#76,1.);
#76 = DIRECTION('',(1.,0.,0.));
#77 = ORIENTED_EDGE('',*,*,#78,.F.);
#78 = EDGE_CURVE('',#62,#71,#79,.T.);
#79 = LINE('',#80,#81);
#80 = CARTESIAN_POINT('',(-134.,-105.,-2.));
#81 = VECTOR('',#82,1.);
#82 = DIRECTION('',(0.,0.,1.));
#83 = PLANE('',#84);
#84 = AXIS2_PLACEMENT_3D('',#85,#86,#87);
#85 = CARTESIAN_POINT('',(-162.,-105.,-2.));
#86 = DIRECTION('',(0.,1.,0.));
#87 = DIRECTION('',(0.,0.,1.));
#88 = ADVANCED_FACE('',(#89),#107,.T.);
#89 = FACE_BOUND('',#90,.T.);
#90 = EDGE_LOOP('',(#91,#92,#93,#101));
#91 = ORIENTED_EDGE('',*,*,#47,.F.);
#92 = ORIENTED_EDGE('',*,*,#70,.T.);
#93 = ORIENTED_EDGE('',*,*,#94,.T.);
#94 = EDGE_CURVE('',#71,#95,#97,.T.);
#95 = VERTEX_POINT('',#96);
#96 = CARTESIAN_POINT('',(-134.,-69.,22.));
#97 = LINE('',#98,#99);
#98 = CARTESIAN_POINT('',(-134.,-105.,22.));
#99 = VECTOR('',#100,1.);
#100 = DIRECTION('',(0.,1.,0.));
#101 = ORIENTED_EDGE('',*,*,#102,.F.);
#102 = EDGE_CURVE('',#40,#95,#103,.T.);
#103 = LINE('',#104,#105);
#104 = CARTESIAN_POINT('',(-162.,-69.,22.));
#105 = VECTOR('',#106,1.);
#106 = DIRECTION('',(1.,0.,0.));
#107 = PLANE('',#108);
#108 = AXIS2_PLACEMENT_3D('',#109,#110,#111);
#109 = CARTESIAN_POINT('',(-162.,-105.,22.));
#110 = DIRECTION('',(0.,0.,1.));
#111 = DIRECTION('',(1.,0.,0.));
#112 = ADVANCED_FACE('',(#113),#131,.T.);
#113 = FACE_BOUND('',#114,.T.);
#114 = EDGE_LOOP('',(#115,#123,#124,#125));
#115 = ORIENTED_EDGE('',*,*,#116,.F.);
#116 = EDGE_CURVE('',#32,#117,#119,.T.);
#117 = VERTEX_POINT('',#118);
#118 = CARTESIAN_POINT('',(-134.,-69.,-2.));
#119 = LINE('',#120,#121);
#120 = CARTESIAN_POINT('',(-162.,-69.,-2.));
#121 = VECTOR('',#122,1.);
#122 = DIRECTION('',(1.,0.,0.));
#123 = ORIENTED_EDGE('',*,*,#39,.T.);
#124 = ORIENTED_EDGE('',*,*,#102,.T.);
#125 = ORIENTED_EDGE('',*,*,#126,.F.);
#126 = EDGE_CURVE('',#117,#95,#127,.T.);
#127 = LINE('',#128,#129);
#128 = CARTESIAN_POINT('',(-134.,-69.,-2.));
#129 = VECTOR('',#130,1.);
#130 = DIRECTION('',(0.,0.,1.));
#131 = PLANE('',#132);
#132 = AXIS2_PLACEMENT_3D('',#133,#134,#135);
#133 = CARTESIAN_POINT('',(-162.,-69.,-2.));
#134 = DIRECTION('',(0.,1.,0.));
#135 = DIRECTION('',(0.,0.,1.));
#136 = ADVANCED_FACE('',(#137,#148),#182,.F.);
#137 = FACE_BOUND('',#138,.F.);
#138 = EDGE_LOOP('',(#139,#140,#141,#147));
#139 = ORIENTED_EDGE('',*,*,#31,.F.);
#140 = ORIENTED_EDGE('',*,*,#61,.T.);
#141 = ORIENTED_EDGE('',*,*,#142,.T.);
#142 = EDGE_CURVE('',#62,#117,#143,.T.);
#143 = LINE('',#144,#145);
#144 = CARTESIAN_POINT('',(-134.,-105.,-2.));
#145 = VECTOR('',#146,1.);
#146 = DIRECTION('',(0.,1.,0.));
#147 = ORIENTED_EDGE('',*,*,#116,.F.);
#148 = FACE_BOUND('',#149,.F.);
#149 = EDGE_LOOP('',(#150,#160,#168,#176));
#150 = ORIENTED_EDGE('',*,*,#151,.T.);
#151 = EDGE_CURVE('',#152,#154,#156,.T.);
#152 = VERTEX_POINT('',#153);
#153 = CARTESIAN_POINT('',(-136.,-100.,-2.));
#154 = VERTEX_POINT('',#155);
#155 = CARTESIAN_POINT('',(-158.,-100.,-2.));
#156 = LINE('',#157,#158);
#157 = CARTESIAN_POINT('',(-160.,-100.,-2.));
#158 = VECTOR('',#159,1.);
#159 = DIRECTION('',(-1.,0.,0.));
#160 = ORIENTED_EDGE('',*,*,#161,.T.);
#161 = EDGE_CURVE('',#154,#162,#164,.T.);
#162 = VERTEX_POINT('',#163);
#163 = CARTESIAN_POINT('',(-158.,-76.,-2.));
#164 = LINE('',#165,#166);
#165 = CARTESIAN_POINT('',(-158.,-102.5,-2.));
#166 = VECTOR('',#167,1.);
#167 = DIRECTION('',(0.,1.,0.));
#168 = ORIENTED_EDGE('',*,*,#169,.F.);
#169 = EDGE_CURVE('',#170,#162,#172,.T.);
#170 = VERTEX_POINT('',#171);
#171 = CARTESIAN_POINT('',(-136.,-76.,-2.));
#172 = LINE('',#173,#174);
#173 = CARTESIAN_POINT('',(-160.,-76.,-2.));
#174 = VECTOR('',#175,1.);
#175 = DIRECTION('',(-1.,0.,0.));
#176 = ORIENTED_EDGE('',*,*,#177,.F.);
#177 = EDGE_CURVE('',#152,#170,#178,.T.);
#178 = LINE('',#179,#180);
#179 = CARTESIAN_POINT('',(-136.,-102.5,-2.));
#180 = VECTOR('',#181,1.);
#181 = DIRECTION('',(0.,1.,0.));
#182 = PLANE('',#183);
#183 = AXIS2_PLACEMENT_3D('',#184,#185,#186);
#184 = CARTESIAN_POINT('',(-162.,-105.,-2.));
#185 = DIRECTION('',(0.,0.,1.));
#186 = DIRECTION('',(1.,0.,0.));
#187 = ADVANCED_FACE('',(#188),#194,.T.);
#188 = FACE_BOUND('',#189,.T.);
#189 = EDGE_LOOP('',(#190,#191,#192,#193));
#190 = ORIENTED_EDGE('',*,*,#78,.F.);
#191 = ORIENTED_EDGE('',*,*,#142,.T.);
#192 = ORIENTED_EDGE('',*,*,#126,.T.);
#193 = ORIENTED_EDGE('',*,*,#94,.F.);
#194 = PLANE('',#195);
#195 = AXIS2_PLACEMENT_3D('',#196,#197,#198);
#196 = CARTESIAN_POINT('',(-134.,-105.,-2.));
#197 = DIRECTION('',(1.,0.,0.));
#198 = DIRECTION('',(0.,0.,1.));
#199 = ADVANCED_FACE('',(#200),#225,.F.);
#200 = FACE_BOUND('',#201,.F.);
#201 = EDGE_LOOP('',(#202,#210,#218,#224));
#202 = ORIENTED_EDGE('',*,*,#203,.F.);
#203 = EDGE_CURVE('',#204,#152,#206,.T.);
#204 = VERTEX_POINT('',#205);
#205 = CARTESIAN_POINT('',(-136.,-100.,-4.5));
#206 = LINE('',#207,#208);
#207 = CARTESIAN_POINT('',(-136.,-100.,-4.5));
#208 = VECTOR('',#209,1.);
#209 = DIRECTION('',(0.,0.,1.));
#210 = ORIENTED_EDGE('',*,*,#211,.F.);
#211 = EDGE_CURVE('',#212,#204,#214,.T.);
#212 = VERTEX_POINT('',#213);
#213 = CARTESIAN_POINT('',(-158.,-100.,-4.5));
#214 = LINE('',#215,#216);
#215 = CARTESIAN_POINT('',(-158.,-100.,-4.5));
#216 = VECTOR('',#217,1.);
#217 = DIRECTION('',(1.,0.,0.));
#218 = ORIENTED_EDGE('',*,*,#219,.T.);
#219 = EDGE_CURVE('',#212,#154,#220,.T.);
#220 = LINE('',#221,#222);
#221 = CARTESIAN_POINT('',(-158.,-100.,-4.5));
#222 = VECTOR('',#223,1.);
#223 = DIRECTION('',(0.,0.,1.));
#224 = ORIENTED_EDGE('',*,*,#151,.F.);
#225 = PLANE('',#226);
#226 = AXIS2_PLACEMENT_3D('',#227,#228,#229);
#227 = CARTESIAN_POINT('',(-158.,-100.,-4.5));
#228 = DIRECTION('',(0.,1.,0.));
#229 = DIRECTION('',(0.,0.,1.));
#230 = ADVANCED_FACE('',(#231),#249,.T.);
#231 = FACE_BOUND('',#232,.T.);
#232 = EDGE_LOOP('',(#233,#234,#242,#248));
#233 = ORIENTED_EDGE('',*,*,#203,.F.);
#234 = ORIENTED_EDGE('',*,*,#235,.T.);
#235 = EDGE_CURVE('',#204,#236,#238,.T.);
#236 = VERTEX_POINT('',#237);
#237 = CARTESIAN_POINT('',(-136.,-76.,-4.5));
#238 = LINE('',#239,#240);
#239 = CARTESIAN_POINT('',(-136.,-100.,-4.5));
#240 = VECTOR('',#241,1.);
#241 = DIRECTION('',(0.,1.,0.));
#242 = ORIENTED_EDGE('',*,*,#243,.T.);
#243 = EDGE_CURVE('',#236,#170,#244,.T.);
#244 = LINE('',#245,#246);
#245 = CARTESIAN_POINT('',(-136.,-76.,-4.5));
#246 = VECTOR('',#247,1.);
#247 = DIRECTION('',(0.,0.,1.));
#248 = ORIENTED_EDGE('',*,*,#177,.F.);
#249 = PLANE('',#250);
#250 = AXIS2_PLACEMENT_3D('',#251,#252,#253);
#251 = CARTESIAN_POINT('',(-136.,-100.,-4.5));
#252 = DIRECTION('',(1.,0.,0.));
#253 = DIRECTION('',(0.,0.,1.));
#254 = ADVANCED_FACE('',(#255),#273,.T.);
#255 = FACE_BOUND('',#256,.T.);
#256 = EDGE_LOOP('',(#257,#258,#266,#272));
#257 = ORIENTED_EDGE('',*,*,#243,.F.);
#258 = ORIENTED_EDGE('',*,*,#259,.F.);
#259 = EDGE_CURVE('',#260,#236,#262,.T.);
#260 = VERTEX_POINT('',#261);
#261 = CARTESIAN_POINT('',(-158.,-76.,-4.5));
#262 = LINE('',#263,#264);
#263 = CARTESIAN_POINT('',(-158.,-76.,-4.5));
#264 = VECTOR('',#265,1.);
#265 = DIRECTION('',(1.,0.,0.));
#266 = ORIENTED_EDGE('',*,*,#267,.T.);
#267 = EDGE_CURVE('',#260,#162,#268,.T.);
#268 = LINE('',#269,#270);
#269 = CARTESIAN_POINT('',(-158.,-76.,-4.5));
#270 = VECTOR('',#271,1.);
#271 = DIRECTION('',(0.,0.,1.));
#272 = ORIENTED_EDGE('',*,*,#169,.F.);
#273 = PLANE('',#274);
#274 = AXIS2_PLACEMENT_3D('',#275,#276,#277);
#275 = CARTESIAN_POINT('',(-158.,-76.,-4.5));
#276 = DIRECTION('',(0.,1.,0.));
#277 = DIRECTION('',(0.,0.,1.));
#278 = ADVANCED_FACE('',(#279),#290,.F.);
#279 = FACE_BOUND('',#280,.F.);
#280 = EDGE_LOOP('',(#281,#282,#288,#289));
#281 = ORIENTED_EDGE('',*,*,#219,.F.);
#282 = ORIENTED_EDGE('',*,*,#283,.T.);
#283 = EDGE_CURVE('',#212,#260,#284,.T.);
#284 = LINE('',#285,#286);
#285 = CARTESIAN_POINT('',(-158.,-100.,-4.5));
#286 = VECTOR('',#287,1.);
#287 = DIRECTION('',(0.,1.,0.));
#288 = ORIENTED_EDGE('',*,*,#267,.T.);
#289 = ORIENTED_EDGE('',*,*,#161,.F.);
#290 = PLANE('',#291);
#291 = AXIS2_PLACEMENT_3D('',#292,#293,#294);
#292 = CARTESIAN_POINT('',(-158.,-100.,-4.5));
#293 = DIRECTION('',(1.,0.,0.));
#294 = DIRECTION('',(0.,0.,1.));
#295 = ADVANCED_FACE('',(#296),#302,.F.);
#296 = FACE_BOUND('',#297,.F.);
#297 = EDGE_LOOP('',(#298,#299,#300,#301));
#298 = ORIENTED_EDGE('',*,*,#283,.F.);
#299 = ORIENTED_EDGE('',*,*,#211,.T.);
#300 = ORIENTED_EDGE('',*,*,#235,.T.);
#301 = ORIENTED_EDGE('',*,*,#259,.F.);
#302 = PLANE('',#303);
#303 = AXIS2_PLACEMENT_3D('',#304,#305,#306);
#304 = CARTESIAN_POINT('',(-158.,-100.,-4.5));
#305 = DIRECTION('',(0.,0.,1.));
#306 = DIRECTION('',(1.,0.,0.));
#307 = MANIFOLD_SOLID_BREP('',#308);
#308 = CLOSED_SHELL('',(#309,#389,#447,#495,#555,#613,#667,#1003,#1019,
    #1048,#1167,#1180,#1204,#1246,#1321,#1378,#1471,#1497,#1552,#1655,
    #1672,#1700,#1729,#1980,#2053,#2065,#2078,#2100,#2117,#2139,#2156,
    #2178,#2190,#2202,#2214,#2231,#2248,#2265,#2282,#2294,#2311));
#309 = ADVANCED_FACE('',(#310),#360,.F.);
#310 = FACE_BOUND('',#311,.F.);
#311 = EDGE_LOOP('',(#312,#329,#341,#350));
#312 = ORIENTED_EDGE('',*,*,#313,.F.);
#313 = EDGE_CURVE('',#314,#316,#318,.T.);
#314 = VERTEX_POINT('',#315);
#315 = CARTESIAN_POINT('',(-111.0120717179,-23.8314123035,
    10.999999744639));
#316 = VERTEX_POINT('',#317);
#317 = CARTESIAN_POINT('',(-113.3486513797,-18.68805279326,
    10.999999973047));
#318 = B_SPLINE_CURVE_WITH_KNOTS('',3,(#319,#320,#321,#322,#323,#324,
    #325,#326,#327,#328),.UNSPECIFIED.,.F.,.F.,(4,2,2,2,4),(
    -0.580114354008,-0.367853034651,-0.183168459724,0.,
    1.316539754669E-03),.UNSPECIFIED.);
#319 = CARTESIAN_POINT('',(-111.0120717179,-23.8314123035,
    10.999999744639));
#320 = CARTESIAN_POINT('',(-111.5511204935,-23.37872750869,
    10.999999763449));
#321 = CARTESIAN_POINT('',(-111.9965681621,-22.82002806133,
    10.999999786786));
#322 = CARTESIAN_POINT('',(-112.6517839799,-21.67339869474,
    10.999999836204));
#323 = CARTESIAN_POINT('',(-112.8850151481,-21.09834419212,
    10.999999861545));
#324 = CARTESIAN_POINT('',(-113.2144305822,-19.91801157678,
    10.999999915072));
#325 = CARTESIAN_POINT('',(-113.3124204923,-19.31072654476,
    10.999999943307));
#326 = CARTESIAN_POINT('',(-113.3481510864,-18.69681545592,
    10.99999997263));
#327 = CARTESIAN_POINT('',(-113.3484028452,-18.69243421576,
    10.999999972838));
#328 = CARTESIAN_POINT('',(-113.3486513797,-18.68805279326,
    10.999999973047));
#329 = ORIENTED_EDGE('',*,*,#330,.F.);
#330 = EDGE_CURVE('',#331,#314,#333,.T.);
#331 = VERTEX_POINT('',#332);
#332 = CARTESIAN_POINT('',(-112.5929986225,-14.60999723422,
    3.402354396474));
#333 = B_SPLINE_CURVE_WITH_KNOTS('',3,(#334,#335,#336,#337,#338,#339,
    #340),.UNSPECIFIED.,.F.,.F.,(4,1,2,4),(-1.091441785479,
    -0.802389950083,-0.368812196987,-1.327899808076E-03),.UNSPECIFIED.);
#334 = CARTESIAN_POINT('',(-112.5929986225,-14.60999723422,
    3.402354396474));
#335 = CARTESIAN_POINT('',(-112.4379501384,-15.65423738982,
    3.914687220495));
#336 = CARTESIAN_POINT('',(-112.0456991547,-18.03537326633,
    5.394317478372));
#337 = CARTESIAN_POINT('',(-111.6870706316,-20.02139985369,
    7.120976217566));
#338 = CARTESIAN_POINT('',(-111.3187520389,-22.08622379425,
    9.104767713118));
#339 = CARTESIAN_POINT('',(-111.1606487358,-22.97667671202,10.0440777248
    ));
#340 = CARTESIAN_POINT('',(-111.0120715025,-23.83141239581,
    10.99999962862));
#341 = ORIENTED_EDGE('',*,*,#342,.F.);
#342 = EDGE_CURVE('',#343,#331,#345,.T.);
#343 = VERTEX_POINT('',#344);
#344 = CARTESIAN_POINT('',(-113.6670211669,-13.07550083767,
    5.921430442482));
#345 = CIRCLE('',#346,5.);
#346 = AXIS2_PLACEMENT_3D('',#347,#348,#349);
#347 = CARTESIAN_POINT('',(-108.6750460078,-12.79233302345,
    5.921430442482));
#348 = DIRECTION('',(4.786705171175E-02,-0.843849904862,0.53443997177));
#349 = DIRECTION('',(-0.998395031818,-5.663356284272E-02,
    -6.938893903907E-18));
#350 = ORIENTED_EDGE('',*,*,#351,.F.);
#351 = EDGE_CURVE('',#316,#343,#352,.T.);
#352 = B_SPLINE_CURVE_WITH_KNOTS('',3,(#353,#354,#355,#356,#357,#358,
    #359),.UNSPECIFIED.,.F.,.F.,(4,2,1,4),(0.331290964695,0.368812196987
    ,0.802389950083,1.091441785479),.UNSPECIFIED.);
#353 = CARTESIAN_POINT('',(-113.3486566308,-18.68796022058,
    11.000082334888));
#354 = CARTESIAN_POINT('',(-113.3533619367,-18.60501022054,
    10.906598900676));
#355 = CARTESIAN_POINT('',(-113.3580857292,-18.52173432056,
    10.813401742599));
#356 = CARTESIAN_POINT('',(-113.417636518,-17.47191141109,9.647018894102
    ));
#357 = CARTESIAN_POINT('',(-113.5129412914,-15.79178027482,
    7.919491301166));
#358 = CARTESIAN_POINT('',(-113.6209009697,-13.8885553836,6.436366624991
    ));
#359 = CARTESIAN_POINT('',(-113.6670211669,-13.07550083761,
    5.921430442482));
#360 = B_SPLINE_SURFACE_WITH_KNOTS('',3,3,(
    (#361,#362,#363,#364,#365,#366,#367)
    ,(#368,#369,#370,#371,#372,#373,#374)
    ,(#375,#376,#377,#378,#379,#380,#381)
    ,(#382,#383,#384,#385,#386,#387,#388
    )),.UNSPECIFIED.,.F.,.F.,.F.,(4,4),(4,2,1,4),(0.,1.),(
    1.327897414194E-03,0.368812196987,0.802389950083,1.091441785479),
  .UNSPECIFIED.);
#361 = CARTESIAN_POINT('',(-113.2283244325,-20.80930069392,
    13.523983271123));
#362 = CARTESIAN_POINT('',(-113.2717643766,-20.04349642168,
    12.568897847405));
#363 = CARTESIAN_POINT('',(-113.3163756819,-19.25704218166,
    11.630349505703));
#364 = CARTESIAN_POINT('',(-113.417636518,-17.47191141109,9.647018894102
    ));
#365 = CARTESIAN_POINT('',(-113.5129412914,-15.79178027482,
    7.919491301166));
#366 = CARTESIAN_POINT('',(-113.6209009697,-13.8885553836,6.436366624991
    ));
#367 = CARTESIAN_POINT('',(-113.6670211669,-13.07550083761,
    5.921430442482));
#368 = CARTESIAN_POINT('',(-113.159319696,-22.02578757279,
    12.545444192149));
#369 = CARTESIAN_POINT('',(-113.205412395,-21.21321779215,
    11.598158592254));
#370 = CARTESIAN_POINT('',(-113.252983562,-20.37458404939,
    10.667633128167));
#371 = CARTESIAN_POINT('',(-113.3617380881,-18.45734675849,
    8.703319212728));
#372 = CARTESIAN_POINT('',(-113.4648518889,-16.63955001001,
    6.993715469367));
#373 = CARTESIAN_POINT('',(-113.5836635081,-14.54501587769,
    5.529414059954));
#374 = CARTESIAN_POINT('',(-113.6348058884,-13.64342509186,
    5.021825428449));
#375 = CARTESIAN_POINT('',(-112.3107005982,-23.18297576282,
    11.578992812027));
#376 = CARTESIAN_POINT('',(-112.4029794026,-22.32847612928,
    10.637998304015));
#377 = CARTESIAN_POINT('',(-112.4993635837,-21.44190294229,
    9.714530215324));
#378 = CARTESIAN_POINT('',(-112.7203507322,-19.4026011552,7.766091907761
    ));
#379 = CARTESIAN_POINT('',(-112.9312492411,-17.45612233169,
    6.073049076578));
#380 = CARTESIAN_POINT('',(-113.1601222223,-15.17726955951,
    4.625634864666));
#381 = CARTESIAN_POINT('',(-113.2522968949,-14.18993007482,
    4.124666194562));
#382 = CARTESIAN_POINT('',(-111.0120714996,-23.83141241251,
    10.999999647301));
#383 = CARTESIAN_POINT('',(-111.1606487338,-22.97667672362,
    10.044077737037));
#384 = CARTESIAN_POINT('',(-111.3187520378,-22.08622380042,
    9.104767719046));
#385 = CARTESIAN_POINT('',(-111.6870706316,-20.02139985369,
    7.120976217566));
#386 = CARTESIAN_POINT('',(-112.0456991547,-18.03537326633,
    5.394317478372));
#387 = CARTESIAN_POINT('',(-112.4379501384,-15.65423738982,
    3.914687220495));
#388 = CARTESIAN_POINT('',(-112.5929986225,-14.60999723422,
    3.402354396474));
#389 = ADVANCED_FACE('',(#390),#422,.F.);
#390 = FACE_BOUND('',#391,.F.);
#391 = EDGE_LOOP('',(#392,#403,#404,#415));
#392 = ORIENTED_EDGE('',*,*,#393,.F.);
#393 = EDGE_CURVE('',#343,#394,#396,.T.);
#394 = VERTEX_POINT('',#395);
#395 = CARTESIAN_POINT('',(-113.338165489,-7.380310418264,3.464076359123
    ));
#396 = B_SPLINE_CURVE_WITH_KNOTS('',3,(#397,#398,#399,#400,#401,#402),
  .UNSPECIFIED.,.F.,.F.,(4,2,4),(0.,8.664839048079E-02,0.519765560935),
  .UNSPECIFIED.);
#397 = CARTESIAN_POINT('',(-113.6670211671,-13.07550083277,
    5.921430440044));
#398 = CARTESIAN_POINT('',(-113.6843028462,-12.77084151582,
    5.767069228855));
#399 = CARTESIAN_POINT('',(-113.6961189454,-12.46406847336,
    5.614899660984));
#400 = CARTESIAN_POINT('',(-113.7327622551,-10.6119839972,4.718050284023
    ));
#401 = CARTESIAN_POINT('',(-113.6223104682,-9.015787416659,
    4.030471750756));
#402 = CARTESIAN_POINT('',(-113.338165489,-7.380310418264,3.464076359123
    ));
#403 = ORIENTED_EDGE('',*,*,#342,.T.);
#404 = ORIENTED_EDGE('',*,*,#405,.F.);
#405 = EDGE_CURVE('',#406,#331,#408,.T.);
#406 = VERTEX_POINT('',#407);
#407 = CARTESIAN_POINT('',(-112.733711437,-8.56450897551,0.971150824845)
  );
#408 = B_SPLINE_CURVE_WITH_KNOTS('',3,(#409,#410,#411,#412,#413,#414),
  .UNSPECIFIED.,.F.,.F.,(4,2,4),(-0.519765560935,-8.664839048079E-02,0.)
  ,.UNSPECIFIED.);
#409 = CARTESIAN_POINT('',(-112.733711437,-8.56450897551,0.971150824845)
  );
#410 = CARTESIAN_POINT('',(-112.9179520802,-10.35524826159,
    1.526399001585));
#411 = CARTESIAN_POINT('',(-112.8896602541,-12.05707382681,
    2.206482084861));
#412 = CARTESIAN_POINT('',(-112.6803163698,-13.98006331441,
    3.097312278477));
#413 = CARTESIAN_POINT('',(-112.6394771435,-14.29696780795,
    3.248773585524));
#414 = CARTESIAN_POINT('',(-112.5929986232,-14.60999722928,
    3.402354394048));
#415 = ORIENTED_EDGE('',*,*,#416,.F.);
#416 = EDGE_CURVE('',#394,#406,#417,.T.);
#417 = CIRCLE('',#418,5.);
#418 = AXIS2_PLACEMENT_3D('',#419,#420,#421);
#419 = CARTESIAN_POINT('',(-108.4119614655,-8.236180688,3.464076359123)
  );
#420 = DIRECTION('',(-0.157451146383,-0.906254719023,0.392315588208));
#421 = DIRECTION('',(-0.985240804705,0.171174053947,-3.469446951954E-15)
  );
#422 = B_SPLINE_SURFACE_WITH_KNOTS('',3,3,(
    (#423,#424,#425,#426,#427,#428)
    ,(#429,#430,#431,#432,#433,#434)
    ,(#435,#436,#437,#438,#439,#440)
    ,(#441,#442,#443,#444,#445,#446
    )),.UNSPECIFIED.,.F.,.F.,.F.,(4,4),(4,2,4),(0.,1.),(0.,
    8.664839048079E-02,0.519765560935),.UNSPECIFIED.);
#423 = CARTESIAN_POINT('',(-113.6670211671,-13.07550083277,
    5.921430440044));
#424 = CARTESIAN_POINT('',(-113.6843028462,-12.77084151582,
    5.767069228855));
#425 = CARTESIAN_POINT('',(-113.6961189454,-12.46406847336,
    5.614899660984));
#426 = CARTESIAN_POINT('',(-113.7327622551,-10.6119839972,4.718050284023
    ));
#427 = CARTESIAN_POINT('',(-113.6223104682,-9.015787416659,
    4.030471750756));
#428 = CARTESIAN_POINT('',(-113.338165489,-7.380310418264,3.464076359123
    ));
#429 = CARTESIAN_POINT('',(-113.6348058888,-13.64342508691,
    5.021825426025));
#430 = CARTESIAN_POINT('',(-113.659480855,-13.33092648232,4.868354515939
    ));
#431 = CARTESIAN_POINT('',(-113.6784792228,-13.0157545895,4.717057924424
    ));
#432 = CARTESIAN_POINT('',(-113.7563616286,-11.11042264231,
    3.826190405067));
#433 = CARTESIAN_POINT('',(-113.6735154406,-9.456199481298,3.14486222355
    ));
#434 = CARTESIAN_POINT('',(-113.4022824501,-7.749353768365,
    2.585848277108));
#435 = CARTESIAN_POINT('',(-113.2522968954,-14.18993006982,4.12466619215
    ));
#436 = CARTESIAN_POINT('',(-113.2876362508,-13.87408382413,
    3.972029155958));
#437 = CARTESIAN_POINT('',(-113.3171425006,-13.55500499381,
    3.821563135011));
#438 = CARTESIAN_POINT('',(-113.4579616188,-11.62223425723,
    2.936365879771));
#439 = CARTESIAN_POINT('',(-113.4252881202,-9.928490008384,
    2.261035452488));
#440 = CARTESIAN_POINT('',(-113.1897167477,-8.165795675232,
    1.709172100786));
#441 = CARTESIAN_POINT('',(-112.5929986232,-14.60999722928,
    3.402354394048));
#442 = CARTESIAN_POINT('',(-112.6394771435,-14.29696780795,
    3.248773585524));
#443 = CARTESIAN_POINT('',(-112.6803163698,-13.98006331441,
    3.097312278477));
#444 = CARTESIAN_POINT('',(-112.8896602541,-12.05707382681,
    2.206482084861));
#445 = CARTESIAN_POINT('',(-112.9179520802,-10.35524826159,
    1.526399001585));
#446 = CARTESIAN_POINT('',(-112.733711437,-8.56450897551,0.971150824845)
  );
#447 = ADVANCED_FACE('',(#448),#478,.F.);
#448 = FACE_BOUND('',#449,.F.);
#449 = EDGE_LOOP('',(#450,#459,#460,#469));
#450 = ORIENTED_EDGE('',*,*,#451,.F.);
#451 = EDGE_CURVE('',#394,#452,#454,.T.);
#452 = VERTEX_POINT('',#453);
#453 = CARTESIAN_POINT('',(-111.1886367395,-0.724281304264,-1.56563E-10)
  );
#454 = B_SPLINE_CURVE_WITH_KNOTS('',3,(#455,#456,#457,#458),
  .UNSPECIFIED.,.F.,.F.,(4,4),(1.7382E-13,0.661734000369),
  .PIECEWISE_BEZIER_KNOTS.);
#455 = CARTESIAN_POINT('',(-113.338165489,-7.380310418264,3.464076359123
    ));
#456 = CARTESIAN_POINT('',(-112.9040372517,-4.881562249213,
    2.598714480485));
#457 = CARTESIAN_POINT('',(-112.1289947524,-2.657515417325,
    1.380974705603));
#458 = CARTESIAN_POINT('',(-111.1886367396,-0.724281304328,
    -2.6737793E-10));
#459 = ORIENTED_EDGE('',*,*,#416,.T.);
#460 = ORIENTED_EDGE('',*,*,#461,.F.);
#461 = EDGE_CURVE('',#462,#406,#464,.T.);
#462 = VERTEX_POINT('',#463);
#463 = CARTESIAN_POINT('',(-112.3078398331,-6.572603138745,-7.E-15));
#464 = B_SPLINE_CURVE_WITH_KNOTS('',3,(#465,#466,#467,#468),
  .UNSPECIFIED.,.F.,.F.,(4,4),(-0.219590091786,-1.7382E-13),
  .PIECEWISE_BEZIER_KNOTS.);
#465 = CARTESIAN_POINT('',(-112.3080962493,-6.57240237161,
    2.37393016877E-04));
#466 = CARTESIAN_POINT('',(-112.4768479056,-7.211025300174,
    0.358067965734));
#467 = CARTESIAN_POINT('',(-112.6204453657,-7.875216314663,
    0.684009508579));
#468 = CARTESIAN_POINT('',(-112.733711437,-8.56450897551,0.971150824845)
  );
#469 = ORIENTED_EDGE('',*,*,#470,.F.);
#470 = EDGE_CURVE('',#452,#462,#471,.T.);
#471 = B_SPLINE_CURVE_WITH_KNOTS('',3,(#472,#473,#474,#475,#476,#477),
  .UNSPECIFIED.,.F.,.F.,(4,2,4),(0.,0.289381483299,0.601508822625),
  .UNSPECIFIED.);
#472 = CARTESIAN_POINT('',(-111.1886367397,-0.724281304703,-1.3E-16));
#473 = CARTESIAN_POINT('',(-111.6105696222,-1.591711613895,-1.8E-16));
#474 = CARTESIAN_POINT('',(-111.9137443535,-2.515763679857,3.05E-15));
#475 = CARTESIAN_POINT('',(-112.3026850015,-4.48575539958,3.05E-15));
#476 = CARTESIAN_POINT('',(-112.3688255529,-5.530523719651,-1.1E-16));
#477 = CARTESIAN_POINT('',(-112.3078398331,-6.572603138745,-1.1E-16));
#478 = B_SPLINE_SURFACE_WITH_KNOTS('',3,3,(
    (#479,#480,#481,#482)
    ,(#483,#484,#485,#486)
    ,(#487,#488,#489,#490)
    ,(#491,#492,#493,#494
    )),.UNSPECIFIED.,.F.,.F.,.F.,(4,4),(4,4),(0.,1.),(1.7382E-13,
    0.661734000369),.PIECEWISE_BEZIER_KNOTS.);
#479 = CARTESIAN_POINT('',(-113.338165489,-7.380310418264,3.464076359123
    ));
#480 = CARTESIAN_POINT('',(-112.9040372517,-4.881562249213,
    2.598714480485));
#481 = CARTESIAN_POINT('',(-112.1289947524,-2.657515417325,
    1.380974705603));
#482 = CARTESIAN_POINT('',(-111.1886367396,-0.724281304328,
    -2.6737793E-10));
#483 = CARTESIAN_POINT('',(-113.4022824501,-7.749353768365,
    2.585848277108));
#484 = CARTESIAN_POINT('',(-113.027483476,-5.367884321371,1.714817672955
    ));
#485 = CARTESIAN_POINT('',(-112.341823144,-3.239463193488,0.489354912884
    ));
#486 = CARTESIAN_POINT('',(-111.5052565959,-1.375203930325,
    -0.901462909216));
#487 = CARTESIAN_POINT('',(-113.1897167477,-8.165795675232,
    1.709172100786));
#488 = CARTESIAN_POINT('',(-112.8462786787,-5.935106150237,
    0.832887643678));
#489 = CARTESIAN_POINT('',(-112.215063708,-3.944818464598,
    -0.399907361965));
#490 = CARTESIAN_POINT('',(-111.446329067,-2.205763634818,
    -1.799526210777));
#491 = CARTESIAN_POINT('',(-112.733711437,-8.56450897551,0.971150824845)
  );
#492 = CARTESIAN_POINT('',(-112.3923845135,-6.487327868757,
    0.105851437525));
#493 = CARTESIAN_POINT('',(-111.7756133376,-4.638098876691,
    -1.111799089345));
#494 = CARTESIAN_POINT('',(-111.0250772217,-3.029586608119,
    -2.492668595952));
#495 = ADVANCED_FACE('',(#496),#538,.F.);
#496 = FACE_BOUND('',#497,.F.);
#497 = EDGE_LOOP('',(#498,#509,#518,#527));
#498 = ORIENTED_EDGE('',*,*,#499,.F.);
#499 = EDGE_CURVE('',#500,#502,#504,.T.);
#500 = VERTEX_POINT('',#501);
#501 = CARTESIAN_POINT('',(-112.7337114479,-8.564509042089,
    21.02884914742));
#502 = VERTEX_POINT('',#503);
#503 = CARTESIAN_POINT('',(-112.3078398331,-6.572603138745,22.));
#504 = B_SPLINE_CURVE_WITH_KNOTS('',3,(#505,#506,#507,#508),
  .UNSPECIFIED.,.F.,.F.,(4,4),(-0.219338277046,2.518218264941E-04),
  .PIECEWISE_BEZIER_KNOTS.);
#505 = CARTESIAN_POINT('',(-112.7337114479,-8.564509042089,
    21.02884914742));
#506 = CARTESIAN_POINT('',(-112.620445375,-7.875216357487,
    21.315990470388));
#507 = CARTESIAN_POINT('',(-112.4768479111,-7.211025320777,
    21.641932022706));
#508 = CARTESIAN_POINT('',(-112.3080962493,-6.572402371605,
    21.999762606978));
#509 = ORIENTED_EDGE('',*,*,#510,.F.);
#510 = EDGE_CURVE('',#511,#500,#513,.T.);
#511 = VERTEX_POINT('',#512);
#512 = CARTESIAN_POINT('',(-113.3381655029,-7.380310498355,
    18.53592361314));
#513 = CIRCLE('',#514,5.);
#514 = AXIS2_PLACEMENT_3D('',#515,#516,#517);
#515 = CARTESIAN_POINT('',(-108.4119614766,-8.236180752072,
    18.53592361314));
#516 = DIRECTION('',(0.157451143692,0.906254721008,0.392315584703));
#517 = DIRECTION('',(-0.985240805261,0.171174050743,-9.992007221626E-16)
  );
#518 = ORIENTED_EDGE('',*,*,#519,.F.);
#519 = EDGE_CURVE('',#520,#511,#522,.T.);
#520 = VERTEX_POINT('',#521);
#521 = CARTESIAN_POINT('',(-111.1886367395,-0.724281304264,
    22.000000000157));
#522 = B_SPLINE_CURVE_WITH_KNOTS('',3,(#523,#524,#525,#526),
  .UNSPECIFIED.,.F.,.F.,(4,4),(-0.442395730392,0.219338277046),
  .PIECEWISE_BEZIER_KNOTS.);
#523 = CARTESIAN_POINT('',(-111.1886367396,-0.724281304328,
    22.000000000267));
#524 = CARTESIAN_POINT('',(-112.1289947625,-2.65751543798,
    20.619025279642));
#525 = CARTESIAN_POINT('',(-112.9040372684,-4.881562297134,
    19.401285493293));
#526 = CARTESIAN_POINT('',(-113.3381655029,-7.380310498355,
    18.53592361314));
#527 = ORIENTED_EDGE('',*,*,#528,.F.);
#528 = EDGE_CURVE('',#502,#520,#529,.T.);
#529 = B_SPLINE_CURVE_WITH_KNOTS('',3,(#530,#531,#532,#533,#534,#535,
    #536,#537),.UNSPECIFIED.,.F.,.F.,(4,2,2,4),(0.,0.130574365054,
    0.360405537062,0.602555489645),.UNSPECIFIED.);
#530 = CARTESIAN_POINT('',(-112.3078398331,-6.572603138745,22.));
#531 = CARTESIAN_POINT('',(-112.3332683807,-6.13809869795,22.));
#532 = CARTESIAN_POINT('',(-112.3366189635,-5.70272431145,
    21.999999999997));
#533 = CARTESIAN_POINT('',(-112.2827638106,-4.502780236871,
    21.999999999997));
#534 = CARTESIAN_POINT('',(-112.1776797043,-3.74189853792,
    22.000000000001));
#535 = CARTESIAN_POINT('',(-111.8107578782,-2.213310491101,
    22.000000000001));
#536 = CARTESIAN_POINT('',(-111.5411011824,-1.448894988975,22.));
#537 = CARTESIAN_POINT('',(-111.1886367397,-0.724281304703,22.));
#538 = B_SPLINE_SURFACE_WITH_KNOTS('',3,3,(
    (#539,#540,#541,#542)
    ,(#543,#544,#545,#546)
    ,(#547,#548,#549,#550)
    ,(#551,#552,#553,#554
    )),.UNSPECIFIED.,.F.,.F.,.F.,(4,4),(4,4),(0.,1.),(-0.442395730392,
    0.219338277046),.PIECEWISE_BEZIER_KNOTS.);
#539 = CARTESIAN_POINT('',(-111.1886367396,-0.724281304328,
    22.000000000267));
#540 = CARTESIAN_POINT('',(-112.1289947625,-2.65751543798,
    20.619025279642));
#541 = CARTESIAN_POINT('',(-112.9040372684,-4.881562297134,
    19.401285493293));
#542 = CARTESIAN_POINT('',(-113.3381655029,-7.380310498355,
    18.53592361314));
#543 = CARTESIAN_POINT('',(-111.5052565959,-1.375203930325,
    22.901462909216));
#544 = CARTESIAN_POINT('',(-112.3418231529,-3.239463213406,
    21.510645072256));
#545 = CARTESIAN_POINT('',(-113.0274834907,-5.367884367228,
    20.28518230065));
#546 = CARTESIAN_POINT('',(-113.4022824621,-7.749353844692,
    19.414151694976));
#547 = CARTESIAN_POINT('',(-111.446329067,-2.205763634818,
    23.799526210777));
#548 = CARTESIAN_POINT('',(-112.2150637162,-3.944818483178,
    22.399907347011));
#549 = CARTESIAN_POINT('',(-112.8462786922,-5.93510619312,
    21.167112329766));
#550 = CARTESIAN_POINT('',(-113.1897167587,-8.165795746728,
    20.29082787113));
#551 = CARTESIAN_POINT('',(-111.0250772217,-3.029586608119,
    24.492668595952));
#552 = CARTESIAN_POINT('',(-111.7756133456,-4.638098893877,
    23.111799074591));
#553 = CARTESIAN_POINT('',(-112.3923845268,-6.487327908599,
    21.894148536254));
#554 = CARTESIAN_POINT('',(-112.7337114479,-8.564509042089,
    21.02884914742));
#555 = ADVANCED_FACE('',(#556),#588,.F.);
#556 = FACE_BOUND('',#557,.F.);
#557 = EDGE_LOOP('',(#558,#569,#570,#581));
#558 = ORIENTED_EDGE('',*,*,#559,.F.);
#559 = EDGE_CURVE('',#511,#560,#562,.T.);
#560 = VERTEX_POINT('',#561);
#561 = CARTESIAN_POINT('',(-113.6670211669,-13.07550083765,
    16.078569551017));
#562 = B_SPLINE_CURVE_WITH_KNOTS('',3,(#563,#564,#565,#566,#567,#568),
  .UNSPECIFIED.,.F.,.F.,(4,2,4),(4.338259E-11,0.433117174725,
    0.519765554769),.UNSPECIFIED.);
#563 = CARTESIAN_POINT('',(-113.3381655029,-7.380310498355,
    18.53592361314));
#564 = CARTESIAN_POINT('',(-113.62231048,-9.015787516292,17.96952822104)
  );
#565 = CARTESIAN_POINT('',(-113.7327624659,-10.6119835274,
    17.281950612378));
#566 = CARTESIAN_POINT('',(-113.6961189378,-12.46406856869,
    16.385100275077));
#567 = CARTESIAN_POINT('',(-113.6843028438,-12.77084155806,
    16.232930744533));
#568 = CARTESIAN_POINT('',(-113.6670211669,-13.07550083758,
    16.078569551017));
#569 = ORIENTED_EDGE('',*,*,#510,.T.);
#570 = ORIENTED_EDGE('',*,*,#571,.F.);
#571 = EDGE_CURVE('',#572,#500,#574,.T.);
#572 = VERTEX_POINT('',#573);
#573 = CARTESIAN_POINT('',(-112.5929986282,-14.60999723951,
    18.597645584402));
#574 = B_SPLINE_CURVE_WITH_KNOTS('',3,(#575,#576,#577,#578,#579,#580),
  .UNSPECIFIED.,.F.,.F.,(4,2,4),(-0.519765554769,-0.433117174725,
    -4.338259E-11),.UNSPECIFIED.);
#575 = CARTESIAN_POINT('',(-112.5929986282,-14.60999723951,
    18.597645584402));
#576 = CARTESIAN_POINT('',(-112.63947716,-14.29696786478,18.751226342769
    ));
#577 = CARTESIAN_POINT('',(-112.6803163547,-13.98006342895,
    18.902687637862));
#578 = CARTESIAN_POINT('',(-112.889660903,-12.05707290581,
    19.793518803673));
#579 = CARTESIAN_POINT('',(-112.9179520934,-10.35524835903,
    20.473600960804));
#580 = CARTESIAN_POINT('',(-112.7337114479,-8.564509042089,
    21.02884914742));
#581 = ORIENTED_EDGE('',*,*,#582,.F.);
#582 = EDGE_CURVE('',#560,#572,#583,.T.);
#583 = CIRCLE('',#584,5.);
#584 = AXIS2_PLACEMENT_3D('',#585,#586,#587);
#585 = CARTESIAN_POINT('',(-108.6750460078,-12.79233302345,
    16.078569551017));
#586 = DIRECTION('',(-4.786705159822E-02,0.843849902902,0.534439974874)
  );
#587 = DIRECTION('',(-0.998395031819,-5.663356283992E-02,
    -9.159339953158E-16));
#588 = B_SPLINE_SURFACE_WITH_KNOTS('',3,3,(
    (#589,#590,#591,#592,#593,#594)
    ,(#595,#596,#597,#598,#599,#600)
    ,(#601,#602,#603,#604,#605,#606)
    ,(#607,#608,#609,#610,#611,#612
    )),.UNSPECIFIED.,.F.,.F.,.F.,(4,4),(4,2,4),(0.,1.),(4.338259E-11,
    0.433117174725,0.519765554769),.UNSPECIFIED.);
#589 = CARTESIAN_POINT('',(-113.3381655029,-7.380310498355,
    18.53592361314));
#590 = CARTESIAN_POINT('',(-113.62231048,-9.015787516292,17.96952822104)
  );
#591 = CARTESIAN_POINT('',(-113.7327624659,-10.6119835274,
    17.281950612378));
#592 = CARTESIAN_POINT('',(-113.6961189378,-12.46406856869,
    16.385100275077));
#593 = CARTESIAN_POINT('',(-113.6843028438,-12.77084155806,
    16.232930744533));
#594 = CARTESIAN_POINT('',(-113.6670211669,-13.07550083758,
    16.078569551017));
#595 = CARTESIAN_POINT('',(-113.4022824621,-7.749353844692,
    19.414151694976));
#596 = CARTESIAN_POINT('',(-113.673515451,-9.456199581456,
    18.855137744642));
#597 = CARTESIAN_POINT('',(-113.7563618374,-11.11042217594,
    18.173810485164));
#598 = CARTESIAN_POINT('',(-113.6784792133,-13.01575468853,
    17.282942003609));
#599 = CARTESIAN_POINT('',(-113.6594808515,-13.33092652899,
    17.131645439623));
#600 = CARTESIAN_POINT('',(-113.6348058883,-13.64342509336,
    16.978174560149));
#601 = CARTESIAN_POINT('',(-113.1897167587,-8.165795746728,
    20.29082787113));
#602 = CARTESIAN_POINT('',(-113.4252881313,-9.928490107545,
    19.738964511942));
#603 = CARTESIAN_POINT('',(-113.4579622653,-11.62223333552,
    19.063635012646));
#604 = CARTESIAN_POINT('',(-113.3171424816,-13.55500510633,
    18.178436786262));
#605 = CARTESIAN_POINT('',(-113.2876362542,-13.87408387528,
    18.027970782596));
#606 = CARTESIAN_POINT('',(-113.2522968969,-14.18993007799,
    17.875333789179));
#607 = CARTESIAN_POINT('',(-112.7337114479,-8.564509042089,
    21.02884914742));
#608 = CARTESIAN_POINT('',(-112.9179520934,-10.35524835903,
    20.473600960804));
#609 = CARTESIAN_POINT('',(-112.889660903,-12.05707290581,
    19.793518803673));
#610 = CARTESIAN_POINT('',(-112.6803163547,-13.98006342895,
    18.902687637862));
#611 = CARTESIAN_POINT('',(-112.63947716,-14.29696786478,18.751226342769
    ));
#612 = CARTESIAN_POINT('',(-112.5929986282,-14.60999723951,
    18.597645584402));
#613 = ADVANCED_FACE('',(#614),#638,.F.);
#614 = FACE_BOUND('',#615,.F.);
#615 = EDGE_LOOP('',(#616,#617,#627,#628));
#616 = ORIENTED_EDGE('',*,*,#313,.T.);
#617 = ORIENTED_EDGE('',*,*,#618,.F.);
#618 = EDGE_CURVE('',#560,#316,#619,.T.);
#619 = B_SPLINE_CURVE_WITH_KNOTS('',3,(#620,#621,#622,#623,#624,#625,
    #626),.UNSPECIFIED.,.F.,.F.,(4,1,2,4),(4.5814568E-10,0.289051905177,
    0.722629762256,0.760150818142),.UNSPECIFIED.);
#620 = CARTESIAN_POINT('',(-113.6670211669,-13.07550083763,
    16.078569551008));
#621 = CARTESIAN_POINT('',(-113.6209009587,-13.88855557672,
    15.563633242016));
#622 = CARTESIAN_POINT('',(-113.5129412635,-15.79178076642,
    14.080507493009));
#623 = CARTESIAN_POINT('',(-113.4176364632,-17.47191237747,
    12.352979952271));
#624 = CARTESIAN_POINT('',(-113.3580856895,-18.52173501962,
    11.18659724314));
#625 = CARTESIAN_POINT('',(-113.3533619197,-18.60501052121,
    11.093400521715));
#626 = CARTESIAN_POINT('',(-113.3486566362,-18.68796012586,
    10.999917526949));
#627 = ORIENTED_EDGE('',*,*,#582,.T.);
#628 = ORIENTED_EDGE('',*,*,#629,.F.);
#629 = EDGE_CURVE('',#314,#572,#630,.T.);
#630 = B_SPLINE_CURVE_WITH_KNOTS('',3,(#631,#632,#633,#634,#635,#636,
    #637),.UNSPECIFIED.,.F.,.F.,(4,2,1,4),(-1.090113895958,
    -0.722629762256,-0.289051905177,-4.5814568E-10),.UNSPECIFIED.);
#631 = CARTESIAN_POINT('',(-111.0120717179,-23.8314123035,
    10.999999744639));
#632 = CARTESIAN_POINT('',(-111.1606488531,-22.97667710217,
    11.955921272406));
#633 = CARTESIAN_POINT('',(-111.3187520035,-22.08622468278,
    12.895230884492));
#634 = CARTESIAN_POINT('',(-111.6870703647,-20.02140103,14.879022550525)
  );
#635 = CARTESIAN_POINT('',(-112.0456986124,-18.03537375798,
    16.605681737159));
#636 = CARTESIAN_POINT('',(-112.4379500498,-15.65423761601,
    18.085312743189));
#637 = CARTESIAN_POINT('',(-112.5929986282,-14.60999723953,
    18.597645584393));
#638 = B_SPLINE_SURFACE_WITH_KNOTS('',3,3,(
    (#639,#640,#641,#642,#643,#644,#645)
    ,(#646,#647,#648,#649,#650,#651,#652)
    ,(#653,#654,#655,#656,#657,#658,#659)
    ,(#660,#661,#662,#663,#664,#665,#666
    )),.UNSPECIFIED.,.F.,.F.,.F.,(4,4),(4,1,2,4),(0.,1.),(4.5814568E-10,
    0.289051905177,0.722629762256,1.090113895958),.UNSPECIFIED.);
#639 = CARTESIAN_POINT('',(-113.6670211669,-13.07550083763,
    16.078569551008));
#640 = CARTESIAN_POINT('',(-113.6209009587,-13.88855557672,
    15.563633242016));
#641 = CARTESIAN_POINT('',(-113.5129412635,-15.79178076642,
    14.080507493009));
#642 = CARTESIAN_POINT('',(-113.4176364632,-17.47191237747,
    12.352979952271));
#643 = CARTESIAN_POINT('',(-113.3163756451,-19.25704282999,
    10.369649425975));
#644 = CARTESIAN_POINT('',(-113.2717643638,-20.04349664597,
    9.431101514669));
#645 = CARTESIAN_POINT('',(-113.2283244436,-20.80930049744,
    8.476016463199));
#646 = CARTESIAN_POINT('',(-113.6348058883,-13.6434250934,16.97817456014
    ));
#647 = CARTESIAN_POINT('',(-113.583663496,-14.54501609148,
    16.470585821588));
#648 = CARTESIAN_POINT('',(-113.4648518568,-16.63955057507,
    15.006283268528));
#649 = CARTESIAN_POINT('',(-113.3617380303,-18.45734777794,
    13.296679754028));
#650 = CARTESIAN_POINT('',(-113.2529835186,-20.37458481494,
    11.332365531001));
#651 = CARTESIAN_POINT('',(-113.2054123811,-21.21321803758,
    10.401840705058));
#652 = CARTESIAN_POINT('',(-113.1593197067,-22.02578738432,
    9.454555392334));
#653 = CARTESIAN_POINT('',(-113.2522968969,-14.18993007802,
    17.875333789169));
#654 = CARTESIAN_POINT('',(-113.1601221577,-15.17726977674,
    17.374365097853));
#655 = CARTESIAN_POINT('',(-112.9312487137,-17.45612276793,
    15.926950177301));
#656 = CARTESIAN_POINT('',(-112.7203506197,-19.40260235661,
    14.233906830117));
#657 = CARTESIAN_POINT('',(-112.4993634345,-21.44190370049,
    12.285468526929));
#658 = CARTESIAN_POINT('',(-112.4029794946,-22.32847648089,
    11.362000729334));
#659 = CARTESIAN_POINT('',(-112.3107007007,-23.18297559079,
    10.421006627121));
#660 = CARTESIAN_POINT('',(-112.5929986282,-14.60999723953,
    18.597645584393));
#661 = CARTESIAN_POINT('',(-112.4379500498,-15.65423761601,
    18.085312743189));
#662 = CARTESIAN_POINT('',(-112.0456986124,-18.03537375798,
    16.605681737159));
#663 = CARTESIAN_POINT('',(-111.6870703647,-20.02140103,14.879022550525)
  );
#664 = CARTESIAN_POINT('',(-111.3187520035,-22.08622468278,
    12.895230884492));
#665 = CARTESIAN_POINT('',(-111.1606488531,-22.97667710217,
    11.955921272406));
#666 = CARTESIAN_POINT('',(-111.0120717179,-23.8314123035,
    10.999999744639));
#667 = ADVANCED_FACE('',(#668,#904,#915,#926),#998,.F.);
#668 = FACE_BOUND('',#669,.T.);
#669 = EDGE_LOOP('',(#670,#671,#680,#688,#697,#705,#714,#723,#732,#740,
    #757,#799,#807,#897));
#670 = ORIENTED_EDGE('',*,*,#470,.F.);
#671 = ORIENTED_EDGE('',*,*,#672,.T.);
#672 = EDGE_CURVE('',#452,#673,#675,.T.);
#673 = VERTEX_POINT('',#674);
#674 = CARTESIAN_POINT('',(-110.8951327848,-0.140407687787,7.21E-13));
#675 = CIRCLE('',#676,25.);
#676 = AXIS2_PLACEMENT_3D('',#677,#678,#679);
#677 = CARTESIAN_POINT('',(-88.70714537142,-11.65966176694,-8.88E-15));
#678 = DIRECTION('',(0.,0.,-1.));
#679 = DIRECTION('',(-0.887519496538,0.460770163166,0.));
#680 = ORIENTED_EDGE('',*,*,#681,.T.);
#681 = EDGE_CURVE('',#673,#682,#684,.T.);
#682 = VERTEX_POINT('',#683);
#683 = CARTESIAN_POINT('',(-87.5951325477,-2.178893568691,0.));
#684 = LINE('',#685,#686);
#685 = CARTESIAN_POINT('',(-107.4991096483,-0.437521213306,0.));
#686 = VECTOR('',#687,1.);
#687 = DIRECTION('',(0.996194698092,-8.715574274766E-02,0.));
#688 = ORIENTED_EDGE('',*,*,#689,.T.);
#689 = EDGE_CURVE('',#682,#690,#692,.T.);
#690 = VERTEX_POINT('',#691);
#691 = CARTESIAN_POINT('',(-62.1064323229,2.315451984131,0.));
#692 = CIRCLE('',#693,50.000000000749);
#693 = AXIS2_PLACEMENT_3D('',#694,#695,#696);
#694 = CARTESIAN_POINT('',(-83.23734541025,47.630841336642,0.));
#695 = DIRECTION('',(0.,0.,1.));
#696 = DIRECTION('',(-8.715574274766E-02,-0.996194698092,0.));
#697 = ORIENTED_EDGE('',*,*,#698,.T.);
#698 = EDGE_CURVE('',#690,#699,#701,.T.);
#699 = VERTEX_POINT('',#700);
#700 = CARTESIAN_POINT('',(-59.84618719067,3.369421598596,0.));
#701 = LINE('',#702,#703);
#702 = CARTESIAN_POINT('',(-62.1064323229,2.315451984131,0.));
#703 = VECTOR('',#704,1.);
#704 = DIRECTION('',(0.906307787037,0.422618261741,0.));
#705 = ORIENTED_EDGE('',*,*,#706,.F.);
#706 = EDGE_CURVE('',#707,#699,#709,.T.);
#707 = VERTEX_POINT('',#708);
#708 = CARTESIAN_POINT('',(-56.29008194722,1.056728145864,0.));
#709 = CIRCLE('',#710,2.499999999976);
#710 = AXIS2_PLACEMENT_3D('',#711,#712,#713);
#711 = CARTESIAN_POINT('',(-58.78964153633,1.103652131026,0.));
#712 = DIRECTION('',(-0.,0.,1.));
#713 = DIRECTION('',(0.999823835652,-1.876959406508E-02,0.));
#714 = ORIENTED_EDGE('',*,*,#715,.T.);
#715 = EDGE_CURVE('',#707,#716,#718,.T.);
#716 = VERTEX_POINT('',#717);
#717 = CARTESIAN_POINT('',(-48.99812145923,-27.72857900192,0.));
#718 = CIRCLE('',#719,56.3);
#719 = AXIS2_PLACEMENT_3D('',#720,#721,#722);
#720 = CARTESIAN_POINT('',(0.,0.,0.));
#721 = DIRECTION('',(0.,0.,1.));
#722 = DIRECTION('',(-0.999823835652,1.876959406508E-02,0.));
#723 = ORIENTED_EDGE('',*,*,#724,.F.);
#724 = EDGE_CURVE('',#725,#716,#727,.T.);
#725 = VERTEX_POINT('',#726);
#726 = CARTESIAN_POINT('',(-51.71498077232,-31.40060583192,0.));
#727 = CIRCLE('',#728,2.500000000272);
#728 = AXIS2_PLACEMENT_3D('',#729,#730,#731);
#729 = CARTESIAN_POINT('',(-51.17388173741,-28.95986581386,0.));
#730 = DIRECTION('',(0.,0.,1.));
#731 = DIRECTION('',(-0.216439613938,-0.97629600712,0.));
#732 = ORIENTED_EDGE('',*,*,#733,.T.);
#733 = EDGE_CURVE('',#725,#734,#736,.T.);
#734 = VERTEX_POINT('',#735);
#735 = CARTESIAN_POINT('',(-56.07199259888,-30.4346795649,1.802E-12));
#736 = LINE('',#737,#738);
#737 = CARTESIAN_POINT('',(-51.71498077232,-31.40060583192,0.));
#738 = VECTOR('',#739,1.);
#739 = DIRECTION('',(-0.97629600712,0.216439613938,0.));
#740 = ORIENTED_EDGE('',*,*,#741,.F.);
#741 = EDGE_CURVE('',#742,#734,#744,.T.);
#742 = VERTEX_POINT('',#743);
#743 = CARTESIAN_POINT('',(-57.35997635837,-31.20541131557,-2.E-15));
#744 = B_SPLINE_CURVE_WITH_KNOTS('',3,(#745,#746,#747,#748,#749,#750,
    #751,#752,#753,#754,#755,#756),.UNSPECIFIED.,.F.,.F.,(4,2,2,2,2,4),(
    0.,3.468800388028E-02,7.154619940419E-02,0.112872656633,
    0.139648461076,0.167418212513),.UNSPECIFIED.);
#745 = CARTESIAN_POINT('',(-57.35997635837,-31.20541131557,-2.E-17));
#746 = CARTESIAN_POINT('',(-57.33887034255,-31.09172725718,-2.E-17));
#747 = CARTESIAN_POINT('',(-57.29624912808,-30.98377145959,3.992036E-11)
  );
#748 = CARTESIAN_POINT('',(-57.16917488187,-30.7818860238,3.992036E-11)
  );
#749 = CARTESIAN_POINT('',(-57.08400093566,-30.69195242025,-3.5E-16));
#750 = CARTESIAN_POINT('',(-56.87380927778,-30.53737220838,-3.5E-16));
#751 = CARTESIAN_POINT('',(-56.74713508196,-30.4784694214,2.1E-16));
#752 = CARTESIAN_POINT('',(-56.52685656234,-30.42135982863,2.1E-16));
#753 = CARTESIAN_POINT('',(-56.43773430714,-30.40919099,1.228825E-11));
#754 = CARTESIAN_POINT('',(-56.25547276944,-30.40541318684,1.228827E-11)
  );
#755 = CARTESIAN_POINT('',(-56.16260875618,-30.41459044648,-2.E-17));
#756 = CARTESIAN_POINT('',(-56.07199259889,-30.4346795649,-2.E-17));
#757 = ORIENTED_EDGE('',*,*,#758,.F.);
#758 = EDGE_CURVE('',#759,#742,#761,.T.);
#759 = VERTEX_POINT('',#760);
#760 = CARTESIAN_POINT('',(-57.88526216984,-31.56910665056,1.67E-13));
#761 = B_SPLINE_CURVE_WITH_KNOTS('',3,(#762,#763,#764,#765,#766,#767,
    #768,#769,#770,#771,#772,#773,#774,#775,#776,#777,#778,#779,#780,
    #781,#782,#783,#784,#785,#786,#787,#788,#789,#790,#791,#792,#793,
    #794,#795,#796,#797,#798),.UNSPECIFIED.,.F.,.F.,(4,3,3,3,3,3,3,3,3,3
    ,3,3,4),(0.,8.027237294524E-03,1.55815079663E-02,1.828410556696E-02,
    2.643855071291E-02,3.459299585886E-02,4.246374920786E-02,
    4.806244330458E-02,5.049326069534E-02,5.752995733288E-02,
    6.500333008232E-02,6.85122395688E-02,7.244702845992E-02),
  .UNSPECIFIED.);
#762 = CARTESIAN_POINT('',(-57.88526216457,-31.56910664739,
    -7.35658414E-09));
#763 = CARTESIAN_POINT('',(-57.859138928,-31.57489815695,
    -1.5630081427E-07));
#764 = CARTESIAN_POINT('',(-57.83272545445,-31.57850507599,
    9.157227213181E-05));
#765 = CARTESIAN_POINT('',(-57.80623816999,-31.57981161844,
    2.018765833772E-04));
#766 = CARTESIAN_POINT('',(-57.78131152228,-31.58104117911,
    3.056817398511E-04));
#767 = CARTESIAN_POINT('',(-57.75631885055,-31.5802329573,
    4.260476573045E-04));
#768 = CARTESIAN_POINT('',(-57.73147384866,-31.57727126324,
    5.272278993656E-04));
#769 = CARTESIAN_POINT('',(-57.72258536089,-31.57621169474,
    5.634258979957E-04));
#770 = CARTESIAN_POINT('',(-57.71371614382,-31.57487634984,
    5.974077650399E-04));
#771 = CARTESIAN_POINT('',(-57.704877357,-31.57325946128,
    6.283584741092E-04));
#772 = CARTESIAN_POINT('',(-57.67820842106,-31.56838088481,
    7.217448736523E-04));
#773 = CARTESIAN_POINT('',(-57.65225713648,-31.56101833044,
    7.771406157652E-04));
#774 = CARTESIAN_POINT('',(-57.62727415956,-31.5512204254,
    7.781968107697E-04));
#775 = CARTESIAN_POINT('',(-57.60229118264,-31.54142252037,
    7.792530057742E-04));
#776 = CARTESIAN_POINT('',(-57.57827507639,-31.52918871401,
    7.258364908626E-04));
#777 = CARTESIAN_POINT('',(-57.55550838593,-31.51453314053,
    6.356432352508E-04));
#778 = CARTESIAN_POINT('',(-57.53353374486,-31.50038743203,
    5.485877880746E-04));
#779 = CARTESIAN_POINT('',(-57.51313973432,-31.48425385384,
    4.306939853842E-04));
#780 = CARTESIAN_POINT('',(-57.49444903377,-31.4663477134,
    3.258343879678E-04));
#781 = CARTESIAN_POINT('',(-57.48115379884,-31.45361055873,
    2.512447288832E-04));
#782 = CARTESIAN_POINT('',(-57.46872001872,-31.43997540267,
    1.838192757816E-04));
#783 = CARTESIAN_POINT('',(-57.45719130367,-31.42550628768,
    1.477947516133E-04));
#784 = CARTESIAN_POINT('',(-57.45218581479,-31.41922414835,
    1.321537756412E-04));
#785 = CARTESIAN_POINT('',(-57.44735094924,-31.41278467775,
    1.225144276262E-04));
#786 = CARTESIAN_POINT('',(-57.44268675432,-31.40619649901,
    1.173099475242E-04));
#787 = CARTESIAN_POINT('',(-57.42918490725,-31.38712513009,
    1.022440903476E-04));
#788 = CARTESIAN_POINT('',(-57.4172571234,-31.36701972703,
    1.265487610594E-04));
#789 = CARTESIAN_POINT('',(-57.40683286034,-31.34614450701,
    1.515644189626E-04));
#790 = CARTESIAN_POINT('',(-57.39576169903,-31.32397383397,
    1.781324729392E-04));
#791 = CARTESIAN_POINT('',(-57.38638607584,-31.30093450662,
    2.055771252478E-04));
#792 = CARTESIAN_POINT('',(-57.37862901303,-31.27729501947,
    2.218986221383E-04));
#793 = CARTESIAN_POINT('',(-57.37498690494,-31.26619577104,
    2.295619165025E-04));
#794 = CARTESIAN_POINT('',(-57.37170175042,-31.25496358653,
    2.352392210444E-04));
#795 = CARTESIAN_POINT('',(-57.36876647161,-31.24362326842,
    2.399787493939E-04));
#796 = CARTESIAN_POINT('',(-57.3654760781,-31.23091098059,
    2.452916734152E-04));
#797 = CARTESIAN_POINT('',(-57.36263192026,-31.21808235529,
    2.465351104397E-04));
#798 = CARTESIAN_POINT('',(-57.36022100115,-31.20517357453,
    2.471595021251E-04));
#799 = ORIENTED_EDGE('',*,*,#800,.T.);
#800 = EDGE_CURVE('',#759,#801,#803,.T.);
#801 = VERTEX_POINT('',#802);
#802 = CARTESIAN_POINT('',(-100.3314741754,-22.1590079995,-1.4E-14));
#803 = LINE('',#804,#805);
#804 = CARTESIAN_POINT('',(-101.1304846865,-21.98187163379,-1.673E-14));
#805 = VECTOR('',#806,1.);
#806 = DIRECTION('',(-0.97629600712,0.216439613938,-3.79E-15));
#807 = ORIENTED_EDGE('',*,*,#808,.F.);
#808 = EDGE_CURVE('',#809,#801,#811,.T.);
#809 = VERTEX_POINT('',#810);
#810 = CARTESIAN_POINT('',(-112.1793404335,-8.487966770392,0.));
#811 = B_SPLINE_CURVE_WITH_KNOTS('',3,(#812,#813,#814,#815,#816,#817,
    #818,#819,#820,#821,#822,#823,#824,#825,#826,#827,#828,#829,#830,
    #831,#832,#833,#834,#835,#836,#837,#838,#839,#840,#841,#842,#843,
    #844,#845,#846,#847,#848,#849,#850,#851,#852,#853,#854,#855,#856,
    #857,#858,#859,#860,#861,#862,#863,#864,#865,#866,#867,#868,#869,
    #870,#871,#872,#873,#874,#875,#876,#877,#878,#879,#880,#881,#882,
    #883,#884,#885,#886,#887,#888,#889,#890,#891,#892,#893,#894,#895,
    #896),.UNSPECIFIED.,.F.,.F.,(4,3,3,3,3,3,3,3,3,3,3,3,3,3,3,3,3,3,3,3
    ,3,3,3,3,3,3,3,3,4),(0.,7.348463781204E-02,0.148646039624,
    0.225942379716,0.2660711466,0.337778230137,0.41197891741,
    0.48737148482,0.56394677831,0.602209477411,0.681372485889,
    0.761183360915,0.828469457234,0.906437975181,0.985771620674,
    1.06523747421,1.143874676416,1.20152152187,1.278841695414,
    1.354423123815,1.400392181312,1.479580312448,1.557749434949,
    1.581359706276,1.656696225674,1.729841387815,1.801504878427,
    1.872244929487,1.942984980547),.UNSPECIFIED.);
#812 = CARTESIAN_POINT('',(-112.1793404335,-8.487966770392,-4.14E-15));
#813 = CARTESIAN_POINT('',(-112.1608593916,-8.732217383777,-4.12E-15));
#814 = CARTESIAN_POINT('',(-112.1365924192,-8.975766471194,
    -3.95581091315E-06));
#815 = CARTESIAN_POINT('',(-112.106552484,-9.218352139557,
    -9.15548241712E-06));
#816 = CARTESIAN_POINT('',(-112.075827101,-9.466473099755,
    -1.447379942645E-05));
#817 = CARTESIAN_POINT('',(-112.039062664,-9.713586644747,
    -2.111613210655E-05));
#818 = CARTESIAN_POINT('',(-111.9962480257,-9.959462292148,
    -2.66977937171E-05));
#819 = CARTESIAN_POINT('',(-111.9522172498,-10.2123219675,
    -3.243800084104E-05));
#820 = CARTESIAN_POINT('',(-111.9017881268,-10.46387290915,
    -3.708184879132E-05));
#821 = CARTESIAN_POINT('',(-111.8449160547,-10.71390910814,
    -3.820471782799E-05));
#822 = CARTESIAN_POINT('',(-111.8153906448,-10.84371660393,
    -3.878766069126E-05));
#823 = CARTESIAN_POINT('',(-111.7841281519,-10.97311652088,
    -3.842194176118E-05));
#824 = CARTESIAN_POINT('',(-111.7511184285,-11.10208390112,
    -3.67505504348E-05));
#825 = CARTESIAN_POINT('',(-111.6921325393,-11.33253889453,
    -3.376390004029E-05));
#826 = CARTESIAN_POINT('',(-111.627570729,-11.56161127583,
    -2.666362799691E-05));
#827 = CARTESIAN_POINT('',(-111.5576176668,-11.78908244797,
    -1.865692341221E-05));
#828 = CARTESIAN_POINT('',(-111.4852319967,-12.0244638981,
    -1.037178680264E-05));
#829 = CARTESIAN_POINT('',(-111.4070737149,-12.25813132163,
    -1.13205036535E-06));
#830 = CARTESIAN_POINT('',(-111.323296118,-12.48986519391,
    6.44793280388E-06));
#831 = CARTESIAN_POINT('',(-111.2381728078,-12.72532139021,
    1.414967268069E-05));
#832 = CARTESIAN_POINT('',(-111.1472481788,-12.95878202828,
    2.012309265677E-05));
#833 = CARTESIAN_POINT('',(-111.0506304787,-13.19003134782,
    2.281183058816E-05));
#834 = CARTESIAN_POINT('',(-110.9524970818,-13.42490840694,
    2.554274828051E-05));
#835 = CARTESIAN_POINT('',(-110.8484905688,-13.65750488483,
    2.486877992687E-05));
#836 = CARTESIAN_POINT('',(-110.7386709748,-13.88759985359,
    2.061073376291E-05));
#837 = CARTESIAN_POINT('',(-110.6837969563,-14.00257237479,
    1.848309791976E-05));
#838 = CARTESIAN_POINT('',(-110.6274707362,-14.11692035027,
    1.548463953704E-05));
#839 = CARTESIAN_POINT('',(-110.569694957,-14.23061589185,
    1.174520235318E-05));
#840 = CARTESIAN_POINT('',(-110.450160669,-14.46584449133,
    4.00855270626E-06));
#841 = CARTESIAN_POINT('',(-110.3247499346,-14.69764041125,
    -6.68065987153E-06));
#842 = CARTESIAN_POINT('',(-110.1935686674,-14.92575990475,
    -1.769054029177E-05));
#843 = CARTESIAN_POINT('',(-110.0613138184,-15.15574631807,
    -2.879052508475E-05));
#844 = CARTESIAN_POINT('',(-109.9231935013,-15.38199658356,
    -4.023157299576E-05));
#845 = CARTESIAN_POINT('',(-109.7792633879,-15.60425919963,
    -4.770356484177E-05));
#846 = CARTESIAN_POINT('',(-109.657920332,-15.79164198159,
    -5.400297156906E-05));
#847 = CARTESIAN_POINT('',(-109.5324469164,-15.97619066293,
    -5.745770219568E-05));
#848 = CARTESIAN_POINT('',(-109.4028484685,-16.15774808539,
    -5.448714807344E-05));
#849 = CARTESIAN_POINT('',(-109.2526748149,-16.36812978275,
    -5.104498520377E-05));
#850 = CARTESIAN_POINT('',(-109.0969634812,-16.57449607895,
    -3.903536193925E-05));
#851 = CARTESIAN_POINT('',(-108.9359961342,-16.77674836693,
    -2.474390974692E-05));
#852 = CARTESIAN_POINT('',(-108.772210458,-16.98254182995,
    -1.020223277726E-05));
#853 = CARTESIAN_POINT('',(-108.6029826868,-17.1840764711,
    6.70121634995E-06));
#854 = CARTESIAN_POINT('',(-108.4285646393,-17.38121871298,
    2.144129931857E-05));
#855 = CARTESIAN_POINT('',(-108.2538559273,-17.57868948874,
    3.62059463612E-05));
#856 = CARTESIAN_POINT('',(-108.0739390834,-17.77175367128,
    4.880433992033E-05));
#857 = CARTESIAN_POINT('',(-107.8890299655,-17.96024027564,
    5.673797562033E-05));
#858 = CARTESIAN_POINT('',(-107.7060490367,-18.14676138578,
    6.458888122331E-05));
#859 = CARTESIAN_POINT('',(-107.5181788293,-18.32880026195,
    6.787935706062E-05));
#860 = CARTESIAN_POINT('',(-107.3256005465,-18.50614919228,
    6.609874806049E-05));
#861 = CARTESIAN_POINT('',(-107.1844265195,-18.63615898524,
    6.479343087009E-05));
#862 = CARTESIAN_POINT('',(-107.0407217787,-18.76364758252,
    6.080247295342E-05));
#863 = CARTESIAN_POINT('',(-106.8945506748,-18.88851676148,
    5.455494826529E-05));
#864 = CARTESIAN_POINT('',(-106.6984952787,-19.05600045484,
    4.617531032859E-05));
#865 = CARTESIAN_POINT('',(-106.4984134397,-19.21842359403,
    3.365496674573E-05));
#866 = CARTESIAN_POINT('',(-106.2944805285,-19.37558317426,
    1.970302697636E-05));
#867 = CARTESIAN_POINT('',(-106.095133579,-19.52920861269,
    6.06483284914E-06));
#868 = CARTESIAN_POINT('',(-105.8921062714,-19.67780479793,
    -8.93135341882E-06));
#869 = CARTESIAN_POINT('',(-105.6855466415,-19.82113543538,
    -2.108716507847E-05));
#870 = CARTESIAN_POINT('',(-105.5599158919,-19.90830994972,
    -2.848039932818E-05));
#871 = CARTESIAN_POINT('',(-105.432978214,-19.99353574126,
    -3.479116071355E-05));
#872 = CARTESIAN_POINT('',(-105.3047652199,-20.07675030528,
    -3.878446039841E-05));
#873 = CARTESIAN_POINT('',(-105.0839004048,-20.22009903085,
    -4.566347764074E-05));
#874 = CARTESIAN_POINT('',(-104.8592507432,-20.35748193476,
    -4.571851346658E-05));
#875 = CARTESIAN_POINT('',(-104.6310400003,-20.48890426348,
    -4.283688140416E-05));
#876 = CARTESIAN_POINT('',(-104.4057659186,-20.61863542351,
    -3.999233075679E-05));
#877 = CARTESIAN_POINT('',(-104.1770211421,-20.74255835682,
    -3.426455477932E-05));
#878 = CARTESIAN_POINT('',(-103.9450288586,-20.86062818816,
    -2.834194327032E-05));
#879 = CARTESIAN_POINT('',(-103.8749577028,-20.89629010509,
    -2.655307241928E-05));
#880 = CARTESIAN_POINT('',(-103.8045903748,-20.9314177061,
    -2.474030534662E-05));
#881 = CARTESIAN_POINT('',(-103.7339333133,-20.96600885554,
    -2.296309916847E-05));
#882 = CARTESIAN_POINT('',(-103.5084781709,-21.07638356342,
    -1.729232453568E-05));
#883 = CARTESIAN_POINT('',(-103.2804209998,-21.18112944457,
    -1.215121975023E-05));
#884 = CARTESIAN_POINT('',(-103.0499624051,-21.28021814786,
    -8.22620011104E-06));
#885 = CARTESIAN_POINT('',(-102.8262072938,-21.37642460028,
    -4.41534980615E-06));
#886 = CARTESIAN_POINT('',(-102.6001878821,-21.46729801091,
    -1.72991987638E-06));
#887 = CARTESIAN_POINT('',(-102.3721042956,-21.5527669706,
    -1.1434362123E-07));
#888 = CARTESIAN_POINT('',(-102.1486409048,-21.63650462066,
    1.46850656878E-06));
#889 = CARTESIAN_POINT('',(-101.9231956066,-21.71505445604,
    2.0420242042E-06));
#890 = CARTESIAN_POINT('',(-101.6959804471,-21.78830697743,
    2.04603685844E-06));
#891 = CARTESIAN_POINT('',(-101.4716931309,-21.86061558337,
    2.04999780652E-06));
#892 = CARTESIAN_POINT('',(-101.245680752,-21.92776248098,
    1.51524293975E-06));
#893 = CARTESIAN_POINT('',(-101.0181783552,-21.98960155684,
    9.9858563121E-07));
#894 = CARTESIAN_POINT('',(-100.7906759585,-22.05144063269,
    4.8192832267E-07));
#895 = CARTESIAN_POINT('',(-100.5616829254,-22.10797194834,6.44E-15));
#896 = CARTESIAN_POINT('',(-100.3314741754,-22.1590079995,6.22E-15));
#897 = ORIENTED_EDGE('',*,*,#898,.T.);
#898 = EDGE_CURVE('',#809,#462,#899,.T.);
#899 = CIRCLE('',#900,112.49999999999);
#900 = AXIS2_PLACEMENT_3D('',#901,#902,#903);
#901 = CARTESIAN_POINT('',(-6.37712E-12,-9.215E-14,0.));
#902 = DIRECTION('',(0.,0.,-1.));
#903 = DIRECTION('',(-1.,7.6E-16,0.));
#904 = FACE_BOUND('',#905,.T.);
#905 = EDGE_LOOP('',(#906));
#906 = ORIENTED_EDGE('',*,*,#907,.F.);
#907 = EDGE_CURVE('',#908,#908,#910,.T.);
#908 = VERTEX_POINT('',#909);
#909 = CARTESIAN_POINT('',(-59.16732988201,-23.62383117399,0.));
#910 = CIRCLE('',#911,1.25);
#911 = AXIS2_PLACEMENT_3D('',#912,#913,#914);
#912 = CARTESIAN_POINT('',(-57.91732988201,-23.62383117399,0.));
#913 = DIRECTION('',(0.,0.,-1.));
#914 = DIRECTION('',(1.,0.,0.));
#915 = FACE_BOUND('',#916,.T.);
#916 = EDGE_LOOP('',(#917));
#917 = ORIENTED_EDGE('',*,*,#918,.F.);
#918 = EDGE_CURVE('',#919,#919,#921,.T.);
#919 = VERTEX_POINT('',#920);
#920 = CARTESIAN_POINT('',(-63.62994036895,-4.609288401207,0.));
#921 = CIRCLE('',#922,1.25);
#922 = AXIS2_PLACEMENT_3D('',#923,#924,#925);
#923 = CARTESIAN_POINT('',(-62.37994036895,-4.609288401207,0.));
#924 = DIRECTION('',(0.,0.,-1.));
#925 = DIRECTION('',(1.,0.,0.));
#926 = FACE_BOUND('',#927,.T.);
#927 = EDGE_LOOP('',(#928,#939,#948,#956,#965,#974,#982,#991));
#928 = ORIENTED_EDGE('',*,*,#929,.T.);
#929 = EDGE_CURVE('',#930,#932,#934,.T.);
#930 = VERTEX_POINT('',#931);
#931 = CARTESIAN_POINT('',(-72.52234277127,-13.67295867635,-1.E-15));
#932 = VERTEX_POINT('',#933);
#933 = CARTESIAN_POINT('',(-77.89990581095,-9.62089871211,-1.E-15));
#934 = CIRCLE('',#935,5.);
#935 = AXIS2_PLACEMENT_3D('',#936,#937,#938);
#936 = CARTESIAN_POINT('',(-77.43578062841,-14.59931089019,0.));
#937 = DIRECTION('',(0.,-0.,1.));
#938 = DIRECTION('',(0.601793762265,0.798651530831,0.));
#939 = ORIENTED_EDGE('',*,*,#940,.T.);
#940 = EDGE_CURVE('',#932,#941,#943,.T.);
#941 = VERTEX_POINT('',#942);
#942 = CARTESIAN_POINT('',(-88.24880061831,-9.65035380438,-1.E-15));
#943 = CIRCLE('',#944,57.500000000749);
#944 = AXIS2_PLACEMENT_3D('',#945,#946,#947);
#945 = CARTESIAN_POINT('',(-83.23734541025,47.630841336642,0.));
#946 = DIRECTION('',(0.,0.,-1.));
#947 = DIRECTION('',(-8.715574274766E-02,-0.996194698092,-0.));
#948 = ORIENTED_EDGE('',*,*,#949,.T.);
#949 = EDGE_CURVE('',#941,#950,#952,.T.);
#950 = VERTEX_POINT('',#951);
#951 = CARTESIAN_POINT('',(-100.5036732982,-8.578191371935,-2.E-15));
#952 = LINE('',#953,#954);
#953 = CARTESIAN_POINT('',(-95.46254395071,-9.019233041209,0.));
#954 = VECTOR('',#955,1.);
#955 = DIRECTION('',(-0.996194698092,8.715574274766E-02,0.));
#956 = ORIENTED_EDGE('',*,*,#957,.T.);
#957 = EDGE_CURVE('',#950,#958,#960,.T.);
#958 = VERTEX_POINT('',#959);
#959 = CARTESIAN_POINT('',(-103.081837567,-18.07692804049,-2.E-15));
#960 = CIRCLE('',#961,5.);
#961 = AXIS2_PLACEMENT_3D('',#962,#963,#964);
#962 = CARTESIAN_POINT('',(-100.9394520119,-13.55916486239,0.));
#963 = DIRECTION('',(0.,0.,1.));
#964 = DIRECTION('',(-0.965082924984,0.261944551203,0.));
#965 = ORIENTED_EDGE('',*,*,#966,.T.);
#966 = EDGE_CURVE('',#958,#967,#969,.T.);
#967 = VERTEX_POINT('',#968);
#968 = CARTESIAN_POINT('',(-100.6355852933,-18.9587334288,-2.E-15));
#969 = CIRCLE('',#970,13.447856699336);
#970 = AXIS2_PLACEMENT_3D('',#971,#972,#973);
#971 = CARTESIAN_POINT('',(-97.31973877914,-5.926081676372,0.));
#972 = DIRECTION('',(0.,0.,1.));
#973 = DIRECTION('',(-0.99135647625,-0.131195796418,0.));
#974 = ORIENTED_EDGE('',*,*,#975,.T.);
#975 = EDGE_CURVE('',#967,#976,#978,.T.);
#976 = VERTEX_POINT('',#977);
#977 = CARTESIAN_POINT('',(-77.50608347572,-24.08642053135,-1.E-15));
#978 = LINE('',#979,#980);
#979 = CARTESIAN_POINT('',(-75.83758266121,-24.45631825655,-2.22E-15));
#980 = VECTOR('',#981,1.);
#981 = DIRECTION('',(0.97629600712,-0.216439613938,0.));
#982 = ORIENTED_EDGE('',*,*,#983,.T.);
#983 = EDGE_CURVE('',#976,#984,#986,.T.);
#984 = VERTEX_POINT('',#985);
#985 = CARTESIAN_POINT('',(-71.57465409854,-17.98635290085,-1.E-15));
#986 = CIRCLE('',#987,5.);
#987 = AXIS2_PLACEMENT_3D('',#988,#989,#990);
#988 = CARTESIAN_POINT('',(-76.42388540603,-19.20494049575,0.));
#989 = DIRECTION('',(-0.,0.,1.));
#990 = DIRECTION('',(0.71694744934,-0.697127215711,0.));
#991 = ORIENTED_EDGE('',*,*,#992,.T.);
#992 = EDGE_CURVE('',#984,#930,#993,.T.);
#993 = CIRCLE('',#994,73.800000000004);
#994 = AXIS2_PLACEMENT_3D('',#995,#996,#997);
#995 = CARTESIAN_POINT('',(3.33847E-12,1.75859E-12,0.));
#996 = DIRECTION('',(0.,0.,-1.));
#997 = DIRECTION('',(1.,-7.E-17,0.));
#998 = PLANE('',#999);
#999 = AXIS2_PLACEMENT_3D('',#1000,#1001,#1002);
#1000 = CARTESIAN_POINT('',(-80.58694086857,-13.92810684156,0.));
#1001 = DIRECTION('',(0.,0.,1.));
#1002 = DIRECTION('',(1.,0.,0.));
#1003 = ADVANCED_FACE('',(#1004),#1014,.F.);
#1004 = FACE_BOUND('',#1005,.T.);
#1005 = EDGE_LOOP('',(#1006,#1007,#1008));
#1006 = ORIENTED_EDGE('',*,*,#351,.F.);
#1007 = ORIENTED_EDGE('',*,*,#618,.F.);
#1008 = ORIENTED_EDGE('',*,*,#1009,.F.);
#1009 = EDGE_CURVE('',#343,#560,#1010,.T.);
#1010 = LINE('',#1011,#1012);
#1011 = CARTESIAN_POINT('',(-113.6670211669,-13.07550083772,
    22.000000000001));
#1012 = VECTOR('',#1013,1.);
#1013 = DIRECTION('',(1.E-17,-6.E-17,1.));
#1014 = PLANE('',#1015);
#1015 = AXIS2_PLACEMENT_3D('',#1016,#1017,#1018);
#1016 = CARTESIAN_POINT('',(-114.0234513142,-6.791981480609,3.));
#1017 = DIRECTION('',(0.998395031819,5.663356283145E-02,-2.E-17));
#1018 = DIRECTION('',(2.003204784516E-17,1.817901326336E-21,1.));
#1019 = ADVANCED_FACE('',(#1020),#1043,.T.);
#1020 = FACE_BOUND('',#1021,.T.);
#1021 = EDGE_LOOP('',(#1022,#1023,#1024,#1025,#1026,#1027,#1036,#1042));
#1022 = ORIENTED_EDGE('',*,*,#451,.F.);
#1023 = ORIENTED_EDGE('',*,*,#393,.F.);
#1024 = ORIENTED_EDGE('',*,*,#1009,.T.);
#1025 = ORIENTED_EDGE('',*,*,#559,.F.);
#1026 = ORIENTED_EDGE('',*,*,#519,.F.);
#1027 = ORIENTED_EDGE('',*,*,#1028,.F.);
#1028 = EDGE_CURVE('',#1029,#520,#1031,.T.);
#1029 = VERTEX_POINT('',#1030);
#1030 = CARTESIAN_POINT('',(-110.8951327848,-0.140407687787,
    22.000000000001));
#1031 = CIRCLE('',#1032,25.);
#1032 = AXIS2_PLACEMENT_3D('',#1033,#1034,#1035);
#1033 = CARTESIAN_POINT('',(-88.70714537142,-11.65966176694,22.));
#1034 = DIRECTION('',(0.,0.,1.));
#1035 = DIRECTION('',(-0.887519496538,0.460770163166,0.));
#1036 = ORIENTED_EDGE('',*,*,#1037,.F.);
#1037 = EDGE_CURVE('',#673,#1029,#1038,.T.);
#1038 = LINE('',#1039,#1040);
#1039 = CARTESIAN_POINT('',(-110.8951327848,-0.140407687787,
    22.000000000001));
#1040 = VECTOR('',#1041,1.);
#1041 = DIRECTION('',(1.E-17,-6.E-17,1.));
#1042 = ORIENTED_EDGE('',*,*,#672,.F.);
#1043 = CYLINDRICAL_SURFACE('',#1044,25.);
#1044 = AXIS2_PLACEMENT_3D('',#1045,#1046,#1047);
#1045 = CARTESIAN_POINT('',(-88.70714537142,-11.65966176694,
    22.000000000001));
#1046 = DIRECTION('',(-1.E-17,6.E-17,-1.));
#1047 = DIRECTION('',(-0.887519496538,0.460770163166,3.652140475535E-17)
  );
#1048 = ADVANCED_FACE('',(#1049),#1110,.T.);
#1049 = FACE_BOUND('',#1050,.T.);
#1050 = EDGE_LOOP('',(#1051,#1052,#1059,#1060,#1073,#1084,#1109));
#1051 = ORIENTED_EDGE('',*,*,#405,.F.);
#1052 = ORIENTED_EDGE('',*,*,#1053,.T.);
#1053 = EDGE_CURVE('',#406,#809,#1054,.T.);
#1054 = B_SPLINE_CURVE_WITH_KNOTS('',3,(#1055,#1056,#1057,#1058),
  .UNSPECIFIED.,.F.,.F.,(4,4),(0.964397420512,1.091432903474),
  .PIECEWISE_BEZIER_KNOTS.);
#1055 = CARTESIAN_POINT('',(-112.7337128668,-8.564493197997,
    0.971151176395));
#1056 = CARTESIAN_POINT('',(-112.5489298702,-8.538937674851,
    0.647444579438));
#1057 = CARTESIAN_POINT('',(-112.3641405953,-8.513430461505,
    0.323730441336));
#1058 = CARTESIAN_POINT('',(-112.1793404335,-8.487966770392,-4.44E-15));
#1059 = ORIENTED_EDGE('',*,*,#808,.T.);
#1060 = ORIENTED_EDGE('',*,*,#1061,.T.);
#1061 = EDGE_CURVE('',#801,#1062,#1064,.T.);
#1062 = VERTEX_POINT('',#1063);
#1063 = CARTESIAN_POINT('',(-101.8372022332,-27.57236280121,
    9.755548826509));
#1064 = B_SPLINE_CURVE_WITH_KNOTS('',3,(#1065,#1066,#1067,#1068,#1069,
    #1070,#1071,#1072),.UNSPECIFIED.,.F.,.F.,(4,2,2,4),(-1.091432903474,
    -0.693791861677,0.,0.184493841525),.UNSPECIFIED.);
#1065 = CARTESIAN_POINT('',(-100.3314741754,-22.1590079995,-3.1974E-13)
  );
#1066 = CARTESIAN_POINT('',(-100.4879174385,-22.72144758777,
    1.013587276549));
#1067 = CARTESIAN_POINT('',(-100.6443063502,-23.28381790078,
    2.027036508218));
#1068 = CARTESIAN_POINT('',(-101.0738008526,-24.82754977197,
    4.809075574803));
#1069 = CARTESIAN_POINT('',(-101.3454853134,-25.80763557342,
    6.574965077354));
#1070 = CARTESIAN_POINT('',(-101.6917000079,-27.05026078671,
    8.814550002222));
#1071 = CARTESIAN_POINT('',(-101.7644502642,-27.31130529257,
    9.28503805631));
#1072 = CARTESIAN_POINT('',(-101.8372159513,-27.57235956722,
    9.755548499295));
#1073 = ORIENTED_EDGE('',*,*,#1074,.F.);
#1074 = EDGE_CURVE('',#1075,#1062,#1077,.T.);
#1075 = VERTEX_POINT('',#1076);
#1076 = CARTESIAN_POINT('',(-105.8522157935,-27.022675026,10.9999998658)
  );
#1077 = B_SPLINE_CURVE_WITH_KNOTS('',3,(#1078,#1079,#1080,#1081,#1082,
    #1083),.UNSPECIFIED.,.F.,.F.,(4,2,4),(-0.433097924226,0.,
    2.032084644422E-03),.UNSPECIFIED.);
#1078 = CARTESIAN_POINT('',(-105.8522157935,-27.022675026,10.9999998658)
  );
#1079 = CARTESIAN_POINT('',(-104.5838074393,-27.30387436474,
    10.574702532698));
#1080 = CARTESIAN_POINT('',(-103.2456904449,-27.48878180465,
    10.145951628715));
#1081 = CARTESIAN_POINT('',(-101.8502373195,-27.57159615442,
    9.759158016369));
#1082 = CARTESIAN_POINT('',(-101.8437200057,-27.57198061904,
    9.757352834701));
#1083 = CARTESIAN_POINT('',(-101.8372022332,-27.57236280121,
    9.755548826509));
#1084 = ORIENTED_EDGE('',*,*,#1085,.F.);
#1085 = EDGE_CURVE('',#314,#1075,#1086,.T.);
#1086 = B_SPLINE_CURVE_WITH_KNOTS('',3,(#1087,#1088,#1089,#1090,#1091,
    #1092,#1093,#1094,#1095,#1096,#1097,#1098,#1099,#1100,#1101,#1102,
    #1103,#1104,#1105,#1106,#1107,#1108),.UNSPECIFIED.,.F.,.F.,(4,3,3,3,
    3,3,3,4),(1.675199110708,1.773895822214,1.870477321024,
    1.937127904164,2.038327797453,2.138290651345,2.189544306251,
    2.284753737245),.UNSPECIFIED.);
#1087 = CARTESIAN_POINT('',(-111.011999273,-23.82910974585,
    11.000061507404));
#1088 = CARTESIAN_POINT('',(-110.7601922877,-24.04099394979,
    11.00005079917));
#1089 = CARTESIAN_POINT('',(-110.5036904324,-24.24689735667,
    11.000035628237));
#1090 = CARTESIAN_POINT('',(-110.242681885,-24.44659711678,
    11.000019061104));
#1091 = CARTESIAN_POINT('',(-109.9872671267,-24.64201702337,
    11.000002849028));
#1092 = CARTESIAN_POINT('',(-109.7275362773,-24.83149655211,
    10.999985309228));
#1093 = CARTESIAN_POINT('',(-109.463650225,-25.01478002853,
    10.999970989764));
#1094 = CARTESIAN_POINT('',(-109.2815433051,-25.14126336886,
    10.999961107948));
#1095 = CARTESIAN_POINT('',(-109.0974572185,-25.2647949812,
    10.99995279416));
#1096 = CARTESIAN_POINT('',(-108.9114422344,-25.385276528,
    10.999947992014));
#1097 = CARTESIAN_POINT('',(-108.6290036473,-25.56821145677,
    10.999940700604));
#1098 = CARTESIAN_POINT('',(-108.3421177309,-25.7441166164,
    10.999941467603));
#1099 = CARTESIAN_POINT('',(-108.0510273837,-25.91300006386,
    10.999945957951));
#1100 = CARTESIAN_POINT('',(-107.763495244,-26.07981912694,
    10.99995039341));
#1101 = CARTESIAN_POINT('',(-107.4718602126,-26.23978702514,
    10.999958482252));
#1102 = CARTESIAN_POINT('',(-107.1763634433,-26.39286153071,
    10.999967113103));
#1103 = CARTESIAN_POINT('',(-107.0248542692,-26.47134696383,
    10.999971538373));
#1104 = CARTESIAN_POINT('',(-106.8723300581,-26.5480193944,
    10.99997612157));
#1105 = CARTESIAN_POINT('',(-106.7188248614,-26.62286801223,
    10.999980527558));
#1106 = CARTESIAN_POINT('',(-106.4336560029,-26.76191538897,
    10.999988712626));
#1107 = CARTESIAN_POINT('',(-106.1455003587,-26.89447719517,
    10.999996676234));
#1108 = CARTESIAN_POINT('',(-105.8545681431,-27.02052442218,
    11.000002786119));
#1109 = ORIENTED_EDGE('',*,*,#330,.F.);
#1110 = B_SPLINE_SURFACE_WITH_KNOTS('',3,3,(
    (#1111,#1112,#1113,#1114,#1115,#1116,#1117,#1118)
    ,(#1119,#1120,#1121,#1122,#1123,#1124,#1125,#1126)
    ,(#1127,#1128,#1129,#1130,#1131,#1132,#1133,#1134)
    ,(#1135,#1136,#1137,#1138,#1139,#1140,#1141,#1142)
    ,(#1143,#1144,#1145,#1146,#1147,#1148,#1149,#1150)
    ,(#1151,#1152,#1153,#1154,#1155,#1156,#1157,#1158)
    ,(#1159,#1160,#1161,#1162,#1163,#1164,#1165,#1166
  )),.UNSPECIFIED.,.F.,.F.,.F.,(4,1,1,1,4),(4,2,2,4),(0.,0.285714285714,
    0.571428571429,0.857142857143,1.),(-0.3669787998,0.,0.693791861677,
    1.091432903474),.UNSPECIFIED.);
#1111 = CARTESIAN_POINT('',(-102.0531731086,-28.34701647305,
    11.151760882609));
#1112 = CARTESIAN_POINT('',(-101.9083899042,-27.82772613796,
    10.215805333043));
#1113 = CARTESIAN_POINT('',(-101.7636344295,-27.30844603255,
    9.279877583075));
#1114 = CARTESIAN_POINT('',(-101.3454853134,-25.80763557342,
    6.574965077354));
#1115 = CARTESIAN_POINT('',(-101.0738008526,-24.82754977197,
    4.809075574803));
#1116 = CARTESIAN_POINT('',(-100.6443063502,-23.28381790078,
    2.027036508218));
#1117 = CARTESIAN_POINT('',(-100.4879174385,-22.72144758777,
    1.013587276549));
#1118 = CARTESIAN_POINT('',(-100.3314741754,-22.1590079995,-3.1974E-13)
  );
#1119 = CARTESIAN_POINT('',(-104.3819024124,-27.79798516087,
    11.096144740521));
#1120 = CARTESIAN_POINT('',(-104.182578391,-27.2916912932,
    10.161725487317));
#1121 = CARTESIAN_POINT('',(-103.9831374682,-26.78498315718,
    9.22655904091));
#1122 = CARTESIAN_POINT('',(-103.4072528517,-25.3221935492,
    6.526826709707));
#1123 = CARTESIAN_POINT('',(-103.0320661744,-24.36623204762,
    4.762937504992));
#1124 = CARTESIAN_POINT('',(-102.439650215,-22.86076916228,
    1.984548249516));
#1125 = CARTESIAN_POINT('',(-102.223898108,-22.31245753551,
    0.972623641273));
#1126 = CARTESIAN_POINT('',(-102.0080288195,-21.76400576112,
    -3.958295836618E-02));
#1127 = CARTESIAN_POINT('',(-109.1240230415,-25.8388572404,
    11.004658438344));
#1128 = CARTESIAN_POINT('',(-108.8137329604,-25.37838625779,
    10.072585800517));
#1129 = CARTESIAN_POINT('',(-108.5029474396,-24.91713939778,
    9.138981666373));
#1130 = CARTESIAN_POINT('',(-107.6063431989,-23.58762326549,
    6.447222477295));
#1131 = CARTESIAN_POINT('',(-107.0205993838,-22.71834207571,
    4.687295536924));
#1132 = CARTESIAN_POINT('',(-106.0964346094,-21.34928883963,
    1.91475139744));
#1133 = CARTESIAN_POINT('',(-105.7598631447,-20.85089876995,
    0.905292656076));
#1134 = CARTESIAN_POINT('',(-105.423026837,-20.35232635571,
    -0.104601166621));
#1135 = CARTESIAN_POINT('',(-115.0056096052,-20.24335714527,
    10.973116018965));
#1136 = CARTESIAN_POINT('',(-114.5573368701,-19.91296705966,
    10.042006606144));
#1137 = CARTESIAN_POINT('',(-114.1079298263,-19.58209838486,
    9.108885049972));
#1138 = CARTESIAN_POINT('',(-112.8126872258,-18.62926985805,
    6.420291368668));
#1139 = CARTESIAN_POINT('',(-111.96493275,-18.00722781186,4.661549006924
    ));
#1140 = CARTESIAN_POINT('',(-110.6286300878,-17.0278607249,
    1.891255560707));
#1141 = CARTESIAN_POINT('',(-110.1419882387,-16.67156331027,
    0.882715320395));
#1142 = CARTESIAN_POINT('',(-109.6548965049,-16.31529099654,
    -0.126353645353));
#1143 = CARTESIAN_POINT('',(-117.7997924056,-14.2174368438,
    11.045286374987));
#1144 = CARTESIAN_POINT('',(-117.2847994078,-14.02721930819,
    10.112339112268));
#1145 = CARTESIAN_POINT('',(-116.769041865,-13.83723672127,
    9.178259988918));
#1146 = CARTESIAN_POINT('',(-115.2808112671,-13.2898499392,
    6.483355472689));
#1147 = CARTESIAN_POINT('',(-114.307576642,-12.93459142156,
    4.722008677236));
#1148 = CARTESIAN_POINT('',(-112.7739721798,-12.37537822188,
    1.947248013935));
#1149 = CARTESIAN_POINT('',(-112.2153907613,-12.17216708009,
    0.936811828958));
#1150 = CARTESIAN_POINT('',(-111.6564740994,-11.96926082967,
    -7.3994942026E-02));
#1151 = CARTESIAN_POINT('',(-118.4320872733,-10.57596789259,
    11.120569298245));
#1152 = CARTESIAN_POINT('',(-117.9011804727,-10.47085601828,
    10.185723002222));
#1153 = CARTESIAN_POINT('',(-117.3700184547,-10.3661412329,9.25050382799
    ));
#1154 = CARTESIAN_POINT('',(-115.8355740626,-10.06497500042,
    6.549088549518));
#1155 = CARTESIAN_POINT('',(-114.8331227922,-9.871174613565,
    4.78474152482));
#1156 = CARTESIAN_POINT('',(-113.2538274598,-9.56638098517,
    2.005292369992));
#1157 = CARTESIAN_POINT('',(-112.6785098163,-9.455895264386,
    0.992865455621));
#1158 = CARTESIAN_POINT('',(-112.1030168966,-9.34580724418,
    -1.979147918296E-02));
#1159 = CARTESIAN_POINT('',(-118.5422796857,-9.384759596762,
    11.148093924761));
#1160 = CARTESIAN_POINT('',(-118.00838841,-9.307525950573,
    10.212508086323));
#1161 = CARTESIAN_POINT('',(-117.4744798048,-9.230732988345,
    9.27693575762));
#1162 = CARTESIAN_POINT('',(-115.9313306877,-9.010236504234,
    6.573006432761));
#1163 = CARTESIAN_POINT('',(-114.9236648647,-8.869320622463,
    4.807704690269));
#1164 = CARTESIAN_POINT('',(-113.336140909,-8.647803912421,
    2.026494658141));
#1165 = CARTESIAN_POINT('',(-112.7577940053,-8.567672128504,
    1.013327197672));
#1166 = CARTESIAN_POINT('',(-112.1793404335,-8.487966770392,-4.44E-15));
#1167 = ADVANCED_FACE('',(#1168),#1173,.T.);
#1168 = FACE_BOUND('',#1169,.T.);
#1169 = EDGE_LOOP('',(#1170,#1171,#1172));
#1170 = ORIENTED_EDGE('',*,*,#461,.F.);
#1171 = ORIENTED_EDGE('',*,*,#898,.F.);
#1172 = ORIENTED_EDGE('',*,*,#1053,.F.);
#1173 = ( BOUNDED_SURFACE() B_SPLINE_SURFACE(1,2,(
    (#1174,#1175,#1176)
    ,(#1177,#1178,#1179
)),.UNSPECIFIED.,.F.,.F.,.F.) B_SPLINE_SURFACE_WITH_KNOTS((2,2),(3,3),(
    -6.419793211082,2.33430725423),(-1.216170051063E-02,0.862154736958),
.PIECEWISE_BEZIER_KNOTS.) GEOMETRIC_REPRESENTATION_ITEM() 
RATIONAL_B_SPLINE_SURFACE((
    (1.,0.905958435124,1.)
,(1.,0.905958435124,1.))) REPRESENTATION_ITEM('') SURFACE() );
#1174 = CARTESIAN_POINT('',(-150.0334757103,5.113218649577,
    65.347040078402));
#1175 = CARTESIAN_POINT('',(-152.422952012,-64.99945582201,
    65.347040078402));
#1176 = CARTESIAN_POINT('',(-100.1720576535,-111.8112145722,
    65.347040078402));
#1177 = CARTESIAN_POINT('',(-106.4791519106,0.768365111285,
    -10.46569382401));
#1178 = CARTESIAN_POINT('',(-106.8382193298,-48.99078417573,
    -10.46569382401));
#1179 = CARTESIAN_POINT('',(-68.89806850274,-81.18778438374,
    -10.46569382401));
#1180 = ADVANCED_FACE('',(#1181),#1199,.T.);
#1181 = FACE_BOUND('',#1182,.T.);
#1182 = EDGE_LOOP('',(#1183,#1184,#1192,#1198));
#1183 = ORIENTED_EDGE('',*,*,#1037,.T.);
#1184 = ORIENTED_EDGE('',*,*,#1185,.T.);
#1185 = EDGE_CURVE('',#1029,#1186,#1188,.T.);
#1186 = VERTEX_POINT('',#1187);
#1187 = CARTESIAN_POINT('',(-87.5951325477,-2.178893568691,22.));
#1188 = LINE('',#1189,#1190);
#1189 = CARTESIAN_POINT('',(-107.4991096483,-0.437521213306,22.));
#1190 = VECTOR('',#1191,1.);
#1191 = DIRECTION('',(0.996194698092,-8.715574274766E-02,0.));
#1192 = ORIENTED_EDGE('',*,*,#1193,.F.);
#1193 = EDGE_CURVE('',#682,#1186,#1194,.T.);
#1194 = LINE('',#1195,#1196);
#1195 = CARTESIAN_POINT('',(-87.5951325477,-2.178893568691,0.));
#1196 = VECTOR('',#1197,1.);
#1197 = DIRECTION('',(0.,0.,1.));
#1198 = ORIENTED_EDGE('',*,*,#681,.F.);
#1199 = PLANE('',#1200);
#1200 = AXIS2_PLACEMENT_3D('',#1201,#1202,#1203);
#1201 = CARTESIAN_POINT('',(-87.5951325477,-2.178893568691,0.));
#1202 = DIRECTION('',(8.715574274766E-02,0.996194698092,0.));
#1203 = DIRECTION('',(-0.996194698092,8.715574274766E-02,0.));
#1204 = ADVANCED_FACE('',(#1205),#1241,.F.);
#1205 = FACE_BOUND('',#1206,.F.);
#1206 = EDGE_LOOP('',(#1207,#1217,#1226,#1234));
#1207 = ORIENTED_EDGE('',*,*,#1208,.F.);
#1208 = EDGE_CURVE('',#1209,#1211,#1213,.T.);
#1209 = VERTEX_POINT('',#1210);
#1210 = CARTESIAN_POINT('',(-55.66665009351,-30.52454183489,
    1.875565522761));
#1211 = VERTEX_POINT('',#1212);
#1212 = CARTESIAN_POINT('',(-55.66665009351,-30.52454183489,
    20.124434477239));
#1213 = LINE('',#1214,#1215);
#1214 = CARTESIAN_POINT('',(-55.66665009351,-30.52454183489,0.));
#1215 = VECTOR('',#1216,1.);
#1216 = DIRECTION('',(0.,0.,1.));
#1217 = ORIENTED_EDGE('',*,*,#1218,.F.);
#1218 = EDGE_CURVE('',#1219,#1209,#1221,.T.);
#1219 = VERTEX_POINT('',#1220);
#1220 = CARTESIAN_POINT('',(-56.75422126953,-31.99188753557,
    1.875565522761));
#1221 = CIRCLE('',#1222,1.);
#1222 = AXIS2_PLACEMENT_3D('',#1223,#1224,#1225);
#1223 = CARTESIAN_POINT('',(-55.88308970745,-31.50083784201,
    1.875565522761));
#1224 = DIRECTION('',(0.,0.,-1.));
#1225 = DIRECTION('',(-0.87113156208,-0.491049693562,-0.));
#1226 = ORIENTED_EDGE('',*,*,#1227,.F.);
#1227 = EDGE_CURVE('',#1228,#1219,#1230,.T.);
#1228 = VERTEX_POINT('',#1229);
#1229 = CARTESIAN_POINT('',(-56.75422126953,-31.99188753557,
    20.124434477239));
#1230 = LINE('',#1231,#1232);
#1231 = CARTESIAN_POINT('',(-56.75422126953,-31.99188753557,0.));
#1232 = VECTOR('',#1233,1.);
#1233 = DIRECTION('',(0.,0.,-1.));
#1234 = ORIENTED_EDGE('',*,*,#1235,.F.);
#1235 = EDGE_CURVE('',#1211,#1228,#1236,.T.);
#1236 = CIRCLE('',#1237,1.);
#1237 = AXIS2_PLACEMENT_3D('',#1238,#1239,#1240);
#1238 = CARTESIAN_POINT('',(-55.88308970745,-31.50083784201,
    20.124434477239));
#1239 = DIRECTION('',(0.,-0.,1.));
#1240 = DIRECTION('',(0.216439613938,0.97629600712,0.));
#1241 = CYLINDRICAL_SURFACE('',#1242,1.);
#1242 = AXIS2_PLACEMENT_3D('',#1243,#1244,#1245);
#1243 = CARTESIAN_POINT('',(-55.88308970745,-31.50083784201,0.));
#1244 = DIRECTION('',(0.,0.,-1.));
#1245 = DIRECTION('',(-0.803387352445,0.595456767475,0.));
#1246 = ADVANCED_FACE('',(#1247),#1285,.T.);
#1247 = FACE_BOUND('',#1248,.T.);
#1248 = EDGE_LOOP('',(#1249,#1268,#1276,#1277));
#1249 = ORIENTED_EDGE('',*,*,#1250,.T.);
#1250 = EDGE_CURVE('',#1251,#1253,#1255,.T.);
#1251 = VERTEX_POINT('',#1252);
#1252 = CARTESIAN_POINT('',(-56.07199259888,-30.4346795649,
    21.999999999998));
#1253 = VERTEX_POINT('',#1254);
#1254 = CARTESIAN_POINT('',(-57.35997635837,-31.20541131557,22.));
#1255 = B_SPLINE_CURVE_WITH_KNOTS('',3,(#1256,#1257,#1258,#1259,#1260,
    #1261,#1262,#1263,#1264,#1265,#1266,#1267),.UNSPECIFIED.,.F.,.F.,(4,
    2,2,2,2,4),(0.,4.405126218017E-02,8.754127442827E-02,0.127335626369,
    0.147460341309,0.167881460675),.UNSPECIFIED.);
#1256 = CARTESIAN_POINT('',(-56.07199259889,-30.4346795649,22.));
#1257 = CARTESIAN_POINT('',(-56.21534950347,-30.4028981043,22.));
#1258 = CARTESIAN_POINT('',(-56.36408316354,-30.39848006796,22.));
#1259 = CARTESIAN_POINT('',(-56.6520292716,-30.44500313074,22.));
#1260 = CARTESIAN_POINT('',(-56.79002760126,-30.49504291208,22.));
#1261 = CARTESIAN_POINT('',(-57.02607381251,-30.64022244526,22.));
#1262 = CARTESIAN_POINT('',(-57.12482130007,-30.73017432031,
    21.999999999999));
#1263 = CARTESIAN_POINT('',(-57.24112648296,-30.89182439645,
    21.999999999999));
#1264 = CARTESIAN_POINT('',(-57.27428685384,-30.95002704019,
    22.000000000001));
#1265 = CARTESIAN_POINT('',(-57.32774574586,-31.07371025702,
    22.000000000001));
#1266 = CARTESIAN_POINT('',(-57.34758918376,-31.13868985123,22.));
#1267 = CARTESIAN_POINT('',(-57.35997635837,-31.20541131557,22.));
#1268 = ORIENTED_EDGE('',*,*,#1269,.T.);
#1269 = EDGE_CURVE('',#1253,#1228,#1270,.T.);
#1270 = B_SPLINE_CURVE_WITH_KNOTS('',3,(#1271,#1272,#1273,#1274,#1275),
  .UNSPECIFIED.,.F.,.F.,(4,1,4),(3.003813255996E-02,0.166850632529,
    0.269547385256),.UNSPECIFIED.);
#1271 = CARTESIAN_POINT('',(-57.35997635803,-31.2054113147,
    22.000000003309));
#1272 = CARTESIAN_POINT('',(-57.2175998178,-31.36523770397,
    21.644814011428));
#1273 = CARTESIAN_POINT('',(-56.98733448502,-31.64012203943,
    21.014375025348));
#1274 = CARTESIAN_POINT('',(-56.80891095363,-31.89486698843,
    20.382649233003));
#1275 = CARTESIAN_POINT('',(-56.75422126953,-31.99188753557,
    20.124434477239));
#1276 = ORIENTED_EDGE('',*,*,#1235,.F.);
#1277 = ORIENTED_EDGE('',*,*,#1278,.T.);
#1278 = EDGE_CURVE('',#1211,#1251,#1279,.T.);
#1279 = B_SPLINE_CURVE_WITH_KNOTS('',3,(#1280,#1281,#1282,#1283,#1284),
  .UNSPECIFIED.,.F.,.F.,(4,1,4),(-0.269547385256,-0.166850632529,
    -7.691989259479E-02),.UNSPECIFIED.);
#1280 = CARTESIAN_POINT('',(-55.66665009351,-30.52454183489,
    20.124434477239));
#1281 = CARTESIAN_POINT('',(-55.66665009351,-30.52454183489,
    20.466756986332));
#1282 = CARTESIAN_POINT('',(-55.76600461525,-30.50251546771,
    21.109645735123));
#1283 = CARTESIAN_POINT('',(-55.96256238743,-30.45893965871,
    21.721557226806));
#1284 = CARTESIAN_POINT('',(-56.07165998843,-30.43475330287,
    22.000136547034));
#1285 = B_SPLINE_SURFACE_WITH_KNOTS('',3,3,(
    (#1286,#1287,#1288,#1289,#1290)
    ,(#1291,#1292,#1293,#1294,#1295)
    ,(#1296,#1297,#1298,#1299,#1300)
    ,(#1301,#1302,#1303,#1304,#1305)
    ,(#1306,#1307,#1308,#1309,#1310)
    ,(#1311,#1312,#1313,#1314,#1315)
    ,(#1316,#1317,#1318,#1319,#1320
    )),.UNSPECIFIED.,.F.,.F.,.F.,(4,1,1,1,4),(4,1,4),(0.,0.285714285714,
    0.571428571429,0.785714285714,1.),(-0.269547385256,-0.166850632529,
    -2.992162889149E-02),.UNSPECIFIED.);
#1286 = CARTESIAN_POINT('',(-56.75422126953,-31.99188753557,
    20.124434477239));
#1287 = CARTESIAN_POINT('',(-56.80891095363,-31.89486698843,
    20.382649233003));
#1288 = CARTESIAN_POINT('',(-56.98742127497,-31.63999812472,
    21.01468231357));
#1289 = CARTESIAN_POINT('',(-57.21782384443,-31.36497027711,
    21.645427335693));
#1290 = CARTESIAN_POINT('',(-57.36034010692,-31.20500300467,
    22.000907376133));
#1291 = CARTESIAN_POINT('',(-56.8618900789,-31.80088100542,
    20.124434477239));
#1292 = CARTESIAN_POINT('',(-56.89006062101,-31.7008892861,
    20.366058899325));
#1293 = CARTESIAN_POINT('',(-57.00988208837,-31.45287317905,
    20.991773617281));
#1294 = CARTESIAN_POINT('',(-57.20387009164,-31.20031784894,
    21.635264319614));
#1295 = CARTESIAN_POINT('',(-57.33149503219,-31.0552245514,
    21.998878108466));
#1296 = CARTESIAN_POINT('',(-56.94650282288,-31.3457787995,
    20.124434477239));
#1297 = CARTESIAN_POINT('',(-56.92672964735,-31.26235750188,
    20.345596736878));
#1298 = CARTESIAN_POINT('',(-56.95215147272,-31.06678497612,
    20.975410125482));
#1299 = CARTESIAN_POINT('',(-57.09917293432,-30.8762633811,
    21.646345693397));
#1300 = CARTESIAN_POINT('',(-57.21073551191,-30.76748270783,
    22.025392898002));
#1301 = CARTESIAN_POINT('',(-56.65637195927,-30.77990635471,
    20.124434477239));
#1302 = CARTESIAN_POINT('',(-56.61610209814,-30.74512716196,
    20.363756856017));
#1303 = CARTESIAN_POINT('',(-56.61973023592,-30.6543379266,
    21.038538934556));
#1304 = CARTESIAN_POINT('',(-56.77954637607,-30.54956125676,
    21.743488964391));
#1305 = CARTESIAN_POINT('',(-56.90554293302,-30.4856022207,
    22.138352679366));
#1306 = CARTESIAN_POINT('',(-56.16573924471,-30.49900015997,
    20.124434477239));
#1307 = CARTESIAN_POINT('',(-56.14081530553,-30.49617705195,
    20.411076352018));
#1308 = CARTESIAN_POINT('',(-56.19556133677,-30.46712194628,
    21.147348193173));
#1309 = CARTESIAN_POINT('',(-56.40912866752,-30.40710000241,
    21.878187777817));
#1310 = CARTESIAN_POINT('',(-56.56734442535,-30.36558892294,
    22.28337623008));
#1311 = CARTESIAN_POINT('',(-55.82719895964,-30.48894900817,
    20.124434477239));
#1312 = CARTESIAN_POINT('',(-55.81935645359,-30.49070150667,
    20.4481258981));
#1313 = CARTESIAN_POINT('',(-55.92108986027,-30.46814950978,
    21.226705898659));
#1314 = CARTESIAN_POINT('',(-56.17596493071,-30.41160530911,
    21.971573667332));
#1315 = CARTESIAN_POINT('',(-56.3571806993,-30.37145488519,
    22.381797455052));
#1316 = CARTESIAN_POINT('',(-55.66665009351,-30.52454183489,
    20.124434477239));
#1317 = CARTESIAN_POINT('',(-55.66665009351,-30.52454183489,
    20.466756986332));
#1318 = CARTESIAN_POINT('',(-55.7902456514,-30.49714135938,
    21.26650109637));
#1319 = CARTESIAN_POINT('',(-56.06426316744,-30.4363931386,
    22.018307923949));
#1320 = CARTESIAN_POINT('',(-56.25635561155,-30.39380726901,
    22.431030595457));
#1321 = ADVANCED_FACE('',(#1322),#1342,.T.);
#1322 = FACE_BOUND('',#1323,.T.);
#1323 = EDGE_LOOP('',(#1324,#1325,#1333,#1334));
#1324 = ORIENTED_EDGE('',*,*,#741,.T.);
#1325 = ORIENTED_EDGE('',*,*,#1326,.T.);
#1326 = EDGE_CURVE('',#734,#1209,#1327,.T.);
#1327 = B_SPLINE_CURVE_WITH_KNOTS('',3,(#1328,#1329,#1330,#1331,#1332),
  .UNSPECIFIED.,.F.,.F.,(4,1,4),(-0.192592130611,-0.136975862102,0.),
  .UNSPECIFIED.);
#1328 = CARTESIAN_POINT('',(-56.07208042128,-30.43466009515,
    3.594174855474E-05));
#1329 = CARTESIAN_POINT('',(-56.00490232027,-30.44955312159,
    0.172253055647));
#1330 = CARTESIAN_POINT('',(-55.7948928438,-30.49611110162,
    0.778203517488));
#1331 = CARTESIAN_POINT('',(-55.66665009351,-30.52454183489,
    1.418979315753));
#1332 = CARTESIAN_POINT('',(-55.66665009351,-30.52454183489,
    1.875565522761));
#1333 = ORIENTED_EDGE('',*,*,#1218,.F.);
#1334 = ORIENTED_EDGE('',*,*,#1335,.T.);
#1335 = EDGE_CURVE('',#1219,#742,#1336,.T.);
#1336 = B_SPLINE_CURVE_WITH_KNOTS('',3,(#1337,#1338,#1339,#1340,#1341),
  .UNSPECIFIED.,.F.,.F.,(4,1,4),(0.,0.136975862102,0.239509250496),
  .UNSPECIFIED.);
#1337 = CARTESIAN_POINT('',(-56.75422126953,-31.99188753557,
    1.875565522761));
#1338 = CARTESIAN_POINT('',(-56.82716580214,-31.86248253753,
    1.531161363537));
#1339 = CARTESIAN_POINT('',(-57.01987707091,-31.60022941651,
    0.892894480972));
#1340 = CARTESIAN_POINT('',(-57.25327557954,-31.32519020073,
    0.266188259334));
#1341 = CARTESIAN_POINT('',(-57.35997635833,-31.20541131559,
    -1.782247E-11));
#1342 = B_SPLINE_SURFACE_WITH_KNOTS('',3,3,(
    (#1343,#1344,#1345,#1346,#1347)
    ,(#1348,#1349,#1350,#1351,#1352)
    ,(#1353,#1354,#1355,#1356,#1357)
    ,(#1358,#1359,#1360,#1361,#1362)
    ,(#1363,#1364,#1365,#1366,#1367)
    ,(#1368,#1369,#1370,#1371,#1372)
    ,(#1373,#1374,#1375,#1376,#1377
    )),.UNSPECIFIED.,.F.,.F.,.F.,(4,1,1,1,4),(4,1,4),(0.,0.285714285714,
    0.571428571429,0.785714285714,1.),(0.,0.136975862102,0.239707758679)
  ,.UNSPECIFIED.);
#1343 = CARTESIAN_POINT('',(-55.66665009351,-30.52454183489,
    1.875565522761));
#1344 = CARTESIAN_POINT('',(-55.66665009351,-30.52454183489,
    1.418979315753));
#1345 = CARTESIAN_POINT('',(-55.82626607648,-30.48915582339,
    0.621444494727));
#1346 = CARTESIAN_POINT('',(-56.11254912703,-30.42568839908,
    -0.122141446985));
#1347 = CARTESIAN_POINT('',(-56.25670076476,-30.39373075038,
    -0.431772073179));
#1348 = CARTESIAN_POINT('',(-55.88071524834,-30.4770847326,
    1.875565522761));
#1349 = CARTESIAN_POINT('',(-55.86706584515,-30.4803615724,
    1.451973319683));
#1350 = CARTESIAN_POINT('',(-55.99668589588,-30.45144116248,
    0.674824403478));
#1351 = CARTESIAN_POINT('',(-56.25778640796,-30.39344984894,
    -5.900255022804E-02));
#1352 = CARTESIAN_POINT('',(-56.39110821565,-30.3639333359,
    -0.36612188307));
#1353 = CARTESIAN_POINT('',(-56.34075477665,-30.52849209438,
    1.875565522761));
#1354 = CARTESIAN_POINT('',(-56.29507369285,-30.51806732254,
    1.518098564475));
#1355 = CARTESIAN_POINT('',(-56.35910415397,-30.47467537206,
    0.78162712657));
#1356 = CARTESIAN_POINT('',(-56.56548047544,-30.40675235864,
    6.725467114854E-02));
#1357 = CARTESIAN_POINT('',(-56.6752314911,-30.37372461041,
    -0.234856026518));
#1358 = CARTESIAN_POINT('',(-56.7977742778,-30.97067652689,
    1.875565522761));
#1359 = CARTESIAN_POINT('',(-56.74772940155,-30.89966185587,
    1.570922205659));
#1360 = CARTESIAN_POINT('',(-56.77748222011,-30.76949536011,
    0.885222461366));
#1361 = CARTESIAN_POINT('',(-56.93938431549,-30.63434466669,
    0.200792913421));
#1362 = CARTESIAN_POINT('',(-57.02769536047,-30.57505905622,
    -9.154310858447E-02));
#1363 = CARTESIAN_POINT('',(-56.92383063901,-31.52180200103,
    1.875565522761));
#1364 = CARTESIAN_POINT('',(-56.92090972178,-31.40008390703,
    1.571471879717));
#1365 = CARTESIAN_POINT('',(-57.00044242559,-31.18129578157,
    0.920334782755));
#1366 = CARTESIAN_POINT('',(-57.17282056931,-30.96660890959,
    0.265968723095));
#1367 = CARTESIAN_POINT('',(-57.26037979827,-30.87444634464,
    -1.411495074919E-02));
#1368 = CARTESIAN_POINT('',(-56.83497287656,-31.84863263796,
    1.875565522761));
#1369 = CARTESIAN_POINT('',(-56.88132287114,-31.71650078637,
    1.547786071146));
#1370 = CARTESIAN_POINT('',(-57.03174923943,-31.46217669098,
    0.907237449459));
#1371 = CARTESIAN_POINT('',(-57.24037697357,-31.2040116741,
    0.271239444047));
#1372 = CARTESIAN_POINT('',(-57.33894236615,-31.0924018574,
    -3.502212853978E-05));
#1373 = CARTESIAN_POINT('',(-56.75422126953,-31.99188753557,
    1.875565522761));
#1374 = CARTESIAN_POINT('',(-56.82716580214,-31.86248253753,
    1.531161363537));
#1375 = CARTESIAN_POINT('',(-57.02003679236,-31.60001205793,
    0.892365477607));
#1376 = CARTESIAN_POINT('',(-57.25366249454,-31.32473428024,
    0.265149423779));
#1377 = CARTESIAN_POINT('',(-57.36059616379,-31.20471560453,
    -1.546025374418E-03));
#1378 = ADVANCED_FACE('',(#1379),#1446,.F.);
#1379 = FACE_BOUND('',#1380,.F.);
#1380 = EDGE_LOOP('',(#1381,#1390,#1399,#1408,#1445));
#1381 = ORIENTED_EDGE('',*,*,#1382,.F.);
#1382 = EDGE_CURVE('',#1383,#1228,#1385,.T.);
#1383 = VERTEX_POINT('',#1384);
#1384 = CARTESIAN_POINT('',(-53.26230918031,-37.51864764061,
    11.995165686067));
#1385 = ELLIPSE('',#1386,131.42776678822,65.150000000004);
#1386 = AXIS2_PLACEMENT_3D('',#1387,#1388,#1389);
#1387 = CARTESIAN_POINT('',(3.33955E-12,1.75859E-12,96.367401638365));
#1388 = DIRECTION('',(0.187975285851,0.847901720367,-0.495709556604));
#1389 = DIRECTION('',(-0.107291185057,-0.483959260803,-0.868488362324));
#1390 = ORIENTED_EDGE('',*,*,#1391,.T.);
#1391 = EDGE_CURVE('',#1383,#1392,#1394,.T.);
#1392 = VERTEX_POINT('',#1393);
#1393 = CARTESIAN_POINT('',(-53.76488616162,-38.22973869518,
    12.244451173491));
#1394 = CIRCLE('',#1395,0.5);
#1395 = AXIS2_PLACEMENT_3D('',#1396,#1397,#1398);
#1396 = CARTESIAN_POINT('',(-53.67107594301,-37.80658814438,
    11.995165686067));
#1397 = DIRECTION('',(0.373974839971,-0.53090302569,-0.76045039048));
#1398 = DIRECTION('',(0.817533525408,0.575881007531,8.604228440845E-15)
  );
#1399 = ORIENTED_EDGE('',*,*,#1400,.F.);
#1400 = EDGE_CURVE('',#1401,#1392,#1403,.T.);
#1401 = VERTEX_POINT('',#1402);
#1402 = CARTESIAN_POINT('',(-57.88526216984,-31.56910665056,22.));
#1403 = ELLIPSE('',#1404,131.67633759692,65.650000000004);
#1404 = AXIS2_PLACEMENT_3D('',#1405,#1406,#1407);
#1405 = CARTESIAN_POINT('',(-9.381021860409E-02,-0.423150550801,
    96.616687125789));
#1406 = DIRECTION('',(-0.187620437215,-0.846301101606,0.498570974847));
#1407 = DIRECTION('',(-0.107910509317,-0.486752852009,-0.866848881317));
#1408 = ORIENTED_EDGE('',*,*,#1409,.F.);
#1409 = EDGE_CURVE('',#1253,#1401,#1410,.T.);
#1410 = B_SPLINE_CURVE_WITH_KNOTS('',3,(#1411,#1412,#1413,#1414,#1415,
    #1416,#1417,#1418,#1419,#1420,#1421,#1422,#1423,#1424,#1425,#1426,
    #1427,#1428,#1429,#1430,#1431,#1432,#1433,#1434,#1435,#1436,#1437,
    #1438,#1439,#1440,#1441,#1442,#1443,#1444),.UNSPECIFIED.,.F.,.F.,(4,
    3,3,3,3,3,3,3,3,3,3,4),(4.841862148234E-02,5.529727454363E-02,
    6.348048228349E-02,7.116737743307E-02,7.503795287157E-02,
    7.599556578189E-02,8.492255947537E-02,9.384955316885E-02,
    0.102483351602,0.111117150035,0.119651721981,0.127589990553),
  .UNSPECIFIED.);
#1411 = CARTESIAN_POINT('',(-57.3602232976,-31.2051705452,
    21.999749986806));
#1412 = CARTESIAN_POINT('',(-57.36415766405,-31.22624044776,
    21.999749156314));
#1413 = CARTESIAN_POINT('',(-57.36920465882,-31.24686449894,
    21.999755920724));
#1414 = CARTESIAN_POINT('',(-57.3753486917,-31.26693444298,
    21.999770004996));
#1415 = CARTESIAN_POINT('',(-57.38265810187,-31.29081117936,
    21.99978676072));
#1416 = CARTESIAN_POINT('',(-57.39157141464,-31.31408523407,
    21.999808683109));
#1417 = CARTESIAN_POINT('',(-57.40215361456,-31.33650156886,
    21.999833106666));
#1418 = CARTESIAN_POINT('',(-57.41209400271,-31.3575583501,
    21.999856048931));
#1419 = CARTESIAN_POINT('',(-57.42350734415,-31.37785859449,
    21.999881259874));
#1420 = CARTESIAN_POINT('',(-57.43645621135,-31.39715493001,
    21.99987974668));
#1421 = CARTESIAN_POINT('',(-57.44297634287,-31.40687119658,
    21.999878984743));
#1422 = CARTESIAN_POINT('',(-57.44988590336,-31.41633232079,
    21.9998710072));
#1423 = CARTESIAN_POINT('',(-57.45719336798,-31.42550255483,
    21.999849201666));
#1424 = CARTESIAN_POINT('',(-57.45900129618,-31.42777134784,
    21.999843806793));
#1425 = CARTESIAN_POINT('',(-57.46083358179,-31.43002232003,
    21.999837555062));
#1426 = CARTESIAN_POINT('',(-57.46269017812,-31.43225509037,
    21.999830517197));
#1427 = CARTESIAN_POINT('',(-57.47999761361,-31.45306926958,
    21.999764909295));
#1428 = CARTESIAN_POINT('',(-57.49915928757,-31.47198841966,
    21.99964158659));
#1429 = CARTESIAN_POINT('',(-57.52000083748,-31.48885108734,
    21.999529463483));
#1430 = CARTESIAN_POINT('',(-57.54084238738,-31.50571375501,
    21.999417340377));
#1431 = CARTESIAN_POINT('',(-57.56336519789,-31.52052063557,
    21.999316383317));
#1432 = CARTESIAN_POINT('',(-57.58740042494,-31.53306323971,
    21.999263316392));
#1433 = CARTESIAN_POINT('',(-57.61064624686,-31.54519389867,
    21.999211992379));
#1434 = CARTESIAN_POINT('',(-57.63486018759,-31.5549738048,
    21.999206376485));
#1435 = CARTESIAN_POINT('',(-57.65977374378,-31.56242973113,
    21.999249193226));
#1436 = CARTESIAN_POINT('',(-57.68468729998,-31.56988565746,
    21.999292009966));
#1437 = CARTESIAN_POINT('',(-57.71030171546,-31.57501804687,
    21.999383122358));
#1438 = CARTESIAN_POINT('',(-57.73638239547,-31.57782586155,
    21.9994946412));
#1439 = CARTESIAN_POINT('',(-57.76216333554,-31.58060140659,
    21.999604878378));
#1440 = CARTESIAN_POINT('',(-57.78805907403,-31.5810701698,
    21.999730310597));
#1441 = CARTESIAN_POINT('',(-57.81383048361,-31.57937191007,
    21.999831976747));
#1442 = CARTESIAN_POINT('',(-57.83780126645,-31.57779230632,
    21.999926539568));
#1443 = CARTESIAN_POINT('',(-57.86166569941,-31.57433797289,
    22.000000141894));
#1444 = CARTESIAN_POINT('',(-57.88526216457,-31.56910664739,
    22.000000007357));
#1445 = ORIENTED_EDGE('',*,*,#1269,.T.);
#1446 = B_SPLINE_SURFACE_WITH_KNOTS('',3,3,(
    (#1447,#1448,#1449,#1450)
    ,(#1451,#1452,#1453,#1454)
    ,(#1455,#1456,#1457,#1458)
    ,(#1459,#1460,#1461,#1462)
    ,(#1463,#1464,#1465,#1466)
    ,(#1467,#1468,#1469,#1470
    )),.UNSPECIFIED.,.F.,.F.,.F.,(4,1,1,4),(4,4),(0.,0.285714285714,
    0.571428571429,1.),(0.73894878989,0.858717214742),.UNSPECIFIED.);
#1447 = CARTESIAN_POINT('',(-53.26230918031,-37.51864764061,
    11.995165686067));
#1448 = CARTESIAN_POINT('',(-54.76015895713,-35.39226668245,
    15.064308316766));
#1449 = CARTESIAN_POINT('',(-56.13051495521,-33.17608838902,
    18.33539378524));
#1450 = CARTESIAN_POINT('',(-57.36356975754,-30.88597359111,
    21.785011460069));
#1451 = CARTESIAN_POINT('',(-53.21504878124,-37.58573955744,
    12.065247183153));
#1452 = CARTESIAN_POINT('',(-54.71534211903,-35.46160346889,
    15.131672877679));
#1453 = CARTESIAN_POINT('',(-56.08847289434,-33.24720479484,
    18.40027774757));
#1454 = CARTESIAN_POINT('',(-57.32451057528,-30.9585170102,
    21.84760955555));
#1455 = CARTESIAN_POINT('',(-53.18015992248,-37.76076918197,
    12.204600537355));
#1456 = CARTESIAN_POINT('',(-54.68533192774,-35.63756417108,
    15.265628305316));
#1457 = CARTESIAN_POINT('',(-56.0637306724,-33.4234475467,
    18.529375110702));
#1458 = CARTESIAN_POINT('',(-57.30518676823,-31.13430359718,
    21.972165740182));
#1459 = CARTESIAN_POINT('',(-53.34994484882,-38.09087295775,
    12.351563184882));
#1460 = CARTESIAN_POINT('',(-54.85966041408,-35.95954216028,
    15.409474189008));
#1461 = CARTESIAN_POINT('',(-56.24233236649,-33.73685059672,
    18.670196474987));
#1462 = CARTESIAN_POINT('',(-57.48762177335,-31.43897218102,
    22.110268586783));
#1463 = CARTESIAN_POINT('',(-53.61785934716,-38.22265221368,
    12.311808749452));
#1464 = CARTESIAN_POINT('',(-55.12715032944,-36.08286107888,
    15.375781184496));
#1465 = CARTESIAN_POINT('',(-56.5084434338,-33.85252542355,
    18.642356446937));
#1466 = CARTESIAN_POINT('',(-57.7518123656,-31.54715518794,
    22.087480940153));
#1467 = CARTESIAN_POINT('',(-53.76488616162,-38.22973869518,
    12.244451173491));
#1468 = CARTESIAN_POINT('',(-55.27423133197,-36.08703861992,
    15.31359380419));
#1469 = CARTESIAN_POINT('',(-56.65510426019,-33.85385205102,
    18.584679272664));
#1470 = CARTESIAN_POINT('',(-57.89762226132,-31.54616154476,
    22.034296947493));
#1471 = ADVANCED_FACE('',(#1472),#1492,.T.);
#1472 = FACE_BOUND('',#1473,.T.);
#1473 = EDGE_LOOP('',(#1474,#1475,#1476,#1477,#1478,#1486));
#1474 = ORIENTED_EDGE('',*,*,#1278,.F.);
#1475 = ORIENTED_EDGE('',*,*,#1208,.F.);
#1476 = ORIENTED_EDGE('',*,*,#1326,.F.);
#1477 = ORIENTED_EDGE('',*,*,#733,.F.);
#1478 = ORIENTED_EDGE('',*,*,#1479,.T.);
#1479 = EDGE_CURVE('',#725,#1480,#1482,.T.);
#1480 = VERTEX_POINT('',#1481);
#1481 = CARTESIAN_POINT('',(-51.71498077232,-31.40060583192,22.));
#1482 = LINE('',#1483,#1484);
#1483 = CARTESIAN_POINT('',(-51.71498077232,-31.40060583192,0.));
#1484 = VECTOR('',#1485,1.);
#1485 = DIRECTION('',(0.,0.,1.));
#1486 = ORIENTED_EDGE('',*,*,#1487,.T.);
#1487 = EDGE_CURVE('',#1480,#1251,#1488,.T.);
#1488 = LINE('',#1489,#1490);
#1489 = CARTESIAN_POINT('',(-67.43967812838,-27.91452435641,22.));
#1490 = VECTOR('',#1491,1.);
#1491 = DIRECTION('',(-0.97629600712,0.216439613938,0.));
#1492 = PLANE('',#1493);
#1493 = AXIS2_PLACEMENT_3D('',#1494,#1495,#1496);
#1494 = CARTESIAN_POINT('',(-100.5663329881,-20.57052178279,0.));
#1495 = DIRECTION('',(-0.216439613938,-0.97629600712,0.));
#1496 = DIRECTION('',(0.97629600712,-0.216439613938,0.));
#1497 = ADVANCED_FACE('',(#1498),#1527,.F.);
#1498 = FACE_BOUND('',#1499,.F.);
#1499 = EDGE_LOOP('',(#1500,#1501,#1510,#1519,#1526));
#1500 = ORIENTED_EDGE('',*,*,#758,.F.);
#1501 = ORIENTED_EDGE('',*,*,#1502,.F.);
#1502 = EDGE_CURVE('',#1503,#759,#1505,.T.);
#1503 = VERTEX_POINT('',#1504);
#1504 = CARTESIAN_POINT('',(-53.76488616162,-38.22973869518,
    9.755548826509));
#1505 = ELLIPSE('',#1506,131.67633759692,65.650000000004);
#1506 = AXIS2_PLACEMENT_3D('',#1507,#1508,#1509);
#1507 = CARTESIAN_POINT('',(-9.381021860409E-02,-0.423150550801,
    -74.61668712578));
#1508 = DIRECTION('',(-0.187620437215,-0.846301101606,-0.498570974847));
#1509 = DIRECTION('',(-0.107910509317,-0.486752852009,0.866848881317));
#1510 = ORIENTED_EDGE('',*,*,#1511,.F.);
#1511 = EDGE_CURVE('',#1512,#1503,#1514,.T.);
#1512 = VERTEX_POINT('',#1513);
#1513 = CARTESIAN_POINT('',(-53.26230918031,-37.51864764061,
    10.004834313933));
#1514 = CIRCLE('',#1515,0.5);
#1515 = AXIS2_PLACEMENT_3D('',#1516,#1517,#1518);
#1516 = CARTESIAN_POINT('',(-53.67107594301,-37.80658814438,
    10.004834313933));
#1517 = DIRECTION('',(-0.373974839971,0.53090302569,-0.76045039048));
#1518 = DIRECTION('',(0.817533525408,0.575881007531,2.667310816662E-14)
  );
#1519 = ORIENTED_EDGE('',*,*,#1520,.F.);
#1520 = EDGE_CURVE('',#1219,#1512,#1521,.T.);
#1521 = ELLIPSE('',#1522,131.42776678822,65.150000000004);
#1522 = AXIS2_PLACEMENT_3D('',#1523,#1524,#1525);
#1523 = CARTESIAN_POINT('',(3.33955E-12,1.75859E-12,-74.36740163836));
#1524 = DIRECTION('',(0.187975285851,0.847901720367,0.495709556604));
#1525 = DIRECTION('',(-0.107291185057,-0.483959260803,0.868488362324));
#1526 = ORIENTED_EDGE('',*,*,#1335,.T.);
#1527 = B_SPLINE_SURFACE_WITH_KNOTS('',3,3,(
    (#1528,#1529,#1530,#1531)
    ,(#1532,#1533,#1534,#1535)
    ,(#1536,#1537,#1538,#1539)
    ,(#1540,#1541,#1542,#1543)
    ,(#1544,#1545,#1546,#1547)
    ,(#1548,#1549,#1550,#1551
    )),.UNSPECIFIED.,.F.,.F.,.F.,(4,1,1,4),(4,4),(0.,0.285714285714,
    0.571428571429,1.),(-0.858717214742,-0.73894878989),.UNSPECIFIED.);
#1528 = CARTESIAN_POINT('',(-57.36356975754,-30.88597359111,
    0.214988539931));
#1529 = CARTESIAN_POINT('',(-56.13051495521,-33.17608838902,
    3.66460621476));
#1530 = CARTESIAN_POINT('',(-54.76015895713,-35.39226668245,
    6.935691683234));
#1531 = CARTESIAN_POINT('',(-53.26230918031,-37.51864764061,
    10.004834313933));
#1532 = CARTESIAN_POINT('',(-57.32451057528,-30.9585170102,0.15239044445
    ));
#1533 = CARTESIAN_POINT('',(-56.08847289434,-33.24720479484,
    3.59972225243));
#1534 = CARTESIAN_POINT('',(-54.71534211903,-35.46160346889,
    6.868327122321));
#1535 = CARTESIAN_POINT('',(-53.21504878124,-37.58573955744,
    9.934752816847));
#1536 = CARTESIAN_POINT('',(-57.30518408885,-31.13430616198,
    2.783157895367E-02));
#1537 = CARTESIAN_POINT('',(-56.06372799301,-33.42345011151,
    3.470622208433));
#1538 = CARTESIAN_POINT('',(-54.68532889974,-35.63756680634,
    6.734368365785));
#1539 = CARTESIAN_POINT('',(-53.18015689449,-37.76077181724,
    9.795396133746));
#1540 = CARTESIAN_POINT('',(-57.48761950727,-31.43897728155,
    -0.110272815107));
#1541 = CARTESIAN_POINT('',(-56.2423301004,-33.73685569726,
    3.329799296688));
#1542 = CARTESIAN_POINT('',(-54.85965781765,-35.95954784079,
    6.590520568315));
#1543 = CARTESIAN_POINT('',(-53.34994225239,-38.09087863826,
    9.648431572441));
#1544 = CARTESIAN_POINT('',(-57.7518123656,-31.54715518794,
    -8.748094015338E-02));
#1545 = CARTESIAN_POINT('',(-56.5084434338,-33.85252542355,
    3.357643553063));
#1546 = CARTESIAN_POINT('',(-55.12715032944,-36.08286107888,
    6.624218815504));
#1547 = CARTESIAN_POINT('',(-53.61785934716,-38.22265221368,
    9.688191250548));
#1548 = CARTESIAN_POINT('',(-57.89762226132,-31.54616154476,
    -3.429694749302E-02));
#1549 = CARTESIAN_POINT('',(-56.65510426019,-33.85385205102,
    3.415320727337));
#1550 = CARTESIAN_POINT('',(-55.27423133197,-36.08703861992,
    6.68640619581));
#1551 = CARTESIAN_POINT('',(-53.76488616162,-38.22973869518,
    9.755548826509));
#1552 = ADVANCED_FACE('',(#1553),#1612,.F.);
#1553 = FACE_BOUND('',#1554,.F.);
#1554 = EDGE_LOOP('',(#1555,#1601,#1602,#1611));
#1555 = ORIENTED_EDGE('',*,*,#1556,.F.);
#1556 = EDGE_CURVE('',#1392,#1503,#1557,.T.);
#1557 = B_SPLINE_CURVE_WITH_KNOTS('',3,(#1558,#1559,#1560,#1561,#1562,
    #1563,#1564,#1565,#1566,#1567,#1568,#1569,#1570,#1571,#1572,#1573,
    #1574,#1575,#1576,#1577,#1578,#1579,#1580,#1581,#1582,#1583,#1584,
    #1585,#1586,#1587,#1588,#1589,#1590,#1591,#1592,#1593,#1594,#1595,
    #1596,#1597,#1598,#1599,#1600),.UNSPECIFIED.,.F.,.F.,(4,3,3,3,3,3,3,
    3,3,3,3,3,3,3,4),(-1.534046216847,-1.516502997721,-1.499189525395,
    -1.482581934342,-1.468091787768,-1.450116160855,-1.440179003193,
    -1.422410491167,-1.413972010675,-1.390645407998,-1.377708538252,
    -1.360604551893,-1.339519481947,-1.316756082178,-1.315247182384),
  .UNSPECIFIED.);
#1558 = CARTESIAN_POINT('',(-53.76488616162,-38.22973869518,
    12.244451173491));
#1559 = CARTESIAN_POINT('',(-53.74440378116,-38.26703949806,
    12.188842646752));
#1560 = CARTESIAN_POINT('',(-53.72493427929,-38.30232160516,
    12.131006986812));
#1561 = CARTESIAN_POINT('',(-53.70667265996,-38.33532288166,
    12.071170185108));
#1562 = CARTESIAN_POINT('',(-53.68865019564,-38.36789197194,
    12.0121170089));
#1563 = CARTESIAN_POINT('',(-53.67180372451,-38.39824037229,
    11.951113470612));
#1564 = CARTESIAN_POINT('',(-53.65633887456,-38.42608082874,
    11.888346649213));
#1565 = CARTESIAN_POINT('',(-53.64150453637,-38.45278621207,
    11.828138871025));
#1566 = CARTESIAN_POINT('',(-53.62794126545,-38.47718426893,
    11.766307637966));
#1567 = CARTESIAN_POINT('',(-53.61585186149,-38.49898145923,
    11.703006860821));
#1568 = CARTESIAN_POINT('',(-53.60530383951,-38.51799953845,
    11.647776843649));
#1569 = CARTESIAN_POINT('',(-53.59587803309,-38.53503723477,
    11.591427628495));
#1570 = CARTESIAN_POINT('',(-53.5877247357,-38.54987099241,
    11.534062393714));
#1571 = CARTESIAN_POINT('',(-53.57761023263,-38.56827288308,
    11.462898444269));
#1572 = CARTESIAN_POINT('',(-53.56934027945,-38.58326717837,
    11.390323987979));
#1573 = CARTESIAN_POINT('',(-53.5631831164,-38.59441219592,
    11.31679386753));
#1574 = CARTESIAN_POINT('',(-53.5597793575,-38.6005733049,11.2761454716)
  );
#1575 = CARTESIAN_POINT('',(-53.55702091078,-38.60555871447,
    11.235205413154));
#1576 = CARTESIAN_POINT('',(-53.55494985315,-38.6092995713,
    11.194052744103));
#1577 = CARTESIAN_POINT('',(-53.55124661991,-38.61598855238,
    11.120468151831));
#1578 = CARTESIAN_POINT('',(-53.54974258972,-38.61869579968,
    11.046204186645));
#1579 = CARTESIAN_POINT('',(-53.55034159849,-38.61760205617,
    10.972072196975));
#1580 = CARTESIAN_POINT('',(-53.55062607498,-38.6170826242,
    10.936866021707));
#1581 = CARTESIAN_POINT('',(-53.55138449884,-38.61570657971,
    10.901689589279));
#1582 = CARTESIAN_POINT('',(-53.55260460254,-38.61349680987,
    10.866628997566));
#1583 = CARTESIAN_POINT('',(-53.55597735127,-38.60738831403,
    10.769710542481));
#1584 = CARTESIAN_POINT('',(-53.56295013401,-38.59487807917,
    10.673326214431));
#1585 = CARTESIAN_POINT('',(-53.57329472221,-38.57630299853,
    10.57894537874));
#1586 = CARTESIAN_POINT('',(-53.57903180239,-38.56600130985,
    10.526602026612));
#1587 = CARTESIAN_POINT('',(-53.58580641368,-38.55383342491,
    10.474874672586));
#1588 = CARTESIAN_POINT('',(-53.5935829659,-38.53985070734,
    10.424014587249));
#1589 = CARTESIAN_POINT('',(-53.60386443628,-38.52136399337,
    10.356771875305));
#1590 = CARTESIAN_POINT('',(-53.61589719146,-38.49970519816,
    10.291044975031));
#1591 = CARTESIAN_POINT('',(-53.62945698753,-38.47523319899,
    10.226919239897));
#1592 = CARTESIAN_POINT('',(-53.64617292982,-38.44506515493,
    10.14786774966));
#1593 = CARTESIAN_POINT('',(-53.66517532576,-38.41072467389,
    10.071526921577));
#1594 = CARTESIAN_POINT('',(-53.68604019808,-38.37293265898,
    9.998009740682));
#1595 = CARTESIAN_POINT('',(-53.70856587293,-38.33213247451,
    9.91864073774));
#1596 = CARTESIAN_POINT('',(-53.73326279781,-38.28730864829,
    9.842562063371));
#1597 = CARTESIAN_POINT('',(-53.75962251119,-38.23932260983,
    9.769943877079));
#1598 = CARTESIAN_POINT('',(-53.76136979703,-38.23614179658,
    9.765130291788));
#1599 = CARTESIAN_POINT('',(-53.76312439567,-38.23294707639,
    9.760331923343));
#1600 = CARTESIAN_POINT('',(-53.76488616162,-38.22973869518,
    9.755548826509));
#1601 = ORIENTED_EDGE('',*,*,#1391,.F.);
#1602 = ORIENTED_EDGE('',*,*,#1603,.F.);
#1603 = EDGE_CURVE('',#1512,#1383,#1604,.T.);
#1604 = B_SPLINE_CURVE_WITH_KNOTS('',3,(#1605,#1606,#1607,#1608,#1609,
    #1610),.UNSPECIFIED.,.F.,.F.,(4,1,1,4),(1.315247182384,
    1.377761192231,1.440275202078,1.534046216847),.UNSPECIFIED.);
#1605 = CARTESIAN_POINT('',(-53.26230918031,-37.51864764061,
    10.004834313933));
#1606 = CARTESIAN_POINT('',(-53.18497083968,-37.62843887429,
    10.163303074882));
#1607 = CARTESIAN_POINT('',(-53.05623206204,-37.80964670533,
    10.522616879047));
#1608 = CARTESIAN_POINT('',(-53.00371973319,-37.88302673465,
    11.268911653931));
#1609 = CARTESIAN_POINT('',(-53.14630612289,-37.68332816879,
    11.757471670076));
#1610 = CARTESIAN_POINT('',(-53.26230918031,-37.51864764061,
    11.995165686067));
#1611 = ORIENTED_EDGE('',*,*,#1511,.T.);
#1612 = B_SPLINE_SURFACE_WITH_KNOTS('',3,3,(
    (#1613,#1614,#1615,#1616,#1617,#1618)
    ,(#1619,#1620,#1621,#1622,#1623,#1624)
    ,(#1625,#1626,#1627,#1628,#1629,#1630)
    ,(#1631,#1632,#1633,#1634,#1635,#1636)
    ,(#1637,#1638,#1639,#1640,#1641,#1642)
    ,(#1643,#1644,#1645,#1646,#1647,#1648)
    ,(#1649,#1650,#1651,#1652,#1653,#1654
    )),.UNSPECIFIED.,.F.,.F.,.F.,(4,1,1,1,4),(4,1,1,4),(0.,
    0.285714285714,0.571428571429,0.857142857143,1.),(1.315247182384,
    1.377761192231,1.440275202078,1.534046216847),.UNSPECIFIED.);
#1613 = CARTESIAN_POINT('',(-53.26230918031,-37.51864764061,
    10.004834313933));
#1614 = CARTESIAN_POINT('',(-53.18497083968,-37.62843887429,
    10.163303074882));
#1615 = CARTESIAN_POINT('',(-53.05623206204,-37.80964670533,
    10.522616879047));
#1616 = CARTESIAN_POINT('',(-53.00371973319,-37.88302673465,
    11.268911653931));
#1617 = CARTESIAN_POINT('',(-53.14630612289,-37.68332816879,
    11.757471670076));
#1618 = CARTESIAN_POINT('',(-53.26230918031,-37.51864764061,
    11.995165686067));
#1619 = CARTESIAN_POINT('',(-53.21504878124,-37.58573955744,
    9.934752816847));
#1620 = CARTESIAN_POINT('',(-53.13242720066,-37.70269081131,
    10.100309714463));
#1621 = CARTESIAN_POINT('',(-52.99202331569,-37.89962471967,
    10.479924694606));
#1622 = CARTESIAN_POINT('',(-52.93345835771,-37.98114080772,
    11.293674018504));
#1623 = CARTESIAN_POINT('',(-53.09112116814,-37.76115970359,
    11.816921370332));
#1624 = CARTESIAN_POINT('',(-53.21504878124,-37.58573955744,
    12.065247183153));
#1625 = CARTESIAN_POINT('',(-53.17980264347,-37.76144090489,
    9.794754801145));
#1626 = CARTESIAN_POINT('',(-53.08906813348,-37.89460051162,
    9.974485148729));
#1627 = CARTESIAN_POINT('',(-52.9299823245,-38.12655868172,
    10.394634574688));
#1628 = CARTESIAN_POINT('',(-52.8614412466,-38.22597881638,
    11.34316546192));
#1629 = CARTESIAN_POINT('',(-53.04370610343,-37.96117264699,
    11.935660027262));
#1630 = CARTESIAN_POINT('',(-53.17980264347,-37.76144090489,
    12.205245198855));
#1631 = CARTESIAN_POINT('',(-53.32576485667,-38.04344887841,
    9.669654344519));
#1632 = CARTESIAN_POINT('',(-53.23568933588,-38.19249905994,
    9.865339348571));
#1633 = CARTESIAN_POINT('',(-53.07652162536,-38.45527241774,
    10.326056566888));
#1634 = CARTESIAN_POINT('',(-53.00737738885,-38.56916641931,
    11.382470822421));
#1635 = CARTESIAN_POINT('',(-53.19065676249,-38.26701556763,
    12.036829417935));
#1636 = CARTESIAN_POINT('',(-53.32576485667,-38.04344887841,
    12.330345655481));
#1637 = CARTESIAN_POINT('',(-53.56383706967,-38.19833023113,
    9.67860435502));
#1638 = CARTESIAN_POINT('',(-53.48295552137,-38.344575039,9.879409107581
    ));
#1639 = CARTESIAN_POINT('',(-53.34363222004,-38.59603302274,
    10.345101898587));
#1640 = CARTESIAN_POINT('',(-53.2846466612,-38.70231245472,
    11.370581910672));
#1641 = CARTESIAN_POINT('',(-53.44251940479,-38.41768902142,
    12.020200079491));
#1642 = CARTESIAN_POINT('',(-53.56383706967,-38.19833023113,
    12.32139564498));
#1643 = CARTESIAN_POINT('',(-53.71587722347,-38.22737653468,
    9.733096301189));
#1644 = CARTESIAN_POINT('',(-53.64102669694,-38.36410354414,
    9.932300386603));
#1645 = CARTESIAN_POINT('',(-53.51522506485,-38.59235270939,
    10.386833608282));
#1646 = CARTESIAN_POINT('',(-53.46336237503,-38.68592033595,
    11.345790011946));
#1647 = CARTESIAN_POINT('',(-53.60360574394,-38.43245917543,
    11.968109041868));
#1648 = CARTESIAN_POINT('',(-53.71587722347,-38.22737653468,
    12.266903698811));
#1649 = CARTESIAN_POINT('',(-53.76488616162,-38.22973869518,
    9.755548826509));
#1650 = CARTESIAN_POINT('',(-53.69189585793,-38.36266254818,
    9.953713452044));
#1651 = CARTESIAN_POINT('',(-53.57031208618,-38.58199188453,
    10.403034094331));
#1652 = CARTESIAN_POINT('',(-53.52068977137,-38.67078895191,
    11.336273072902));
#1653 = CARTESIAN_POINT('',(-53.65540490923,-38.42911682025,
    11.947215646509));
#1654 = CARTESIAN_POINT('',(-53.76488616162,-38.22973869518,
    12.244451173491));
#1655 = ADVANCED_FACE('',(#1656),#1667,.T.);
#1656 = FACE_BOUND('',#1657,.T.);
#1657 = EDGE_LOOP('',(#1658,#1659,#1665,#1666));
#1658 = ORIENTED_EDGE('',*,*,#1502,.F.);
#1659 = ORIENTED_EDGE('',*,*,#1660,.F.);
#1660 = EDGE_CURVE('',#1062,#1503,#1661,.T.);
#1661 = LINE('',#1662,#1663);
#1662 = CARTESIAN_POINT('',(-102.3449134817,-27.45980592726,
    9.755548826509));
#1663 = VECTOR('',#1664,1.);
#1664 = DIRECTION('',(0.97629600712,-0.216439613938,0.));
#1665 = ORIENTED_EDGE('',*,*,#1061,.F.);
#1666 = ORIENTED_EDGE('',*,*,#800,.F.);
#1667 = PLANE('',#1668);
#1668 = AXIS2_PLACEMENT_3D('',#1669,#1670,#1671);
#1669 = CARTESIAN_POINT('',(-102.5837150083,-27.40359599136,9.75));
#1670 = DIRECTION('',(-0.187620437215,-0.846301101606,-0.498570974847));
#1671 = DIRECTION('',(0.150352899752,0.476858475374,-0.866025403784));
#1672 = ADVANCED_FACE('',(#1673),#1695,.T.);
#1673 = FACE_BOUND('',#1674,.T.);
#1674 = EDGE_LOOP('',(#1675,#1676,#1684,#1693,#1694));
#1675 = ORIENTED_EDGE('',*,*,#1556,.F.);
#1676 = ORIENTED_EDGE('',*,*,#1677,.T.);
#1677 = EDGE_CURVE('',#1392,#1678,#1680,.T.);
#1678 = VERTEX_POINT('',#1679);
#1679 = CARTESIAN_POINT('',(-101.8372017587,-27.57236290641,
    12.244451173491));
#1680 = LINE('',#1681,#1682);
#1681 = CARTESIAN_POINT('',(-102.3449134817,-27.45980592726,
    12.244451173491));
#1682 = VECTOR('',#1683,1.);
#1683 = DIRECTION('',(-0.97629600712,0.216439613938,0.));
#1684 = ORIENTED_EDGE('',*,*,#1685,.F.);
#1685 = EDGE_CURVE('',#1075,#1678,#1686,.T.);
#1686 = B_SPLINE_CURVE_WITH_KNOTS('',3,(#1687,#1688,#1689,#1690,#1691,
    #1692),.UNSPECIFIED.,.F.,.F.,(4,2,4),(0.38634590489,0.769184611618,
    0.771216099602),.UNSPECIFIED.);
#1687 = CARTESIAN_POINT('',(-105.8522157935,-27.022675026,10.9999998658)
  );
#1688 = CARTESIAN_POINT('',(-104.5799666323,-27.30472589807,
    11.426585061587));
#1689 = CARTESIAN_POINT('',(-103.2429425262,-27.48882051126,
    11.854740073838));
#1690 = CARTESIAN_POINT('',(-101.8518885084,-27.57149878902,
    12.240384480602));
#1691 = CARTESIAN_POINT('',(-101.8445454247,-27.57193229647,
    12.242418571876));
#1692 = CARTESIAN_POINT('',(-101.8372017587,-27.57236290641,
    12.244451173491));
#1693 = ORIENTED_EDGE('',*,*,#1074,.T.);
#1694 = ORIENTED_EDGE('',*,*,#1660,.T.);
#1695 = CYLINDRICAL_SURFACE('',#1696,2.496036143846);
#1696 = AXIS2_PLACEMENT_3D('',#1697,#1698,#1699);
#1697 = CARTESIAN_POINT('',(-101.8766060891,-25.34740778907,11.));
#1698 = DIRECTION('',(0.97629600712,-0.216439613938,0.));
#1699 = DIRECTION('',(-0.216439613938,-0.97629600712,0.));
#1700 = ADVANCED_FACE('',(#1701),#1724,.T.);
#1701 = FACE_BOUND('',#1702,.T.);
#1702 = EDGE_LOOP('',(#1703,#1704,#1712,#1723));
#1703 = ORIENTED_EDGE('',*,*,#1400,.F.);
#1704 = ORIENTED_EDGE('',*,*,#1705,.T.);
#1705 = EDGE_CURVE('',#1401,#1706,#1708,.T.);
#1706 = VERTEX_POINT('',#1707);
#1707 = CARTESIAN_POINT('',(-100.3314742552,-22.15900798181,22.));
#1708 = LINE('',#1709,#1710);
#1709 = CARTESIAN_POINT('',(-92.07107617864,-23.9902941467,22.));
#1710 = VECTOR('',#1711,1.);
#1711 = DIRECTION('',(-0.97629600712,0.216439613938,0.));
#1712 = ORIENTED_EDGE('',*,*,#1713,.F.);
#1713 = EDGE_CURVE('',#1678,#1706,#1714,.T.);
#1714 = B_SPLINE_CURVE_WITH_KNOTS('',3,(#1715,#1716,#1717,#1718,#1719,
    #1720,#1721,#1722),.UNSPECIFIED.,.F.,.F.,(4,2,2,4),(-0.878285854415,
    -0.693791854615,0.,0.397641064717),.UNSPECIFIED.);
#1715 = CARTESIAN_POINT('',(-101.8372154787,-27.57235967171,
    12.244451501193));
#1716 = CARTESIAN_POINT('',(-101.7644499383,-27.31130535284,
    12.714961964041));
#1717 = CARTESIAN_POINT('',(-101.6916998022,-27.05026077971,
    13.18545008709));
#1718 = CARTESIAN_POINT('',(-101.3454855933,-25.8076358164,
    15.425034404879));
#1719 = CARTESIAN_POINT('',(-101.0738004754,-24.82754944433,
    17.190925123281));
#1720 = CARTESIAN_POINT('',(-100.644306323,-23.28381784822,
    19.972963591231));
#1721 = CARTESIAN_POINT('',(-100.4879174917,-22.72144757599,
    20.986412723433));
#1722 = CARTESIAN_POINT('',(-100.3314742552,-22.15900798181,22.));
#1723 = ORIENTED_EDGE('',*,*,#1677,.F.);
#1724 = PLANE('',#1725);
#1725 = AXIS2_PLACEMENT_3D('',#1726,#1727,#1728);
#1726 = CARTESIAN_POINT('',(-100.890992409,-22.03496579347,22.));
#1727 = DIRECTION('',(-0.187620437215,-0.846301101606,0.498570974847));
#1728 = DIRECTION('',(-0.150352899752,-0.476858475374,-0.866025403784));
#1729 = ADVANCED_FACE('',(#1730,#1881,#1953,#1964),#1975,.T.);
#1730 = FACE_BOUND('',#1731,.T.);
#1731 = EDGE_LOOP('',(#1732,#1733,#1742,#1833,#1834,#1835,#1836,#1837,
    #1846,#1855,#1864,#1872,#1879,#1880));
#1732 = ORIENTED_EDGE('',*,*,#528,.F.);
#1733 = ORIENTED_EDGE('',*,*,#1734,.T.);
#1734 = EDGE_CURVE('',#502,#1735,#1737,.T.);
#1735 = VERTEX_POINT('',#1736);
#1736 = CARTESIAN_POINT('',(-112.1793404264,-8.487966864601,22.));
#1737 = CIRCLE('',#1738,112.49999999999);
#1738 = AXIS2_PLACEMENT_3D('',#1739,#1740,#1741);
#1739 = CARTESIAN_POINT('',(-6.37712E-12,-9.215E-14,22.));
#1740 = DIRECTION('',(0.,0.,1.));
#1741 = DIRECTION('',(-1.,7.6E-16,0.));
#1742 = ORIENTED_EDGE('',*,*,#1743,.F.);
#1743 = EDGE_CURVE('',#1706,#1735,#1744,.T.);
#1744 = B_SPLINE_CURVE_WITH_KNOTS('',3,(#1745,#1746,#1747,#1748,#1749,
    #1750,#1751,#1752,#1753,#1754,#1755,#1756,#1757,#1758,#1759,#1760,
    #1761,#1762,#1763,#1764,#1765,#1766,#1767,#1768,#1769,#1770,#1771,
    #1772,#1773,#1774,#1775,#1776,#1777,#1778,#1779,#1780,#1781,#1782,
    #1783,#1784,#1785,#1786,#1787,#1788,#1789,#1790,#1791,#1792,#1793,
    #1794,#1795,#1796,#1797,#1798,#1799,#1800,#1801,#1802,#1803,#1804,
    #1805,#1806,#1807,#1808,#1809,#1810,#1811,#1812,#1813,#1814,#1815,
    #1816,#1817,#1818,#1819,#1820,#1821,#1822,#1823,#1824,#1825,#1826,
    #1827,#1828,#1829,#1830,#1831,#1832),.UNSPECIFIED.,.F.,.F.,(4,3,3,3,
    3,3,3,3,3,3,3,3,3,3,3,3,3,3,3,3,3,3,3,3,3,3,3,3,3,4),(0.,
    6.896489226093E-02,0.139765589597,0.212400676735,0.286778146902,
    0.363259887525,0.440507526506,0.518050438789,0.543837233163,
    0.602207808577,0.67854086594,0.756383247624,0.835338969702,
    0.914820519962,0.993905485835,1.071563530802,1.116051373588,
    1.195795556164,1.20153999761,1.280139978167,1.358267114279,
    1.435491993336,1.510555140839,1.581360802003,1.653087068672,
    1.677306551318,1.753935655713,1.82940206038,1.902533877775,
    1.94298505632),.UNSPECIFIED.);
#1745 = CARTESIAN_POINT('',(-100.3314742552,-22.15900798181,22.));
#1746 = CARTESIAN_POINT('',(-100.555908085,-22.10925219962,22.));
#1747 = CARTESIAN_POINT('',(-100.7791176974,-22.05428784084,
    22.000000317212));
#1748 = CARTESIAN_POINT('',(-101.0008370022,-21.99430299219,
    22.00000089667));
#1749 = CARTESIAN_POINT('',(-101.2284583451,-21.93272138197,
    22.000001491552));
#1750 = CARTESIAN_POINT('',(-101.4545093812,-21.86584854875,
    22.000002377379));
#1751 = CARTESIAN_POINT('',(-101.6787437241,-21.79384897964,
    22.000003714108));
#1752 = CARTESIAN_POINT('',(-101.9087878007,-21.71998395892,
    22.00000508547));
#1753 = CARTESIAN_POINT('',(-102.1369202838,-21.64072322002,
    22.000006947924));
#1754 = CARTESIAN_POINT('',(-102.3629116421,-21.55620207904,
    22.000009461871));
#1755 = CARTESIAN_POINT('',(-102.5943241203,-21.46965343031,
    22.000012036122));
#1756 = CARTESIAN_POINT('',(-102.8234920442,-21.37758909827,
    22.000015312108));
#1757 = CARTESIAN_POINT('',(-103.0501991534,-21.28010876657,
    22.000019178189));
#1758 = CARTESIAN_POINT('',(-103.2833202086,-21.17987054352,
    22.000023153648));
#1759 = CARTESIAN_POINT('',(-103.5138398234,-21.07390570482,
    22.000027774871));
#1760 = CARTESIAN_POINT('',(-103.7415458399,-20.96227264737,
    22.000032311123));
#1761 = CARTESIAN_POINT('',(-103.9715321349,-20.84952168158,
    22.000036892801));
#1762 = CARTESIAN_POINT('',(-104.1986488832,-20.73098844531,
    22.000041409104));
#1763 = CARTESIAN_POINT('',(-104.4226907882,-20.60668138334,
    22.000044167188));
#1764 = CARTESIAN_POINT('',(-104.6475890766,-20.48189916694,
    22.000046935814));
#1765 = CARTESIAN_POINT('',(-104.8693896662,-20.35129890299,
    22.000047953392));
#1766 = CARTESIAN_POINT('',(-105.0878877815,-20.214837022,
    22.000044249953));
#1767 = CARTESIAN_POINT('',(-105.1605490448,-20.16945680141,
    22.000043018379));
#1768 = CARTESIAN_POINT('',(-105.23284507,-20.1234279265,22.000041253083
    ));
#1769 = CARTESIAN_POINT('',(-105.3047681933,-20.07674752303,
    22.000038808135));
#1770 = CARTESIAN_POINT('',(-105.4675722251,-19.97108250817,
    22.00003327379));
#1771 = CARTESIAN_POINT('',(-105.6284659356,-19.86208050121,
    22.000024301533));
#1772 = CARTESIAN_POINT('',(-105.7873829032,-19.74984303596,
    22.000014335676));
#1773 = CARTESIAN_POINT('',(-105.9952036745,-19.60306653405,
    22.000001303009));
#1774 = CARTESIAN_POINT('',(-106.1990988847,-19.45114360968,
    21.999986384704));
#1775 = CARTESIAN_POINT('',(-106.3989295794,-19.29436520931,
    21.999973379754));
#1776 = CARTESIAN_POINT('',(-106.6027115023,-19.13448684857,
    21.999960117658));
#1777 = CARTESIAN_POINT('',(-106.8022671118,-18.96955882442,
    21.99994885384));
#1778 = CARTESIAN_POINT('',(-106.9974389335,-18.79983571232,
    21.999941929399));
#1779 = CARTESIAN_POINT('',(-107.1954021995,-18.62768513599,
    21.999934905921));
#1780 = CARTESIAN_POINT('',(-107.3888559501,-18.45060098419,
    21.999932354857));
#1781 = CARTESIAN_POINT('',(-107.577617215,-18.26879872633,
    21.999934875729));
#1782 = CARTESIAN_POINT('',(-107.7676355895,-18.08578570441,
    21.999937413389));
#1783 = CARTESIAN_POINT('',(-107.9528993432,-17.89799111278,
    21.999945097263));
#1784 = CARTESIAN_POINT('',(-108.1331944422,-17.70559007159,
    21.999956577499));
#1785 = CARTESIAN_POINT('',(-108.3125899335,-17.51414904247,
    21.999968000453));
#1786 = CARTESIAN_POINT('',(-108.4870667461,-17.31814694565,
    21.999983185154));
#1787 = CARTESIAN_POINT('',(-108.6563789253,-17.11771894801,
    21.999998799755));
#1788 = CARTESIAN_POINT('',(-108.8226362245,-16.92090724959,
    22.000014132622));
#1789 = CARTESIAN_POINT('',(-108.9839139737,-16.71982743131,
    22.000029879145));
#1790 = CARTESIAN_POINT('',(-109.1399387664,-16.51457858845,
    22.000040939052));
#1791 = CARTESIAN_POINT('',(-109.2293204453,-16.39699800479,
    22.000047274923));
#1792 = CARTESIAN_POINT('',(-109.3169774396,-16.27804874429,
    22.000052036946));
#1793 = CARTESIAN_POINT('',(-109.4028514149,-16.15774596197,
    22.000053971115));
#1794 = CARTESIAN_POINT('',(-109.5567799838,-15.94210396999,
    22.000057438101));
#1795 = CARTESIAN_POINT('',(-109.7049824001,-15.72211354726,
    22.000051913013));
#1796 = CARTESIAN_POINT('',(-109.8474227298,-15.4980263024,
    22.000043294084));
#1797 = CARTESIAN_POINT('',(-109.8576835427,-15.48188398311,
    22.000042673212));
#1798 = CARTESIAN_POINT('',(-109.8679144332,-15.46572040003,
    22.000042035514));
#1799 = CARTESIAN_POINT('',(-109.8781153777,-15.44953564529,
    22.000041382841));
#1800 = CARTESIAN_POINT('',(-110.0176927491,-15.22808306019,
    22.000032452457));
#1801 = CARTESIAN_POINT('',(-110.1513714099,-15.00313826952,
    22.00002091982));
#1802 = CARTESIAN_POINT('',(-110.2791492815,-14.77495728455,
    22.000010475079));
#1803 = CARTESIAN_POINT('',(-110.4061584625,-14.54814899853,
    22.000000093172));
#1804 = CARTESIAN_POINT('',(-110.5273377315,-14.31814265242,
    21.999990771285));
#1805 = CARTESIAN_POINT('',(-110.6426350024,-14.08518019764,
    21.999984404968));
#1806 = CARTESIAN_POINT('',(-110.7566007543,-13.85490812712,
    21.999978112173));
#1807 = CARTESIAN_POINT('',(-110.8648196384,-13.62174717588,
    21.999974691925));
#1808 = CARTESIAN_POINT('',(-110.9671912545,-13.38593167075,
    21.999974505349));
#1809 = CARTESIAN_POINT('',(-111.0666972145,-13.15671727429,
    21.999974323996));
#1810 = CARTESIAN_POINT('',(-111.1606786132,-12.92499430109,
    21.999977181277));
#1811 = CARTESIAN_POINT('',(-111.2489959703,-12.69098740392,
    21.999982249238));
#1812 = CARTESIAN_POINT('',(-111.3323040792,-12.47025308058,
    21.99998702975));
#1813 = CARTESIAN_POINT('',(-111.4105721735,-12.2474862229,
    21.999993760498));
#1814 = CARTESIAN_POINT('',(-111.4836432902,-12.02289016101,
    22.000000942789));
#1815 = CARTESIAN_POINT('',(-111.5576644675,-11.7953739319,
    22.000008218463));
#1816 = CARTESIAN_POINT('',(-111.6262441346,-11.56631580684,
    22.000016044575));
#1817 = CARTESIAN_POINT('',(-111.6892353549,-11.33592160272,
    22.000021436739));
#1818 = CARTESIAN_POINT('',(-111.7105053141,-11.25812543839,
    22.000023257487));
#1819 = CARTESIAN_POINT('',(-111.7311376877,-11.18017709533,
    22.000024792853));
#1820 = CARTESIAN_POINT('',(-111.7511255713,-11.10208504213,
    22.000025904948));
#1821 = CARTESIAN_POINT('',(-111.8143661303,-10.85500610224,
    22.000029423554));
#1822 = CARTESIAN_POINT('',(-111.8711578732,-10.60648631574,
    22.000028733977));
#1823 = CARTESIAN_POINT('',(-111.9215891965,-10.35669562986,
    22.000026057702));
#1824 = CARTESIAN_POINT('',(-111.9712553212,-10.11069503867,
    22.000023422035));
#1825 = CARTESIAN_POINT('',(-112.0147521959,-9.863461255788,
    22.000018833892));
#1826 = CARTESIAN_POINT('',(-112.0521279492,-9.615190772876,
    22.000014203984));
#1827 = CARTESIAN_POINT('',(-112.0883474667,-9.37460064935,
    22.000009717305));
#1828 = CARTESIAN_POINT('',(-112.1188183098,-9.133036568207,
    22.000005168875));
#1829 = CARTESIAN_POINT('',(-112.1435558325,-8.890716582749,
    22.000002447294));
#1830 = CARTESIAN_POINT('',(-112.1572388228,-8.756682870119,
    22.000000941914));
#1831 = CARTESIAN_POINT('',(-112.1691672334,-8.62241862335,22.));
#1832 = CARTESIAN_POINT('',(-112.1793404264,-8.487966864601,22.));
#1833 = ORIENTED_EDGE('',*,*,#1705,.F.);
#1834 = ORIENTED_EDGE('',*,*,#1409,.F.);
#1835 = ORIENTED_EDGE('',*,*,#1250,.F.);
#1836 = ORIENTED_EDGE('',*,*,#1487,.F.);
#1837 = ORIENTED_EDGE('',*,*,#1838,.T.);
#1838 = EDGE_CURVE('',#1480,#1839,#1841,.T.);
#1839 = VERTEX_POINT('',#1840);
#1840 = CARTESIAN_POINT('',(-48.99812145923,-27.72857900192,22.));
#1841 = CIRCLE('',#1842,2.500000000272);
#1842 = AXIS2_PLACEMENT_3D('',#1843,#1844,#1845);
#1843 = CARTESIAN_POINT('',(-51.17388173741,-28.95986581386,22.));
#1844 = DIRECTION('',(0.,0.,1.));
#1845 = DIRECTION('',(-0.216439613938,-0.97629600712,0.));
#1846 = ORIENTED_EDGE('',*,*,#1847,.T.);
#1847 = EDGE_CURVE('',#1839,#1848,#1850,.T.);
#1848 = VERTEX_POINT('',#1849);
#1849 = CARTESIAN_POINT('',(-56.29008194722,1.056728145864,22.));
#1850 = CIRCLE('',#1851,56.3);
#1851 = AXIS2_PLACEMENT_3D('',#1852,#1853,#1854);
#1852 = CARTESIAN_POINT('',(0.,0.,22.));
#1853 = DIRECTION('',(0.,0.,-1.));
#1854 = DIRECTION('',(-0.999823835652,1.876959406508E-02,0.));
#1855 = ORIENTED_EDGE('',*,*,#1856,.T.);
#1856 = EDGE_CURVE('',#1848,#1857,#1859,.T.);
#1857 = VERTEX_POINT('',#1858);
#1858 = CARTESIAN_POINT('',(-59.84618719067,3.369421598596,22.));
#1859 = CIRCLE('',#1860,2.499999999976);
#1860 = AXIS2_PLACEMENT_3D('',#1861,#1862,#1863);
#1861 = CARTESIAN_POINT('',(-58.78964153633,1.103652131026,22.));
#1862 = DIRECTION('',(-0.,0.,1.));
#1863 = DIRECTION('',(0.999823835652,-1.876959406508E-02,0.));
#1864 = ORIENTED_EDGE('',*,*,#1865,.T.);
#1865 = EDGE_CURVE('',#1857,#1866,#1868,.T.);
#1866 = VERTEX_POINT('',#1867);
#1867 = CARTESIAN_POINT('',(-62.1064323229,2.315451984131,22.));
#1868 = LINE('',#1869,#1870);
#1869 = CARTESIAN_POINT('',(-62.1064323229,2.315451984131,22.));
#1870 = VECTOR('',#1871,1.);
#1871 = DIRECTION('',(-0.906307787037,-0.422618261741,0.));
#1872 = ORIENTED_EDGE('',*,*,#1873,.T.);
#1873 = EDGE_CURVE('',#1866,#1186,#1874,.T.);
#1874 = CIRCLE('',#1875,50.000000000749);
#1875 = AXIS2_PLACEMENT_3D('',#1876,#1877,#1878);
#1876 = CARTESIAN_POINT('',(-83.23734541025,47.630841336642,22.));
#1877 = DIRECTION('',(0.,0.,-1.));
#1878 = DIRECTION('',(-8.715574274766E-02,-0.996194698092,-0.));
#1879 = ORIENTED_EDGE('',*,*,#1185,.F.);
#1880 = ORIENTED_EDGE('',*,*,#1028,.T.);
#1881 = FACE_BOUND('',#1882,.T.);
#1882 = EDGE_LOOP('',(#1883,#1894,#1903,#1912,#1920,#1929,#1938,#1946));
#1883 = ORIENTED_EDGE('',*,*,#1884,.T.);
#1884 = EDGE_CURVE('',#1885,#1887,#1889,.T.);
#1885 = VERTEX_POINT('',#1886);
#1886 = CARTESIAN_POINT('',(-77.89990581095,-9.62089871211,22.));
#1887 = VERTEX_POINT('',#1888);
#1888 = CARTESIAN_POINT('',(-72.52234277127,-13.67295867635,22.));
#1889 = CIRCLE('',#1890,5.);
#1890 = AXIS2_PLACEMENT_3D('',#1891,#1892,#1893);
#1891 = CARTESIAN_POINT('',(-77.43578062841,-14.59931089019,22.));
#1892 = DIRECTION('',(0.,0.,-1.));
#1893 = DIRECTION('',(0.601793762265,0.798651530831,0.));
#1894 = ORIENTED_EDGE('',*,*,#1895,.T.);
#1895 = EDGE_CURVE('',#1887,#1896,#1898,.T.);
#1896 = VERTEX_POINT('',#1897);
#1897 = CARTESIAN_POINT('',(-71.57465409854,-17.98635290085,22.));
#1898 = CIRCLE('',#1899,73.800000000004);
#1899 = AXIS2_PLACEMENT_3D('',#1900,#1901,#1902);
#1900 = CARTESIAN_POINT('',(3.33814E-12,1.75859E-12,22.));
#1901 = DIRECTION('',(-0.,0.,1.));
#1902 = DIRECTION('',(1.,-7.E-17,0.));
#1903 = ORIENTED_EDGE('',*,*,#1904,.T.);
#1904 = EDGE_CURVE('',#1896,#1905,#1907,.T.);
#1905 = VERTEX_POINT('',#1906);
#1906 = CARTESIAN_POINT('',(-77.50608347572,-24.08642053135,22.));
#1907 = CIRCLE('',#1908,5.);
#1908 = AXIS2_PLACEMENT_3D('',#1909,#1910,#1911);
#1909 = CARTESIAN_POINT('',(-76.42388540603,-19.20494049575,22.));
#1910 = DIRECTION('',(0.,0.,-1.));
#1911 = DIRECTION('',(0.71694744934,-0.697127215711,0.));
#1912 = ORIENTED_EDGE('',*,*,#1913,.T.);
#1913 = EDGE_CURVE('',#1905,#1914,#1916,.T.);
#1914 = VERTEX_POINT('',#1915);
#1915 = CARTESIAN_POINT('',(-100.6355852933,-18.9587334288,22.));
#1916 = LINE('',#1917,#1918);
#1917 = CARTESIAN_POINT('',(-75.83758266121,-24.45631825655,22.));
#1918 = VECTOR('',#1919,1.);
#1919 = DIRECTION('',(-0.97629600712,0.216439613938,0.));
#1920 = ORIENTED_EDGE('',*,*,#1921,.T.);
#1921 = EDGE_CURVE('',#1914,#1922,#1924,.T.);
#1922 = VERTEX_POINT('',#1923);
#1923 = CARTESIAN_POINT('',(-103.081837567,-18.07692804049,22.));
#1924 = CIRCLE('',#1925,13.447856699336);
#1925 = AXIS2_PLACEMENT_3D('',#1926,#1927,#1928);
#1926 = CARTESIAN_POINT('',(-97.31973877914,-5.926081676372,22.));
#1927 = DIRECTION('',(0.,0.,-1.));
#1928 = DIRECTION('',(-0.99135647625,-0.131195796418,-0.));
#1929 = ORIENTED_EDGE('',*,*,#1930,.T.);
#1930 = EDGE_CURVE('',#1922,#1931,#1933,.T.);
#1931 = VERTEX_POINT('',#1932);
#1932 = CARTESIAN_POINT('',(-100.5036732982,-8.578191371935,22.));
#1933 = CIRCLE('',#1934,5.);
#1934 = AXIS2_PLACEMENT_3D('',#1935,#1936,#1937);
#1935 = CARTESIAN_POINT('',(-100.9394520119,-13.55916486239,22.));
#1936 = DIRECTION('',(0.,0.,-1.));
#1937 = DIRECTION('',(-0.965082924984,0.261944551203,0.));
#1938 = ORIENTED_EDGE('',*,*,#1939,.T.);
#1939 = EDGE_CURVE('',#1931,#1940,#1942,.T.);
#1940 = VERTEX_POINT('',#1941);
#1941 = CARTESIAN_POINT('',(-88.24880061831,-9.65035380438,22.));
#1942 = LINE('',#1943,#1944);
#1943 = CARTESIAN_POINT('',(-95.46254395071,-9.019233041209,22.));
#1944 = VECTOR('',#1945,1.);
#1945 = DIRECTION('',(0.996194698092,-8.715574274766E-02,0.));
#1946 = ORIENTED_EDGE('',*,*,#1947,.T.);
#1947 = EDGE_CURVE('',#1940,#1885,#1948,.T.);
#1948 = CIRCLE('',#1949,57.500000000749);
#1949 = AXIS2_PLACEMENT_3D('',#1950,#1951,#1952);
#1950 = CARTESIAN_POINT('',(-83.23734541025,47.630841336642,22.));
#1951 = DIRECTION('',(0.,0.,1.));
#1952 = DIRECTION('',(-8.715574274766E-02,-0.996194698092,0.));
#1953 = FACE_BOUND('',#1954,.T.);
#1954 = EDGE_LOOP('',(#1955));
#1955 = ORIENTED_EDGE('',*,*,#1956,.T.);
#1956 = EDGE_CURVE('',#1957,#1957,#1959,.T.);
#1957 = VERTEX_POINT('',#1958);
#1958 = CARTESIAN_POINT('',(-59.16732988201,-23.62383117399,22.));
#1959 = CIRCLE('',#1960,1.25);
#1960 = AXIS2_PLACEMENT_3D('',#1961,#1962,#1963);
#1961 = CARTESIAN_POINT('',(-57.91732988201,-23.62383117399,22.));
#1962 = DIRECTION('',(0.,0.,-1.));
#1963 = DIRECTION('',(1.,0.,0.));
#1964 = FACE_BOUND('',#1965,.T.);
#1965 = EDGE_LOOP('',(#1966));
#1966 = ORIENTED_EDGE('',*,*,#1967,.T.);
#1967 = EDGE_CURVE('',#1968,#1968,#1970,.T.);
#1968 = VERTEX_POINT('',#1969);
#1969 = CARTESIAN_POINT('',(-63.62994036895,-4.609288401207,22.));
#1970 = CIRCLE('',#1971,1.25);
#1971 = AXIS2_PLACEMENT_3D('',#1972,#1973,#1974);
#1972 = CARTESIAN_POINT('',(-62.37994036895,-4.609288401207,22.));
#1973 = DIRECTION('',(0.,0.,-1.));
#1974 = DIRECTION('',(1.,0.,0.));
#1975 = PLANE('',#1976);
#1976 = AXIS2_PLACEMENT_3D('',#1977,#1978,#1979);
#1977 = CARTESIAN_POINT('',(-80.58694086857,-13.92810684156,22.));
#1978 = DIRECTION('',(0.,0.,1.));
#1979 = DIRECTION('',(1.,0.,0.));
#1980 = ADVANCED_FACE('',(#1981),#1996,.T.);
#1981 = FACE_BOUND('',#1982,.T.);
#1982 = EDGE_LOOP('',(#1983,#1984,#1985,#1986,#1987,#1988,#1995));
#1983 = ORIENTED_EDGE('',*,*,#629,.F.);
#1984 = ORIENTED_EDGE('',*,*,#1085,.T.);
#1985 = ORIENTED_EDGE('',*,*,#1685,.T.);
#1986 = ORIENTED_EDGE('',*,*,#1713,.T.);
#1987 = ORIENTED_EDGE('',*,*,#1743,.T.);
#1988 = ORIENTED_EDGE('',*,*,#1989,.T.);
#1989 = EDGE_CURVE('',#1735,#500,#1990,.T.);
#1990 = B_SPLINE_CURVE_WITH_KNOTS('',3,(#1991,#1992,#1993,#1994),
  .UNSPECIFIED.,.F.,.F.,(4,4),(-0.397641064717,-0.270605566888),
  .PIECEWISE_BEZIER_KNOTS.);
#1991 = CARTESIAN_POINT('',(-112.1793404264,-8.487966864601,22.));
#1992 = CARTESIAN_POINT('',(-112.3641405999,-8.51343054733,
    21.67626953943));
#1993 = CARTESIAN_POINT('',(-112.5489298811,-8.538937746584,
    21.352555392246));
#1994 = CARTESIAN_POINT('',(-112.7337128791,-8.564493250371,
    21.028848795559));
#1995 = ORIENTED_EDGE('',*,*,#571,.F.);
#1996 = B_SPLINE_SURFACE_WITH_KNOTS('',3,3,(
    (#1997,#1998,#1999,#2000,#2001,#2002,#2003,#2004)
    ,(#2005,#2006,#2007,#2008,#2009,#2010,#2011,#2012)
    ,(#2013,#2014,#2015,#2016,#2017,#2018,#2019,#2020)
    ,(#2021,#2022,#2023,#2024,#2025,#2026,#2027,#2028)
    ,(#2029,#2030,#2031,#2032,#2033,#2034,#2035,#2036)
    ,(#2037,#2038,#2039,#2040,#2041,#2042,#2043,#2044)
    ,(#2045,#2046,#2047,#2048,#2049,#2050,#2051,#2052
  )),.UNSPECIFIED.,.F.,.F.,.F.,(4,1,1,1,4),(4,2,2,4),(0.,0.285714285714,
    0.571428571429,0.857142857143,1.),(-0.397641064717,0.,0.693791854615
    ,1.060770819741),.UNSPECIFIED.);
#1997 = CARTESIAN_POINT('',(-100.3314742552,-22.15900798181,22.));
#1998 = CARTESIAN_POINT('',(-100.4879174917,-22.72144757599,
    20.986412723433));
#1999 = CARTESIAN_POINT('',(-100.644306323,-23.28381784822,
    19.972963591231));
#2000 = CARTESIAN_POINT('',(-101.0738004754,-24.82754944433,
    17.190925123281));
#2001 = CARTESIAN_POINT('',(-101.3454855933,-25.8076358164,
    15.425034404879));
#2002 = CARTESIAN_POINT('',(-101.7636341133,-27.30844593913,
    12.720122694508));
#2003 = CARTESIAN_POINT('',(-101.9083891558,-27.82772585031,
    11.784195436828));
#2004 = CARTESIAN_POINT('',(-102.0531719864,-28.3470160414,
    10.848240272381));
#2005 = CARTESIAN_POINT('',(-102.0080288916,-21.76400576582,
    22.039582923268));
#2006 = CARTESIAN_POINT('',(-102.2238981702,-22.312457589,
    21.027376244544));
#2007 = CARTESIAN_POINT('',(-102.4396501713,-22.86076906791,
    20.015451927119));
#2008 = CARTESIAN_POINT('',(-103.0320658465,-24.36623189284,
    17.237062881148));
#2009 = CARTESIAN_POINT('',(-103.407253025,-25.3221934144,
    15.473173453919));
#2010 = CARTESIAN_POINT('',(-103.9831373318,-26.7849836041,
    12.773440251827));
#2011 = CARTESIAN_POINT('',(-104.1825777614,-27.29169119008,
    11.838274924669));
#2012 = CARTESIAN_POINT('',(-104.381901478,-27.79798505026,
    10.903855798847));
#2013 = CARTESIAN_POINT('',(-105.4230312137,-20.35232228029,
    22.104601096094));
#2014 = CARTESIAN_POINT('',(-105.7598678233,-20.85089478021,
    21.094706800147));
#2015 = CARTESIAN_POINT('',(-106.0964390729,-21.34928424122,
    20.085248987471));
#2016 = CARTESIAN_POINT('',(-107.0206035187,-22.71833647665,
    17.312706420034));
#2017 = CARTESIAN_POINT('',(-107.6063499828,-23.58761964482,
    15.552773889318));
#2018 = CARTESIAN_POINT('',(-108.5029531362,-24.91713460199,
    12.861017461374));
#2019 = CARTESIAN_POINT('',(-108.8137392019,-25.37838171042,
    11.927412033857));
#2020 = CARTESIAN_POINT('',(-109.1240286008,-25.83885186695,
    10.995341126502));
#2021 = CARTESIAN_POINT('',(-109.6548990387,-16.31528887587,
    22.126353550846));
#2022 = CARTESIAN_POINT('',(-110.1419910937,-16.67156127345,
    21.117284100622));
#2023 = CARTESIAN_POINT('',(-110.6286325148,-17.02785823471,
    20.108744853677));
#2024 = CARTESIAN_POINT('',(-111.9649349246,-18.00722461633,
    17.338452530549));
#2025 = CARTESIAN_POINT('',(-112.8126913969,-18.62926819783,
    15.579705948499));
#2026 = CARTESIAN_POINT('',(-114.1079339074,-19.58209594815,
    12.891113369362));
#2027 = CARTESIAN_POINT('',(-114.5573411447,-19.91296459484,
    11.957991267895));
#2028 = CARTESIAN_POINT('',(-115.0056133464,-20.24335400895,
    11.026883205122));
#2029 = CARTESIAN_POINT('',(-111.656476082,-11.9692596183,
    22.073994901323));
#2030 = CARTESIAN_POINT('',(-112.2153929817,-12.17216587277,
    21.063187818147));
#2031 = CARTESIAN_POINT('',(-112.7739740967,-12.37537677922,
    20.052752293047));
#2032 = CARTESIAN_POINT('',(-114.3075782675,-12.93458925811,
    17.277992742449));
#2033 = CARTESIAN_POINT('',(-115.2808146377,-13.28984934481,
    15.516642249404));
#2034 = CARTESIAN_POINT('',(-116.7690449349,-13.83723475025,
    12.821739359707));
#2035 = CARTESIAN_POINT('',(-117.284802635,-14.02721733226,
    11.887659768478));
#2036 = CARTESIAN_POINT('',(-117.7997951888,-14.21743417289,
    10.954713665826));
#2037 = CARTESIAN_POINT('',(-112.1030168993,-9.345807332901,
    22.019791461634));
#2038 = CARTESIAN_POINT('',(-112.678509844,-9.45589532745,21.00713448728
    ));
#2039 = CARTESIAN_POINT('',(-113.2538273821,-9.566380956123,
    19.99470776801));
#2040 = CARTESIAN_POINT('',(-114.8331225098,-9.871174237197,
    17.21525901709));
#2041 = CARTESIAN_POINT('',(-115.8355741436,-10.0649752588,
    15.450911273522));
#2042 = CARTESIAN_POINT('',(-117.3700186044,-10.36614092525,
    12.749495957144));
#2043 = CARTESIAN_POINT('',(-117.9011802035,-10.47085522535,
    11.814277588589));
#2044 = CARTESIAN_POINT('',(-118.4320868914,-10.57596669747,
    10.879431548752));
#2045 = CARTESIAN_POINT('',(-112.1793404264,-8.487966864601,22.));
#2046 = CARTESIAN_POINT('',(-112.7577940005,-8.567672191734,
    20.986672802308));
#2047 = CARTESIAN_POINT('',(-113.3361408535,-8.647803888712,
    19.973505441273));
#2048 = CARTESIAN_POINT('',(-114.9236644925,-8.86932023375,
    17.192296007598));
#2049 = CARTESIAN_POINT('',(-115.9313309643,-9.010236789041,
    15.426993049611));
#2050 = CARTESIAN_POINT('',(-117.4744796728,-9.230732629352,
    12.723064519909));
#2051 = CARTESIAN_POINT('',(-118.0083880318,-9.307525110861,
    11.787492683388));
#2052 = CARTESIAN_POINT('',(-118.5422791195,-9.38475832989,10.85190723)
  );
#2053 = ADVANCED_FACE('',(#2054),#2060,.F.);
#2054 = FACE_BOUND('',#2055,.F.);
#2055 = EDGE_LOOP('',(#2056,#2057,#2058,#2059));
#2056 = ORIENTED_EDGE('',*,*,#1520,.T.);
#2057 = ORIENTED_EDGE('',*,*,#1603,.T.);
#2058 = ORIENTED_EDGE('',*,*,#1382,.T.);
#2059 = ORIENTED_EDGE('',*,*,#1227,.T.);
#2060 = CYLINDRICAL_SURFACE('',#2061,65.150000000004);
#2061 = AXIS2_PLACEMENT_3D('',#2062,#2063,#2064);
#2062 = CARTESIAN_POINT('',(3.33955E-12,1.75415E-12,0.));
#2063 = DIRECTION('',(0.,0.,-1.));
#2064 = DIRECTION('',(1.,6.E-17,0.));
#2065 = ADVANCED_FACE('',(#2066),#2071,.T.);
#2066 = FACE_BOUND('',#2067,.T.);
#2067 = EDGE_LOOP('',(#2068,#2069,#2070));
#2068 = ORIENTED_EDGE('',*,*,#499,.F.);
#2069 = ORIENTED_EDGE('',*,*,#1989,.F.);
#2070 = ORIENTED_EDGE('',*,*,#1734,.F.);
#2071 = ( BOUNDED_SURFACE() B_SPLINE_SURFACE(1,2,(
    (#2072,#2073,#2074)
    ,(#2075,#2076,#2077
)),.UNSPECIFIED.,.F.,.F.,.F.) B_SPLINE_SURFACE_WITH_KNOTS((2,2),(3,3),(
    -2.33430725423,6.419793211082),(-1.216168750924E-02,0.862154963232),
.PIECEWISE_BEZIER_KNOTS.) GEOMETRIC_REPRESENTATION_ITEM() 
RATIONAL_B_SPLINE_SURFACE((
    (1.,0.905958389978,1.)
,(1.,0.905958389978,1.))) REPRESENTATION_ITEM('') SURFACE() );
#2072 = CARTESIAN_POINT('',(-106.4791519206,0.768363726908,
    32.465693824017));
#2073 = CARTESIAN_POINT('',(-106.8382187927,-48.99079939892,
    32.465693824017));
#2074 = CARTESIAN_POINT('',(-68.89805013208,-81.18779997356,
    32.465693824017));
#2075 = CARTESIAN_POINT('',(-150.0334757768,5.113216698932,
    -43.3470400784));
#2076 = CARTESIAN_POINT('',(-152.4229518313,-64.99947729661,
    -43.3470400784));
#2077 = CARTESIAN_POINT('',(-100.1720323536,-111.8112372385,
    -43.3470400784));
#2078 = ADVANCED_FACE('',(#2079),#2095,.F.);
#2079 = FACE_BOUND('',#2080,.F.);
#2080 = EDGE_LOOP('',(#2081,#2087,#2088,#2094));
#2081 = ORIENTED_EDGE('',*,*,#2082,.T.);
#2082 = EDGE_CURVE('',#958,#1922,#2083,.T.);
#2083 = LINE('',#2084,#2085);
#2084 = CARTESIAN_POINT('',(-103.081837567,-18.07692804049,22.));
#2085 = VECTOR('',#2086,1.);
#2086 = DIRECTION('',(-2.E-17,0.,1.));
#2087 = ORIENTED_EDGE('',*,*,#1930,.T.);
#2088 = ORIENTED_EDGE('',*,*,#2089,.T.);
#2089 = EDGE_CURVE('',#1931,#950,#2090,.T.);
#2090 = LINE('',#2091,#2092);
#2091 = CARTESIAN_POINT('',(-100.5036732982,-8.578191371935,22.));
#2092 = VECTOR('',#2093,1.);
#2093 = DIRECTION('',(2.E-17,0.,-1.));
#2094 = ORIENTED_EDGE('',*,*,#957,.T.);
#2095 = CYLINDRICAL_SURFACE('',#2096,5.);
#2096 = AXIS2_PLACEMENT_3D('',#2097,#2098,#2099);
#2097 = CARTESIAN_POINT('',(-100.9394520119,-13.55916486239,22.));
#2098 = DIRECTION('',(2.E-17,0.,-1.));
#2099 = DIRECTION('',(-0.965082924984,0.261944551203,-1.930165849967E-17
    ));
#2100 = ADVANCED_FACE('',(#2101),#2112,.F.);
#2101 = FACE_BOUND('',#2102,.T.);
#2102 = EDGE_LOOP('',(#2103,#2104,#2105,#2111));
#2103 = ORIENTED_EDGE('',*,*,#2089,.T.);
#2104 = ORIENTED_EDGE('',*,*,#949,.F.);
#2105 = ORIENTED_EDGE('',*,*,#2106,.F.);
#2106 = EDGE_CURVE('',#1940,#941,#2107,.T.);
#2107 = LINE('',#2108,#2109);
#2108 = CARTESIAN_POINT('',(-88.24880061831,-9.65035380438,22.));
#2109 = VECTOR('',#2110,1.);
#2110 = DIRECTION('',(2.E-17,0.,-1.));
#2111 = ORIENTED_EDGE('',*,*,#1939,.F.);
#2112 = PLANE('',#2113);
#2113 = AXIS2_PLACEMENT_3D('',#2114,#2115,#2116);
#2114 = CARTESIAN_POINT('',(-110.6513586097,-7.690383946151,22.));
#2115 = DIRECTION('',(8.715574274766E-02,0.996194698092,0.));
#2116 = DIRECTION('',(0.996194698092,-8.715574274766E-02,1.E-17));
#2117 = ADVANCED_FACE('',(#2118),#2134,.F.);
#2118 = FACE_BOUND('',#2119,.F.);
#2119 = EDGE_LOOP('',(#2120,#2126,#2127,#2133));
#2120 = ORIENTED_EDGE('',*,*,#2121,.T.);
#2121 = EDGE_CURVE('',#984,#1896,#2122,.T.);
#2122 = LINE('',#2123,#2124);
#2123 = CARTESIAN_POINT('',(-71.57465409854,-17.98635290085,22.));
#2124 = VECTOR('',#2125,1.);
#2125 = DIRECTION('',(-2.E-17,0.,1.));
#2126 = ORIENTED_EDGE('',*,*,#1904,.T.);
#2127 = ORIENTED_EDGE('',*,*,#2128,.T.);
#2128 = EDGE_CURVE('',#1905,#976,#2129,.T.);
#2129 = LINE('',#2130,#2131);
#2130 = CARTESIAN_POINT('',(-77.50608347572,-24.08642053135,22.));
#2131 = VECTOR('',#2132,1.);
#2132 = DIRECTION('',(2.E-17,0.,-1.));
#2133 = ORIENTED_EDGE('',*,*,#983,.T.);
#2134 = CYLINDRICAL_SURFACE('',#2135,5.);
#2135 = AXIS2_PLACEMENT_3D('',#2136,#2137,#2138);
#2136 = CARTESIAN_POINT('',(-76.42388540603,-19.20494049575,22.));
#2137 = DIRECTION('',(2.E-17,0.,-1.));
#2138 = DIRECTION('',(0.71694744934,-0.697127215711,1.433894898679E-17)
  );
#2139 = ADVANCED_FACE('',(#2140),#2151,.F.);
#2140 = FACE_BOUND('',#2141,.T.);
#2141 = EDGE_LOOP('',(#2142,#2143,#2144,#2150));
#2142 = ORIENTED_EDGE('',*,*,#2128,.T.);
#2143 = ORIENTED_EDGE('',*,*,#975,.F.);
#2144 = ORIENTED_EDGE('',*,*,#2145,.F.);
#2145 = EDGE_CURVE('',#1914,#967,#2146,.T.);
#2146 = LINE('',#2147,#2148);
#2147 = CARTESIAN_POINT('',(-100.6355852933,-18.9587334288,22.));
#2148 = VECTOR('',#2149,1.);
#2149 = DIRECTION('',(2.E-17,0.,-1.));
#2150 = ORIENTED_EDGE('',*,*,#1913,.F.);
#2151 = PLANE('',#2152);
#2152 = AXIS2_PLACEMENT_3D('',#2153,#2154,#2155);
#2153 = CARTESIAN_POINT('',(-69.08600619043,-25.95310672454,22.));
#2154 = DIRECTION('',(-0.216439613938,-0.97629600712,-0.));
#2155 = DIRECTION('',(-0.97629600712,0.216439613938,-1.E-17));
#2156 = ADVANCED_FACE('',(#2157),#2173,.F.);
#2157 = FACE_BOUND('',#2158,.F.);
#2158 = EDGE_LOOP('',(#2159,#2165,#2166,#2172));
#2159 = ORIENTED_EDGE('',*,*,#2160,.T.);
#2160 = EDGE_CURVE('',#932,#1885,#2161,.T.);
#2161 = LINE('',#2162,#2163);
#2162 = CARTESIAN_POINT('',(-77.89990581095,-9.62089871211,22.));
#2163 = VECTOR('',#2164,1.);
#2164 = DIRECTION('',(-2.E-17,0.,1.));
#2165 = ORIENTED_EDGE('',*,*,#1884,.T.);
#2166 = ORIENTED_EDGE('',*,*,#2167,.T.);
#2167 = EDGE_CURVE('',#1887,#930,#2168,.T.);
#2168 = LINE('',#2169,#2170);
#2169 = CARTESIAN_POINT('',(-72.52234277127,-13.67295867635,22.));
#2170 = VECTOR('',#2171,1.);
#2171 = DIRECTION('',(2.E-17,0.,-1.));
#2172 = ORIENTED_EDGE('',*,*,#929,.T.);
#2173 = CYLINDRICAL_SURFACE('',#2174,5.);
#2174 = AXIS2_PLACEMENT_3D('',#2175,#2176,#2177);
#2175 = CARTESIAN_POINT('',(-77.43578062841,-14.59931089019,22.));
#2176 = DIRECTION('',(2.E-17,0.,-1.));
#2177 = DIRECTION('',(0.601793762265,0.798651530831,1.20358752453E-17));
#2178 = ADVANCED_FACE('',(#2179),#2185,.T.);
#2179 = FACE_BOUND('',#2180,.T.);
#2180 = EDGE_LOOP('',(#2181,#2182,#2183,#2184));
#2181 = ORIENTED_EDGE('',*,*,#2160,.T.);
#2182 = ORIENTED_EDGE('',*,*,#1947,.F.);
#2183 = ORIENTED_EDGE('',*,*,#2106,.T.);
#2184 = ORIENTED_EDGE('',*,*,#940,.F.);
#2185 = CYLINDRICAL_SURFACE('',#2186,57.500000000749);
#2186 = AXIS2_PLACEMENT_3D('',#2187,#2188,#2189);
#2187 = CARTESIAN_POINT('',(-83.23734541025,47.630841336642,22.));
#2188 = DIRECTION('',(2.E-17,0.,-1.));
#2189 = DIRECTION('',(-8.715574274766E-02,-0.996194698092,
    -1.743114854953E-18));
#2190 = ADVANCED_FACE('',(#2191),#2197,.T.);
#2191 = FACE_BOUND('',#2192,.T.);
#2192 = EDGE_LOOP('',(#2193,#2194,#2195,#2196));
#2193 = ORIENTED_EDGE('',*,*,#2121,.T.);
#2194 = ORIENTED_EDGE('',*,*,#1895,.F.);
#2195 = ORIENTED_EDGE('',*,*,#2167,.T.);
#2196 = ORIENTED_EDGE('',*,*,#992,.F.);
#2197 = CYLINDRICAL_SURFACE('',#2198,73.800000000004);
#2198 = AXIS2_PLACEMENT_3D('',#2199,#2200,#2201);
#2199 = CARTESIAN_POINT('',(3.33814E-12,1.75859E-12,22.));
#2200 = DIRECTION('',(2.E-17,0.,-1.));
#2201 = DIRECTION('',(1.,-7.E-17,2.E-17));
#2202 = ADVANCED_FACE('',(#2203),#2209,.F.);
#2203 = FACE_BOUND('',#2204,.F.);
#2204 = EDGE_LOOP('',(#2205,#2206,#2207,#2208));
#2205 = ORIENTED_EDGE('',*,*,#966,.T.);
#2206 = ORIENTED_EDGE('',*,*,#2145,.F.);
#2207 = ORIENTED_EDGE('',*,*,#1921,.T.);
#2208 = ORIENTED_EDGE('',*,*,#2082,.F.);
#2209 = CYLINDRICAL_SURFACE('',#2210,13.447856699336);
#2210 = AXIS2_PLACEMENT_3D('',#2211,#2212,#2213);
#2211 = CARTESIAN_POINT('',(-97.31973877914,-5.926081676372,22.));
#2212 = DIRECTION('',(2.E-17,0.,-1.));
#2213 = DIRECTION('',(-0.99135647625,-0.131195796418,-1.9827129525E-17)
  );
#2214 = ADVANCED_FACE('',(#2215),#2226,.T.);
#2215 = FACE_BOUND('',#2216,.T.);
#2216 = EDGE_LOOP('',(#2217,#2218,#2224,#2225));
#2217 = ORIENTED_EDGE('',*,*,#724,.T.);
#2218 = ORIENTED_EDGE('',*,*,#2219,.T.);
#2219 = EDGE_CURVE('',#716,#1839,#2220,.T.);
#2220 = LINE('',#2221,#2222);
#2221 = CARTESIAN_POINT('',(-48.99812145923,-27.72857900192,0.));
#2222 = VECTOR('',#2223,1.);
#2223 = DIRECTION('',(0.,0.,1.));
#2224 = ORIENTED_EDGE('',*,*,#1838,.F.);
#2225 = ORIENTED_EDGE('',*,*,#1479,.F.);
#2226 = CYLINDRICAL_SURFACE('',#2227,2.500000000272);
#2227 = AXIS2_PLACEMENT_3D('',#2228,#2229,#2230);
#2228 = CARTESIAN_POINT('',(-51.17388173741,-28.95986581386,0.));
#2229 = DIRECTION('',(0.,0.,1.));
#2230 = DIRECTION('',(-0.216439613938,-0.97629600712,0.));
#2231 = ADVANCED_FACE('',(#2232),#2243,.F.);
#2232 = FACE_BOUND('',#2233,.F.);
#2233 = EDGE_LOOP('',(#2234,#2235,#2236,#2242));
#2234 = ORIENTED_EDGE('',*,*,#2219,.T.);
#2235 = ORIENTED_EDGE('',*,*,#1847,.T.);
#2236 = ORIENTED_EDGE('',*,*,#2237,.F.);
#2237 = EDGE_CURVE('',#707,#1848,#2238,.T.);
#2238 = LINE('',#2239,#2240);
#2239 = CARTESIAN_POINT('',(-56.29008194722,1.056728145864,0.));
#2240 = VECTOR('',#2241,1.);
#2241 = DIRECTION('',(0.,0.,1.));
#2242 = ORIENTED_EDGE('',*,*,#715,.T.);
#2243 = CYLINDRICAL_SURFACE('',#2244,56.3);
#2244 = AXIS2_PLACEMENT_3D('',#2245,#2246,#2247);
#2245 = CARTESIAN_POINT('',(0.,0.,0.));
#2246 = DIRECTION('',(0.,0.,1.));
#2247 = DIRECTION('',(-0.999823835652,1.876959406508E-02,0.));
#2248 = ADVANCED_FACE('',(#2249),#2260,.T.);
#2249 = FACE_BOUND('',#2250,.T.);
#2250 = EDGE_LOOP('',(#2251,#2252,#2258,#2259));
#2251 = ORIENTED_EDGE('',*,*,#706,.T.);
#2252 = ORIENTED_EDGE('',*,*,#2253,.T.);
#2253 = EDGE_CURVE('',#699,#1857,#2254,.T.);
#2254 = LINE('',#2255,#2256);
#2255 = CARTESIAN_POINT('',(-59.84618719067,3.369421598596,0.));
#2256 = VECTOR('',#2257,1.);
#2257 = DIRECTION('',(0.,0.,1.));
#2258 = ORIENTED_EDGE('',*,*,#1856,.F.);
#2259 = ORIENTED_EDGE('',*,*,#2237,.F.);
#2260 = CYLINDRICAL_SURFACE('',#2261,2.499999999976);
#2261 = AXIS2_PLACEMENT_3D('',#2262,#2263,#2264);
#2262 = CARTESIAN_POINT('',(-58.78964153633,1.103652131026,0.));
#2263 = DIRECTION('',(0.,0.,1.));
#2264 = DIRECTION('',(0.999823835652,-1.876959406508E-02,0.));
#2265 = ADVANCED_FACE('',(#2266),#2277,.T.);
#2266 = FACE_BOUND('',#2267,.T.);
#2267 = EDGE_LOOP('',(#2268,#2269,#2275,#2276));
#2268 = ORIENTED_EDGE('',*,*,#698,.F.);
#2269 = ORIENTED_EDGE('',*,*,#2270,.T.);
#2270 = EDGE_CURVE('',#690,#1866,#2271,.T.);
#2271 = LINE('',#2272,#2273);
#2272 = CARTESIAN_POINT('',(-62.1064323229,2.315451984131,0.));
#2273 = VECTOR('',#2274,1.);
#2274 = DIRECTION('',(0.,0.,1.));
#2275 = ORIENTED_EDGE('',*,*,#1865,.F.);
#2276 = ORIENTED_EDGE('',*,*,#2253,.F.);
#2277 = PLANE('',#2278);
#2278 = AXIS2_PLACEMENT_3D('',#2279,#2280,#2281);
#2279 = CARTESIAN_POINT('',(-59.84618719067,3.369421598596,0.));
#2280 = DIRECTION('',(-0.422618261741,0.906307787037,0.));
#2281 = DIRECTION('',(-0.906307787037,-0.422618261741,0.));
#2282 = ADVANCED_FACE('',(#2283),#2289,.F.);
#2283 = FACE_BOUND('',#2284,.F.);
#2284 = EDGE_LOOP('',(#2285,#2286,#2287,#2288));
#2285 = ORIENTED_EDGE('',*,*,#2270,.T.);
#2286 = ORIENTED_EDGE('',*,*,#1873,.T.);
#2287 = ORIENTED_EDGE('',*,*,#1193,.F.);
#2288 = ORIENTED_EDGE('',*,*,#689,.T.);
#2289 = CYLINDRICAL_SURFACE('',#2290,50.000000000749);
#2290 = AXIS2_PLACEMENT_3D('',#2291,#2292,#2293);
#2291 = CARTESIAN_POINT('',(-83.23734541025,47.630841336642,0.));
#2292 = DIRECTION('',(0.,0.,1.));
#2293 = DIRECTION('',(-8.715574274766E-02,-0.996194698092,0.));
#2294 = ADVANCED_FACE('',(#2295),#2306,.F.);
#2295 = FACE_BOUND('',#2296,.F.);
#2296 = EDGE_LOOP('',(#2297,#2303,#2304,#2305));
#2297 = ORIENTED_EDGE('',*,*,#2298,.T.);
#2298 = EDGE_CURVE('',#1957,#908,#2299,.T.);
#2299 = LINE('',#2300,#2301);
#2300 = CARTESIAN_POINT('',(-59.16732988201,-23.62383117399,0.));
#2301 = VECTOR('',#2302,1.);
#2302 = DIRECTION('',(0.,0.,-1.));
#2303 = ORIENTED_EDGE('',*,*,#907,.F.);
#2304 = ORIENTED_EDGE('',*,*,#2298,.F.);
#2305 = ORIENTED_EDGE('',*,*,#1956,.T.);
#2306 = CYLINDRICAL_SURFACE('',#2307,1.25);
#2307 = AXIS2_PLACEMENT_3D('',#2308,#2309,#2310);
#2308 = CARTESIAN_POINT('',(-57.91732988201,-23.62383117399,0.));
#2309 = DIRECTION('',(0.,0.,1.));
#2310 = DIRECTION('',(1.,0.,0.));
#2311 = ADVANCED_FACE('',(#2312),#2323,.F.);
#2312 = FACE_BOUND('',#2313,.F.);
#2313 = EDGE_LOOP('',(#2314,#2320,#2321,#2322));
#2314 = ORIENTED_EDGE('',*,*,#2315,.T.);
#2315 = EDGE_CURVE('',#1968,#919,#2316,.T.);
#2316 = LINE('',#2317,#2318);
#2317 = CARTESIAN_POINT('',(-63.62994036895,-4.609288401207,0.));
#2318 = VECTOR('',#2319,1.);
#2319 = DIRECTION('',(0.,0.,-1.));
#2320 = ORIENTED_EDGE('',*,*,#918,.F.);
#2321 = ORIENTED_EDGE('',*,*,#2315,.F.);
#2322 = ORIENTED_EDGE('',*,*,#1967,.T.);
#2323 = CYLINDRICAL_SURFACE('',#2324,1.25);
#2324 = AXIS2_PLACEMENT_3D('',#2325,#2326,#2327);
#2325 = CARTESIAN_POINT('',(-62.37994036895,-4.609288401207,0.));
#2326 = DIRECTION('',(0.,0.,1.));
#2327 = DIRECTION('',(1.,0.,0.));
#2328 = MANIFOLD_SOLID_BREP('',#2329);
#2329 = CLOSED_SHELL('',(#2330,#2370,#2410,#2432,#2454,#2466));
#2330 = ADVANCED_FACE('',(#2331),#2365,.F.);
#2331 = FACE_BOUND('',#2332,.F.);
#2332 = EDGE_LOOP('',(#2333,#2343,#2351,#2359));
#2333 = ORIENTED_EDGE('',*,*,#2334,.F.);
#2334 = EDGE_CURVE('',#2335,#2337,#2339,.T.);
#2335 = VERTEX_POINT('',#2336);
#2336 = CARTESIAN_POINT('',(68.,-15.,2.));
#2337 = VERTEX_POINT('',#2338);
#2338 = CARTESIAN_POINT('',(68.,-15.,22.));
#2339 = LINE('',#2340,#2341);
#2340 = CARTESIAN_POINT('',(68.,-15.,2.));
#2341 = VECTOR('',#2342,1.);
#2342 = DIRECTION('',(0.,0.,1.));
#2343 = ORIENTED_EDGE('',*,*,#2344,.T.);
#2344 = EDGE_CURVE('',#2335,#2345,#2347,.T.);
#2345 = VERTEX_POINT('',#2346);
#2346 = CARTESIAN_POINT('',(68.,31.,2.));
#2347 = LINE('',#2348,#2349);
#2348 = CARTESIAN_POINT('',(68.,-15.,2.));
#2349 = VECTOR('',#2350,1.);
#2350 = DIRECTION('',(0.,1.,0.));
#2351 = ORIENTED_EDGE('',*,*,#2352,.T.);
#2352 = EDGE_CURVE('',#2345,#2353,#2355,.T.);
#2353 = VERTEX_POINT('',#2354);
#2354 = CARTESIAN_POINT('',(68.,31.,22.));
#2355 = LINE('',#2356,#2357);
#2356 = CARTESIAN_POINT('',(68.,31.,2.));
#2357 = VECTOR('',#2358,1.);
#2358 = DIRECTION('',(0.,0.,1.));
#2359 = ORIENTED_EDGE('',*,*,#2360,.F.);
#2360 = EDGE_CURVE('',#2337,#2353,#2361,.T.);
#2361 = LINE('',#2362,#2363);
#2362 = CARTESIAN_POINT('',(68.,-15.,22.));
#2363 = VECTOR('',#2364,1.);
#2364 = DIRECTION('',(0.,1.,0.));
#2365 = PLANE('',#2366);
#2366 = AXIS2_PLACEMENT_3D('',#2367,#2368,#2369);
#2367 = CARTESIAN_POINT('',(68.,-15.,2.));
#2368 = DIRECTION('',(1.,0.,0.));
#2369 = DIRECTION('',(0.,0.,1.));
#2370 = ADVANCED_FACE('',(#2371),#2405,.T.);
#2371 = FACE_BOUND('',#2372,.T.);
#2372 = EDGE_LOOP('',(#2373,#2383,#2391,#2399));
#2373 = ORIENTED_EDGE('',*,*,#2374,.F.);
#2374 = EDGE_CURVE('',#2375,#2377,#2379,.T.);
#2375 = VERTEX_POINT('',#2376);
#2376 = CARTESIAN_POINT('',(108.,-15.,2.));
#2377 = VERTEX_POINT('',#2378);
#2378 = CARTESIAN_POINT('',(108.,-15.,22.));
#2379 = LINE('',#2380,#2381);
#2380 = CARTESIAN_POINT('',(108.,-15.,2.));
#2381 = VECTOR('',#2382,1.);
#2382 = DIRECTION('',(0.,0.,1.));
#2383 = ORIENTED_EDGE('',*,*,#2384,.T.);
#2384 = EDGE_CURVE('',#2375,#2385,#2387,.T.);
#2385 = VERTEX_POINT('',#2386);
#2386 = CARTESIAN_POINT('',(108.,31.,2.));
#2387 = LINE('',#2388,#2389);
#2388 = CARTESIAN_POINT('',(108.,-15.,2.));
#2389 = VECTOR('',#2390,1.);
#2390 = DIRECTION('',(0.,1.,0.));
#2391 = ORIENTED_EDGE('',*,*,#2392,.T.);
#2392 = EDGE_CURVE('',#2385,#2393,#2395,.T.);
#2393 = VERTEX_POINT('',#2394);
#2394 = CARTESIAN_POINT('',(108.,31.,22.));
#2395 = LINE('',#2396,#2397);
#2396 = CARTESIAN_POINT('',(108.,31.,2.));
#2397 = VECTOR('',#2398,1.);
#2398 = DIRECTION('',(0.,0.,1.));
#2399 = ORIENTED_EDGE('',*,*,#2400,.F.);
#2400 = EDGE_CURVE('',#2377,#2393,#2401,.T.);
#2401 = LINE('',#2402,#2403);
#2402 = CARTESIAN_POINT('',(108.,-15.,22.));
#2403 = VECTOR('',#2404,1.);
#2404 = DIRECTION('',(0.,1.,0.));
#2405 = PLANE('',#2406);
#2406 = AXIS2_PLACEMENT_3D('',#2407,#2408,#2409);
#2407 = CARTESIAN_POINT('',(108.,-15.,2.));
#2408 = DIRECTION('',(1.,0.,0.));
#2409 = DIRECTION('',(0.,0.,1.));
#2410 = ADVANCED_FACE('',(#2411),#2427,.F.);
#2411 = FACE_BOUND('',#2412,.F.);
#2412 = EDGE_LOOP('',(#2413,#2419,#2420,#2426));
#2413 = ORIENTED_EDGE('',*,*,#2414,.F.);
#2414 = EDGE_CURVE('',#2335,#2375,#2415,.T.);
#2415 = LINE('',#2416,#2417);
#2416 = CARTESIAN_POINT('',(68.,-15.,2.));
#2417 = VECTOR('',#2418,1.);
#2418 = DIRECTION('',(1.,0.,0.));
#2419 = ORIENTED_EDGE('',*,*,#2334,.T.);
#2420 = ORIENTED_EDGE('',*,*,#2421,.T.);
#2421 = EDGE_CURVE('',#2337,#2377,#2422,.T.);
#2422 = LINE('',#2423,#2424);
#2423 = CARTESIAN_POINT('',(68.,-15.,22.));
#2424 = VECTOR('',#2425,1.);
#2425 = DIRECTION('',(1.,0.,0.));
#2426 = ORIENTED_EDGE('',*,*,#2374,.F.);
#2427 = PLANE('',#2428);
#2428 = AXIS2_PLACEMENT_3D('',#2429,#2430,#2431);
#2429 = CARTESIAN_POINT('',(68.,-15.,2.));
#2430 = DIRECTION('',(0.,1.,0.));
#2431 = DIRECTION('',(0.,0.,1.));
#2432 = ADVANCED_FACE('',(#2433),#2449,.T.);
#2433 = FACE_BOUND('',#2434,.T.);
#2434 = EDGE_LOOP('',(#2435,#2441,#2442,#2448));
#2435 = ORIENTED_EDGE('',*,*,#2436,.F.);
#2436 = EDGE_CURVE('',#2345,#2385,#2437,.T.);
#2437 = LINE('',#2438,#2439);
#2438 = CARTESIAN_POINT('',(68.,31.,2.));
#2439 = VECTOR('',#2440,1.);
#2440 = DIRECTION('',(1.,0.,0.));
#2441 = ORIENTED_EDGE('',*,*,#2352,.T.);
#2442 = ORIENTED_EDGE('',*,*,#2443,.T.);
#2443 = EDGE_CURVE('',#2353,#2393,#2444,.T.);
#2444 = LINE('',#2445,#2446);
#2445 = CARTESIAN_POINT('',(68.,31.,22.));
#2446 = VECTOR('',#2447,1.);
#2447 = DIRECTION('',(1.,0.,0.));
#2448 = ORIENTED_EDGE('',*,*,#2392,.F.);
#2449 = PLANE('',#2450);
#2450 = AXIS2_PLACEMENT_3D('',#2451,#2452,#2453);
#2451 = CARTESIAN_POINT('',(68.,31.,2.));
#2452 = DIRECTION('',(0.,1.,0.));
#2453 = DIRECTION('',(0.,0.,1.));
#2454 = ADVANCED_FACE('',(#2455),#2461,.F.);
#2455 = FACE_BOUND('',#2456,.F.);
#2456 = EDGE_LOOP('',(#2457,#2458,#2459,#2460));
#2457 = ORIENTED_EDGE('',*,*,#2344,.F.);
#2458 = ORIENTED_EDGE('',*,*,#2414,.T.);
#2459 = ORIENTED_EDGE('',*,*,#2384,.T.);
#2460 = ORIENTED_EDGE('',*,*,#2436,.F.);
#2461 = PLANE('',#2462);
#2462 = AXIS2_PLACEMENT_3D('',#2463,#2464,#2465);
#2463 = CARTESIAN_POINT('',(68.,-15.,2.));
#2464 = DIRECTION('',(0.,0.,1.));
#2465 = DIRECTION('',(1.,0.,0.));
#2466 = ADVANCED_FACE('',(#2467),#2473,.T.);
#2467 = FACE_BOUND('',#2468,.T.);
#2468 = EDGE_LOOP('',(#2469,#2470,#2471,#2472));
#2469 = ORIENTED_EDGE('',*,*,#2360,.F.);
#2470 = ORIENTED_EDGE('',*,*,#2421,.T.);
#2471 = ORIENTED_EDGE('',*,*,#2400,.T.);
#2472 = ORIENTED_EDGE('',*,*,#2443,.F.);
#2473 = PLANE('',#2474);
#2474 = AXIS2_PLACEMENT_3D('',#2475,#2476,#2477);
#2475 = CARTESIAN_POINT('',(68.,-15.,22.));
#2476 = DIRECTION('',(0.,0.,1.));
#2477 = DIRECTION('',(1.,0.,0.));
#2478 = ( GEOMETRIC_REPRESENTATION_CONTEXT(3) 
GLOBAL_UNCERTAINTY_ASSIGNED_CONTEXT((#2482)) 
GLOBAL_UNIT_ASSIGNED_CONTEXT((#2479,#2480,#2481)) REPRESENTATION_CONTEXT
('Context #1','3D Context with UNIT and UNCERTAINTY') );
#2479 = ( LENGTH_UNIT() NAMED_UNIT(*) SI_UNIT(.MILLI.,.METRE.) );
#2480 = ( NAMED_UNIT(*) PLANE_ANGLE_UNIT() SI_UNIT($,.RADIAN.) );
#2481 = ( NAMED_UNIT(*) SI_UNIT($,.STERADIAN.) SOLID_ANGLE_UNIT() );
#2482 = UNCERTAINTY_MEASURE_WITH_UNIT(LENGTH_MEASURE(5.E-04),#2479,
  'distance_accuracy_value','confusion accuracy');
#2483 = PRODUCT_RELATED_PRODUCT_CATEGORY('part',$,(#7));
ENDSEC;
END-ISO-10303-21;
