solid 
 facet normal  0.000000e+00 -1.371831e-02  9.999059e-01
   outer loop
     vertex  4.000000e+00  3.748150e+01  2.989289e+01
     vertex  4.000000e+00  3.800000e+01  2.990000e+01
     vertex -1.000000e+01  3.800000e+01  2.990000e+01
   endloop
 endfacet
 facet normal  0.000000e+00 -1.371831e-02  9.999059e-01
   outer loop
     vertex  4.000000e+00  3.748150e+01  2.989289e+01
     vertex -1.000000e+01  3.800000e+01  2.990000e+01
     vertex -1.000000e+01  3.748150e+01  2.989289e+01
   endloop
 endfacet
 facet normal  0.000000e+00 -4.114462e-02  9.991532e-01
   outer loop
     vertex  4.000000e+00  3.696338e+01  2.987155e+01
     vertex -1.000000e+01  3.748150e+01  2.989289e+01
     vertex -1.000000e+01  3.696338e+01  2.987155e+01
   endloop
 endfacet
 facet normal  0.000000e+00 -6.853995e-02  9.976484e-01
   outer loop
     vertex  4.000000e+00  3.696338e+01  2.987155e+01
     vertex -1.000000e+01  3.696338e+01  2.987155e+01
     vertex -1.000000e+01  3.644605e+01  2.983601e+01
   endloop
 endfacet
 facet normal  0.000000e+00 -4.114462e-02  9.991532e-01
   outer loop
     vertex  4.000000e+00  3.696338e+01  2.987155e+01
     vertex  4.000000e+00  3.748150e+01  2.989289e+01
     vertex -1.000000e+01  3.748150e+01  2.989289e+01
   endloop
 endfacet
 facet normal  0.000000e+00 -6.853995e-02  9.976484e-01
   outer loop
     vertex  4.000000e+00  3.644605e+01  2.983601e+01
     vertex  4.000000e+00  3.696338e+01  2.987155e+01
     vertex -1.000000e+01  3.644605e+01  2.983601e+01
   endloop
 endfacet
 facet normal  0.000000e+00 -9.588368e-02  9.953925e-01
   outer loop
     vertex  4.000000e+00  3.592989e+01  2.978629e+01
     vertex -1.000000e+01  3.644605e+01  2.983601e+01
     vertex -1.000000e+01  3.592989e+01  2.978629e+01
   endloop
 endfacet
 facet normal  0.000000e+00 -9.588368e-02  9.953925e-01
   outer loop
     vertex  4.000000e+00  3.592989e+01  2.978629e+01
     vertex  4.000000e+00  3.644605e+01  2.983601e+01
     vertex -1.000000e+01  3.644605e+01  2.983601e+01
   endloop
 endfacet
 facet normal  0.000000e+00 -1.231552e-01  9.923874e-01
   outer loop
     vertex  4.000000e+00  3.541528e+01  2.972243e+01
     vertex -1.000000e+01  3.592989e+01  2.978629e+01
     vertex -1.000000e+01  3.541528e+01  2.972243e+01
   endloop
 endfacet
 facet normal  0.000000e+00 -1.231552e-01  9.923874e-01
   outer loop
     vertex  4.000000e+00  3.541528e+01  2.972243e+01
     vertex  4.000000e+00  3.592989e+01  2.978629e+01
     vertex -1.000000e+01  3.592989e+01  2.978629e+01
   endloop
 endfacet
 facet normal  0.000000e+00 -1.503341e-01  9.886353e-01
   outer loop
     vertex  4.000000e+00  3.490262e+01  2.964447e+01
     vertex -1.000000e+01  3.541528e+01  2.972243e+01
     vertex -1.000000e+01  3.490262e+01  2.964447e+01
   endloop
 endfacet
 facet normal  0.000000e+00 -1.503341e-01  9.886353e-01
   outer loop
     vertex  4.000000e+00  3.490262e+01  2.964447e+01
     vertex  4.000000e+00  3.541528e+01  2.972243e+01
     vertex -1.000000e+01  3.541528e+01  2.972243e+01
   endloop
 endfacet
 facet normal  0.000000e+00 -1.773998e-01  9.841389e-01
   outer loop
     vertex  4.000000e+00  3.439230e+01  2.955248e+01
     vertex -1.000000e+01  3.490262e+01  2.964447e+01
     vertex -1.000000e+01  3.439230e+01  2.955248e+01
   endloop
 endfacet
 facet normal  0.000000e+00 -1.773998e-01  9.841389e-01
   outer loop
     vertex  4.000000e+00  3.439230e+01  2.955248e+01
     vertex  4.000000e+00  3.490262e+01  2.964447e+01
     vertex -1.000000e+01  3.490262e+01  2.964447e+01
   endloop
 endfacet
 facet normal  0.000000e+00 -2.043319e-01  9.789017e-01
   outer loop
     vertex  4.000000e+00  3.388468e+01  2.944652e+01
     vertex -1.000000e+01  3.439230e+01  2.955248e+01
     vertex -1.000000e+01  3.388468e+01  2.944652e+01
   endloop
 endfacet
 facet normal  0.000000e+00 -2.043319e-01  9.789017e-01
   outer loop
     vertex  4.000000e+00  3.388468e+01  2.944652e+01
     vertex  4.000000e+00  3.439230e+01  2.955248e+01
     vertex -1.000000e+01  3.439230e+01  2.955248e+01
   endloop
 endfacet
 facet normal  0.000000e+00 -2.311102e-01  9.729276e-01
   outer loop
     vertex  4.000000e+00  3.338017e+01  2.932668e+01
     vertex -1.000000e+01  3.388468e+01  2.944652e+01
     vertex -1.000000e+01  3.338017e+01  2.932668e+01
   endloop
 endfacet
 facet normal  0.000000e+00 -2.311102e-01  9.729276e-01
   outer loop
     vertex  4.000000e+00  3.338017e+01  2.932668e+01
     vertex  4.000000e+00  3.388468e+01  2.944652e+01
     vertex -1.000000e+01  3.388468e+01  2.944652e+01
   endloop
 endfacet
 facet normal  0.000000e+00 -2.577146e-01  9.662211e-01
   outer loop
     vertex  4.000000e+00  3.287913e+01  2.919304e+01
     vertex  4.000000e+00  3.338017e+01  2.932668e+01
     vertex -1.000000e+01  3.338017e+01  2.932668e+01
   endloop
 endfacet
 facet normal  0.000000e+00 -2.577146e-01  9.662211e-01
   outer loop
     vertex  4.000000e+00  3.287913e+01  2.919304e+01
     vertex -1.000000e+01  3.338017e+01  2.932668e+01
     vertex -1.000000e+01  3.287913e+01  2.919304e+01
   endloop
 endfacet
 facet normal  0.000000e+00 -2.841250e-01  9.587873e-01
   outer loop
     vertex  4.000000e+00  3.287913e+01  2.919304e+01
     vertex -1.000000e+01  3.287913e+01  2.919304e+01
     vertex -1.000000e+01  3.238195e+01  2.904571e+01
   endloop
 endfacet
 facet normal  0.000000e+00 -2.841250e-01  9.587873e-01
   outer loop
     vertex  4.000000e+00  3.238195e+01  2.904571e+01
     vertex  4.000000e+00  3.287913e+01  2.919304e+01
     vertex -1.000000e+01  3.238195e+01  2.904571e+01
   endloop
 endfacet
 facet normal  0.000000e+00 -3.103214e-01  9.506317e-01
   outer loop
     vertex  4.000000e+00  3.188900e+01  2.888479e+01
     vertex  4.000000e+00  3.238195e+01  2.904571e+01
     vertex -1.000000e+01  3.238195e+01  2.904571e+01
   endloop
 endfacet
 facet normal  0.000000e+00 -3.103214e-01  9.506317e-01
   outer loop
     vertex  4.000000e+00  3.188900e+01  2.888479e+01
     vertex -1.000000e+01  3.238195e+01  2.904571e+01
     vertex -1.000000e+01  3.188900e+01  2.888479e+01
   endloop
 endfacet
 facet normal  0.000000e+00 -3.362843e-01  9.417605e-01
   outer loop
     vertex  4.000000e+00  3.188900e+01  2.888479e+01
     vertex -1.000000e+01  3.188900e+01  2.888479e+01
     vertex -1.000000e+01  3.140065e+01  2.871041e+01
   endloop
 endfacet
 facet normal  0.000000e+00 -3.362843e-01  9.417605e-01
   outer loop
     vertex  4.000000e+00  3.140065e+01  2.871041e+01
     vertex  4.000000e+00  3.188900e+01  2.888479e+01
     vertex -1.000000e+01  3.140065e+01  2.871041e+01
   endloop
 endfacet
 facet normal  0.000000e+00 -3.619940e-01  9.321804e-01
   outer loop
     vertex  4.000000e+00  3.091726e+01  2.852270e+01
     vertex  4.000000e+00  3.140065e+01  2.871041e+01
     vertex -1.000000e+01  3.140065e+01  2.871041e+01
   endloop
 endfacet
 facet normal  0.000000e+00 -3.619940e-01  9.321804e-01
   outer loop
     vertex  4.000000e+00  3.091726e+01  2.852270e+01
     vertex -1.000000e+01  3.140065e+01  2.871041e+01
     vertex -1.000000e+01  3.091726e+01  2.852270e+01
   endloop
 endfacet
 facet normal  0.000000e+00 -3.874313e-01  9.218986e-01
   outer loop
     vertex  4.000000e+00  3.043921e+01  2.832179e+01
     vertex  4.000000e+00  3.091726e+01  2.852270e+01
     vertex -1.000000e+01  3.091726e+01  2.852270e+01
   endloop
 endfacet
 facet normal  0.000000e+00 -3.874313e-01  9.218986e-01
   outer loop
     vertex  4.000000e+00  3.043921e+01  2.832179e+01
     vertex -1.000000e+01  3.091726e+01  2.852270e+01
     vertex -1.000000e+01  3.043921e+01  2.832179e+01
   endloop
 endfacet
 facet normal  0.000000e+00 -4.125769e-01  9.109228e-01
   outer loop
     vertex  4.000000e+00  2.996685e+01  2.810785e+01
     vertex  4.000000e+00  3.043921e+01  2.832179e+01
     vertex -1.000000e+01  3.043921e+01  2.832179e+01
   endloop
 endfacet
 facet normal  0.000000e+00 -4.125769e-01  9.109228e-01
   outer loop
     vertex  4.000000e+00  2.996685e+01  2.810785e+01
     vertex -1.000000e+01  3.043921e+01  2.832179e+01
     vertex -1.000000e+01  2.996685e+01  2.810785e+01
   endloop
 endfacet
 facet normal  0.000000e+00 -4.374119e-01  8.992613e-01
   outer loop
     vertex  4.000000e+00  2.996685e+01  2.810785e+01
     vertex -1.000000e+01  2.996685e+01  2.810785e+01
     vertex -1.000000e+01  2.950054e+01  2.788103e+01
   endloop
 endfacet
 facet normal  0.000000e+00 -4.374119e-01  8.992613e-01
   outer loop
     vertex  4.000000e+00  2.950054e+01  2.788103e+01
     vertex  4.000000e+00  2.996685e+01  2.810785e+01
     vertex -1.000000e+01  2.950054e+01  2.788103e+01
   endloop
 endfacet
 facet normal  0.000000e+00 -4.619176e-01  8.869228e-01
   outer loop
     vertex  4.000000e+00  2.950054e+01  2.788103e+01
     vertex -1.000000e+01  2.950054e+01  2.788103e+01
     vertex -1.000000e+01  2.904062e+01  2.764150e+01
   endloop
 endfacet
 facet normal  0.000000e+00 -4.619176e-01  8.869228e-01
   outer loop
     vertex  4.000000e+00  2.904062e+01  2.764150e+01
     vertex  4.000000e+00  2.950054e+01  2.788103e+01
     vertex -1.000000e+01  2.904062e+01  2.764150e+01
   endloop
 endfacet
 facet normal  0.000000e+00 -4.860756e-01  8.739167e-01
   outer loop
     vertex  4.000000e+00  2.858745e+01  2.738944e+01
     vertex  4.000000e+00  2.904062e+01  2.764150e+01
     vertex -1.000000e+01  2.904062e+01  2.764150e+01
   endloop
 endfacet
 facet normal  0.000000e+00 -4.860756e-01  8.739167e-01
   outer loop
     vertex  4.000000e+00  2.858745e+01  2.738944e+01
     vertex -1.000000e+01  2.904062e+01  2.764150e+01
     vertex -1.000000e+01  2.858745e+01  2.738944e+01
   endloop
 endfacet
 facet normal  0.000000e+00 -5.098678e-01  8.602528e-01
   outer loop
     vertex  4.000000e+00  2.814136e+01  2.712505e+01
     vertex  4.000000e+00  2.858745e+01  2.738944e+01
     vertex -1.000000e+01  2.858745e+01  2.738944e+01
   endloop
 endfacet
 facet normal  0.000000e+00 -5.098678e-01  8.602528e-01
   outer loop
     vertex  4.000000e+00  2.814136e+01  2.712505e+01
     vertex -1.000000e+01  2.858745e+01  2.738944e+01
     vertex -1.000000e+01  2.814136e+01  2.712505e+01
   endloop
 endfacet
 facet normal  0.000000e+00 -5.332761e-01  8.459413e-01
   outer loop
     vertex  4.000000e+00  2.770270e+01  2.684852e+01
     vertex  4.000000e+00  2.814136e+01  2.712505e+01
     vertex -1.000000e+01  2.814136e+01  2.712505e+01
   endloop
 endfacet
 facet normal  0.000000e+00 -5.332761e-01  8.459413e-01
   outer loop
     vertex  4.000000e+00  2.770270e+01  2.684852e+01
     vertex -1.000000e+01  2.814136e+01  2.712505e+01
     vertex -1.000000e+01  2.770270e+01  2.684852e+01
   endloop
 endfacet
 facet normal  0.000000e+00 -5.562829e-01  8.309929e-01
   outer loop
     vertex  4.000000e+00  2.727178e+01  2.656006e+01
     vertex -1.000000e+01  2.770270e+01  2.684852e+01
     vertex -1.000000e+01  2.727178e+01  2.656006e+01
   endloop
 endfacet
 facet normal  0.000000e+00 -5.562829e-01  8.309929e-01
   outer loop
     vertex  4.000000e+00  2.727178e+01  2.656006e+01
     vertex  4.000000e+00  2.770270e+01  2.684852e+01
     vertex -1.000000e+01  2.770270e+01  2.684852e+01
   endloop
 endfacet
 facet normal  0.000000e+00 -5.788711e-01  8.154191e-01
   outer loop
     vertex  4.000000e+00  2.684895e+01  2.625988e+01
     vertex -1.000000e+01  2.727178e+01  2.656006e+01
     vertex -1.000000e+01  2.684895e+01  2.625988e+01
   endloop
 endfacet
 facet normal  0.000000e+00 -5.788711e-01  8.154191e-01
   outer loop
     vertex  4.000000e+00  2.684895e+01  2.625988e+01
     vertex  4.000000e+00  2.727178e+01  2.656006e+01
     vertex -1.000000e+01  2.727178e+01  2.656006e+01
   endloop
 endfacet
 facet normal  0.000000e+00 -6.010234e-01  7.992314e-01
   outer loop
     vertex  4.000000e+00  2.643450e+01  2.594822e+01
     vertex -1.000000e+01  2.684895e+01  2.625988e+01
     vertex -1.000000e+01  2.643450e+01  2.594822e+01
   endloop
 endfacet
 facet normal  0.000000e+00 -6.010234e-01  7.992314e-01
   outer loop
     vertex  4.000000e+00  2.643450e+01  2.594822e+01
     vertex  4.000000e+00  2.684895e+01  2.625988e+01
     vertex -1.000000e+01  2.684895e+01  2.625988e+01
   endloop
 endfacet
 facet normal  0.000000e+00 -6.227234e-01  7.824421e-01
   outer loop
     vertex  4.000000e+00  2.602877e+01  2.562531e+01
     vertex -1.000000e+01  2.643450e+01  2.594822e+01
     vertex -1.000000e+01  2.602877e+01  2.562531e+01
   endloop
 endfacet
 facet normal  0.000000e+00 -6.227234e-01  7.824421e-01
   outer loop
     vertex  4.000000e+00  2.602877e+01  2.562531e+01
     vertex  4.000000e+00  2.643450e+01  2.594822e+01
     vertex -1.000000e+01  2.643450e+01  2.594822e+01
   endloop
 endfacet
 facet normal  0.000000e+00 -6.439545e-01  7.650637e-01
   outer loop
     vertex  4.000000e+00  2.563204e+01  2.529138e+01
     vertex -1.000000e+01  2.602877e+01  2.562531e+01
     vertex -1.000000e+01  2.563204e+01  2.529138e+01
   endloop
 endfacet
 facet normal  0.000000e+00 -6.439545e-01  7.650637e-01
   outer loop
     vertex  4.000000e+00  2.563204e+01  2.529138e+01
     vertex  4.000000e+00  2.602877e+01  2.562531e+01
     vertex -1.000000e+01  2.602877e+01  2.562531e+01
   endloop
 endfacet
 facet normal  0.000000e+00 -6.647010e-01  7.471095e-01
   outer loop
     vertex  4.000000e+00  2.524463e+01  2.494670e+01
     vertex -1.000000e+01  2.563204e+01  2.529138e+01
     vertex -1.000000e+01  2.524463e+01  2.494670e+01
   endloop
 endfacet
 facet normal  0.000000e+00 -6.647010e-01  7.471095e-01
   outer loop
     vertex  4.000000e+00  2.524463e+01  2.494670e+01
     vertex  4.000000e+00  2.563204e+01  2.529138e+01
     vertex -1.000000e+01  2.563204e+01  2.529138e+01
   endloop
 endfacet
 facet normal  0.000000e+00 -6.849470e-01  7.285929e-01
   outer loop
     vertex  4.000000e+00  2.486681e+01  2.459152e+01
     vertex -1.000000e+01  2.524463e+01  2.494670e+01
     vertex -1.000000e+01  2.486681e+01  2.459152e+01
   endloop
 endfacet
 facet normal  0.000000e+00 -6.849470e-01  7.285929e-01
   outer loop
     vertex  4.000000e+00  2.486681e+01  2.459152e+01
     vertex  4.000000e+00  2.524463e+01  2.494670e+01
     vertex -1.000000e+01  2.524463e+01  2.494670e+01
   endloop
 endfacet
 facet normal  0.000000e+00 -7.046775e-01  7.095278e-01
   outer loop
     vertex  4.000000e+00  2.449889e+01  2.422611e+01
     vertex -1.000000e+01  2.486681e+01  2.459152e+01
     vertex -1.000000e+01  2.449889e+01  2.422611e+01
   endloop
 endfacet
 facet normal  0.000000e+00 -7.046775e-01  7.095278e-01
   outer loop
     vertex  4.000000e+00  2.449889e+01  2.422611e+01
     vertex  4.000000e+00  2.486681e+01  2.459152e+01
     vertex -1.000000e+01  2.486681e+01  2.459152e+01
   endloop
 endfacet
 facet normal  0.000000e+00 -7.238775e-01  6.899286e-01
   outer loop
     vertex  4.000000e+00  2.414112e+01  2.385074e+01
     vertex -1.000000e+01  2.449889e+01  2.422611e+01
     vertex -1.000000e+01  2.414112e+01  2.385074e+01
   endloop
 endfacet
 facet normal  0.000000e+00 -7.238775e-01  6.899286e-01
   outer loop
     vertex  4.000000e+00  2.414112e+01  2.385074e+01
     vertex  4.000000e+00  2.449889e+01  2.422611e+01
     vertex -1.000000e+01  2.449889e+01  2.422611e+01
   endloop
 endfacet
 facet normal  0.000000e+00 -7.425325e-01  6.698100e-01
   outer loop
     vertex  4.000000e+00  2.379379e+01  2.346570e+01
     vertex -1.000000e+01  2.414112e+01  2.385074e+01
     vertex -1.000000e+01  2.379379e+01  2.346570e+01
   endloop
 endfacet
 facet normal  0.000000e+00 -7.606287e-01  6.491872e-01
   outer loop
     vertex  4.000000e+00  2.379379e+01  2.346570e+01
     vertex -1.000000e+01  2.379379e+01  2.346570e+01
     vertex -1.000000e+01  2.345715e+01  2.307127e+01
   endloop
 endfacet
 facet normal  0.000000e+00 -7.425325e-01  6.698100e-01
   outer loop
     vertex  4.000000e+00  2.379379e+01  2.346570e+01
     vertex  4.000000e+00  2.414112e+01  2.385074e+01
     vertex -1.000000e+01  2.414112e+01  2.385074e+01
   endloop
 endfacet
 facet normal  0.000000e+00 -7.606287e-01  6.491872e-01
   outer loop
     vertex  4.000000e+00  2.345715e+01  2.307127e+01
     vertex  4.000000e+00  2.379379e+01  2.346570e+01
     vertex -1.000000e+01  2.345715e+01  2.307127e+01
   endloop
 endfacet
 facet normal  0.000000e+00 -7.781522e-01  6.280757e-01
   outer loop
     vertex  4.000000e+00  2.313146e+01  2.266776e+01
     vertex -1.000000e+01  2.345715e+01  2.307127e+01
     vertex -1.000000e+01  2.313146e+01  2.266776e+01
   endloop
 endfacet
 facet normal  0.000000e+00 -7.950900e-01  6.064915e-01
   outer loop
     vertex  4.000000e+00  2.313146e+01  2.266776e+01
     vertex -1.000000e+01  2.313146e+01  2.266776e+01
     vertex -1.000000e+01  2.281696e+01  2.225546e+01
   endloop
 endfacet
 facet normal  0.000000e+00 -7.781522e-01  6.280757e-01
   outer loop
     vertex  4.000000e+00  2.313146e+01  2.266776e+01
     vertex  4.000000e+00  2.345715e+01  2.307127e+01
     vertex -1.000000e+01  2.345715e+01  2.307127e+01
   endloop
 endfacet
 facet normal  0.000000e+00 -7.950900e-01  6.064915e-01
   outer loop
     vertex  4.000000e+00  2.281696e+01  2.225546e+01
     vertex  4.000000e+00  2.313146e+01  2.266776e+01
     vertex -1.000000e+01  2.281696e+01  2.225546e+01
   endloop
 endfacet
 facet normal  0.000000e+00 -8.114292e-01  5.844507e-01
   outer loop
     vertex  4.000000e+00  2.251390e+01  2.183469e+01
     vertex  4.000000e+00  2.281696e+01  2.225546e+01
     vertex -1.000000e+01  2.281696e+01  2.225546e+01
   endloop
 endfacet
 facet normal  0.000000e+00 -8.114292e-01  5.844507e-01
   outer loop
     vertex  4.000000e+00  2.251390e+01  2.183469e+01
     vertex -1.000000e+01  2.281696e+01  2.225546e+01
     vertex -1.000000e+01  2.251390e+01  2.183469e+01
   endloop
 endfacet
 facet normal  0.000000e+00 -8.271577e-01  5.619699e-01
   outer loop
     vertex  4.000000e+00  2.222249e+01  2.140577e+01
     vertex -1.000000e+01  2.251390e+01  2.183469e+01
     vertex -1.000000e+01  2.222249e+01  2.140577e+01
   endloop
 endfacet
 facet normal  0.000000e+00 -8.422635e-01  5.390661e-01
   outer loop
     vertex  4.000000e+00  2.222249e+01  2.140577e+01
     vertex -1.000000e+01  2.222249e+01  2.140577e+01
     vertex -1.000000e+01  2.194295e+01  2.096901e+01
   endloop
 endfacet
 facet normal  0.000000e+00 -8.271577e-01  5.619699e-01
   outer loop
     vertex  4.000000e+00  2.222249e+01  2.140577e+01
     vertex  4.000000e+00  2.251390e+01  2.183469e+01
     vertex -1.000000e+01  2.251390e+01  2.183469e+01
   endloop
 endfacet
 facet normal  0.000000e+00 -8.422635e-01  5.390661e-01
   outer loop
     vertex  4.000000e+00  2.194295e+01  2.096901e+01
     vertex  4.000000e+00  2.222249e+01  2.140577e+01
     vertex -1.000000e+01  2.194295e+01  2.096901e+01
   endloop
 endfacet
 facet normal  0.000000e+00 -8.567352e-01  5.157565e-01
   outer loop
     vertex  4.000000e+00  2.167550e+01  2.052475e+01
     vertex  4.000000e+00  2.194295e+01  2.096901e+01
     vertex -1.000000e+01  2.194295e+01  2.096901e+01
   endloop
 endfacet
 facet normal  0.000000e+00 -8.567352e-01  5.157565e-01
   outer loop
     vertex  4.000000e+00  2.167550e+01  2.052475e+01
     vertex -1.000000e+01  2.194295e+01  2.096901e+01
     vertex -1.000000e+01  2.167550e+01  2.052475e+01
   endloop
 endfacet
 facet normal  0.000000e+00 -8.705620e-01  4.920587e-01
   outer loop
     vertex  4.000000e+00  2.142035e+01  2.007332e+01
     vertex  4.000000e+00  2.167550e+01  2.052475e+01
     vertex -1.000000e+01  2.167550e+01  2.052475e+01
   endloop
 endfacet
 facet normal  0.000000e+00 -8.705620e-01  4.920587e-01
   outer loop
     vertex  4.000000e+00  2.142035e+01  2.007332e+01
     vertex -1.000000e+01  2.167550e+01  2.052475e+01
     vertex -1.000000e+01  2.142035e+01  2.007332e+01
   endloop
 endfacet
 facet normal  0.000000e+00 -8.837335e-01  4.679904e-01
   outer loop
     vertex  4.000000e+00  2.142035e+01  2.007332e+01
     vertex -1.000000e+01  2.142035e+01  2.007332e+01
     vertex -1.000000e+01  2.117767e+01  1.961506e+01
   endloop
 endfacet
 facet normal  0.000000e+00 -8.837335e-01  4.679904e-01
   outer loop
     vertex  4.000000e+00  2.117767e+01  1.961506e+01
     vertex  4.000000e+00  2.142035e+01  2.007332e+01
     vertex -1.000000e+01  2.117767e+01  1.961506e+01
   endloop
 endfacet
 facet normal  0.000000e+00 -8.962398e-01  4.435699e-01
   outer loop
     vertex  4.000000e+00  2.094766e+01  1.915031e+01
     vertex  4.000000e+00  2.117767e+01  1.961506e+01
     vertex -1.000000e+01  2.117767e+01  1.961506e+01
   endloop
 endfacet
 facet normal  0.000000e+00 -8.962398e-01  4.435699e-01
   outer loop
     vertex  4.000000e+00  2.094766e+01  1.915031e+01
     vertex -1.000000e+01  2.117767e+01  1.961506e+01
     vertex -1.000000e+01  2.094766e+01  1.915031e+01
   endloop
 endfacet
 facet normal  0.000000e+00 -9.080714e-01  4.188155e-01
   outer loop
     vertex  4.000000e+00  2.094766e+01  1.915031e+01
     vertex -1.000000e+01  2.094766e+01  1.915031e+01
     vertex -1.000000e+01  2.073048e+01  1.867943e+01
   endloop
 endfacet
 facet normal  0.000000e+00 -9.080714e-01  4.188155e-01
   outer loop
     vertex  4.000000e+00  2.073048e+01  1.867943e+01
     vertex  4.000000e+00  2.094766e+01  1.915031e+01
     vertex -1.000000e+01  2.073048e+01  1.867943e+01
   endloop
 endfacet
 facet normal  0.000000e+00 -9.192194e-01  3.937458e-01
   outer loop
     vertex  4.000000e+00  2.052630e+01  1.820276e+01
     vertex  4.000000e+00  2.073048e+01  1.867943e+01
     vertex -1.000000e+01  2.073048e+01  1.867943e+01
   endloop
 endfacet
 facet normal  0.000000e+00 -9.192194e-01  3.937458e-01
   outer loop
     vertex  4.000000e+00  2.052630e+01  1.820276e+01
     vertex -1.000000e+01  2.073048e+01  1.867943e+01
     vertex -1.000000e+01  2.052630e+01  1.820276e+01
   endloop
 endfacet
 facet normal  0.000000e+00 -9.296754e-01  3.683796e-01
   outer loop
     vertex  4.000000e+00  2.052630e+01  1.820276e+01
     vertex -1.000000e+01  2.052630e+01  1.820276e+01
     vertex -1.000000e+01  2.033528e+01  1.772068e+01
   endloop
 endfacet
 facet normal  0.000000e+00 -9.296754e-01  3.683796e-01
   outer loop
     vertex  4.000000e+00  2.033528e+01  1.772068e+01
     vertex  4.000000e+00  2.052630e+01  1.820276e+01
     vertex -1.000000e+01  2.033528e+01  1.772068e+01
   endloop
 endfacet
 facet normal  0.000000e+00 -9.394317e-01  3.427362e-01
   outer loop
     vertex  4.000000e+00  2.033528e+01  1.772068e+01
     vertex -1.000000e+01  2.033528e+01  1.772068e+01
     vertex -1.000000e+01  2.015755e+01  1.723353e+01
   endloop
 endfacet
 facet normal  0.000000e+00 -9.394317e-01  3.427362e-01
   outer loop
     vertex  4.000000e+00  2.015755e+01  1.723353e+01
     vertex  4.000000e+00  2.033528e+01  1.772068e+01
     vertex -1.000000e+01  2.015755e+01  1.723353e+01
   endloop
 endfacet
 facet normal  0.000000e+00 -9.484807e-01  3.168348e-01
   outer loop
     vertex  4.000000e+00  1.999325e+01  1.674170e+01
     vertex  4.000000e+00  2.015755e+01  1.723353e+01
     vertex -1.000000e+01  2.015755e+01  1.723353e+01
   endloop
 endfacet
 facet normal  0.000000e+00 -9.484807e-01  3.168348e-01
   outer loop
     vertex  4.000000e+00  1.999325e+01  1.674170e+01
     vertex -1.000000e+01  2.015755e+01  1.723353e+01
     vertex -1.000000e+01  1.999325e+01  1.674170e+01
   endloop
 endfacet
 facet normal  0.000000e+00 -9.568158e-01  2.906949e-01
   outer loop
     vertex  4.000000e+00  1.999325e+01  1.674170e+01
     vertex -1.000000e+01  1.999325e+01  1.674170e+01
     vertex -1.000000e+01  1.984251e+01  1.624554e+01
   endloop
 endfacet
 facet normal  0.000000e+00 -9.568158e-01  2.906949e-01
   outer loop
     vertex  4.000000e+00  1.984251e+01  1.624554e+01
     vertex  4.000000e+00  1.999325e+01  1.674170e+01
     vertex -1.000000e+01  1.984251e+01  1.624554e+01
   endloop
 endfacet
 facet normal  0.000000e+00 -9.644306e-01  2.643362e-01
   outer loop
     vertex  4.000000e+00  1.984251e+01  1.624554e+01
     vertex -1.000000e+01  1.984251e+01  1.624554e+01
     vertex -1.000000e+01  1.970544e+01  1.574543e+01
   endloop
 endfacet
 facet normal  0.000000e+00 -9.644306e-01  2.643362e-01
   outer loop
     vertex  4.000000e+00  1.970544e+01  1.574543e+01
     vertex  4.000000e+00  1.984251e+01  1.624554e+01
     vertex -1.000000e+01  1.970544e+01  1.574543e+01
   endloop
 endfacet
 facet normal  0.000000e+00 -9.713194e-01  2.377784e-01
   outer loop
     vertex  4.000000e+00  1.958214e+01  1.524175e+01
     vertex  4.000000e+00  1.970544e+01  1.574543e+01
     vertex -1.000000e+01  1.970544e+01  1.574543e+01
   endloop
 endfacet
 facet normal  0.000000e+00 -9.713194e-01  2.377784e-01
   outer loop
     vertex  4.000000e+00  1.958214e+01  1.524175e+01
     vertex -1.000000e+01  1.970544e+01  1.574543e+01
     vertex -1.000000e+01  1.958214e+01  1.524175e+01
   endloop
 endfacet
 facet normal  0.000000e+00 -9.774771e-01  2.110417e-01
   outer loop
     vertex  4.000000e+00  1.958214e+01  1.524175e+01
     vertex -1.000000e+01  1.958214e+01  1.524175e+01
     vertex -1.000000e+01  1.947270e+01  1.473488e+01
   endloop
 endfacet
 facet normal  0.000000e+00 -9.774771e-01  2.110417e-01
   outer loop
     vertex  4.000000e+00  1.947270e+01  1.473488e+01
     vertex  4.000000e+00  1.958214e+01  1.524175e+01
     vertex -1.000000e+01  1.947270e+01  1.473488e+01
   endloop
 endfacet
 facet normal  0.000000e+00 -9.828989e-01  1.841461e-01
   outer loop
     vertex  4.000000e+00  1.937721e+01  1.422519e+01
     vertex  4.000000e+00  1.947270e+01  1.473488e+01
     vertex -1.000000e+01  1.947270e+01  1.473488e+01
   endloop
 endfacet
 facet normal  0.000000e+00 -9.828989e-01  1.841461e-01
   outer loop
     vertex  4.000000e+00  1.937721e+01  1.422519e+01
     vertex -1.000000e+01  1.947270e+01  1.473488e+01
     vertex -1.000000e+01  1.937721e+01  1.422519e+01
   endloop
 endfacet
 facet normal  0.000000e+00 -9.875808e-01  1.571119e-01
   outer loop
     vertex  4.000000e+00  1.937721e+01  1.422519e+01
     vertex -1.000000e+01  1.937721e+01  1.422519e+01
     vertex -1.000000e+01  1.929574e+01  1.371308e+01
   endloop
 endfacet
 facet normal  0.000000e+00 -9.875808e-01  1.571119e-01
   outer loop
     vertex  4.000000e+00  1.929574e+01  1.371308e+01
     vertex  4.000000e+00  1.937721e+01  1.422519e+01
     vertex -1.000000e+01  1.929574e+01  1.371308e+01
   endloop
 endfacet
 facet normal  0.000000e+00 -9.915193e-01  1.299594e-01
   outer loop
     vertex  4.000000e+00  1.929574e+01  1.371308e+01
     vertex -1.000000e+01  1.929574e+01  1.371308e+01
     vertex -1.000000e+01  1.922835e+01  1.319893e+01
   endloop
 endfacet
 facet normal  0.000000e+00 -9.915193e-01  1.299594e-01
   outer loop
     vertex  4.000000e+00  1.922835e+01  1.319893e+01
     vertex  4.000000e+00  1.929574e+01  1.371308e+01
     vertex -1.000000e+01  1.922835e+01  1.319893e+01
   endloop
 endfacet
 facet normal  0.000000e+00 -9.947114e-01  1.027091e-01
   outer loop
     vertex  4.000000e+00  1.917509e+01  1.268312e+01
     vertex  4.000000e+00  1.922835e+01  1.319893e+01
     vertex -1.000000e+01  1.922835e+01  1.319893e+01
   endloop
 endfacet
 facet normal  0.000000e+00 -9.947114e-01  1.027091e-01
   outer loop
     vertex  4.000000e+00  1.917509e+01  1.268312e+01
     vertex -1.000000e+01  1.922835e+01  1.319893e+01
     vertex -1.000000e+01  1.917509e+01  1.268312e+01
   endloop
 endfacet
 facet normal  0.000000e+00 -9.971548e-01  7.538152e-02
   outer loop
     vertex  4.000000e+00  1.917509e+01  1.268312e+01
     vertex -1.000000e+01  1.917509e+01  1.268312e+01
     vertex -1.000000e+01  1.913600e+01  1.216604e+01
   endloop
 endfacet
 facet normal  0.000000e+00 -9.971548e-01  7.538152e-02
   outer loop
     vertex  4.000000e+00  1.913600e+01  1.216604e+01
     vertex  4.000000e+00  1.917509e+01  1.268312e+01
     vertex -1.000000e+01  1.913600e+01  1.216604e+01
   endloop
 endfacet
 facet normal  0.000000e+00 -9.988475e-01  4.799716e-02
   outer loop
     vertex  4.000000e+00  1.911111e+01  1.164808e+01
     vertex  4.000000e+00  1.913600e+01  1.216604e+01
     vertex -1.000000e+01  1.913600e+01  1.216604e+01
   endloop
 endfacet
 facet normal  0.000000e+00 -9.988475e-01  4.799716e-02
   outer loop
     vertex  4.000000e+00  1.911111e+01  1.164808e+01
     vertex -1.000000e+01  1.913600e+01  1.216604e+01
     vertex -1.000000e+01  1.911111e+01  1.164808e+01
   endloop
 endfacet
 facet normal  0.000000e+00 -9.997883e-01  2.057667e-02
   outer loop
     vertex  4.000000e+00  1.910044e+01  1.112964e+01
     vertex -1.000000e+01  1.911111e+01  1.164808e+01
     vertex -1.000000e+01  1.910044e+01  1.112964e+01
   endloop
 endfacet
 facet normal  0.000000e+00 -9.997883e-01  2.057667e-02
   outer loop
     vertex  4.000000e+00  1.910044e+01  1.112964e+01
     vertex  4.000000e+00  1.911111e+01  1.164808e+01
     vertex -1.000000e+01  1.911111e+01  1.164808e+01
   endloop
 endfacet
 facet normal -0.000000e+00 -9.999765e-01 -6.859319e-03
   outer loop
     vertex  4.000000e+00  1.910400e+01  1.061110e+01
     vertex -1.000000e+01  1.910044e+01  1.112964e+01
     vertex -1.000000e+01  1.910400e+01  1.061110e+01
   endloop
 endfacet
 facet normal  0.000000e+00 -9.999765e-01 -6.859319e-03
   outer loop
     vertex  4.000000e+00  1.910400e+01  1.061110e+01
     vertex  4.000000e+00  1.910044e+01  1.112964e+01
     vertex -1.000000e+01  1.910044e+01  1.112964e+01
   endloop
 endfacet
 facet normal -0.000000e+00 -9.994119e-01 -3.429014e-02
   outer loop
     vertex  4.000000e+00  1.912178e+01  1.009285e+01
     vertex -1.000000e+01  1.910400e+01  1.061110e+01
     vertex -1.000000e+01  1.912178e+01  1.009285e+01
   endloop
 endfacet
 facet normal  0.000000e+00 -9.994119e-01 -3.429014e-02
   outer loop
     vertex  4.000000e+00  1.912178e+01  1.009285e+01
     vertex  4.000000e+00  1.910400e+01  1.061110e+01
     vertex -1.000000e+01  1.910400e+01  1.061110e+01
   endloop
 endfacet
 facet normal -0.000000e+00 -9.980950e-01 -6.169515e-02
   outer loop
     vertex  4.000000e+00  1.915377e+01  9.575289e+00
     vertex -1.000000e+01  1.912178e+01  1.009285e+01
     vertex -1.000000e+01  1.915377e+01  9.575289e+00
   endloop
 endfacet
 facet normal  0.000000e+00 -9.980950e-01 -6.169515e-02
   outer loop
     vertex  4.000000e+00  1.915377e+01  9.575289e+00
     vertex  4.000000e+00  1.912178e+01  1.009285e+01
     vertex -1.000000e+01  1.912178e+01  1.009285e+01
   endloop
 endfacet
 facet normal  0.000000e+00 -9.960268e-01 -8.905371e-02
   outer loop
     vertex  4.000000e+00  1.919995e+01  9.058797e+00
     vertex  4.000000e+00  1.915377e+01  9.575289e+00
     vertex -1.000000e+01  1.915377e+01  9.575289e+00
   endloop
 endfacet
 facet normal -0.000000e+00 -9.960268e-01 -8.905371e-02
   outer loop
     vertex  4.000000e+00  1.919995e+01  9.058797e+00
     vertex -1.000000e+01  1.915377e+01  9.575289e+00
     vertex -1.000000e+01  1.919995e+01  9.058797e+00
   endloop
 endfacet
 facet normal  0.000000e+00 -9.932088e-01 -1.163452e-01
   outer loop
     vertex  4.000000e+00  1.926029e+01  8.543766e+00
     vertex  4.000000e+00  1.919995e+01  9.058797e+00
     vertex -1.000000e+01  1.919995e+01  9.058797e+00
   endloop
 endfacet
 facet normal -0.000000e+00 -9.932088e-01 -1.163452e-01
   outer loop
     vertex  4.000000e+00  1.926029e+01  8.543766e+00
     vertex -1.000000e+01  1.919995e+01  9.058797e+00
     vertex -1.000000e+01  1.926029e+01  8.543766e+00
   endloop
 endfacet
 facet normal  0.000000e+00 -9.896432e-01 -1.435492e-01
   outer loop
     vertex  4.000000e+00  1.933472e+01  8.030585e+00
     vertex  4.000000e+00  1.926029e+01  8.543766e+00
     vertex -1.000000e+01  1.926029e+01  8.543766e+00
   endloop
 endfacet
 facet normal -0.000000e+00 -9.896432e-01 -1.435492e-01
   outer loop
     vertex  4.000000e+00  1.933472e+01  8.030585e+00
     vertex -1.000000e+01  1.926029e+01  8.543766e+00
     vertex -1.000000e+01  1.933472e+01  8.030585e+00
   endloop
 endfacet
 facet normal  0.000000e+00 -9.853326e-01 -1.706451e-01
   outer loop
     vertex  4.000000e+00  1.942321e+01  7.519638e+00
     vertex  4.000000e+00  1.933472e+01  8.030585e+00
     vertex -1.000000e+01  1.933472e+01  8.030585e+00
   endloop
 endfacet
 facet normal -0.000000e+00 -9.853326e-01 -1.706451e-01
   outer loop
     vertex  4.000000e+00  1.942321e+01  7.519638e+00
     vertex -1.000000e+01  1.933472e+01  8.030585e+00
     vertex -1.000000e+01  1.942321e+01  7.519638e+00
   endloop
 endfacet
 facet normal -0.000000e+00 -9.802802e-01 -1.976125e-01
   outer loop
     vertex  4.000000e+00  1.942321e+01  7.519638e+00
     vertex -1.000000e+01  1.942321e+01  7.519638e+00
     vertex -1.000000e+01  1.952568e+01  7.011312e+00
   endloop
 endfacet
 facet normal -0.000000e+00 -9.802802e-01 -1.976125e-01
   outer loop
     vertex  4.000000e+00  1.952568e+01  7.011312e+00
     vertex  4.000000e+00  1.942321e+01  7.519638e+00
     vertex -1.000000e+01  1.952568e+01  7.011312e+00
   endloop
 endfacet
 facet normal  0.000000e+00 -9.744899e-01 -2.244312e-01
   outer loop
     vertex  4.000000e+00  1.964206e+01  6.505988e+00
     vertex  4.000000e+00  1.952568e+01  7.011312e+00
     vertex -1.000000e+01  1.952568e+01  7.011312e+00
   endloop
 endfacet
 facet normal -0.000000e+00 -9.744899e-01 -2.244312e-01
   outer loop
     vertex  4.000000e+00  1.964206e+01  6.505988e+00
     vertex -1.000000e+01  1.952568e+01  7.011312e+00
     vertex -1.000000e+01  1.964206e+01  6.505988e+00
   endloop
 endfacet
 facet normal -0.000000e+00 -9.679661e-01 -2.510809e-01
   outer loop
     vertex  4.000000e+00  1.964206e+01  6.505988e+00
     vertex -1.000000e+01  1.964206e+01  6.505988e+00
     vertex -1.000000e+01  1.977226e+01  6.004047e+00
   endloop
 endfacet
 facet normal -0.000000e+00 -9.679661e-01 -2.510809e-01
   outer loop
     vertex  4.000000e+00  1.977226e+01  6.004047e+00
     vertex  4.000000e+00  1.964206e+01  6.505988e+00
     vertex -1.000000e+01  1.977226e+01  6.004047e+00
   endloop
 endfacet
 facet normal -0.000000e+00 -9.607136e-01 -2.775416e-01
   outer loop
     vertex  4.000000e+00  1.977226e+01  6.004047e+00
     vertex -1.000000e+01  1.977226e+01  6.004047e+00
     vertex -1.000000e+01  1.991618e+01  5.505866e+00
   endloop
 endfacet
 facet normal -0.000000e+00 -9.607136e-01 -2.775416e-01
   outer loop
     vertex  4.000000e+00  1.991618e+01  5.505866e+00
     vertex  4.000000e+00  1.977226e+01  6.004047e+00
     vertex -1.000000e+01  1.991618e+01  5.505866e+00
   endloop
 endfacet
 facet normal  0.000000e+00 -9.527379e-01 -3.037934e-01
   outer loop
     vertex  4.000000e+00  2.007371e+01  5.011822e+00
     vertex  4.000000e+00  1.991618e+01  5.505866e+00
     vertex -1.000000e+01  1.991618e+01  5.505866e+00
   endloop
 endfacet
 facet normal -0.000000e+00 -9.527379e-01 -3.037934e-01
   outer loop
     vertex  4.000000e+00  2.007371e+01  5.011822e+00
     vertex -1.000000e+01  1.991618e+01  5.505866e+00
     vertex -1.000000e+01  2.007371e+01  5.011822e+00
   endloop
 endfacet
 facet normal -0.000000e+00 -9.440450e-01 -3.298166e-01
   outer loop
     vertex  4.000000e+00  2.007371e+01  5.011822e+00
     vertex -1.000000e+01  2.007371e+01  5.011822e+00
     vertex -1.000000e+01  2.024474e+01  4.522285e+00
   endloop
 endfacet
 facet normal -0.000000e+00 -9.440450e-01 -3.298166e-01
   outer loop
     vertex  4.000000e+00  2.024474e+01  4.522285e+00
     vertex  4.000000e+00  2.007371e+01  5.011822e+00
     vertex -1.000000e+01  2.024474e+01  4.522285e+00
   endloop
 endfacet
 facet normal  0.000000e+00 -9.346415e-01 -3.555914e-01
   outer loop
     vertex  4.000000e+00  2.042913e+01  4.037625e+00
     vertex  4.000000e+00  2.024474e+01  4.522285e+00
     vertex -1.000000e+01  2.024474e+01  4.522285e+00
   endloop
 endfacet
 facet normal -0.000000e+00 -9.346415e-01 -3.555914e-01
   outer loop
     vertex  4.000000e+00  2.042913e+01  4.037625e+00
     vertex -1.000000e+01  2.024474e+01  4.522285e+00
     vertex -1.000000e+01  2.042913e+01  4.037625e+00
   endloop
 endfacet
 facet normal  0.000000e+00 -9.245344e-01 -3.810986e-01
   outer loop
     vertex  4.000000e+00  2.062675e+01  3.558205e+00
     vertex  4.000000e+00  2.042913e+01  4.037625e+00
     vertex -1.000000e+01  2.042913e+01  4.037625e+00
   endloop
 endfacet
 facet normal -0.000000e+00 -9.245344e-01 -3.810986e-01
   outer loop
     vertex  4.000000e+00  2.062675e+01  3.558205e+00
     vertex -1.000000e+01  2.042913e+01  4.037625e+00
     vertex -1.000000e+01  2.062675e+01  3.558205e+00
   endloop
 endfacet
 facet normal -0.000000e+00 -9.137314e-01 -4.063188e-01
   outer loop
     vertex  4.000000e+00  2.083745e+01  3.084388e+00
     vertex -1.000000e+01  2.062675e+01  3.558205e+00
     vertex -1.000000e+01  2.083745e+01  3.084388e+00
   endloop
 endfacet
 facet normal  0.000000e+00 -9.137314e-01 -4.063188e-01
   outer loop
     vertex  4.000000e+00  2.083745e+01  3.084388e+00
     vertex  4.000000e+00  2.062675e+01  3.558205e+00
     vertex -1.000000e+01  2.062675e+01  3.558205e+00
   endloop
 endfacet
 facet normal -0.000000e+00 -9.022405e-01 -4.312333e-01
   outer loop
     vertex  4.000000e+00  2.106107e+01  2.616529e+00
     vertex -1.000000e+01  2.083745e+01  3.084388e+00
     vertex -1.000000e+01  2.106107e+01  2.616529e+00
   endloop
 endfacet
 facet normal  0.000000e+00 -9.022405e-01 -4.312333e-01
   outer loop
     vertex  4.000000e+00  2.106107e+01  2.616529e+00
     vertex  4.000000e+00  2.083745e+01  3.084388e+00
     vertex -1.000000e+01  2.083745e+01  3.084388e+00
   endloop
 endfacet
 facet normal -0.000000e+00 -8.900704e-01 -4.558231e-01
   outer loop
     vertex  4.000000e+00  2.129744e+01  2.154981e+00
     vertex -1.000000e+01  2.106107e+01  2.616529e+00
     vertex -1.000000e+01  2.129744e+01  2.154981e+00
   endloop
 endfacet
 facet normal  0.000000e+00 -8.900704e-01 -4.558231e-01
   outer loop
     vertex  4.000000e+00  2.129744e+01  2.154981e+00
     vertex  4.000000e+00  2.106107e+01  2.616529e+00
     vertex -1.000000e+01  2.106107e+01  2.616529e+00
   endloop
 endfacet
 facet normal -0.000000e+00 -8.772303e-01 -4.800697e-01
   outer loop
     vertex  4.000000e+00  2.154638e+01  1.700091e+00
     vertex -1.000000e+01  2.129744e+01  2.154981e+00
     vertex -1.000000e+01  2.154638e+01  1.700091e+00
   endloop
 endfacet
 facet normal  0.000000e+00 -8.772303e-01 -4.800697e-01
   outer loop
     vertex  4.000000e+00  2.154638e+01  1.700091e+00
     vertex  4.000000e+00  2.129744e+01  2.154981e+00
     vertex -1.000000e+01  2.129744e+01  2.154981e+00
   endloop
 endfacet
 facet normal -0.000000e+00 -8.637299e-01 -5.039550e-01
   outer loop
     vertex  4.000000e+00  2.180770e+01  1.252202e+00
     vertex -1.000000e+01  2.154638e+01  1.700091e+00
     vertex -1.000000e+01  2.180770e+01  1.252202e+00
   endloop
 endfacet
 facet normal -0.000000e+00 -8.495793e-01 -5.274609e-01
   outer loop
     vertex  4.000000e+00  2.180770e+01  1.252202e+00
     vertex -1.000000e+01  2.180770e+01  1.252202e+00
     vertex -1.000000e+01  2.208122e+01  8.116506e-01
   endloop
 endfacet
 facet normal  0.000000e+00 -8.637299e-01 -5.039550e-01
   outer loop
     vertex  4.000000e+00  2.180770e+01  1.252202e+00
     vertex  4.000000e+00  2.154638e+01  1.700091e+00
     vertex -1.000000e+01  2.154638e+01  1.700091e+00
   endloop
 endfacet
 facet normal -0.000000e+00 -8.495793e-01 -5.274609e-01
   outer loop
     vertex  4.000000e+00  2.208122e+01  8.116506e-01
     vertex  4.000000e+00  2.180770e+01  1.252202e+00
     vertex -1.000000e+01  2.208122e+01  8.116506e-01
   endloop
 endfacet
 facet normal -0.000000e+00 -8.347891e-01 -5.505698e-01
   outer loop
     vertex  4.000000e+00  2.236672e+01  3.787687e-01
     vertex -1.000000e+01  2.208122e+01  8.116506e-01
     vertex -1.000000e+01  2.236672e+01  3.787687e-01
   endloop
 endfacet
 facet normal -0.000000e+00 -8.193706e-01 -5.732642e-01
   outer loop
     vertex  4.000000e+00  2.236672e+01  3.787687e-01
     vertex -1.000000e+01  2.236672e+01  3.787687e-01
     vertex -1.000000e+01  2.266399e+01 -4.611774e-02
   endloop
 endfacet
 facet normal  0.000000e+00 -8.347891e-01 -5.505698e-01
   outer loop
     vertex  4.000000e+00  2.236672e+01  3.787687e-01
     vertex  4.000000e+00  2.208122e+01  8.116506e-01
     vertex -1.000000e+01  2.208122e+01  8.116506e-01
   endloop
 endfacet
 facet normal -0.000000e+00 -8.033352e-01 -5.955271e-01
   outer loop
     vertex  4.000000e+00  2.266399e+01 -4.611774e-02
     vertex -1.000000e+01  2.266399e+01 -4.611774e-02
     vertex -1.000000e+01  2.297280e+01 -4.626891e-01
   endloop
 endfacet
 facet normal -0.000000e+00 -8.193706e-01 -5.732642e-01
   outer loop
     vertex  4.000000e+00  2.266399e+01 -4.611774e-02
     vertex  4.000000e+00  2.236672e+01  3.787687e-01
     vertex -1.000000e+01  2.266399e+01 -4.611774e-02
   endloop
 endfacet
 facet normal -0.000000e+00 -8.033352e-01 -5.955271e-01
   outer loop
     vertex  4.000000e+00  2.297280e+01 -4.626891e-01
     vertex  4.000000e+00  2.266399e+01 -4.611774e-02
     vertex -1.000000e+01  2.297280e+01 -4.626891e-01
   endloop
 endfacet
 facet normal -0.000000e+00 -7.866951e-01 -6.173417e-01
   outer loop
     vertex  4.000000e+00  2.329292e+01 -8.706316e-01
     vertex -1.000000e+01  2.297280e+01 -4.626891e-01
     vertex -1.000000e+01  2.329292e+01 -8.706316e-01
   endloop
 endfacet
 facet normal  0.000000e+00 -7.866951e-01 -6.173417e-01
   outer loop
     vertex  4.000000e+00  2.329292e+01 -8.706316e-01
     vertex  4.000000e+00  2.297280e+01 -4.626891e-01
     vertex -1.000000e+01  2.297280e+01 -4.626891e-01
   endloop
 endfacet
 facet normal -0.000000e+00 -7.694628e-01 -6.386916e-01
   outer loop
     vertex  4.000000e+00  2.362412e+01 -1.269638e+00
     vertex -1.000000e+01  2.329292e+01 -8.706316e-01
     vertex -1.000000e+01  2.362412e+01 -1.269638e+00
   endloop
 endfacet
 facet normal -0.000000e+00 -7.516513e-01 -6.595607e-01
   outer loop
     vertex  4.000000e+00  2.362412e+01 -1.269638e+00
     vertex -1.000000e+01  2.362412e+01 -1.269638e+00
     vertex -1.000000e+01  2.396614e+01 -1.659409e+00
   endloop
 endfacet
 facet normal  0.000000e+00 -7.694628e-01 -6.386916e-01
   outer loop
     vertex  4.000000e+00  2.362412e+01 -1.269638e+00
     vertex  4.000000e+00  2.329292e+01 -8.706316e-01
     vertex -1.000000e+01  2.329292e+01 -8.706316e-01
   endloop
 endfacet
 facet normal -0.000000e+00 -7.516513e-01 -6.595607e-01
   outer loop
     vertex  4.000000e+00  2.396614e+01 -1.659409e+00
     vertex  4.000000e+00  2.362412e+01 -1.269638e+00
     vertex -1.000000e+01  2.396614e+01 -1.659409e+00
   endloop
 endfacet
 facet normal -0.000000e+00 -7.332740e-01 -6.799333e-01
   outer loop
     vertex  4.000000e+00  2.431872e+01 -2.039650e+00
     vertex -1.000000e+01  2.396614e+01 -1.659409e+00
     vertex -1.000000e+01  2.431872e+01 -2.039650e+00
   endloop
 endfacet
 facet normal  0.000000e+00 -7.332740e-01 -6.799333e-01
   outer loop
     vertex  4.000000e+00  2.431872e+01 -2.039650e+00
     vertex  4.000000e+00  2.396614e+01 -1.659409e+00
     vertex -1.000000e+01  2.396614e+01 -1.659409e+00
   endloop
 endfacet
 facet normal -0.000000e+00 -7.143447e-01 -6.997940e-01
   outer loop
     vertex  4.000000e+00  2.468160e+01 -2.410075e+00
     vertex -1.000000e+01  2.431872e+01 -2.039650e+00
     vertex -1.000000e+01  2.468160e+01 -2.410075e+00
   endloop
 endfacet
 facet normal  0.000000e+00 -7.143447e-01 -6.997940e-01
   outer loop
     vertex  4.000000e+00  2.468160e+01 -2.410075e+00
     vertex  4.000000e+00  2.431872e+01 -2.039650e+00
     vertex -1.000000e+01  2.431872e+01 -2.039650e+00
   endloop
 endfacet
 facet normal  0.000000e+00 -6.948776e-01 -7.191280e-01
   outer loop
     vertex  4.000000e+00  2.505450e+01 -2.770405e+00
     vertex  4.000000e+00  2.468160e+01 -2.410075e+00
     vertex -1.000000e+01  2.468160e+01 -2.410075e+00
   endloop
 endfacet
 facet normal -0.000000e+00 -6.948776e-01 -7.191280e-01
   outer loop
     vertex  4.000000e+00  2.505450e+01 -2.770405e+00
     vertex -1.000000e+01  2.468160e+01 -2.410075e+00
     vertex -1.000000e+01  2.505450e+01 -2.770405e+00
   endloop
 endfacet
 facet normal -0.000000e+00 -6.748875e-01 -7.379206e-01
   outer loop
     vertex  4.000000e+00  2.505450e+01 -2.770405e+00
     vertex -1.000000e+01  2.505450e+01 -2.770405e+00
     vertex -1.000000e+01  2.543715e+01 -3.120370e+00
   endloop
 endfacet
 facet normal -0.000000e+00 -6.748875e-01 -7.379206e-01
   outer loop
     vertex  4.000000e+00  2.543715e+01 -3.120370e+00
     vertex  4.000000e+00  2.505450e+01 -2.770405e+00
     vertex -1.000000e+01  2.543715e+01 -3.120370e+00
   endloop
 endfacet
 facet normal  0.000000e+00 -6.543893e-01 -7.561578e-01
   outer loop
     vertex  4.000000e+00  2.582926e+01 -3.459705e+00
     vertex  4.000000e+00  2.543715e+01 -3.120370e+00
     vertex -1.000000e+01  2.543715e+01 -3.120370e+00
   endloop
 endfacet
 facet normal -0.000000e+00 -6.543893e-01 -7.561578e-01
   outer loop
     vertex  4.000000e+00  2.582926e+01 -3.459705e+00
     vertex -1.000000e+01  2.543715e+01 -3.120370e+00
     vertex -1.000000e+01  2.582926e+01 -3.459705e+00
   endloop
 endfacet
 facet normal -0.000000e+00 -6.333986e-01 -7.738257e-01
   outer loop
     vertex  4.000000e+00  2.582926e+01 -3.459705e+00
     vertex -1.000000e+01  2.582926e+01 -3.459705e+00
     vertex -1.000000e+01  2.623053e+01 -3.788155e+00
   endloop
 endfacet
 facet normal -0.000000e+00 -6.333986e-01 -7.738257e-01
   outer loop
     vertex  4.000000e+00  2.623053e+01 -3.788155e+00
     vertex  4.000000e+00  2.582926e+01 -3.459705e+00
     vertex -1.000000e+01  2.623053e+01 -3.788155e+00
   endloop
 endfacet
 facet normal  0.000000e+00 -6.119310e-01 -7.909112e-01
   outer loop
     vertex  4.000000e+00  2.664066e+01 -4.105473e+00
     vertex  4.000000e+00  2.623053e+01 -3.788155e+00
     vertex -1.000000e+01  2.623053e+01 -3.788155e+00
   endloop
 endfacet
 facet normal -0.000000e+00 -6.119310e-01 -7.909112e-01
   outer loop
     vertex  4.000000e+00  2.664066e+01 -4.105473e+00
     vertex -1.000000e+01  2.623053e+01 -3.788155e+00
     vertex -1.000000e+01  2.664066e+01 -4.105473e+00
   endloop
 endfacet
 facet normal -0.000000e+00 -5.900028e-01 -8.074012e-01
   outer loop
     vertex  4.000000e+00  2.705934e+01 -4.411421e+00
     vertex -1.000000e+01  2.664066e+01 -4.105473e+00
     vertex -1.000000e+01  2.705934e+01 -4.411421e+00
   endloop
 endfacet
 facet normal -0.000000e+00 -5.676304e-01 -8.232835e-01
   outer loop
     vertex  4.000000e+00  2.705934e+01 -4.411421e+00
     vertex -1.000000e+01  2.705934e+01 -4.411421e+00
     vertex -1.000000e+01  2.748625e+01 -4.705767e+00
   endloop
 endfacet
 facet normal  0.000000e+00 -5.900028e-01 -8.074012e-01
   outer loop
     vertex  4.000000e+00  2.705934e+01 -4.411421e+00
     vertex  4.000000e+00  2.664066e+01 -4.105473e+00
     vertex -1.000000e+01  2.664066e+01 -4.105473e+00
   endloop
 endfacet
 facet normal -0.000000e+00 -5.676304e-01 -8.232835e-01
   outer loop
     vertex  4.000000e+00  2.748625e+01 -4.705767e+00
     vertex  4.000000e+00  2.705934e+01 -4.411421e+00
     vertex -1.000000e+01  2.748625e+01 -4.705767e+00
   endloop
 endfacet
 facet normal  0.000000e+00 -5.448308e-01 -8.385460e-01
   outer loop
     vertex  4.000000e+00  2.792108e+01 -4.988290e+00
     vertex  4.000000e+00  2.748625e+01 -4.705767e+00
     vertex -1.000000e+01  2.748625e+01 -4.705767e+00
   endloop
 endfacet
 facet normal -0.000000e+00 -5.448308e-01 -8.385460e-01
   outer loop
     vertex  4.000000e+00  2.792108e+01 -4.988290e+00
     vertex -1.000000e+01  2.748625e+01 -4.705767e+00
     vertex -1.000000e+01  2.792108e+01 -4.988290e+00
   endloop
 endfacet
 facet normal -0.000000e+00 -5.216210e-01 -8.531773e-01
   outer loop
     vertex  4.000000e+00  2.836350e+01 -5.258778e+00
     vertex -1.000000e+01  2.792108e+01 -4.988290e+00
     vertex -1.000000e+01  2.836350e+01 -5.258778e+00
   endloop
 endfacet
 facet normal  0.000000e+00 -5.216210e-01 -8.531773e-01
   outer loop
     vertex  4.000000e+00  2.836350e+01 -5.258778e+00
     vertex  4.000000e+00  2.792108e+01 -4.988290e+00
     vertex -1.000000e+01  2.792108e+01 -4.988290e+00
   endloop
 endfacet
 facet normal -0.000000e+00 -4.980186e-01 -8.671664e-01
   outer loop
     vertex  4.000000e+00  2.881317e+01 -5.517026e+00
     vertex -1.000000e+01  2.836350e+01 -5.258778e+00
     vertex -1.000000e+01  2.881317e+01 -5.517026e+00
   endloop
 endfacet
 facet normal -0.000000e+00 -4.740412e-01 -8.805026e-01
   outer loop
     vertex  4.000000e+00  2.881317e+01 -5.517026e+00
     vertex -1.000000e+01  2.881317e+01 -5.517026e+00
     vertex -1.000000e+01  2.926976e+01 -5.762842e+00
   endloop
 endfacet
 facet normal  0.000000e+00 -4.980186e-01 -8.671664e-01
   outer loop
     vertex  4.000000e+00  2.881317e+01 -5.517026e+00
     vertex  4.000000e+00  2.836350e+01 -5.258778e+00
     vertex -1.000000e+01  2.836350e+01 -5.258778e+00
   endloop
 endfacet
 facet normal -0.000000e+00 -4.740412e-01 -8.805026e-01
   outer loop
     vertex  4.000000e+00  2.926976e+01 -5.762842e+00
     vertex  4.000000e+00  2.881317e+01 -5.517026e+00
     vertex -1.000000e+01  2.926976e+01 -5.762842e+00
   endloop
 endfacet
 facet normal -0.000000e+00 -4.497071e-01 -8.931761e-01
   outer loop
     vertex  4.000000e+00  2.973292e+01 -5.996038e+00
     vertex -1.000000e+01  2.926976e+01 -5.762842e+00
     vertex -1.000000e+01  2.973292e+01 -5.996038e+00
   endloop
 endfacet
 facet normal  0.000000e+00 -4.497071e-01 -8.931761e-01
   outer loop
     vertex  4.000000e+00  2.973292e+01 -5.996038e+00
     vertex  4.000000e+00  2.926976e+01 -5.762842e+00
     vertex -1.000000e+01  2.926976e+01 -5.762842e+00
   endloop
 endfacet
 facet normal -0.000000e+00 -4.250344e-01 -9.051772e-01
   outer loop
     vertex  4.000000e+00  3.020230e+01 -6.216441e+00
     vertex -1.000000e+01  2.973292e+01 -5.996038e+00
     vertex -1.000000e+01  3.020230e+01 -6.216441e+00
   endloop
 endfacet
 facet normal  0.000000e+00 -4.250344e-01 -9.051772e-01
   outer loop
     vertex  4.000000e+00  3.020230e+01 -6.216441e+00
     vertex  4.000000e+00  2.973292e+01 -5.996038e+00
     vertex -1.000000e+01  2.973292e+01 -5.996038e+00
   endloop
 endfacet
 facet normal -0.000000e+00 -4.000417e-01 -9.164969e-01
   outer loop
     vertex  4.000000e+00  3.067755e+01 -6.423883e+00
     vertex -1.000000e+01  3.020230e+01 -6.216441e+00
     vertex -1.000000e+01  3.067755e+01 -6.423883e+00
   endloop
 endfacet
 facet normal  0.000000e+00 -4.000417e-01 -9.164969e-01
   outer loop
     vertex  4.000000e+00  3.067755e+01 -6.423883e+00
     vertex  4.000000e+00  3.020230e+01 -6.216441e+00
     vertex -1.000000e+01  3.020230e+01 -6.216441e+00
   endloop
 endfacet
 facet normal -0.000000e+00 -3.747479e-01 -9.271267e-01
   outer loop
     vertex  4.000000e+00  3.115831e+01 -6.618210e+00
     vertex -1.000000e+01  3.067755e+01 -6.423883e+00
     vertex -1.000000e+01  3.115831e+01 -6.618210e+00
   endloop
 endfacet
 facet normal  0.000000e+00 -3.747479e-01 -9.271267e-01
   outer loop
     vertex  4.000000e+00  3.115831e+01 -6.618210e+00
     vertex  4.000000e+00  3.067755e+01 -6.423883e+00
     vertex -1.000000e+01  3.067755e+01 -6.423883e+00
   endloop
 endfacet
 facet normal -0.000000e+00 -3.491720e-01 -9.370586e-01
   outer loop
     vertex  4.000000e+00  3.164423e+01 -6.799274e+00
     vertex -1.000000e+01  3.115831e+01 -6.618210e+00
     vertex -1.000000e+01  3.164423e+01 -6.799274e+00
   endloop
 endfacet
 facet normal  0.000000e+00 -3.491720e-01 -9.370586e-01
   outer loop
     vertex  4.000000e+00  3.164423e+01 -6.799274e+00
     vertex  4.000000e+00  3.115831e+01 -6.618210e+00
     vertex -1.000000e+01  3.115831e+01 -6.618210e+00
   endloop
 endfacet
 facet normal -0.000000e+00 -3.233333e-01 -9.462851e-01
   outer loop
     vertex  4.000000e+00  3.213492e+01 -6.966939e+00
     vertex -1.000000e+01  3.164423e+01 -6.799274e+00
     vertex -1.000000e+01  3.213492e+01 -6.966939e+00
   endloop
 endfacet
 facet normal  0.000000e+00 -3.233333e-01 -9.462851e-01
   outer loop
     vertex  4.000000e+00  3.213492e+01 -6.966939e+00
     vertex  4.000000e+00  3.164423e+01 -6.799274e+00
     vertex -1.000000e+01  3.164423e+01 -6.799274e+00
   endloop
 endfacet
 facet normal -0.000000e+00 -2.972512e-01 -9.547993e-01
   outer loop
     vertex  4.000000e+00  3.263004e+01 -7.121079e+00
     vertex -1.000000e+01  3.213492e+01 -6.966939e+00
     vertex -1.000000e+01  3.263004e+01 -7.121079e+00
   endloop
 endfacet
 facet normal  0.000000e+00 -2.972512e-01 -9.547993e-01
   outer loop
     vertex  4.000000e+00  3.263004e+01 -7.121079e+00
     vertex  4.000000e+00  3.213492e+01 -6.966939e+00
     vertex -1.000000e+01  3.213492e+01 -6.966939e+00
   endloop
 endfacet
 facet normal -0.000000e+00 -2.709453e-01 -9.625948e-01
   outer loop
     vertex  4.000000e+00  3.312919e+01 -7.261578e+00
     vertex -1.000000e+01  3.263004e+01 -7.121079e+00
     vertex -1.000000e+01  3.312919e+01 -7.261578e+00
   endloop
 endfacet
 facet normal  0.000000e+00 -2.709453e-01 -9.625948e-01
   outer loop
     vertex  4.000000e+00  3.312919e+01 -7.261578e+00
     vertex  4.000000e+00  3.263004e+01 -7.121079e+00
     vertex -1.000000e+01  3.263004e+01 -7.121079e+00
   endloop
 endfacet
 facet normal -0.000000e+00 -2.444354e-01 -9.696656e-01
   outer loop
     vertex  4.000000e+00  3.363202e+01 -7.388331e+00
     vertex -1.000000e+01  3.312919e+01 -7.261578e+00
     vertex -1.000000e+01  3.363202e+01 -7.388331e+00
   endloop
 endfacet
 facet normal -0.000000e+00 -2.177416e-01 -9.760065e-01
   outer loop
     vertex  4.000000e+00  3.363202e+01 -7.388331e+00
     vertex -1.000000e+01  3.363202e+01 -7.388331e+00
     vertex -1.000000e+01  3.413813e+01 -7.501241e+00
   endloop
 endfacet
 facet normal  0.000000e+00 -2.444354e-01 -9.696656e-01
   outer loop
     vertex  4.000000e+00  3.363202e+01 -7.388331e+00
     vertex  4.000000e+00  3.312919e+01 -7.261578e+00
     vertex -1.000000e+01  3.312919e+01 -7.261578e+00
   endloop
 endfacet
 facet normal -0.000000e+00 -2.177416e-01 -9.760065e-01
   outer loop
     vertex  4.000000e+00  3.413813e+01 -7.501241e+00
     vertex  4.000000e+00  3.363202e+01 -7.388331e+00
     vertex -1.000000e+01  3.413813e+01 -7.501241e+00
   endloop
 endfacet
 facet normal -0.000000e+00 -1.908838e-01 -9.816126e-01
   outer loop
     vertex  4.000000e+00  3.464714e+01 -7.600225e+00
     vertex -1.000000e+01  3.413813e+01 -7.501241e+00
     vertex -1.000000e+01  3.464714e+01 -7.600225e+00
   endloop
 endfacet
 facet normal  0.000000e+00 -1.908838e-01 -9.816126e-01
   outer loop
     vertex  4.000000e+00  3.464714e+01 -7.600225e+00
     vertex  4.000000e+00  3.413813e+01 -7.501241e+00
     vertex -1.000000e+01  3.413813e+01 -7.501241e+00
   endloop
 endfacet
 facet normal -0.000000e+00 -1.638824e-01 -9.864799e-01
   outer loop
     vertex  4.000000e+00  3.515869e+01 -7.685206e+00
     vertex -1.000000e+01  3.464714e+01 -7.600225e+00
     vertex -1.000000e+01  3.515869e+01 -7.685206e+00
   endloop
 endfacet
 facet normal  0.000000e+00 -1.638824e-01 -9.864799e-01
   outer loop
     vertex  4.000000e+00  3.515869e+01 -7.685206e+00
     vertex  4.000000e+00  3.464714e+01 -7.600225e+00
     vertex -1.000000e+01  3.464714e+01 -7.600225e+00
   endloop
 endfacet
 facet normal -0.000000e+00 -1.367575e-01 -9.906046e-01
   outer loop
     vertex  4.000000e+00  3.567237e+01 -7.756122e+00
     vertex -1.000000e+01  3.515869e+01 -7.685206e+00
     vertex -1.000000e+01  3.567237e+01 -7.756122e+00
   endloop
 endfacet
 facet normal  0.000000e+00 -1.367575e-01 -9.906046e-01
   outer loop
     vertex  4.000000e+00  3.567237e+01 -7.756122e+00
     vertex  4.000000e+00  3.515869e+01 -7.685206e+00
     vertex -1.000000e+01  3.515869e+01 -7.685206e+00
   endloop
 endfacet
 facet normal  0.000000e+00 -1.095298e-01 -9.939835e-01
   outer loop
     vertex  4.000000e+00  3.618780e+01 -7.812919e+00
     vertex  4.000000e+00  3.567237e+01 -7.756122e+00
     vertex -1.000000e+01  3.567237e+01 -7.756122e+00
   endloop
 endfacet
 facet normal -0.000000e+00 -1.095298e-01 -9.939835e-01
   outer loop
     vertex  4.000000e+00  3.618780e+01 -7.812919e+00
     vertex -1.000000e+01  3.567237e+01 -7.756122e+00
     vertex -1.000000e+01  3.618780e+01 -7.812919e+00
   endloop
 endfacet
 facet normal  0.000000e+00 -8.221955e-02 -9.966142e-01
   outer loop
     vertex  4.000000e+00  3.670459e+01 -7.855554e+00
     vertex  4.000000e+00  3.618780e+01 -7.812919e+00
     vertex -1.000000e+01  3.618780e+01 -7.812919e+00
   endloop
 endfacet
 facet normal -0.000000e+00 -8.221955e-02 -9.966142e-01
   outer loop
     vertex  4.000000e+00  3.670459e+01 -7.855554e+00
     vertex -1.000000e+01  3.618780e+01 -7.812919e+00
     vertex -1.000000e+01  3.670459e+01 -7.855554e+00
   endloop
 endfacet
 facet normal -0.000000e+00 -5.484744e-02 -9.984947e-01
   outer loop
     vertex  4.000000e+00  3.670459e+01 -7.855554e+00
     vertex -1.000000e+01  3.670459e+01 -7.855554e+00
     vertex -1.000000e+01  3.722237e+01 -7.883996e+00
   endloop
 endfacet
 facet normal -0.000000e+00 -5.484744e-02 -9.984947e-01
   outer loop
     vertex  4.000000e+00  3.722237e+01 -7.883996e+00
     vertex  4.000000e+00  3.670459e+01 -7.855554e+00
     vertex -1.000000e+01  3.722237e+01 -7.883996e+00
   endloop
 endfacet
 facet normal  0.000000e+00 -2.743405e-02 -9.996236e-01
   outer loop
     vertex  4.000000e+00  3.774072e+01 -7.898222e+00
     vertex  4.000000e+00  3.722237e+01 -7.883996e+00
     vertex -1.000000e+01  3.722237e+01 -7.883996e+00
   endloop
 endfacet
 facet normal -0.000000e+00 -2.743405e-02 -9.996236e-01
   outer loop
     vertex  4.000000e+00  3.774072e+01 -7.898222e+00
     vertex -1.000000e+01  3.722237e+01 -7.883996e+00
     vertex -1.000000e+01  3.774072e+01 -7.898222e+00
   endloop
 endfacet
 facet normal  0.000000e+00 -0.000000e+00 -1.000000e+00
   outer loop
     vertex  4.000000e+00  3.825928e+01 -7.898222e+00
     vertex  4.000000e+00  3.774072e+01 -7.898222e+00
     vertex -1.000000e+01  3.774072e+01 -7.898222e+00
   endloop
 endfacet
 facet normal -0.000000e+00  0.000000e+00 -1.000000e+00
   outer loop
     vertex  4.000000e+00  3.825928e+01 -7.898222e+00
     vertex -1.000000e+01  3.774072e+01 -7.898222e+00
     vertex -1.000000e+01  3.825928e+01 -7.898222e+00
   endloop
 endfacet
 facet normal  0.000000e+00  2.743405e-02 -9.996236e-01
   outer loop
     vertex  4.000000e+00  3.877763e+01 -7.883996e+00
     vertex  4.000000e+00  3.825928e+01 -7.898222e+00
     vertex -1.000000e+01  3.825928e+01 -7.898222e+00
   endloop
 endfacet
 facet normal  0.000000e+00  2.743405e-02 -9.996236e-01
   outer loop
     vertex  4.000000e+00  3.877763e+01 -7.883996e+00
     vertex -1.000000e+01  3.825928e+01 -7.898222e+00
     vertex -1.000000e+01  3.877763e+01 -7.883996e+00
   endloop
 endfacet
 facet normal  0.000000e+00  5.484744e-02 -9.984947e-01
   outer loop
     vertex  4.000000e+00  3.929541e+01 -7.855554e+00
     vertex  4.000000e+00  3.877763e+01 -7.883996e+00
     vertex -1.000000e+01  3.877763e+01 -7.883996e+00
   endloop
 endfacet
 facet normal  0.000000e+00  5.484744e-02 -9.984947e-01
   outer loop
     vertex  4.000000e+00  3.929541e+01 -7.855554e+00
     vertex -1.000000e+01  3.877763e+01 -7.883996e+00
     vertex -1.000000e+01  3.929541e+01 -7.855554e+00
   endloop
 endfacet
 facet normal  0.000000e+00  8.221955e-02 -9.966142e-01
   outer loop
     vertex  4.000000e+00  3.981220e+01 -7.812919e+00
     vertex  4.000000e+00  3.929541e+01 -7.855554e+00
     vertex -1.000000e+01  3.929541e+01 -7.855554e+00
   endloop
 endfacet
 facet normal  0.000000e+00  8.221955e-02 -9.966142e-01
   outer loop
     vertex  4.000000e+00  3.981220e+01 -7.812919e+00
     vertex -1.000000e+01  3.929541e+01 -7.855554e+00
     vertex -1.000000e+01  3.981220e+01 -7.812919e+00
   endloop
 endfacet
 facet normal  0.000000e+00  1.095298e-01 -9.939835e-01
   outer loop
     vertex  4.000000e+00  4.032763e+01 -7.756122e+00
     vertex  4.000000e+00  3.981220e+01 -7.812919e+00
     vertex -1.000000e+01  3.981220e+01 -7.812919e+00
   endloop
 endfacet
 facet normal  0.000000e+00  1.095298e-01 -9.939835e-01
   outer loop
     vertex  4.000000e+00  4.032763e+01 -7.756122e+00
     vertex -1.000000e+01  3.981220e+01 -7.812919e+00
     vertex -1.000000e+01  4.032763e+01 -7.756122e+00
   endloop
 endfacet
 facet normal  0.000000e+00  1.367575e-01 -9.906046e-01
   outer loop
     vertex  4.000000e+00  4.032763e+01 -7.756122e+00
     vertex -1.000000e+01  4.032763e+01 -7.756122e+00
     vertex -1.000000e+01  4.084131e+01 -7.685206e+00
   endloop
 endfacet
 facet normal  0.000000e+00  1.367575e-01 -9.906046e-01
   outer loop
     vertex  4.000000e+00  4.084131e+01 -7.685206e+00
     vertex  4.000000e+00  4.032763e+01 -7.756122e+00
     vertex -1.000000e+01  4.084131e+01 -7.685206e+00
   endloop
 endfacet
 facet normal  0.000000e+00  1.638824e-01 -9.864799e-01
   outer loop
     vertex  4.000000e+00  4.135286e+01 -7.600225e+00
     vertex  4.000000e+00  4.084131e+01 -7.685206e+00
     vertex -1.000000e+01  4.084131e+01 -7.685206e+00
   endloop
 endfacet
 facet normal  0.000000e+00  1.638824e-01 -9.864799e-01
   outer loop
     vertex  4.000000e+00  4.135286e+01 -7.600225e+00
     vertex -1.000000e+01  4.084131e+01 -7.685206e+00
     vertex -1.000000e+01  4.135286e+01 -7.600225e+00
   endloop
 endfacet
 facet normal  0.000000e+00  1.908838e-01 -9.816126e-01
   outer loop
     vertex  4.000000e+00  4.186187e+01 -7.501241e+00
     vertex  4.000000e+00  4.135286e+01 -7.600225e+00
     vertex -1.000000e+01  4.135286e+01 -7.600225e+00
   endloop
 endfacet
 facet normal  0.000000e+00  1.908838e-01 -9.816126e-01
   outer loop
     vertex  4.000000e+00  4.186187e+01 -7.501241e+00
     vertex -1.000000e+01  4.135286e+01 -7.600225e+00
     vertex -1.000000e+01  4.186187e+01 -7.501241e+00
   endloop
 endfacet
 facet normal  0.000000e+00  2.177416e-01 -9.760065e-01
   outer loop
     vertex  4.000000e+00  4.236798e+01 -7.388331e+00
     vertex -1.000000e+01  4.186187e+01 -7.501241e+00
     vertex -1.000000e+01  4.236798e+01 -7.388331e+00
   endloop
 endfacet
 facet normal  0.000000e+00  2.177416e-01 -9.760065e-01
   outer loop
     vertex  4.000000e+00  4.236798e+01 -7.388331e+00
     vertex  4.000000e+00  4.186187e+01 -7.501241e+00
     vertex -1.000000e+01  4.186187e+01 -7.501241e+00
   endloop
 endfacet
 facet normal  0.000000e+00  2.444354e-01 -9.696656e-01
   outer loop
     vertex  4.000000e+00  4.236798e+01 -7.388331e+00
     vertex -1.000000e+01  4.236798e+01 -7.388331e+00
     vertex -1.000000e+01  4.287081e+01 -7.261578e+00
   endloop
 endfacet
 facet normal  0.000000e+00  2.444354e-01 -9.696656e-01
   outer loop
     vertex  4.000000e+00  4.287081e+01 -7.261578e+00
     vertex  4.000000e+00  4.236798e+01 -7.388331e+00
     vertex -1.000000e+01  4.287081e+01 -7.261578e+00
   endloop
 endfacet
 facet normal  0.000000e+00  2.709453e-01 -9.625948e-01
   outer loop
     vertex  4.000000e+00  4.336996e+01 -7.121079e+00
     vertex -1.000000e+01  4.287081e+01 -7.261578e+00
     vertex -1.000000e+01  4.336996e+01 -7.121079e+00
   endloop
 endfacet
 facet normal  0.000000e+00  2.709453e-01 -9.625948e-01
   outer loop
     vertex  4.000000e+00  4.336996e+01 -7.121079e+00
     vertex  4.000000e+00  4.287081e+01 -7.261578e+00
     vertex -1.000000e+01  4.287081e+01 -7.261578e+00
   endloop
 endfacet
 facet normal  0.000000e+00  2.972512e-01 -9.547993e-01
   outer loop
     vertex  4.000000e+00  4.386508e+01 -6.966939e+00
     vertex -1.000000e+01  4.336996e+01 -7.121079e+00
     vertex -1.000000e+01  4.386508e+01 -6.966939e+00
   endloop
 endfacet
 facet normal  0.000000e+00  2.972512e-01 -9.547993e-01
   outer loop
     vertex  4.000000e+00  4.386508e+01 -6.966939e+00
     vertex  4.000000e+00  4.336996e+01 -7.121079e+00
     vertex -1.000000e+01  4.336996e+01 -7.121079e+00
   endloop
 endfacet
 facet normal  0.000000e+00  3.233333e-01 -9.462851e-01
   outer loop
     vertex  4.000000e+00  4.435577e+01 -6.799274e+00
     vertex -1.000000e+01  4.386508e+01 -6.966939e+00
     vertex -1.000000e+01  4.435577e+01 -6.799274e+00
   endloop
 endfacet
 facet normal  0.000000e+00  3.233333e-01 -9.462851e-01
   outer loop
     vertex  4.000000e+00  4.435577e+01 -6.799274e+00
     vertex  4.000000e+00  4.386508e+01 -6.966939e+00
     vertex -1.000000e+01  4.386508e+01 -6.966939e+00
   endloop
 endfacet
 facet normal  0.000000e+00  3.491720e-01 -9.370586e-01
   outer loop
     vertex  4.000000e+00  4.484169e+01 -6.618210e+00
     vertex -1.000000e+01  4.435577e+01 -6.799274e+00
     vertex -1.000000e+01  4.484169e+01 -6.618210e+00
   endloop
 endfacet
 facet normal  0.000000e+00  3.491720e-01 -9.370586e-01
   outer loop
     vertex  4.000000e+00  4.484169e+01 -6.618210e+00
     vertex  4.000000e+00  4.435577e+01 -6.799274e+00
     vertex -1.000000e+01  4.435577e+01 -6.799274e+00
   endloop
 endfacet
 facet normal  0.000000e+00  3.747479e-01 -9.271267e-01
   outer loop
     vertex  4.000000e+00  4.532245e+01 -6.423883e+00
     vertex -1.000000e+01  4.484169e+01 -6.618210e+00
     vertex -1.000000e+01  4.532245e+01 -6.423883e+00
   endloop
 endfacet
 facet normal  0.000000e+00  3.747479e-01 -9.271267e-01
   outer loop
     vertex  4.000000e+00  4.532245e+01 -6.423883e+00
     vertex  4.000000e+00  4.484169e+01 -6.618210e+00
     vertex -1.000000e+01  4.484169e+01 -6.618210e+00
   endloop
 endfacet
 facet normal  0.000000e+00  4.000417e-01 -9.164969e-01
   outer loop
     vertex  4.000000e+00  4.579770e+01 -6.216441e+00
     vertex -1.000000e+01  4.532245e+01 -6.423883e+00
     vertex -1.000000e+01  4.579770e+01 -6.216441e+00
   endloop
 endfacet
 facet normal  0.000000e+00  4.000417e-01 -9.164969e-01
   outer loop
     vertex  4.000000e+00  4.579770e+01 -6.216441e+00
     vertex  4.000000e+00  4.532245e+01 -6.423883e+00
     vertex -1.000000e+01  4.532245e+01 -6.423883e+00
   endloop
 endfacet
 facet normal  0.000000e+00  4.250344e-01 -9.051772e-01
   outer loop
     vertex  4.000000e+00  4.626708e+01 -5.996038e+00
     vertex -1.000000e+01  4.579770e+01 -6.216441e+00
     vertex -1.000000e+01  4.626708e+01 -5.996038e+00
   endloop
 endfacet
 facet normal  0.000000e+00  4.250344e-01 -9.051772e-01
   outer loop
     vertex  4.000000e+00  4.626708e+01 -5.996038e+00
     vertex  4.000000e+00  4.579770e+01 -6.216441e+00
     vertex -1.000000e+01  4.579770e+01 -6.216441e+00
   endloop
 endfacet
 facet normal  0.000000e+00  4.497071e-01 -8.931761e-01
   outer loop
     vertex  4.000000e+00  4.673024e+01 -5.762842e+00
     vertex -1.000000e+01  4.626708e+01 -5.996038e+00
     vertex -1.000000e+01  4.673024e+01 -5.762842e+00
   endloop
 endfacet
 facet normal  0.000000e+00  4.497071e-01 -8.931761e-01
   outer loop
     vertex  4.000000e+00  4.673024e+01 -5.762842e+00
     vertex  4.000000e+00  4.626708e+01 -5.996038e+00
     vertex -1.000000e+01  4.626708e+01 -5.996038e+00
   endloop
 endfacet
 facet normal  0.000000e+00  4.740412e-01 -8.805026e-01
   outer loop
     vertex  4.000000e+00  4.718683e+01 -5.517026e+00
     vertex -1.000000e+01  4.673024e+01 -5.762842e+00
     vertex -1.000000e+01  4.718683e+01 -5.517026e+00
   endloop
 endfacet
 facet normal  0.000000e+00  4.740412e-01 -8.805026e-01
   outer loop
     vertex  4.000000e+00  4.718683e+01 -5.517026e+00
     vertex  4.000000e+00  4.673024e+01 -5.762842e+00
     vertex -1.000000e+01  4.673024e+01 -5.762842e+00
   endloop
 endfacet
 facet normal  0.000000e+00  4.980186e-01 -8.671664e-01
   outer loop
     vertex  4.000000e+00  4.763650e+01 -5.258778e+00
     vertex -1.000000e+01  4.718683e+01 -5.517026e+00
     vertex -1.000000e+01  4.763650e+01 -5.258778e+00
   endloop
 endfacet
 facet normal  0.000000e+00  4.980186e-01 -8.671664e-01
   outer loop
     vertex  4.000000e+00  4.763650e+01 -5.258778e+00
     vertex  4.000000e+00  4.718683e+01 -5.517026e+00
     vertex -1.000000e+01  4.718683e+01 -5.517026e+00
   endloop
 endfacet
 facet normal  0.000000e+00  5.216210e-01 -8.531773e-01
   outer loop
     vertex  4.000000e+00  4.807892e+01 -4.988290e+00
     vertex -1.000000e+01  4.763650e+01 -5.258778e+00
     vertex -1.000000e+01  4.807892e+01 -4.988290e+00
   endloop
 endfacet
 facet normal  0.000000e+00  5.216210e-01 -8.531773e-01
   outer loop
     vertex  4.000000e+00  4.807892e+01 -4.988290e+00
     vertex  4.000000e+00  4.763650e+01 -5.258778e+00
     vertex -1.000000e+01  4.763650e+01 -5.258778e+00
   endloop
 endfacet
 facet normal  0.000000e+00  5.448308e-01 -8.385460e-01
   outer loop
     vertex  4.000000e+00  4.851375e+01 -4.705767e+00
     vertex -1.000000e+01  4.807892e+01 -4.988290e+00
     vertex -1.000000e+01  4.851375e+01 -4.705767e+00
   endloop
 endfacet
 facet normal  0.000000e+00  5.448308e-01 -8.385460e-01
   outer loop
     vertex  4.000000e+00  4.851375e+01 -4.705767e+00
     vertex  4.000000e+00  4.807892e+01 -4.988290e+00
     vertex -1.000000e+01  4.807892e+01 -4.988290e+00
   endloop
 endfacet
 facet normal  0.000000e+00  5.676304e-01 -8.232835e-01
   outer loop
     vertex  4.000000e+00  4.894066e+01 -4.411421e+00
     vertex  4.000000e+00  4.851375e+01 -4.705767e+00
     vertex -1.000000e+01  4.851375e+01 -4.705767e+00
   endloop
 endfacet
 facet normal  0.000000e+00  5.676304e-01 -8.232835e-01
   outer loop
     vertex  4.000000e+00  4.894066e+01 -4.411421e+00
     vertex -1.000000e+01  4.851375e+01 -4.705767e+00
     vertex -1.000000e+01  4.894066e+01 -4.411421e+00
   endloop
 endfacet
 facet normal  0.000000e+00  5.900028e-01 -8.074012e-01
   outer loop
     vertex  4.000000e+00  4.935934e+01 -4.105473e+00
     vertex  4.000000e+00  4.894066e+01 -4.411421e+00
     vertex -1.000000e+01  4.894066e+01 -4.411421e+00
   endloop
 endfacet
 facet normal  0.000000e+00  5.900028e-01 -8.074012e-01
   outer loop
     vertex  4.000000e+00  4.935934e+01 -4.105473e+00
     vertex -1.000000e+01  4.894066e+01 -4.411421e+00
     vertex -1.000000e+01  4.935934e+01 -4.105473e+00
   endloop
 endfacet
 facet normal  0.000000e+00  6.119310e-01 -7.909112e-01
   outer loop
     vertex  4.000000e+00  4.976947e+01 -3.788155e+00
     vertex  4.000000e+00  4.935934e+01 -4.105473e+00
     vertex -1.000000e+01  4.935934e+01 -4.105473e+00
   endloop
 endfacet
 facet normal  0.000000e+00  6.119310e-01 -7.909112e-01
   outer loop
     vertex  4.000000e+00  4.976947e+01 -3.788155e+00
     vertex -1.000000e+01  4.935934e+01 -4.105473e+00
     vertex -1.000000e+01  4.976947e+01 -3.788155e+00
   endloop
 endfacet
 facet normal  0.000000e+00  6.333986e-01 -7.738257e-01
   outer loop
     vertex  4.000000e+00  5.017074e+01 -3.459705e+00
     vertex  4.000000e+00  4.976947e+01 -3.788155e+00
     vertex -1.000000e+01  4.976947e+01 -3.788155e+00
   endloop
 endfacet
 facet normal  0.000000e+00  6.333986e-01 -7.738257e-01
   outer loop
     vertex  4.000000e+00  5.017074e+01 -3.459705e+00
     vertex -1.000000e+01  4.976947e+01 -3.788155e+00
     vertex -1.000000e+01  5.017074e+01 -3.459705e+00
   endloop
 endfacet
 facet normal  0.000000e+00  6.543893e-01 -7.561578e-01
   outer loop
     vertex  4.000000e+00  5.056285e+01 -3.120370e+00
     vertex  4.000000e+00  5.017074e+01 -3.459705e+00
     vertex -1.000000e+01  5.017074e+01 -3.459705e+00
   endloop
 endfacet
 facet normal  0.000000e+00  6.543893e-01 -7.561578e-01
   outer loop
     vertex  4.000000e+00  5.056285e+01 -3.120370e+00
     vertex -1.000000e+01  5.017074e+01 -3.459705e+00
     vertex -1.000000e+01  5.056285e+01 -3.120370e+00
   endloop
 endfacet
 facet normal  0.000000e+00  6.748875e-01 -7.379206e-01
   outer loop
     vertex  4.000000e+00  5.094550e+01 -2.770405e+00
     vertex  4.000000e+00  5.056285e+01 -3.120370e+00
     vertex -1.000000e+01  5.056285e+01 -3.120370e+00
   endloop
 endfacet
 facet normal  0.000000e+00  6.748875e-01 -7.379206e-01
   outer loop
     vertex  4.000000e+00  5.094550e+01 -2.770405e+00
     vertex -1.000000e+01  5.056285e+01 -3.120370e+00
     vertex -1.000000e+01  5.094550e+01 -2.770405e+00
   endloop
 endfacet
 facet normal  0.000000e+00  6.948776e-01 -7.191280e-01
   outer loop
     vertex  4.000000e+00  5.131840e+01 -2.410075e+00
     vertex  4.000000e+00  5.094550e+01 -2.770405e+00
     vertex -1.000000e+01  5.094550e+01 -2.770405e+00
   endloop
 endfacet
 facet normal  0.000000e+00  6.948776e-01 -7.191280e-01
   outer loop
     vertex  4.000000e+00  5.131840e+01 -2.410075e+00
     vertex -1.000000e+01  5.094550e+01 -2.770405e+00
     vertex -1.000000e+01  5.131840e+01 -2.410075e+00
   endloop
 endfacet
 facet normal  0.000000e+00  7.143447e-01 -6.997940e-01
   outer loop
     vertex  4.000000e+00  5.168128e+01 -2.039650e+00
     vertex  4.000000e+00  5.131840e+01 -2.410075e+00
     vertex -1.000000e+01  5.131840e+01 -2.410075e+00
   endloop
 endfacet
 facet normal  0.000000e+00  7.143447e-01 -6.997940e-01
   outer loop
     vertex  4.000000e+00  5.168128e+01 -2.039650e+00
     vertex -1.000000e+01  5.131840e+01 -2.410075e+00
     vertex -1.000000e+01  5.168128e+01 -2.039650e+00
   endloop
 endfacet
 facet normal  0.000000e+00  7.332740e-01 -6.799333e-01
   outer loop
     vertex  4.000000e+00  5.203386e+01 -1.659409e+00
     vertex  4.000000e+00  5.168128e+01 -2.039650e+00
     vertex -1.000000e+01  5.168128e+01 -2.039650e+00
   endloop
 endfacet
 facet normal  0.000000e+00  7.332740e-01 -6.799333e-01
   outer loop
     vertex  4.000000e+00  5.203386e+01 -1.659409e+00
     vertex -1.000000e+01  5.168128e+01 -2.039650e+00
     vertex -1.000000e+01  5.203386e+01 -1.659409e+00
   endloop
 endfacet
 facet normal  0.000000e+00  7.516513e-01 -6.595607e-01
   outer loop
     vertex  4.000000e+00  5.237588e+01 -1.269638e+00
     vertex  4.000000e+00  5.203386e+01 -1.659409e+00
     vertex -1.000000e+01  5.203386e+01 -1.659409e+00
   endloop
 endfacet
 facet normal  0.000000e+00  7.516513e-01 -6.595607e-01
   outer loop
     vertex  4.000000e+00  5.237588e+01 -1.269638e+00
     vertex -1.000000e+01  5.203386e+01 -1.659409e+00
     vertex -1.000000e+01  5.237588e+01 -1.269638e+00
   endloop
 endfacet
 facet normal  0.000000e+00  7.694628e-01 -6.386916e-01
   outer loop
     vertex  4.000000e+00  5.270708e+01 -8.706316e-01
     vertex  4.000000e+00  5.237588e+01 -1.269638e+00
     vertex -1.000000e+01  5.237588e+01 -1.269638e+00
   endloop
 endfacet
 facet normal  0.000000e+00  7.694628e-01 -6.386916e-01
   outer loop
     vertex  4.000000e+00  5.270708e+01 -8.706316e-01
     vertex -1.000000e+01  5.237588e+01 -1.269638e+00
     vertex -1.000000e+01  5.270708e+01 -8.706316e-01
   endloop
 endfacet
 facet normal  0.000000e+00  7.866951e-01 -6.173417e-01
   outer loop
     vertex  4.000000e+00  5.302720e+01 -4.626891e-01
     vertex  4.000000e+00  5.270708e+01 -8.706316e-01
     vertex -1.000000e+01  5.270708e+01 -8.706316e-01
   endloop
 endfacet
 facet normal  0.000000e+00  7.866951e-01 -6.173417e-01
   outer loop
     vertex  4.000000e+00  5.302720e+01 -4.626891e-01
     vertex -1.000000e+01  5.270708e+01 -8.706316e-01
     vertex -1.000000e+01  5.302720e+01 -4.626891e-01
   endloop
 endfacet
 facet normal  0.000000e+00  8.033352e-01 -5.955271e-01
   outer loop
     vertex  4.000000e+00  5.333601e+01 -4.611774e-02
     vertex  4.000000e+00  5.302720e+01 -4.626891e-01
     vertex -1.000000e+01  5.302720e+01 -4.626891e-01
   endloop
 endfacet
 facet normal  0.000000e+00  8.033352e-01 -5.955271e-01
   outer loop
     vertex  4.000000e+00  5.333601e+01 -4.611774e-02
     vertex -1.000000e+01  5.302720e+01 -4.626891e-01
     vertex -1.000000e+01  5.333601e+01 -4.611774e-02
   endloop
 endfacet
 facet normal  0.000000e+00  8.193706e-01 -5.732642e-01
   outer loop
     vertex  4.000000e+00  5.363328e+01  3.787687e-01
     vertex  4.000000e+00  5.333601e+01 -4.611774e-02
     vertex -1.000000e+01  5.333601e+01 -4.611774e-02
   endloop
 endfacet
 facet normal  0.000000e+00  8.193706e-01 -5.732642e-01
   outer loop
     vertex  4.000000e+00  5.363328e+01  3.787687e-01
     vertex -1.000000e+01  5.333601e+01 -4.611774e-02
     vertex -1.000000e+01  5.363328e+01  3.787687e-01
   endloop
 endfacet
 facet normal  0.000000e+00  8.347891e-01 -5.505698e-01
   outer loop
     vertex  4.000000e+00  5.391878e+01  8.116506e-01
     vertex  4.000000e+00  5.363328e+01  3.787687e-01
     vertex -1.000000e+01  5.363328e+01  3.787687e-01
   endloop
 endfacet
 facet normal  0.000000e+00  8.347891e-01 -5.505698e-01
   outer loop
     vertex  4.000000e+00  5.391878e+01  8.116506e-01
     vertex -1.000000e+01  5.363328e+01  3.787687e-01
     vertex -1.000000e+01  5.391878e+01  8.116506e-01
   endloop
 endfacet
 facet normal  0.000000e+00  8.495793e-01 -5.274609e-01
   outer loop
     vertex  4.000000e+00  5.391878e+01  8.116506e-01
     vertex -1.000000e+01  5.391878e+01  8.116506e-01
     vertex -1.000000e+01  5.419230e+01  1.252202e+00
   endloop
 endfacet
 facet normal  0.000000e+00  8.495793e-01 -5.274609e-01
   outer loop
     vertex  4.000000e+00  5.419230e+01  1.252202e+00
     vertex  4.000000e+00  5.391878e+01  8.116506e-01
     vertex -1.000000e+01  5.419230e+01  1.252202e+00
   endloop
 endfacet
 facet normal  0.000000e+00  8.637299e-01 -5.039550e-01
   outer loop
     vertex  4.000000e+00  5.445362e+01  1.700091e+00
     vertex  4.000000e+00  5.419230e+01  1.252202e+00
     vertex -1.000000e+01  5.419230e+01  1.252202e+00
   endloop
 endfacet
 facet normal  0.000000e+00  8.637299e-01 -5.039550e-01
   outer loop
     vertex  4.000000e+00  5.445362e+01  1.700091e+00
     vertex -1.000000e+01  5.419230e+01  1.252202e+00
     vertex -1.000000e+01  5.445362e+01  1.700091e+00
   endloop
 endfacet
 facet normal  0.000000e+00  8.772303e-01 -4.800697e-01
   outer loop
     vertex  4.000000e+00  5.470256e+01  2.154981e+00
     vertex  4.000000e+00  5.445362e+01  1.700091e+00
     vertex -1.000000e+01  5.445362e+01  1.700091e+00
   endloop
 endfacet
 facet normal  0.000000e+00  8.772303e-01 -4.800697e-01
   outer loop
     vertex  4.000000e+00  5.470256e+01  2.154981e+00
     vertex -1.000000e+01  5.445362e+01  1.700091e+00
     vertex -1.000000e+01  5.470256e+01  2.154981e+00
   endloop
 endfacet
 facet normal  0.000000e+00  8.900704e-01 -4.558231e-01
   outer loop
     vertex  4.000000e+00  5.493893e+01  2.616529e+00
     vertex  4.000000e+00  5.470256e+01  2.154981e+00
     vertex -1.000000e+01  5.470256e+01  2.154981e+00
   endloop
 endfacet
 facet normal  0.000000e+00  8.900704e-01 -4.558231e-01
   outer loop
     vertex  4.000000e+00  5.493893e+01  2.616529e+00
     vertex -1.000000e+01  5.470256e+01  2.154981e+00
     vertex -1.000000e+01  5.493893e+01  2.616529e+00
   endloop
 endfacet
 facet normal  0.000000e+00  9.022405e-01 -4.312333e-01
   outer loop
     vertex  4.000000e+00  5.516255e+01  3.084388e+00
     vertex  4.000000e+00  5.493893e+01  2.616529e+00
     vertex -1.000000e+01  5.493893e+01  2.616529e+00
   endloop
 endfacet
 facet normal  0.000000e+00  9.022405e-01 -4.312333e-01
   outer loop
     vertex  4.000000e+00  5.516255e+01  3.084388e+00
     vertex -1.000000e+01  5.493893e+01  2.616529e+00
     vertex -1.000000e+01  5.516255e+01  3.084388e+00
   endloop
 endfacet
 facet normal  0.000000e+00  9.137314e-01 -4.063188e-01
   outer loop
     vertex  4.000000e+00  5.537325e+01  3.558205e+00
     vertex  4.000000e+00  5.516255e+01  3.084388e+00
     vertex -1.000000e+01  5.516255e+01  3.084388e+00
   endloop
 endfacet
 facet normal  0.000000e+00  9.137314e-01 -4.063188e-01
   outer loop
     vertex  4.000000e+00  5.537325e+01  3.558205e+00
     vertex -1.000000e+01  5.516255e+01  3.084388e+00
     vertex -1.000000e+01  5.537325e+01  3.558205e+00
   endloop
 endfacet
 facet normal  0.000000e+00  9.245344e-01 -3.810986e-01
   outer loop
     vertex  4.000000e+00  5.557087e+01  4.037625e+00
     vertex -1.000000e+01  5.537325e+01  3.558205e+00
     vertex -1.000000e+01  5.557087e+01  4.037625e+00
   endloop
 endfacet
 facet normal  0.000000e+00  9.245344e-01 -3.810986e-01
   outer loop
     vertex  4.000000e+00  5.557087e+01  4.037625e+00
     vertex  4.000000e+00  5.537325e+01  3.558205e+00
     vertex -1.000000e+01  5.537325e+01  3.558205e+00
   endloop
 endfacet
 facet normal  0.000000e+00  9.346415e-01 -3.555914e-01
   outer loop
     vertex  4.000000e+00  5.575526e+01  4.522285e+00
     vertex -1.000000e+01  5.557087e+01  4.037625e+00
     vertex -1.000000e+01  5.575526e+01  4.522285e+00
   endloop
 endfacet
 facet normal  0.000000e+00  9.346415e-01 -3.555914e-01
   outer loop
     vertex  4.000000e+00  5.575526e+01  4.522285e+00
     vertex  4.000000e+00  5.557087e+01  4.037625e+00
     vertex -1.000000e+01  5.557087e+01  4.037625e+00
   endloop
 endfacet
 facet normal  0.000000e+00  9.440450e-01 -3.298166e-01
   outer loop
     vertex  4.000000e+00  5.592629e+01  5.011822e+00
     vertex -1.000000e+01  5.575526e+01  4.522285e+00
     vertex -1.000000e+01  5.592629e+01  5.011822e+00
   endloop
 endfacet
 facet normal  0.000000e+00  9.527379e-01 -3.037934e-01
   outer loop
     vertex  4.000000e+00  5.592629e+01  5.011822e+00
     vertex -1.000000e+01  5.592629e+01  5.011822e+00
     vertex -1.000000e+01  5.608382e+01  5.505866e+00
   endloop
 endfacet
 facet normal  0.000000e+00  9.440450e-01 -3.298166e-01
   outer loop
     vertex  4.000000e+00  5.592629e+01  5.011822e+00
     vertex  4.000000e+00  5.575526e+01  4.522285e+00
     vertex -1.000000e+01  5.575526e+01  4.522285e+00
   endloop
 endfacet
 facet normal  0.000000e+00  9.527379e-01 -3.037934e-01
   outer loop
     vertex  4.000000e+00  5.608382e+01  5.505866e+00
     vertex  4.000000e+00  5.592629e+01  5.011822e+00
     vertex -1.000000e+01  5.608382e+01  5.505866e+00
   endloop
 endfacet
 facet normal  0.000000e+00  9.607136e-01 -2.775416e-01
   outer loop
     vertex  4.000000e+00  5.622774e+01  6.004047e+00
     vertex  4.000000e+00  5.608382e+01  5.505866e+00
     vertex -1.000000e+01  5.608382e+01  5.505866e+00
   endloop
 endfacet
 facet normal  0.000000e+00  9.607136e-01 -2.775416e-01
   outer loop
     vertex  4.000000e+00  5.622774e+01  6.004047e+00
     vertex -1.000000e+01  5.608382e+01  5.505866e+00
     vertex -1.000000e+01  5.622774e+01  6.004047e+00
   endloop
 endfacet
 facet normal  0.000000e+00  9.679661e-01 -2.510809e-01
   outer loop
     vertex  4.000000e+00  5.635794e+01  6.505988e+00
     vertex  4.000000e+00  5.622774e+01  6.004047e+00
     vertex -1.000000e+01  5.622774e+01  6.004047e+00
   endloop
 endfacet
 facet normal  0.000000e+00  9.679661e-01 -2.510809e-01
   outer loop
     vertex  4.000000e+00  5.635794e+01  6.505988e+00
     vertex -1.000000e+01  5.622774e+01  6.004047e+00
     vertex -1.000000e+01  5.635794e+01  6.505988e+00
   endloop
 endfacet
 facet normal  0.000000e+00  9.744899e-01 -2.244312e-01
   outer loop
     vertex  4.000000e+00  5.647432e+01  7.011312e+00
     vertex  4.000000e+00  5.635794e+01  6.505988e+00
     vertex -1.000000e+01  5.635794e+01  6.505988e+00
   endloop
 endfacet
 facet normal  0.000000e+00  9.744899e-01 -2.244312e-01
   outer loop
     vertex  4.000000e+00  5.647432e+01  7.011312e+00
     vertex -1.000000e+01  5.635794e+01  6.505988e+00
     vertex -1.000000e+01  5.647432e+01  7.011312e+00
   endloop
 endfacet
 facet normal  0.000000e+00  9.802802e-01 -1.976125e-01
   outer loop
     vertex  4.000000e+00  5.647432e+01  7.011312e+00
     vertex -1.000000e+01  5.647432e+01  7.011312e+00
     vertex -1.000000e+01  5.657679e+01  7.519638e+00
   endloop
 endfacet
 facet normal  0.000000e+00  9.802802e-01 -1.976125e-01
   outer loop
     vertex  4.000000e+00  5.657679e+01  7.519638e+00
     vertex  4.000000e+00  5.647432e+01  7.011312e+00
     vertex -1.000000e+01  5.657679e+01  7.519638e+00
   endloop
 endfacet
 facet normal  0.000000e+00  9.853326e-01 -1.706451e-01
   outer loop
     vertex  4.000000e+00  5.666528e+01  8.030585e+00
     vertex  4.000000e+00  5.657679e+01  7.519638e+00
     vertex -1.000000e+01  5.657679e+01  7.519638e+00
   endloop
 endfacet
 facet normal  0.000000e+00  9.853326e-01 -1.706451e-01
   outer loop
     vertex  4.000000e+00  5.666528e+01  8.030585e+00
     vertex -1.000000e+01  5.657679e+01  7.519638e+00
     vertex -1.000000e+01  5.666528e+01  8.030585e+00
   endloop
 endfacet
 facet normal  0.000000e+00  9.896432e-01 -1.435492e-01
   outer loop
     vertex  4.000000e+00  5.673971e+01  8.543766e+00
     vertex  4.000000e+00  5.666528e+01  8.030585e+00
     vertex -1.000000e+01  5.666528e+01  8.030585e+00
   endloop
 endfacet
 facet normal  0.000000e+00  9.896432e-01 -1.435492e-01
   outer loop
     vertex  4.000000e+00  5.673971e+01  8.543766e+00
     vertex -1.000000e+01  5.666528e+01  8.030585e+00
     vertex -1.000000e+01  5.673971e+01  8.543766e+00
   endloop
 endfacet
 facet normal  0.000000e+00  9.932088e-01 -1.163452e-01
   outer loop
     vertex  4.000000e+00  5.673971e+01  8.543766e+00
     vertex -1.000000e+01  5.673971e+01  8.543766e+00
     vertex -1.000000e+01  5.680005e+01  9.058797e+00
   endloop
 endfacet
 facet normal  0.000000e+00  9.932088e-01 -1.163452e-01
   outer loop
     vertex  4.000000e+00  5.680005e+01  9.058797e+00
     vertex  4.000000e+00  5.673971e+01  8.543766e+00
     vertex -1.000000e+01  5.680005e+01  9.058797e+00
   endloop
 endfacet
 facet normal  0.000000e+00  9.960268e-01 -8.905371e-02
   outer loop
     vertex  4.000000e+00  5.684623e+01  9.575289e+00
     vertex  4.000000e+00  5.680005e+01  9.058797e+00
     vertex -1.000000e+01  5.680005e+01  9.058797e+00
   endloop
 endfacet
 facet normal  0.000000e+00  9.960268e-01 -8.905371e-02
   outer loop
     vertex  4.000000e+00  5.684623e+01  9.575289e+00
     vertex -1.000000e+01  5.680005e+01  9.058797e+00
     vertex -1.000000e+01  5.684623e+01  9.575289e+00
   endloop
 endfacet
 facet normal  0.000000e+00  9.980950e-01 -6.169515e-02
   outer loop
     vertex  4.000000e+00  5.684623e+01  9.575289e+00
     vertex -1.000000e+01  5.684623e+01  9.575289e+00
     vertex -1.000000e+01  5.687822e+01  1.009285e+01
   endloop
 endfacet
 facet normal  0.000000e+00  9.980950e-01 -6.169515e-02
   outer loop
     vertex  4.000000e+00  5.687822e+01  1.009285e+01
     vertex  4.000000e+00  5.684623e+01  9.575289e+00
     vertex -1.000000e+01  5.687822e+01  1.009285e+01
   endloop
 endfacet
 facet normal  0.000000e+00  9.994119e-01 -3.429014e-02
   outer loop
     vertex  4.000000e+00  5.689600e+01  1.061110e+01
     vertex  4.000000e+00  5.687822e+01  1.009285e+01
     vertex -1.000000e+01  5.687822e+01  1.009285e+01
   endloop
 endfacet
 facet normal  0.000000e+00  9.994119e-01 -3.429014e-02
   outer loop
     vertex  4.000000e+00  5.689600e+01  1.061110e+01
     vertex -1.000000e+01  5.687822e+01  1.009285e+01
     vertex -1.000000e+01  5.689600e+01  1.061110e+01
   endloop
 endfacet
 facet normal  0.000000e+00  9.999765e-01 -6.859319e-03
   outer loop
     vertex  4.000000e+00  5.689956e+01  1.112964e+01
     vertex  4.000000e+00  5.689600e+01  1.061110e+01
     vertex -1.000000e+01  5.689600e+01  1.061110e+01
   endloop
 endfacet
 facet normal  0.000000e+00  9.999765e-01 -6.859319e-03
   outer loop
     vertex  4.000000e+00  5.689956e+01  1.112964e+01
     vertex -1.000000e+01  5.689600e+01  1.061110e+01
     vertex -1.000000e+01  5.689956e+01  1.112964e+01
   endloop
 endfacet
 facet normal  0.000000e+00  9.997883e-01  2.057667e-02
   outer loop
     vertex  4.000000e+00  5.689956e+01  1.112964e+01
     vertex -1.000000e+01  5.689956e+01  1.112964e+01
     vertex -1.000000e+01  5.688889e+01  1.164808e+01
   endloop
 endfacet
 facet normal  0.000000e+00  9.988475e-01  4.799716e-02
   outer loop
     vertex  4.000000e+00  5.688889e+01  1.164808e+01
     vertex -1.000000e+01  5.688889e+01  1.164808e+01
     vertex -1.000000e+01  5.686400e+01  1.216604e+01
   endloop
 endfacet
 facet normal  0.000000e+00  9.997883e-01  2.057667e-02
   outer loop
     vertex  4.000000e+00  5.688889e+01  1.164808e+01
     vertex  4.000000e+00  5.689956e+01  1.112964e+01
     vertex -1.000000e+01  5.688889e+01  1.164808e+01
   endloop
 endfacet
 facet normal  0.000000e+00  9.988475e-01  4.799716e-02
   outer loop
     vertex  4.000000e+00  5.686400e+01  1.216604e+01
     vertex  4.000000e+00  5.688889e+01  1.164808e+01
     vertex -1.000000e+01  5.686400e+01  1.216604e+01
   endloop
 endfacet
 facet normal  0.000000e+00  9.971548e-01  7.538152e-02
   outer loop
     vertex  4.000000e+00  5.682491e+01  1.268312e+01
     vertex -1.000000e+01  5.686400e+01  1.216604e+01
     vertex -1.000000e+01  5.682491e+01  1.268312e+01
   endloop
 endfacet
 facet normal  0.000000e+00  9.971548e-01  7.538152e-02
   outer loop
     vertex  4.000000e+00  5.682491e+01  1.268312e+01
     vertex  4.000000e+00  5.686400e+01  1.216604e+01
     vertex -1.000000e+01  5.686400e+01  1.216604e+01
   endloop
 endfacet
 facet normal  0.000000e+00  9.947114e-01  1.027091e-01
   outer loop
     vertex  4.000000e+00  5.677165e+01  1.319893e+01
     vertex -1.000000e+01  5.682491e+01  1.268312e+01
     vertex -1.000000e+01  5.677165e+01  1.319893e+01
   endloop
 endfacet
 facet normal  0.000000e+00  9.915193e-01  1.299594e-01
   outer loop
     vertex  4.000000e+00  5.677165e+01  1.319893e+01
     vertex -1.000000e+01  5.677165e+01  1.319893e+01
     vertex -1.000000e+01  5.670426e+01  1.371308e+01
   endloop
 endfacet
 facet normal  0.000000e+00  9.947114e-01  1.027091e-01
   outer loop
     vertex  4.000000e+00  5.677165e+01  1.319893e+01
     vertex  4.000000e+00  5.682491e+01  1.268312e+01
     vertex -1.000000e+01  5.682491e+01  1.268312e+01
   endloop
 endfacet
 facet normal  0.000000e+00  9.915193e-01  1.299594e-01
   outer loop
     vertex  4.000000e+00  5.670426e+01  1.371308e+01
     vertex  4.000000e+00  5.677165e+01  1.319893e+01
     vertex -1.000000e+01  5.670426e+01  1.371308e+01
   endloop
 endfacet
 facet normal  0.000000e+00  9.875808e-01  1.571119e-01
   outer loop
     vertex  4.000000e+00  5.662279e+01  1.422519e+01
     vertex -1.000000e+01  5.670426e+01  1.371308e+01
     vertex -1.000000e+01  5.662279e+01  1.422519e+01
   endloop
 endfacet
 facet normal  0.000000e+00  9.875808e-01  1.571119e-01
   outer loop
     vertex  4.000000e+00  5.662279e+01  1.422519e+01
     vertex  4.000000e+00  5.670426e+01  1.371308e+01
     vertex -1.000000e+01  5.670426e+01  1.371308e+01
   endloop
 endfacet
 facet normal  0.000000e+00  9.828989e-01  1.841461e-01
   outer loop
     vertex  4.000000e+00  5.652730e+01  1.473488e+01
     vertex -1.000000e+01  5.662279e+01  1.422519e+01
     vertex -1.000000e+01  5.652730e+01  1.473488e+01
   endloop
 endfacet
 facet normal  0.000000e+00  9.828989e-01  1.841461e-01
   outer loop
     vertex  4.000000e+00  5.652730e+01  1.473488e+01
     vertex  4.000000e+00  5.662279e+01  1.422519e+01
     vertex -1.000000e+01  5.662279e+01  1.422519e+01
   endloop
 endfacet
 facet normal  0.000000e+00  9.774771e-01  2.110417e-01
   outer loop
     vertex  4.000000e+00  5.641786e+01  1.524175e+01
     vertex -1.000000e+01  5.652730e+01  1.473488e+01
     vertex -1.000000e+01  5.641786e+01  1.524175e+01
   endloop
 endfacet
 facet normal  0.000000e+00  9.774771e-01  2.110417e-01
   outer loop
     vertex  4.000000e+00  5.641786e+01  1.524175e+01
     vertex  4.000000e+00  5.652730e+01  1.473488e+01
     vertex -1.000000e+01  5.652730e+01  1.473488e+01
   endloop
 endfacet
 facet normal  0.000000e+00  9.713194e-01  2.377784e-01
   outer loop
     vertex  4.000000e+00  5.629456e+01  1.574543e+01
     vertex -1.000000e+01  5.641786e+01  1.524175e+01
     vertex -1.000000e+01  5.629456e+01  1.574543e+01
   endloop
 endfacet
 facet normal  0.000000e+00  9.713194e-01  2.377784e-01
   outer loop
     vertex  4.000000e+00  5.629456e+01  1.574543e+01
     vertex  4.000000e+00  5.641786e+01  1.524175e+01
     vertex -1.000000e+01  5.641786e+01  1.524175e+01
   endloop
 endfacet
 facet normal  0.000000e+00  9.644306e-01  2.643362e-01
   outer loop
     vertex  4.000000e+00  5.615749e+01  1.624554e+01
     vertex -1.000000e+01  5.629456e+01  1.574543e+01
     vertex -1.000000e+01  5.615749e+01  1.624554e+01
   endloop
 endfacet
 facet normal  0.000000e+00  9.644306e-01  2.643362e-01
   outer loop
     vertex  4.000000e+00  5.615749e+01  1.624554e+01
     vertex  4.000000e+00  5.629456e+01  1.574543e+01
     vertex -1.000000e+01  5.629456e+01  1.574543e+01
   endloop
 endfacet
 facet normal  0.000000e+00  9.568158e-01  2.906949e-01
   outer loop
     vertex  4.000000e+00  5.600675e+01  1.674170e+01
     vertex -1.000000e+01  5.615749e+01  1.624554e+01
     vertex -1.000000e+01  5.600675e+01  1.674170e+01
   endloop
 endfacet
 facet normal  0.000000e+00  9.484807e-01  3.168348e-01
   outer loop
     vertex  4.000000e+00  5.600675e+01  1.674170e+01
     vertex -1.000000e+01  5.600675e+01  1.674170e+01
     vertex -1.000000e+01  5.584245e+01  1.723353e+01
   endloop
 endfacet
 facet normal  0.000000e+00  9.568158e-01  2.906949e-01
   outer loop
     vertex  4.000000e+00  5.600675e+01  1.674170e+01
     vertex  4.000000e+00  5.615749e+01  1.624554e+01
     vertex -1.000000e+01  5.615749e+01  1.624554e+01
   endloop
 endfacet
 facet normal  0.000000e+00  9.394317e-01  3.427362e-01
   outer loop
     vertex  4.000000e+00  5.584245e+01  1.723353e+01
     vertex -1.000000e+01  5.584245e+01  1.723353e+01
     vertex -1.000000e+01  5.566472e+01  1.772068e+01
   endloop
 endfacet
 facet normal  0.000000e+00  9.484807e-01  3.168348e-01
   outer loop
     vertex  4.000000e+00  5.584245e+01  1.723353e+01
     vertex  4.000000e+00  5.600675e+01  1.674170e+01
     vertex -1.000000e+01  5.584245e+01  1.723353e+01
   endloop
 endfacet
 facet normal  0.000000e+00  9.394317e-01  3.427362e-01
   outer loop
     vertex  4.000000e+00  5.566472e+01  1.772068e+01
     vertex  4.000000e+00  5.584245e+01  1.723353e+01
     vertex -1.000000e+01  5.566472e+01  1.772068e+01
   endloop
 endfacet
 facet normal  0.000000e+00  9.296754e-01  3.683796e-01
   outer loop
     vertex  4.000000e+00  5.547370e+01  1.820276e+01
     vertex -1.000000e+01  5.566472e+01  1.772068e+01
     vertex -1.000000e+01  5.547370e+01  1.820276e+01
   endloop
 endfacet
 facet normal  0.000000e+00  9.192194e-01  3.937458e-01
   outer loop
     vertex  4.000000e+00  5.547370e+01  1.820276e+01
     vertex -1.000000e+01  5.547370e+01  1.820276e+01
     vertex -1.000000e+01  5.526952e+01  1.867943e+01
   endloop
 endfacet
 facet normal  0.000000e+00  9.296754e-01  3.683796e-01
   outer loop
     vertex  4.000000e+00  5.547370e+01  1.820276e+01
     vertex  4.000000e+00  5.566472e+01  1.772068e+01
     vertex -1.000000e+01  5.566472e+01  1.772068e+01
   endloop
 endfacet
 facet normal  0.000000e+00  9.192194e-01  3.937458e-01
   outer loop
     vertex  4.000000e+00  5.526952e+01  1.867943e+01
     vertex  4.000000e+00  5.547370e+01  1.820276e+01
     vertex -1.000000e+01  5.526952e+01  1.867943e+01
   endloop
 endfacet
 facet normal  0.000000e+00  9.080714e-01  4.188155e-01
   outer loop
     vertex  4.000000e+00  5.505234e+01  1.915031e+01
     vertex  4.000000e+00  5.526952e+01  1.867943e+01
     vertex -1.000000e+01  5.526952e+01  1.867943e+01
   endloop
 endfacet
 facet normal  0.000000e+00  9.080714e-01  4.188155e-01
   outer loop
     vertex  4.000000e+00  5.505234e+01  1.915031e+01
     vertex -1.000000e+01  5.526952e+01  1.867943e+01
     vertex -1.000000e+01  5.505234e+01  1.915031e+01
   endloop
 endfacet
 facet normal  0.000000e+00  8.962398e-01  4.435699e-01
   outer loop
     vertex  4.000000e+00  5.482233e+01  1.961506e+01
     vertex  4.000000e+00  5.505234e+01  1.915031e+01
     vertex -1.000000e+01  5.505234e+01  1.915031e+01
   endloop
 endfacet
 facet normal  0.000000e+00  8.962398e-01  4.435699e-01
   outer loop
     vertex  4.000000e+00  5.482233e+01  1.961506e+01
     vertex -1.000000e+01  5.505234e+01  1.915031e+01
     vertex -1.000000e+01  5.482233e+01  1.961506e+01
   endloop
 endfacet
 facet normal  0.000000e+00  8.837335e-01  4.679904e-01
   outer loop
     vertex  4.000000e+00  5.482233e+01  1.961506e+01
     vertex -1.000000e+01  5.482233e+01  1.961506e+01
     vertex -1.000000e+01  5.457965e+01  2.007332e+01
   endloop
 endfacet
 facet normal  0.000000e+00  8.837335e-01  4.679904e-01
   outer loop
     vertex  4.000000e+00  5.457965e+01  2.007332e+01
     vertex  4.000000e+00  5.482233e+01  1.961506e+01
     vertex -1.000000e+01  5.457965e+01  2.007332e+01
   endloop
 endfacet
 facet normal  0.000000e+00  8.705620e-01  4.920587e-01
   outer loop
     vertex  4.000000e+00  5.432450e+01  2.052475e+01
     vertex -1.000000e+01  5.457965e+01  2.007332e+01
     vertex -1.000000e+01  5.432450e+01  2.052475e+01
   endloop
 endfacet
 facet normal  0.000000e+00  8.567352e-01  5.157565e-01
   outer loop
     vertex  4.000000e+00  5.432450e+01  2.052475e+01
     vertex -1.000000e+01  5.432450e+01  2.052475e+01
     vertex -1.000000e+01  5.405705e+01  2.096901e+01
   endloop
 endfacet
 facet normal  0.000000e+00  8.705620e-01  4.920587e-01
   outer loop
     vertex  4.000000e+00  5.432450e+01  2.052475e+01
     vertex  4.000000e+00  5.457965e+01  2.007332e+01
     vertex -1.000000e+01  5.457965e+01  2.007332e+01
   endloop
 endfacet
 facet normal  0.000000e+00  8.422635e-01  5.390661e-01
   outer loop
     vertex  4.000000e+00  5.405705e+01  2.096901e+01
     vertex -1.000000e+01  5.405705e+01  2.096901e+01
     vertex -1.000000e+01  5.377751e+01  2.140577e+01
   endloop
 endfacet
 facet normal  0.000000e+00  8.567352e-01  5.157565e-01
   outer loop
     vertex  4.000000e+00  5.405705e+01  2.096901e+01
     vertex  4.000000e+00  5.432450e+01  2.052475e+01
     vertex -1.000000e+01  5.405705e+01  2.096901e+01
   endloop
 endfacet
 facet normal  0.000000e+00  8.422635e-01  5.390661e-01
   outer loop
     vertex  4.000000e+00  5.377751e+01  2.140577e+01
     vertex  4.000000e+00  5.405705e+01  2.096901e+01
     vertex -1.000000e+01  5.377751e+01  2.140577e+01
   endloop
 endfacet
 facet normal  0.000000e+00  8.271577e-01  5.619699e-01
   outer loop
     vertex  4.000000e+00  5.348610e+01  2.183469e+01
     vertex -1.000000e+01  5.377751e+01  2.140577e+01
     vertex -1.000000e+01  5.348610e+01  2.183469e+01
   endloop
 endfacet
 facet normal  0.000000e+00  8.271577e-01  5.619699e-01
   outer loop
     vertex  4.000000e+00  5.348610e+01  2.183469e+01
     vertex  4.000000e+00  5.377751e+01  2.140577e+01
     vertex -1.000000e+01  5.377751e+01  2.140577e+01
   endloop
 endfacet
 facet normal  0.000000e+00  8.114292e-01  5.844507e-01
   outer loop
     vertex  4.000000e+00  5.318304e+01  2.225546e+01
     vertex -1.000000e+01  5.348610e+01  2.183469e+01
     vertex -1.000000e+01  5.318304e+01  2.225546e+01
   endloop
 endfacet
 facet normal  0.000000e+00  7.950900e-01  6.064915e-01
   outer loop
     vertex  4.000000e+00  5.318304e+01  2.225546e+01
     vertex -1.000000e+01  5.318304e+01  2.225546e+01
     vertex -1.000000e+01  5.286854e+01  2.266776e+01
   endloop
 endfacet
 facet normal  0.000000e+00  8.114292e-01  5.844507e-01
   outer loop
     vertex  4.000000e+00  5.318304e+01  2.225546e+01
     vertex  4.000000e+00  5.348610e+01  2.183469e+01
     vertex -1.000000e+01  5.348610e+01  2.183469e+01
   endloop
 endfacet
 facet normal  0.000000e+00  7.950900e-01  6.064915e-01
   outer loop
     vertex  4.000000e+00  5.286854e+01  2.266776e+01
     vertex  4.000000e+00  5.318304e+01  2.225546e+01
     vertex -1.000000e+01  5.286854e+01  2.266776e+01
   endloop
 endfacet
 facet normal  0.000000e+00  7.781522e-01  6.280757e-01
   outer loop
     vertex  4.000000e+00  5.254285e+01  2.307127e+01
     vertex -1.000000e+01  5.286854e+01  2.266776e+01
     vertex -1.000000e+01  5.254285e+01  2.307127e+01
   endloop
 endfacet
 facet normal  0.000000e+00  7.606287e-01  6.491872e-01
   outer loop
     vertex  4.000000e+00  5.254285e+01  2.307127e+01
     vertex -1.000000e+01  5.254285e+01  2.307127e+01
     vertex -1.000000e+01  5.220621e+01  2.346570e+01
   endloop
 endfacet
 facet normal  0.000000e+00  7.781522e-01  6.280757e-01
   outer loop
     vertex  4.000000e+00  5.254285e+01  2.307127e+01
     vertex  4.000000e+00  5.286854e+01  2.266776e+01
     vertex -1.000000e+01  5.286854e+01  2.266776e+01
   endloop
 endfacet
 facet normal  0.000000e+00  7.606287e-01  6.491872e-01
   outer loop
     vertex  4.000000e+00  5.220621e+01  2.346570e+01
     vertex  4.000000e+00  5.254285e+01  2.307127e+01
     vertex -1.000000e+01  5.220621e+01  2.346570e+01
   endloop
 endfacet
 facet normal  0.000000e+00  7.425325e-01  6.698100e-01
   outer loop
     vertex  4.000000e+00  5.220621e+01  2.346570e+01
     vertex -1.000000e+01  5.220621e+01  2.346570e+01
     vertex -1.000000e+01  5.185888e+01  2.385074e+01
   endloop
 endfacet
 facet normal  0.000000e+00  7.425325e-01  6.698100e-01
   outer loop
     vertex  4.000000e+00  5.185888e+01  2.385074e+01
     vertex  4.000000e+00  5.220621e+01  2.346570e+01
     vertex -1.000000e+01  5.185888e+01  2.385074e+01
   endloop
 endfacet
 facet normal  0.000000e+00  7.238775e-01  6.899286e-01
   outer loop
     vertex  4.000000e+00  5.150111e+01  2.422611e+01
     vertex -1.000000e+01  5.185888e+01  2.385074e+01
     vertex -1.000000e+01  5.150111e+01  2.422611e+01
   endloop
 endfacet
 facet normal  0.000000e+00  7.046775e-01  7.095278e-01
   outer loop
     vertex  4.000000e+00  5.150111e+01  2.422611e+01
     vertex -1.000000e+01  5.150111e+01  2.422611e+01
     vertex -1.000000e+01  5.113319e+01  2.459152e+01
   endloop
 endfacet
 facet normal  0.000000e+00  7.238775e-01  6.899286e-01
   outer loop
     vertex  4.000000e+00  5.150111e+01  2.422611e+01
     vertex  4.000000e+00  5.185888e+01  2.385074e+01
     vertex -1.000000e+01  5.185888e+01  2.385074e+01
   endloop
 endfacet
 facet normal  0.000000e+00  6.849470e-01  7.285929e-01
   outer loop
     vertex  4.000000e+00  5.113319e+01  2.459152e+01
     vertex -1.000000e+01  5.113319e+01  2.459152e+01
     vertex -1.000000e+01  5.075537e+01  2.494670e+01
   endloop
 endfacet
 facet normal  0.000000e+00  7.046775e-01  7.095278e-01
   outer loop
     vertex  4.000000e+00  5.113319e+01  2.459152e+01
     vertex  4.000000e+00  5.150111e+01  2.422611e+01
     vertex -1.000000e+01  5.113319e+01  2.459152e+01
   endloop
 endfacet
 facet normal  0.000000e+00  6.849470e-01  7.285929e-01
   outer loop
     vertex  4.000000e+00  5.075537e+01  2.494670e+01
     vertex  4.000000e+00  5.113319e+01  2.459152e+01
     vertex -1.000000e+01  5.075537e+01  2.494670e+01
   endloop
 endfacet
 facet normal  0.000000e+00  6.647010e-01  7.471095e-01
   outer loop
     vertex  4.000000e+00  5.036796e+01  2.529138e+01
     vertex -1.000000e+01  5.075537e+01  2.494670e+01
     vertex -1.000000e+01  5.036796e+01  2.529138e+01
   endloop
 endfacet
 facet normal  0.000000e+00  6.439545e-01  7.650637e-01
   outer loop
     vertex  4.000000e+00  5.036796e+01  2.529138e+01
     vertex -1.000000e+01  5.036796e+01  2.529138e+01
     vertex -1.000000e+01  4.997123e+01  2.562531e+01
   endloop
 endfacet
 facet normal  0.000000e+00  6.647010e-01  7.471095e-01
   outer loop
     vertex  4.000000e+00  5.036796e+01  2.529138e+01
     vertex  4.000000e+00  5.075537e+01  2.494670e+01
     vertex -1.000000e+01  5.075537e+01  2.494670e+01
   endloop
 endfacet
 facet normal  0.000000e+00  6.227234e-01  7.824421e-01
   outer loop
     vertex  4.000000e+00  4.997123e+01  2.562531e+01
     vertex -1.000000e+01  4.997123e+01  2.562531e+01
     vertex -1.000000e+01  4.956550e+01  2.594822e+01
   endloop
 endfacet
 facet normal  0.000000e+00  6.439545e-01  7.650637e-01
   outer loop
     vertex  4.000000e+00  4.997123e+01  2.562531e+01
     vertex  4.000000e+00  5.036796e+01  2.529138e+01
     vertex -1.000000e+01  4.997123e+01  2.562531e+01
   endloop
 endfacet
 facet normal  0.000000e+00  6.227234e-01  7.824421e-01
   outer loop
     vertex  4.000000e+00  4.956550e+01  2.594822e+01
     vertex  4.000000e+00  4.997123e+01  2.562531e+01
     vertex -1.000000e+01  4.956550e+01  2.594822e+01
   endloop
 endfacet
 facet normal  0.000000e+00  6.010234e-01  7.992314e-01
   outer loop
     vertex  4.000000e+00  4.915105e+01  2.625988e+01
     vertex -1.000000e+01  4.956550e+01  2.594822e+01
     vertex -1.000000e+01  4.915105e+01  2.625988e+01
   endloop
 endfacet
 facet normal  0.000000e+00  6.010234e-01  7.992314e-01
   outer loop
     vertex  4.000000e+00  4.915105e+01  2.625988e+01
     vertex  4.000000e+00  4.956550e+01  2.594822e+01
     vertex -1.000000e+01  4.956550e+01  2.594822e+01
   endloop
 endfacet
 facet normal  0.000000e+00  5.788711e-01  8.154191e-01
   outer loop
     vertex  4.000000e+00  4.872822e+01  2.656006e+01
     vertex -1.000000e+01  4.915105e+01  2.625988e+01
     vertex -1.000000e+01  4.872822e+01  2.656006e+01
   endloop
 endfacet
 facet normal  0.000000e+00  5.562829e-01  8.309929e-01
   outer loop
     vertex  4.000000e+00  4.872822e+01  2.656006e+01
     vertex -1.000000e+01  4.872822e+01  2.656006e+01
     vertex -1.000000e+01  4.829730e+01  2.684852e+01
   endloop
 endfacet
 facet normal  0.000000e+00  5.788711e-01  8.154191e-01
   outer loop
     vertex  4.000000e+00  4.872822e+01  2.656006e+01
     vertex  4.000000e+00  4.915105e+01  2.625988e+01
     vertex -1.000000e+01  4.915105e+01  2.625988e+01
   endloop
 endfacet
 facet normal  0.000000e+00  5.562829e-01  8.309929e-01
   outer loop
     vertex  4.000000e+00  4.829730e+01  2.684852e+01
     vertex  4.000000e+00  4.872822e+01  2.656006e+01
     vertex -1.000000e+01  4.829730e+01  2.684852e+01
   endloop
 endfacet
 facet normal  0.000000e+00  5.332761e-01  8.459413e-01
   outer loop
     vertex  4.000000e+00  4.785864e+01  2.712505e+01
     vertex -1.000000e+01  4.829730e+01  2.684852e+01
     vertex -1.000000e+01  4.785864e+01  2.712505e+01
   endloop
 endfacet
 facet normal  0.000000e+00  5.098678e-01  8.602528e-01
   outer loop
     vertex  4.000000e+00  4.785864e+01  2.712505e+01
     vertex -1.000000e+01  4.785864e+01  2.712505e+01
     vertex -1.000000e+01  4.741255e+01  2.738944e+01
   endloop
 endfacet
 facet normal  0.000000e+00  5.332761e-01  8.459413e-01
   outer loop
     vertex  4.000000e+00  4.785864e+01  2.712505e+01
     vertex  4.000000e+00  4.829730e+01  2.684852e+01
     vertex -1.000000e+01  4.829730e+01  2.684852e+01
   endloop
 endfacet
 facet normal  0.000000e+00  4.860756e-01  8.739167e-01
   outer loop
     vertex  4.000000e+00  4.741255e+01  2.738944e+01
     vertex -1.000000e+01  4.741255e+01  2.738944e+01
     vertex -1.000000e+01  4.695938e+01  2.764150e+01
   endloop
 endfacet
 facet normal  0.000000e+00  5.098678e-01  8.602528e-01
   outer loop
     vertex  4.000000e+00  4.741255e+01  2.738944e+01
     vertex  4.000000e+00  4.785864e+01  2.712505e+01
     vertex -1.000000e+01  4.741255e+01  2.738944e+01
   endloop
 endfacet
 facet normal  0.000000e+00  4.860756e-01  8.739167e-01
   outer loop
     vertex  4.000000e+00  4.695938e+01  2.764150e+01
     vertex  4.000000e+00  4.741255e+01  2.738944e+01
     vertex -1.000000e+01  4.695938e+01  2.764150e+01
   endloop
 endfacet
 facet normal  0.000000e+00  4.619176e-01  8.869228e-01
   outer loop
     vertex  4.000000e+00  4.649946e+01  2.788103e+01
     vertex  4.000000e+00  4.695938e+01  2.764150e+01
     vertex -1.000000e+01  4.695938e+01  2.764150e+01
   endloop
 endfacet
 facet normal  0.000000e+00  4.619176e-01  8.869228e-01
   outer loop
     vertex  4.000000e+00  4.649946e+01  2.788103e+01
     vertex -1.000000e+01  4.695938e+01  2.764150e+01
     vertex -1.000000e+01  4.649946e+01  2.788103e+01
   endloop
 endfacet
 facet normal  0.000000e+00  4.374119e-01  8.992613e-01
   outer loop
     vertex  4.000000e+00  4.603315e+01  2.810785e+01
     vertex  4.000000e+00  4.649946e+01  2.788103e+01
     vertex -1.000000e+01  4.649946e+01  2.788103e+01
   endloop
 endfacet
 facet normal  0.000000e+00  4.374119e-01  8.992613e-01
   outer loop
     vertex  4.000000e+00  4.603315e+01  2.810785e+01
     vertex -1.000000e+01  4.649946e+01  2.788103e+01
     vertex -1.000000e+01  4.603315e+01  2.810785e+01
   endloop
 endfacet
 facet normal  0.000000e+00  4.125769e-01  9.109228e-01
   outer loop
     vertex  4.000000e+00  4.556079e+01  2.832179e+01
     vertex  4.000000e+00  4.603315e+01  2.810785e+01
     vertex -1.000000e+01  4.603315e+01  2.810785e+01
   endloop
 endfacet
 facet normal  0.000000e+00  4.125769e-01  9.109228e-01
   outer loop
     vertex  4.000000e+00  4.556079e+01  2.832179e+01
     vertex -1.000000e+01  4.603315e+01  2.810785e+01
     vertex -1.000000e+01  4.556079e+01  2.832179e+01
   endloop
 endfacet
 facet normal  0.000000e+00  3.874313e-01  9.218986e-01
   outer loop
     vertex  4.000000e+00  4.508274e+01  2.852270e+01
     vertex  4.000000e+00  4.556079e+01  2.832179e+01
     vertex -1.000000e+01  4.556079e+01  2.832179e+01
   endloop
 endfacet
 facet normal  0.000000e+00  3.874313e-01  9.218986e-01
   outer loop
     vertex  4.000000e+00  4.508274e+01  2.852270e+01
     vertex -1.000000e+01  4.556079e+01  2.832179e+01
     vertex -1.000000e+01  4.508274e+01  2.852270e+01
   endloop
 endfacet
 facet normal  0.000000e+00  3.619940e-01  9.321804e-01
   outer loop
     vertex  4.000000e+00  4.508274e+01  2.852270e+01
     vertex -1.000000e+01  4.508274e+01  2.852270e+01
     vertex -1.000000e+01  4.459935e+01  2.871041e+01
   endloop
 endfacet
 facet normal  0.000000e+00  3.619940e-01  9.321804e-01
   outer loop
     vertex  4.000000e+00  4.459935e+01  2.871041e+01
     vertex  4.000000e+00  4.508274e+01  2.852270e+01
     vertex -1.000000e+01  4.459935e+01  2.871041e+01
   endloop
 endfacet
 facet normal  0.000000e+00  3.362843e-01  9.417605e-01
   outer loop
     vertex  4.000000e+00  4.459935e+01  2.871041e+01
     vertex -1.000000e+01  4.459935e+01  2.871041e+01
     vertex -1.000000e+01  4.411100e+01  2.888479e+01
   endloop
 endfacet
 facet normal  0.000000e+00  3.362843e-01  9.417605e-01
   outer loop
     vertex  4.000000e+00  4.411100e+01  2.888479e+01
     vertex  4.000000e+00  4.459935e+01  2.871041e+01
     vertex -1.000000e+01  4.411100e+01  2.888479e+01
   endloop
 endfacet
 facet normal  0.000000e+00  3.103214e-01  9.506317e-01
   outer loop
     vertex  4.000000e+00  4.361805e+01  2.904571e+01
     vertex  4.000000e+00  4.411100e+01  2.888479e+01
     vertex -1.000000e+01  4.411100e+01  2.888479e+01
   endloop
 endfacet
 facet normal  0.000000e+00  3.103214e-01  9.506317e-01
   outer loop
     vertex  4.000000e+00  4.361805e+01  2.904571e+01
     vertex -1.000000e+01  4.411100e+01  2.888479e+01
     vertex -1.000000e+01  4.361805e+01  2.904571e+01
   endloop
 endfacet
 facet normal  0.000000e+00  2.841250e-01  9.587873e-01
   outer loop
     vertex  4.000000e+00  4.361805e+01  2.904571e+01
     vertex -1.000000e+01  4.361805e+01  2.904571e+01
     vertex -1.000000e+01  4.312087e+01  2.919304e+01
   endloop
 endfacet
 facet normal  0.000000e+00  2.841250e-01  9.587873e-01
   outer loop
     vertex  4.000000e+00  4.312087e+01  2.919304e+01
     vertex  4.000000e+00  4.361805e+01  2.904571e+01
     vertex -1.000000e+01  4.312087e+01  2.919304e+01
   endloop
 endfacet
 facet normal  0.000000e+00  2.577146e-01  9.662211e-01
   outer loop
     vertex  4.000000e+00  4.261983e+01  2.932668e+01
     vertex  4.000000e+00  4.312087e+01  2.919304e+01
     vertex -1.000000e+01  4.312087e+01  2.919304e+01
   endloop
 endfacet
 facet normal  0.000000e+00  2.577146e-01  9.662211e-01
   outer loop
     vertex  4.000000e+00  4.261983e+01  2.932668e+01
     vertex -1.000000e+01  4.312087e+01  2.919304e+01
     vertex -1.000000e+01  4.261983e+01  2.932668e+01
   endloop
 endfacet
 facet normal  0.000000e+00  2.311102e-01  9.729276e-01
   outer loop
     vertex  4.000000e+00  4.261983e+01  2.932668e+01
     vertex -1.000000e+01  4.261983e+01  2.932668e+01
     vertex -1.000000e+01  4.211532e+01  2.944652e+01
   endloop
 endfacet
 facet normal  0.000000e+00  2.311102e-01  9.729276e-01
   outer loop
     vertex  4.000000e+00  4.211532e+01  2.944652e+01
     vertex  4.000000e+00  4.261983e+01  2.932668e+01
     vertex -1.000000e+01  4.211532e+01  2.944652e+01
   endloop
 endfacet
 facet normal  0.000000e+00  2.043319e-01  9.789017e-01
   outer loop
     vertex  4.000000e+00  4.160770e+01  2.955248e+01
     vertex  4.000000e+00  4.211532e+01  2.944652e+01
     vertex -1.000000e+01  4.211532e+01  2.944652e+01
   endloop
 endfacet
 facet normal  0.000000e+00  2.043319e-01  9.789017e-01
   outer loop
     vertex  4.000000e+00  4.160770e+01  2.955248e+01
     vertex -1.000000e+01  4.211532e+01  2.944652e+01
     vertex -1.000000e+01  4.160770e+01  2.955248e+01
   endloop
 endfacet
 facet normal  0.000000e+00  1.773998e-01  9.841389e-01
   outer loop
     vertex  4.000000e+00  4.109738e+01  2.964447e+01
     vertex  4.000000e+00  4.160770e+01  2.955248e+01
     vertex -1.000000e+01  4.160770e+01  2.955248e+01
   endloop
 endfacet
 facet normal  0.000000e+00  1.773998e-01  9.841389e-01
   outer loop
     vertex  4.000000e+00  4.109738e+01  2.964447e+01
     vertex -1.000000e+01  4.160770e+01  2.955248e+01
     vertex -1.000000e+01  4.109738e+01  2.964447e+01
   endloop
 endfacet
 facet normal  0.000000e+00  1.503341e-01  9.886353e-01
   outer loop
     vertex  4.000000e+00  4.109738e+01  2.964447e+01
     vertex -1.000000e+01  4.109738e+01  2.964447e+01
     vertex -1.000000e+01  4.058472e+01  2.972243e+01
   endloop
 endfacet
 facet normal  0.000000e+00  1.231552e-01  9.923874e-01
   outer loop
     vertex  4.000000e+00  4.058472e+01  2.972243e+01
     vertex -1.000000e+01  4.058472e+01  2.972243e+01
     vertex -1.000000e+01  4.007011e+01  2.978629e+01
   endloop
 endfacet
 facet normal  0.000000e+00  1.503341e-01  9.886353e-01
   outer loop
     vertex  4.000000e+00  4.058472e+01  2.972243e+01
     vertex  4.000000e+00  4.109738e+01  2.964447e+01
     vertex -1.000000e+01  4.058472e+01  2.972243e+01
   endloop
 endfacet
 facet normal  0.000000e+00  1.231552e-01  9.923874e-01
   outer loop
     vertex  4.000000e+00  4.007011e+01  2.978629e+01
     vertex  4.000000e+00  4.058472e+01  2.972243e+01
     vertex -1.000000e+01  4.007011e+01  2.978629e+01
   endloop
 endfacet
 facet normal  0.000000e+00  9.588368e-02  9.953925e-01
   outer loop
     vertex  4.000000e+00  3.955395e+01  2.983601e+01
     vertex -1.000000e+01  4.007011e+01  2.978629e+01
     vertex -1.000000e+01  3.955395e+01  2.983601e+01
   endloop
 endfacet
 facet normal  0.000000e+00  6.853995e-02  9.976484e-01
   outer loop
     vertex  4.000000e+00  3.955395e+01  2.983601e+01
     vertex -1.000000e+01  3.955395e+01  2.983601e+01
     vertex -1.000000e+01  3.903662e+01  2.987155e+01
   endloop
 endfacet
 facet normal  0.000000e+00  9.588368e-02  9.953925e-01
   outer loop
     vertex  4.000000e+00  3.955395e+01  2.983601e+01
     vertex  4.000000e+00  4.007011e+01  2.978629e+01
     vertex -1.000000e+01  4.007011e+01  2.978629e+01
   endloop
 endfacet
 facet normal  0.000000e+00  6.853995e-02  9.976484e-01
   outer loop
     vertex  4.000000e+00  3.903662e+01  2.987155e+01
     vertex  4.000000e+00  3.955395e+01  2.983601e+01
     vertex -1.000000e+01  3.903662e+01  2.987155e+01
   endloop
 endfacet
 facet normal  0.000000e+00  4.114462e-02  9.991532e-01
   outer loop
     vertex  4.000000e+00  3.851850e+01  2.989289e+01
     vertex -1.000000e+01  3.903662e+01  2.987155e+01
     vertex -1.000000e+01  3.851850e+01  2.989289e+01
   endloop
 endfacet
 facet normal  0.000000e+00  4.114462e-02  9.991532e-01
   outer loop
     vertex  4.000000e+00  3.851850e+01  2.989289e+01
     vertex  4.000000e+00  3.903662e+01  2.987155e+01
     vertex -1.000000e+01  3.903662e+01  2.987155e+01
   endloop
 endfacet
 facet normal  0.000000e+00  1.371831e-02  9.999059e-01
   outer loop
     vertex  4.000000e+00  3.800000e+01  2.990000e+01
     vertex  4.000000e+00  3.851850e+01  2.989289e+01
     vertex -1.000000e+01  3.851850e+01  2.989289e+01
   endloop
 endfacet
 facet normal  0.000000e+00  1.371831e-02  9.999059e-01
   outer loop
     vertex  4.000000e+00  3.800000e+01  2.990000e+01
     vertex -1.000000e+01  3.851850e+01  2.989289e+01
     vertex -1.000000e+01  3.800000e+01  2.990000e+01
   endloop
 endfacet
 facet normal  1.000000e+00  0.000000e+00  0.000000e+00
   outer loop
     vertex  4.000000e+00  5.056285e+01 -3.120370e+00
     vertex  4.000000e+00  5.094550e+01 -2.770405e+00
     vertex  4.000000e+00  5.131840e+01 -2.410075e+00
   endloop
 endfacet
 facet normal  1.000000e+00  0.000000e+00  0.000000e+00
   outer loop
     vertex  4.000000e+00  5.056285e+01 -3.120370e+00
     vertex  4.000000e+00  5.131840e+01 -2.410075e+00
     vertex  4.000000e+00  5.168128e+01 -2.039650e+00
   endloop
 endfacet
 facet normal  1.000000e+00  0.000000e+00  0.000000e+00
   outer loop
     vertex  4.000000e+00  5.302720e+01 -4.626891e-01
     vertex  4.000000e+00  5.203386e+01 -1.659409e+00
     vertex  4.000000e+00  5.237588e+01 -1.269638e+00
   endloop
 endfacet
 facet normal  1.000000e+00  0.000000e+00  0.000000e+00
   outer loop
     vertex  4.000000e+00  5.302720e+01 -4.626891e-01
     vertex  4.000000e+00  5.237588e+01 -1.269638e+00
     vertex  4.000000e+00  5.270708e+01 -8.706316e-01
   endloop
 endfacet
 facet normal  1.000000e+00  0.000000e+00  0.000000e+00
   outer loop
     vertex  4.000000e+00  5.333601e+01 -4.611774e-02
     vertex  4.000000e+00  5.056285e+01 -3.120370e+00
     vertex  4.000000e+00  5.168128e+01 -2.039650e+00
   endloop
 endfacet
 facet normal  1.000000e+00  0.000000e+00  0.000000e+00
   outer loop
     vertex  4.000000e+00  5.333601e+01 -4.611774e-02
     vertex  4.000000e+00  5.168128e+01 -2.039650e+00
     vertex  4.000000e+00  5.203386e+01 -1.659409e+00
   endloop
 endfacet
 facet normal  1.000000e+00  0.000000e+00  0.000000e+00
   outer loop
     vertex  4.000000e+00  5.333601e+01 -4.611774e-02
     vertex  4.000000e+00  5.203386e+01 -1.659409e+00
     vertex  4.000000e+00  5.302720e+01 -4.626891e-01
   endloop
 endfacet
 facet normal  1.000000e+00  0.000000e+00  0.000000e+00
   outer loop
     vertex  4.000000e+00  4.894066e+01 -4.411421e+00
     vertex  4.000000e+00  5.056285e+01 -3.120370e+00
     vertex  4.000000e+00  5.333601e+01 -4.611774e-02
   endloop
 endfacet
 facet normal  1.000000e+00  0.000000e+00  0.000000e+00
   outer loop
     vertex  4.000000e+00  4.894066e+01 -4.411421e+00
     vertex  4.000000e+00  4.935934e+01 -4.105473e+00
     vertex  4.000000e+00  4.976947e+01 -3.788155e+00
   endloop
 endfacet
 facet normal  1.000000e+00  0.000000e+00  0.000000e+00
   outer loop
     vertex  4.000000e+00  4.894066e+01 -4.411421e+00
     vertex  4.000000e+00  4.976947e+01 -3.788155e+00
     vertex  4.000000e+00  5.017074e+01 -3.459705e+00
   endloop
 endfacet
 facet normal  1.000000e+00  0.000000e+00  0.000000e+00
   outer loop
     vertex  4.000000e+00  4.894066e+01 -4.411421e+00
     vertex  4.000000e+00  5.017074e+01 -3.459705e+00
     vertex  4.000000e+00  5.056285e+01 -3.120370e+00
   endloop
 endfacet
 facet normal  1.000000e+00  0.000000e+00  0.000000e+00
   outer loop
     vertex  4.000000e+00  5.419230e+01  1.252202e+00
     vertex  4.000000e+00  5.363328e+01  3.787687e-01
     vertex  4.000000e+00  5.391878e+01  8.116506e-01
   endloop
 endfacet
 facet normal  1.000000e+00  0.000000e+00  0.000000e+00
   outer loop
     vertex  4.000000e+00  4.718683e+01 -5.517026e+00
     vertex  4.000000e+00  4.763650e+01 -5.258778e+00
     vertex  4.000000e+00  4.807892e+01 -4.988290e+00
   endloop
 endfacet
 facet normal  1.000000e+00  0.000000e+00  0.000000e+00
   outer loop
     vertex  4.000000e+00  4.718683e+01 -5.517026e+00
     vertex  4.000000e+00  4.807892e+01 -4.988290e+00
     vertex  4.000000e+00  4.851375e+01 -4.705767e+00
   endloop
 endfacet
 facet normal  1.000000e+00  0.000000e+00  0.000000e+00
   outer loop
     vertex  4.000000e+00  4.718683e+01 -5.517026e+00
     vertex  4.000000e+00  4.851375e+01 -4.705767e+00
     vertex  4.000000e+00  4.894066e+01 -4.411421e+00
   endloop
 endfacet
 facet normal  1.000000e+00  0.000000e+00  0.000000e+00
   outer loop
     vertex  4.000000e+00  5.470256e+01  2.154981e+00
     vertex  4.000000e+00  5.419230e+01  1.252202e+00
     vertex  4.000000e+00  5.445362e+01  1.700091e+00
   endloop
 endfacet
 facet normal  1.000000e+00  0.000000e+00  0.000000e+00
   outer loop
     vertex  4.000000e+00  5.516255e+01  3.084388e+00
     vertex  4.000000e+00  5.470256e+01  2.154981e+00
     vertex  4.000000e+00  5.493893e+01  2.616529e+00
   endloop
 endfacet
 facet normal  1.000000e+00  0.000000e+00  0.000000e+00
   outer loop
     vertex  4.000000e+00  5.516255e+01  3.084388e+00
     vertex  4.000000e+00  5.363328e+01  3.787687e-01
     vertex  4.000000e+00  5.419230e+01  1.252202e+00
   endloop
 endfacet
 facet normal  1.000000e+00  0.000000e+00  0.000000e+00
   outer loop
     vertex  4.000000e+00  5.516255e+01  3.084388e+00
     vertex  4.000000e+00  5.419230e+01  1.252202e+00
     vertex  4.000000e+00  5.470256e+01  2.154981e+00
   endloop
 endfacet
 facet normal  1.000000e+00  0.000000e+00  0.000000e+00
   outer loop
     vertex  4.000000e+00  4.532245e+01 -6.423883e+00
     vertex  4.000000e+00  4.579770e+01 -6.216441e+00
     vertex  4.000000e+00  4.626708e+01 -5.996038e+00
   endloop
 endfacet
 facet normal  1.000000e+00  0.000000e+00  0.000000e+00
   outer loop
     vertex  4.000000e+00  4.532245e+01 -6.423883e+00
     vertex  4.000000e+00  4.626708e+01 -5.996038e+00
     vertex  4.000000e+00  4.673024e+01 -5.762842e+00
   endloop
 endfacet
 facet normal  1.000000e+00  0.000000e+00  0.000000e+00
   outer loop
     vertex  4.000000e+00  4.484169e+01 -6.618210e+00
     vertex  4.000000e+00  4.532245e+01 -6.423883e+00
     vertex  4.000000e+00  4.673024e+01 -5.762842e+00
   endloop
 endfacet
 facet normal  1.000000e+00  0.000000e+00  0.000000e+00
   outer loop
     vertex  4.000000e+00  5.575526e+01  4.522285e+00
     vertex  4.000000e+00  5.537325e+01  3.558205e+00
     vertex  4.000000e+00  5.557087e+01  4.037625e+00
   endloop
 endfacet
 facet normal  1.000000e+00  0.000000e+00  0.000000e+00
   outer loop
     vertex  4.000000e+00  4.435577e+01 -6.799274e+00
     vertex  4.000000e+00  4.673024e+01 -5.762842e+00
     vertex  4.000000e+00  4.718683e+01 -5.517026e+00
   endloop
 endfacet
 facet normal  1.000000e+00  0.000000e+00  0.000000e+00
   outer loop
     vertex  4.000000e+00  4.435577e+01 -6.799274e+00
     vertex  4.000000e+00  5.333601e+01 -4.611774e-02
     vertex  4.000000e+00  5.363328e+01  3.787687e-01
   endloop
 endfacet
 facet normal  1.000000e+00  0.000000e+00  0.000000e+00
   outer loop
     vertex  4.000000e+00  4.435577e+01 -6.799274e+00
     vertex  4.000000e+00  4.894066e+01 -4.411421e+00
     vertex  4.000000e+00  5.333601e+01 -4.611774e-02
   endloop
 endfacet
 facet normal  1.000000e+00  0.000000e+00  0.000000e+00
   outer loop
     vertex  4.000000e+00  4.435577e+01 -6.799274e+00
     vertex  4.000000e+00  5.516255e+01  3.084388e+00
     vertex  4.000000e+00  5.537325e+01  3.558205e+00
   endloop
 endfacet
 facet normal  1.000000e+00  0.000000e+00  0.000000e+00
   outer loop
     vertex  4.000000e+00  4.435577e+01 -6.799274e+00
     vertex  4.000000e+00  4.718683e+01 -5.517026e+00
     vertex  4.000000e+00  4.894066e+01 -4.411421e+00
   endloop
 endfacet
 facet normal  1.000000e+00  0.000000e+00  0.000000e+00
   outer loop
     vertex  4.000000e+00  4.435577e+01 -6.799274e+00
     vertex  4.000000e+00  5.363328e+01  3.787687e-01
     vertex  4.000000e+00  5.516255e+01  3.084388e+00
   endloop
 endfacet
 facet normal  1.000000e+00  0.000000e+00  0.000000e+00
   outer loop
     vertex  4.000000e+00  4.435577e+01 -6.799274e+00
     vertex  4.000000e+00  4.484169e+01 -6.618210e+00
     vertex  4.000000e+00  4.673024e+01 -5.762842e+00
   endloop
 endfacet
 facet normal  1.000000e+00  0.000000e+00  0.000000e+00
   outer loop
     vertex  4.000000e+00  5.592629e+01  5.011822e+00
     vertex  4.000000e+00  5.537325e+01  3.558205e+00
     vertex  4.000000e+00  5.575526e+01  4.522285e+00
   endloop
 endfacet
 facet normal  1.000000e+00  0.000000e+00  0.000000e+00
   outer loop
     vertex  4.000000e+00  4.336996e+01 -7.121079e+00
     vertex  4.000000e+00  4.386508e+01 -6.966939e+00
     vertex  4.000000e+00  4.435577e+01 -6.799274e+00
   endloop
 endfacet
 facet normal  1.000000e+00  0.000000e+00  0.000000e+00
   outer loop
     vertex  4.000000e+00  5.622774e+01  6.004047e+00
     vertex  4.000000e+00  5.592629e+01  5.011822e+00
     vertex  4.000000e+00  5.608382e+01  5.505866e+00
   endloop
 endfacet
 facet normal  1.000000e+00  0.000000e+00  0.000000e+00
   outer loop
     vertex  4.000000e+00  5.622774e+01  6.004047e+00
     vertex  4.000000e+00  5.537325e+01  3.558205e+00
     vertex  4.000000e+00  5.592629e+01  5.011822e+00
   endloop
 endfacet
 facet normal  1.000000e+00  0.000000e+00  0.000000e+00
   outer loop
     vertex  4.000000e+00  5.635794e+01  6.505988e+00
     vertex  4.000000e+00  5.537325e+01  3.558205e+00
     vertex  4.000000e+00  5.622774e+01  6.004047e+00
   endloop
 endfacet
 facet normal  1.000000e+00  0.000000e+00  0.000000e+00
   outer loop
     vertex  4.000000e+00  4.236798e+01 -7.388331e+00
     vertex  4.000000e+00  4.287081e+01 -7.261578e+00
     vertex  4.000000e+00  4.336996e+01 -7.121079e+00
   endloop
 endfacet
 facet normal  1.000000e+00  0.000000e+00  0.000000e+00
   outer loop
     vertex  4.000000e+00  4.236798e+01 -7.388331e+00
     vertex  4.000000e+00  4.336996e+01 -7.121079e+00
     vertex  4.000000e+00  4.435577e+01 -6.799274e+00
   endloop
 endfacet
 facet normal  1.000000e+00  0.000000e+00  0.000000e+00
   outer loop
     vertex  4.000000e+00  5.657679e+01  7.519638e+00
     vertex  4.000000e+00  4.236798e+01 -7.388331e+00
     vertex  4.000000e+00  4.435577e+01 -6.799274e+00
   endloop
 endfacet
 facet normal  1.000000e+00  0.000000e+00  0.000000e+00
   outer loop
     vertex  4.000000e+00  5.657679e+01  7.519638e+00
     vertex  4.000000e+00  5.537325e+01  3.558205e+00
     vertex  4.000000e+00  5.635794e+01  6.505988e+00
   endloop
 endfacet
 facet normal  1.000000e+00  0.000000e+00  0.000000e+00
   outer loop
     vertex  4.000000e+00  5.657679e+01  7.519638e+00
     vertex  4.000000e+00  5.635794e+01  6.505988e+00
     vertex  4.000000e+00  5.647432e+01  7.011312e+00
   endloop
 endfacet
 facet normal  1.000000e+00  0.000000e+00  0.000000e+00
   outer loop
     vertex  4.000000e+00  5.657679e+01  7.519638e+00
     vertex  4.000000e+00  4.435577e+01 -6.799274e+00
     vertex  4.000000e+00  5.537325e+01  3.558205e+00
   endloop
 endfacet
 facet normal  1.000000e+00  0.000000e+00  0.000000e+00
   outer loop
     vertex  4.000000e+00  4.135286e+01 -7.600225e+00
     vertex  4.000000e+00  4.186187e+01 -7.501241e+00
     vertex  4.000000e+00  4.236798e+01 -7.388331e+00
   endloop
 endfacet
 facet normal  1.000000e+00  0.000000e+00  0.000000e+00
   outer loop
     vertex  4.000000e+00  5.673971e+01  8.543766e+00
     vertex  4.000000e+00  5.657679e+01  7.519638e+00
     vertex  4.000000e+00  5.666528e+01  8.030585e+00
   endloop
 endfacet
 facet normal  1.000000e+00  0.000000e+00  0.000000e+00
   outer loop
     vertex  4.000000e+00  4.032763e+01 -7.756122e+00
     vertex  4.000000e+00  4.236798e+01 -7.388331e+00
     vertex  4.000000e+00  5.657679e+01  7.519638e+00
   endloop
 endfacet
 facet normal  1.000000e+00  0.000000e+00  0.000000e+00
   outer loop
     vertex  4.000000e+00  4.032763e+01 -7.756122e+00
     vertex  4.000000e+00  4.135286e+01 -7.600225e+00
     vertex  4.000000e+00  4.236798e+01 -7.388331e+00
   endloop
 endfacet
 facet normal  1.000000e+00  0.000000e+00  0.000000e+00
   outer loop
     vertex  4.000000e+00  4.032763e+01 -7.756122e+00
     vertex  4.000000e+00  4.084131e+01 -7.685206e+00
     vertex  4.000000e+00  4.135286e+01 -7.600225e+00
   endloop
 endfacet
 facet normal  1.000000e+00  0.000000e+00  0.000000e+00
   outer loop
     vertex  4.000000e+00  4.032763e+01 -7.756122e+00
     vertex  4.000000e+00  5.657679e+01  7.519638e+00
     vertex  4.000000e+00  5.673971e+01  8.543766e+00
   endloop
 endfacet
 facet normal  1.000000e+00  0.000000e+00  0.000000e+00
   outer loop
     vertex  4.000000e+00  5.684623e+01  9.575289e+00
     vertex  4.000000e+00  5.673971e+01  8.543766e+00
     vertex  4.000000e+00  5.680005e+01  9.058797e+00
   endloop
 endfacet
 facet normal  1.000000e+00  0.000000e+00  0.000000e+00
   outer loop
     vertex  4.000000e+00  3.877763e+01 -7.883996e+00
     vertex  4.000000e+00  3.929541e+01 -7.855554e+00
     vertex  4.000000e+00  3.981220e+01 -7.812919e+00
   endloop
 endfacet
 facet normal  1.000000e+00  0.000000e+00  0.000000e+00
   outer loop
     vertex  4.000000e+00  3.877763e+01 -7.883996e+00
     vertex  4.000000e+00  3.981220e+01 -7.812919e+00
     vertex  4.000000e+00  4.032763e+01 -7.756122e+00
   endloop
 endfacet
 facet normal  1.000000e+00  0.000000e+00  0.000000e+00
   outer loop
     vertex  4.000000e+00  5.689600e+01  1.061110e+01
     vertex  4.000000e+00  5.684623e+01  9.575289e+00
     vertex  4.000000e+00  5.687822e+01  1.009285e+01
   endloop
 endfacet
 facet normal  1.000000e+00  0.000000e+00  0.000000e+00
   outer loop
     vertex  4.000000e+00  3.774072e+01 -7.898222e+00
     vertex  4.000000e+00  3.825928e+01 -7.898222e+00
     vertex  4.000000e+00  3.877763e+01 -7.883996e+00
   endloop
 endfacet
 facet normal  1.000000e+00  0.000000e+00  0.000000e+00
   outer loop
     vertex  4.000000e+00  3.670459e+01 -7.855554e+00
     vertex  4.000000e+00  3.722237e+01 -7.883996e+00
     vertex  4.000000e+00  3.774072e+01 -7.898222e+00
   endloop
 endfacet
 facet normal  1.000000e+00  0.000000e+00  0.000000e+00
   outer loop
     vertex  4.000000e+00  5.677165e+01  1.319893e+01
     vertex  4.000000e+00  5.686400e+01  1.216604e+01
     vertex  4.000000e+00  5.682491e+01  1.268312e+01
   endloop
 endfacet
 facet normal  1.000000e+00  0.000000e+00  0.000000e+00
   outer loop
     vertex  4.000000e+00  3.515869e+01 -7.685206e+00
     vertex  4.000000e+00  3.567237e+01 -7.756122e+00
     vertex  4.000000e+00  3.618780e+01 -7.812919e+00
   endloop
 endfacet
 facet normal  1.000000e+00  0.000000e+00  0.000000e+00
   outer loop
     vertex  4.000000e+00  3.515869e+01 -7.685206e+00
     vertex  4.000000e+00  3.618780e+01 -7.812919e+00
     vertex  4.000000e+00  3.670459e+01 -7.855554e+00
   endloop
 endfacet
 facet normal  1.000000e+00  0.000000e+00  0.000000e+00
   outer loop
     vertex  4.000000e+00  5.662279e+01  1.422519e+01
     vertex  4.000000e+00  5.686400e+01  1.216604e+01
     vertex  4.000000e+00  5.677165e+01  1.319893e+01
   endloop
 endfacet
 facet normal  1.000000e+00  0.000000e+00  0.000000e+00
   outer loop
     vertex  4.000000e+00  5.662279e+01  1.422519e+01
     vertex  4.000000e+00  5.689600e+01  1.061110e+01
     vertex  4.000000e+00  5.689956e+01  1.112964e+01
   endloop
 endfacet
 facet normal  1.000000e+00  0.000000e+00  0.000000e+00
   outer loop
     vertex  4.000000e+00  5.662279e+01  1.422519e+01
     vertex  4.000000e+00  5.689956e+01  1.112964e+01
     vertex  4.000000e+00  5.688889e+01  1.164808e+01
   endloop
 endfacet
 facet normal  1.000000e+00  0.000000e+00  0.000000e+00
   outer loop
     vertex  4.000000e+00  5.662279e+01  1.422519e+01
     vertex  4.000000e+00  5.688889e+01  1.164808e+01
     vertex  4.000000e+00  5.686400e+01  1.216604e+01
   endloop
 endfacet
 facet normal  1.000000e+00  0.000000e+00  0.000000e+00
   outer loop
     vertex  4.000000e+00  5.662279e+01  1.422519e+01
     vertex  4.000000e+00  5.677165e+01  1.319893e+01
     vertex  4.000000e+00  5.670426e+01  1.371308e+01
   endloop
 endfacet
 facet normal  1.000000e+00  0.000000e+00  0.000000e+00
   outer loop
     vertex  4.000000e+00  3.413813e+01 -7.501241e+00
     vertex  4.000000e+00  3.464714e+01 -7.600225e+00
     vertex  4.000000e+00  3.515869e+01 -7.685206e+00
   endloop
 endfacet
 facet normal  1.000000e+00  0.000000e+00  0.000000e+00
   outer loop
     vertex  4.000000e+00  3.363202e+01 -7.388331e+00
     vertex  4.000000e+00  3.670459e+01 -7.855554e+00
     vertex  4.000000e+00  3.774072e+01 -7.898222e+00
   endloop
 endfacet
 facet normal  1.000000e+00  0.000000e+00  0.000000e+00
   outer loop
     vertex  4.000000e+00  3.363202e+01 -7.388331e+00
     vertex  4.000000e+00  3.515869e+01 -7.685206e+00
     vertex  4.000000e+00  3.670459e+01 -7.855554e+00
   endloop
 endfacet
 facet normal  1.000000e+00  0.000000e+00  0.000000e+00
   outer loop
     vertex  4.000000e+00  3.363202e+01 -7.388331e+00
     vertex  4.000000e+00  3.413813e+01 -7.501241e+00
     vertex  4.000000e+00  3.515869e+01 -7.685206e+00
   endloop
 endfacet
 facet normal  1.000000e+00  0.000000e+00  0.000000e+00
   outer loop
     vertex  4.000000e+00  5.629456e+01  1.574543e+01
     vertex  4.000000e+00  5.684623e+01  9.575289e+00
     vertex  4.000000e+00  5.689600e+01  1.061110e+01
   endloop
 endfacet
 facet normal  1.000000e+00  0.000000e+00  0.000000e+00
   outer loop
     vertex  4.000000e+00  5.629456e+01  1.574543e+01
     vertex  4.000000e+00  5.689600e+01  1.061110e+01
     vertex  4.000000e+00  5.662279e+01  1.422519e+01
   endloop
 endfacet
 facet normal  1.000000e+00  0.000000e+00  0.000000e+00
   outer loop
     vertex  4.000000e+00  5.629456e+01  1.574543e+01
     vertex  4.000000e+00  5.662279e+01  1.422519e+01
     vertex  4.000000e+00  5.652730e+01  1.473488e+01
   endloop
 endfacet
 facet normal  1.000000e+00  0.000000e+00  0.000000e+00
   outer loop
     vertex  4.000000e+00  5.629456e+01  1.574543e+01
     vertex  4.000000e+00  5.652730e+01  1.473488e+01
     vertex  4.000000e+00  5.641786e+01  1.524175e+01
   endloop
 endfacet
 facet normal  1.000000e+00  0.000000e+00  0.000000e+00
   outer loop
     vertex  4.000000e+00  5.584245e+01  1.723353e+01
     vertex  4.000000e+00  4.032763e+01 -7.756122e+00
     vertex  4.000000e+00  5.673971e+01  8.543766e+00
   endloop
 endfacet
 facet normal  1.000000e+00  0.000000e+00  0.000000e+00
   outer loop
     vertex  4.000000e+00  5.584245e+01  1.723353e+01
     vertex  4.000000e+00  5.673971e+01  8.543766e+00
     vertex  4.000000e+00  5.684623e+01  9.575289e+00
   endloop
 endfacet
 facet normal  1.000000e+00  0.000000e+00  0.000000e+00
   outer loop
     vertex  4.000000e+00  5.584245e+01  1.723353e+01
     vertex  4.000000e+00  5.684623e+01  9.575289e+00
     vertex  4.000000e+00  5.629456e+01  1.574543e+01
   endloop
 endfacet
 facet normal  1.000000e+00  0.000000e+00  0.000000e+00
   outer loop
     vertex  4.000000e+00  5.584245e+01  1.723353e+01
     vertex  4.000000e+00  5.629456e+01  1.574543e+01
     vertex  4.000000e+00  5.615749e+01  1.624554e+01
   endloop
 endfacet
 facet normal  1.000000e+00  0.000000e+00  0.000000e+00
   outer loop
     vertex  4.000000e+00  5.584245e+01  1.723353e+01
     vertex  4.000000e+00  5.615749e+01  1.624554e+01
     vertex  4.000000e+00  5.600675e+01  1.674170e+01
   endloop
 endfacet
 facet normal  1.000000e+00  0.000000e+00  0.000000e+00
   outer loop
     vertex  4.000000e+00  3.164423e+01 -6.799274e+00
     vertex  4.000000e+00  3.213492e+01 -6.966939e+00
     vertex  4.000000e+00  3.263004e+01 -7.121079e+00
   endloop
 endfacet
 facet normal  1.000000e+00  0.000000e+00  0.000000e+00
   outer loop
     vertex  4.000000e+00  3.164423e+01 -6.799274e+00
     vertex  4.000000e+00  3.263004e+01 -7.121079e+00
     vertex  4.000000e+00  3.312919e+01 -7.261578e+00
   endloop
 endfacet
 facet normal  1.000000e+00  0.000000e+00  0.000000e+00
   outer loop
     vertex  4.000000e+00  3.164423e+01 -6.799274e+00
     vertex  4.000000e+00  3.312919e+01 -7.261578e+00
     vertex  4.000000e+00  3.363202e+01 -7.388331e+00
   endloop
 endfacet
 facet normal  1.000000e+00  0.000000e+00  0.000000e+00
   outer loop
     vertex  4.000000e+00  3.020230e+01 -6.216441e+00
     vertex  4.000000e+00  3.067755e+01 -6.423883e+00
     vertex  4.000000e+00  3.115831e+01 -6.618210e+00
   endloop
 endfacet
 facet normal  1.000000e+00  0.000000e+00  0.000000e+00
   outer loop
     vertex  4.000000e+00  5.505234e+01  1.915031e+01
     vertex  4.000000e+00  5.566472e+01  1.772068e+01
     vertex  4.000000e+00  5.547370e+01  1.820276e+01
   endloop
 endfacet
 facet normal  1.000000e+00  0.000000e+00  0.000000e+00
   outer loop
     vertex  4.000000e+00  5.505234e+01  1.915031e+01
     vertex  4.000000e+00  5.547370e+01  1.820276e+01
     vertex  4.000000e+00  5.526952e+01  1.867943e+01
   endloop
 endfacet
 facet normal  1.000000e+00  0.000000e+00  0.000000e+00
   outer loop
     vertex  4.000000e+00  2.973292e+01 -5.996038e+00
     vertex  4.000000e+00  3.020230e+01 -6.216441e+00
     vertex  4.000000e+00  3.115831e+01 -6.618210e+00
   endloop
 endfacet
 facet normal  1.000000e+00  0.000000e+00  0.000000e+00
   outer loop
     vertex  4.000000e+00  5.432450e+01  2.052475e+01
     vertex  4.000000e+00  5.505234e+01  1.915031e+01
     vertex  4.000000e+00  5.482233e+01  1.961506e+01
   endloop
 endfacet
 facet normal  1.000000e+00  0.000000e+00  0.000000e+00
   outer loop
     vertex  4.000000e+00  5.432450e+01  2.052475e+01
     vertex  4.000000e+00  5.482233e+01  1.961506e+01
     vertex  4.000000e+00  5.457965e+01  2.007332e+01
   endloop
 endfacet
 facet normal  1.000000e+00  0.000000e+00  0.000000e+00
   outer loop
     vertex  4.000000e+00  2.836350e+01 -5.258778e+00
     vertex  4.000000e+00  3.115831e+01 -6.618210e+00
     vertex  4.000000e+00  3.164423e+01 -6.799274e+00
   endloop
 endfacet
 facet normal  1.000000e+00  0.000000e+00  0.000000e+00
   outer loop
     vertex  4.000000e+00  2.836350e+01 -5.258778e+00
     vertex  4.000000e+00  2.973292e+01 -5.996038e+00
     vertex  4.000000e+00  3.115831e+01 -6.618210e+00
   endloop
 endfacet
 facet normal  1.000000e+00  0.000000e+00  0.000000e+00
   outer loop
     vertex  4.000000e+00  2.836350e+01 -5.258778e+00
     vertex  4.000000e+00  2.881317e+01 -5.517026e+00
     vertex  4.000000e+00  2.926976e+01 -5.762842e+00
   endloop
 endfacet
 facet normal  1.000000e+00  0.000000e+00  0.000000e+00
   outer loop
     vertex  4.000000e+00  2.836350e+01 -5.258778e+00
     vertex  4.000000e+00  2.926976e+01 -5.762842e+00
     vertex  4.000000e+00  2.973292e+01 -5.996038e+00
   endloop
 endfacet
 facet normal  1.000000e+00  0.000000e+00  0.000000e+00
   outer loop
     vertex  4.000000e+00  5.405705e+01  2.096901e+01
     vertex  4.000000e+00  5.566472e+01  1.772068e+01
     vertex  4.000000e+00  5.505234e+01  1.915031e+01
   endloop
 endfacet
 facet normal  1.000000e+00  0.000000e+00  0.000000e+00
   outer loop
     vertex  4.000000e+00  5.405705e+01  2.096901e+01
     vertex  4.000000e+00  5.505234e+01  1.915031e+01
     vertex  4.000000e+00  5.432450e+01  2.052475e+01
   endloop
 endfacet
 facet normal  1.000000e+00  0.000000e+00  0.000000e+00
   outer loop
     vertex  4.000000e+00  5.405705e+01  2.096901e+01
     vertex  4.000000e+00  5.584245e+01  1.723353e+01
     vertex  4.000000e+00  5.566472e+01  1.772068e+01
   endloop
 endfacet
 facet normal  1.000000e+00  0.000000e+00  0.000000e+00
   outer loop
     vertex  4.000000e+00  5.405705e+01  2.096901e+01
     vertex  4.000000e+00  4.032763e+01 -7.756122e+00
     vertex  4.000000e+00  5.584245e+01  1.723353e+01
   endloop
 endfacet
 facet normal  1.000000e+00  0.000000e+00  0.000000e+00
   outer loop
     vertex  4.000000e+00  2.792108e+01 -4.988290e+00
     vertex  4.000000e+00  2.836350e+01 -5.258778e+00
     vertex  4.000000e+00  3.164423e+01 -6.799274e+00
   endloop
 endfacet
 facet normal  1.000000e+00  0.000000e+00  0.000000e+00
   outer loop
     vertex  4.000000e+00  5.348610e+01  2.183469e+01
     vertex  4.000000e+00  5.405705e+01  2.096901e+01
     vertex  4.000000e+00  5.377751e+01  2.140577e+01
   endloop
 endfacet
 facet normal  1.000000e+00  0.000000e+00  0.000000e+00
   outer loop
     vertex  4.000000e+00  5.318304e+01  2.225546e+01
     vertex  4.000000e+00  5.405705e+01  2.096901e+01
     vertex  4.000000e+00  5.348610e+01  2.183469e+01
   endloop
 endfacet
 facet normal  1.000000e+00  0.000000e+00  0.000000e+00
   outer loop
     vertex  4.000000e+00  2.664066e+01 -4.105473e+00
     vertex  4.000000e+00  2.705934e+01 -4.411421e+00
     vertex  4.000000e+00  2.748625e+01 -4.705767e+00
   endloop
 endfacet
 facet normal  1.000000e+00  0.000000e+00  0.000000e+00
   outer loop
     vertex  4.000000e+00  2.664066e+01 -4.105473e+00
     vertex  4.000000e+00  2.748625e+01 -4.705767e+00
     vertex  4.000000e+00  2.792108e+01 -4.988290e+00
   endloop
 endfacet
 facet normal  1.000000e+00  0.000000e+00  0.000000e+00
   outer loop
     vertex  4.000000e+00  2.582926e+01 -3.459705e+00
     vertex  4.000000e+00  2.664066e+01 -4.105473e+00
     vertex  4.000000e+00  2.792108e+01 -4.988290e+00
   endloop
 endfacet
 facet normal  1.000000e+00  0.000000e+00  0.000000e+00
   outer loop
     vertex  4.000000e+00  2.582926e+01 -3.459705e+00
     vertex  4.000000e+00  2.623053e+01 -3.788155e+00
     vertex  4.000000e+00  2.664066e+01 -4.105473e+00
   endloop
 endfacet
 facet normal  1.000000e+00  0.000000e+00  0.000000e+00
   outer loop
     vertex  4.000000e+00  5.220621e+01  2.346570e+01
     vertex  4.000000e+00  5.286854e+01  2.266776e+01
     vertex  4.000000e+00  5.254285e+01  2.307127e+01
   endloop
 endfacet
 facet normal  1.000000e+00  0.000000e+00  0.000000e+00
   outer loop
     vertex  4.000000e+00  2.543715e+01 -3.120370e+00
     vertex  4.000000e+00  2.582926e+01 -3.459705e+00
     vertex  4.000000e+00  2.792108e+01 -4.988290e+00
   endloop
 endfacet
 facet normal  1.000000e+00  0.000000e+00  0.000000e+00
   outer loop
     vertex  4.000000e+00  5.185888e+01  2.385074e+01
     vertex  4.000000e+00  5.286854e+01  2.266776e+01
     vertex  4.000000e+00  5.220621e+01  2.346570e+01
   endloop
 endfacet
 facet normal  1.000000e+00  0.000000e+00  0.000000e+00
   outer loop
     vertex  4.000000e+00  5.185888e+01  2.385074e+01
     vertex  4.000000e+00  5.318304e+01  2.225546e+01
     vertex  4.000000e+00  5.286854e+01  2.266776e+01
   endloop
 endfacet
 facet normal  1.000000e+00  0.000000e+00  0.000000e+00
   outer loop
     vertex  4.000000e+00  2.468160e+01 -2.410075e+00
     vertex  4.000000e+00  2.543715e+01 -3.120370e+00
     vertex  4.000000e+00  2.792108e+01 -4.988290e+00
   endloop
 endfacet
 facet normal  1.000000e+00  0.000000e+00  0.000000e+00
   outer loop
     vertex  4.000000e+00  2.468160e+01 -2.410075e+00
     vertex  4.000000e+00  2.505450e+01 -2.770405e+00
     vertex  4.000000e+00  2.543715e+01 -3.120370e+00
   endloop
 endfacet
 facet normal  1.000000e+00  0.000000e+00  0.000000e+00
   outer loop
     vertex  4.000000e+00  5.113319e+01  2.459152e+01
     vertex  4.000000e+00  5.185888e+01  2.385074e+01
     vertex  4.000000e+00  5.150111e+01  2.422611e+01
   endloop
 endfacet
 facet normal  1.000000e+00  0.000000e+00  0.000000e+00
   outer loop
     vertex  4.000000e+00  5.075537e+01  2.494670e+01
     vertex  4.000000e+00  5.405705e+01  2.096901e+01
     vertex  4.000000e+00  5.318304e+01  2.225546e+01
   endloop
 endfacet
 facet normal  1.000000e+00  0.000000e+00  0.000000e+00
   outer loop
     vertex  4.000000e+00  5.075537e+01  2.494670e+01
     vertex  4.000000e+00  5.185888e+01  2.385074e+01
     vertex  4.000000e+00  5.113319e+01  2.459152e+01
   endloop
 endfacet
 facet normal  1.000000e+00  0.000000e+00  0.000000e+00
   outer loop
     vertex  4.000000e+00  5.075537e+01  2.494670e+01
     vertex  4.000000e+00  5.318304e+01  2.225546e+01
     vertex  4.000000e+00  5.185888e+01  2.385074e+01
   endloop
 endfacet
 facet normal  1.000000e+00  0.000000e+00  0.000000e+00
   outer loop
     vertex  4.000000e+00  2.396614e+01 -1.659409e+00
     vertex  4.000000e+00  2.468160e+01 -2.410075e+00
     vertex  4.000000e+00  2.792108e+01 -4.988290e+00
   endloop
 endfacet
 facet normal  1.000000e+00  0.000000e+00  0.000000e+00
   outer loop
     vertex  4.000000e+00  2.396614e+01 -1.659409e+00
     vertex  4.000000e+00  2.431872e+01 -2.039650e+00
     vertex  4.000000e+00  2.468160e+01 -2.410075e+00
   endloop
 endfacet
 facet normal  1.000000e+00  0.000000e+00  0.000000e+00
   outer loop
     vertex  4.000000e+00  2.396614e+01 -1.659409e+00
     vertex  4.000000e+00  3.164423e+01 -6.799274e+00
     vertex  4.000000e+00  3.363202e+01 -7.388331e+00
   endloop
 endfacet
 facet normal  1.000000e+00  0.000000e+00  0.000000e+00
   outer loop
     vertex  4.000000e+00  2.396614e+01 -1.659409e+00
     vertex  4.000000e+00  2.792108e+01 -4.988290e+00
     vertex  4.000000e+00  3.164423e+01 -6.799274e+00
   endloop
 endfacet
 facet normal  1.000000e+00  0.000000e+00  0.000000e+00
   outer loop
     vertex  4.000000e+00  2.362412e+01 -1.269638e+00
     vertex  4.000000e+00  2.396614e+01 -1.659409e+00
     vertex  4.000000e+00  3.363202e+01 -7.388331e+00
   endloop
 endfacet
 facet normal  1.000000e+00  0.000000e+00  0.000000e+00
   outer loop
     vertex  4.000000e+00  4.997123e+01  2.562531e+01
     vertex  4.000000e+00  4.032763e+01 -7.756122e+00
     vertex  4.000000e+00  5.405705e+01  2.096901e+01
   endloop
 endfacet
 facet normal  1.000000e+00  0.000000e+00  0.000000e+00
   outer loop
     vertex  4.000000e+00  4.997123e+01  2.562531e+01
     vertex  4.000000e+00  5.075537e+01  2.494670e+01
     vertex  4.000000e+00  5.036796e+01  2.529138e+01
   endloop
 endfacet
 facet normal  1.000000e+00  0.000000e+00  0.000000e+00
   outer loop
     vertex  4.000000e+00  4.997123e+01  2.562531e+01
     vertex  4.000000e+00  3.877763e+01 -7.883996e+00
     vertex  4.000000e+00  4.032763e+01 -7.756122e+00
   endloop
 endfacet
 facet normal  1.000000e+00  0.000000e+00  0.000000e+00
   outer loop
     vertex  4.000000e+00  4.997123e+01  2.562531e+01
     vertex  4.000000e+00  3.774072e+01 -7.898222e+00
     vertex  4.000000e+00  3.877763e+01 -7.883996e+00
   endloop
 endfacet
 facet normal  1.000000e+00  0.000000e+00  0.000000e+00
   outer loop
     vertex  4.000000e+00  4.997123e+01  2.562531e+01
     vertex  4.000000e+00  5.405705e+01  2.096901e+01
     vertex  4.000000e+00  5.075537e+01  2.494670e+01
   endloop
 endfacet
 facet normal  1.000000e+00  0.000000e+00  0.000000e+00
   outer loop
     vertex  4.000000e+00  4.997123e+01  2.562531e+01
     vertex  4.000000e+00  3.363202e+01 -7.388331e+00
     vertex  4.000000e+00  3.774072e+01 -7.898222e+00
   endloop
 endfacet
 facet normal  1.000000e+00  0.000000e+00  0.000000e+00
   outer loop
     vertex  4.000000e+00  2.329292e+01 -8.706316e-01
     vertex  4.000000e+00  2.362412e+01 -1.269638e+00
     vertex  4.000000e+00  3.363202e+01 -7.388331e+00
   endloop
 endfacet
 facet normal  1.000000e+00  0.000000e+00  0.000000e+00
   outer loop
     vertex  4.000000e+00  2.297280e+01 -4.626891e-01
     vertex  4.000000e+00  2.329292e+01 -8.706316e-01
     vertex  4.000000e+00  3.363202e+01 -7.388331e+00
   endloop
 endfacet
 facet normal  1.000000e+00  0.000000e+00  0.000000e+00
   outer loop
     vertex  4.000000e+00  2.266399e+01 -4.611774e-02
     vertex  4.000000e+00  2.297280e+01 -4.626891e-01
     vertex  4.000000e+00  3.363202e+01 -7.388331e+00
   endloop
 endfacet
 facet normal  1.000000e+00  0.000000e+00  0.000000e+00
   outer loop
     vertex  4.000000e+00  4.872822e+01  2.656006e+01
     vertex  4.000000e+00  4.956550e+01  2.594822e+01
     vertex  4.000000e+00  4.915105e+01  2.625988e+01
   endloop
 endfacet
 facet normal  1.000000e+00  0.000000e+00  0.000000e+00
   outer loop
     vertex  4.000000e+00  4.829730e+01  2.684852e+01
     vertex  4.000000e+00  4.997123e+01  2.562531e+01
     vertex  4.000000e+00  4.956550e+01  2.594822e+01
   endloop
 endfacet
 facet normal  1.000000e+00  0.000000e+00  0.000000e+00
   outer loop
     vertex  4.000000e+00  4.829730e+01  2.684852e+01
     vertex  4.000000e+00  4.956550e+01  2.594822e+01
     vertex  4.000000e+00  4.872822e+01  2.656006e+01
   endloop
 endfacet
 facet normal  1.000000e+00  0.000000e+00  0.000000e+00
   outer loop
     vertex  4.000000e+00  2.154638e+01  1.700091e+00
     vertex  4.000000e+00  2.180770e+01  1.252202e+00
     vertex  4.000000e+00  2.208122e+01  8.116506e-01
   endloop
 endfacet
 facet normal  1.000000e+00  0.000000e+00  0.000000e+00
   outer loop
     vertex  4.000000e+00  4.695938e+01  2.764150e+01
     vertex  4.000000e+00  4.829730e+01  2.684852e+01
     vertex  4.000000e+00  4.785864e+01  2.712505e+01
   endloop
 endfacet
 facet normal  1.000000e+00  0.000000e+00  0.000000e+00
   outer loop
     vertex  4.000000e+00  4.695938e+01  2.764150e+01
     vertex  4.000000e+00  4.785864e+01  2.712505e+01
     vertex  4.000000e+00  4.741255e+01  2.738944e+01
   endloop
 endfacet
 facet normal  1.000000e+00  0.000000e+00  0.000000e+00
   outer loop
     vertex  4.000000e+00  2.129744e+01  2.154981e+00
     vertex  4.000000e+00  2.208122e+01  8.116506e-01
     vertex  4.000000e+00  2.236672e+01  3.787687e-01
   endloop
 endfacet
 facet normal  1.000000e+00  0.000000e+00  0.000000e+00
   outer loop
     vertex  4.000000e+00  2.129744e+01  2.154981e+00
     vertex  4.000000e+00  2.236672e+01  3.787687e-01
     vertex  4.000000e+00  2.266399e+01 -4.611774e-02
   endloop
 endfacet
 facet normal  1.000000e+00  0.000000e+00  0.000000e+00
   outer loop
     vertex  4.000000e+00  2.129744e+01  2.154981e+00
     vertex  4.000000e+00  2.154638e+01  1.700091e+00
     vertex  4.000000e+00  2.208122e+01  8.116506e-01
   endloop
 endfacet
 facet normal  1.000000e+00  0.000000e+00  0.000000e+00
   outer loop
     vertex  4.000000e+00  4.603315e+01  2.810785e+01
     vertex  4.000000e+00  4.695938e+01  2.764150e+01
     vertex  4.000000e+00  4.649946e+01  2.788103e+01
   endloop
 endfacet
 facet normal  1.000000e+00  0.000000e+00  0.000000e+00
   outer loop
     vertex  4.000000e+00  4.556079e+01  2.832179e+01
     vertex  4.000000e+00  4.695938e+01  2.764150e+01
     vertex  4.000000e+00  4.603315e+01  2.810785e+01
   endloop
 endfacet
 facet normal  1.000000e+00  0.000000e+00  0.000000e+00
   outer loop
     vertex  4.000000e+00  2.024474e+01  4.522285e+00
     vertex  4.000000e+00  2.042913e+01  4.037625e+00
     vertex  4.000000e+00  2.062675e+01  3.558205e+00
   endloop
 endfacet
 facet normal  1.000000e+00  0.000000e+00  0.000000e+00
   outer loop
     vertex  4.000000e+00  4.361805e+01  2.904571e+01
     vertex  4.000000e+00  4.556079e+01  2.832179e+01
     vertex  4.000000e+00  4.508274e+01  2.852270e+01
   endloop
 endfacet
 facet normal  1.000000e+00  0.000000e+00  0.000000e+00
   outer loop
     vertex  4.000000e+00  4.361805e+01  2.904571e+01
     vertex  4.000000e+00  4.508274e+01  2.852270e+01
     vertex  4.000000e+00  4.459935e+01  2.871041e+01
   endloop
 endfacet
 facet normal  1.000000e+00  0.000000e+00  0.000000e+00
   outer loop
     vertex  4.000000e+00  4.361805e+01  2.904571e+01
     vertex  4.000000e+00  4.459935e+01  2.871041e+01
     vertex  4.000000e+00  4.411100e+01  2.888479e+01
   endloop
 endfacet
 facet normal  1.000000e+00  0.000000e+00  0.000000e+00
   outer loop
     vertex  4.000000e+00  4.361805e+01  2.904571e+01
     vertex  4.000000e+00  4.997123e+01  2.562531e+01
     vertex  4.000000e+00  4.829730e+01  2.684852e+01
   endloop
 endfacet
 facet normal  1.000000e+00  0.000000e+00  0.000000e+00
   outer loop
     vertex  4.000000e+00  4.361805e+01  2.904571e+01
     vertex  4.000000e+00  4.695938e+01  2.764150e+01
     vertex  4.000000e+00  4.556079e+01  2.832179e+01
   endloop
 endfacet
 facet normal  1.000000e+00  0.000000e+00  0.000000e+00
   outer loop
     vertex  4.000000e+00  4.361805e+01  2.904571e+01
     vertex  4.000000e+00  4.829730e+01  2.684852e+01
     vertex  4.000000e+00  4.695938e+01  2.764150e+01
   endloop
 endfacet
 facet normal  1.000000e+00  0.000000e+00  0.000000e+00
   outer loop
     vertex  4.000000e+00  1.991618e+01  5.505866e+00
     vertex  4.000000e+00  2.007371e+01  5.011822e+00
     vertex  4.000000e+00  2.024474e+01  4.522285e+00
   endloop
 endfacet
 facet normal  1.000000e+00  0.000000e+00  0.000000e+00
   outer loop
     vertex  4.000000e+00  4.261983e+01  2.932668e+01
     vertex  4.000000e+00  4.361805e+01  2.904571e+01
     vertex  4.000000e+00  4.312087e+01  2.919304e+01
   endloop
 endfacet
 facet normal  1.000000e+00  0.000000e+00  0.000000e+00
   outer loop
     vertex  4.000000e+00  1.964206e+01  6.505988e+00
     vertex  4.000000e+00  2.024474e+01  4.522285e+00
     vertex  4.000000e+00  2.062675e+01  3.558205e+00
   endloop
 endfacet
 facet normal  1.000000e+00  0.000000e+00  0.000000e+00
   outer loop
     vertex  4.000000e+00  1.964206e+01  6.505988e+00
     vertex  4.000000e+00  1.991618e+01  5.505866e+00
     vertex  4.000000e+00  2.024474e+01  4.522285e+00
   endloop
 endfacet
 facet normal  1.000000e+00  0.000000e+00  0.000000e+00
   outer loop
     vertex  4.000000e+00  1.964206e+01  6.505988e+00
     vertex  4.000000e+00  1.977226e+01  6.004047e+00
     vertex  4.000000e+00  1.991618e+01  5.505866e+00
   endloop
 endfacet
 facet normal  1.000000e+00  0.000000e+00  0.000000e+00
   outer loop
     vertex  4.000000e+00  4.211532e+01  2.944652e+01
     vertex  4.000000e+00  4.361805e+01  2.904571e+01
     vertex  4.000000e+00  4.261983e+01  2.932668e+01
   endloop
 endfacet
 facet normal  1.000000e+00  0.000000e+00  0.000000e+00
   outer loop
     vertex  4.000000e+00  4.109738e+01  2.964447e+01
     vertex  4.000000e+00  4.997123e+01  2.562531e+01
     vertex  4.000000e+00  4.361805e+01  2.904571e+01
   endloop
 endfacet
 facet normal  1.000000e+00  0.000000e+00  0.000000e+00
   outer loop
     vertex  4.000000e+00  4.109738e+01  2.964447e+01
     vertex  4.000000e+00  4.211532e+01  2.944652e+01
     vertex  4.000000e+00  4.160770e+01  2.955248e+01
   endloop
 endfacet
 facet normal  1.000000e+00  0.000000e+00  0.000000e+00
   outer loop
     vertex  4.000000e+00  4.109738e+01  2.964447e+01
     vertex  4.000000e+00  4.361805e+01  2.904571e+01
     vertex  4.000000e+00  4.211532e+01  2.944652e+01
   endloop
 endfacet
 facet normal  1.000000e+00  0.000000e+00  0.000000e+00
   outer loop
     vertex  4.000000e+00  1.926029e+01  8.543766e+00
     vertex  4.000000e+00  1.964206e+01  6.505988e+00
     vertex  4.000000e+00  2.062675e+01  3.558205e+00
   endloop
 endfacet
 facet normal  1.000000e+00  0.000000e+00  0.000000e+00
   outer loop
     vertex  4.000000e+00  1.926029e+01  8.543766e+00
     vertex  4.000000e+00  1.933472e+01  8.030585e+00
     vertex  4.000000e+00  1.942321e+01  7.519638e+00
   endloop
 endfacet
 facet normal  1.000000e+00  0.000000e+00  0.000000e+00
   outer loop
     vertex  4.000000e+00  1.926029e+01  8.543766e+00
     vertex  4.000000e+00  1.942321e+01  7.519638e+00
     vertex  4.000000e+00  1.952568e+01  7.011312e+00
   endloop
 endfacet
 facet normal  1.000000e+00  0.000000e+00  0.000000e+00
   outer loop
     vertex  4.000000e+00  1.926029e+01  8.543766e+00
     vertex  4.000000e+00  1.952568e+01  7.011312e+00
     vertex  4.000000e+00  1.964206e+01  6.505988e+00
   endloop
 endfacet
 facet normal  1.000000e+00  0.000000e+00  0.000000e+00
   outer loop
     vertex  4.000000e+00  1.915377e+01  9.575289e+00
     vertex  4.000000e+00  1.919995e+01  9.058797e+00
     vertex  4.000000e+00  1.926029e+01  8.543766e+00
   endloop
 endfacet
 facet normal  1.000000e+00  0.000000e+00  0.000000e+00
   outer loop
     vertex  4.000000e+00  3.903662e+01  2.987155e+01
     vertex  4.000000e+00  4.058472e+01  2.972243e+01
     vertex  4.000000e+00  4.007011e+01  2.978629e+01
   endloop
 endfacet
 facet normal  1.000000e+00  0.000000e+00  0.000000e+00
   outer loop
     vertex  4.000000e+00  3.903662e+01  2.987155e+01
     vertex  4.000000e+00  4.007011e+01  2.978629e+01
     vertex  4.000000e+00  3.955395e+01  2.983601e+01
   endloop
 endfacet
 facet normal  1.000000e+00  0.000000e+00  0.000000e+00
   outer loop
     vertex  4.000000e+00  1.910400e+01  1.061110e+01
     vertex  4.000000e+00  1.912178e+01  1.009285e+01
     vertex  4.000000e+00  1.915377e+01  9.575289e+00
   endloop
 endfacet
 facet normal  1.000000e+00  0.000000e+00  0.000000e+00
   outer loop
     vertex  4.000000e+00  3.800000e+01  2.990000e+01
     vertex  4.000000e+00  3.903662e+01  2.987155e+01
     vertex  4.000000e+00  3.851850e+01  2.989289e+01
   endloop
 endfacet
 facet normal  1.000000e+00  0.000000e+00  0.000000e+00
   outer loop
     vertex  4.000000e+00  1.910044e+01  1.112964e+01
     vertex  4.000000e+00  1.910400e+01  1.061110e+01
     vertex  4.000000e+00  1.915377e+01  9.575289e+00
   endloop
 endfacet
 facet normal  1.000000e+00  0.000000e+00  0.000000e+00
   outer loop
     vertex  4.000000e+00  3.748150e+01  2.989289e+01
     vertex  4.000000e+00  4.109738e+01  2.964447e+01
     vertex  4.000000e+00  4.058472e+01  2.972243e+01
   endloop
 endfacet
 facet normal  1.000000e+00  0.000000e+00  0.000000e+00
   outer loop
     vertex  4.000000e+00  3.748150e+01  2.989289e+01
     vertex  4.000000e+00  4.058472e+01  2.972243e+01
     vertex  4.000000e+00  3.903662e+01  2.987155e+01
   endloop
 endfacet
 facet normal  1.000000e+00 -0.000000e+00  0.000000e+00
   outer loop
     vertex  4.000000e+00  3.748150e+01  2.989289e+01
     vertex  4.000000e+00  3.903662e+01  2.987155e+01
     vertex  4.000000e+00  3.800000e+01  2.990000e+01
   endloop
 endfacet
 facet normal  1.000000e+00  0.000000e+00  0.000000e+00
   outer loop
     vertex  4.000000e+00  1.917509e+01  1.268312e+01
     vertex  4.000000e+00  1.913600e+01  1.216604e+01
     vertex  4.000000e+00  1.911111e+01  1.164808e+01
   endloop
 endfacet
 facet normal  1.000000e+00  0.000000e+00  0.000000e+00
   outer loop
     vertex  4.000000e+00  1.917509e+01  1.268312e+01
     vertex  4.000000e+00  1.911111e+01  1.164808e+01
     vertex  4.000000e+00  1.910044e+01  1.112964e+01
   endloop
 endfacet
 facet normal  1.000000e+00  0.000000e+00  0.000000e+00
   outer loop
     vertex  4.000000e+00  3.541528e+01  2.972243e+01
     vertex  4.000000e+00  3.696338e+01  2.987155e+01
     vertex  4.000000e+00  3.644605e+01  2.983601e+01
   endloop
 endfacet
 facet normal  1.000000e+00  0.000000e+00  0.000000e+00
   outer loop
     vertex  4.000000e+00  3.541528e+01  2.972243e+01
     vertex  4.000000e+00  3.644605e+01  2.983601e+01
     vertex  4.000000e+00  3.592989e+01  2.978629e+01
   endloop
 endfacet
 facet normal  1.000000e+00  0.000000e+00  0.000000e+00
   outer loop
     vertex  4.000000e+00  1.929574e+01  1.371308e+01
     vertex  4.000000e+00  1.922835e+01  1.319893e+01
     vertex  4.000000e+00  1.917509e+01  1.268312e+01
   endloop
 endfacet
 facet normal  1.000000e+00  0.000000e+00  0.000000e+00
   outer loop
     vertex  4.000000e+00  3.490262e+01  2.964447e+01
     vertex  4.000000e+00  3.748150e+01  2.989289e+01
     vertex  4.000000e+00  3.696338e+01  2.987155e+01
   endloop
 endfacet
 facet normal  1.000000e+00  0.000000e+00  0.000000e+00
   outer loop
     vertex  4.000000e+00  3.490262e+01  2.964447e+01
     vertex  4.000000e+00  3.696338e+01  2.987155e+01
     vertex  4.000000e+00  3.541528e+01  2.972243e+01
   endloop
 endfacet
 facet normal  1.000000e+00  0.000000e+00  0.000000e+00
   outer loop
     vertex  4.000000e+00  1.937721e+01  1.422519e+01
     vertex  4.000000e+00  1.910044e+01  1.112964e+01
     vertex  4.000000e+00  1.915377e+01  9.575289e+00
   endloop
 endfacet
 facet normal  1.000000e+00  0.000000e+00  0.000000e+00
   outer loop
     vertex  4.000000e+00  1.937721e+01  1.422519e+01
     vertex  4.000000e+00  1.917509e+01  1.268312e+01
     vertex  4.000000e+00  1.910044e+01  1.112964e+01
   endloop
 endfacet
 facet normal  1.000000e+00  0.000000e+00  0.000000e+00
   outer loop
     vertex  4.000000e+00  1.937721e+01  1.422519e+01
     vertex  4.000000e+00  1.929574e+01  1.371308e+01
     vertex  4.000000e+00  1.917509e+01  1.268312e+01
   endloop
 endfacet
 facet normal  1.000000e+00  0.000000e+00  0.000000e+00
   outer loop
     vertex  4.000000e+00  3.439230e+01  2.955248e+01
     vertex  4.000000e+00  3.748150e+01  2.989289e+01
     vertex  4.000000e+00  3.490262e+01  2.964447e+01
   endloop
 endfacet
 facet normal  1.000000e+00  0.000000e+00  0.000000e+00
   outer loop
     vertex  4.000000e+00  1.947270e+01  1.473488e+01
     vertex  4.000000e+00  1.937721e+01  1.422519e+01
     vertex  4.000000e+00  1.915377e+01  9.575289e+00
   endloop
 endfacet
 facet normal  1.000000e+00  0.000000e+00  0.000000e+00
   outer loop
     vertex  4.000000e+00  1.958214e+01  1.524175e+01
     vertex  4.000000e+00  1.915377e+01  9.575289e+00
     vertex  4.000000e+00  1.926029e+01  8.543766e+00
   endloop
 endfacet
 facet normal  1.000000e+00  0.000000e+00  0.000000e+00
   outer loop
     vertex  4.000000e+00  1.958214e+01  1.524175e+01
     vertex  4.000000e+00  1.947270e+01  1.473488e+01
     vertex  4.000000e+00  1.915377e+01  9.575289e+00
   endloop
 endfacet
 facet normal  1.000000e+00  0.000000e+00  0.000000e+00
   outer loop
     vertex  4.000000e+00  3.338017e+01  2.932668e+01
     vertex  4.000000e+00  3.439230e+01  2.955248e+01
     vertex  4.000000e+00  3.388468e+01  2.944652e+01
   endloop
 endfacet
 facet normal  1.000000e+00 -0.000000e+00  0.000000e+00
   outer loop
     vertex  4.000000e+00  3.338017e+01  2.932668e+01
     vertex  4.000000e+00  4.997123e+01  2.562531e+01
     vertex  4.000000e+00  4.109738e+01  2.964447e+01
   endloop
 endfacet
 facet normal  1.000000e+00  0.000000e+00  0.000000e+00
   outer loop
     vertex  4.000000e+00  3.338017e+01  2.932668e+01
     vertex  4.000000e+00  4.109738e+01  2.964447e+01
     vertex  4.000000e+00  3.748150e+01  2.989289e+01
   endloop
 endfacet
 facet normal  1.000000e+00  0.000000e+00  0.000000e+00
   outer loop
     vertex  4.000000e+00  3.338017e+01  2.932668e+01
     vertex  4.000000e+00  3.363202e+01 -7.388331e+00
     vertex  4.000000e+00  4.997123e+01  2.562531e+01
   endloop
 endfacet
 facet normal  1.000000e+00  0.000000e+00  0.000000e+00
   outer loop
     vertex  4.000000e+00  3.338017e+01  2.932668e+01
     vertex  4.000000e+00  2.062675e+01  3.558205e+00
     vertex  4.000000e+00  2.083745e+01  3.084388e+00
   endloop
 endfacet
 facet normal  1.000000e+00  0.000000e+00  0.000000e+00
   outer loop
     vertex  4.000000e+00  3.338017e+01  2.932668e+01
     vertex  4.000000e+00  2.083745e+01  3.084388e+00
     vertex  4.000000e+00  2.106107e+01  2.616529e+00
   endloop
 endfacet
 facet normal  1.000000e+00  0.000000e+00  0.000000e+00
   outer loop
     vertex  4.000000e+00  3.338017e+01  2.932668e+01
     vertex  4.000000e+00  2.106107e+01  2.616529e+00
     vertex  4.000000e+00  2.129744e+01  2.154981e+00
   endloop
 endfacet
 facet normal  1.000000e+00  0.000000e+00  0.000000e+00
   outer loop
     vertex  4.000000e+00  3.338017e+01  2.932668e+01
     vertex  4.000000e+00  2.266399e+01 -4.611774e-02
     vertex  4.000000e+00  3.363202e+01 -7.388331e+00
   endloop
 endfacet
 facet normal  1.000000e+00  0.000000e+00  0.000000e+00
   outer loop
     vertex  4.000000e+00  3.338017e+01  2.932668e+01
     vertex  4.000000e+00  2.129744e+01  2.154981e+00
     vertex  4.000000e+00  2.266399e+01 -4.611774e-02
   endloop
 endfacet
 facet normal  1.000000e+00  0.000000e+00  0.000000e+00
   outer loop
     vertex  4.000000e+00  3.338017e+01  2.932668e+01
     vertex  4.000000e+00  3.748150e+01  2.989289e+01
     vertex  4.000000e+00  3.439230e+01  2.955248e+01
   endloop
 endfacet
 facet normal  1.000000e+00  0.000000e+00  0.000000e+00
   outer loop
     vertex  4.000000e+00  1.984251e+01  1.624554e+01
     vertex  4.000000e+00  1.970544e+01  1.574543e+01
     vertex  4.000000e+00  1.958214e+01  1.524175e+01
   endloop
 endfacet
 facet normal  1.000000e+00  0.000000e+00  0.000000e+00
   outer loop
     vertex  4.000000e+00  3.188900e+01  2.888479e+01
     vertex  4.000000e+00  3.338017e+01  2.932668e+01
     vertex  4.000000e+00  3.287913e+01  2.919304e+01
   endloop
 endfacet
 facet normal  1.000000e+00  0.000000e+00  0.000000e+00
   outer loop
     vertex  4.000000e+00  3.188900e+01  2.888479e+01
     vertex  4.000000e+00  3.287913e+01  2.919304e+01
     vertex  4.000000e+00  3.238195e+01  2.904571e+01
   endloop
 endfacet
 facet normal  1.000000e+00  0.000000e+00  0.000000e+00
   outer loop
     vertex  4.000000e+00  2.033528e+01  1.772068e+01
     vertex  4.000000e+00  1.984251e+01  1.624554e+01
     vertex  4.000000e+00  1.958214e+01  1.524175e+01
   endloop
 endfacet
 facet normal  1.000000e+00  0.000000e+00  0.000000e+00
   outer loop
     vertex  4.000000e+00  2.033528e+01  1.772068e+01
     vertex  4.000000e+00  2.015755e+01  1.723353e+01
     vertex  4.000000e+00  1.999325e+01  1.674170e+01
   endloop
 endfacet
 facet normal  1.000000e+00  0.000000e+00  0.000000e+00
   outer loop
     vertex  4.000000e+00  2.033528e+01  1.772068e+01
     vertex  4.000000e+00  1.999325e+01  1.674170e+01
     vertex  4.000000e+00  1.984251e+01  1.624554e+01
   endloop
 endfacet
 facet normal  1.000000e+00  0.000000e+00  0.000000e+00
   outer loop
     vertex  4.000000e+00  3.091726e+01  2.852270e+01
     vertex  4.000000e+00  3.188900e+01  2.888479e+01
     vertex  4.000000e+00  3.140065e+01  2.871041e+01
   endloop
 endfacet
 facet normal  1.000000e+00  0.000000e+00  0.000000e+00
   outer loop
     vertex  4.000000e+00  2.094766e+01  1.915031e+01
     vertex  4.000000e+00  2.033528e+01  1.772068e+01
     vertex  4.000000e+00  1.958214e+01  1.524175e+01
   endloop
 endfacet
 facet normal  1.000000e+00  0.000000e+00  0.000000e+00
   outer loop
     vertex  4.000000e+00  2.094766e+01  1.915031e+01
     vertex  4.000000e+00  2.073048e+01  1.867943e+01
     vertex  4.000000e+00  2.052630e+01  1.820276e+01
   endloop
 endfacet
 facet normal  1.000000e+00  0.000000e+00  0.000000e+00
   outer loop
     vertex  4.000000e+00  2.094766e+01  1.915031e+01
     vertex  4.000000e+00  2.052630e+01  1.820276e+01
     vertex  4.000000e+00  2.033528e+01  1.772068e+01
   endloop
 endfacet
 facet normal  1.000000e+00  0.000000e+00  0.000000e+00
   outer loop
     vertex  4.000000e+00  2.094766e+01  1.915031e+01
     vertex  4.000000e+00  1.958214e+01  1.524175e+01
     vertex  4.000000e+00  1.926029e+01  8.543766e+00
   endloop
 endfacet
 facet normal  1.000000e+00  0.000000e+00  0.000000e+00
   outer loop
     vertex  4.000000e+00  2.950054e+01  2.788103e+01
     vertex  4.000000e+00  3.091726e+01  2.852270e+01
     vertex  4.000000e+00  3.043921e+01  2.832179e+01
   endloop
 endfacet
 facet normal  1.000000e+00  0.000000e+00  0.000000e+00
   outer loop
     vertex  4.000000e+00  2.950054e+01  2.788103e+01
     vertex  4.000000e+00  3.043921e+01  2.832179e+01
     vertex  4.000000e+00  2.996685e+01  2.810785e+01
   endloop
 endfacet
 facet normal  1.000000e+00  0.000000e+00  0.000000e+00
   outer loop
     vertex  4.000000e+00  2.904062e+01  2.764150e+01
     vertex  4.000000e+00  3.338017e+01  2.932668e+01
     vertex  4.000000e+00  3.188900e+01  2.888479e+01
   endloop
 endfacet
 facet normal  1.000000e+00  0.000000e+00  0.000000e+00
   outer loop
     vertex  4.000000e+00  2.904062e+01  2.764150e+01
     vertex  4.000000e+00  3.188900e+01  2.888479e+01
     vertex  4.000000e+00  3.091726e+01  2.852270e+01
   endloop
 endfacet
 facet normal  1.000000e+00  0.000000e+00  0.000000e+00
   outer loop
     vertex  4.000000e+00  2.904062e+01  2.764150e+01
     vertex  4.000000e+00  3.091726e+01  2.852270e+01
     vertex  4.000000e+00  2.950054e+01  2.788103e+01
   endloop
 endfacet
 facet normal  1.000000e+00  0.000000e+00  0.000000e+00
   outer loop
     vertex  4.000000e+00  2.858745e+01  2.738944e+01
     vertex  4.000000e+00  3.338017e+01  2.932668e+01
     vertex  4.000000e+00  2.904062e+01  2.764150e+01
   endloop
 endfacet
 facet normal  1.000000e+00  0.000000e+00  0.000000e+00
   outer loop
     vertex  4.000000e+00  2.194295e+01  2.096901e+01
     vertex  4.000000e+00  2.167550e+01  2.052475e+01
     vertex  4.000000e+00  2.142035e+01  2.007332e+01
   endloop
 endfacet
 facet normal  1.000000e+00  0.000000e+00  0.000000e+00
   outer loop
     vertex  4.000000e+00  2.222249e+01  2.140577e+01
     vertex  4.000000e+00  2.142035e+01  2.007332e+01
     vertex  4.000000e+00  2.117767e+01  1.961506e+01
   endloop
 endfacet
 facet normal  1.000000e+00  0.000000e+00  0.000000e+00
   outer loop
     vertex  4.000000e+00  2.222249e+01  2.140577e+01
     vertex  4.000000e+00  2.117767e+01  1.961506e+01
     vertex  4.000000e+00  2.094766e+01  1.915031e+01
   endloop
 endfacet
 facet normal  1.000000e+00  0.000000e+00  0.000000e+00
   outer loop
     vertex  4.000000e+00  2.222249e+01  2.140577e+01
     vertex  4.000000e+00  2.194295e+01  2.096901e+01
     vertex  4.000000e+00  2.142035e+01  2.007332e+01
   endloop
 endfacet
 facet normal  1.000000e+00  0.000000e+00  0.000000e+00
   outer loop
     vertex  4.000000e+00  2.684895e+01  2.625988e+01
     vertex  4.000000e+00  2.858745e+01  2.738944e+01
     vertex  4.000000e+00  2.814136e+01  2.712505e+01
   endloop
 endfacet
 facet normal  1.000000e+00  0.000000e+00  0.000000e+00
   outer loop
     vertex  4.000000e+00  2.684895e+01  2.625988e+01
     vertex  4.000000e+00  2.814136e+01  2.712505e+01
     vertex  4.000000e+00  2.770270e+01  2.684852e+01
   endloop
 endfacet
 facet normal  1.000000e+00  0.000000e+00  0.000000e+00
   outer loop
     vertex  4.000000e+00  2.684895e+01  2.625988e+01
     vertex  4.000000e+00  2.770270e+01  2.684852e+01
     vertex  4.000000e+00  2.727178e+01  2.656006e+01
   endloop
 endfacet
 facet normal  1.000000e+00  0.000000e+00  0.000000e+00
   outer loop
     vertex  4.000000e+00  2.684895e+01  2.625988e+01
     vertex  4.000000e+00  2.094766e+01  1.915031e+01
     vertex  4.000000e+00  1.926029e+01  8.543766e+00
   endloop
 endfacet
 facet normal  1.000000e+00  0.000000e+00  0.000000e+00
   outer loop
     vertex  4.000000e+00  2.684895e+01  2.625988e+01
     vertex  4.000000e+00  1.926029e+01  8.543766e+00
     vertex  4.000000e+00  2.062675e+01  3.558205e+00
   endloop
 endfacet
 facet normal  1.000000e+00  0.000000e+00  0.000000e+00
   outer loop
     vertex  4.000000e+00  2.684895e+01  2.625988e+01
     vertex  4.000000e+00  3.338017e+01  2.932668e+01
     vertex  4.000000e+00  2.858745e+01  2.738944e+01
   endloop
 endfacet
 facet normal  1.000000e+00 -0.000000e+00  0.000000e+00
   outer loop
     vertex  4.000000e+00  2.684895e+01  2.625988e+01
     vertex  4.000000e+00  2.062675e+01  3.558205e+00
     vertex  4.000000e+00  3.338017e+01  2.932668e+01
   endloop
 endfacet
 facet normal  1.000000e+00  0.000000e+00  0.000000e+00
   outer loop
     vertex  4.000000e+00  2.281696e+01  2.225546e+01
     vertex  4.000000e+00  2.251390e+01  2.183469e+01
     vertex  4.000000e+00  2.222249e+01  2.140577e+01
   endloop
 endfacet
 facet normal  1.000000e+00  0.000000e+00  0.000000e+00
   outer loop
     vertex  4.000000e+00  2.313146e+01  2.266776e+01
     vertex  4.000000e+00  2.222249e+01  2.140577e+01
     vertex  4.000000e+00  2.094766e+01  1.915031e+01
   endloop
 endfacet
 facet normal  1.000000e+00  0.000000e+00  0.000000e+00
   outer loop
     vertex  4.000000e+00  2.313146e+01  2.266776e+01
     vertex  4.000000e+00  2.281696e+01  2.225546e+01
     vertex  4.000000e+00  2.222249e+01  2.140577e+01
   endloop
 endfacet
 facet normal  1.000000e+00  0.000000e+00  0.000000e+00
   outer loop
     vertex  4.000000e+00  2.602877e+01  2.562531e+01
     vertex  4.000000e+00  2.684895e+01  2.625988e+01
     vertex  4.000000e+00  2.643450e+01  2.594822e+01
   endloop
 endfacet
 facet normal  1.000000e+00  0.000000e+00  0.000000e+00
   outer loop
     vertex  4.000000e+00  2.379379e+01  2.346570e+01
     vertex  4.000000e+00  2.345715e+01  2.307127e+01
     vertex  4.000000e+00  2.313146e+01  2.266776e+01
   endloop
 endfacet
 facet normal  1.000000e+00  0.000000e+00  0.000000e+00
   outer loop
     vertex  4.000000e+00  2.524463e+01  2.494670e+01
     vertex  4.000000e+00  2.602877e+01  2.562531e+01
     vertex  4.000000e+00  2.563204e+01  2.529138e+01
   endloop
 endfacet
 facet normal  1.000000e+00  0.000000e+00  0.000000e+00
   outer loop
     vertex  4.000000e+00  2.524463e+01  2.494670e+01
     vertex  4.000000e+00  2.684895e+01  2.625988e+01
     vertex  4.000000e+00  2.602877e+01  2.562531e+01
   endloop
 endfacet
 facet normal  1.000000e+00  0.000000e+00  0.000000e+00
   outer loop
     vertex  4.000000e+00  2.414112e+01  2.385074e+01
     vertex  4.000000e+00  2.379379e+01  2.346570e+01
     vertex  4.000000e+00  2.313146e+01  2.266776e+01
   endloop
 endfacet
 facet normal  1.000000e+00  0.000000e+00  0.000000e+00
   outer loop
     vertex  4.000000e+00  2.449889e+01  2.422611e+01
     vertex  4.000000e+00  2.524463e+01  2.494670e+01
     vertex  4.000000e+00  2.486681e+01  2.459152e+01
   endloop
 endfacet
 facet normal  1.000000e+00 -0.000000e+00  0.000000e+00
   outer loop
     vertex  4.000000e+00  2.449889e+01  2.422611e+01
     vertex  4.000000e+00  2.094766e+01  1.915031e+01
     vertex  4.000000e+00  2.684895e+01  2.625988e+01
   endloop
 endfacet
 facet normal  1.000000e+00  0.000000e+00  0.000000e+00
   outer loop
     vertex  4.000000e+00  2.449889e+01  2.422611e+01
     vertex  4.000000e+00  2.313146e+01  2.266776e+01
     vertex  4.000000e+00  2.094766e+01  1.915031e+01
   endloop
 endfacet
 facet normal  1.000000e+00  0.000000e+00  0.000000e+00
   outer loop
     vertex  4.000000e+00  2.449889e+01  2.422611e+01
     vertex  4.000000e+00  2.684895e+01  2.625988e+01
     vertex  4.000000e+00  2.524463e+01  2.494670e+01
   endloop
 endfacet
 facet normal  1.000000e+00  0.000000e+00  0.000000e+00
   outer loop
     vertex  4.000000e+00  2.449889e+01  2.422611e+01
     vertex  4.000000e+00  2.414112e+01  2.385074e+01
     vertex  4.000000e+00  2.313146e+01  2.266776e+01
   endloop
 endfacet
 facet normal -1.000000e+00  0.000000e+00  0.000000e+00
   outer loop
     vertex -1.000000e+01  5.056285e+01 -3.120370e+00
     vertex -1.000000e+01  5.131840e+01 -2.410075e+00
     vertex -1.000000e+01  5.094550e+01 -2.770405e+00
   endloop
 endfacet
 facet normal -1.000000e+00  0.000000e+00  0.000000e+00
   outer loop
     vertex -1.000000e+01  5.056285e+01 -3.120370e+00
     vertex -1.000000e+01  5.168128e+01 -2.039650e+00
     vertex -1.000000e+01  5.131840e+01 -2.410075e+00
   endloop
 endfacet
 facet normal -1.000000e+00  0.000000e+00  0.000000e+00
   outer loop
     vertex -1.000000e+01  5.302720e+01 -4.626891e-01
     vertex -1.000000e+01  5.237588e+01 -1.269638e+00
     vertex -1.000000e+01  5.203386e+01 -1.659409e+00
   endloop
 endfacet
 facet normal -1.000000e+00  0.000000e+00  0.000000e+00
   outer loop
     vertex -1.000000e+01  5.302720e+01 -4.626891e-01
     vertex -1.000000e+01  5.270708e+01 -8.706316e-01
     vertex -1.000000e+01  5.237588e+01 -1.269638e+00
   endloop
 endfacet
 facet normal -1.000000e+00  0.000000e+00  0.000000e+00
   outer loop
     vertex -1.000000e+01  5.333601e+01 -4.611774e-02
     vertex -1.000000e+01  5.168128e+01 -2.039650e+00
     vertex -1.000000e+01  5.056285e+01 -3.120370e+00
   endloop
 endfacet
 facet normal -1.000000e+00  0.000000e+00  0.000000e+00
   outer loop
     vertex -1.000000e+01  5.333601e+01 -4.611774e-02
     vertex -1.000000e+01  5.203386e+01 -1.659409e+00
     vertex -1.000000e+01  5.168128e+01 -2.039650e+00
   endloop
 endfacet
 facet normal -1.000000e+00  0.000000e+00  0.000000e+00
   outer loop
     vertex -1.000000e+01  5.333601e+01 -4.611774e-02
     vertex -1.000000e+01  5.302720e+01 -4.626891e-01
     vertex -1.000000e+01  5.203386e+01 -1.659409e+00
   endloop
 endfacet
 facet normal -1.000000e+00  0.000000e+00  0.000000e+00
   outer loop
     vertex -1.000000e+01  4.894066e+01 -4.411421e+00
     vertex -1.000000e+01  5.333601e+01 -4.611774e-02
     vertex -1.000000e+01  5.056285e+01 -3.120370e+00
   endloop
 endfacet
 facet normal -1.000000e+00  0.000000e+00  0.000000e+00
   outer loop
     vertex -1.000000e+01  4.894066e+01 -4.411421e+00
     vertex -1.000000e+01  4.976947e+01 -3.788155e+00
     vertex -1.000000e+01  4.935934e+01 -4.105473e+00
   endloop
 endfacet
 facet normal -1.000000e+00  0.000000e+00  0.000000e+00
   outer loop
     vertex -1.000000e+01  4.894066e+01 -4.411421e+00
     vertex -1.000000e+01  5.017074e+01 -3.459705e+00
     vertex -1.000000e+01  4.976947e+01 -3.788155e+00
   endloop
 endfacet
 facet normal -1.000000e+00  0.000000e+00  0.000000e+00
   outer loop
     vertex -1.000000e+01  4.894066e+01 -4.411421e+00
     vertex -1.000000e+01  5.056285e+01 -3.120370e+00
     vertex -1.000000e+01  5.017074e+01 -3.459705e+00
   endloop
 endfacet
 facet normal -1.000000e+00  0.000000e+00  0.000000e+00
   outer loop
     vertex -1.000000e+01  5.419230e+01  1.252202e+00
     vertex -1.000000e+01  5.391878e+01  8.116506e-01
     vertex -1.000000e+01  5.363328e+01  3.787687e-01
   endloop
 endfacet
 facet normal -1.000000e+00  0.000000e+00  0.000000e+00
   outer loop
     vertex -1.000000e+01  4.718683e+01 -5.517026e+00
     vertex -1.000000e+01  4.807892e+01 -4.988290e+00
     vertex -1.000000e+01  4.763650e+01 -5.258778e+00
   endloop
 endfacet
 facet normal -1.000000e+00  0.000000e+00  0.000000e+00
   outer loop
     vertex -1.000000e+01  4.718683e+01 -5.517026e+00
     vertex -1.000000e+01  4.851375e+01 -4.705767e+00
     vertex -1.000000e+01  4.807892e+01 -4.988290e+00
   endloop
 endfacet
 facet normal -1.000000e+00  0.000000e+00  0.000000e+00
   outer loop
     vertex -1.000000e+01  4.718683e+01 -5.517026e+00
     vertex -1.000000e+01  4.894066e+01 -4.411421e+00
     vertex -1.000000e+01  4.851375e+01 -4.705767e+00
   endloop
 endfacet
 facet normal -1.000000e+00  0.000000e+00  0.000000e+00
   outer loop
     vertex -1.000000e+01  5.470256e+01  2.154981e+00
     vertex -1.000000e+01  5.445362e+01  1.700091e+00
     vertex -1.000000e+01  5.419230e+01  1.252202e+00
   endloop
 endfacet
 facet normal -1.000000e+00  0.000000e+00  0.000000e+00
   outer loop
     vertex -1.000000e+01  5.516255e+01  3.084388e+00
     vertex -1.000000e+01  5.493893e+01  2.616529e+00
     vertex -1.000000e+01  5.470256e+01  2.154981e+00
   endloop
 endfacet
 facet normal -1.000000e+00  0.000000e+00  0.000000e+00
   outer loop
     vertex -1.000000e+01  5.516255e+01  3.084388e+00
     vertex -1.000000e+01  5.419230e+01  1.252202e+00
     vertex -1.000000e+01  5.363328e+01  3.787687e-01
   endloop
 endfacet
 facet normal -1.000000e+00  0.000000e+00  0.000000e+00
   outer loop
     vertex -1.000000e+01  5.516255e+01  3.084388e+00
     vertex -1.000000e+01  5.470256e+01  2.154981e+00
     vertex -1.000000e+01  5.419230e+01  1.252202e+00
   endloop
 endfacet
 facet normal -1.000000e+00  0.000000e+00  0.000000e+00
   outer loop
     vertex -1.000000e+01  4.532245e+01 -6.423883e+00
     vertex -1.000000e+01  4.626708e+01 -5.996038e+00
     vertex -1.000000e+01  4.579770e+01 -6.216441e+00
   endloop
 endfacet
 facet normal -1.000000e+00  0.000000e+00  0.000000e+00
   outer loop
     vertex -1.000000e+01  4.532245e+01 -6.423883e+00
     vertex -1.000000e+01  4.673024e+01 -5.762842e+00
     vertex -1.000000e+01  4.626708e+01 -5.996038e+00
   endloop
 endfacet
 facet normal -1.000000e+00  0.000000e+00  0.000000e+00
   outer loop
     vertex -1.000000e+01  4.484169e+01 -6.618210e+00
     vertex -1.000000e+01  4.673024e+01 -5.762842e+00
     vertex -1.000000e+01  4.532245e+01 -6.423883e+00
   endloop
 endfacet
 facet normal -1.000000e+00  0.000000e+00  0.000000e+00
   outer loop
     vertex -1.000000e+01  5.575526e+01  4.522285e+00
     vertex -1.000000e+01  5.557087e+01  4.037625e+00
     vertex -1.000000e+01  5.537325e+01  3.558205e+00
   endloop
 endfacet
 facet normal -1.000000e+00  0.000000e+00  0.000000e+00
   outer loop
     vertex -1.000000e+01  4.435577e+01 -6.799274e+00
     vertex -1.000000e+01  4.718683e+01 -5.517026e+00
     vertex -1.000000e+01  4.673024e+01 -5.762842e+00
   endloop
 endfacet
 facet normal -1.000000e+00  0.000000e+00  0.000000e+00
   outer loop
     vertex -1.000000e+01  4.435577e+01 -6.799274e+00
     vertex -1.000000e+01  5.363328e+01  3.787687e-01
     vertex -1.000000e+01  5.333601e+01 -4.611774e-02
   endloop
 endfacet
 facet normal -1.000000e+00  0.000000e+00  0.000000e+00
   outer loop
     vertex -1.000000e+01  4.435577e+01 -6.799274e+00
     vertex -1.000000e+01  5.333601e+01 -4.611774e-02
     vertex -1.000000e+01  4.894066e+01 -4.411421e+00
   endloop
 endfacet
 facet normal -1.000000e+00  0.000000e+00  0.000000e+00
   outer loop
     vertex -1.000000e+01  4.435577e+01 -6.799274e+00
     vertex -1.000000e+01  5.537325e+01  3.558205e+00
     vertex -1.000000e+01  5.516255e+01  3.084388e+00
   endloop
 endfacet
 facet normal -1.000000e+00  0.000000e+00  0.000000e+00
   outer loop
     vertex -1.000000e+01  4.435577e+01 -6.799274e+00
     vertex -1.000000e+01  4.894066e+01 -4.411421e+00
     vertex -1.000000e+01  4.718683e+01 -5.517026e+00
   endloop
 endfacet
 facet normal -1.000000e+00  0.000000e+00  0.000000e+00
   outer loop
     vertex -1.000000e+01  4.435577e+01 -6.799274e+00
     vertex -1.000000e+01  5.516255e+01  3.084388e+00
     vertex -1.000000e+01  5.363328e+01  3.787687e-01
   endloop
 endfacet
 facet normal -1.000000e+00  0.000000e+00  0.000000e+00
   outer loop
     vertex -1.000000e+01  4.435577e+01 -6.799274e+00
     vertex -1.000000e+01  4.673024e+01 -5.762842e+00
     vertex -1.000000e+01  4.484169e+01 -6.618210e+00
   endloop
 endfacet
 facet normal -1.000000e+00  0.000000e+00  0.000000e+00
   outer loop
     vertex -1.000000e+01  5.592629e+01  5.011822e+00
     vertex -1.000000e+01  5.575526e+01  4.522285e+00
     vertex -1.000000e+01  5.537325e+01  3.558205e+00
   endloop
 endfacet
 facet normal -1.000000e+00  0.000000e+00  0.000000e+00
   outer loop
     vertex -1.000000e+01  4.336996e+01 -7.121079e+00
     vertex -1.000000e+01  4.435577e+01 -6.799274e+00
     vertex -1.000000e+01  4.386508e+01 -6.966939e+00
   endloop
 endfacet
 facet normal -1.000000e+00  0.000000e+00  0.000000e+00
   outer loop
     vertex -1.000000e+01  5.622774e+01  6.004047e+00
     vertex -1.000000e+01  5.608382e+01  5.505866e+00
     vertex -1.000000e+01  5.592629e+01  5.011822e+00
   endloop
 endfacet
 facet normal -1.000000e+00  0.000000e+00  0.000000e+00
   outer loop
     vertex -1.000000e+01  5.622774e+01  6.004047e+00
     vertex -1.000000e+01  5.592629e+01  5.011822e+00
     vertex -1.000000e+01  5.537325e+01  3.558205e+00
   endloop
 endfacet
 facet normal -1.000000e+00  0.000000e+00  0.000000e+00
   outer loop
     vertex -1.000000e+01  5.635794e+01  6.505988e+00
     vertex -1.000000e+01  5.622774e+01  6.004047e+00
     vertex -1.000000e+01  5.537325e+01  3.558205e+00
   endloop
 endfacet
 facet normal -1.000000e+00  0.000000e+00  0.000000e+00
   outer loop
     vertex -1.000000e+01  4.236798e+01 -7.388331e+00
     vertex -1.000000e+01  4.336996e+01 -7.121079e+00
     vertex -1.000000e+01  4.287081e+01 -7.261578e+00
   endloop
 endfacet
 facet normal -1.000000e+00  0.000000e+00  0.000000e+00
   outer loop
     vertex -1.000000e+01  4.236798e+01 -7.388331e+00
     vertex -1.000000e+01  4.435577e+01 -6.799274e+00
     vertex -1.000000e+01  4.336996e+01 -7.121079e+00
   endloop
 endfacet
 facet normal -1.000000e+00  0.000000e+00  0.000000e+00
   outer loop
     vertex -1.000000e+01  5.657679e+01  7.519638e+00
     vertex -1.000000e+01  4.435577e+01 -6.799274e+00
     vertex -1.000000e+01  4.236798e+01 -7.388331e+00
   endloop
 endfacet
 facet normal -1.000000e+00  0.000000e+00  0.000000e+00
   outer loop
     vertex -1.000000e+01  5.657679e+01  7.519638e+00
     vertex -1.000000e+01  5.635794e+01  6.505988e+00
     vertex -1.000000e+01  5.537325e+01  3.558205e+00
   endloop
 endfacet
 facet normal -1.000000e+00  0.000000e+00  0.000000e+00
   outer loop
     vertex -1.000000e+01  5.657679e+01  7.519638e+00
     vertex -1.000000e+01  5.647432e+01  7.011312e+00
     vertex -1.000000e+01  5.635794e+01  6.505988e+00
   endloop
 endfacet
 facet normal -1.000000e+00  0.000000e+00  0.000000e+00
   outer loop
     vertex -1.000000e+01  5.657679e+01  7.519638e+00
     vertex -1.000000e+01  5.537325e+01  3.558205e+00
     vertex -1.000000e+01  4.435577e+01 -6.799274e+00
   endloop
 endfacet
 facet normal -1.000000e+00  0.000000e+00  0.000000e+00
   outer loop
     vertex -1.000000e+01  4.135286e+01 -7.600225e+00
     vertex -1.000000e+01  4.236798e+01 -7.388331e+00
     vertex -1.000000e+01  4.186187e+01 -7.501241e+00
   endloop
 endfacet
 facet normal -1.000000e+00  0.000000e+00  0.000000e+00
   outer loop
     vertex -1.000000e+01  5.673971e+01  8.543766e+00
     vertex -1.000000e+01  5.666528e+01  8.030585e+00
     vertex -1.000000e+01  5.657679e+01  7.519638e+00
   endloop
 endfacet
 facet normal -1.000000e+00  0.000000e+00  0.000000e+00
   outer loop
     vertex -1.000000e+01  4.032763e+01 -7.756122e+00
     vertex -1.000000e+01  5.657679e+01  7.519638e+00
     vertex -1.000000e+01  4.236798e+01 -7.388331e+00
   endloop
 endfacet
 facet normal -1.000000e+00  0.000000e+00  0.000000e+00
   outer loop
     vertex -1.000000e+01  4.032763e+01 -7.756122e+00
     vertex -1.000000e+01  4.236798e+01 -7.388331e+00
     vertex -1.000000e+01  4.135286e+01 -7.600225e+00
   endloop
 endfacet
 facet normal -1.000000e+00  0.000000e+00  0.000000e+00
   outer loop
     vertex -1.000000e+01  4.032763e+01 -7.756122e+00
     vertex -1.000000e+01  4.135286e+01 -7.600225e+00
     vertex -1.000000e+01  4.084131e+01 -7.685206e+00
   endloop
 endfacet
 facet normal -1.000000e+00  0.000000e+00  0.000000e+00
   outer loop
     vertex -1.000000e+01  4.032763e+01 -7.756122e+00
     vertex -1.000000e+01  5.673971e+01  8.543766e+00
     vertex -1.000000e+01  5.657679e+01  7.519638e+00
   endloop
 endfacet
 facet normal -1.000000e+00  0.000000e+00  0.000000e+00
   outer loop
     vertex -1.000000e+01  5.684623e+01  9.575289e+00
     vertex -1.000000e+01  5.680005e+01  9.058797e+00
     vertex -1.000000e+01  5.673971e+01  8.543766e+00
   endloop
 endfacet
 facet normal -1.000000e+00  0.000000e+00  0.000000e+00
   outer loop
     vertex -1.000000e+01  3.877763e+01 -7.883996e+00
     vertex -1.000000e+01  3.981220e+01 -7.812919e+00
     vertex -1.000000e+01  3.929541e+01 -7.855554e+00
   endloop
 endfacet
 facet normal -1.000000e+00  0.000000e+00  0.000000e+00
   outer loop
     vertex -1.000000e+01  3.877763e+01 -7.883996e+00
     vertex -1.000000e+01  4.032763e+01 -7.756122e+00
     vertex -1.000000e+01  3.981220e+01 -7.812919e+00
   endloop
 endfacet
 facet normal -1.000000e+00  0.000000e+00  0.000000e+00
   outer loop
     vertex -1.000000e+01  5.689600e+01  1.061110e+01
     vertex -1.000000e+01  5.687822e+01  1.009285e+01
     vertex -1.000000e+01  5.684623e+01  9.575289e+00
   endloop
 endfacet
 facet normal -1.000000e+00  0.000000e+00  0.000000e+00
   outer loop
     vertex -1.000000e+01  3.774072e+01 -7.898222e+00
     vertex -1.000000e+01  3.877763e+01 -7.883996e+00
     vertex -1.000000e+01  3.825928e+01 -7.898222e+00
   endloop
 endfacet
 facet normal -1.000000e+00  0.000000e+00  0.000000e+00
   outer loop
     vertex -1.000000e+01  3.670459e+01 -7.855554e+00
     vertex -1.000000e+01  3.774072e+01 -7.898222e+00
     vertex -1.000000e+01  3.722237e+01 -7.883996e+00
   endloop
 endfacet
 facet normal -1.000000e+00  0.000000e+00  0.000000e+00
   outer loop
     vertex -1.000000e+01  5.677165e+01  1.319893e+01
     vertex -1.000000e+01  5.682491e+01  1.268312e+01
     vertex -1.000000e+01  5.686400e+01  1.216604e+01
   endloop
 endfacet
 facet normal -1.000000e+00  0.000000e+00  0.000000e+00
   outer loop
     vertex -1.000000e+01  3.515869e+01 -7.685206e+00
     vertex -1.000000e+01  3.618780e+01 -7.812919e+00
     vertex -1.000000e+01  3.567237e+01 -7.756122e+00
   endloop
 endfacet
 facet normal -1.000000e+00  0.000000e+00  0.000000e+00
   outer loop
     vertex -1.000000e+01  3.515869e+01 -7.685206e+00
     vertex -1.000000e+01  3.670459e+01 -7.855554e+00
     vertex -1.000000e+01  3.618780e+01 -7.812919e+00
   endloop
 endfacet
 facet normal -1.000000e+00  0.000000e+00  0.000000e+00
   outer loop
     vertex -1.000000e+01  5.662279e+01  1.422519e+01
     vertex -1.000000e+01  5.677165e+01  1.319893e+01
     vertex -1.000000e+01  5.686400e+01  1.216604e+01
   endloop
 endfacet
 facet normal -1.000000e+00  0.000000e+00  0.000000e+00
   outer loop
     vertex -1.000000e+01  5.662279e+01  1.422519e+01
     vertex -1.000000e+01  5.689956e+01  1.112964e+01
     vertex -1.000000e+01  5.689600e+01  1.061110e+01
   endloop
 endfacet
 facet normal -1.000000e+00  0.000000e+00  0.000000e+00
   outer loop
     vertex -1.000000e+01  5.662279e+01  1.422519e+01
     vertex -1.000000e+01  5.688889e+01  1.164808e+01
     vertex -1.000000e+01  5.689956e+01  1.112964e+01
   endloop
 endfacet
 facet normal -1.000000e+00  0.000000e+00  0.000000e+00
   outer loop
     vertex -1.000000e+01  5.662279e+01  1.422519e+01
     vertex -1.000000e+01  5.686400e+01  1.216604e+01
     vertex -1.000000e+01  5.688889e+01  1.164808e+01
   endloop
 endfacet
 facet normal -1.000000e+00  0.000000e+00  0.000000e+00
   outer loop
     vertex -1.000000e+01  5.662279e+01  1.422519e+01
     vertex -1.000000e+01  5.670426e+01  1.371308e+01
     vertex -1.000000e+01  5.677165e+01  1.319893e+01
   endloop
 endfacet
 facet normal -1.000000e+00  0.000000e+00  0.000000e+00
   outer loop
     vertex -1.000000e+01  3.413813e+01 -7.501241e+00
     vertex -1.000000e+01  3.515869e+01 -7.685206e+00
     vertex -1.000000e+01  3.464714e+01 -7.600225e+00
   endloop
 endfacet
 facet normal -1.000000e+00  0.000000e+00  0.000000e+00
   outer loop
     vertex -1.000000e+01  3.363202e+01 -7.388331e+00
     vertex -1.000000e+01  3.774072e+01 -7.898222e+00
     vertex -1.000000e+01  3.670459e+01 -7.855554e+00
   endloop
 endfacet
 facet normal -1.000000e+00  0.000000e+00  0.000000e+00
   outer loop
     vertex -1.000000e+01  3.363202e+01 -7.388331e+00
     vertex -1.000000e+01  3.670459e+01 -7.855554e+00
     vertex -1.000000e+01  3.515869e+01 -7.685206e+00
   endloop
 endfacet
 facet normal -1.000000e+00  0.000000e+00  0.000000e+00
   outer loop
     vertex -1.000000e+01  3.363202e+01 -7.388331e+00
     vertex -1.000000e+01  3.515869e+01 -7.685206e+00
     vertex -1.000000e+01  3.413813e+01 -7.501241e+00
   endloop
 endfacet
 facet normal -1.000000e+00  0.000000e+00  0.000000e+00
   outer loop
     vertex -1.000000e+01  5.629456e+01  1.574543e+01
     vertex -1.000000e+01  5.689600e+01  1.061110e+01
     vertex -1.000000e+01  5.684623e+01  9.575289e+00
   endloop
 endfacet
 facet normal -1.000000e+00  0.000000e+00  0.000000e+00
   outer loop
     vertex -1.000000e+01  5.629456e+01  1.574543e+01
     vertex -1.000000e+01  5.662279e+01  1.422519e+01
     vertex -1.000000e+01  5.689600e+01  1.061110e+01
   endloop
 endfacet
 facet normal -1.000000e+00  0.000000e+00  0.000000e+00
   outer loop
     vertex -1.000000e+01  5.629456e+01  1.574543e+01
     vertex -1.000000e+01  5.652730e+01  1.473488e+01
     vertex -1.000000e+01  5.662279e+01  1.422519e+01
   endloop
 endfacet
 facet normal -1.000000e+00  0.000000e+00  0.000000e+00
   outer loop
     vertex -1.000000e+01  5.629456e+01  1.574543e+01
     vertex -1.000000e+01  5.641786e+01  1.524175e+01
     vertex -1.000000e+01  5.652730e+01  1.473488e+01
   endloop
 endfacet
 facet normal -1.000000e+00  0.000000e+00 -0.000000e+00
   outer loop
     vertex -1.000000e+01  5.584245e+01  1.723353e+01
     vertex -1.000000e+01  5.673971e+01  8.543766e+00
     vertex -1.000000e+01  4.032763e+01 -7.756122e+00
   endloop
 endfacet
 facet normal -1.000000e+00  0.000000e+00  0.000000e+00
   outer loop
     vertex -1.000000e+01  5.584245e+01  1.723353e+01
     vertex -1.000000e+01  5.684623e+01  9.575289e+00
     vertex -1.000000e+01  5.673971e+01  8.543766e+00
   endloop
 endfacet
 facet normal -1.000000e+00  0.000000e+00  0.000000e+00
   outer loop
     vertex -1.000000e+01  5.584245e+01  1.723353e+01
     vertex -1.000000e+01  5.629456e+01  1.574543e+01
     vertex -1.000000e+01  5.684623e+01  9.575289e+00
   endloop
 endfacet
 facet normal -1.000000e+00  0.000000e+00  0.000000e+00
   outer loop
     vertex -1.000000e+01  5.584245e+01  1.723353e+01
     vertex -1.000000e+01  5.615749e+01  1.624554e+01
     vertex -1.000000e+01  5.629456e+01  1.574543e+01
   endloop
 endfacet
 facet normal -1.000000e+00  0.000000e+00  0.000000e+00
   outer loop
     vertex -1.000000e+01  5.584245e+01  1.723353e+01
     vertex -1.000000e+01  5.600675e+01  1.674170e+01
     vertex -1.000000e+01  5.615749e+01  1.624554e+01
   endloop
 endfacet
 facet normal -1.000000e+00  0.000000e+00  0.000000e+00
   outer loop
     vertex -1.000000e+01  3.164423e+01 -6.799274e+00
     vertex -1.000000e+01  3.263004e+01 -7.121079e+00
     vertex -1.000000e+01  3.213492e+01 -6.966939e+00
   endloop
 endfacet
 facet normal -1.000000e+00  0.000000e+00  0.000000e+00
   outer loop
     vertex -1.000000e+01  3.164423e+01 -6.799274e+00
     vertex -1.000000e+01  3.312919e+01 -7.261578e+00
     vertex -1.000000e+01  3.263004e+01 -7.121079e+00
   endloop
 endfacet
 facet normal -1.000000e+00  0.000000e+00  0.000000e+00
   outer loop
     vertex -1.000000e+01  3.164423e+01 -6.799274e+00
     vertex -1.000000e+01  3.363202e+01 -7.388331e+00
     vertex -1.000000e+01  3.312919e+01 -7.261578e+00
   endloop
 endfacet
 facet normal -1.000000e+00  0.000000e+00  0.000000e+00
   outer loop
     vertex -1.000000e+01  3.020230e+01 -6.216441e+00
     vertex -1.000000e+01  3.115831e+01 -6.618210e+00
     vertex -1.000000e+01  3.067755e+01 -6.423883e+00
   endloop
 endfacet
 facet normal -1.000000e+00  0.000000e+00  0.000000e+00
   outer loop
     vertex -1.000000e+01  5.505234e+01  1.915031e+01
     vertex -1.000000e+01  5.547370e+01  1.820276e+01
     vertex -1.000000e+01  5.566472e+01  1.772068e+01
   endloop
 endfacet
 facet normal -1.000000e+00  0.000000e+00  0.000000e+00
   outer loop
     vertex -1.000000e+01  5.505234e+01  1.915031e+01
     vertex -1.000000e+01  5.526952e+01  1.867943e+01
     vertex -1.000000e+01  5.547370e+01  1.820276e+01
   endloop
 endfacet
 facet normal -1.000000e+00  0.000000e+00  0.000000e+00
   outer loop
     vertex -1.000000e+01  2.973292e+01 -5.996038e+00
     vertex -1.000000e+01  3.115831e+01 -6.618210e+00
     vertex -1.000000e+01  3.020230e+01 -6.216441e+00
   endloop
 endfacet
 facet normal -1.000000e+00  0.000000e+00  0.000000e+00
   outer loop
     vertex -1.000000e+01  5.432450e+01  2.052475e+01
     vertex -1.000000e+01  5.482233e+01  1.961506e+01
     vertex -1.000000e+01  5.505234e+01  1.915031e+01
   endloop
 endfacet
 facet normal -1.000000e+00  0.000000e+00  0.000000e+00
   outer loop
     vertex -1.000000e+01  5.432450e+01  2.052475e+01
     vertex -1.000000e+01  5.457965e+01  2.007332e+01
     vertex -1.000000e+01  5.482233e+01  1.961506e+01
   endloop
 endfacet
 facet normal -1.000000e+00  0.000000e+00  0.000000e+00
   outer loop
     vertex -1.000000e+01  2.836350e+01 -5.258778e+00
     vertex -1.000000e+01  3.164423e+01 -6.799274e+00
     vertex -1.000000e+01  3.115831e+01 -6.618210e+00
   endloop
 endfacet
 facet normal -1.000000e+00  0.000000e+00  0.000000e+00
   outer loop
     vertex -1.000000e+01  2.836350e+01 -5.258778e+00
     vertex -1.000000e+01  3.115831e+01 -6.618210e+00
     vertex -1.000000e+01  2.973292e+01 -5.996038e+00
   endloop
 endfacet
 facet normal -1.000000e+00  0.000000e+00  0.000000e+00
   outer loop
     vertex -1.000000e+01  2.836350e+01 -5.258778e+00
     vertex -1.000000e+01  2.926976e+01 -5.762842e+00
     vertex -1.000000e+01  2.881317e+01 -5.517026e+00
   endloop
 endfacet
 facet normal -1.000000e+00  0.000000e+00  0.000000e+00
   outer loop
     vertex -1.000000e+01  2.836350e+01 -5.258778e+00
     vertex -1.000000e+01  2.973292e+01 -5.996038e+00
     vertex -1.000000e+01  2.926976e+01 -5.762842e+00
   endloop
 endfacet
 facet normal -1.000000e+00  0.000000e+00  0.000000e+00
   outer loop
     vertex -1.000000e+01  5.405705e+01  2.096901e+01
     vertex -1.000000e+01  5.505234e+01  1.915031e+01
     vertex -1.000000e+01  5.566472e+01  1.772068e+01
   endloop
 endfacet
 facet normal -1.000000e+00  0.000000e+00  0.000000e+00
   outer loop
     vertex -1.000000e+01  5.405705e+01  2.096901e+01
     vertex -1.000000e+01  5.432450e+01  2.052475e+01
     vertex -1.000000e+01  5.505234e+01  1.915031e+01
   endloop
 endfacet
 facet normal -1.000000e+00  0.000000e+00  0.000000e+00
   outer loop
     vertex -1.000000e+01  5.405705e+01  2.096901e+01
     vertex -1.000000e+01  5.566472e+01  1.772068e+01
     vertex -1.000000e+01  5.584245e+01  1.723353e+01
   endloop
 endfacet
 facet normal -1.000000e+00  0.000000e+00 -0.000000e+00
   outer loop
     vertex -1.000000e+01  5.405705e+01  2.096901e+01
     vertex -1.000000e+01  5.584245e+01  1.723353e+01
     vertex -1.000000e+01  4.032763e+01 -7.756122e+00
   endloop
 endfacet
 facet normal -1.000000e+00  0.000000e+00  0.000000e+00
   outer loop
     vertex -1.000000e+01  2.792108e+01 -4.988290e+00
     vertex -1.000000e+01  3.164423e+01 -6.799274e+00
     vertex -1.000000e+01  2.836350e+01 -5.258778e+00
   endloop
 endfacet
 facet normal -1.000000e+00  0.000000e+00  0.000000e+00
   outer loop
     vertex -1.000000e+01  5.348610e+01  2.183469e+01
     vertex -1.000000e+01  5.377751e+01  2.140577e+01
     vertex -1.000000e+01  5.405705e+01  2.096901e+01
   endloop
 endfacet
 facet normal -1.000000e+00  0.000000e+00  0.000000e+00
   outer loop
     vertex -1.000000e+01  5.318304e+01  2.225546e+01
     vertex -1.000000e+01  5.348610e+01  2.183469e+01
     vertex -1.000000e+01  5.405705e+01  2.096901e+01
   endloop
 endfacet
 facet normal -1.000000e+00  0.000000e+00  0.000000e+00
   outer loop
     vertex -1.000000e+01  2.664066e+01 -4.105473e+00
     vertex -1.000000e+01  2.748625e+01 -4.705767e+00
     vertex -1.000000e+01  2.705934e+01 -4.411421e+00
   endloop
 endfacet
 facet normal -1.000000e+00  0.000000e+00  0.000000e+00
   outer loop
     vertex -1.000000e+01  2.664066e+01 -4.105473e+00
     vertex -1.000000e+01  2.792108e+01 -4.988290e+00
     vertex -1.000000e+01  2.748625e+01 -4.705767e+00
   endloop
 endfacet
 facet normal -1.000000e+00  0.000000e+00  0.000000e+00
   outer loop
     vertex -1.000000e+01  2.582926e+01 -3.459705e+00
     vertex -1.000000e+01  2.792108e+01 -4.988290e+00
     vertex -1.000000e+01  2.664066e+01 -4.105473e+00
   endloop
 endfacet
 facet normal -1.000000e+00  0.000000e+00  0.000000e+00
   outer loop
     vertex -1.000000e+01  2.582926e+01 -3.459705e+00
     vertex -1.000000e+01  2.664066e+01 -4.105473e+00
     vertex -1.000000e+01  2.623053e+01 -3.788155e+00
   endloop
 endfacet
 facet normal -1.000000e+00  0.000000e+00  0.000000e+00
   outer loop
     vertex -1.000000e+01  5.220621e+01  2.346570e+01
     vertex -1.000000e+01  5.254285e+01  2.307127e+01
     vertex -1.000000e+01  5.286854e+01  2.266776e+01
   endloop
 endfacet
 facet normal -1.000000e+00  0.000000e+00  0.000000e+00
   outer loop
     vertex -1.000000e+01  2.543715e+01 -3.120370e+00
     vertex -1.000000e+01  2.792108e+01 -4.988290e+00
     vertex -1.000000e+01  2.582926e+01 -3.459705e+00
   endloop
 endfacet
 facet normal -1.000000e+00  0.000000e+00  0.000000e+00
   outer loop
     vertex -1.000000e+01  5.185888e+01  2.385074e+01
     vertex -1.000000e+01  5.220621e+01  2.346570e+01
     vertex -1.000000e+01  5.286854e+01  2.266776e+01
   endloop
 endfacet
 facet normal -1.000000e+00  0.000000e+00  0.000000e+00
   outer loop
     vertex -1.000000e+01  5.185888e+01  2.385074e+01
     vertex -1.000000e+01  5.286854e+01  2.266776e+01
     vertex -1.000000e+01  5.318304e+01  2.225546e+01
   endloop
 endfacet
 facet normal -1.000000e+00  0.000000e+00  0.000000e+00
   outer loop
     vertex -1.000000e+01  2.468160e+01 -2.410075e+00
     vertex -1.000000e+01  2.792108e+01 -4.988290e+00
     vertex -1.000000e+01  2.543715e+01 -3.120370e+00
   endloop
 endfacet
 facet normal -1.000000e+00  0.000000e+00  0.000000e+00
   outer loop
     vertex -1.000000e+01  2.468160e+01 -2.410075e+00
     vertex -1.000000e+01  2.543715e+01 -3.120370e+00
     vertex -1.000000e+01  2.505450e+01 -2.770405e+00
   endloop
 endfacet
 facet normal -1.000000e+00  0.000000e+00  0.000000e+00
   outer loop
     vertex -1.000000e+01  5.113319e+01  2.459152e+01
     vertex -1.000000e+01  5.150111e+01  2.422611e+01
     vertex -1.000000e+01  5.185888e+01  2.385074e+01
   endloop
 endfacet
 facet normal -1.000000e+00  0.000000e+00  0.000000e+00
   outer loop
     vertex -1.000000e+01  5.075537e+01  2.494670e+01
     vertex -1.000000e+01  5.318304e+01  2.225546e+01
     vertex -1.000000e+01  5.405705e+01  2.096901e+01
   endloop
 endfacet
 facet normal -1.000000e+00  0.000000e+00  0.000000e+00
   outer loop
     vertex -1.000000e+01  5.075537e+01  2.494670e+01
     vertex -1.000000e+01  5.113319e+01  2.459152e+01
     vertex -1.000000e+01  5.185888e+01  2.385074e+01
   endloop
 endfacet
 facet normal -1.000000e+00  0.000000e+00  0.000000e+00
   outer loop
     vertex -1.000000e+01  5.075537e+01  2.494670e+01
     vertex -1.000000e+01  5.185888e+01  2.385074e+01
     vertex -1.000000e+01  5.318304e+01  2.225546e+01
   endloop
 endfacet
 facet normal -1.000000e+00  0.000000e+00  0.000000e+00
   outer loop
     vertex -1.000000e+01  2.396614e+01 -1.659409e+00
     vertex -1.000000e+01  2.792108e+01 -4.988290e+00
     vertex -1.000000e+01  2.468160e+01 -2.410075e+00
   endloop
 endfacet
 facet normal -1.000000e+00  0.000000e+00  0.000000e+00
   outer loop
     vertex -1.000000e+01  2.396614e+01 -1.659409e+00
     vertex -1.000000e+01  2.468160e+01 -2.410075e+00
     vertex -1.000000e+01  2.431872e+01 -2.039650e+00
   endloop
 endfacet
 facet normal -1.000000e+00  0.000000e+00  0.000000e+00
   outer loop
     vertex -1.000000e+01  2.396614e+01 -1.659409e+00
     vertex -1.000000e+01  3.363202e+01 -7.388331e+00
     vertex -1.000000e+01  3.164423e+01 -6.799274e+00
   endloop
 endfacet
 facet normal -1.000000e+00  0.000000e+00  0.000000e+00
   outer loop
     vertex -1.000000e+01  2.396614e+01 -1.659409e+00
     vertex -1.000000e+01  3.164423e+01 -6.799274e+00
     vertex -1.000000e+01  2.792108e+01 -4.988290e+00
   endloop
 endfacet
 facet normal -1.000000e+00  0.000000e+00  0.000000e+00
   outer loop
     vertex -1.000000e+01  2.362412e+01 -1.269638e+00
     vertex -1.000000e+01  3.363202e+01 -7.388331e+00
     vertex -1.000000e+01  2.396614e+01 -1.659409e+00
   endloop
 endfacet
 facet normal -1.000000e+00  0.000000e+00 -0.000000e+00
   outer loop
     vertex -1.000000e+01  4.997123e+01  2.562531e+01
     vertex -1.000000e+01  5.405705e+01  2.096901e+01
     vertex -1.000000e+01  4.032763e+01 -7.756122e+00
   endloop
 endfacet
 facet normal -1.000000e+00  0.000000e+00  0.000000e+00
   outer loop
     vertex -1.000000e+01  4.997123e+01  2.562531e+01
     vertex -1.000000e+01  5.036796e+01  2.529138e+01
     vertex -1.000000e+01  5.075537e+01  2.494670e+01
   endloop
 endfacet
 facet normal -1.000000e+00  0.000000e+00  0.000000e+00
   outer loop
     vertex -1.000000e+01  4.997123e+01  2.562531e+01
     vertex -1.000000e+01  4.032763e+01 -7.756122e+00
     vertex -1.000000e+01  3.877763e+01 -7.883996e+00
   endloop
 endfacet
 facet normal -1.000000e+00  0.000000e+00  0.000000e+00
   outer loop
     vertex -1.000000e+01  4.997123e+01  2.562531e+01
     vertex -1.000000e+01  3.877763e+01 -7.883996e+00
     vertex -1.000000e+01  3.774072e+01 -7.898222e+00
   endloop
 endfacet
 facet normal -1.000000e+00  0.000000e+00  0.000000e+00
   outer loop
     vertex -1.000000e+01  4.997123e+01  2.562531e+01
     vertex -1.000000e+01  5.075537e+01  2.494670e+01
     vertex -1.000000e+01  5.405705e+01  2.096901e+01
   endloop
 endfacet
 facet normal -1.000000e+00  0.000000e+00  0.000000e+00
   outer loop
     vertex -1.000000e+01  4.997123e+01  2.562531e+01
     vertex -1.000000e+01  3.774072e+01 -7.898222e+00
     vertex -1.000000e+01  3.363202e+01 -7.388331e+00
   endloop
 endfacet
 facet normal -1.000000e+00  0.000000e+00  0.000000e+00
   outer loop
     vertex -1.000000e+01  2.329292e+01 -8.706316e-01
     vertex -1.000000e+01  3.363202e+01 -7.388331e+00
     vertex -1.000000e+01  2.362412e+01 -1.269638e+00
   endloop
 endfacet
 facet normal -1.000000e+00  0.000000e+00  0.000000e+00
   outer loop
     vertex -1.000000e+01  2.297280e+01 -4.626891e-01
     vertex -1.000000e+01  3.363202e+01 -7.388331e+00
     vertex -1.000000e+01  2.329292e+01 -8.706316e-01
   endloop
 endfacet
 facet normal -1.000000e+00  0.000000e+00  0.000000e+00
   outer loop
     vertex -1.000000e+01  2.266399e+01 -4.611774e-02
     vertex -1.000000e+01  3.363202e+01 -7.388331e+00
     vertex -1.000000e+01  2.297280e+01 -4.626891e-01
   endloop
 endfacet
 facet normal -1.000000e+00  0.000000e+00  0.000000e+00
   outer loop
     vertex -1.000000e+01  4.872822e+01  2.656006e+01
     vertex -1.000000e+01  4.915105e+01  2.625988e+01
     vertex -1.000000e+01  4.956550e+01  2.594822e+01
   endloop
 endfacet
 facet normal -1.000000e+00  0.000000e+00  0.000000e+00
   outer loop
     vertex -1.000000e+01  4.829730e+01  2.684852e+01
     vertex -1.000000e+01  4.956550e+01  2.594822e+01
     vertex -1.000000e+01  4.997123e+01  2.562531e+01
   endloop
 endfacet
 facet normal -1.000000e+00  0.000000e+00  0.000000e+00
   outer loop
     vertex -1.000000e+01  4.829730e+01  2.684852e+01
     vertex -1.000000e+01  4.872822e+01  2.656006e+01
     vertex -1.000000e+01  4.956550e+01  2.594822e+01
   endloop
 endfacet
 facet normal -1.000000e+00  0.000000e+00  0.000000e+00
   outer loop
     vertex -1.000000e+01  2.154638e+01  1.700091e+00
     vertex -1.000000e+01  2.208122e+01  8.116506e-01
     vertex -1.000000e+01  2.180770e+01  1.252202e+00
   endloop
 endfacet
 facet normal -1.000000e+00  0.000000e+00  0.000000e+00
   outer loop
     vertex -1.000000e+01  4.695938e+01  2.764150e+01
     vertex -1.000000e+01  4.785864e+01  2.712505e+01
     vertex -1.000000e+01  4.829730e+01  2.684852e+01
   endloop
 endfacet
 facet normal -1.000000e+00  0.000000e+00  0.000000e+00
   outer loop
     vertex -1.000000e+01  4.695938e+01  2.764150e+01
     vertex -1.000000e+01  4.741255e+01  2.738944e+01
     vertex -1.000000e+01  4.785864e+01  2.712505e+01
   endloop
 endfacet
 facet normal -1.000000e+00  0.000000e+00  0.000000e+00
   outer loop
     vertex -1.000000e+01  2.129744e+01  2.154981e+00
     vertex -1.000000e+01  2.236672e+01  3.787687e-01
     vertex -1.000000e+01  2.208122e+01  8.116506e-01
   endloop
 endfacet
 facet normal -1.000000e+00  0.000000e+00  0.000000e+00
   outer loop
     vertex -1.000000e+01  2.129744e+01  2.154981e+00
     vertex -1.000000e+01  2.266399e+01 -4.611774e-02
     vertex -1.000000e+01  2.236672e+01  3.787687e-01
   endloop
 endfacet
 facet normal -1.000000e+00  0.000000e+00  0.000000e+00
   outer loop
     vertex -1.000000e+01  2.129744e+01  2.154981e+00
     vertex -1.000000e+01  2.208122e+01  8.116506e-01
     vertex -1.000000e+01  2.154638e+01  1.700091e+00
   endloop
 endfacet
 facet normal -1.000000e+00  0.000000e+00  0.000000e+00
   outer loop
     vertex -1.000000e+01  4.603315e+01  2.810785e+01
     vertex -1.000000e+01  4.649946e+01  2.788103e+01
     vertex -1.000000e+01  4.695938e+01  2.764150e+01
   endloop
 endfacet
 facet normal -1.000000e+00  0.000000e+00  0.000000e+00
   outer loop
     vertex -1.000000e+01  4.556079e+01  2.832179e+01
     vertex -1.000000e+01  4.603315e+01  2.810785e+01
     vertex -1.000000e+01  4.695938e+01  2.764150e+01
   endloop
 endfacet
 facet normal -1.000000e+00  0.000000e+00  0.000000e+00
   outer loop
     vertex -1.000000e+01  2.024474e+01  4.522285e+00
     vertex -1.000000e+01  2.062675e+01  3.558205e+00
     vertex -1.000000e+01  2.042913e+01  4.037625e+00
   endloop
 endfacet
 facet normal -1.000000e+00  0.000000e+00  0.000000e+00
   outer loop
     vertex -1.000000e+01  4.361805e+01  2.904571e+01
     vertex -1.000000e+01  4.508274e+01  2.852270e+01
     vertex -1.000000e+01  4.556079e+01  2.832179e+01
   endloop
 endfacet
 facet normal -1.000000e+00  0.000000e+00  0.000000e+00
   outer loop
     vertex -1.000000e+01  4.361805e+01  2.904571e+01
     vertex -1.000000e+01  4.459935e+01  2.871041e+01
     vertex -1.000000e+01  4.508274e+01  2.852270e+01
   endloop
 endfacet
 facet normal -1.000000e+00  0.000000e+00  0.000000e+00
   outer loop
     vertex -1.000000e+01  4.361805e+01  2.904571e+01
     vertex -1.000000e+01  4.411100e+01  2.888479e+01
     vertex -1.000000e+01  4.459935e+01  2.871041e+01
   endloop
 endfacet
 facet normal -1.000000e+00  0.000000e+00  0.000000e+00
   outer loop
     vertex -1.000000e+01  4.361805e+01  2.904571e+01
     vertex -1.000000e+01  4.829730e+01  2.684852e+01
     vertex -1.000000e+01  4.997123e+01  2.562531e+01
   endloop
 endfacet
 facet normal -1.000000e+00  0.000000e+00  0.000000e+00
   outer loop
     vertex -1.000000e+01  4.361805e+01  2.904571e+01
     vertex -1.000000e+01  4.556079e+01  2.832179e+01
     vertex -1.000000e+01  4.695938e+01  2.764150e+01
   endloop
 endfacet
 facet normal -1.000000e+00  0.000000e+00  0.000000e+00
   outer loop
     vertex -1.000000e+01  4.361805e+01  2.904571e+01
     vertex -1.000000e+01  4.695938e+01  2.764150e+01
     vertex -1.000000e+01  4.829730e+01  2.684852e+01
   endloop
 endfacet
 facet normal -1.000000e+00  0.000000e+00  0.000000e+00
   outer loop
     vertex -1.000000e+01  1.991618e+01  5.505866e+00
     vertex -1.000000e+01  2.024474e+01  4.522285e+00
     vertex -1.000000e+01  2.007371e+01  5.011822e+00
   endloop
 endfacet
 facet normal -1.000000e+00  0.000000e+00  0.000000e+00
   outer loop
     vertex -1.000000e+01  4.261983e+01  2.932668e+01
     vertex -1.000000e+01  4.312087e+01  2.919304e+01
     vertex -1.000000e+01  4.361805e+01  2.904571e+01
   endloop
 endfacet
 facet normal -1.000000e+00  0.000000e+00  0.000000e+00
   outer loop
     vertex -1.000000e+01  1.964206e+01  6.505988e+00
     vertex -1.000000e+01  2.062675e+01  3.558205e+00
     vertex -1.000000e+01  2.024474e+01  4.522285e+00
   endloop
 endfacet
 facet normal -1.000000e+00  0.000000e+00  0.000000e+00
   outer loop
     vertex -1.000000e+01  1.964206e+01  6.505988e+00
     vertex -1.000000e+01  2.024474e+01  4.522285e+00
     vertex -1.000000e+01  1.991618e+01  5.505866e+00
   endloop
 endfacet
 facet normal -1.000000e+00  0.000000e+00  0.000000e+00
   outer loop
     vertex -1.000000e+01  1.964206e+01  6.505988e+00
     vertex -1.000000e+01  1.991618e+01  5.505866e+00
     vertex -1.000000e+01  1.977226e+01  6.004047e+00
   endloop
 endfacet
 facet normal -1.000000e+00  0.000000e+00  0.000000e+00
   outer loop
     vertex -1.000000e+01  4.211532e+01  2.944652e+01
     vertex -1.000000e+01  4.261983e+01  2.932668e+01
     vertex -1.000000e+01  4.361805e+01  2.904571e+01
   endloop
 endfacet
 facet normal -1.000000e+00  0.000000e+00  0.000000e+00
   outer loop
     vertex -1.000000e+01  4.109738e+01  2.964447e+01
     vertex -1.000000e+01  4.361805e+01  2.904571e+01
     vertex -1.000000e+01  4.997123e+01  2.562531e+01
   endloop
 endfacet
 facet normal -1.000000e+00  0.000000e+00  0.000000e+00
   outer loop
     vertex -1.000000e+01  4.109738e+01  2.964447e+01
     vertex -1.000000e+01  4.160770e+01  2.955248e+01
     vertex -1.000000e+01  4.211532e+01  2.944652e+01
   endloop
 endfacet
 facet normal -1.000000e+00  0.000000e+00  0.000000e+00
   outer loop
     vertex -1.000000e+01  4.109738e+01  2.964447e+01
     vertex -1.000000e+01  4.211532e+01  2.944652e+01
     vertex -1.000000e+01  4.361805e+01  2.904571e+01
   endloop
 endfacet
 facet normal -1.000000e+00  0.000000e+00  0.000000e+00
   outer loop
     vertex -1.000000e+01  1.926029e+01  8.543766e+00
     vertex -1.000000e+01  2.062675e+01  3.558205e+00
     vertex -1.000000e+01  1.964206e+01  6.505988e+00
   endloop
 endfacet
 facet normal -1.000000e+00  0.000000e+00  0.000000e+00
   outer loop
     vertex -1.000000e+01  1.926029e+01  8.543766e+00
     vertex -1.000000e+01  1.942321e+01  7.519638e+00
     vertex -1.000000e+01  1.933472e+01  8.030585e+00
   endloop
 endfacet
 facet normal -1.000000e+00  0.000000e+00  0.000000e+00
   outer loop
     vertex -1.000000e+01  1.926029e+01  8.543766e+00
     vertex -1.000000e+01  1.952568e+01  7.011312e+00
     vertex -1.000000e+01  1.942321e+01  7.519638e+00
   endloop
 endfacet
 facet normal -1.000000e+00  0.000000e+00  0.000000e+00
   outer loop
     vertex -1.000000e+01  1.926029e+01  8.543766e+00
     vertex -1.000000e+01  1.964206e+01  6.505988e+00
     vertex -1.000000e+01  1.952568e+01  7.011312e+00
   endloop
 endfacet
 facet normal -1.000000e+00  0.000000e+00  0.000000e+00
   outer loop
     vertex -1.000000e+01  1.915377e+01  9.575289e+00
     vertex -1.000000e+01  1.926029e+01  8.543766e+00
     vertex -1.000000e+01  1.919995e+01  9.058797e+00
   endloop
 endfacet
 facet normal -1.000000e+00  0.000000e+00  0.000000e+00
   outer loop
     vertex -1.000000e+01  3.903662e+01  2.987155e+01
     vertex -1.000000e+01  4.007011e+01  2.978629e+01
     vertex -1.000000e+01  4.058472e+01  2.972243e+01
   endloop
 endfacet
 facet normal -1.000000e+00  0.000000e+00  0.000000e+00
   outer loop
     vertex -1.000000e+01  3.903662e+01  2.987155e+01
     vertex -1.000000e+01  3.955395e+01  2.983601e+01
     vertex -1.000000e+01  4.007011e+01  2.978629e+01
   endloop
 endfacet
 facet normal -1.000000e+00  0.000000e+00  0.000000e+00
   outer loop
     vertex -1.000000e+01  1.910400e+01  1.061110e+01
     vertex -1.000000e+01  1.915377e+01  9.575289e+00
     vertex -1.000000e+01  1.912178e+01  1.009285e+01
   endloop
 endfacet
 facet normal -1.000000e+00  0.000000e+00  0.000000e+00
   outer loop
     vertex -1.000000e+01  3.800000e+01  2.990000e+01
     vertex -1.000000e+01  3.851850e+01  2.989289e+01
     vertex -1.000000e+01  3.903662e+01  2.987155e+01
   endloop
 endfacet
 facet normal -1.000000e+00  0.000000e+00  0.000000e+00
   outer loop
     vertex -1.000000e+01  1.910044e+01  1.112964e+01
     vertex -1.000000e+01  1.915377e+01  9.575289e+00
     vertex -1.000000e+01  1.910400e+01  1.061110e+01
   endloop
 endfacet
 facet normal -1.000000e+00  0.000000e+00  0.000000e+00
   outer loop
     vertex -1.000000e+01  3.748150e+01  2.989289e+01
     vertex -1.000000e+01  4.058472e+01  2.972243e+01
     vertex -1.000000e+01  4.109738e+01  2.964447e+01
   endloop
 endfacet
 facet normal -1.000000e+00  0.000000e+00  0.000000e+00
   outer loop
     vertex -1.000000e+01  3.748150e+01  2.989289e+01
     vertex -1.000000e+01  3.903662e+01  2.987155e+01
     vertex -1.000000e+01  4.058472e+01  2.972243e+01
   endloop
 endfacet
 facet normal -1.000000e+00  0.000000e+00  0.000000e+00
   outer loop
     vertex -1.000000e+01  3.748150e+01  2.989289e+01
     vertex -1.000000e+01  3.800000e+01  2.990000e+01
     vertex -1.000000e+01  3.903662e+01  2.987155e+01
   endloop
 endfacet
 facet normal -1.000000e+00  0.000000e+00  0.000000e+00
   outer loop
     vertex -1.000000e+01  1.917509e+01  1.268312e+01
     vertex -1.000000e+01  1.911111e+01  1.164808e+01
     vertex -1.000000e+01  1.913600e+01  1.216604e+01
   endloop
 endfacet
 facet normal -1.000000e+00  0.000000e+00  0.000000e+00
   outer loop
     vertex -1.000000e+01  1.917509e+01  1.268312e+01
     vertex -1.000000e+01  1.910044e+01  1.112964e+01
     vertex -1.000000e+01  1.911111e+01  1.164808e+01
   endloop
 endfacet
 facet normal -1.000000e+00  0.000000e+00  0.000000e+00
   outer loop
     vertex -1.000000e+01  3.541528e+01  2.972243e+01
     vertex -1.000000e+01  3.644605e+01  2.983601e+01
     vertex -1.000000e+01  3.696338e+01  2.987155e+01
   endloop
 endfacet
 facet normal -1.000000e+00  0.000000e+00  0.000000e+00
   outer loop
     vertex -1.000000e+01  3.541528e+01  2.972243e+01
     vertex -1.000000e+01  3.592989e+01  2.978629e+01
     vertex -1.000000e+01  3.644605e+01  2.983601e+01
   endloop
 endfacet
 facet normal -1.000000e+00  0.000000e+00  0.000000e+00
   outer loop
     vertex -1.000000e+01  1.929574e+01  1.371308e+01
     vertex -1.000000e+01  1.917509e+01  1.268312e+01
     vertex -1.000000e+01  1.922835e+01  1.319893e+01
   endloop
 endfacet
 facet normal -1.000000e+00  0.000000e+00  0.000000e+00
   outer loop
     vertex -1.000000e+01  3.490262e+01  2.964447e+01
     vertex -1.000000e+01  3.696338e+01  2.987155e+01
     vertex -1.000000e+01  3.748150e+01  2.989289e+01
   endloop
 endfacet
 facet normal -1.000000e+00  0.000000e+00  0.000000e+00
   outer loop
     vertex -1.000000e+01  3.490262e+01  2.964447e+01
     vertex -1.000000e+01  3.541528e+01  2.972243e+01
     vertex -1.000000e+01  3.696338e+01  2.987155e+01
   endloop
 endfacet
 facet normal -1.000000e+00  0.000000e+00  0.000000e+00
   outer loop
     vertex -1.000000e+01  1.937721e+01  1.422519e+01
     vertex -1.000000e+01  1.915377e+01  9.575289e+00
     vertex -1.000000e+01  1.910044e+01  1.112964e+01
   endloop
 endfacet
 facet normal -1.000000e+00  0.000000e+00  0.000000e+00
   outer loop
     vertex -1.000000e+01  1.937721e+01  1.422519e+01
     vertex -1.000000e+01  1.910044e+01  1.112964e+01
     vertex -1.000000e+01  1.917509e+01  1.268312e+01
   endloop
 endfacet
 facet normal -1.000000e+00  0.000000e+00  0.000000e+00
   outer loop
     vertex -1.000000e+01  1.937721e+01  1.422519e+01
     vertex -1.000000e+01  1.917509e+01  1.268312e+01
     vertex -1.000000e+01  1.929574e+01  1.371308e+01
   endloop
 endfacet
 facet normal -1.000000e+00  0.000000e+00  0.000000e+00
   outer loop
     vertex -1.000000e+01  3.439230e+01  2.955248e+01
     vertex -1.000000e+01  3.490262e+01  2.964447e+01
     vertex -1.000000e+01  3.748150e+01  2.989289e+01
   endloop
 endfacet
 facet normal -1.000000e+00  0.000000e+00  0.000000e+00
   outer loop
     vertex -1.000000e+01  1.947270e+01  1.473488e+01
     vertex -1.000000e+01  1.915377e+01  9.575289e+00
     vertex -1.000000e+01  1.937721e+01  1.422519e+01
   endloop
 endfacet
 facet normal -1.000000e+00  0.000000e+00  0.000000e+00
   outer loop
     vertex -1.000000e+01  1.958214e+01  1.524175e+01
     vertex -1.000000e+01  1.926029e+01  8.543766e+00
     vertex -1.000000e+01  1.915377e+01  9.575289e+00
   endloop
 endfacet
 facet normal -1.000000e+00  0.000000e+00  0.000000e+00
   outer loop
     vertex -1.000000e+01  1.958214e+01  1.524175e+01
     vertex -1.000000e+01  1.915377e+01  9.575289e+00
     vertex -1.000000e+01  1.947270e+01  1.473488e+01
   endloop
 endfacet
 facet normal -1.000000e+00  0.000000e+00  0.000000e+00
   outer loop
     vertex -1.000000e+01  3.338017e+01  2.932668e+01
     vertex -1.000000e+01  3.388468e+01  2.944652e+01
     vertex -1.000000e+01  3.439230e+01  2.955248e+01
   endloop
 endfacet
 facet normal -1.000000e+00  0.000000e+00  0.000000e+00
   outer loop
     vertex -1.000000e+01  3.338017e+01  2.932668e+01
     vertex -1.000000e+01  4.109738e+01  2.964447e+01
     vertex -1.000000e+01  4.997123e+01  2.562531e+01
   endloop
 endfacet
 facet normal -1.000000e+00  0.000000e+00  0.000000e+00
   outer loop
     vertex -1.000000e+01  3.338017e+01  2.932668e+01
     vertex -1.000000e+01  3.748150e+01  2.989289e+01
     vertex -1.000000e+01  4.109738e+01  2.964447e+01
   endloop
 endfacet
 facet normal -1.000000e+00  0.000000e+00  0.000000e+00
   outer loop
     vertex -1.000000e+01  3.338017e+01  2.932668e+01
     vertex -1.000000e+01  4.997123e+01  2.562531e+01
     vertex -1.000000e+01  3.363202e+01 -7.388331e+00
   endloop
 endfacet
 facet normal -1.000000e+00  0.000000e+00  0.000000e+00
   outer loop
     vertex -1.000000e+01  3.338017e+01  2.932668e+01
     vertex -1.000000e+01  2.083745e+01  3.084388e+00
     vertex -1.000000e+01  2.062675e+01  3.558205e+00
   endloop
 endfacet
 facet normal -1.000000e+00  0.000000e+00  0.000000e+00
   outer loop
     vertex -1.000000e+01  3.338017e+01  2.932668e+01
     vertex -1.000000e+01  2.106107e+01  2.616529e+00
     vertex -1.000000e+01  2.083745e+01  3.084388e+00
   endloop
 endfacet
 facet normal -1.000000e+00  0.000000e+00  0.000000e+00
   outer loop
     vertex -1.000000e+01  3.338017e+01  2.932668e+01
     vertex -1.000000e+01  2.129744e+01  2.154981e+00
     vertex -1.000000e+01  2.106107e+01  2.616529e+00
   endloop
 endfacet
 facet normal -1.000000e+00  0.000000e+00 -0.000000e+00
   outer loop
     vertex -1.000000e+01  3.338017e+01  2.932668e+01
     vertex -1.000000e+01  3.363202e+01 -7.388331e+00
     vertex -1.000000e+01  2.266399e+01 -4.611774e-02
   endloop
 endfacet
 facet normal -1.000000e+00  0.000000e+00  0.000000e+00
   outer loop
     vertex -1.000000e+01  3.338017e+01  2.932668e+01
     vertex -1.000000e+01  2.266399e+01 -4.611774e-02
     vertex -1.000000e+01  2.129744e+01  2.154981e+00
   endloop
 endfacet
 facet normal -1.000000e+00  0.000000e+00  0.000000e+00
   outer loop
     vertex -1.000000e+01  3.338017e+01  2.932668e+01
     vertex -1.000000e+01  3.439230e+01  2.955248e+01
     vertex -1.000000e+01  3.748150e+01  2.989289e+01
   endloop
 endfacet
 facet normal -1.000000e+00  0.000000e+00  0.000000e+00
   outer loop
     vertex -1.000000e+01  1.984251e+01  1.624554e+01
     vertex -1.000000e+01  1.958214e+01  1.524175e+01
     vertex -1.000000e+01  1.970544e+01  1.574543e+01
   endloop
 endfacet
 facet normal -1.000000e+00  0.000000e+00  0.000000e+00
   outer loop
     vertex -1.000000e+01  3.188900e+01  2.888479e+01
     vertex -1.000000e+01  3.287913e+01  2.919304e+01
     vertex -1.000000e+01  3.338017e+01  2.932668e+01
   endloop
 endfacet
 facet normal -1.000000e+00  0.000000e+00  0.000000e+00
   outer loop
     vertex -1.000000e+01  3.188900e+01  2.888479e+01
     vertex -1.000000e+01  3.238195e+01  2.904571e+01
     vertex -1.000000e+01  3.287913e+01  2.919304e+01
   endloop
 endfacet
 facet normal -1.000000e+00  0.000000e+00  0.000000e+00
   outer loop
     vertex -1.000000e+01  2.033528e+01  1.772068e+01
     vertex -1.000000e+01  1.958214e+01  1.524175e+01
     vertex -1.000000e+01  1.984251e+01  1.624554e+01
   endloop
 endfacet
 facet normal -1.000000e+00  0.000000e+00  0.000000e+00
   outer loop
     vertex -1.000000e+01  2.033528e+01  1.772068e+01
     vertex -1.000000e+01  1.999325e+01  1.674170e+01
     vertex -1.000000e+01  2.015755e+01  1.723353e+01
   endloop
 endfacet
 facet normal -1.000000e+00  0.000000e+00  0.000000e+00
   outer loop
     vertex -1.000000e+01  2.033528e+01  1.772068e+01
     vertex -1.000000e+01  1.984251e+01  1.624554e+01
     vertex -1.000000e+01  1.999325e+01  1.674170e+01
   endloop
 endfacet
 facet normal -1.000000e+00  0.000000e+00  0.000000e+00
   outer loop
     vertex -1.000000e+01  3.091726e+01  2.852270e+01
     vertex -1.000000e+01  3.140065e+01  2.871041e+01
     vertex -1.000000e+01  3.188900e+01  2.888479e+01
   endloop
 endfacet
 facet normal -1.000000e+00  0.000000e+00  0.000000e+00
   outer loop
     vertex -1.000000e+01  2.094766e+01  1.915031e+01
     vertex -1.000000e+01  1.958214e+01  1.524175e+01
     vertex -1.000000e+01  2.033528e+01  1.772068e+01
   endloop
 endfacet
 facet normal -1.000000e+00  0.000000e+00  0.000000e+00
   outer loop
     vertex -1.000000e+01  2.094766e+01  1.915031e+01
     vertex -1.000000e+01  2.052630e+01  1.820276e+01
     vertex -1.000000e+01  2.073048e+01  1.867943e+01
   endloop
 endfacet
 facet normal -1.000000e+00  0.000000e+00  0.000000e+00
   outer loop
     vertex -1.000000e+01  2.094766e+01  1.915031e+01
     vertex -1.000000e+01  2.033528e+01  1.772068e+01
     vertex -1.000000e+01  2.052630e+01  1.820276e+01
   endloop
 endfacet
 facet normal -1.000000e+00  0.000000e+00  0.000000e+00
   outer loop
     vertex -1.000000e+01  2.094766e+01  1.915031e+01
     vertex -1.000000e+01  1.926029e+01  8.543766e+00
     vertex -1.000000e+01  1.958214e+01  1.524175e+01
   endloop
 endfacet
 facet normal -1.000000e+00  0.000000e+00  0.000000e+00
   outer loop
     vertex -1.000000e+01  2.950054e+01  2.788103e+01
     vertex -1.000000e+01  3.043921e+01  2.832179e+01
     vertex -1.000000e+01  3.091726e+01  2.852270e+01
   endloop
 endfacet
 facet normal -1.000000e+00  0.000000e+00  0.000000e+00
   outer loop
     vertex -1.000000e+01  2.950054e+01  2.788103e+01
     vertex -1.000000e+01  2.996685e+01  2.810785e+01
     vertex -1.000000e+01  3.043921e+01  2.832179e+01
   endloop
 endfacet
 facet normal -1.000000e+00  0.000000e+00  0.000000e+00
   outer loop
     vertex -1.000000e+01  2.904062e+01  2.764150e+01
     vertex -1.000000e+01  3.188900e+01  2.888479e+01
     vertex -1.000000e+01  3.338017e+01  2.932668e+01
   endloop
 endfacet
 facet normal -1.000000e+00  0.000000e+00  0.000000e+00
   outer loop
     vertex -1.000000e+01  2.904062e+01  2.764150e+01
     vertex -1.000000e+01  3.091726e+01  2.852270e+01
     vertex -1.000000e+01  3.188900e+01  2.888479e+01
   endloop
 endfacet
 facet normal -1.000000e+00  0.000000e+00  0.000000e+00
   outer loop
     vertex -1.000000e+01  2.904062e+01  2.764150e+01
     vertex -1.000000e+01  2.950054e+01  2.788103e+01
     vertex -1.000000e+01  3.091726e+01  2.852270e+01
   endloop
 endfacet
 facet normal -1.000000e+00  0.000000e+00  0.000000e+00
   outer loop
     vertex -1.000000e+01  2.858745e+01  2.738944e+01
     vertex -1.000000e+01  2.904062e+01  2.764150e+01
     vertex -1.000000e+01  3.338017e+01  2.932668e+01
   endloop
 endfacet
 facet normal -1.000000e+00  0.000000e+00  0.000000e+00
   outer loop
     vertex -1.000000e+01  2.194295e+01  2.096901e+01
     vertex -1.000000e+01  2.142035e+01  2.007332e+01
     vertex -1.000000e+01  2.167550e+01  2.052475e+01
   endloop
 endfacet
 facet normal -1.000000e+00  0.000000e+00  0.000000e+00
   outer loop
     vertex -1.000000e+01  2.222249e+01  2.140577e+01
     vertex -1.000000e+01  2.117767e+01  1.961506e+01
     vertex -1.000000e+01  2.142035e+01  2.007332e+01
   endloop
 endfacet
 facet normal -1.000000e+00  0.000000e+00  0.000000e+00
   outer loop
     vertex -1.000000e+01  2.222249e+01  2.140577e+01
     vertex -1.000000e+01  2.094766e+01  1.915031e+01
     vertex -1.000000e+01  2.117767e+01  1.961506e+01
   endloop
 endfacet
 facet normal -1.000000e+00  0.000000e+00  0.000000e+00
   outer loop
     vertex -1.000000e+01  2.222249e+01  2.140577e+01
     vertex -1.000000e+01  2.142035e+01  2.007332e+01
     vertex -1.000000e+01  2.194295e+01  2.096901e+01
   endloop
 endfacet
 facet normal -1.000000e+00  0.000000e+00  0.000000e+00
   outer loop
     vertex -1.000000e+01  2.684895e+01  2.625988e+01
     vertex -1.000000e+01  2.814136e+01  2.712505e+01
     vertex -1.000000e+01  2.858745e+01  2.738944e+01
   endloop
 endfacet
 facet normal -1.000000e+00  0.000000e+00  0.000000e+00
   outer loop
     vertex -1.000000e+01  2.684895e+01  2.625988e+01
     vertex -1.000000e+01  2.770270e+01  2.684852e+01
     vertex -1.000000e+01  2.814136e+01  2.712505e+01
   endloop
 endfacet
 facet normal -1.000000e+00  0.000000e+00  0.000000e+00
   outer loop
     vertex -1.000000e+01  2.684895e+01  2.625988e+01
     vertex -1.000000e+01  2.727178e+01  2.656006e+01
     vertex -1.000000e+01  2.770270e+01  2.684852e+01
   endloop
 endfacet
 facet normal -1.000000e+00  0.000000e+00  0.000000e+00
   outer loop
     vertex -1.000000e+01  2.684895e+01  2.625988e+01
     vertex -1.000000e+01  1.926029e+01  8.543766e+00
     vertex -1.000000e+01  2.094766e+01  1.915031e+01
   endloop
 endfacet
 facet normal -1.000000e+00  0.000000e+00  0.000000e+00
   outer loop
     vertex -1.000000e+01  2.684895e+01  2.625988e+01
     vertex -1.000000e+01  2.062675e+01  3.558205e+00
     vertex -1.000000e+01  1.926029e+01  8.543766e+00
   endloop
 endfacet
 facet normal -1.000000e+00  0.000000e+00  0.000000e+00
   outer loop
     vertex -1.000000e+01  2.684895e+01  2.625988e+01
     vertex -1.000000e+01  2.858745e+01  2.738944e+01
     vertex -1.000000e+01  3.338017e+01  2.932668e+01
   endloop
 endfacet
 facet normal -1.000000e+00  0.000000e+00 -0.000000e+00
   outer loop
     vertex -1.000000e+01  2.684895e+01  2.625988e+01
     vertex -1.000000e+01  3.338017e+01  2.932668e+01
     vertex -1.000000e+01  2.062675e+01  3.558205e+00
   endloop
 endfacet
 facet normal -1.000000e+00  0.000000e+00  0.000000e+00
   outer loop
     vertex -1.000000e+01  2.281696e+01  2.225546e+01
     vertex -1.000000e+01  2.222249e+01  2.140577e+01
     vertex -1.000000e+01  2.251390e+01  2.183469e+01
   endloop
 endfacet
 facet normal -1.000000e+00  0.000000e+00  0.000000e+00
   outer loop
     vertex -1.000000e+01  2.313146e+01  2.266776e+01
     vertex -1.000000e+01  2.094766e+01  1.915031e+01
     vertex -1.000000e+01  2.222249e+01  2.140577e+01
   endloop
 endfacet
 facet normal -1.000000e+00  0.000000e+00  0.000000e+00
   outer loop
     vertex -1.000000e+01  2.313146e+01  2.266776e+01
     vertex -1.000000e+01  2.222249e+01  2.140577e+01
     vertex -1.000000e+01  2.281696e+01  2.225546e+01
   endloop
 endfacet
 facet normal -1.000000e+00  0.000000e+00  0.000000e+00
   outer loop
     vertex -1.000000e+01  2.602877e+01  2.562531e+01
     vertex -1.000000e+01  2.643450e+01  2.594822e+01
     vertex -1.000000e+01  2.684895e+01  2.625988e+01
   endloop
 endfacet
 facet normal -1.000000e+00  0.000000e+00  0.000000e+00
   outer loop
     vertex -1.000000e+01  2.379379e+01  2.346570e+01
     vertex -1.000000e+01  2.313146e+01  2.266776e+01
     vertex -1.000000e+01  2.345715e+01  2.307127e+01
   endloop
 endfacet
 facet normal -1.000000e+00  0.000000e+00  0.000000e+00
   outer loop
     vertex -1.000000e+01  2.524463e+01  2.494670e+01
     vertex -1.000000e+01  2.563204e+01  2.529138e+01
     vertex -1.000000e+01  2.602877e+01  2.562531e+01
   endloop
 endfacet
 facet normal -1.000000e+00  0.000000e+00  0.000000e+00
   outer loop
     vertex -1.000000e+01  2.524463e+01  2.494670e+01
     vertex -1.000000e+01  2.602877e+01  2.562531e+01
     vertex -1.000000e+01  2.684895e+01  2.625988e+01
   endloop
 endfacet
 facet normal -1.000000e+00  0.000000e+00  0.000000e+00
   outer loop
     vertex -1.000000e+01  2.414112e+01  2.385074e+01
     vertex -1.000000e+01  2.313146e+01  2.266776e+01
     vertex -1.000000e+01  2.379379e+01  2.346570e+01
   endloop
 endfacet
 facet normal -1.000000e+00  0.000000e+00  0.000000e+00
   outer loop
     vertex -1.000000e+01  2.449889e+01  2.422611e+01
     vertex -1.000000e+01  2.486681e+01  2.459152e+01
     vertex -1.000000e+01  2.524463e+01  2.494670e+01
   endloop
 endfacet
 facet normal -1.000000e+00  0.000000e+00 -0.000000e+00
   outer loop
     vertex -1.000000e+01  2.449889e+01  2.422611e+01
     vertex -1.000000e+01  2.684895e+01  2.625988e+01
     vertex -1.000000e+01  2.094766e+01  1.915031e+01
   endloop
 endfacet
 facet normal -1.000000e+00  0.000000e+00  0.000000e+00
   outer loop
     vertex -1.000000e+01  2.449889e+01  2.422611e+01
     vertex -1.000000e+01  2.094766e+01  1.915031e+01
     vertex -1.000000e+01  2.313146e+01  2.266776e+01
   endloop
 endfacet
 facet normal -1.000000e+00  0.000000e+00  0.000000e+00
   outer loop
     vertex -1.000000e+01  2.449889e+01  2.422611e+01
     vertex -1.000000e+01  2.524463e+01  2.494670e+01
     vertex -1.000000e+01  2.684895e+01  2.625988e+01
   endloop
 endfacet
 facet normal -1.000000e+00  0.000000e+00  0.000000e+00
   outer loop
     vertex -1.000000e+01  2.449889e+01  2.422611e+01
     vertex -1.000000e+01  2.313146e+01  2.266776e+01
     vertex -1.000000e+01  2.414112e+01  2.385074e+01
   endloop
 endfacet
endsolid
