ISO-10303-21;
HEADER;
FILE_DESCRIPTION(('Open CASCADE Model'),'2;1');
FILE_NAME('Open CASCADE Shape Model','2026-09-28T21:32:29',('Author'),(
    'Open CASCADE'),'Open CASCADE STEP processor 7.9','Open CASCADE 7.9'
  ,'Unknown');
FILE_SCHEMA(('AUTOMOTIVE_DESIGN { 1 0 10303 214 1 1 1 1 }'));
ENDSEC;
DATA;
#1 = APPLICATION_PROTOCOL_DEFINITION('international standard',
  'automotive_design',2000,#2);
#2 = APPLICATION_CONTEXT(
  'core data for automotive mechanical design processes');
#3 = SHAPE_DEFINITION_REPRESENTATION(#4,#10);
#4 = PRODUCT_DEFINITION_SHAPE('','',#5);
#5 = PRODUCT_DEFINITION('design','',#6,#9);
#6 = PRODUCT_DEFINITION_FORMATION('','',#7);
#7 = PRODUCT('Open CASCADE STEP translator 7.9 1',
  'Open CASCADE STEP translator 7.9 1','',(#8));
#8 = PRODUCT_CONTEXT('',#2,'mechanical');
#9 = PRODUCT_DEFINITION_CONTEXT('part definition',#2,'design');
#10 = ADVANCED_BREP_SHAPE_REPRESENTATION('',(#11,#15),#5773);
#11 = AXIS2_PLACEMENT_3D('',#12,#13,#14);
#12 = CARTESIAN_POINT('',(0.,0.,0.));
#13 = DIRECTION('',(0.,0.,1.));
#14 = DIRECTION('',(1.,0.,-0.));
#15 = MANIFOLD_SOLID_BREP('',#16);
#16 = CLOSED_SHELL('',(#17,#135,#779,#888,#1180,#1252,#1407,#1562,#1671,
    #1771,#1796,#1873,#1922,#2057,#2111,#2165,#2214,#2263,#2291,#2368,
    #2417,#2471,#2520,#2570,#2705,#2759,#2786,#2841,#3262,#3333,#3383,
    #3437,#3486,#3513,#3545,#3600,#3655,#3702,#3729,#3781,#3788,#3835,
    #3862,#3914,#3921,#4004,#4240,#4294,#4477,#4660,#4809,#4818,#4901,
    #4928,#4955,#4982,#5009,#5036,#5063,#5090,#5117,#5147,#5177,#5184,
    #5191,#5240,#5407,#5434,#5461,#5488,#5495,#5550,#5605,#5632,#5659,
    #5709,#5759,#5766));
#17 = ADVANCED_FACE('',(#18),#32,.F.);
#18 = FACE_BOUND('',#19,.F.);
#19 = EDGE_LOOP('',(#20,#55,#83,#109));
#20 = ORIENTED_EDGE('',*,*,#21,.F.);
#21 = EDGE_CURVE('',#22,#24,#26,.T.);
#22 = VERTEX_POINT('',#23);
#23 = CARTESIAN_POINT('',(-4.440892098501E-16,2.,9.2));
#24 = VERTEX_POINT('',#25);
#25 = CARTESIAN_POINT('',(-4.440892098501E-16,44.6,9.2));
#26 = SURFACE_CURVE('',#27,(#31,#43),.PCURVE_S1.);
#27 = LINE('',#28,#29);
#28 = CARTESIAN_POINT('',(0.,0.,9.2));
#29 = VECTOR('',#30,1.);
#30 = DIRECTION('',(-0.,1.,0.));
#31 = PCURVE('',#32,#37);
#32 = PLANE('',#33);
#33 = AXIS2_PLACEMENT_3D('',#34,#35,#36);
#34 = CARTESIAN_POINT('',(0.,0.,0.));
#35 = DIRECTION('',(1.,0.,-0.));
#36 = DIRECTION('',(0.,0.,1.));
#37 = DEFINITIONAL_REPRESENTATION('',(#38),#42);
#38 = LINE('',#39,#40);
#39 = CARTESIAN_POINT('',(9.2,0.));
#40 = VECTOR('',#41,1.);
#41 = DIRECTION('',(0.,-1.));
#42 = ( GEOMETRIC_REPRESENTATION_CONTEXT(2) 
PARAMETRIC_REPRESENTATION_CONTEXT() REPRESENTATION_CONTEXT('2D SPACE',''
  ) );
#43 = PCURVE('',#44,#49);
#44 = PLANE('',#45);
#45 = AXIS2_PLACEMENT_3D('',#46,#47,#48);
#46 = CARTESIAN_POINT('',(0.,0.,9.2));
#47 = DIRECTION('',(0.,0.,1.));
#48 = DIRECTION('',(1.,0.,-0.));
#49 = DEFINITIONAL_REPRESENTATION('',(#50),#54);
#50 = LINE('',#51,#52);
#51 = CARTESIAN_POINT('',(0.,0.));
#52 = VECTOR('',#53,1.);
#53 = DIRECTION('',(0.,1.));
#54 = ( GEOMETRIC_REPRESENTATION_CONTEXT(2) 
PARAMETRIC_REPRESENTATION_CONTEXT() REPRESENTATION_CONTEXT('2D SPACE',''
  ) );
#55 = ORIENTED_EDGE('',*,*,#56,.F.);
#56 = EDGE_CURVE('',#57,#22,#59,.T.);
#57 = VERTEX_POINT('',#58);
#58 = CARTESIAN_POINT('',(-4.440892098501E-16,2.,4.));
#59 = SURFACE_CURVE('',#60,(#64,#71),.PCURVE_S1.);
#60 = LINE('',#61,#62);
#61 = CARTESIAN_POINT('',(-4.440892098501E-16,2.,0.));
#62 = VECTOR('',#63,1.);
#63 = DIRECTION('',(0.,0.,1.));
#64 = PCURVE('',#32,#65);
#65 = DEFINITIONAL_REPRESENTATION('',(#66),#70);
#66 = LINE('',#67,#68);
#67 = CARTESIAN_POINT('',(0.,-2.));
#68 = VECTOR('',#69,1.);
#69 = DIRECTION('',(1.,0.));
#70 = ( GEOMETRIC_REPRESENTATION_CONTEXT(2) 
PARAMETRIC_REPRESENTATION_CONTEXT() REPRESENTATION_CONTEXT('2D SPACE',''
  ) );
#71 = PCURVE('',#72,#77);
#72 = CYLINDRICAL_SURFACE('',#73,2.);
#73 = AXIS2_PLACEMENT_3D('',#74,#75,#76);
#74 = CARTESIAN_POINT('',(2.,2.,0.));
#75 = DIRECTION('',(0.,0.,1.));
#76 = DIRECTION('',(-1.,-0.,0.));
#77 = DEFINITIONAL_REPRESENTATION('',(#78),#82);
#78 = LINE('',#79,#80);
#79 = CARTESIAN_POINT('',(0.,0.));
#80 = VECTOR('',#81,1.);
#81 = DIRECTION('',(0.,1.));
#82 = ( GEOMETRIC_REPRESENTATION_CONTEXT(2) 
PARAMETRIC_REPRESENTATION_CONTEXT() REPRESENTATION_CONTEXT('2D SPACE',''
  ) );
#83 = ORIENTED_EDGE('',*,*,#84,.F.);
#84 = EDGE_CURVE('',#85,#57,#87,.T.);
#85 = VERTEX_POINT('',#86);
#86 = CARTESIAN_POINT('',(-4.440892098501E-16,44.6,4.));
#87 = SURFACE_CURVE('',#88,(#92,#98),.PCURVE_S1.);
#88 = LINE('',#89,#90);
#89 = CARTESIAN_POINT('',(0.,0.,4.));
#90 = VECTOR('',#91,1.);
#91 = DIRECTION('',(0.,-1.,0.));
#92 = PCURVE('',#32,#93);
#93 = DEFINITIONAL_REPRESENTATION('',(#94),#97);
#94 = B_SPLINE_CURVE_WITH_KNOTS('',1,(#95,#96),.UNSPECIFIED.,.F.,.F.,(2,
    2),(-44.6,-2.),.PIECEWISE_BEZIER_KNOTS.);
#95 = CARTESIAN_POINT('',(4.,-44.6));
#96 = CARTESIAN_POINT('',(4.,-2.));
#97 = ( GEOMETRIC_REPRESENTATION_CONTEXT(2) 
PARAMETRIC_REPRESENTATION_CONTEXT() REPRESENTATION_CONTEXT('2D SPACE',''
  ) );
#98 = PCURVE('',#99,#104);
#99 = PLANE('',#100);
#100 = AXIS2_PLACEMENT_3D('',#101,#102,#103);
#101 = CARTESIAN_POINT('',(-7.5,0.,4.));
#102 = DIRECTION('',(0.,0.,1.));
#103 = DIRECTION('',(1.,0.,-0.));
#104 = DEFINITIONAL_REPRESENTATION('',(#105),#108);
#105 = B_SPLINE_CURVE_WITH_KNOTS('',1,(#106,#107),.UNSPECIFIED.,.F.,.F.,
  (2,2),(-44.6,-2.),.PIECEWISE_BEZIER_KNOTS.);
#106 = CARTESIAN_POINT('',(7.5,44.6));
#107 = CARTESIAN_POINT('',(7.5,2.));
#108 = ( GEOMETRIC_REPRESENTATION_CONTEXT(2) 
PARAMETRIC_REPRESENTATION_CONTEXT() REPRESENTATION_CONTEXT('2D SPACE',''
  ) );
#109 = ORIENTED_EDGE('',*,*,#110,.T.);
#110 = EDGE_CURVE('',#85,#24,#111,.T.);
#111 = SURFACE_CURVE('',#112,(#116,#123),.PCURVE_S1.);
#112 = LINE('',#113,#114);
#113 = CARTESIAN_POINT('',(-4.440892098501E-16,44.6,0.));
#114 = VECTOR('',#115,1.);
#115 = DIRECTION('',(0.,0.,1.));
#116 = PCURVE('',#32,#117);
#117 = DEFINITIONAL_REPRESENTATION('',(#118),#122);
#118 = LINE('',#119,#120);
#119 = CARTESIAN_POINT('',(0.,-44.6));
#120 = VECTOR('',#121,1.);
#121 = DIRECTION('',(1.,0.));
#122 = ( GEOMETRIC_REPRESENTATION_CONTEXT(2) 
PARAMETRIC_REPRESENTATION_CONTEXT() REPRESENTATION_CONTEXT('2D SPACE',''
  ) );
#123 = PCURVE('',#124,#129);
#124 = CYLINDRICAL_SURFACE('',#125,2.);
#125 = AXIS2_PLACEMENT_3D('',#126,#127,#128);
#126 = CARTESIAN_POINT('',(2.,44.6,0.));
#127 = DIRECTION('',(0.,0.,1.));
#128 = DIRECTION('',(-1.,-0.,0.));
#129 = DEFINITIONAL_REPRESENTATION('',(#130),#134);
#130 = LINE('',#131,#132);
#131 = CARTESIAN_POINT('',(-0.,0.));
#132 = VECTOR('',#133,1.);
#133 = DIRECTION('',(-0.,1.));
#134 = ( GEOMETRIC_REPRESENTATION_CONTEXT(2) 
PARAMETRIC_REPRESENTATION_CONTEXT() REPRESENTATION_CONTEXT('2D SPACE',''
  ) );
#135 = ADVANCED_FACE('',(#136,#335,#557),#44,.T.);
#136 = FACE_BOUND('',#137,.T.);
#137 = EDGE_LOOP('',(#138,#139,#163,#191,#224,#252,#281,#309));
#138 = ORIENTED_EDGE('',*,*,#21,.F.);
#139 = ORIENTED_EDGE('',*,*,#140,.T.);
#140 = EDGE_CURVE('',#22,#141,#143,.T.);
#141 = VERTEX_POINT('',#142);
#142 = CARTESIAN_POINT('',(2.,-4.440892098501E-16,9.2));
#143 = SURFACE_CURVE('',#144,(#149,#156),.PCURVE_S1.);
#144 = CIRCLE('',#145,2.);
#145 = AXIS2_PLACEMENT_3D('',#146,#147,#148);
#146 = CARTESIAN_POINT('',(2.,2.,9.2));
#147 = DIRECTION('',(0.,0.,1.));
#148 = DIRECTION('',(0.,-1.,0.));
#149 = PCURVE('',#44,#150);
#150 = DEFINITIONAL_REPRESENTATION('',(#151),#155);
#151 = CIRCLE('',#152,2.);
#152 = AXIS2_PLACEMENT_2D('',#153,#154);
#153 = CARTESIAN_POINT('',(2.,2.));
#154 = DIRECTION('',(0.,-1.));
#155 = ( GEOMETRIC_REPRESENTATION_CONTEXT(2) 
PARAMETRIC_REPRESENTATION_CONTEXT() REPRESENTATION_CONTEXT('2D SPACE',''
  ) );
#156 = PCURVE('',#72,#157);
#157 = DEFINITIONAL_REPRESENTATION('',(#158),#162);
#158 = LINE('',#159,#160);
#159 = CARTESIAN_POINT('',(-4.712388980385,9.2));
#160 = VECTOR('',#161,1.);
#161 = DIRECTION('',(1.,0.));
#162 = ( GEOMETRIC_REPRESENTATION_CONTEXT(2) 
PARAMETRIC_REPRESENTATION_CONTEXT() REPRESENTATION_CONTEXT('2D SPACE',''
  ) );
#163 = ORIENTED_EDGE('',*,*,#164,.T.);
#164 = EDGE_CURVE('',#141,#165,#167,.T.);
#165 = VERTEX_POINT('',#166);
#166 = CARTESIAN_POINT('',(29.7,-4.440892098501E-16,9.2));
#167 = SURFACE_CURVE('',#168,(#172,#179),.PCURVE_S1.);
#168 = LINE('',#169,#170);
#169 = CARTESIAN_POINT('',(0.,0.,9.2));
#170 = VECTOR('',#171,1.);
#171 = DIRECTION('',(1.,0.,-0.));
#172 = PCURVE('',#44,#173);
#173 = DEFINITIONAL_REPRESENTATION('',(#174),#178);
#174 = LINE('',#175,#176);
#175 = CARTESIAN_POINT('',(0.,0.));
#176 = VECTOR('',#177,1.);
#177 = DIRECTION('',(1.,0.));
#178 = ( GEOMETRIC_REPRESENTATION_CONTEXT(2) 
PARAMETRIC_REPRESENTATION_CONTEXT() REPRESENTATION_CONTEXT('2D SPACE',''
  ) );
#179 = PCURVE('',#180,#185);
#180 = PLANE('',#181);
#181 = AXIS2_PLACEMENT_3D('',#182,#183,#184);
#182 = CARTESIAN_POINT('',(0.,0.,0.));
#183 = DIRECTION('',(-0.,1.,0.));
#184 = DIRECTION('',(0.,0.,1.));
#185 = DEFINITIONAL_REPRESENTATION('',(#186),#190);
#186 = LINE('',#187,#188);
#187 = CARTESIAN_POINT('',(9.2,0.));
#188 = VECTOR('',#189,1.);
#189 = DIRECTION('',(0.,1.));
#190 = ( GEOMETRIC_REPRESENTATION_CONTEXT(2) 
PARAMETRIC_REPRESENTATION_CONTEXT() REPRESENTATION_CONTEXT('2D SPACE',''
  ) );
#191 = ORIENTED_EDGE('',*,*,#192,.F.);
#192 = EDGE_CURVE('',#193,#165,#195,.T.);
#193 = VERTEX_POINT('',#194);
#194 = CARTESIAN_POINT('',(31.7,2.,9.2));
#195 = SURFACE_CURVE('',#196,(#201,#212),.PCURVE_S1.);
#196 = CIRCLE('',#197,2.);
#197 = AXIS2_PLACEMENT_3D('',#198,#199,#200);
#198 = CARTESIAN_POINT('',(29.7,2.,9.2));
#199 = DIRECTION('',(-0.,-0.,-1.));
#200 = DIRECTION('',(0.,-1.,0.));
#201 = PCURVE('',#44,#202);
#202 = DEFINITIONAL_REPRESENTATION('',(#203),#211);
#203 = ( BOUNDED_CURVE() B_SPLINE_CURVE(2,(#204,#205,#206,#207,#208,#209
,#210),.UNSPECIFIED.,.T.,.F.) B_SPLINE_CURVE_WITH_KNOTS((1,2,2,2,2,1),(
    -2.094395102393,0.,2.094395102393,4.188790204786,6.28318530718,
8.377580409573),.UNSPECIFIED.) CURVE() GEOMETRIC_REPRESENTATION_ITEM() 
RATIONAL_B_SPLINE_CURVE((1.,0.5,1.,0.5,1.,0.5,1.)) REPRESENTATION_ITEM(
  '') );
#204 = CARTESIAN_POINT('',(29.7,-4.440892098501E-16));
#205 = CARTESIAN_POINT('',(26.235898384862,-4.440892098501E-16));
#206 = CARTESIAN_POINT('',(27.967949192431,3.));
#207 = CARTESIAN_POINT('',(29.7,6.));
#208 = CARTESIAN_POINT('',(31.432050807569,3.));
#209 = CARTESIAN_POINT('',(33.164101615138,2.886579864025E-15));
#210 = CARTESIAN_POINT('',(29.7,-4.440892098501E-16));
#211 = ( GEOMETRIC_REPRESENTATION_CONTEXT(2) 
PARAMETRIC_REPRESENTATION_CONTEXT() REPRESENTATION_CONTEXT('2D SPACE',''
  ) );
#212 = PCURVE('',#213,#218);
#213 = CYLINDRICAL_SURFACE('',#214,2.);
#214 = AXIS2_PLACEMENT_3D('',#215,#216,#217);
#215 = CARTESIAN_POINT('',(29.7,2.,0.));
#216 = DIRECTION('',(0.,0.,1.));
#217 = DIRECTION('',(1.,0.,-0.));
#218 = DEFINITIONAL_REPRESENTATION('',(#219),#223);
#219 = LINE('',#220,#221);
#220 = CARTESIAN_POINT('',(4.712388980385,9.2));
#221 = VECTOR('',#222,1.);
#222 = DIRECTION('',(-1.,0.));
#223 = ( GEOMETRIC_REPRESENTATION_CONTEXT(2) 
PARAMETRIC_REPRESENTATION_CONTEXT() REPRESENTATION_CONTEXT('2D SPACE',''
  ) );
#224 = ORIENTED_EDGE('',*,*,#225,.T.);
#225 = EDGE_CURVE('',#193,#226,#228,.T.);
#226 = VERTEX_POINT('',#227);
#227 = CARTESIAN_POINT('',(31.7,44.6,9.2));
#228 = SURFACE_CURVE('',#229,(#233,#240),.PCURVE_S1.);
#229 = LINE('',#230,#231);
#230 = CARTESIAN_POINT('',(31.7,0.,9.2));
#231 = VECTOR('',#232,1.);
#232 = DIRECTION('',(-0.,1.,0.));
#233 = PCURVE('',#44,#234);
#234 = DEFINITIONAL_REPRESENTATION('',(#235),#239);
#235 = LINE('',#236,#237);
#236 = CARTESIAN_POINT('',(31.7,0.));
#237 = VECTOR('',#238,1.);
#238 = DIRECTION('',(0.,1.));
#239 = ( GEOMETRIC_REPRESENTATION_CONTEXT(2) 
PARAMETRIC_REPRESENTATION_CONTEXT() REPRESENTATION_CONTEXT('2D SPACE',''
  ) );
#240 = PCURVE('',#241,#246);
#241 = PLANE('',#242);
#242 = AXIS2_PLACEMENT_3D('',#243,#244,#245);
#243 = CARTESIAN_POINT('',(31.7,0.,0.));
#244 = DIRECTION('',(1.,0.,-0.));
#245 = DIRECTION('',(0.,0.,1.));
#246 = DEFINITIONAL_REPRESENTATION('',(#247),#251);
#247 = LINE('',#248,#249);
#248 = CARTESIAN_POINT('',(9.2,0.));
#249 = VECTOR('',#250,1.);
#250 = DIRECTION('',(0.,-1.));
#251 = ( GEOMETRIC_REPRESENTATION_CONTEXT(2) 
PARAMETRIC_REPRESENTATION_CONTEXT() REPRESENTATION_CONTEXT('2D SPACE',''
  ) );
#252 = ORIENTED_EDGE('',*,*,#253,.T.);
#253 = EDGE_CURVE('',#226,#254,#256,.T.);
#254 = VERTEX_POINT('',#255);
#255 = CARTESIAN_POINT('',(29.7,46.6,9.2));
#256 = SURFACE_CURVE('',#257,(#262,#269),.PCURVE_S1.);
#257 = CIRCLE('',#258,2.);
#258 = AXIS2_PLACEMENT_3D('',#259,#260,#261);
#259 = CARTESIAN_POINT('',(29.7,44.6,9.2));
#260 = DIRECTION('',(0.,0.,1.));
#261 = DIRECTION('',(0.,-1.,0.));
#262 = PCURVE('',#44,#263);
#263 = DEFINITIONAL_REPRESENTATION('',(#264),#268);
#264 = CIRCLE('',#265,2.);
#265 = AXIS2_PLACEMENT_2D('',#266,#267);
#266 = CARTESIAN_POINT('',(29.7,44.6));
#267 = DIRECTION('',(0.,-1.));
#268 = ( GEOMETRIC_REPRESENTATION_CONTEXT(2) 
PARAMETRIC_REPRESENTATION_CONTEXT() REPRESENTATION_CONTEXT('2D SPACE',''
  ) );
#269 = PCURVE('',#270,#275);
#270 = CYLINDRICAL_SURFACE('',#271,2.);
#271 = AXIS2_PLACEMENT_3D('',#272,#273,#274);
#272 = CARTESIAN_POINT('',(29.7,44.6,0.));
#273 = DIRECTION('',(0.,0.,1.));
#274 = DIRECTION('',(1.,0.,-0.));
#275 = DEFINITIONAL_REPRESENTATION('',(#276),#280);
#276 = LINE('',#277,#278);
#277 = CARTESIAN_POINT('',(-1.570796326795,9.2));
#278 = VECTOR('',#279,1.);
#279 = DIRECTION('',(1.,0.));
#280 = ( GEOMETRIC_REPRESENTATION_CONTEXT(2) 
PARAMETRIC_REPRESENTATION_CONTEXT() REPRESENTATION_CONTEXT('2D SPACE',''
  ) );
#281 = ORIENTED_EDGE('',*,*,#282,.F.);
#282 = EDGE_CURVE('',#283,#254,#285,.T.);
#283 = VERTEX_POINT('',#284);
#284 = CARTESIAN_POINT('',(2.,46.6,9.2));
#285 = SURFACE_CURVE('',#286,(#290,#297),.PCURVE_S1.);
#286 = LINE('',#287,#288);
#287 = CARTESIAN_POINT('',(0.,46.6,9.2));
#288 = VECTOR('',#289,1.);
#289 = DIRECTION('',(1.,0.,-0.));
#290 = PCURVE('',#44,#291);
#291 = DEFINITIONAL_REPRESENTATION('',(#292),#296);
#292 = LINE('',#293,#294);
#293 = CARTESIAN_POINT('',(0.,46.6));
#294 = VECTOR('',#295,1.);
#295 = DIRECTION('',(1.,0.));
#296 = ( GEOMETRIC_REPRESENTATION_CONTEXT(2) 
PARAMETRIC_REPRESENTATION_CONTEXT() REPRESENTATION_CONTEXT('2D SPACE',''
  ) );
#297 = PCURVE('',#298,#303);
#298 = PLANE('',#299);
#299 = AXIS2_PLACEMENT_3D('',#300,#301,#302);
#300 = CARTESIAN_POINT('',(0.,46.6,0.));
#301 = DIRECTION('',(-0.,1.,0.));
#302 = DIRECTION('',(0.,0.,1.));
#303 = DEFINITIONAL_REPRESENTATION('',(#304),#308);
#304 = LINE('',#305,#306);
#305 = CARTESIAN_POINT('',(9.2,0.));
#306 = VECTOR('',#307,1.);
#307 = DIRECTION('',(0.,1.));
#308 = ( GEOMETRIC_REPRESENTATION_CONTEXT(2) 
PARAMETRIC_REPRESENTATION_CONTEXT() REPRESENTATION_CONTEXT('2D SPACE',''
  ) );
#309 = ORIENTED_EDGE('',*,*,#310,.F.);
#310 = EDGE_CURVE('',#24,#283,#311,.T.);
#311 = SURFACE_CURVE('',#312,(#317,#328),.PCURVE_S1.);
#312 = CIRCLE('',#313,2.);
#313 = AXIS2_PLACEMENT_3D('',#314,#315,#316);
#314 = CARTESIAN_POINT('',(2.,44.6,9.2));
#315 = DIRECTION('',(-0.,-0.,-1.));
#316 = DIRECTION('',(0.,-1.,0.));
#317 = PCURVE('',#44,#318);
#318 = DEFINITIONAL_REPRESENTATION('',(#319),#327);
#319 = ( BOUNDED_CURVE() B_SPLINE_CURVE(2,(#320,#321,#322,#323,#324,#325
,#326),.UNSPECIFIED.,.T.,.F.) B_SPLINE_CURVE_WITH_KNOTS((1,2,2,2,2,1),(
    -2.094395102393,0.,2.094395102393,4.188790204786,6.28318530718,
8.377580409573),.UNSPECIFIED.) CURVE() GEOMETRIC_REPRESENTATION_ITEM() 
RATIONAL_B_SPLINE_CURVE((1.,0.5,1.,0.5,1.,0.5,1.)) REPRESENTATION_ITEM(
  '') );
#320 = CARTESIAN_POINT('',(2.,42.6));
#321 = CARTESIAN_POINT('',(-1.464101615138,42.6));
#322 = CARTESIAN_POINT('',(0.267949192431,45.6));
#323 = CARTESIAN_POINT('',(2.,48.6));
#324 = CARTESIAN_POINT('',(3.732050807569,45.6));
#325 = CARTESIAN_POINT('',(5.464101615138,42.6));
#326 = CARTESIAN_POINT('',(2.,42.6));
#327 = ( GEOMETRIC_REPRESENTATION_CONTEXT(2) 
PARAMETRIC_REPRESENTATION_CONTEXT() REPRESENTATION_CONTEXT('2D SPACE',''
  ) );
#328 = PCURVE('',#124,#329);
#329 = DEFINITIONAL_REPRESENTATION('',(#330),#334);
#330 = LINE('',#331,#332);
#331 = CARTESIAN_POINT('',(1.570796326795,9.2));
#332 = VECTOR('',#333,1.);
#333 = DIRECTION('',(-1.,0.));
#334 = ( GEOMETRIC_REPRESENTATION_CONTEXT(2) 
PARAMETRIC_REPRESENTATION_CONTEXT() REPRESENTATION_CONTEXT('2D SPACE',''
  ) );
#335 = FACE_BOUND('',#336,.T.);
#336 = EDGE_LOOP('',(#337,#368,#394,#423,#449,#478,#504,#533));
#337 = ORIENTED_EDGE('',*,*,#338,.F.);
#338 = EDGE_CURVE('',#339,#341,#343,.T.);
#339 = VERTEX_POINT('',#340);
#340 = CARTESIAN_POINT('',(2.8,3.8,9.2));
#341 = VERTEX_POINT('',#342);
#342 = CARTESIAN_POINT('',(3.8,2.8,9.2));
#343 = SURFACE_CURVE('',#344,(#349,#356),.PCURVE_S1.);
#344 = CIRCLE('',#345,1.);
#345 = AXIS2_PLACEMENT_3D('',#346,#347,#348);
#346 = CARTESIAN_POINT('',(3.8,3.8,9.2));
#347 = DIRECTION('',(0.,0.,1.));
#348 = DIRECTION('',(-1.,-0.,0.));
#349 = PCURVE('',#44,#350);
#350 = DEFINITIONAL_REPRESENTATION('',(#351),#355);
#351 = CIRCLE('',#352,1.);
#352 = AXIS2_PLACEMENT_2D('',#353,#354);
#353 = CARTESIAN_POINT('',(3.8,3.8));
#354 = DIRECTION('',(-1.,0.));
#355 = ( GEOMETRIC_REPRESENTATION_CONTEXT(2) 
PARAMETRIC_REPRESENTATION_CONTEXT() REPRESENTATION_CONTEXT('2D SPACE',''
  ) );
#356 = PCURVE('',#357,#362);
#357 = CYLINDRICAL_SURFACE('',#358,1.);
#358 = AXIS2_PLACEMENT_3D('',#359,#360,#361);
#359 = CARTESIAN_POINT('',(3.8,3.8,4.));
#360 = DIRECTION('',(0.,0.,1.));
#361 = DIRECTION('',(-1.,-0.,0.));
#362 = DEFINITIONAL_REPRESENTATION('',(#363),#367);
#363 = LINE('',#364,#365);
#364 = CARTESIAN_POINT('',(0.,5.2));
#365 = VECTOR('',#366,1.);
#366 = DIRECTION('',(1.,0.));
#367 = ( GEOMETRIC_REPRESENTATION_CONTEXT(2) 
PARAMETRIC_REPRESENTATION_CONTEXT() REPRESENTATION_CONTEXT('2D SPACE',''
  ) );
#368 = ORIENTED_EDGE('',*,*,#369,.T.);
#369 = EDGE_CURVE('',#339,#370,#372,.T.);
#370 = VERTEX_POINT('',#371);
#371 = CARTESIAN_POINT('',(2.8,20.3,9.2));
#372 = SURFACE_CURVE('',#373,(#377,#383),.PCURVE_S1.);
#373 = LINE('',#374,#375);
#374 = CARTESIAN_POINT('',(2.8,1.4,9.2));
#375 = VECTOR('',#376,1.);
#376 = DIRECTION('',(-0.,1.,0.));
#377 = PCURVE('',#44,#378);
#378 = DEFINITIONAL_REPRESENTATION('',(#379),#382);
#379 = B_SPLINE_CURVE_WITH_KNOTS('',1,(#380,#381),.UNSPECIFIED.,.F.,.F.,
  (2,2),(2.4,18.9),.PIECEWISE_BEZIER_KNOTS.);
#380 = CARTESIAN_POINT('',(2.8,3.8));
#381 = CARTESIAN_POINT('',(2.8,20.3));
#382 = ( GEOMETRIC_REPRESENTATION_CONTEXT(2) 
PARAMETRIC_REPRESENTATION_CONTEXT() REPRESENTATION_CONTEXT('2D SPACE',''
  ) );
#383 = PCURVE('',#384,#389);
#384 = PLANE('',#385);
#385 = AXIS2_PLACEMENT_3D('',#386,#387,#388);
#386 = CARTESIAN_POINT('',(2.8,2.8,4.));
#387 = DIRECTION('',(1.,0.,-0.));
#388 = DIRECTION('',(0.,0.,1.));
#389 = DEFINITIONAL_REPRESENTATION('',(#390),#393);
#390 = B_SPLINE_CURVE_WITH_KNOTS('',1,(#391,#392),.UNSPECIFIED.,.F.,.F.,
  (2,2),(2.4,18.9),.PIECEWISE_BEZIER_KNOTS.);
#391 = CARTESIAN_POINT('',(5.2,-1.));
#392 = CARTESIAN_POINT('',(5.2,-17.5));
#393 = ( GEOMETRIC_REPRESENTATION_CONTEXT(2) 
PARAMETRIC_REPRESENTATION_CONTEXT() REPRESENTATION_CONTEXT('2D SPACE',''
  ) );
#394 = ORIENTED_EDGE('',*,*,#395,.F.);
#395 = EDGE_CURVE('',#396,#370,#398,.T.);
#396 = VERTEX_POINT('',#397);
#397 = CARTESIAN_POINT('',(3.8,21.3,9.2));
#398 = SURFACE_CURVE('',#399,(#404,#411),.PCURVE_S1.);
#399 = CIRCLE('',#400,1.);
#400 = AXIS2_PLACEMENT_3D('',#401,#402,#403);
#401 = CARTESIAN_POINT('',(3.8,20.3,9.2));
#402 = DIRECTION('',(0.,0.,1.));
#403 = DIRECTION('',(-1.,-0.,0.));
#404 = PCURVE('',#44,#405);
#405 = DEFINITIONAL_REPRESENTATION('',(#406),#410);
#406 = CIRCLE('',#407,1.);
#407 = AXIS2_PLACEMENT_2D('',#408,#409);
#408 = CARTESIAN_POINT('',(3.8,20.3));
#409 = DIRECTION('',(-1.,0.));
#410 = ( GEOMETRIC_REPRESENTATION_CONTEXT(2) 
PARAMETRIC_REPRESENTATION_CONTEXT() REPRESENTATION_CONTEXT('2D SPACE',''
  ) );
#411 = PCURVE('',#412,#417);
#412 = CYLINDRICAL_SURFACE('',#413,1.);
#413 = AXIS2_PLACEMENT_3D('',#414,#415,#416);
#414 = CARTESIAN_POINT('',(3.8,20.3,4.));
#415 = DIRECTION('',(0.,0.,1.));
#416 = DIRECTION('',(-1.,-0.,0.));
#417 = DEFINITIONAL_REPRESENTATION('',(#418),#422);
#418 = LINE('',#419,#420);
#419 = CARTESIAN_POINT('',(-6.28318530718,5.2));
#420 = VECTOR('',#421,1.);
#421 = DIRECTION('',(1.,-0.));
#422 = ( GEOMETRIC_REPRESENTATION_CONTEXT(2) 
PARAMETRIC_REPRESENTATION_CONTEXT() REPRESENTATION_CONTEXT('2D SPACE',''
  ) );
#423 = ORIENTED_EDGE('',*,*,#424,.F.);
#424 = EDGE_CURVE('',#425,#396,#427,.T.);
#425 = VERTEX_POINT('',#426);
#426 = CARTESIAN_POINT('',(27.9,21.3,9.2));
#427 = SURFACE_CURVE('',#428,(#432,#438),.PCURVE_S1.);
#428 = LINE('',#429,#430);
#429 = CARTESIAN_POINT('',(1.4,21.3,9.2));
#430 = VECTOR('',#431,1.);
#431 = DIRECTION('',(-1.,-0.,0.));
#432 = PCURVE('',#44,#433);
#433 = DEFINITIONAL_REPRESENTATION('',(#434),#437);
#434 = B_SPLINE_CURVE_WITH_KNOTS('',1,(#435,#436),.UNSPECIFIED.,.F.,.F.,
  (2,2),(-26.5,-2.4),.PIECEWISE_BEZIER_KNOTS.);
#435 = CARTESIAN_POINT('',(27.9,21.3));
#436 = CARTESIAN_POINT('',(3.8,21.3));
#437 = ( GEOMETRIC_REPRESENTATION_CONTEXT(2) 
PARAMETRIC_REPRESENTATION_CONTEXT() REPRESENTATION_CONTEXT('2D SPACE',''
  ) );
#438 = PCURVE('',#439,#444);
#439 = PLANE('',#440);
#440 = AXIS2_PLACEMENT_3D('',#441,#442,#443);
#441 = CARTESIAN_POINT('',(2.8,21.3,4.));
#442 = DIRECTION('',(-0.,1.,0.));
#443 = DIRECTION('',(0.,0.,1.));
#444 = DEFINITIONAL_REPRESENTATION('',(#445),#448);
#445 = B_SPLINE_CURVE_WITH_KNOTS('',1,(#446,#447),.UNSPECIFIED.,.F.,.F.,
  (2,2),(-26.5,-2.4),.PIECEWISE_BEZIER_KNOTS.);
#446 = CARTESIAN_POINT('',(5.2,25.1));
#447 = CARTESIAN_POINT('',(5.2,1.));
#448 = ( GEOMETRIC_REPRESENTATION_CONTEXT(2) 
PARAMETRIC_REPRESENTATION_CONTEXT() REPRESENTATION_CONTEXT('2D SPACE',''
  ) );
#449 = ORIENTED_EDGE('',*,*,#450,.F.);
#450 = EDGE_CURVE('',#451,#425,#453,.T.);
#451 = VERTEX_POINT('',#452);
#452 = CARTESIAN_POINT('',(28.9,20.3,9.2));
#453 = SURFACE_CURVE('',#454,(#459,#466),.PCURVE_S1.);
#454 = CIRCLE('',#455,1.);
#455 = AXIS2_PLACEMENT_3D('',#456,#457,#458);
#456 = CARTESIAN_POINT('',(27.9,20.3,9.2));
#457 = DIRECTION('',(0.,0.,1.));
#458 = DIRECTION('',(1.,0.,-0.));
#459 = PCURVE('',#44,#460);
#460 = DEFINITIONAL_REPRESENTATION('',(#461),#465);
#461 = CIRCLE('',#462,1.);
#462 = AXIS2_PLACEMENT_2D('',#463,#464);
#463 = CARTESIAN_POINT('',(27.9,20.3));
#464 = DIRECTION('',(1.,0.));
#465 = ( GEOMETRIC_REPRESENTATION_CONTEXT(2) 
PARAMETRIC_REPRESENTATION_CONTEXT() REPRESENTATION_CONTEXT('2D SPACE',''
  ) );
#466 = PCURVE('',#467,#472);
#467 = CYLINDRICAL_SURFACE('',#468,1.);
#468 = AXIS2_PLACEMENT_3D('',#469,#470,#471);
#469 = CARTESIAN_POINT('',(27.9,20.3,4.));
#470 = DIRECTION('',(0.,0.,1.));
#471 = DIRECTION('',(1.,0.,-0.));
#472 = DEFINITIONAL_REPRESENTATION('',(#473),#477);
#473 = LINE('',#474,#475);
#474 = CARTESIAN_POINT('',(0.,5.2));
#475 = VECTOR('',#476,1.);
#476 = DIRECTION('',(1.,0.));
#477 = ( GEOMETRIC_REPRESENTATION_CONTEXT(2) 
PARAMETRIC_REPRESENTATION_CONTEXT() REPRESENTATION_CONTEXT('2D SPACE',''
  ) );
#478 = ORIENTED_EDGE('',*,*,#479,.F.);
#479 = EDGE_CURVE('',#480,#451,#482,.T.);
#480 = VERTEX_POINT('',#481);
#481 = CARTESIAN_POINT('',(28.9,3.8,9.2));
#482 = SURFACE_CURVE('',#483,(#487,#493),.PCURVE_S1.);
#483 = LINE('',#484,#485);
#484 = CARTESIAN_POINT('',(28.9,1.4,9.2));
#485 = VECTOR('',#486,1.);
#486 = DIRECTION('',(-0.,1.,0.));
#487 = PCURVE('',#44,#488);
#488 = DEFINITIONAL_REPRESENTATION('',(#489),#492);
#489 = B_SPLINE_CURVE_WITH_KNOTS('',1,(#490,#491),.UNSPECIFIED.,.F.,.F.,
  (2,2),(2.4,18.9),.PIECEWISE_BEZIER_KNOTS.);
#490 = CARTESIAN_POINT('',(28.9,3.8));
#491 = CARTESIAN_POINT('',(28.9,20.3));
#492 = ( GEOMETRIC_REPRESENTATION_CONTEXT(2) 
PARAMETRIC_REPRESENTATION_CONTEXT() REPRESENTATION_CONTEXT('2D SPACE',''
  ) );
#493 = PCURVE('',#494,#499);
#494 = PLANE('',#495);
#495 = AXIS2_PLACEMENT_3D('',#496,#497,#498);
#496 = CARTESIAN_POINT('',(28.9,2.8,4.));
#497 = DIRECTION('',(1.,0.,-0.));
#498 = DIRECTION('',(0.,0.,1.));
#499 = DEFINITIONAL_REPRESENTATION('',(#500),#503);
#500 = B_SPLINE_CURVE_WITH_KNOTS('',1,(#501,#502),.UNSPECIFIED.,.F.,.F.,
  (2,2),(2.4,18.9),.PIECEWISE_BEZIER_KNOTS.);
#501 = CARTESIAN_POINT('',(5.2,-1.));
#502 = CARTESIAN_POINT('',(5.2,-17.5));
#503 = ( GEOMETRIC_REPRESENTATION_CONTEXT(2) 
PARAMETRIC_REPRESENTATION_CONTEXT() REPRESENTATION_CONTEXT('2D SPACE',''
  ) );
#504 = ORIENTED_EDGE('',*,*,#505,.F.);
#505 = EDGE_CURVE('',#506,#480,#508,.T.);
#506 = VERTEX_POINT('',#507);
#507 = CARTESIAN_POINT('',(27.9,2.8,9.2));
#508 = SURFACE_CURVE('',#509,(#514,#521),.PCURVE_S1.);
#509 = CIRCLE('',#510,1.);
#510 = AXIS2_PLACEMENT_3D('',#511,#512,#513);
#511 = CARTESIAN_POINT('',(27.9,3.8,9.2));
#512 = DIRECTION('',(0.,0.,1.));
#513 = DIRECTION('',(1.,0.,-0.));
#514 = PCURVE('',#44,#515);
#515 = DEFINITIONAL_REPRESENTATION('',(#516),#520);
#516 = CIRCLE('',#517,1.);
#517 = AXIS2_PLACEMENT_2D('',#518,#519);
#518 = CARTESIAN_POINT('',(27.9,3.8));
#519 = DIRECTION('',(1.,0.));
#520 = ( GEOMETRIC_REPRESENTATION_CONTEXT(2) 
PARAMETRIC_REPRESENTATION_CONTEXT() REPRESENTATION_CONTEXT('2D SPACE',''
  ) );
#521 = PCURVE('',#522,#527);
#522 = CYLINDRICAL_SURFACE('',#523,1.);
#523 = AXIS2_PLACEMENT_3D('',#524,#525,#526);
#524 = CARTESIAN_POINT('',(27.9,3.8,4.));
#525 = DIRECTION('',(0.,0.,1.));
#526 = DIRECTION('',(1.,0.,-0.));
#527 = DEFINITIONAL_REPRESENTATION('',(#528),#532);
#528 = LINE('',#529,#530);
#529 = CARTESIAN_POINT('',(-6.28318530718,5.2));
#530 = VECTOR('',#531,1.);
#531 = DIRECTION('',(1.,-0.));
#532 = ( GEOMETRIC_REPRESENTATION_CONTEXT(2) 
PARAMETRIC_REPRESENTATION_CONTEXT() REPRESENTATION_CONTEXT('2D SPACE',''
  ) );
#533 = ORIENTED_EDGE('',*,*,#534,.T.);
#534 = EDGE_CURVE('',#506,#341,#535,.T.);
#535 = SURFACE_CURVE('',#536,(#540,#546),.PCURVE_S1.);
#536 = LINE('',#537,#538);
#537 = CARTESIAN_POINT('',(1.4,2.8,9.2));
#538 = VECTOR('',#539,1.);
#539 = DIRECTION('',(-1.,-0.,0.));
#540 = PCURVE('',#44,#541);
#541 = DEFINITIONAL_REPRESENTATION('',(#542),#545);
#542 = B_SPLINE_CURVE_WITH_KNOTS('',1,(#543,#544),.UNSPECIFIED.,.F.,.F.,
  (2,2),(-26.5,-2.4),.PIECEWISE_BEZIER_KNOTS.);
#543 = CARTESIAN_POINT('',(27.9,2.8));
#544 = CARTESIAN_POINT('',(3.8,2.8));
#545 = ( GEOMETRIC_REPRESENTATION_CONTEXT(2) 
PARAMETRIC_REPRESENTATION_CONTEXT() REPRESENTATION_CONTEXT('2D SPACE',''
  ) );
#546 = PCURVE('',#547,#552);
#547 = PLANE('',#548);
#548 = AXIS2_PLACEMENT_3D('',#549,#550,#551);
#549 = CARTESIAN_POINT('',(2.8,2.8,4.));
#550 = DIRECTION('',(-0.,1.,0.));
#551 = DIRECTION('',(0.,0.,1.));
#552 = DEFINITIONAL_REPRESENTATION('',(#553),#556);
#553 = B_SPLINE_CURVE_WITH_KNOTS('',1,(#554,#555),.UNSPECIFIED.,.F.,.F.,
  (2,2),(-26.5,-2.4),.PIECEWISE_BEZIER_KNOTS.);
#554 = CARTESIAN_POINT('',(5.2,25.1));
#555 = CARTESIAN_POINT('',(5.2,1.));
#556 = ( GEOMETRIC_REPRESENTATION_CONTEXT(2) 
PARAMETRIC_REPRESENTATION_CONTEXT() REPRESENTATION_CONTEXT('2D SPACE',''
  ) );
#557 = FACE_BOUND('',#558,.T.);
#558 = EDGE_LOOP('',(#559,#590,#616,#645,#671,#700,#726,#755));
#559 = ORIENTED_EDGE('',*,*,#560,.F.);
#560 = EDGE_CURVE('',#561,#563,#565,.T.);
#561 = VERTEX_POINT('',#562);
#562 = CARTESIAN_POINT('',(2.8,26.3,9.2));
#563 = VERTEX_POINT('',#564);
#564 = CARTESIAN_POINT('',(3.8,25.3,9.2));
#565 = SURFACE_CURVE('',#566,(#571,#578),.PCURVE_S1.);
#566 = CIRCLE('',#567,1.);
#567 = AXIS2_PLACEMENT_3D('',#568,#569,#570);
#568 = CARTESIAN_POINT('',(3.8,26.3,9.2));
#569 = DIRECTION('',(0.,0.,1.));
#570 = DIRECTION('',(-1.,-0.,0.));
#571 = PCURVE('',#44,#572);
#572 = DEFINITIONAL_REPRESENTATION('',(#573),#577);
#573 = CIRCLE('',#574,1.);
#574 = AXIS2_PLACEMENT_2D('',#575,#576);
#575 = CARTESIAN_POINT('',(3.8,26.3));
#576 = DIRECTION('',(-1.,0.));
#577 = ( GEOMETRIC_REPRESENTATION_CONTEXT(2) 
PARAMETRIC_REPRESENTATION_CONTEXT() REPRESENTATION_CONTEXT('2D SPACE',''
  ) );
#578 = PCURVE('',#579,#584);
#579 = CYLINDRICAL_SURFACE('',#580,1.);
#580 = AXIS2_PLACEMENT_3D('',#581,#582,#583);
#581 = CARTESIAN_POINT('',(3.8,26.3,4.));
#582 = DIRECTION('',(0.,0.,1.));
#583 = DIRECTION('',(-1.,-0.,0.));
#584 = DEFINITIONAL_REPRESENTATION('',(#585),#589);
#585 = LINE('',#586,#587);
#586 = CARTESIAN_POINT('',(0.,5.2));
#587 = VECTOR('',#588,1.);
#588 = DIRECTION('',(1.,0.));
#589 = ( GEOMETRIC_REPRESENTATION_CONTEXT(2) 
PARAMETRIC_REPRESENTATION_CONTEXT() REPRESENTATION_CONTEXT('2D SPACE',''
  ) );
#590 = ORIENTED_EDGE('',*,*,#591,.T.);
#591 = EDGE_CURVE('',#561,#592,#594,.T.);
#592 = VERTEX_POINT('',#593);
#593 = CARTESIAN_POINT('',(2.8,42.8,9.2));
#594 = SURFACE_CURVE('',#595,(#599,#605),.PCURVE_S1.);
#595 = LINE('',#596,#597);
#596 = CARTESIAN_POINT('',(2.8,12.65,9.2));
#597 = VECTOR('',#598,1.);
#598 = DIRECTION('',(-0.,1.,0.));
#599 = PCURVE('',#44,#600);
#600 = DEFINITIONAL_REPRESENTATION('',(#601),#604);
#601 = B_SPLINE_CURVE_WITH_KNOTS('',1,(#602,#603),.UNSPECIFIED.,.F.,.F.,
  (2,2),(13.65,30.15),.PIECEWISE_BEZIER_KNOTS.);
#602 = CARTESIAN_POINT('',(2.8,26.3));
#603 = CARTESIAN_POINT('',(2.8,42.8));
#604 = ( GEOMETRIC_REPRESENTATION_CONTEXT(2) 
PARAMETRIC_REPRESENTATION_CONTEXT() REPRESENTATION_CONTEXT('2D SPACE',''
  ) );
#605 = PCURVE('',#606,#611);
#606 = PLANE('',#607);
#607 = AXIS2_PLACEMENT_3D('',#608,#609,#610);
#608 = CARTESIAN_POINT('',(2.8,25.3,4.));
#609 = DIRECTION('',(1.,0.,-0.));
#610 = DIRECTION('',(0.,0.,1.));
#611 = DEFINITIONAL_REPRESENTATION('',(#612),#615);
#612 = B_SPLINE_CURVE_WITH_KNOTS('',1,(#613,#614),.UNSPECIFIED.,.F.,.F.,
  (2,2),(13.65,30.15),.PIECEWISE_BEZIER_KNOTS.);
#613 = CARTESIAN_POINT('',(5.2,-1.));
#614 = CARTESIAN_POINT('',(5.2,-17.5));
#615 = ( GEOMETRIC_REPRESENTATION_CONTEXT(2) 
PARAMETRIC_REPRESENTATION_CONTEXT() REPRESENTATION_CONTEXT('2D SPACE',''
  ) );
#616 = ORIENTED_EDGE('',*,*,#617,.F.);
#617 = EDGE_CURVE('',#618,#592,#620,.T.);
#618 = VERTEX_POINT('',#619);
#619 = CARTESIAN_POINT('',(3.8,43.8,9.2));
#620 = SURFACE_CURVE('',#621,(#626,#633),.PCURVE_S1.);
#621 = CIRCLE('',#622,1.);
#622 = AXIS2_PLACEMENT_3D('',#623,#624,#625);
#623 = CARTESIAN_POINT('',(3.8,42.8,9.2));
#624 = DIRECTION('',(0.,0.,1.));
#625 = DIRECTION('',(-1.,-0.,0.));
#626 = PCURVE('',#44,#627);
#627 = DEFINITIONAL_REPRESENTATION('',(#628),#632);
#628 = CIRCLE('',#629,1.);
#629 = AXIS2_PLACEMENT_2D('',#630,#631);
#630 = CARTESIAN_POINT('',(3.8,42.8));
#631 = DIRECTION('',(-1.,0.));
#632 = ( GEOMETRIC_REPRESENTATION_CONTEXT(2) 
PARAMETRIC_REPRESENTATION_CONTEXT() REPRESENTATION_CONTEXT('2D SPACE',''
  ) );
#633 = PCURVE('',#634,#639);
#634 = CYLINDRICAL_SURFACE('',#635,1.);
#635 = AXIS2_PLACEMENT_3D('',#636,#637,#638);
#636 = CARTESIAN_POINT('',(3.8,42.8,4.));
#637 = DIRECTION('',(0.,0.,1.));
#638 = DIRECTION('',(-1.,-0.,0.));
#639 = DEFINITIONAL_REPRESENTATION('',(#640),#644);
#640 = LINE('',#641,#642);
#641 = CARTESIAN_POINT('',(-6.28318530718,5.2));
#642 = VECTOR('',#643,1.);
#643 = DIRECTION('',(1.,-0.));
#644 = ( GEOMETRIC_REPRESENTATION_CONTEXT(2) 
PARAMETRIC_REPRESENTATION_CONTEXT() REPRESENTATION_CONTEXT('2D SPACE',''
  ) );
#645 = ORIENTED_EDGE('',*,*,#646,.F.);
#646 = EDGE_CURVE('',#647,#618,#649,.T.);
#647 = VERTEX_POINT('',#648);
#648 = CARTESIAN_POINT('',(27.9,43.8,9.2));
#649 = SURFACE_CURVE('',#650,(#654,#660),.PCURVE_S1.);
#650 = LINE('',#651,#652);
#651 = CARTESIAN_POINT('',(1.4,43.8,9.2));
#652 = VECTOR('',#653,1.);
#653 = DIRECTION('',(-1.,-0.,0.));
#654 = PCURVE('',#44,#655);
#655 = DEFINITIONAL_REPRESENTATION('',(#656),#659);
#656 = B_SPLINE_CURVE_WITH_KNOTS('',1,(#657,#658),.UNSPECIFIED.,.F.,.F.,
  (2,2),(-26.5,-2.4),.PIECEWISE_BEZIER_KNOTS.);
#657 = CARTESIAN_POINT('',(27.9,43.8));
#658 = CARTESIAN_POINT('',(3.8,43.8));
#659 = ( GEOMETRIC_REPRESENTATION_CONTEXT(2) 
PARAMETRIC_REPRESENTATION_CONTEXT() REPRESENTATION_CONTEXT('2D SPACE',''
  ) );
#660 = PCURVE('',#661,#666);
#661 = PLANE('',#662);
#662 = AXIS2_PLACEMENT_3D('',#663,#664,#665);
#663 = CARTESIAN_POINT('',(2.8,43.8,4.));
#664 = DIRECTION('',(-0.,1.,0.));
#665 = DIRECTION('',(0.,0.,1.));
#666 = DEFINITIONAL_REPRESENTATION('',(#667),#670);
#667 = B_SPLINE_CURVE_WITH_KNOTS('',1,(#668,#669),.UNSPECIFIED.,.F.,.F.,
  (2,2),(-26.5,-2.4),.PIECEWISE_BEZIER_KNOTS.);
#668 = CARTESIAN_POINT('',(5.2,25.1));
#669 = CARTESIAN_POINT('',(5.2,1.));
#670 = ( GEOMETRIC_REPRESENTATION_CONTEXT(2) 
PARAMETRIC_REPRESENTATION_CONTEXT() REPRESENTATION_CONTEXT('2D SPACE',''
  ) );
#671 = ORIENTED_EDGE('',*,*,#672,.F.);
#672 = EDGE_CURVE('',#673,#647,#675,.T.);
#673 = VERTEX_POINT('',#674);
#674 = CARTESIAN_POINT('',(28.9,42.8,9.2));
#675 = SURFACE_CURVE('',#676,(#681,#688),.PCURVE_S1.);
#676 = CIRCLE('',#677,1.);
#677 = AXIS2_PLACEMENT_3D('',#678,#679,#680);
#678 = CARTESIAN_POINT('',(27.9,42.8,9.2));
#679 = DIRECTION('',(0.,0.,1.));
#680 = DIRECTION('',(1.,0.,-0.));
#681 = PCURVE('',#44,#682);
#682 = DEFINITIONAL_REPRESENTATION('',(#683),#687);
#683 = CIRCLE('',#684,1.);
#684 = AXIS2_PLACEMENT_2D('',#685,#686);
#685 = CARTESIAN_POINT('',(27.9,42.8));
#686 = DIRECTION('',(1.,0.));
#687 = ( GEOMETRIC_REPRESENTATION_CONTEXT(2) 
PARAMETRIC_REPRESENTATION_CONTEXT() REPRESENTATION_CONTEXT('2D SPACE',''
  ) );
#688 = PCURVE('',#689,#694);
#689 = CYLINDRICAL_SURFACE('',#690,1.);
#690 = AXIS2_PLACEMENT_3D('',#691,#692,#693);
#691 = CARTESIAN_POINT('',(27.9,42.8,4.));
#692 = DIRECTION('',(0.,0.,1.));
#693 = DIRECTION('',(1.,0.,-0.));
#694 = DEFINITIONAL_REPRESENTATION('',(#695),#699);
#695 = LINE('',#696,#697);
#696 = CARTESIAN_POINT('',(0.,5.2));
#697 = VECTOR('',#698,1.);
#698 = DIRECTION('',(1.,0.));
#699 = ( GEOMETRIC_REPRESENTATION_CONTEXT(2) 
PARAMETRIC_REPRESENTATION_CONTEXT() REPRESENTATION_CONTEXT('2D SPACE',''
  ) );
#700 = ORIENTED_EDGE('',*,*,#701,.F.);
#701 = EDGE_CURVE('',#702,#673,#704,.T.);
#702 = VERTEX_POINT('',#703);
#703 = CARTESIAN_POINT('',(28.9,26.3,9.2));
#704 = SURFACE_CURVE('',#705,(#709,#715),.PCURVE_S1.);
#705 = LINE('',#706,#707);
#706 = CARTESIAN_POINT('',(28.9,12.65,9.2));
#707 = VECTOR('',#708,1.);
#708 = DIRECTION('',(-0.,1.,0.));
#709 = PCURVE('',#44,#710);
#710 = DEFINITIONAL_REPRESENTATION('',(#711),#714);
#711 = B_SPLINE_CURVE_WITH_KNOTS('',1,(#712,#713),.UNSPECIFIED.,.F.,.F.,
  (2,2),(13.65,30.15),.PIECEWISE_BEZIER_KNOTS.);
#712 = CARTESIAN_POINT('',(28.9,26.3));
#713 = CARTESIAN_POINT('',(28.9,42.8));
#714 = ( GEOMETRIC_REPRESENTATION_CONTEXT(2) 
PARAMETRIC_REPRESENTATION_CONTEXT() REPRESENTATION_CONTEXT('2D SPACE',''
  ) );
#715 = PCURVE('',#716,#721);
#716 = PLANE('',#717);
#717 = AXIS2_PLACEMENT_3D('',#718,#719,#720);
#718 = CARTESIAN_POINT('',(28.9,25.3,4.));
#719 = DIRECTION('',(1.,0.,-0.));
#720 = DIRECTION('',(0.,0.,1.));
#721 = DEFINITIONAL_REPRESENTATION('',(#722),#725);
#722 = B_SPLINE_CURVE_WITH_KNOTS('',1,(#723,#724),.UNSPECIFIED.,.F.,.F.,
  (2,2),(13.65,30.15),.PIECEWISE_BEZIER_KNOTS.);
#723 = CARTESIAN_POINT('',(5.2,-1.));
#724 = CARTESIAN_POINT('',(5.2,-17.5));
#725 = ( GEOMETRIC_REPRESENTATION_CONTEXT(2) 
PARAMETRIC_REPRESENTATION_CONTEXT() REPRESENTATION_CONTEXT('2D SPACE',''
  ) );
#726 = ORIENTED_EDGE('',*,*,#727,.F.);
#727 = EDGE_CURVE('',#728,#702,#730,.T.);
#728 = VERTEX_POINT('',#729);
#729 = CARTESIAN_POINT('',(27.9,25.3,9.2));
#730 = SURFACE_CURVE('',#731,(#736,#743),.PCURVE_S1.);
#731 = CIRCLE('',#732,1.);
#732 = AXIS2_PLACEMENT_3D('',#733,#734,#735);
#733 = CARTESIAN_POINT('',(27.9,26.3,9.2));
#734 = DIRECTION('',(0.,0.,1.));
#735 = DIRECTION('',(1.,0.,-0.));
#736 = PCURVE('',#44,#737);
#737 = DEFINITIONAL_REPRESENTATION('',(#738),#742);
#738 = CIRCLE('',#739,1.);
#739 = AXIS2_PLACEMENT_2D('',#740,#741);
#740 = CARTESIAN_POINT('',(27.9,26.3));
#741 = DIRECTION('',(1.,0.));
#742 = ( GEOMETRIC_REPRESENTATION_CONTEXT(2) 
PARAMETRIC_REPRESENTATION_CONTEXT() REPRESENTATION_CONTEXT('2D SPACE',''
  ) );
#743 = PCURVE('',#744,#749);
#744 = CYLINDRICAL_SURFACE('',#745,1.);
#745 = AXIS2_PLACEMENT_3D('',#746,#747,#748);
#746 = CARTESIAN_POINT('',(27.9,26.3,4.));
#747 = DIRECTION('',(0.,0.,1.));
#748 = DIRECTION('',(1.,0.,-0.));
#749 = DEFINITIONAL_REPRESENTATION('',(#750),#754);
#750 = LINE('',#751,#752);
#751 = CARTESIAN_POINT('',(-6.28318530718,5.2));
#752 = VECTOR('',#753,1.);
#753 = DIRECTION('',(1.,-0.));
#754 = ( GEOMETRIC_REPRESENTATION_CONTEXT(2) 
PARAMETRIC_REPRESENTATION_CONTEXT() REPRESENTATION_CONTEXT('2D SPACE',''
  ) );
#755 = ORIENTED_EDGE('',*,*,#756,.T.);
#756 = EDGE_CURVE('',#728,#563,#757,.T.);
#757 = SURFACE_CURVE('',#758,(#762,#768),.PCURVE_S1.);
#758 = LINE('',#759,#760);
#759 = CARTESIAN_POINT('',(1.4,25.3,9.2));
#760 = VECTOR('',#761,1.);
#761 = DIRECTION('',(-1.,-0.,0.));
#762 = PCURVE('',#44,#763);
#763 = DEFINITIONAL_REPRESENTATION('',(#764),#767);
#764 = B_SPLINE_CURVE_WITH_KNOTS('',1,(#765,#766),.UNSPECIFIED.,.F.,.F.,
  (2,2),(-26.5,-2.4),.PIECEWISE_BEZIER_KNOTS.);
#765 = CARTESIAN_POINT('',(27.9,25.3));
#766 = CARTESIAN_POINT('',(3.8,25.3));
#767 = ( GEOMETRIC_REPRESENTATION_CONTEXT(2) 
PARAMETRIC_REPRESENTATION_CONTEXT() REPRESENTATION_CONTEXT('2D SPACE',''
  ) );
#768 = PCURVE('',#769,#774);
#769 = PLANE('',#770);
#770 = AXIS2_PLACEMENT_3D('',#771,#772,#773);
#771 = CARTESIAN_POINT('',(2.8,25.3,4.));
#772 = DIRECTION('',(-0.,1.,0.));
#773 = DIRECTION('',(0.,0.,1.));
#774 = DEFINITIONAL_REPRESENTATION('',(#775),#778);
#775 = B_SPLINE_CURVE_WITH_KNOTS('',1,(#776,#777),.UNSPECIFIED.,.F.,.F.,
  (2,2),(-26.5,-2.4),.PIECEWISE_BEZIER_KNOTS.);
#776 = CARTESIAN_POINT('',(5.2,25.1));
#777 = CARTESIAN_POINT('',(5.2,1.));
#778 = ( GEOMETRIC_REPRESENTATION_CONTEXT(2) 
PARAMETRIC_REPRESENTATION_CONTEXT() REPRESENTATION_CONTEXT('2D SPACE',''
  ) );
#779 = ADVANCED_FACE('',(#780),#124,.T.);
#780 = FACE_BOUND('',#781,.F.);
#781 = EDGE_LOOP('',(#782,#810,#843,#864,#865,#866));
#782 = ORIENTED_EDGE('',*,*,#783,.F.);
#783 = EDGE_CURVE('',#784,#786,#788,.T.);
#784 = VERTEX_POINT('',#785);
#785 = CARTESIAN_POINT('',(1.,46.332050807569,0.));
#786 = VERTEX_POINT('',#787);
#787 = CARTESIAN_POINT('',(1.,46.332050807569,4.));
#788 = SURFACE_CURVE('',#789,(#793,#799),.PCURVE_S1.);
#789 = LINE('',#790,#791);
#790 = CARTESIAN_POINT('',(1.,46.332050807569,0.));
#791 = VECTOR('',#792,1.);
#792 = DIRECTION('',(0.,0.,1.));
#793 = PCURVE('',#124,#794);
#794 = DEFINITIONAL_REPRESENTATION('',(#795),#798);
#795 = B_SPLINE_CURVE_WITH_KNOTS('',1,(#796,#797),.UNSPECIFIED.,.F.,.F.,
  (2,2),(-6.E-07,4.0000006),.PIECEWISE_BEZIER_KNOTS.);
#796 = CARTESIAN_POINT('',(-1.047197551197,-6.E-07));
#797 = CARTESIAN_POINT('',(-1.047197551197,4.0000006));
#798 = ( GEOMETRIC_REPRESENTATION_CONTEXT(2) 
PARAMETRIC_REPRESENTATION_CONTEXT() REPRESENTATION_CONTEXT('2D SPACE',''
  ) );
#799 = PCURVE('',#800,#805);
#800 = CYLINDRICAL_SURFACE('',#801,2.);
#801 = AXIS2_PLACEMENT_3D('',#802,#803,#804);
#802 = CARTESIAN_POINT('',(0.,44.6,0.));
#803 = DIRECTION('',(0.,0.,1.));
#804 = DIRECTION('',(1.,0.,-0.));
#805 = DEFINITIONAL_REPRESENTATION('',(#806),#809);
#806 = B_SPLINE_CURVE_WITH_KNOTS('',1,(#807,#808),.UNSPECIFIED.,.F.,.F.,
  (2,2),(-6.E-07,4.0000006),.PIECEWISE_BEZIER_KNOTS.);
#807 = CARTESIAN_POINT('',(1.047197551197,-6.E-07));
#808 = CARTESIAN_POINT('',(1.047197551197,4.0000006));
#809 = ( GEOMETRIC_REPRESENTATION_CONTEXT(2) 
PARAMETRIC_REPRESENTATION_CONTEXT() REPRESENTATION_CONTEXT('2D SPACE',''
  ) );
#810 = ORIENTED_EDGE('',*,*,#811,.T.);
#811 = EDGE_CURVE('',#784,#812,#814,.T.);
#812 = VERTEX_POINT('',#813);
#813 = CARTESIAN_POINT('',(2.,46.6,0.));
#814 = SURFACE_CURVE('',#815,(#820,#827),.PCURVE_S1.);
#815 = CIRCLE('',#816,2.);
#816 = AXIS2_PLACEMENT_3D('',#817,#818,#819);
#817 = CARTESIAN_POINT('',(2.,44.6,0.));
#818 = DIRECTION('',(-0.,-0.,-1.));
#819 = DIRECTION('',(0.,-1.,0.));
#820 = PCURVE('',#124,#821);
#821 = DEFINITIONAL_REPRESENTATION('',(#822),#826);
#822 = LINE('',#823,#824);
#823 = CARTESIAN_POINT('',(1.570796326795,-0.));
#824 = VECTOR('',#825,1.);
#825 = DIRECTION('',(-1.,0.));
#826 = ( GEOMETRIC_REPRESENTATION_CONTEXT(2) 
PARAMETRIC_REPRESENTATION_CONTEXT() REPRESENTATION_CONTEXT('2D SPACE',''
  ) );
#827 = PCURVE('',#828,#833);
#828 = PLANE('',#829);
#829 = AXIS2_PLACEMENT_3D('',#830,#831,#832);
#830 = CARTESIAN_POINT('',(0.,0.,0.));
#831 = DIRECTION('',(0.,0.,1.));
#832 = DIRECTION('',(1.,0.,-0.));
#833 = DEFINITIONAL_REPRESENTATION('',(#834),#842);
#834 = ( BOUNDED_CURVE() B_SPLINE_CURVE(2,(#835,#836,#837,#838,#839,#840
,#841),.UNSPECIFIED.,.T.,.F.) B_SPLINE_CURVE_WITH_KNOTS((1,2,2,2,2,1),(
    -2.094395102393,0.,2.094395102393,4.188790204786,6.28318530718,
8.377580409573),.UNSPECIFIED.) CURVE() GEOMETRIC_REPRESENTATION_ITEM() 
RATIONAL_B_SPLINE_CURVE((1.,0.5,1.,0.5,1.,0.5,1.)) REPRESENTATION_ITEM(
  '') );
#835 = CARTESIAN_POINT('',(2.,42.6));
#836 = CARTESIAN_POINT('',(-1.464101615138,42.6));
#837 = CARTESIAN_POINT('',(0.267949192431,45.6));
#838 = CARTESIAN_POINT('',(2.,48.6));
#839 = CARTESIAN_POINT('',(3.732050807569,45.6));
#840 = CARTESIAN_POINT('',(5.464101615138,42.6));
#841 = CARTESIAN_POINT('',(2.,42.6));
#842 = ( GEOMETRIC_REPRESENTATION_CONTEXT(2) 
PARAMETRIC_REPRESENTATION_CONTEXT() REPRESENTATION_CONTEXT('2D SPACE',''
  ) );
#843 = ORIENTED_EDGE('',*,*,#844,.T.);
#844 = EDGE_CURVE('',#812,#283,#845,.T.);
#845 = SURFACE_CURVE('',#846,(#850,#857),.PCURVE_S1.);
#846 = LINE('',#847,#848);
#847 = CARTESIAN_POINT('',(2.,46.6,0.));
#848 = VECTOR('',#849,1.);
#849 = DIRECTION('',(0.,0.,1.));
#850 = PCURVE('',#124,#851);
#851 = DEFINITIONAL_REPRESENTATION('',(#852),#856);
#852 = LINE('',#853,#854);
#853 = CARTESIAN_POINT('',(-1.570796326795,0.));
#854 = VECTOR('',#855,1.);
#855 = DIRECTION('',(-0.,1.));
#856 = ( GEOMETRIC_REPRESENTATION_CONTEXT(2) 
PARAMETRIC_REPRESENTATION_CONTEXT() REPRESENTATION_CONTEXT('2D SPACE',''
  ) );
#857 = PCURVE('',#298,#858);
#858 = DEFINITIONAL_REPRESENTATION('',(#859),#863);
#859 = LINE('',#860,#861);
#860 = CARTESIAN_POINT('',(0.,2.));
#861 = VECTOR('',#862,1.);
#862 = DIRECTION('',(1.,0.));
#863 = ( GEOMETRIC_REPRESENTATION_CONTEXT(2) 
PARAMETRIC_REPRESENTATION_CONTEXT() REPRESENTATION_CONTEXT('2D SPACE',''
  ) );
#864 = ORIENTED_EDGE('',*,*,#310,.F.);
#865 = ORIENTED_EDGE('',*,*,#110,.F.);
#866 = ORIENTED_EDGE('',*,*,#867,.F.);
#867 = EDGE_CURVE('',#786,#85,#868,.T.);
#868 = SURFACE_CURVE('',#869,(#874,#881),.PCURVE_S1.);
#869 = CIRCLE('',#870,2.);
#870 = AXIS2_PLACEMENT_3D('',#871,#872,#873);
#871 = CARTESIAN_POINT('',(2.,44.6,4.));
#872 = DIRECTION('',(0.,0.,1.));
#873 = DIRECTION('',(-1.,-0.,0.));
#874 = PCURVE('',#124,#875);
#875 = DEFINITIONAL_REPRESENTATION('',(#876),#880);
#876 = LINE('',#877,#878);
#877 = CARTESIAN_POINT('',(-6.28318530718,4.));
#878 = VECTOR('',#879,1.);
#879 = DIRECTION('',(1.,-0.));
#880 = ( GEOMETRIC_REPRESENTATION_CONTEXT(2) 
PARAMETRIC_REPRESENTATION_CONTEXT() REPRESENTATION_CONTEXT('2D SPACE',''
  ) );
#881 = PCURVE('',#99,#882);
#882 = DEFINITIONAL_REPRESENTATION('',(#883),#887);
#883 = CIRCLE('',#884,2.);
#884 = AXIS2_PLACEMENT_2D('',#885,#886);
#885 = CARTESIAN_POINT('',(9.5,44.6));
#886 = DIRECTION('',(-1.,0.));
#887 = ( GEOMETRIC_REPRESENTATION_CONTEXT(2) 
PARAMETRIC_REPRESENTATION_CONTEXT() REPRESENTATION_CONTEXT('2D SPACE',''
  ) );
#888 = ADVANCED_FACE('',(#889,#1118,#1149),#99,.T.);
#889 = FACE_BOUND('',#890,.T.);
#890 = EDGE_LOOP('',(#891,#921,#950,#978,#1011,#1033,#1034,#1035,#1059,
    #1087));
#891 = ORIENTED_EDGE('',*,*,#892,.F.);
#892 = EDGE_CURVE('',#893,#895,#897,.T.);
#893 = VERTEX_POINT('',#894);
#894 = CARTESIAN_POINT('',(-7.5,2.,4.));
#895 = VERTEX_POINT('',#896);
#896 = CARTESIAN_POINT('',(-7.5,44.6,4.));
#897 = SURFACE_CURVE('',#898,(#902,#909),.PCURVE_S1.);
#898 = LINE('',#899,#900);
#899 = CARTESIAN_POINT('',(-7.5,0.,4.));
#900 = VECTOR('',#901,1.);
#901 = DIRECTION('',(-0.,1.,0.));
#902 = PCURVE('',#99,#903);
#903 = DEFINITIONAL_REPRESENTATION('',(#904),#908);
#904 = LINE('',#905,#906);
#905 = CARTESIAN_POINT('',(0.,0.));
#906 = VECTOR('',#907,1.);
#907 = DIRECTION('',(0.,1.));
#908 = ( GEOMETRIC_REPRESENTATION_CONTEXT(2) 
PARAMETRIC_REPRESENTATION_CONTEXT() REPRESENTATION_CONTEXT('2D SPACE',''
  ) );
#909 = PCURVE('',#910,#915);
#910 = PLANE('',#911);
#911 = AXIS2_PLACEMENT_3D('',#912,#913,#914);
#912 = CARTESIAN_POINT('',(-7.5,0.,0.));
#913 = DIRECTION('',(1.,0.,-0.));
#914 = DIRECTION('',(0.,0.,1.));
#915 = DEFINITIONAL_REPRESENTATION('',(#916),#920);
#916 = LINE('',#917,#918);
#917 = CARTESIAN_POINT('',(4.,0.));
#918 = VECTOR('',#919,1.);
#919 = DIRECTION('',(0.,-1.));
#920 = ( GEOMETRIC_REPRESENTATION_CONTEXT(2) 
PARAMETRIC_REPRESENTATION_CONTEXT() REPRESENTATION_CONTEXT('2D SPACE',''
  ) );
#921 = ORIENTED_EDGE('',*,*,#922,.T.);
#922 = EDGE_CURVE('',#893,#923,#925,.T.);
#923 = VERTEX_POINT('',#924);
#924 = CARTESIAN_POINT('',(-5.5,-4.440892098501E-16,4.));
#925 = SURFACE_CURVE('',#926,(#931,#938),.PCURVE_S1.);
#926 = CIRCLE('',#927,2.);
#927 = AXIS2_PLACEMENT_3D('',#928,#929,#930);
#928 = CARTESIAN_POINT('',(-5.5,2.,4.));
#929 = DIRECTION('',(0.,0.,1.));
#930 = DIRECTION('',(0.,-1.,0.));
#931 = PCURVE('',#99,#932);
#932 = DEFINITIONAL_REPRESENTATION('',(#933),#937);
#933 = CIRCLE('',#934,2.);
#934 = AXIS2_PLACEMENT_2D('',#935,#936);
#935 = CARTESIAN_POINT('',(2.,2.));
#936 = DIRECTION('',(0.,-1.));
#937 = ( GEOMETRIC_REPRESENTATION_CONTEXT(2) 
PARAMETRIC_REPRESENTATION_CONTEXT() REPRESENTATION_CONTEXT('2D SPACE',''
  ) );
#938 = PCURVE('',#939,#944);
#939 = CYLINDRICAL_SURFACE('',#940,2.);
#940 = AXIS2_PLACEMENT_3D('',#941,#942,#943);
#941 = CARTESIAN_POINT('',(-5.5,2.,0.));
#942 = DIRECTION('',(0.,0.,1.));
#943 = DIRECTION('',(-1.,-0.,0.));
#944 = DEFINITIONAL_REPRESENTATION('',(#945),#949);
#945 = LINE('',#946,#947);
#946 = CARTESIAN_POINT('',(-4.712388980385,4.));
#947 = VECTOR('',#948,1.);
#948 = DIRECTION('',(1.,0.));
#949 = ( GEOMETRIC_REPRESENTATION_CONTEXT(2) 
PARAMETRIC_REPRESENTATION_CONTEXT() REPRESENTATION_CONTEXT('2D SPACE',''
  ) );
#950 = ORIENTED_EDGE('',*,*,#951,.T.);
#951 = EDGE_CURVE('',#923,#952,#954,.T.);
#952 = VERTEX_POINT('',#953);
#953 = CARTESIAN_POINT('',(0.,-4.440892098501E-16,4.));
#954 = SURFACE_CURVE('',#955,(#959,#966),.PCURVE_S1.);
#955 = LINE('',#956,#957);
#956 = CARTESIAN_POINT('',(-7.5,0.,4.));
#957 = VECTOR('',#958,1.);
#958 = DIRECTION('',(1.,0.,-0.));
#959 = PCURVE('',#99,#960);
#960 = DEFINITIONAL_REPRESENTATION('',(#961),#965);
#961 = LINE('',#962,#963);
#962 = CARTESIAN_POINT('',(0.,0.));
#963 = VECTOR('',#964,1.);
#964 = DIRECTION('',(1.,0.));
#965 = ( GEOMETRIC_REPRESENTATION_CONTEXT(2) 
PARAMETRIC_REPRESENTATION_CONTEXT() REPRESENTATION_CONTEXT('2D SPACE',''
  ) );
#966 = PCURVE('',#967,#972);
#967 = PLANE('',#968);
#968 = AXIS2_PLACEMENT_3D('',#969,#970,#971);
#969 = CARTESIAN_POINT('',(-7.5,0.,0.));
#970 = DIRECTION('',(-0.,1.,0.));
#971 = DIRECTION('',(0.,0.,1.));
#972 = DEFINITIONAL_REPRESENTATION('',(#973),#977);
#973 = LINE('',#974,#975);
#974 = CARTESIAN_POINT('',(4.,0.));
#975 = VECTOR('',#976,1.);
#976 = DIRECTION('',(0.,1.));
#977 = ( GEOMETRIC_REPRESENTATION_CONTEXT(2) 
PARAMETRIC_REPRESENTATION_CONTEXT() REPRESENTATION_CONTEXT('2D SPACE',''
  ) );
#978 = ORIENTED_EDGE('',*,*,#979,.F.);
#979 = EDGE_CURVE('',#980,#952,#982,.T.);
#980 = VERTEX_POINT('',#981);
#981 = CARTESIAN_POINT('',(1.,0.267949192431,4.));
#982 = SURFACE_CURVE('',#983,(#988,#999),.PCURVE_S1.);
#983 = CIRCLE('',#984,2.);
#984 = AXIS2_PLACEMENT_3D('',#985,#986,#987);
#985 = CARTESIAN_POINT('',(0.,2.,4.));
#986 = DIRECTION('',(-0.,-0.,-1.));
#987 = DIRECTION('',(0.,-1.,0.));
#988 = PCURVE('',#99,#989);
#989 = DEFINITIONAL_REPRESENTATION('',(#990),#998);
#990 = ( BOUNDED_CURVE() B_SPLINE_CURVE(2,(#991,#992,#993,#994,#995,#996
,#997),.UNSPECIFIED.,.T.,.F.) B_SPLINE_CURVE_WITH_KNOTS((1,2,2,2,2,1),(
    -2.094395102393,0.,2.094395102393,4.188790204786,6.28318530718,
8.377580409573),.UNSPECIFIED.) CURVE() GEOMETRIC_REPRESENTATION_ITEM() 
RATIONAL_B_SPLINE_CURVE((1.,0.5,1.,0.5,1.,0.5,1.)) REPRESENTATION_ITEM(
  '') );
#991 = CARTESIAN_POINT('',(7.5,-4.440892098501E-16));
#992 = CARTESIAN_POINT('',(4.035898384862,-4.440892098501E-16));
#993 = CARTESIAN_POINT('',(5.767949192431,3.));
#994 = CARTESIAN_POINT('',(7.5,6.));
#995 = CARTESIAN_POINT('',(9.232050807569,3.));
#996 = CARTESIAN_POINT('',(10.964101615138,2.886579864025E-15));
#997 = CARTESIAN_POINT('',(7.5,-4.440892098501E-16));
#998 = ( GEOMETRIC_REPRESENTATION_CONTEXT(2) 
PARAMETRIC_REPRESENTATION_CONTEXT() REPRESENTATION_CONTEXT('2D SPACE',''
  ) );
#999 = PCURVE('',#1000,#1005);
#1000 = CYLINDRICAL_SURFACE('',#1001,2.);
#1001 = AXIS2_PLACEMENT_3D('',#1002,#1003,#1004);
#1002 = CARTESIAN_POINT('',(0.,2.,0.));
#1003 = DIRECTION('',(0.,0.,1.));
#1004 = DIRECTION('',(1.,0.,-0.));
#1005 = DEFINITIONAL_REPRESENTATION('',(#1006),#1010);
#1006 = LINE('',#1007,#1008);
#1007 = CARTESIAN_POINT('',(4.712388980385,4.));
#1008 = VECTOR('',#1009,1.);
#1009 = DIRECTION('',(-1.,0.));
#1010 = ( GEOMETRIC_REPRESENTATION_CONTEXT(2) 
PARAMETRIC_REPRESENTATION_CONTEXT() REPRESENTATION_CONTEXT('2D SPACE',''
  ) );
#1011 = ORIENTED_EDGE('',*,*,#1012,.F.);
#1012 = EDGE_CURVE('',#57,#980,#1013,.T.);
#1013 = SURFACE_CURVE('',#1014,(#1019,#1026),.PCURVE_S1.);
#1014 = CIRCLE('',#1015,2.);
#1015 = AXIS2_PLACEMENT_3D('',#1016,#1017,#1018);
#1016 = CARTESIAN_POINT('',(2.,2.,4.));
#1017 = DIRECTION('',(0.,0.,1.));
#1018 = DIRECTION('',(-1.,-0.,0.));
#1019 = PCURVE('',#99,#1020);
#1020 = DEFINITIONAL_REPRESENTATION('',(#1021),#1025);
#1021 = CIRCLE('',#1022,2.);
#1022 = AXIS2_PLACEMENT_2D('',#1023,#1024);
#1023 = CARTESIAN_POINT('',(9.5,2.));
#1024 = DIRECTION('',(-1.,0.));
#1025 = ( GEOMETRIC_REPRESENTATION_CONTEXT(2) 
PARAMETRIC_REPRESENTATION_CONTEXT() REPRESENTATION_CONTEXT('2D SPACE',''
  ) );
#1026 = PCURVE('',#72,#1027);
#1027 = DEFINITIONAL_REPRESENTATION('',(#1028),#1032);
#1028 = LINE('',#1029,#1030);
#1029 = CARTESIAN_POINT('',(0.,4.));
#1030 = VECTOR('',#1031,1.);
#1031 = DIRECTION('',(1.,0.));
#1032 = ( GEOMETRIC_REPRESENTATION_CONTEXT(2) 
PARAMETRIC_REPRESENTATION_CONTEXT() REPRESENTATION_CONTEXT('2D SPACE',''
  ) );
#1033 = ORIENTED_EDGE('',*,*,#84,.F.);
#1034 = ORIENTED_EDGE('',*,*,#867,.F.);
#1035 = ORIENTED_EDGE('',*,*,#1036,.T.);
#1036 = EDGE_CURVE('',#786,#1037,#1039,.T.);
#1037 = VERTEX_POINT('',#1038);
#1038 = CARTESIAN_POINT('',(0.,46.6,4.));
#1039 = SURFACE_CURVE('',#1040,(#1045,#1052),.PCURVE_S1.);
#1040 = CIRCLE('',#1041,2.);
#1041 = AXIS2_PLACEMENT_3D('',#1042,#1043,#1044);
#1042 = CARTESIAN_POINT('',(0.,44.6,4.));
#1043 = DIRECTION('',(0.,0.,1.));
#1044 = DIRECTION('',(0.,-1.,0.));
#1045 = PCURVE('',#99,#1046);
#1046 = DEFINITIONAL_REPRESENTATION('',(#1047),#1051);
#1047 = CIRCLE('',#1048,2.);
#1048 = AXIS2_PLACEMENT_2D('',#1049,#1050);
#1049 = CARTESIAN_POINT('',(7.5,44.6));
#1050 = DIRECTION('',(0.,-1.));
#1051 = ( GEOMETRIC_REPRESENTATION_CONTEXT(2) 
PARAMETRIC_REPRESENTATION_CONTEXT() REPRESENTATION_CONTEXT('2D SPACE',''
  ) );
#1052 = PCURVE('',#800,#1053);
#1053 = DEFINITIONAL_REPRESENTATION('',(#1054),#1058);
#1054 = LINE('',#1055,#1056);
#1055 = CARTESIAN_POINT('',(-1.570796326795,4.));
#1056 = VECTOR('',#1057,1.);
#1057 = DIRECTION('',(1.,0.));
#1058 = ( GEOMETRIC_REPRESENTATION_CONTEXT(2) 
PARAMETRIC_REPRESENTATION_CONTEXT() REPRESENTATION_CONTEXT('2D SPACE',''
  ) );
#1059 = ORIENTED_EDGE('',*,*,#1060,.F.);
#1060 = EDGE_CURVE('',#1061,#1037,#1063,.T.);
#1061 = VERTEX_POINT('',#1062);
#1062 = CARTESIAN_POINT('',(-5.5,46.6,4.));
#1063 = SURFACE_CURVE('',#1064,(#1068,#1075),.PCURVE_S1.);
#1064 = LINE('',#1065,#1066);
#1065 = CARTESIAN_POINT('',(-7.5,46.6,4.));
#1066 = VECTOR('',#1067,1.);
#1067 = DIRECTION('',(1.,0.,-0.));
#1068 = PCURVE('',#99,#1069);
#1069 = DEFINITIONAL_REPRESENTATION('',(#1070),#1074);
#1070 = LINE('',#1071,#1072);
#1071 = CARTESIAN_POINT('',(0.,46.6));
#1072 = VECTOR('',#1073,1.);
#1073 = DIRECTION('',(1.,0.));
#1074 = ( GEOMETRIC_REPRESENTATION_CONTEXT(2) 
PARAMETRIC_REPRESENTATION_CONTEXT() REPRESENTATION_CONTEXT('2D SPACE',''
  ) );
#1075 = PCURVE('',#1076,#1081);
#1076 = PLANE('',#1077);
#1077 = AXIS2_PLACEMENT_3D('',#1078,#1079,#1080);
#1078 = CARTESIAN_POINT('',(-7.5,46.6,0.));
#1079 = DIRECTION('',(-0.,1.,0.));
#1080 = DIRECTION('',(0.,0.,1.));
#1081 = DEFINITIONAL_REPRESENTATION('',(#1082),#1086);
#1082 = LINE('',#1083,#1084);
#1083 = CARTESIAN_POINT('',(4.,0.));
#1084 = VECTOR('',#1085,1.);
#1085 = DIRECTION('',(0.,1.));
#1086 = ( GEOMETRIC_REPRESENTATION_CONTEXT(2) 
PARAMETRIC_REPRESENTATION_CONTEXT() REPRESENTATION_CONTEXT('2D SPACE',''
  ) );
#1087 = ORIENTED_EDGE('',*,*,#1088,.F.);
#1088 = EDGE_CURVE('',#895,#1061,#1089,.T.);
#1089 = SURFACE_CURVE('',#1090,(#1095,#1106),.PCURVE_S1.);
#1090 = CIRCLE('',#1091,2.);
#1091 = AXIS2_PLACEMENT_3D('',#1092,#1093,#1094);
#1092 = CARTESIAN_POINT('',(-5.5,44.6,4.));
#1093 = DIRECTION('',(-0.,-0.,-1.));
#1094 = DIRECTION('',(0.,-1.,0.));
#1095 = PCURVE('',#99,#1096);
#1096 = DEFINITIONAL_REPRESENTATION('',(#1097),#1105);
#1097 = ( BOUNDED_CURVE() B_SPLINE_CURVE(2,(#1098,#1099,#1100,#1101,
#1102,#1103,#1104),.UNSPECIFIED.,.T.,.F.) B_SPLINE_CURVE_WITH_KNOTS((1,2
    ,2,2,2,1),(-2.094395102393,0.,2.094395102393,4.188790204786,
6.28318530718,8.377580409573),.UNSPECIFIED.) CURVE() 
GEOMETRIC_REPRESENTATION_ITEM() RATIONAL_B_SPLINE_CURVE((1.,0.5,1.,0.5,
1.,0.5,1.)) REPRESENTATION_ITEM('') );
#1098 = CARTESIAN_POINT('',(2.,42.6));
#1099 = CARTESIAN_POINT('',(-1.464101615138,42.6));
#1100 = CARTESIAN_POINT('',(0.267949192431,45.6));
#1101 = CARTESIAN_POINT('',(2.,48.6));
#1102 = CARTESIAN_POINT('',(3.732050807569,45.6));
#1103 = CARTESIAN_POINT('',(5.464101615138,42.6));
#1104 = CARTESIAN_POINT('',(2.,42.6));
#1105 = ( GEOMETRIC_REPRESENTATION_CONTEXT(2) 
PARAMETRIC_REPRESENTATION_CONTEXT() REPRESENTATION_CONTEXT('2D SPACE',''
  ) );
#1106 = PCURVE('',#1107,#1112);
#1107 = CYLINDRICAL_SURFACE('',#1108,2.);
#1108 = AXIS2_PLACEMENT_3D('',#1109,#1110,#1111);
#1109 = CARTESIAN_POINT('',(-5.5,44.6,0.));
#1110 = DIRECTION('',(0.,0.,1.));
#1111 = DIRECTION('',(-1.,-0.,0.));
#1112 = DEFINITIONAL_REPRESENTATION('',(#1113),#1117);
#1113 = LINE('',#1114,#1115);
#1114 = CARTESIAN_POINT('',(1.570796326795,4.));
#1115 = VECTOR('',#1116,1.);
#1116 = DIRECTION('',(-1.,0.));
#1117 = ( GEOMETRIC_REPRESENTATION_CONTEXT(2) 
PARAMETRIC_REPRESENTATION_CONTEXT() REPRESENTATION_CONTEXT('2D SPACE',''
  ) );
#1118 = FACE_BOUND('',#1119,.T.);
#1119 = EDGE_LOOP('',(#1120));
#1120 = ORIENTED_EDGE('',*,*,#1121,.F.);
#1121 = EDGE_CURVE('',#1122,#1122,#1124,.T.);
#1122 = VERTEX_POINT('',#1123);
#1123 = CARTESIAN_POINT('',(-0.65,10.252,4.));
#1124 = SURFACE_CURVE('',#1125,(#1130,#1137),.PCURVE_S1.);
#1125 = CIRCLE('',#1126,3.1);
#1126 = AXIS2_PLACEMENT_3D('',#1127,#1128,#1129);
#1127 = CARTESIAN_POINT('',(-3.75,10.252,4.));
#1128 = DIRECTION('',(0.,0.,1.));
#1129 = DIRECTION('',(1.,0.,-0.));
#1130 = PCURVE('',#99,#1131);
#1131 = DEFINITIONAL_REPRESENTATION('',(#1132),#1136);
#1132 = CIRCLE('',#1133,3.1);
#1133 = AXIS2_PLACEMENT_2D('',#1134,#1135);
#1134 = CARTESIAN_POINT('',(3.75,10.252));
#1135 = DIRECTION('',(1.,0.));
#1136 = ( GEOMETRIC_REPRESENTATION_CONTEXT(2) 
PARAMETRIC_REPRESENTATION_CONTEXT() REPRESENTATION_CONTEXT('2D SPACE',''
  ) );
#1137 = PCURVE('',#1138,#1143);
#1138 = CYLINDRICAL_SURFACE('',#1139,3.1);
#1139 = AXIS2_PLACEMENT_3D('',#1140,#1141,#1142);
#1140 = CARTESIAN_POINT('',(-3.75,10.252,1.));
#1141 = DIRECTION('',(0.,0.,1.));
#1142 = DIRECTION('',(1.,0.,-0.));
#1143 = DEFINITIONAL_REPRESENTATION('',(#1144),#1148);
#1144 = LINE('',#1145,#1146);
#1145 = CARTESIAN_POINT('',(0.,3.));
#1146 = VECTOR('',#1147,1.);
#1147 = DIRECTION('',(1.,0.));
#1148 = ( GEOMETRIC_REPRESENTATION_CONTEXT(2) 
PARAMETRIC_REPRESENTATION_CONTEXT() REPRESENTATION_CONTEXT('2D SPACE',''
  ) );
#1149 = FACE_BOUND('',#1150,.T.);
#1150 = EDGE_LOOP('',(#1151));
#1151 = ORIENTED_EDGE('',*,*,#1152,.F.);
#1152 = EDGE_CURVE('',#1153,#1153,#1155,.T.);
#1153 = VERTEX_POINT('',#1154);
#1154 = CARTESIAN_POINT('',(-0.65,36.348,4.));
#1155 = SURFACE_CURVE('',#1156,(#1161,#1168),.PCURVE_S1.);
#1156 = CIRCLE('',#1157,3.1);
#1157 = AXIS2_PLACEMENT_3D('',#1158,#1159,#1160);
#1158 = CARTESIAN_POINT('',(-3.75,36.348,4.));
#1159 = DIRECTION('',(0.,0.,1.));
#1160 = DIRECTION('',(1.,0.,-0.));
#1161 = PCURVE('',#99,#1162);
#1162 = DEFINITIONAL_REPRESENTATION('',(#1163),#1167);
#1163 = CIRCLE('',#1164,3.1);
#1164 = AXIS2_PLACEMENT_2D('',#1165,#1166);
#1165 = CARTESIAN_POINT('',(3.75,36.348));
#1166 = DIRECTION('',(1.,0.));
#1167 = ( GEOMETRIC_REPRESENTATION_CONTEXT(2) 
PARAMETRIC_REPRESENTATION_CONTEXT() REPRESENTATION_CONTEXT('2D SPACE',''
  ) );
#1168 = PCURVE('',#1169,#1174);
#1169 = CYLINDRICAL_SURFACE('',#1170,3.1);
#1170 = AXIS2_PLACEMENT_3D('',#1171,#1172,#1173);
#1171 = CARTESIAN_POINT('',(-3.75,36.348,1.));
#1172 = DIRECTION('',(0.,0.,1.));
#1173 = DIRECTION('',(1.,0.,-0.));
#1174 = DEFINITIONAL_REPRESENTATION('',(#1175),#1179);
#1175 = LINE('',#1176,#1177);
#1176 = CARTESIAN_POINT('',(0.,3.));
#1177 = VECTOR('',#1178,1.);
#1178 = DIRECTION('',(1.,0.));
#1179 = ( GEOMETRIC_REPRESENTATION_CONTEXT(2) 
PARAMETRIC_REPRESENTATION_CONTEXT() REPRESENTATION_CONTEXT('2D SPACE',''
  ) );
#1180 = ADVANCED_FACE('',(#1181),#72,.T.);
#1181 = FACE_BOUND('',#1182,.T.);
#1182 = EDGE_LOOP('',(#1183,#1204,#1228,#1249,#1250,#1251));
#1183 = ORIENTED_EDGE('',*,*,#1184,.F.);
#1184 = EDGE_CURVE('',#1185,#980,#1187,.T.);
#1185 = VERTEX_POINT('',#1186);
#1186 = CARTESIAN_POINT('',(1.,0.267949192431,0.));
#1187 = SURFACE_CURVE('',#1188,(#1192,#1198),.PCURVE_S1.);
#1188 = LINE('',#1189,#1190);
#1189 = CARTESIAN_POINT('',(1.,0.267949192431,0.));
#1190 = VECTOR('',#1191,1.);
#1191 = DIRECTION('',(0.,0.,1.));
#1192 = PCURVE('',#72,#1193);
#1193 = DEFINITIONAL_REPRESENTATION('',(#1194),#1197);
#1194 = B_SPLINE_CURVE_WITH_KNOTS('',1,(#1195,#1196),.UNSPECIFIED.,.F.,
  .F.,(2,2),(-6.E-07,4.0000006),.PIECEWISE_BEZIER_KNOTS.);
#1195 = CARTESIAN_POINT('',(1.047197551197,-6.E-07));
#1196 = CARTESIAN_POINT('',(1.047197551197,4.0000006));
#1197 = ( GEOMETRIC_REPRESENTATION_CONTEXT(2) 
PARAMETRIC_REPRESENTATION_CONTEXT() REPRESENTATION_CONTEXT('2D SPACE',''
  ) );
#1198 = PCURVE('',#1000,#1199);
#1199 = DEFINITIONAL_REPRESENTATION('',(#1200),#1203);
#1200 = B_SPLINE_CURVE_WITH_KNOTS('',1,(#1201,#1202),.UNSPECIFIED.,.F.,
  .F.,(2,2),(-6.E-07,4.0000006),.PIECEWISE_BEZIER_KNOTS.);
#1201 = CARTESIAN_POINT('',(-1.047197551197,-6.E-07));
#1202 = CARTESIAN_POINT('',(-1.047197551197,4.0000006));
#1203 = ( GEOMETRIC_REPRESENTATION_CONTEXT(2) 
PARAMETRIC_REPRESENTATION_CONTEXT() REPRESENTATION_CONTEXT('2D SPACE',''
  ) );
#1204 = ORIENTED_EDGE('',*,*,#1205,.T.);
#1205 = EDGE_CURVE('',#1185,#1206,#1208,.T.);
#1206 = VERTEX_POINT('',#1207);
#1207 = CARTESIAN_POINT('',(2.,-4.440892098501E-16,0.));
#1208 = SURFACE_CURVE('',#1209,(#1214,#1221),.PCURVE_S1.);
#1209 = CIRCLE('',#1210,2.);
#1210 = AXIS2_PLACEMENT_3D('',#1211,#1212,#1213);
#1211 = CARTESIAN_POINT('',(2.,2.,0.));
#1212 = DIRECTION('',(0.,0.,1.));
#1213 = DIRECTION('',(0.,-1.,0.));
#1214 = PCURVE('',#72,#1215);
#1215 = DEFINITIONAL_REPRESENTATION('',(#1216),#1220);
#1216 = LINE('',#1217,#1218);
#1217 = CARTESIAN_POINT('',(-4.712388980385,0.));
#1218 = VECTOR('',#1219,1.);
#1219 = DIRECTION('',(1.,0.));
#1220 = ( GEOMETRIC_REPRESENTATION_CONTEXT(2) 
PARAMETRIC_REPRESENTATION_CONTEXT() REPRESENTATION_CONTEXT('2D SPACE',''
  ) );
#1221 = PCURVE('',#828,#1222);
#1222 = DEFINITIONAL_REPRESENTATION('',(#1223),#1227);
#1223 = CIRCLE('',#1224,2.);
#1224 = AXIS2_PLACEMENT_2D('',#1225,#1226);
#1225 = CARTESIAN_POINT('',(2.,2.));
#1226 = DIRECTION('',(0.,-1.));
#1227 = ( GEOMETRIC_REPRESENTATION_CONTEXT(2) 
PARAMETRIC_REPRESENTATION_CONTEXT() REPRESENTATION_CONTEXT('2D SPACE',''
  ) );
#1228 = ORIENTED_EDGE('',*,*,#1229,.T.);
#1229 = EDGE_CURVE('',#1206,#141,#1230,.T.);
#1230 = SURFACE_CURVE('',#1231,(#1235,#1242),.PCURVE_S1.);
#1231 = LINE('',#1232,#1233);
#1232 = CARTESIAN_POINT('',(2.,-4.440892098501E-16,0.));
#1233 = VECTOR('',#1234,1.);
#1234 = DIRECTION('',(0.,0.,1.));
#1235 = PCURVE('',#72,#1236);
#1236 = DEFINITIONAL_REPRESENTATION('',(#1237),#1241);
#1237 = LINE('',#1238,#1239);
#1238 = CARTESIAN_POINT('',(1.570796326795,0.));
#1239 = VECTOR('',#1240,1.);
#1240 = DIRECTION('',(0.,1.));
#1241 = ( GEOMETRIC_REPRESENTATION_CONTEXT(2) 
PARAMETRIC_REPRESENTATION_CONTEXT() REPRESENTATION_CONTEXT('2D SPACE',''
  ) );
#1242 = PCURVE('',#180,#1243);
#1243 = DEFINITIONAL_REPRESENTATION('',(#1244),#1248);
#1244 = LINE('',#1245,#1246);
#1245 = CARTESIAN_POINT('',(0.,2.));
#1246 = VECTOR('',#1247,1.);
#1247 = DIRECTION('',(1.,0.));
#1248 = ( GEOMETRIC_REPRESENTATION_CONTEXT(2) 
PARAMETRIC_REPRESENTATION_CONTEXT() REPRESENTATION_CONTEXT('2D SPACE',''
  ) );
#1249 = ORIENTED_EDGE('',*,*,#140,.F.);
#1250 = ORIENTED_EDGE('',*,*,#56,.F.);
#1251 = ORIENTED_EDGE('',*,*,#1012,.T.);
#1252 = ADVANCED_FACE('',(#1253,#1301),#180,.F.);
#1253 = FACE_BOUND('',#1254,.F.);
#1254 = EDGE_LOOP('',(#1255,#1278,#1279,#1280));
#1255 = ORIENTED_EDGE('',*,*,#1256,.F.);
#1256 = EDGE_CURVE('',#1206,#1257,#1259,.T.);
#1257 = VERTEX_POINT('',#1258);
#1258 = CARTESIAN_POINT('',(29.7,-4.440892098501E-16,0.));
#1259 = SURFACE_CURVE('',#1260,(#1264,#1271),.PCURVE_S1.);
#1260 = LINE('',#1261,#1262);
#1261 = CARTESIAN_POINT('',(0.,0.,0.));
#1262 = VECTOR('',#1263,1.);
#1263 = DIRECTION('',(1.,0.,-0.));
#1264 = PCURVE('',#180,#1265);
#1265 = DEFINITIONAL_REPRESENTATION('',(#1266),#1270);
#1266 = LINE('',#1267,#1268);
#1267 = CARTESIAN_POINT('',(0.,0.));
#1268 = VECTOR('',#1269,1.);
#1269 = DIRECTION('',(0.,1.));
#1270 = ( GEOMETRIC_REPRESENTATION_CONTEXT(2) 
PARAMETRIC_REPRESENTATION_CONTEXT() REPRESENTATION_CONTEXT('2D SPACE',''
  ) );
#1271 = PCURVE('',#828,#1272);
#1272 = DEFINITIONAL_REPRESENTATION('',(#1273),#1277);
#1273 = LINE('',#1274,#1275);
#1274 = CARTESIAN_POINT('',(0.,0.));
#1275 = VECTOR('',#1276,1.);
#1276 = DIRECTION('',(1.,0.));
#1277 = ( GEOMETRIC_REPRESENTATION_CONTEXT(2) 
PARAMETRIC_REPRESENTATION_CONTEXT() REPRESENTATION_CONTEXT('2D SPACE',''
  ) );
#1278 = ORIENTED_EDGE('',*,*,#1229,.T.);
#1279 = ORIENTED_EDGE('',*,*,#164,.T.);
#1280 = ORIENTED_EDGE('',*,*,#1281,.F.);
#1281 = EDGE_CURVE('',#1257,#165,#1282,.T.);
#1282 = SURFACE_CURVE('',#1283,(#1287,#1294),.PCURVE_S1.);
#1283 = LINE('',#1284,#1285);
#1284 = CARTESIAN_POINT('',(29.7,-4.440892098501E-16,0.));
#1285 = VECTOR('',#1286,1.);
#1286 = DIRECTION('',(0.,0.,1.));
#1287 = PCURVE('',#180,#1288);
#1288 = DEFINITIONAL_REPRESENTATION('',(#1289),#1293);
#1289 = LINE('',#1290,#1291);
#1290 = CARTESIAN_POINT('',(0.,29.7));
#1291 = VECTOR('',#1292,1.);
#1292 = DIRECTION('',(1.,0.));
#1293 = ( GEOMETRIC_REPRESENTATION_CONTEXT(2) 
PARAMETRIC_REPRESENTATION_CONTEXT() REPRESENTATION_CONTEXT('2D SPACE',''
  ) );
#1294 = PCURVE('',#213,#1295);
#1295 = DEFINITIONAL_REPRESENTATION('',(#1296),#1300);
#1296 = LINE('',#1297,#1298);
#1297 = CARTESIAN_POINT('',(-1.570796326795,0.));
#1298 = VECTOR('',#1299,1.);
#1299 = DIRECTION('',(-0.,1.));
#1300 = ( GEOMETRIC_REPRESENTATION_CONTEXT(2) 
PARAMETRIC_REPRESENTATION_CONTEXT() REPRESENTATION_CONTEXT('2D SPACE',''
  ) );
#1301 = FACE_BOUND('',#1302,.F.);
#1302 = EDGE_LOOP('',(#1303,#1331,#1357,#1383));
#1303 = ORIENTED_EDGE('',*,*,#1304,.F.);
#1304 = EDGE_CURVE('',#1305,#1307,#1309,.T.);
#1305 = VERTEX_POINT('',#1306);
#1306 = CARTESIAN_POINT('',(12.85,0.,7.5));
#1307 = VERTEX_POINT('',#1308);
#1308 = CARTESIAN_POINT('',(18.85,0.,7.5));
#1309 = SURFACE_CURVE('',#1310,(#1314,#1320),.PCURVE_S1.);
#1310 = LINE('',#1311,#1312);
#1311 = CARTESIAN_POINT('',(6.425,0.,7.5));
#1312 = VECTOR('',#1313,1.);
#1313 = DIRECTION('',(1.,0.,-0.));
#1314 = PCURVE('',#180,#1315);
#1315 = DEFINITIONAL_REPRESENTATION('',(#1316),#1319);
#1316 = B_SPLINE_CURVE_WITH_KNOTS('',1,(#1317,#1318),.UNSPECIFIED.,.F.,
  .F.,(2,2),(6.425,12.425),.PIECEWISE_BEZIER_KNOTS.);
#1317 = CARTESIAN_POINT('',(7.5,12.85));
#1318 = CARTESIAN_POINT('',(7.5,18.85));
#1319 = ( GEOMETRIC_REPRESENTATION_CONTEXT(2) 
PARAMETRIC_REPRESENTATION_CONTEXT() REPRESENTATION_CONTEXT('2D SPACE',''
  ) );
#1320 = PCURVE('',#1321,#1326);
#1321 = PLANE('',#1322);
#1322 = AXIS2_PLACEMENT_3D('',#1323,#1324,#1325);
#1323 = CARTESIAN_POINT('',(12.85,-1.,7.5));
#1324 = DIRECTION('',(0.,0.,1.));
#1325 = DIRECTION('',(1.,0.,-0.));
#1326 = DEFINITIONAL_REPRESENTATION('',(#1327),#1330);
#1327 = B_SPLINE_CURVE_WITH_KNOTS('',1,(#1328,#1329),.UNSPECIFIED.,.F.,
  .F.,(2,2),(6.425,12.425),.PIECEWISE_BEZIER_KNOTS.);
#1328 = CARTESIAN_POINT('',(0.,1.));
#1329 = CARTESIAN_POINT('',(6.,1.));
#1330 = ( GEOMETRIC_REPRESENTATION_CONTEXT(2) 
PARAMETRIC_REPRESENTATION_CONTEXT() REPRESENTATION_CONTEXT('2D SPACE',''
  ) );
#1331 = ORIENTED_EDGE('',*,*,#1332,.T.);
#1332 = EDGE_CURVE('',#1305,#1333,#1335,.T.);
#1333 = VERTEX_POINT('',#1334);
#1334 = CARTESIAN_POINT('',(12.85,0.,4.));
#1335 = SURFACE_CURVE('',#1336,(#1340,#1346),.PCURVE_S1.);
#1336 = LINE('',#1337,#1338);
#1337 = CARTESIAN_POINT('',(12.85,0.,2.));
#1338 = VECTOR('',#1339,1.);
#1339 = DIRECTION('',(-0.,0.,-1.));
#1340 = PCURVE('',#180,#1341);
#1341 = DEFINITIONAL_REPRESENTATION('',(#1342),#1345);
#1342 = B_SPLINE_CURVE_WITH_KNOTS('',1,(#1343,#1344),.UNSPECIFIED.,.F.,
  .F.,(2,2),(-5.5,-2.),.PIECEWISE_BEZIER_KNOTS.);
#1343 = CARTESIAN_POINT('',(7.5,12.85));
#1344 = CARTESIAN_POINT('',(4.,12.85));
#1345 = ( GEOMETRIC_REPRESENTATION_CONTEXT(2) 
PARAMETRIC_REPRESENTATION_CONTEXT() REPRESENTATION_CONTEXT('2D SPACE',''
  ) );
#1346 = PCURVE('',#1347,#1352);
#1347 = PLANE('',#1348);
#1348 = AXIS2_PLACEMENT_3D('',#1349,#1350,#1351);
#1349 = CARTESIAN_POINT('',(12.85,-1.,4.));
#1350 = DIRECTION('',(1.,0.,-0.));
#1351 = DIRECTION('',(0.,0.,1.));
#1352 = DEFINITIONAL_REPRESENTATION('',(#1353),#1356);
#1353 = B_SPLINE_CURVE_WITH_KNOTS('',1,(#1354,#1355),.UNSPECIFIED.,.F.,
  .F.,(2,2),(-5.5,-2.),.PIECEWISE_BEZIER_KNOTS.);
#1354 = CARTESIAN_POINT('',(3.5,-1.));
#1355 = CARTESIAN_POINT('',(0.,-1.));
#1356 = ( GEOMETRIC_REPRESENTATION_CONTEXT(2) 
PARAMETRIC_REPRESENTATION_CONTEXT() REPRESENTATION_CONTEXT('2D SPACE',''
  ) );
#1357 = ORIENTED_EDGE('',*,*,#1358,.T.);
#1358 = EDGE_CURVE('',#1333,#1359,#1361,.T.);
#1359 = VERTEX_POINT('',#1360);
#1360 = CARTESIAN_POINT('',(18.85,0.,4.));
#1361 = SURFACE_CURVE('',#1362,(#1366,#1372),.PCURVE_S1.);
#1362 = LINE('',#1363,#1364);
#1363 = CARTESIAN_POINT('',(6.425,0.,4.));
#1364 = VECTOR('',#1365,1.);
#1365 = DIRECTION('',(1.,0.,-0.));
#1366 = PCURVE('',#180,#1367);
#1367 = DEFINITIONAL_REPRESENTATION('',(#1368),#1371);
#1368 = B_SPLINE_CURVE_WITH_KNOTS('',1,(#1369,#1370),.UNSPECIFIED.,.F.,
  .F.,(2,2),(6.425,12.425),.PIECEWISE_BEZIER_KNOTS.);
#1369 = CARTESIAN_POINT('',(4.,12.85));
#1370 = CARTESIAN_POINT('',(4.,18.85));
#1371 = ( GEOMETRIC_REPRESENTATION_CONTEXT(2) 
PARAMETRIC_REPRESENTATION_CONTEXT() REPRESENTATION_CONTEXT('2D SPACE',''
  ) );
#1372 = PCURVE('',#1373,#1378);
#1373 = PLANE('',#1374);
#1374 = AXIS2_PLACEMENT_3D('',#1375,#1376,#1377);
#1375 = CARTESIAN_POINT('',(12.85,-1.,4.));
#1376 = DIRECTION('',(0.,0.,1.));
#1377 = DIRECTION('',(1.,0.,-0.));
#1378 = DEFINITIONAL_REPRESENTATION('',(#1379),#1382);
#1379 = B_SPLINE_CURVE_WITH_KNOTS('',1,(#1380,#1381),.UNSPECIFIED.,.F.,
  .F.,(2,2),(6.425,12.425),.PIECEWISE_BEZIER_KNOTS.);
#1380 = CARTESIAN_POINT('',(0.,1.));
#1381 = CARTESIAN_POINT('',(6.,1.));
#1382 = ( GEOMETRIC_REPRESENTATION_CONTEXT(2) 
PARAMETRIC_REPRESENTATION_CONTEXT() REPRESENTATION_CONTEXT('2D SPACE',''
  ) );
#1383 = ORIENTED_EDGE('',*,*,#1384,.F.);
#1384 = EDGE_CURVE('',#1307,#1359,#1385,.T.);
#1385 = SURFACE_CURVE('',#1386,(#1390,#1396),.PCURVE_S1.);
#1386 = LINE('',#1387,#1388);
#1387 = CARTESIAN_POINT('',(18.85,0.,2.));
#1388 = VECTOR('',#1389,1.);
#1389 = DIRECTION('',(-0.,0.,-1.));
#1390 = PCURVE('',#180,#1391);
#1391 = DEFINITIONAL_REPRESENTATION('',(#1392),#1395);
#1392 = B_SPLINE_CURVE_WITH_KNOTS('',1,(#1393,#1394),.UNSPECIFIED.,.F.,
  .F.,(2,2),(-5.5,-2.),.PIECEWISE_BEZIER_KNOTS.);
#1393 = CARTESIAN_POINT('',(7.5,18.85));
#1394 = CARTESIAN_POINT('',(4.,18.85));
#1395 = ( GEOMETRIC_REPRESENTATION_CONTEXT(2) 
PARAMETRIC_REPRESENTATION_CONTEXT() REPRESENTATION_CONTEXT('2D SPACE',''
  ) );
#1396 = PCURVE('',#1397,#1402);
#1397 = PLANE('',#1398);
#1398 = AXIS2_PLACEMENT_3D('',#1399,#1400,#1401);
#1399 = CARTESIAN_POINT('',(18.85,-1.,4.));
#1400 = DIRECTION('',(1.,0.,-0.));
#1401 = DIRECTION('',(0.,0.,1.));
#1402 = DEFINITIONAL_REPRESENTATION('',(#1403),#1406);
#1403 = B_SPLINE_CURVE_WITH_KNOTS('',1,(#1404,#1405),.UNSPECIFIED.,.F.,
  .F.,(2,2),(-5.5,-2.),.PIECEWISE_BEZIER_KNOTS.);
#1404 = CARTESIAN_POINT('',(3.5,-1.));
#1405 = CARTESIAN_POINT('',(0.,-1.));
#1406 = ( GEOMETRIC_REPRESENTATION_CONTEXT(2) 
PARAMETRIC_REPRESENTATION_CONTEXT() REPRESENTATION_CONTEXT('2D SPACE',''
  ) );
#1407 = ADVANCED_FACE('',(#1408,#1456),#298,.T.);
#1408 = FACE_BOUND('',#1409,.T.);
#1409 = EDGE_LOOP('',(#1410,#1433,#1434,#1435));
#1410 = ORIENTED_EDGE('',*,*,#1411,.F.);
#1411 = EDGE_CURVE('',#812,#1412,#1414,.T.);
#1412 = VERTEX_POINT('',#1413);
#1413 = CARTESIAN_POINT('',(29.7,46.6,0.));
#1414 = SURFACE_CURVE('',#1415,(#1419,#1426),.PCURVE_S1.);
#1415 = LINE('',#1416,#1417);
#1416 = CARTESIAN_POINT('',(0.,46.6,0.));
#1417 = VECTOR('',#1418,1.);
#1418 = DIRECTION('',(1.,0.,-0.));
#1419 = PCURVE('',#298,#1420);
#1420 = DEFINITIONAL_REPRESENTATION('',(#1421),#1425);
#1421 = LINE('',#1422,#1423);
#1422 = CARTESIAN_POINT('',(0.,0.));
#1423 = VECTOR('',#1424,1.);
#1424 = DIRECTION('',(0.,1.));
#1425 = ( GEOMETRIC_REPRESENTATION_CONTEXT(2) 
PARAMETRIC_REPRESENTATION_CONTEXT() REPRESENTATION_CONTEXT('2D SPACE',''
  ) );
#1426 = PCURVE('',#828,#1427);
#1427 = DEFINITIONAL_REPRESENTATION('',(#1428),#1432);
#1428 = LINE('',#1429,#1430);
#1429 = CARTESIAN_POINT('',(0.,46.6));
#1430 = VECTOR('',#1431,1.);
#1431 = DIRECTION('',(1.,0.));
#1432 = ( GEOMETRIC_REPRESENTATION_CONTEXT(2) 
PARAMETRIC_REPRESENTATION_CONTEXT() REPRESENTATION_CONTEXT('2D SPACE',''
  ) );
#1433 = ORIENTED_EDGE('',*,*,#844,.T.);
#1434 = ORIENTED_EDGE('',*,*,#282,.T.);
#1435 = ORIENTED_EDGE('',*,*,#1436,.F.);
#1436 = EDGE_CURVE('',#1412,#254,#1437,.T.);
#1437 = SURFACE_CURVE('',#1438,(#1442,#1449),.PCURVE_S1.);
#1438 = LINE('',#1439,#1440);
#1439 = CARTESIAN_POINT('',(29.7,46.6,0.));
#1440 = VECTOR('',#1441,1.);
#1441 = DIRECTION('',(0.,0.,1.));
#1442 = PCURVE('',#298,#1443);
#1443 = DEFINITIONAL_REPRESENTATION('',(#1444),#1448);
#1444 = LINE('',#1445,#1446);
#1445 = CARTESIAN_POINT('',(0.,29.7));
#1446 = VECTOR('',#1447,1.);
#1447 = DIRECTION('',(1.,0.));
#1448 = ( GEOMETRIC_REPRESENTATION_CONTEXT(2) 
PARAMETRIC_REPRESENTATION_CONTEXT() REPRESENTATION_CONTEXT('2D SPACE',''
  ) );
#1449 = PCURVE('',#270,#1450);
#1450 = DEFINITIONAL_REPRESENTATION('',(#1451),#1455);
#1451 = LINE('',#1452,#1453);
#1452 = CARTESIAN_POINT('',(1.570796326795,0.));
#1453 = VECTOR('',#1454,1.);
#1454 = DIRECTION('',(0.,1.));
#1455 = ( GEOMETRIC_REPRESENTATION_CONTEXT(2) 
PARAMETRIC_REPRESENTATION_CONTEXT() REPRESENTATION_CONTEXT('2D SPACE',''
  ) );
#1456 = FACE_BOUND('',#1457,.T.);
#1457 = EDGE_LOOP('',(#1458,#1486,#1512,#1538));
#1458 = ORIENTED_EDGE('',*,*,#1459,.F.);
#1459 = EDGE_CURVE('',#1460,#1462,#1464,.T.);
#1460 = VERTEX_POINT('',#1461);
#1461 = CARTESIAN_POINT('',(12.85,46.6,7.5));
#1462 = VERTEX_POINT('',#1463);
#1463 = CARTESIAN_POINT('',(18.85,46.6,7.5));
#1464 = SURFACE_CURVE('',#1465,(#1469,#1475),.PCURVE_S1.);
#1465 = LINE('',#1466,#1467);
#1466 = CARTESIAN_POINT('',(6.425,46.6,7.5));
#1467 = VECTOR('',#1468,1.);
#1468 = DIRECTION('',(1.,0.,-0.));
#1469 = PCURVE('',#298,#1470);
#1470 = DEFINITIONAL_REPRESENTATION('',(#1471),#1474);
#1471 = B_SPLINE_CURVE_WITH_KNOTS('',1,(#1472,#1473),.UNSPECIFIED.,.F.,
  .F.,(2,2),(6.425,12.425),.PIECEWISE_BEZIER_KNOTS.);
#1472 = CARTESIAN_POINT('',(7.5,12.85));
#1473 = CARTESIAN_POINT('',(7.5,18.85));
#1474 = ( GEOMETRIC_REPRESENTATION_CONTEXT(2) 
PARAMETRIC_REPRESENTATION_CONTEXT() REPRESENTATION_CONTEXT('2D SPACE',''
  ) );
#1475 = PCURVE('',#1476,#1481);
#1476 = PLANE('',#1477);
#1477 = AXIS2_PLACEMENT_3D('',#1478,#1479,#1480);
#1478 = CARTESIAN_POINT('',(12.85,42.8,7.5));
#1479 = DIRECTION('',(0.,0.,1.));
#1480 = DIRECTION('',(1.,0.,-0.));
#1481 = DEFINITIONAL_REPRESENTATION('',(#1482),#1485);
#1482 = B_SPLINE_CURVE_WITH_KNOTS('',1,(#1483,#1484),.UNSPECIFIED.,.F.,
  .F.,(2,2),(6.425,12.425),.PIECEWISE_BEZIER_KNOTS.);
#1483 = CARTESIAN_POINT('',(0.,3.8));
#1484 = CARTESIAN_POINT('',(6.,3.8));
#1485 = ( GEOMETRIC_REPRESENTATION_CONTEXT(2) 
PARAMETRIC_REPRESENTATION_CONTEXT() REPRESENTATION_CONTEXT('2D SPACE',''
  ) );
#1486 = ORIENTED_EDGE('',*,*,#1487,.T.);
#1487 = EDGE_CURVE('',#1460,#1488,#1490,.T.);
#1488 = VERTEX_POINT('',#1489);
#1489 = CARTESIAN_POINT('',(12.85,46.6,4.));
#1490 = SURFACE_CURVE('',#1491,(#1495,#1501),.PCURVE_S1.);
#1491 = LINE('',#1492,#1493);
#1492 = CARTESIAN_POINT('',(12.85,46.6,2.));
#1493 = VECTOR('',#1494,1.);
#1494 = DIRECTION('',(-0.,0.,-1.));
#1495 = PCURVE('',#298,#1496);
#1496 = DEFINITIONAL_REPRESENTATION('',(#1497),#1500);
#1497 = B_SPLINE_CURVE_WITH_KNOTS('',1,(#1498,#1499),.UNSPECIFIED.,.F.,
  .F.,(2,2),(-5.5,-2.),.PIECEWISE_BEZIER_KNOTS.);
#1498 = CARTESIAN_POINT('',(7.5,12.85));
#1499 = CARTESIAN_POINT('',(4.,12.85));
#1500 = ( GEOMETRIC_REPRESENTATION_CONTEXT(2) 
PARAMETRIC_REPRESENTATION_CONTEXT() REPRESENTATION_CONTEXT('2D SPACE',''
  ) );
#1501 = PCURVE('',#1502,#1507);
#1502 = PLANE('',#1503);
#1503 = AXIS2_PLACEMENT_3D('',#1504,#1505,#1506);
#1504 = CARTESIAN_POINT('',(12.85,42.8,4.));
#1505 = DIRECTION('',(1.,0.,-0.));
#1506 = DIRECTION('',(0.,0.,1.));
#1507 = DEFINITIONAL_REPRESENTATION('',(#1508),#1511);
#1508 = B_SPLINE_CURVE_WITH_KNOTS('',1,(#1509,#1510),.UNSPECIFIED.,.F.,
  .F.,(2,2),(-5.5,-2.),.PIECEWISE_BEZIER_KNOTS.);
#1509 = CARTESIAN_POINT('',(3.5,-3.8));
#1510 = CARTESIAN_POINT('',(0.,-3.8));
#1511 = ( GEOMETRIC_REPRESENTATION_CONTEXT(2) 
PARAMETRIC_REPRESENTATION_CONTEXT() REPRESENTATION_CONTEXT('2D SPACE',''
  ) );
#1512 = ORIENTED_EDGE('',*,*,#1513,.T.);
#1513 = EDGE_CURVE('',#1488,#1514,#1516,.T.);
#1514 = VERTEX_POINT('',#1515);
#1515 = CARTESIAN_POINT('',(18.85,46.6,4.));
#1516 = SURFACE_CURVE('',#1517,(#1521,#1527),.PCURVE_S1.);
#1517 = LINE('',#1518,#1519);
#1518 = CARTESIAN_POINT('',(6.425,46.6,4.));
#1519 = VECTOR('',#1520,1.);
#1520 = DIRECTION('',(1.,0.,-0.));
#1521 = PCURVE('',#298,#1522);
#1522 = DEFINITIONAL_REPRESENTATION('',(#1523),#1526);
#1523 = B_SPLINE_CURVE_WITH_KNOTS('',1,(#1524,#1525),.UNSPECIFIED.,.F.,
  .F.,(2,2),(6.425,12.425),.PIECEWISE_BEZIER_KNOTS.);
#1524 = CARTESIAN_POINT('',(4.,12.85));
#1525 = CARTESIAN_POINT('',(4.,18.85));
#1526 = ( GEOMETRIC_REPRESENTATION_CONTEXT(2) 
PARAMETRIC_REPRESENTATION_CONTEXT() REPRESENTATION_CONTEXT('2D SPACE',''
  ) );
#1527 = PCURVE('',#1528,#1533);
#1528 = PLANE('',#1529);
#1529 = AXIS2_PLACEMENT_3D('',#1530,#1531,#1532);
#1530 = CARTESIAN_POINT('',(12.85,42.8,4.));
#1531 = DIRECTION('',(0.,0.,1.));
#1532 = DIRECTION('',(1.,0.,-0.));
#1533 = DEFINITIONAL_REPRESENTATION('',(#1534),#1537);
#1534 = B_SPLINE_CURVE_WITH_KNOTS('',1,(#1535,#1536),.UNSPECIFIED.,.F.,
  .F.,(2,2),(6.425,12.425),.PIECEWISE_BEZIER_KNOTS.);
#1535 = CARTESIAN_POINT('',(0.,3.8));
#1536 = CARTESIAN_POINT('',(6.,3.8));
#1537 = ( GEOMETRIC_REPRESENTATION_CONTEXT(2) 
PARAMETRIC_REPRESENTATION_CONTEXT() REPRESENTATION_CONTEXT('2D SPACE',''
  ) );
#1538 = ORIENTED_EDGE('',*,*,#1539,.F.);
#1539 = EDGE_CURVE('',#1462,#1514,#1540,.T.);
#1540 = SURFACE_CURVE('',#1541,(#1545,#1551),.PCURVE_S1.);
#1541 = LINE('',#1542,#1543);
#1542 = CARTESIAN_POINT('',(18.85,46.6,2.));
#1543 = VECTOR('',#1544,1.);
#1544 = DIRECTION('',(-0.,0.,-1.));
#1545 = PCURVE('',#298,#1546);
#1546 = DEFINITIONAL_REPRESENTATION('',(#1547),#1550);
#1547 = B_SPLINE_CURVE_WITH_KNOTS('',1,(#1548,#1549),.UNSPECIFIED.,.F.,
  .F.,(2,2),(-5.5,-2.),.PIECEWISE_BEZIER_KNOTS.);
#1548 = CARTESIAN_POINT('',(7.5,18.85));
#1549 = CARTESIAN_POINT('',(4.,18.85));
#1550 = ( GEOMETRIC_REPRESENTATION_CONTEXT(2) 
PARAMETRIC_REPRESENTATION_CONTEXT() REPRESENTATION_CONTEXT('2D SPACE',''
  ) );
#1551 = PCURVE('',#1552,#1557);
#1552 = PLANE('',#1553);
#1553 = AXIS2_PLACEMENT_3D('',#1554,#1555,#1556);
#1554 = CARTESIAN_POINT('',(18.85,42.8,4.));
#1555 = DIRECTION('',(1.,0.,-0.));
#1556 = DIRECTION('',(0.,0.,1.));
#1557 = DEFINITIONAL_REPRESENTATION('',(#1558),#1561);
#1558 = B_SPLINE_CURVE_WITH_KNOTS('',1,(#1559,#1560),.UNSPECIFIED.,.F.,
  .F.,(2,2),(-5.5,-2.),.PIECEWISE_BEZIER_KNOTS.);
#1559 = CARTESIAN_POINT('',(3.5,-3.8));
#1560 = CARTESIAN_POINT('',(0.,-3.8));
#1561 = ( GEOMETRIC_REPRESENTATION_CONTEXT(2) 
PARAMETRIC_REPRESENTATION_CONTEXT() REPRESENTATION_CONTEXT('2D SPACE',''
  ) );
#1562 = ADVANCED_FACE('',(#1563),#213,.T.);
#1563 = FACE_BOUND('',#1564,.F.);
#1564 = EDGE_LOOP('',(#1565,#1593,#1619,#1620,#1621,#1644));
#1565 = ORIENTED_EDGE('',*,*,#1566,.F.);
#1566 = EDGE_CURVE('',#1567,#1569,#1571,.T.);
#1567 = VERTEX_POINT('',#1568);
#1568 = CARTESIAN_POINT('',(30.7,0.267949192431,0.));
#1569 = VERTEX_POINT('',#1570);
#1570 = CARTESIAN_POINT('',(30.7,0.267949192431,4.));
#1571 = SURFACE_CURVE('',#1572,(#1576,#1582),.PCURVE_S1.);
#1572 = LINE('',#1573,#1574);
#1573 = CARTESIAN_POINT('',(30.7,0.267949192431,0.));
#1574 = VECTOR('',#1575,1.);
#1575 = DIRECTION('',(0.,0.,1.));
#1576 = PCURVE('',#213,#1577);
#1577 = DEFINITIONAL_REPRESENTATION('',(#1578),#1581);
#1578 = B_SPLINE_CURVE_WITH_KNOTS('',1,(#1579,#1580),.UNSPECIFIED.,.F.,
  .F.,(2,2),(-6.E-07,4.0000006),.PIECEWISE_BEZIER_KNOTS.);
#1579 = CARTESIAN_POINT('',(-1.047197551197,-6.E-07));
#1580 = CARTESIAN_POINT('',(-1.047197551197,4.0000006));
#1581 = ( GEOMETRIC_REPRESENTATION_CONTEXT(2) 
PARAMETRIC_REPRESENTATION_CONTEXT() REPRESENTATION_CONTEXT('2D SPACE',''
  ) );
#1582 = PCURVE('',#1583,#1588);
#1583 = CYLINDRICAL_SURFACE('',#1584,2.);
#1584 = AXIS2_PLACEMENT_3D('',#1585,#1586,#1587);
#1585 = CARTESIAN_POINT('',(31.7,2.,0.));
#1586 = DIRECTION('',(0.,0.,1.));
#1587 = DIRECTION('',(-1.,-0.,0.));
#1588 = DEFINITIONAL_REPRESENTATION('',(#1589),#1592);
#1589 = B_SPLINE_CURVE_WITH_KNOTS('',1,(#1590,#1591),.UNSPECIFIED.,.F.,
  .F.,(2,2),(-6.E-07,4.0000006),.PIECEWISE_BEZIER_KNOTS.);
#1590 = CARTESIAN_POINT('',(1.047197551197,-6.E-07));
#1591 = CARTESIAN_POINT('',(1.047197551197,4.0000006));
#1592 = ( GEOMETRIC_REPRESENTATION_CONTEXT(2) 
PARAMETRIC_REPRESENTATION_CONTEXT() REPRESENTATION_CONTEXT('2D SPACE',''
  ) );
#1593 = ORIENTED_EDGE('',*,*,#1594,.T.);
#1594 = EDGE_CURVE('',#1567,#1257,#1595,.T.);
#1595 = SURFACE_CURVE('',#1596,(#1601,#1608),.PCURVE_S1.);
#1596 = CIRCLE('',#1597,2.);
#1597 = AXIS2_PLACEMENT_3D('',#1598,#1599,#1600);
#1598 = CARTESIAN_POINT('',(29.7,2.,0.));
#1599 = DIRECTION('',(-0.,-0.,-1.));
#1600 = DIRECTION('',(0.,-1.,0.));
#1601 = PCURVE('',#213,#1602);
#1602 = DEFINITIONAL_REPRESENTATION('',(#1603),#1607);
#1603 = LINE('',#1604,#1605);
#1604 = CARTESIAN_POINT('',(4.712388980385,-0.));
#1605 = VECTOR('',#1606,1.);
#1606 = DIRECTION('',(-1.,0.));
#1607 = ( GEOMETRIC_REPRESENTATION_CONTEXT(2) 
PARAMETRIC_REPRESENTATION_CONTEXT() REPRESENTATION_CONTEXT('2D SPACE',''
  ) );
#1608 = PCURVE('',#828,#1609);
#1609 = DEFINITIONAL_REPRESENTATION('',(#1610),#1618);
#1610 = ( BOUNDED_CURVE() B_SPLINE_CURVE(2,(#1611,#1612,#1613,#1614,
#1615,#1616,#1617),.UNSPECIFIED.,.T.,.F.) B_SPLINE_CURVE_WITH_KNOTS((1,2
    ,2,2,2,1),(-2.094395102393,0.,2.094395102393,4.188790204786,
6.28318530718,8.377580409573),.UNSPECIFIED.) CURVE() 
GEOMETRIC_REPRESENTATION_ITEM() RATIONAL_B_SPLINE_CURVE((1.,0.5,1.,0.5,
1.,0.5,1.)) REPRESENTATION_ITEM('') );
#1611 = CARTESIAN_POINT('',(29.7,-4.440892098501E-16));
#1612 = CARTESIAN_POINT('',(26.235898384862,-4.440892098501E-16));
#1613 = CARTESIAN_POINT('',(27.967949192431,3.));
#1614 = CARTESIAN_POINT('',(29.7,6.));
#1615 = CARTESIAN_POINT('',(31.432050807569,3.));
#1616 = CARTESIAN_POINT('',(33.164101615138,2.886579864025E-15));
#1617 = CARTESIAN_POINT('',(29.7,-4.440892098501E-16));
#1618 = ( GEOMETRIC_REPRESENTATION_CONTEXT(2) 
PARAMETRIC_REPRESENTATION_CONTEXT() REPRESENTATION_CONTEXT('2D SPACE',''
  ) );
#1619 = ORIENTED_EDGE('',*,*,#1281,.T.);
#1620 = ORIENTED_EDGE('',*,*,#192,.F.);
#1621 = ORIENTED_EDGE('',*,*,#1622,.F.);
#1622 = EDGE_CURVE('',#1623,#193,#1625,.T.);
#1623 = VERTEX_POINT('',#1624);
#1624 = CARTESIAN_POINT('',(31.7,2.,4.));
#1625 = SURFACE_CURVE('',#1626,(#1630,#1637),.PCURVE_S1.);
#1626 = LINE('',#1627,#1628);
#1627 = CARTESIAN_POINT('',(31.7,2.,0.));
#1628 = VECTOR('',#1629,1.);
#1629 = DIRECTION('',(0.,0.,1.));
#1630 = PCURVE('',#213,#1631);
#1631 = DEFINITIONAL_REPRESENTATION('',(#1632),#1636);
#1632 = LINE('',#1633,#1634);
#1633 = CARTESIAN_POINT('',(-0.,0.));
#1634 = VECTOR('',#1635,1.);
#1635 = DIRECTION('',(-0.,1.));
#1636 = ( GEOMETRIC_REPRESENTATION_CONTEXT(2) 
PARAMETRIC_REPRESENTATION_CONTEXT() REPRESENTATION_CONTEXT('2D SPACE',''
  ) );
#1637 = PCURVE('',#241,#1638);
#1638 = DEFINITIONAL_REPRESENTATION('',(#1639),#1643);
#1639 = LINE('',#1640,#1641);
#1640 = CARTESIAN_POINT('',(0.,-2.));
#1641 = VECTOR('',#1642,1.);
#1642 = DIRECTION('',(1.,0.));
#1643 = ( GEOMETRIC_REPRESENTATION_CONTEXT(2) 
PARAMETRIC_REPRESENTATION_CONTEXT() REPRESENTATION_CONTEXT('2D SPACE',''
  ) );
#1644 = ORIENTED_EDGE('',*,*,#1645,.F.);
#1645 = EDGE_CURVE('',#1569,#1623,#1646,.T.);
#1646 = SURFACE_CURVE('',#1647,(#1652,#1659),.PCURVE_S1.);
#1647 = CIRCLE('',#1648,2.);
#1648 = AXIS2_PLACEMENT_3D('',#1649,#1650,#1651);
#1649 = CARTESIAN_POINT('',(29.7,2.,4.));
#1650 = DIRECTION('',(0.,0.,1.));
#1651 = DIRECTION('',(1.,0.,-0.));
#1652 = PCURVE('',#213,#1653);
#1653 = DEFINITIONAL_REPRESENTATION('',(#1654),#1658);
#1654 = LINE('',#1655,#1656);
#1655 = CARTESIAN_POINT('',(-6.28318530718,4.));
#1656 = VECTOR('',#1657,1.);
#1657 = DIRECTION('',(1.,-0.));
#1658 = ( GEOMETRIC_REPRESENTATION_CONTEXT(2) 
PARAMETRIC_REPRESENTATION_CONTEXT() REPRESENTATION_CONTEXT('2D SPACE',''
  ) );
#1659 = PCURVE('',#1660,#1665);
#1660 = PLANE('',#1661);
#1661 = AXIS2_PLACEMENT_3D('',#1662,#1663,#1664);
#1662 = CARTESIAN_POINT('',(29.7,0.,4.));
#1663 = DIRECTION('',(0.,0.,1.));
#1664 = DIRECTION('',(1.,0.,-0.));
#1665 = DEFINITIONAL_REPRESENTATION('',(#1666),#1670);
#1666 = CIRCLE('',#1667,2.);
#1667 = AXIS2_PLACEMENT_2D('',#1668,#1669);
#1668 = CARTESIAN_POINT('',(0.,2.));
#1669 = DIRECTION('',(1.,0.));
#1670 = ( GEOMETRIC_REPRESENTATION_CONTEXT(2) 
PARAMETRIC_REPRESENTATION_CONTEXT() REPRESENTATION_CONTEXT('2D SPACE',''
  ) );
#1671 = ADVANCED_FACE('',(#1672),#270,.T.);
#1672 = FACE_BOUND('',#1673,.T.);
#1673 = EDGE_LOOP('',(#1674,#1702,#1724,#1725,#1726,#1749));
#1674 = ORIENTED_EDGE('',*,*,#1675,.F.);
#1675 = EDGE_CURVE('',#1676,#1678,#1680,.T.);
#1676 = VERTEX_POINT('',#1677);
#1677 = CARTESIAN_POINT('',(30.7,46.332050807569,0.));
#1678 = VERTEX_POINT('',#1679);
#1679 = CARTESIAN_POINT('',(30.7,46.332050807569,4.));
#1680 = SURFACE_CURVE('',#1681,(#1685,#1691),.PCURVE_S1.);
#1681 = LINE('',#1682,#1683);
#1682 = CARTESIAN_POINT('',(30.7,46.332050807569,0.));
#1683 = VECTOR('',#1684,1.);
#1684 = DIRECTION('',(0.,0.,1.));
#1685 = PCURVE('',#270,#1686);
#1686 = DEFINITIONAL_REPRESENTATION('',(#1687),#1690);
#1687 = B_SPLINE_CURVE_WITH_KNOTS('',1,(#1688,#1689),.UNSPECIFIED.,.F.,
  .F.,(2,2),(-6.E-07,4.0000006),.PIECEWISE_BEZIER_KNOTS.);
#1688 = CARTESIAN_POINT('',(1.047197551197,-6.E-07));
#1689 = CARTESIAN_POINT('',(1.047197551197,4.0000006));
#1690 = ( GEOMETRIC_REPRESENTATION_CONTEXT(2) 
PARAMETRIC_REPRESENTATION_CONTEXT() REPRESENTATION_CONTEXT('2D SPACE',''
  ) );
#1691 = PCURVE('',#1692,#1697);
#1692 = CYLINDRICAL_SURFACE('',#1693,2.);
#1693 = AXIS2_PLACEMENT_3D('',#1694,#1695,#1696);
#1694 = CARTESIAN_POINT('',(31.7,44.6,0.));
#1695 = DIRECTION('',(0.,0.,1.));
#1696 = DIRECTION('',(-1.,-0.,0.));
#1697 = DEFINITIONAL_REPRESENTATION('',(#1698),#1701);
#1698 = B_SPLINE_CURVE_WITH_KNOTS('',1,(#1699,#1700),.UNSPECIFIED.,.F.,
  .F.,(2,2),(-6.E-07,4.0000006),.PIECEWISE_BEZIER_KNOTS.);
#1699 = CARTESIAN_POINT('',(-1.047197551197,-6.E-07));
#1700 = CARTESIAN_POINT('',(-1.047197551197,4.0000006));
#1701 = ( GEOMETRIC_REPRESENTATION_CONTEXT(2) 
PARAMETRIC_REPRESENTATION_CONTEXT() REPRESENTATION_CONTEXT('2D SPACE',''
  ) );
#1702 = ORIENTED_EDGE('',*,*,#1703,.T.);
#1703 = EDGE_CURVE('',#1676,#1412,#1704,.T.);
#1704 = SURFACE_CURVE('',#1705,(#1710,#1717),.PCURVE_S1.);
#1705 = CIRCLE('',#1706,2.);
#1706 = AXIS2_PLACEMENT_3D('',#1707,#1708,#1709);
#1707 = CARTESIAN_POINT('',(29.7,44.6,0.));
#1708 = DIRECTION('',(0.,0.,1.));
#1709 = DIRECTION('',(0.,-1.,0.));
#1710 = PCURVE('',#270,#1711);
#1711 = DEFINITIONAL_REPRESENTATION('',(#1712),#1716);
#1712 = LINE('',#1713,#1714);
#1713 = CARTESIAN_POINT('',(-1.570796326795,0.));
#1714 = VECTOR('',#1715,1.);
#1715 = DIRECTION('',(1.,0.));
#1716 = ( GEOMETRIC_REPRESENTATION_CONTEXT(2) 
PARAMETRIC_REPRESENTATION_CONTEXT() REPRESENTATION_CONTEXT('2D SPACE',''
  ) );
#1717 = PCURVE('',#828,#1718);
#1718 = DEFINITIONAL_REPRESENTATION('',(#1719),#1723);
#1719 = CIRCLE('',#1720,2.);
#1720 = AXIS2_PLACEMENT_2D('',#1721,#1722);
#1721 = CARTESIAN_POINT('',(29.7,44.6));
#1722 = DIRECTION('',(0.,-1.));
#1723 = ( GEOMETRIC_REPRESENTATION_CONTEXT(2) 
PARAMETRIC_REPRESENTATION_CONTEXT() REPRESENTATION_CONTEXT('2D SPACE',''
  ) );
#1724 = ORIENTED_EDGE('',*,*,#1436,.T.);
#1725 = ORIENTED_EDGE('',*,*,#253,.F.);
#1726 = ORIENTED_EDGE('',*,*,#1727,.F.);
#1727 = EDGE_CURVE('',#1728,#226,#1730,.T.);
#1728 = VERTEX_POINT('',#1729);
#1729 = CARTESIAN_POINT('',(31.7,44.6,4.));
#1730 = SURFACE_CURVE('',#1731,(#1735,#1742),.PCURVE_S1.);
#1731 = LINE('',#1732,#1733);
#1732 = CARTESIAN_POINT('',(31.7,44.6,0.));
#1733 = VECTOR('',#1734,1.);
#1734 = DIRECTION('',(0.,0.,1.));
#1735 = PCURVE('',#270,#1736);
#1736 = DEFINITIONAL_REPRESENTATION('',(#1737),#1741);
#1737 = LINE('',#1738,#1739);
#1738 = CARTESIAN_POINT('',(0.,0.));
#1739 = VECTOR('',#1740,1.);
#1740 = DIRECTION('',(0.,1.));
#1741 = ( GEOMETRIC_REPRESENTATION_CONTEXT(2) 
PARAMETRIC_REPRESENTATION_CONTEXT() REPRESENTATION_CONTEXT('2D SPACE',''
  ) );
#1742 = PCURVE('',#241,#1743);
#1743 = DEFINITIONAL_REPRESENTATION('',(#1744),#1748);
#1744 = LINE('',#1745,#1746);
#1745 = CARTESIAN_POINT('',(0.,-44.6));
#1746 = VECTOR('',#1747,1.);
#1747 = DIRECTION('',(1.,0.));
#1748 = ( GEOMETRIC_REPRESENTATION_CONTEXT(2) 
PARAMETRIC_REPRESENTATION_CONTEXT() REPRESENTATION_CONTEXT('2D SPACE',''
  ) );
#1749 = ORIENTED_EDGE('',*,*,#1750,.T.);
#1750 = EDGE_CURVE('',#1728,#1678,#1751,.T.);
#1751 = SURFACE_CURVE('',#1752,(#1757,#1764),.PCURVE_S1.);
#1752 = CIRCLE('',#1753,2.);
#1753 = AXIS2_PLACEMENT_3D('',#1754,#1755,#1756);
#1754 = CARTESIAN_POINT('',(29.7,44.6,4.));
#1755 = DIRECTION('',(0.,0.,1.));
#1756 = DIRECTION('',(1.,0.,-0.));
#1757 = PCURVE('',#270,#1758);
#1758 = DEFINITIONAL_REPRESENTATION('',(#1759),#1763);
#1759 = LINE('',#1760,#1761);
#1760 = CARTESIAN_POINT('',(0.,4.));
#1761 = VECTOR('',#1762,1.);
#1762 = DIRECTION('',(1.,0.));
#1763 = ( GEOMETRIC_REPRESENTATION_CONTEXT(2) 
PARAMETRIC_REPRESENTATION_CONTEXT() REPRESENTATION_CONTEXT('2D SPACE',''
  ) );
#1764 = PCURVE('',#1660,#1765);
#1765 = DEFINITIONAL_REPRESENTATION('',(#1766),#1770);
#1766 = CIRCLE('',#1767,2.);
#1767 = AXIS2_PLACEMENT_2D('',#1768,#1769);
#1768 = CARTESIAN_POINT('',(0.,44.6));
#1769 = DIRECTION('',(1.,0.));
#1770 = ( GEOMETRIC_REPRESENTATION_CONTEXT(2) 
PARAMETRIC_REPRESENTATION_CONTEXT() REPRESENTATION_CONTEXT('2D SPACE',''
  ) );
#1771 = ADVANCED_FACE('',(#1772),#241,.T.);
#1772 = FACE_BOUND('',#1773,.T.);
#1773 = EDGE_LOOP('',(#1774,#1775,#1776,#1795));
#1774 = ORIENTED_EDGE('',*,*,#225,.F.);
#1775 = ORIENTED_EDGE('',*,*,#1622,.F.);
#1776 = ORIENTED_EDGE('',*,*,#1777,.F.);
#1777 = EDGE_CURVE('',#1728,#1623,#1778,.T.);
#1778 = SURFACE_CURVE('',#1779,(#1783,#1789),.PCURVE_S1.);
#1779 = LINE('',#1780,#1781);
#1780 = CARTESIAN_POINT('',(31.7,0.,4.));
#1781 = VECTOR('',#1782,1.);
#1782 = DIRECTION('',(0.,-1.,0.));
#1783 = PCURVE('',#241,#1784);
#1784 = DEFINITIONAL_REPRESENTATION('',(#1785),#1788);
#1785 = B_SPLINE_CURVE_WITH_KNOTS('',1,(#1786,#1787),.UNSPECIFIED.,.F.,
  .F.,(2,2),(-44.6,-2.),.PIECEWISE_BEZIER_KNOTS.);
#1786 = CARTESIAN_POINT('',(4.,-44.6));
#1787 = CARTESIAN_POINT('',(4.,-2.));
#1788 = ( GEOMETRIC_REPRESENTATION_CONTEXT(2) 
PARAMETRIC_REPRESENTATION_CONTEXT() REPRESENTATION_CONTEXT('2D SPACE',''
  ) );
#1789 = PCURVE('',#1660,#1790);
#1790 = DEFINITIONAL_REPRESENTATION('',(#1791),#1794);
#1791 = B_SPLINE_CURVE_WITH_KNOTS('',1,(#1792,#1793),.UNSPECIFIED.,.F.,
  .F.,(2,2),(-44.6,-2.),.PIECEWISE_BEZIER_KNOTS.);
#1792 = CARTESIAN_POINT('',(2.,44.6));
#1793 = CARTESIAN_POINT('',(2.,2.));
#1794 = ( GEOMETRIC_REPRESENTATION_CONTEXT(2) 
PARAMETRIC_REPRESENTATION_CONTEXT() REPRESENTATION_CONTEXT('2D SPACE',''
  ) );
#1795 = ORIENTED_EDGE('',*,*,#1727,.T.);
#1796 = ADVANCED_FACE('',(#1797),#357,.F.);
#1797 = FACE_BOUND('',#1798,.F.);
#1798 = EDGE_LOOP('',(#1799,#1822,#1851,#1872));
#1799 = ORIENTED_EDGE('',*,*,#1800,.F.);
#1800 = EDGE_CURVE('',#1801,#339,#1803,.T.);
#1801 = VERTEX_POINT('',#1802);
#1802 = CARTESIAN_POINT('',(2.8,3.8,4.));
#1803 = SURFACE_CURVE('',#1804,(#1808,#1815),.PCURVE_S1.);
#1804 = LINE('',#1805,#1806);
#1805 = CARTESIAN_POINT('',(2.8,3.8,4.));
#1806 = VECTOR('',#1807,1.);
#1807 = DIRECTION('',(0.,0.,1.));
#1808 = PCURVE('',#357,#1809);
#1809 = DEFINITIONAL_REPRESENTATION('',(#1810),#1814);
#1810 = LINE('',#1811,#1812);
#1811 = CARTESIAN_POINT('',(0.,0.));
#1812 = VECTOR('',#1813,1.);
#1813 = DIRECTION('',(0.,1.));
#1814 = ( GEOMETRIC_REPRESENTATION_CONTEXT(2) 
PARAMETRIC_REPRESENTATION_CONTEXT() REPRESENTATION_CONTEXT('2D SPACE',''
  ) );
#1815 = PCURVE('',#384,#1816);
#1816 = DEFINITIONAL_REPRESENTATION('',(#1817),#1821);
#1817 = LINE('',#1818,#1819);
#1818 = CARTESIAN_POINT('',(0.,-1.));
#1819 = VECTOR('',#1820,1.);
#1820 = DIRECTION('',(1.,0.));
#1821 = ( GEOMETRIC_REPRESENTATION_CONTEXT(2) 
PARAMETRIC_REPRESENTATION_CONTEXT() REPRESENTATION_CONTEXT('2D SPACE',''
  ) );
#1822 = ORIENTED_EDGE('',*,*,#1823,.T.);
#1823 = EDGE_CURVE('',#1801,#1824,#1826,.T.);
#1824 = VERTEX_POINT('',#1825);
#1825 = CARTESIAN_POINT('',(3.8,2.8,4.));
#1826 = SURFACE_CURVE('',#1827,(#1832,#1839),.PCURVE_S1.);
#1827 = CIRCLE('',#1828,1.);
#1828 = AXIS2_PLACEMENT_3D('',#1829,#1830,#1831);
#1829 = CARTESIAN_POINT('',(3.8,3.8,4.));
#1830 = DIRECTION('',(0.,0.,1.));
#1831 = DIRECTION('',(0.,-1.,0.));
#1832 = PCURVE('',#357,#1833);
#1833 = DEFINITIONAL_REPRESENTATION('',(#1834),#1838);
#1834 = LINE('',#1835,#1836);
#1835 = CARTESIAN_POINT('',(-4.712388980385,0.));
#1836 = VECTOR('',#1837,1.);
#1837 = DIRECTION('',(1.,0.));
#1838 = ( GEOMETRIC_REPRESENTATION_CONTEXT(2) 
PARAMETRIC_REPRESENTATION_CONTEXT() REPRESENTATION_CONTEXT('2D SPACE',''
  ) );
#1839 = PCURVE('',#1840,#1845);
#1840 = PLANE('',#1841);
#1841 = AXIS2_PLACEMENT_3D('',#1842,#1843,#1844);
#1842 = CARTESIAN_POINT('',(2.8,2.8,4.));
#1843 = DIRECTION('',(0.,0.,1.));
#1844 = DIRECTION('',(1.,0.,-0.));
#1845 = DEFINITIONAL_REPRESENTATION('',(#1846),#1850);
#1846 = CIRCLE('',#1847,1.);
#1847 = AXIS2_PLACEMENT_2D('',#1848,#1849);
#1848 = CARTESIAN_POINT('',(1.,1.));
#1849 = DIRECTION('',(0.,-1.));
#1850 = ( GEOMETRIC_REPRESENTATION_CONTEXT(2) 
PARAMETRIC_REPRESENTATION_CONTEXT() REPRESENTATION_CONTEXT('2D SPACE',''
  ) );
#1851 = ORIENTED_EDGE('',*,*,#1852,.T.);
#1852 = EDGE_CURVE('',#1824,#341,#1853,.T.);
#1853 = SURFACE_CURVE('',#1854,(#1858,#1865),.PCURVE_S1.);
#1854 = LINE('',#1855,#1856);
#1855 = CARTESIAN_POINT('',(3.8,2.8,4.));
#1856 = VECTOR('',#1857,1.);
#1857 = DIRECTION('',(0.,0.,1.));
#1858 = PCURVE('',#357,#1859);
#1859 = DEFINITIONAL_REPRESENTATION('',(#1860),#1864);
#1860 = LINE('',#1861,#1862);
#1861 = CARTESIAN_POINT('',(1.570796326795,0.));
#1862 = VECTOR('',#1863,1.);
#1863 = DIRECTION('',(0.,1.));
#1864 = ( GEOMETRIC_REPRESENTATION_CONTEXT(2) 
PARAMETRIC_REPRESENTATION_CONTEXT() REPRESENTATION_CONTEXT('2D SPACE',''
  ) );
#1865 = PCURVE('',#547,#1866);
#1866 = DEFINITIONAL_REPRESENTATION('',(#1867),#1871);
#1867 = LINE('',#1868,#1869);
#1868 = CARTESIAN_POINT('',(0.,1.));
#1869 = VECTOR('',#1870,1.);
#1870 = DIRECTION('',(1.,0.));
#1871 = ( GEOMETRIC_REPRESENTATION_CONTEXT(2) 
PARAMETRIC_REPRESENTATION_CONTEXT() REPRESENTATION_CONTEXT('2D SPACE',''
  ) );
#1872 = ORIENTED_EDGE('',*,*,#338,.F.);
#1873 = ADVANCED_FACE('',(#1874),#384,.T.);
#1874 = FACE_BOUND('',#1875,.T.);
#1875 = EDGE_LOOP('',(#1876,#1877,#1878,#1901));
#1876 = ORIENTED_EDGE('',*,*,#369,.F.);
#1877 = ORIENTED_EDGE('',*,*,#1800,.F.);
#1878 = ORIENTED_EDGE('',*,*,#1879,.T.);
#1879 = EDGE_CURVE('',#1801,#1880,#1882,.T.);
#1880 = VERTEX_POINT('',#1881);
#1881 = CARTESIAN_POINT('',(2.8,20.3,4.));
#1882 = SURFACE_CURVE('',#1883,(#1887,#1894),.PCURVE_S1.);
#1883 = LINE('',#1884,#1885);
#1884 = CARTESIAN_POINT('',(2.8,2.8,4.));
#1885 = VECTOR('',#1886,1.);
#1886 = DIRECTION('',(-0.,1.,0.));
#1887 = PCURVE('',#384,#1888);
#1888 = DEFINITIONAL_REPRESENTATION('',(#1889),#1893);
#1889 = LINE('',#1890,#1891);
#1890 = CARTESIAN_POINT('',(0.,0.));
#1891 = VECTOR('',#1892,1.);
#1892 = DIRECTION('',(0.,-1.));
#1893 = ( GEOMETRIC_REPRESENTATION_CONTEXT(2) 
PARAMETRIC_REPRESENTATION_CONTEXT() REPRESENTATION_CONTEXT('2D SPACE',''
  ) );
#1894 = PCURVE('',#1840,#1895);
#1895 = DEFINITIONAL_REPRESENTATION('',(#1896),#1900);
#1896 = LINE('',#1897,#1898);
#1897 = CARTESIAN_POINT('',(0.,0.));
#1898 = VECTOR('',#1899,1.);
#1899 = DIRECTION('',(0.,1.));
#1900 = ( GEOMETRIC_REPRESENTATION_CONTEXT(2) 
PARAMETRIC_REPRESENTATION_CONTEXT() REPRESENTATION_CONTEXT('2D SPACE',''
  ) );
#1901 = ORIENTED_EDGE('',*,*,#1902,.T.);
#1902 = EDGE_CURVE('',#1880,#370,#1903,.T.);
#1903 = SURFACE_CURVE('',#1904,(#1908,#1915),.PCURVE_S1.);
#1904 = LINE('',#1905,#1906);
#1905 = CARTESIAN_POINT('',(2.8,20.3,4.));
#1906 = VECTOR('',#1907,1.);
#1907 = DIRECTION('',(0.,0.,1.));
#1908 = PCURVE('',#384,#1909);
#1909 = DEFINITIONAL_REPRESENTATION('',(#1910),#1914);
#1910 = LINE('',#1911,#1912);
#1911 = CARTESIAN_POINT('',(0.,-17.5));
#1912 = VECTOR('',#1913,1.);
#1913 = DIRECTION('',(1.,0.));
#1914 = ( GEOMETRIC_REPRESENTATION_CONTEXT(2) 
PARAMETRIC_REPRESENTATION_CONTEXT() REPRESENTATION_CONTEXT('2D SPACE',''
  ) );
#1915 = PCURVE('',#412,#1916);
#1916 = DEFINITIONAL_REPRESENTATION('',(#1917),#1921);
#1917 = LINE('',#1918,#1919);
#1918 = CARTESIAN_POINT('',(-0.,0.));
#1919 = VECTOR('',#1920,1.);
#1920 = DIRECTION('',(-0.,1.));
#1921 = ( GEOMETRIC_REPRESENTATION_CONTEXT(2) 
PARAMETRIC_REPRESENTATION_CONTEXT() REPRESENTATION_CONTEXT('2D SPACE',''
  ) );
#1922 = ADVANCED_FACE('',(#1923),#547,.T.);
#1923 = FACE_BOUND('',#1924,.T.);
#1924 = EDGE_LOOP('',(#1925,#1948,#1949,#1950,#1973,#1996,#2017,#2038));
#1925 = ORIENTED_EDGE('',*,*,#1926,.F.);
#1926 = EDGE_CURVE('',#1824,#1927,#1929,.T.);
#1927 = VERTEX_POINT('',#1928);
#1928 = CARTESIAN_POINT('',(12.85,2.8,4.));
#1929 = SURFACE_CURVE('',#1930,(#1934,#1941),.PCURVE_S1.);
#1930 = LINE('',#1931,#1932);
#1931 = CARTESIAN_POINT('',(2.8,2.8,4.));
#1932 = VECTOR('',#1933,1.);
#1933 = DIRECTION('',(1.,0.,-0.));
#1934 = PCURVE('',#547,#1935);
#1935 = DEFINITIONAL_REPRESENTATION('',(#1936),#1940);
#1936 = LINE('',#1937,#1938);
#1937 = CARTESIAN_POINT('',(0.,0.));
#1938 = VECTOR('',#1939,1.);
#1939 = DIRECTION('',(0.,1.));
#1940 = ( GEOMETRIC_REPRESENTATION_CONTEXT(2) 
PARAMETRIC_REPRESENTATION_CONTEXT() REPRESENTATION_CONTEXT('2D SPACE',''
  ) );
#1941 = PCURVE('',#1840,#1942);
#1942 = DEFINITIONAL_REPRESENTATION('',(#1943),#1947);
#1943 = LINE('',#1944,#1945);
#1944 = CARTESIAN_POINT('',(0.,0.));
#1945 = VECTOR('',#1946,1.);
#1946 = DIRECTION('',(1.,0.));
#1947 = ( GEOMETRIC_REPRESENTATION_CONTEXT(2) 
PARAMETRIC_REPRESENTATION_CONTEXT() REPRESENTATION_CONTEXT('2D SPACE',''
  ) );
#1948 = ORIENTED_EDGE('',*,*,#1852,.T.);
#1949 = ORIENTED_EDGE('',*,*,#534,.F.);
#1950 = ORIENTED_EDGE('',*,*,#1951,.F.);
#1951 = EDGE_CURVE('',#1952,#506,#1954,.T.);
#1952 = VERTEX_POINT('',#1953);
#1953 = CARTESIAN_POINT('',(27.9,2.8,4.));
#1954 = SURFACE_CURVE('',#1955,(#1959,#1966),.PCURVE_S1.);
#1955 = LINE('',#1956,#1957);
#1956 = CARTESIAN_POINT('',(27.9,2.8,4.));
#1957 = VECTOR('',#1958,1.);
#1958 = DIRECTION('',(0.,0.,1.));
#1959 = PCURVE('',#547,#1960);
#1960 = DEFINITIONAL_REPRESENTATION('',(#1961),#1965);
#1961 = LINE('',#1962,#1963);
#1962 = CARTESIAN_POINT('',(0.,25.1));
#1963 = VECTOR('',#1964,1.);
#1964 = DIRECTION('',(1.,0.));
#1965 = ( GEOMETRIC_REPRESENTATION_CONTEXT(2) 
PARAMETRIC_REPRESENTATION_CONTEXT() REPRESENTATION_CONTEXT('2D SPACE',''
  ) );
#1966 = PCURVE('',#522,#1967);
#1967 = DEFINITIONAL_REPRESENTATION('',(#1968),#1972);
#1968 = LINE('',#1969,#1970);
#1969 = CARTESIAN_POINT('',(-1.570796326795,0.));
#1970 = VECTOR('',#1971,1.);
#1971 = DIRECTION('',(-0.,1.));
#1972 = ( GEOMETRIC_REPRESENTATION_CONTEXT(2) 
PARAMETRIC_REPRESENTATION_CONTEXT() REPRESENTATION_CONTEXT('2D SPACE',''
  ) );
#1973 = ORIENTED_EDGE('',*,*,#1974,.F.);
#1974 = EDGE_CURVE('',#1975,#1952,#1977,.T.);
#1975 = VERTEX_POINT('',#1976);
#1976 = CARTESIAN_POINT('',(18.85,2.8,4.));
#1977 = SURFACE_CURVE('',#1978,(#1982,#1989),.PCURVE_S1.);
#1978 = LINE('',#1979,#1980);
#1979 = CARTESIAN_POINT('',(2.8,2.8,4.));
#1980 = VECTOR('',#1981,1.);
#1981 = DIRECTION('',(1.,0.,-0.));
#1982 = PCURVE('',#547,#1983);
#1983 = DEFINITIONAL_REPRESENTATION('',(#1984),#1988);
#1984 = LINE('',#1985,#1986);
#1985 = CARTESIAN_POINT('',(0.,0.));
#1986 = VECTOR('',#1987,1.);
#1987 = DIRECTION('',(0.,1.));
#1988 = ( GEOMETRIC_REPRESENTATION_CONTEXT(2) 
PARAMETRIC_REPRESENTATION_CONTEXT() REPRESENTATION_CONTEXT('2D SPACE',''
  ) );
#1989 = PCURVE('',#1840,#1990);
#1990 = DEFINITIONAL_REPRESENTATION('',(#1991),#1995);
#1991 = LINE('',#1992,#1993);
#1992 = CARTESIAN_POINT('',(0.,0.));
#1993 = VECTOR('',#1994,1.);
#1994 = DIRECTION('',(1.,0.));
#1995 = ( GEOMETRIC_REPRESENTATION_CONTEXT(2) 
PARAMETRIC_REPRESENTATION_CONTEXT() REPRESENTATION_CONTEXT('2D SPACE',''
  ) );
#1996 = ORIENTED_EDGE('',*,*,#1997,.F.);
#1997 = EDGE_CURVE('',#1998,#1975,#2000,.T.);
#1998 = VERTEX_POINT('',#1999);
#1999 = CARTESIAN_POINT('',(18.85,2.8,7.5));
#2000 = SURFACE_CURVE('',#2001,(#2005,#2011),.PCURVE_S1.);
#2001 = LINE('',#2002,#2003);
#2002 = CARTESIAN_POINT('',(18.85,2.8,4.));
#2003 = VECTOR('',#2004,1.);
#2004 = DIRECTION('',(-0.,0.,-1.));
#2005 = PCURVE('',#547,#2006);
#2006 = DEFINITIONAL_REPRESENTATION('',(#2007),#2010);
#2007 = B_SPLINE_CURVE_WITH_KNOTS('',1,(#2008,#2009),.UNSPECIFIED.,.F.,
  .F.,(2,2),(-3.5,0.),.PIECEWISE_BEZIER_KNOTS.);
#2008 = CARTESIAN_POINT('',(3.5,16.05));
#2009 = CARTESIAN_POINT('',(0.,16.05));
#2010 = ( GEOMETRIC_REPRESENTATION_CONTEXT(2) 
PARAMETRIC_REPRESENTATION_CONTEXT() REPRESENTATION_CONTEXT('2D SPACE',''
  ) );
#2011 = PCURVE('',#1397,#2012);
#2012 = DEFINITIONAL_REPRESENTATION('',(#2013),#2016);
#2013 = B_SPLINE_CURVE_WITH_KNOTS('',1,(#2014,#2015),.UNSPECIFIED.,.F.,
  .F.,(2,2),(-3.5,0.),.PIECEWISE_BEZIER_KNOTS.);
#2014 = CARTESIAN_POINT('',(3.5,-3.8));
#2015 = CARTESIAN_POINT('',(0.,-3.8));
#2016 = ( GEOMETRIC_REPRESENTATION_CONTEXT(2) 
PARAMETRIC_REPRESENTATION_CONTEXT() REPRESENTATION_CONTEXT('2D SPACE',''
  ) );
#2017 = ORIENTED_EDGE('',*,*,#2018,.F.);
#2018 = EDGE_CURVE('',#2019,#1998,#2021,.T.);
#2019 = VERTEX_POINT('',#2020);
#2020 = CARTESIAN_POINT('',(12.85,2.8,7.5));
#2021 = SURFACE_CURVE('',#2022,(#2026,#2032),.PCURVE_S1.);
#2022 = LINE('',#2023,#2024);
#2023 = CARTESIAN_POINT('',(7.825,2.8,7.5));
#2024 = VECTOR('',#2025,1.);
#2025 = DIRECTION('',(1.,0.,-0.));
#2026 = PCURVE('',#547,#2027);
#2027 = DEFINITIONAL_REPRESENTATION('',(#2028),#2031);
#2028 = B_SPLINE_CURVE_WITH_KNOTS('',1,(#2029,#2030),.UNSPECIFIED.,.F.,
  .F.,(2,2),(5.025,11.025),.PIECEWISE_BEZIER_KNOTS.);
#2029 = CARTESIAN_POINT('',(3.5,10.05));
#2030 = CARTESIAN_POINT('',(3.5,16.05));
#2031 = ( GEOMETRIC_REPRESENTATION_CONTEXT(2) 
PARAMETRIC_REPRESENTATION_CONTEXT() REPRESENTATION_CONTEXT('2D SPACE',''
  ) );
#2032 = PCURVE('',#1321,#2033);
#2033 = DEFINITIONAL_REPRESENTATION('',(#2034),#2037);
#2034 = B_SPLINE_CURVE_WITH_KNOTS('',1,(#2035,#2036),.UNSPECIFIED.,.F.,
  .F.,(2,2),(5.025,11.025),.PIECEWISE_BEZIER_KNOTS.);
#2035 = CARTESIAN_POINT('',(0.,3.8));
#2036 = CARTESIAN_POINT('',(6.,3.8));
#2037 = ( GEOMETRIC_REPRESENTATION_CONTEXT(2) 
PARAMETRIC_REPRESENTATION_CONTEXT() REPRESENTATION_CONTEXT('2D SPACE',''
  ) );
#2038 = ORIENTED_EDGE('',*,*,#2039,.T.);
#2039 = EDGE_CURVE('',#2019,#1927,#2040,.T.);
#2040 = SURFACE_CURVE('',#2041,(#2045,#2051),.PCURVE_S1.);
#2041 = LINE('',#2042,#2043);
#2042 = CARTESIAN_POINT('',(12.85,2.8,4.));
#2043 = VECTOR('',#2044,1.);
#2044 = DIRECTION('',(-0.,0.,-1.));
#2045 = PCURVE('',#547,#2046);
#2046 = DEFINITIONAL_REPRESENTATION('',(#2047),#2050);
#2047 = B_SPLINE_CURVE_WITH_KNOTS('',1,(#2048,#2049),.UNSPECIFIED.,.F.,
  .F.,(2,2),(-3.5,0.),.PIECEWISE_BEZIER_KNOTS.);
#2048 = CARTESIAN_POINT('',(3.5,10.05));
#2049 = CARTESIAN_POINT('',(0.,10.05));
#2050 = ( GEOMETRIC_REPRESENTATION_CONTEXT(2) 
PARAMETRIC_REPRESENTATION_CONTEXT() REPRESENTATION_CONTEXT('2D SPACE',''
  ) );
#2051 = PCURVE('',#1347,#2052);
#2052 = DEFINITIONAL_REPRESENTATION('',(#2053),#2056);
#2053 = B_SPLINE_CURVE_WITH_KNOTS('',1,(#2054,#2055),.UNSPECIFIED.,.F.,
  .F.,(2,2),(-3.5,0.),.PIECEWISE_BEZIER_KNOTS.);
#2054 = CARTESIAN_POINT('',(3.5,-3.8));
#2055 = CARTESIAN_POINT('',(0.,-3.8));
#2056 = ( GEOMETRIC_REPRESENTATION_CONTEXT(2) 
PARAMETRIC_REPRESENTATION_CONTEXT() REPRESENTATION_CONTEXT('2D SPACE',''
  ) );
#2057 = ADVANCED_FACE('',(#2058),#412,.F.);
#2058 = FACE_BOUND('',#2059,.T.);
#2059 = EDGE_LOOP('',(#2060,#2061,#2089,#2110));
#2060 = ORIENTED_EDGE('',*,*,#1902,.F.);
#2061 = ORIENTED_EDGE('',*,*,#2062,.T.);
#2062 = EDGE_CURVE('',#1880,#2063,#2065,.T.);
#2063 = VERTEX_POINT('',#2064);
#2064 = CARTESIAN_POINT('',(3.8,21.3,4.));
#2065 = SURFACE_CURVE('',#2066,(#2071,#2078),.PCURVE_S1.);
#2066 = CIRCLE('',#2067,1.);
#2067 = AXIS2_PLACEMENT_3D('',#2068,#2069,#2070);
#2068 = CARTESIAN_POINT('',(3.8,20.3,4.));
#2069 = DIRECTION('',(-0.,-0.,-1.));
#2070 = DIRECTION('',(0.,-1.,0.));
#2071 = PCURVE('',#412,#2072);
#2072 = DEFINITIONAL_REPRESENTATION('',(#2073),#2077);
#2073 = LINE('',#2074,#2075);
#2074 = CARTESIAN_POINT('',(1.570796326795,-0.));
#2075 = VECTOR('',#2076,1.);
#2076 = DIRECTION('',(-1.,0.));
#2077 = ( GEOMETRIC_REPRESENTATION_CONTEXT(2) 
PARAMETRIC_REPRESENTATION_CONTEXT() REPRESENTATION_CONTEXT('2D SPACE',''
  ) );
#2078 = PCURVE('',#1840,#2079);
#2079 = DEFINITIONAL_REPRESENTATION('',(#2080),#2088);
#2080 = ( BOUNDED_CURVE() B_SPLINE_CURVE(2,(#2081,#2082,#2083,#2084,
#2085,#2086,#2087),.UNSPECIFIED.,.T.,.F.) B_SPLINE_CURVE_WITH_KNOTS((1,2
    ,2,2,2,1),(-2.094395102393,0.,2.094395102393,4.188790204786,
6.28318530718,8.377580409573),.UNSPECIFIED.) CURVE() 
GEOMETRIC_REPRESENTATION_ITEM() RATIONAL_B_SPLINE_CURVE((1.,0.5,1.,0.5,
1.,0.5,1.)) REPRESENTATION_ITEM('') );
#2081 = CARTESIAN_POINT('',(1.,16.5));
#2082 = CARTESIAN_POINT('',(-0.732050807569,16.5));
#2083 = CARTESIAN_POINT('',(0.133974596216,18.));
#2084 = CARTESIAN_POINT('',(1.,19.5));
#2085 = CARTESIAN_POINT('',(1.866025403784,18.));
#2086 = CARTESIAN_POINT('',(2.732050807569,16.5));
#2087 = CARTESIAN_POINT('',(1.,16.5));
#2088 = ( GEOMETRIC_REPRESENTATION_CONTEXT(2) 
PARAMETRIC_REPRESENTATION_CONTEXT() REPRESENTATION_CONTEXT('2D SPACE',''
  ) );
#2089 = ORIENTED_EDGE('',*,*,#2090,.T.);
#2090 = EDGE_CURVE('',#2063,#396,#2091,.T.);
#2091 = SURFACE_CURVE('',#2092,(#2096,#2103),.PCURVE_S1.);
#2092 = LINE('',#2093,#2094);
#2093 = CARTESIAN_POINT('',(3.8,21.3,4.));
#2094 = VECTOR('',#2095,1.);
#2095 = DIRECTION('',(0.,0.,1.));
#2096 = PCURVE('',#412,#2097);
#2097 = DEFINITIONAL_REPRESENTATION('',(#2098),#2102);
#2098 = LINE('',#2099,#2100);
#2099 = CARTESIAN_POINT('',(-1.570796326795,0.));
#2100 = VECTOR('',#2101,1.);
#2101 = DIRECTION('',(-0.,1.));
#2102 = ( GEOMETRIC_REPRESENTATION_CONTEXT(2) 
PARAMETRIC_REPRESENTATION_CONTEXT() REPRESENTATION_CONTEXT('2D SPACE',''
  ) );
#2103 = PCURVE('',#439,#2104);
#2104 = DEFINITIONAL_REPRESENTATION('',(#2105),#2109);
#2105 = LINE('',#2106,#2107);
#2106 = CARTESIAN_POINT('',(0.,1.));
#2107 = VECTOR('',#2108,1.);
#2108 = DIRECTION('',(1.,0.));
#2109 = ( GEOMETRIC_REPRESENTATION_CONTEXT(2) 
PARAMETRIC_REPRESENTATION_CONTEXT() REPRESENTATION_CONTEXT('2D SPACE',''
  ) );
#2110 = ORIENTED_EDGE('',*,*,#395,.T.);
#2111 = ADVANCED_FACE('',(#2112),#522,.F.);
#2112 = FACE_BOUND('',#2113,.T.);
#2113 = EDGE_LOOP('',(#2114,#2137,#2163,#2164));
#2114 = ORIENTED_EDGE('',*,*,#2115,.F.);
#2115 = EDGE_CURVE('',#2116,#480,#2118,.T.);
#2116 = VERTEX_POINT('',#2117);
#2117 = CARTESIAN_POINT('',(28.9,3.8,4.));
#2118 = SURFACE_CURVE('',#2119,(#2123,#2130),.PCURVE_S1.);
#2119 = LINE('',#2120,#2121);
#2120 = CARTESIAN_POINT('',(28.9,3.8,4.));
#2121 = VECTOR('',#2122,1.);
#2122 = DIRECTION('',(0.,0.,1.));
#2123 = PCURVE('',#522,#2124);
#2124 = DEFINITIONAL_REPRESENTATION('',(#2125),#2129);
#2125 = LINE('',#2126,#2127);
#2126 = CARTESIAN_POINT('',(-0.,0.));
#2127 = VECTOR('',#2128,1.);
#2128 = DIRECTION('',(-0.,1.));
#2129 = ( GEOMETRIC_REPRESENTATION_CONTEXT(2) 
PARAMETRIC_REPRESENTATION_CONTEXT() REPRESENTATION_CONTEXT('2D SPACE',''
  ) );
#2130 = PCURVE('',#494,#2131);
#2131 = DEFINITIONAL_REPRESENTATION('',(#2132),#2136);
#2132 = LINE('',#2133,#2134);
#2133 = CARTESIAN_POINT('',(0.,-1.));
#2134 = VECTOR('',#2135,1.);
#2135 = DIRECTION('',(1.,0.));
#2136 = ( GEOMETRIC_REPRESENTATION_CONTEXT(2) 
PARAMETRIC_REPRESENTATION_CONTEXT() REPRESENTATION_CONTEXT('2D SPACE',''
  ) );
#2137 = ORIENTED_EDGE('',*,*,#2138,.T.);
#2138 = EDGE_CURVE('',#2116,#1952,#2139,.T.);
#2139 = SURFACE_CURVE('',#2140,(#2145,#2152),.PCURVE_S1.);
#2140 = CIRCLE('',#2141,1.);
#2141 = AXIS2_PLACEMENT_3D('',#2142,#2143,#2144);
#2142 = CARTESIAN_POINT('',(27.9,3.8,4.));
#2143 = DIRECTION('',(-0.,-0.,-1.));
#2144 = DIRECTION('',(0.,-1.,0.));
#2145 = PCURVE('',#522,#2146);
#2146 = DEFINITIONAL_REPRESENTATION('',(#2147),#2151);
#2147 = LINE('',#2148,#2149);
#2148 = CARTESIAN_POINT('',(4.712388980385,-0.));
#2149 = VECTOR('',#2150,1.);
#2150 = DIRECTION('',(-1.,0.));
#2151 = ( GEOMETRIC_REPRESENTATION_CONTEXT(2) 
PARAMETRIC_REPRESENTATION_CONTEXT() REPRESENTATION_CONTEXT('2D SPACE',''
  ) );
#2152 = PCURVE('',#1840,#2153);
#2153 = DEFINITIONAL_REPRESENTATION('',(#2154),#2162);
#2154 = ( BOUNDED_CURVE() B_SPLINE_CURVE(2,(#2155,#2156,#2157,#2158,
#2159,#2160,#2161),.UNSPECIFIED.,.T.,.F.) B_SPLINE_CURVE_WITH_KNOTS((1,2
    ,2,2,2,1),(-2.094395102393,0.,2.094395102393,4.188790204786,
6.28318530718,8.377580409573),.UNSPECIFIED.) CURVE() 
GEOMETRIC_REPRESENTATION_ITEM() RATIONAL_B_SPLINE_CURVE((1.,0.5,1.,0.5,
1.,0.5,1.)) REPRESENTATION_ITEM('') );
#2155 = CARTESIAN_POINT('',(25.1,0.));
#2156 = CARTESIAN_POINT('',(23.367949192431,0.));
#2157 = CARTESIAN_POINT('',(24.233974596216,1.5));
#2158 = CARTESIAN_POINT('',(25.1,3.));
#2159 = CARTESIAN_POINT('',(25.966025403784,1.5));
#2160 = CARTESIAN_POINT('',(26.832050807569,1.665334536938E-15));
#2161 = CARTESIAN_POINT('',(25.1,0.));
#2162 = ( GEOMETRIC_REPRESENTATION_CONTEXT(2) 
PARAMETRIC_REPRESENTATION_CONTEXT() REPRESENTATION_CONTEXT('2D SPACE',''
  ) );
#2163 = ORIENTED_EDGE('',*,*,#1951,.T.);
#2164 = ORIENTED_EDGE('',*,*,#505,.T.);
#2165 = ADVANCED_FACE('',(#2166),#439,.F.);
#2166 = FACE_BOUND('',#2167,.F.);
#2167 = EDGE_LOOP('',(#2168,#2191,#2192,#2193));
#2168 = ORIENTED_EDGE('',*,*,#2169,.F.);
#2169 = EDGE_CURVE('',#2063,#2170,#2172,.T.);
#2170 = VERTEX_POINT('',#2171);
#2171 = CARTESIAN_POINT('',(27.9,21.3,4.));
#2172 = SURFACE_CURVE('',#2173,(#2177,#2184),.PCURVE_S1.);
#2173 = LINE('',#2174,#2175);
#2174 = CARTESIAN_POINT('',(2.8,21.3,4.));
#2175 = VECTOR('',#2176,1.);
#2176 = DIRECTION('',(1.,0.,-0.));
#2177 = PCURVE('',#439,#2178);
#2178 = DEFINITIONAL_REPRESENTATION('',(#2179),#2183);
#2179 = LINE('',#2180,#2181);
#2180 = CARTESIAN_POINT('',(0.,0.));
#2181 = VECTOR('',#2182,1.);
#2182 = DIRECTION('',(0.,1.));
#2183 = ( GEOMETRIC_REPRESENTATION_CONTEXT(2) 
PARAMETRIC_REPRESENTATION_CONTEXT() REPRESENTATION_CONTEXT('2D SPACE',''
  ) );
#2184 = PCURVE('',#1840,#2185);
#2185 = DEFINITIONAL_REPRESENTATION('',(#2186),#2190);
#2186 = LINE('',#2187,#2188);
#2187 = CARTESIAN_POINT('',(0.,18.5));
#2188 = VECTOR('',#2189,1.);
#2189 = DIRECTION('',(1.,0.));
#2190 = ( GEOMETRIC_REPRESENTATION_CONTEXT(2) 
PARAMETRIC_REPRESENTATION_CONTEXT() REPRESENTATION_CONTEXT('2D SPACE',''
  ) );
#2191 = ORIENTED_EDGE('',*,*,#2090,.T.);
#2192 = ORIENTED_EDGE('',*,*,#424,.F.);
#2193 = ORIENTED_EDGE('',*,*,#2194,.F.);
#2194 = EDGE_CURVE('',#2170,#425,#2195,.T.);
#2195 = SURFACE_CURVE('',#2196,(#2200,#2207),.PCURVE_S1.);
#2196 = LINE('',#2197,#2198);
#2197 = CARTESIAN_POINT('',(27.9,21.3,4.));
#2198 = VECTOR('',#2199,1.);
#2199 = DIRECTION('',(0.,0.,1.));
#2200 = PCURVE('',#439,#2201);
#2201 = DEFINITIONAL_REPRESENTATION('',(#2202),#2206);
#2202 = LINE('',#2203,#2204);
#2203 = CARTESIAN_POINT('',(0.,25.1));
#2204 = VECTOR('',#2205,1.);
#2205 = DIRECTION('',(1.,0.));
#2206 = ( GEOMETRIC_REPRESENTATION_CONTEXT(2) 
PARAMETRIC_REPRESENTATION_CONTEXT() REPRESENTATION_CONTEXT('2D SPACE',''
  ) );
#2207 = PCURVE('',#467,#2208);
#2208 = DEFINITIONAL_REPRESENTATION('',(#2209),#2213);
#2209 = LINE('',#2210,#2211);
#2210 = CARTESIAN_POINT('',(1.570796326795,0.));
#2211 = VECTOR('',#2212,1.);
#2212 = DIRECTION('',(0.,1.));
#2213 = ( GEOMETRIC_REPRESENTATION_CONTEXT(2) 
PARAMETRIC_REPRESENTATION_CONTEXT() REPRESENTATION_CONTEXT('2D SPACE',''
  ) );
#2214 = ADVANCED_FACE('',(#2215),#494,.F.);
#2215 = FACE_BOUND('',#2216,.F.);
#2216 = EDGE_LOOP('',(#2217,#2218,#2219,#2242));
#2217 = ORIENTED_EDGE('',*,*,#479,.F.);
#2218 = ORIENTED_EDGE('',*,*,#2115,.F.);
#2219 = ORIENTED_EDGE('',*,*,#2220,.T.);
#2220 = EDGE_CURVE('',#2116,#2221,#2223,.T.);
#2221 = VERTEX_POINT('',#2222);
#2222 = CARTESIAN_POINT('',(28.9,20.3,4.));
#2223 = SURFACE_CURVE('',#2224,(#2228,#2235),.PCURVE_S1.);
#2224 = LINE('',#2225,#2226);
#2225 = CARTESIAN_POINT('',(28.9,2.8,4.));
#2226 = VECTOR('',#2227,1.);
#2227 = DIRECTION('',(-0.,1.,0.));
#2228 = PCURVE('',#494,#2229);
#2229 = DEFINITIONAL_REPRESENTATION('',(#2230),#2234);
#2230 = LINE('',#2231,#2232);
#2231 = CARTESIAN_POINT('',(0.,0.));
#2232 = VECTOR('',#2233,1.);
#2233 = DIRECTION('',(0.,-1.));
#2234 = ( GEOMETRIC_REPRESENTATION_CONTEXT(2) 
PARAMETRIC_REPRESENTATION_CONTEXT() REPRESENTATION_CONTEXT('2D SPACE',''
  ) );
#2235 = PCURVE('',#1840,#2236);
#2236 = DEFINITIONAL_REPRESENTATION('',(#2237),#2241);
#2237 = LINE('',#2238,#2239);
#2238 = CARTESIAN_POINT('',(26.1,0.));
#2239 = VECTOR('',#2240,1.);
#2240 = DIRECTION('',(0.,1.));
#2241 = ( GEOMETRIC_REPRESENTATION_CONTEXT(2) 
PARAMETRIC_REPRESENTATION_CONTEXT() REPRESENTATION_CONTEXT('2D SPACE',''
  ) );
#2242 = ORIENTED_EDGE('',*,*,#2243,.T.);
#2243 = EDGE_CURVE('',#2221,#451,#2244,.T.);
#2244 = SURFACE_CURVE('',#2245,(#2249,#2256),.PCURVE_S1.);
#2245 = LINE('',#2246,#2247);
#2246 = CARTESIAN_POINT('',(28.9,20.3,4.));
#2247 = VECTOR('',#2248,1.);
#2248 = DIRECTION('',(0.,0.,1.));
#2249 = PCURVE('',#494,#2250);
#2250 = DEFINITIONAL_REPRESENTATION('',(#2251),#2255);
#2251 = LINE('',#2252,#2253);
#2252 = CARTESIAN_POINT('',(0.,-17.5));
#2253 = VECTOR('',#2254,1.);
#2254 = DIRECTION('',(1.,0.));
#2255 = ( GEOMETRIC_REPRESENTATION_CONTEXT(2) 
PARAMETRIC_REPRESENTATION_CONTEXT() REPRESENTATION_CONTEXT('2D SPACE',''
  ) );
#2256 = PCURVE('',#467,#2257);
#2257 = DEFINITIONAL_REPRESENTATION('',(#2258),#2262);
#2258 = LINE('',#2259,#2260);
#2259 = CARTESIAN_POINT('',(0.,0.));
#2260 = VECTOR('',#2261,1.);
#2261 = DIRECTION('',(0.,1.));
#2262 = ( GEOMETRIC_REPRESENTATION_CONTEXT(2) 
PARAMETRIC_REPRESENTATION_CONTEXT() REPRESENTATION_CONTEXT('2D SPACE',''
  ) );
#2263 = ADVANCED_FACE('',(#2264),#467,.F.);
#2264 = FACE_BOUND('',#2265,.F.);
#2265 = EDGE_LOOP('',(#2266,#2267,#2289,#2290));
#2266 = ORIENTED_EDGE('',*,*,#2243,.F.);
#2267 = ORIENTED_EDGE('',*,*,#2268,.T.);
#2268 = EDGE_CURVE('',#2221,#2170,#2269,.T.);
#2269 = SURFACE_CURVE('',#2270,(#2275,#2282),.PCURVE_S1.);
#2270 = CIRCLE('',#2271,1.);
#2271 = AXIS2_PLACEMENT_3D('',#2272,#2273,#2274);
#2272 = CARTESIAN_POINT('',(27.9,20.3,4.));
#2273 = DIRECTION('',(0.,0.,1.));
#2274 = DIRECTION('',(0.,-1.,0.));
#2275 = PCURVE('',#467,#2276);
#2276 = DEFINITIONAL_REPRESENTATION('',(#2277),#2281);
#2277 = LINE('',#2278,#2279);
#2278 = CARTESIAN_POINT('',(-1.570796326795,0.));
#2279 = VECTOR('',#2280,1.);
#2280 = DIRECTION('',(1.,0.));
#2281 = ( GEOMETRIC_REPRESENTATION_CONTEXT(2) 
PARAMETRIC_REPRESENTATION_CONTEXT() REPRESENTATION_CONTEXT('2D SPACE',''
  ) );
#2282 = PCURVE('',#1840,#2283);
#2283 = DEFINITIONAL_REPRESENTATION('',(#2284),#2288);
#2284 = CIRCLE('',#2285,1.);
#2285 = AXIS2_PLACEMENT_2D('',#2286,#2287);
#2286 = CARTESIAN_POINT('',(25.1,17.5));
#2287 = DIRECTION('',(0.,-1.));
#2288 = ( GEOMETRIC_REPRESENTATION_CONTEXT(2) 
PARAMETRIC_REPRESENTATION_CONTEXT() REPRESENTATION_CONTEXT('2D SPACE',''
  ) );
#2289 = ORIENTED_EDGE('',*,*,#2194,.T.);
#2290 = ORIENTED_EDGE('',*,*,#450,.F.);
#2291 = ADVANCED_FACE('',(#2292),#579,.F.);
#2292 = FACE_BOUND('',#2293,.F.);
#2293 = EDGE_LOOP('',(#2294,#2317,#2346,#2367));
#2294 = ORIENTED_EDGE('',*,*,#2295,.F.);
#2295 = EDGE_CURVE('',#2296,#561,#2298,.T.);
#2296 = VERTEX_POINT('',#2297);
#2297 = CARTESIAN_POINT('',(2.8,26.3,4.));
#2298 = SURFACE_CURVE('',#2299,(#2303,#2310),.PCURVE_S1.);
#2299 = LINE('',#2300,#2301);
#2300 = CARTESIAN_POINT('',(2.8,26.3,4.));
#2301 = VECTOR('',#2302,1.);
#2302 = DIRECTION('',(0.,0.,1.));
#2303 = PCURVE('',#579,#2304);
#2304 = DEFINITIONAL_REPRESENTATION('',(#2305),#2309);
#2305 = LINE('',#2306,#2307);
#2306 = CARTESIAN_POINT('',(0.,0.));
#2307 = VECTOR('',#2308,1.);
#2308 = DIRECTION('',(0.,1.));
#2309 = ( GEOMETRIC_REPRESENTATION_CONTEXT(2) 
PARAMETRIC_REPRESENTATION_CONTEXT() REPRESENTATION_CONTEXT('2D SPACE',''
  ) );
#2310 = PCURVE('',#606,#2311);
#2311 = DEFINITIONAL_REPRESENTATION('',(#2312),#2316);
#2312 = LINE('',#2313,#2314);
#2313 = CARTESIAN_POINT('',(0.,-1.));
#2314 = VECTOR('',#2315,1.);
#2315 = DIRECTION('',(1.,0.));
#2316 = ( GEOMETRIC_REPRESENTATION_CONTEXT(2) 
PARAMETRIC_REPRESENTATION_CONTEXT() REPRESENTATION_CONTEXT('2D SPACE',''
  ) );
#2317 = ORIENTED_EDGE('',*,*,#2318,.T.);
#2318 = EDGE_CURVE('',#2296,#2319,#2321,.T.);
#2319 = VERTEX_POINT('',#2320);
#2320 = CARTESIAN_POINT('',(3.8,25.3,4.));
#2321 = SURFACE_CURVE('',#2322,(#2327,#2334),.PCURVE_S1.);
#2322 = CIRCLE('',#2323,1.);
#2323 = AXIS2_PLACEMENT_3D('',#2324,#2325,#2326);
#2324 = CARTESIAN_POINT('',(3.8,26.3,4.));
#2325 = DIRECTION('',(0.,0.,1.));
#2326 = DIRECTION('',(0.,-1.,0.));
#2327 = PCURVE('',#579,#2328);
#2328 = DEFINITIONAL_REPRESENTATION('',(#2329),#2333);
#2329 = LINE('',#2330,#2331);
#2330 = CARTESIAN_POINT('',(-4.712388980385,0.));
#2331 = VECTOR('',#2332,1.);
#2332 = DIRECTION('',(1.,0.));
#2333 = ( GEOMETRIC_REPRESENTATION_CONTEXT(2) 
PARAMETRIC_REPRESENTATION_CONTEXT() REPRESENTATION_CONTEXT('2D SPACE',''
  ) );
#2334 = PCURVE('',#2335,#2340);
#2335 = PLANE('',#2336);
#2336 = AXIS2_PLACEMENT_3D('',#2337,#2338,#2339);
#2337 = CARTESIAN_POINT('',(2.8,25.3,4.));
#2338 = DIRECTION('',(0.,0.,1.));
#2339 = DIRECTION('',(1.,0.,-0.));
#2340 = DEFINITIONAL_REPRESENTATION('',(#2341),#2345);
#2341 = CIRCLE('',#2342,1.);
#2342 = AXIS2_PLACEMENT_2D('',#2343,#2344);
#2343 = CARTESIAN_POINT('',(1.,1.));
#2344 = DIRECTION('',(0.,-1.));
#2345 = ( GEOMETRIC_REPRESENTATION_CONTEXT(2) 
PARAMETRIC_REPRESENTATION_CONTEXT() REPRESENTATION_CONTEXT('2D SPACE',''
  ) );
#2346 = ORIENTED_EDGE('',*,*,#2347,.T.);
#2347 = EDGE_CURVE('',#2319,#563,#2348,.T.);
#2348 = SURFACE_CURVE('',#2349,(#2353,#2360),.PCURVE_S1.);
#2349 = LINE('',#2350,#2351);
#2350 = CARTESIAN_POINT('',(3.8,25.3,4.));
#2351 = VECTOR('',#2352,1.);
#2352 = DIRECTION('',(0.,0.,1.));
#2353 = PCURVE('',#579,#2354);
#2354 = DEFINITIONAL_REPRESENTATION('',(#2355),#2359);
#2355 = LINE('',#2356,#2357);
#2356 = CARTESIAN_POINT('',(1.570796326795,0.));
#2357 = VECTOR('',#2358,1.);
#2358 = DIRECTION('',(0.,1.));
#2359 = ( GEOMETRIC_REPRESENTATION_CONTEXT(2) 
PARAMETRIC_REPRESENTATION_CONTEXT() REPRESENTATION_CONTEXT('2D SPACE',''
  ) );
#2360 = PCURVE('',#769,#2361);
#2361 = DEFINITIONAL_REPRESENTATION('',(#2362),#2366);
#2362 = LINE('',#2363,#2364);
#2363 = CARTESIAN_POINT('',(0.,1.));
#2364 = VECTOR('',#2365,1.);
#2365 = DIRECTION('',(1.,0.));
#2366 = ( GEOMETRIC_REPRESENTATION_CONTEXT(2) 
PARAMETRIC_REPRESENTATION_CONTEXT() REPRESENTATION_CONTEXT('2D SPACE',''
  ) );
#2367 = ORIENTED_EDGE('',*,*,#560,.F.);
#2368 = ADVANCED_FACE('',(#2369),#769,.T.);
#2369 = FACE_BOUND('',#2370,.T.);
#2370 = EDGE_LOOP('',(#2371,#2394,#2395,#2396));
#2371 = ORIENTED_EDGE('',*,*,#2372,.F.);
#2372 = EDGE_CURVE('',#2319,#2373,#2375,.T.);
#2373 = VERTEX_POINT('',#2374);
#2374 = CARTESIAN_POINT('',(27.9,25.3,4.));
#2375 = SURFACE_CURVE('',#2376,(#2380,#2387),.PCURVE_S1.);
#2376 = LINE('',#2377,#2378);
#2377 = CARTESIAN_POINT('',(2.8,25.3,4.));
#2378 = VECTOR('',#2379,1.);
#2379 = DIRECTION('',(1.,0.,-0.));
#2380 = PCURVE('',#769,#2381);
#2381 = DEFINITIONAL_REPRESENTATION('',(#2382),#2386);
#2382 = LINE('',#2383,#2384);
#2383 = CARTESIAN_POINT('',(0.,0.));
#2384 = VECTOR('',#2385,1.);
#2385 = DIRECTION('',(0.,1.));
#2386 = ( GEOMETRIC_REPRESENTATION_CONTEXT(2) 
PARAMETRIC_REPRESENTATION_CONTEXT() REPRESENTATION_CONTEXT('2D SPACE',''
  ) );
#2387 = PCURVE('',#2335,#2388);
#2388 = DEFINITIONAL_REPRESENTATION('',(#2389),#2393);
#2389 = LINE('',#2390,#2391);
#2390 = CARTESIAN_POINT('',(0.,0.));
#2391 = VECTOR('',#2392,1.);
#2392 = DIRECTION('',(1.,0.));
#2393 = ( GEOMETRIC_REPRESENTATION_CONTEXT(2) 
PARAMETRIC_REPRESENTATION_CONTEXT() REPRESENTATION_CONTEXT('2D SPACE',''
  ) );
#2394 = ORIENTED_EDGE('',*,*,#2347,.T.);
#2395 = ORIENTED_EDGE('',*,*,#756,.F.);
#2396 = ORIENTED_EDGE('',*,*,#2397,.F.);
#2397 = EDGE_CURVE('',#2373,#728,#2398,.T.);
#2398 = SURFACE_CURVE('',#2399,(#2403,#2410),.PCURVE_S1.);
#2399 = LINE('',#2400,#2401);
#2400 = CARTESIAN_POINT('',(27.9,25.3,4.));
#2401 = VECTOR('',#2402,1.);
#2402 = DIRECTION('',(0.,0.,1.));
#2403 = PCURVE('',#769,#2404);
#2404 = DEFINITIONAL_REPRESENTATION('',(#2405),#2409);
#2405 = LINE('',#2406,#2407);
#2406 = CARTESIAN_POINT('',(0.,25.1));
#2407 = VECTOR('',#2408,1.);
#2408 = DIRECTION('',(1.,0.));
#2409 = ( GEOMETRIC_REPRESENTATION_CONTEXT(2) 
PARAMETRIC_REPRESENTATION_CONTEXT() REPRESENTATION_CONTEXT('2D SPACE',''
  ) );
#2410 = PCURVE('',#744,#2411);
#2411 = DEFINITIONAL_REPRESENTATION('',(#2412),#2416);
#2412 = LINE('',#2413,#2414);
#2413 = CARTESIAN_POINT('',(-1.570796326795,0.));
#2414 = VECTOR('',#2415,1.);
#2415 = DIRECTION('',(-0.,1.));
#2416 = ( GEOMETRIC_REPRESENTATION_CONTEXT(2) 
PARAMETRIC_REPRESENTATION_CONTEXT() REPRESENTATION_CONTEXT('2D SPACE',''
  ) );
#2417 = ADVANCED_FACE('',(#2418),#744,.F.);
#2418 = FACE_BOUND('',#2419,.T.);
#2419 = EDGE_LOOP('',(#2420,#2443,#2469,#2470));
#2420 = ORIENTED_EDGE('',*,*,#2421,.F.);
#2421 = EDGE_CURVE('',#2422,#702,#2424,.T.);
#2422 = VERTEX_POINT('',#2423);
#2423 = CARTESIAN_POINT('',(28.9,26.3,4.));
#2424 = SURFACE_CURVE('',#2425,(#2429,#2436),.PCURVE_S1.);
#2425 = LINE('',#2426,#2427);
#2426 = CARTESIAN_POINT('',(28.9,26.3,4.));
#2427 = VECTOR('',#2428,1.);
#2428 = DIRECTION('',(0.,0.,1.));
#2429 = PCURVE('',#744,#2430);
#2430 = DEFINITIONAL_REPRESENTATION('',(#2431),#2435);
#2431 = LINE('',#2432,#2433);
#2432 = CARTESIAN_POINT('',(-0.,0.));
#2433 = VECTOR('',#2434,1.);
#2434 = DIRECTION('',(-0.,1.));
#2435 = ( GEOMETRIC_REPRESENTATION_CONTEXT(2) 
PARAMETRIC_REPRESENTATION_CONTEXT() REPRESENTATION_CONTEXT('2D SPACE',''
  ) );
#2436 = PCURVE('',#716,#2437);
#2437 = DEFINITIONAL_REPRESENTATION('',(#2438),#2442);
#2438 = LINE('',#2439,#2440);
#2439 = CARTESIAN_POINT('',(0.,-1.));
#2440 = VECTOR('',#2441,1.);
#2441 = DIRECTION('',(1.,0.));
#2442 = ( GEOMETRIC_REPRESENTATION_CONTEXT(2) 
PARAMETRIC_REPRESENTATION_CONTEXT() REPRESENTATION_CONTEXT('2D SPACE',''
  ) );
#2443 = ORIENTED_EDGE('',*,*,#2444,.T.);
#2444 = EDGE_CURVE('',#2422,#2373,#2445,.T.);
#2445 = SURFACE_CURVE('',#2446,(#2451,#2458),.PCURVE_S1.);
#2446 = CIRCLE('',#2447,1.);
#2447 = AXIS2_PLACEMENT_3D('',#2448,#2449,#2450);
#2448 = CARTESIAN_POINT('',(27.9,26.3,4.));
#2449 = DIRECTION('',(-0.,-0.,-1.));
#2450 = DIRECTION('',(0.,-1.,0.));
#2451 = PCURVE('',#744,#2452);
#2452 = DEFINITIONAL_REPRESENTATION('',(#2453),#2457);
#2453 = LINE('',#2454,#2455);
#2454 = CARTESIAN_POINT('',(4.712388980385,-0.));
#2455 = VECTOR('',#2456,1.);
#2456 = DIRECTION('',(-1.,0.));
#2457 = ( GEOMETRIC_REPRESENTATION_CONTEXT(2) 
PARAMETRIC_REPRESENTATION_CONTEXT() REPRESENTATION_CONTEXT('2D SPACE',''
  ) );
#2458 = PCURVE('',#2335,#2459);
#2459 = DEFINITIONAL_REPRESENTATION('',(#2460),#2468);
#2460 = ( BOUNDED_CURVE() B_SPLINE_CURVE(2,(#2461,#2462,#2463,#2464,
#2465,#2466,#2467),.UNSPECIFIED.,.T.,.F.) B_SPLINE_CURVE_WITH_KNOTS((1,2
    ,2,2,2,1),(-2.094395102393,0.,2.094395102393,4.188790204786,
6.28318530718,8.377580409573),.UNSPECIFIED.) CURVE() 
GEOMETRIC_REPRESENTATION_ITEM() RATIONAL_B_SPLINE_CURVE((1.,0.5,1.,0.5,
1.,0.5,1.)) REPRESENTATION_ITEM('') );
#2461 = CARTESIAN_POINT('',(25.1,0.));
#2462 = CARTESIAN_POINT('',(23.367949192431,0.));
#2463 = CARTESIAN_POINT('',(24.233974596216,1.5));
#2464 = CARTESIAN_POINT('',(25.1,3.));
#2465 = CARTESIAN_POINT('',(25.966025403784,1.5));
#2466 = CARTESIAN_POINT('',(26.832050807569,1.665334536938E-15));
#2467 = CARTESIAN_POINT('',(25.1,0.));
#2468 = ( GEOMETRIC_REPRESENTATION_CONTEXT(2) 
PARAMETRIC_REPRESENTATION_CONTEXT() REPRESENTATION_CONTEXT('2D SPACE',''
  ) );
#2469 = ORIENTED_EDGE('',*,*,#2397,.T.);
#2470 = ORIENTED_EDGE('',*,*,#727,.T.);
#2471 = ADVANCED_FACE('',(#2472),#716,.F.);
#2472 = FACE_BOUND('',#2473,.F.);
#2473 = EDGE_LOOP('',(#2474,#2475,#2476,#2499));
#2474 = ORIENTED_EDGE('',*,*,#701,.F.);
#2475 = ORIENTED_EDGE('',*,*,#2421,.F.);
#2476 = ORIENTED_EDGE('',*,*,#2477,.T.);
#2477 = EDGE_CURVE('',#2422,#2478,#2480,.T.);
#2478 = VERTEX_POINT('',#2479);
#2479 = CARTESIAN_POINT('',(28.9,42.8,4.));
#2480 = SURFACE_CURVE('',#2481,(#2485,#2492),.PCURVE_S1.);
#2481 = LINE('',#2482,#2483);
#2482 = CARTESIAN_POINT('',(28.9,25.3,4.));
#2483 = VECTOR('',#2484,1.);
#2484 = DIRECTION('',(-0.,1.,0.));
#2485 = PCURVE('',#716,#2486);
#2486 = DEFINITIONAL_REPRESENTATION('',(#2487),#2491);
#2487 = LINE('',#2488,#2489);
#2488 = CARTESIAN_POINT('',(0.,0.));
#2489 = VECTOR('',#2490,1.);
#2490 = DIRECTION('',(0.,-1.));
#2491 = ( GEOMETRIC_REPRESENTATION_CONTEXT(2) 
PARAMETRIC_REPRESENTATION_CONTEXT() REPRESENTATION_CONTEXT('2D SPACE',''
  ) );
#2492 = PCURVE('',#2335,#2493);
#2493 = DEFINITIONAL_REPRESENTATION('',(#2494),#2498);
#2494 = LINE('',#2495,#2496);
#2495 = CARTESIAN_POINT('',(26.1,0.));
#2496 = VECTOR('',#2497,1.);
#2497 = DIRECTION('',(0.,1.));
#2498 = ( GEOMETRIC_REPRESENTATION_CONTEXT(2) 
PARAMETRIC_REPRESENTATION_CONTEXT() REPRESENTATION_CONTEXT('2D SPACE',''
  ) );
#2499 = ORIENTED_EDGE('',*,*,#2500,.T.);
#2500 = EDGE_CURVE('',#2478,#673,#2501,.T.);
#2501 = SURFACE_CURVE('',#2502,(#2506,#2513),.PCURVE_S1.);
#2502 = LINE('',#2503,#2504);
#2503 = CARTESIAN_POINT('',(28.9,42.8,4.));
#2504 = VECTOR('',#2505,1.);
#2505 = DIRECTION('',(0.,0.,1.));
#2506 = PCURVE('',#716,#2507);
#2507 = DEFINITIONAL_REPRESENTATION('',(#2508),#2512);
#2508 = LINE('',#2509,#2510);
#2509 = CARTESIAN_POINT('',(0.,-17.5));
#2510 = VECTOR('',#2511,1.);
#2511 = DIRECTION('',(1.,0.));
#2512 = ( GEOMETRIC_REPRESENTATION_CONTEXT(2) 
PARAMETRIC_REPRESENTATION_CONTEXT() REPRESENTATION_CONTEXT('2D SPACE',''
  ) );
#2513 = PCURVE('',#689,#2514);
#2514 = DEFINITIONAL_REPRESENTATION('',(#2515),#2519);
#2515 = LINE('',#2516,#2517);
#2516 = CARTESIAN_POINT('',(0.,0.));
#2517 = VECTOR('',#2518,1.);
#2518 = DIRECTION('',(0.,1.));
#2519 = ( GEOMETRIC_REPRESENTATION_CONTEXT(2) 
PARAMETRIC_REPRESENTATION_CONTEXT() REPRESENTATION_CONTEXT('2D SPACE',''
  ) );
#2520 = ADVANCED_FACE('',(#2521),#689,.F.);
#2521 = FACE_BOUND('',#2522,.F.);
#2522 = EDGE_LOOP('',(#2523,#2524,#2548,#2569));
#2523 = ORIENTED_EDGE('',*,*,#2500,.F.);
#2524 = ORIENTED_EDGE('',*,*,#2525,.T.);
#2525 = EDGE_CURVE('',#2478,#2526,#2528,.T.);
#2526 = VERTEX_POINT('',#2527);
#2527 = CARTESIAN_POINT('',(27.9,43.8,4.));
#2528 = SURFACE_CURVE('',#2529,(#2534,#2541),.PCURVE_S1.);
#2529 = CIRCLE('',#2530,1.);
#2530 = AXIS2_PLACEMENT_3D('',#2531,#2532,#2533);
#2531 = CARTESIAN_POINT('',(27.9,42.8,4.));
#2532 = DIRECTION('',(0.,0.,1.));
#2533 = DIRECTION('',(0.,-1.,0.));
#2534 = PCURVE('',#689,#2535);
#2535 = DEFINITIONAL_REPRESENTATION('',(#2536),#2540);
#2536 = LINE('',#2537,#2538);
#2537 = CARTESIAN_POINT('',(-1.570796326795,0.));
#2538 = VECTOR('',#2539,1.);
#2539 = DIRECTION('',(1.,0.));
#2540 = ( GEOMETRIC_REPRESENTATION_CONTEXT(2) 
PARAMETRIC_REPRESENTATION_CONTEXT() REPRESENTATION_CONTEXT('2D SPACE',''
  ) );
#2541 = PCURVE('',#2335,#2542);
#2542 = DEFINITIONAL_REPRESENTATION('',(#2543),#2547);
#2543 = CIRCLE('',#2544,1.);
#2544 = AXIS2_PLACEMENT_2D('',#2545,#2546);
#2545 = CARTESIAN_POINT('',(25.1,17.5));
#2546 = DIRECTION('',(0.,-1.));
#2547 = ( GEOMETRIC_REPRESENTATION_CONTEXT(2) 
PARAMETRIC_REPRESENTATION_CONTEXT() REPRESENTATION_CONTEXT('2D SPACE',''
  ) );
#2548 = ORIENTED_EDGE('',*,*,#2549,.T.);
#2549 = EDGE_CURVE('',#2526,#647,#2550,.T.);
#2550 = SURFACE_CURVE('',#2551,(#2555,#2562),.PCURVE_S1.);
#2551 = LINE('',#2552,#2553);
#2552 = CARTESIAN_POINT('',(27.9,43.8,4.));
#2553 = VECTOR('',#2554,1.);
#2554 = DIRECTION('',(0.,0.,1.));
#2555 = PCURVE('',#689,#2556);
#2556 = DEFINITIONAL_REPRESENTATION('',(#2557),#2561);
#2557 = LINE('',#2558,#2559);
#2558 = CARTESIAN_POINT('',(1.570796326795,0.));
#2559 = VECTOR('',#2560,1.);
#2560 = DIRECTION('',(0.,1.));
#2561 = ( GEOMETRIC_REPRESENTATION_CONTEXT(2) 
PARAMETRIC_REPRESENTATION_CONTEXT() REPRESENTATION_CONTEXT('2D SPACE',''
  ) );
#2562 = PCURVE('',#661,#2563);
#2563 = DEFINITIONAL_REPRESENTATION('',(#2564),#2568);
#2564 = LINE('',#2565,#2566);
#2565 = CARTESIAN_POINT('',(0.,25.1));
#2566 = VECTOR('',#2567,1.);
#2567 = DIRECTION('',(1.,0.));
#2568 = ( GEOMETRIC_REPRESENTATION_CONTEXT(2) 
PARAMETRIC_REPRESENTATION_CONTEXT() REPRESENTATION_CONTEXT('2D SPACE',''
  ) );
#2569 = ORIENTED_EDGE('',*,*,#672,.F.);
#2570 = ADVANCED_FACE('',(#2571),#661,.F.);
#2571 = FACE_BOUND('',#2572,.F.);
#2572 = EDGE_LOOP('',(#2573,#2598,#2619,#2620,#2621,#2644,#2665,#2686));
#2573 = ORIENTED_EDGE('',*,*,#2574,.F.);
#2574 = EDGE_CURVE('',#2575,#2577,#2579,.T.);
#2575 = VERTEX_POINT('',#2576);
#2576 = CARTESIAN_POINT('',(3.8,43.8,4.));
#2577 = VERTEX_POINT('',#2578);
#2578 = CARTESIAN_POINT('',(12.85,43.8,4.));
#2579 = SURFACE_CURVE('',#2580,(#2584,#2591),.PCURVE_S1.);
#2580 = LINE('',#2581,#2582);
#2581 = CARTESIAN_POINT('',(2.8,43.8,4.));
#2582 = VECTOR('',#2583,1.);
#2583 = DIRECTION('',(1.,0.,-0.));
#2584 = PCURVE('',#661,#2585);
#2585 = DEFINITIONAL_REPRESENTATION('',(#2586),#2590);
#2586 = LINE('',#2587,#2588);
#2587 = CARTESIAN_POINT('',(0.,0.));
#2588 = VECTOR('',#2589,1.);
#2589 = DIRECTION('',(0.,1.));
#2590 = ( GEOMETRIC_REPRESENTATION_CONTEXT(2) 
PARAMETRIC_REPRESENTATION_CONTEXT() REPRESENTATION_CONTEXT('2D SPACE',''
  ) );
#2591 = PCURVE('',#2335,#2592);
#2592 = DEFINITIONAL_REPRESENTATION('',(#2593),#2597);
#2593 = LINE('',#2594,#2595);
#2594 = CARTESIAN_POINT('',(0.,18.5));
#2595 = VECTOR('',#2596,1.);
#2596 = DIRECTION('',(1.,0.));
#2597 = ( GEOMETRIC_REPRESENTATION_CONTEXT(2) 
PARAMETRIC_REPRESENTATION_CONTEXT() REPRESENTATION_CONTEXT('2D SPACE',''
  ) );
#2598 = ORIENTED_EDGE('',*,*,#2599,.T.);
#2599 = EDGE_CURVE('',#2575,#618,#2600,.T.);
#2600 = SURFACE_CURVE('',#2601,(#2605,#2612),.PCURVE_S1.);
#2601 = LINE('',#2602,#2603);
#2602 = CARTESIAN_POINT('',(3.8,43.8,4.));
#2603 = VECTOR('',#2604,1.);
#2604 = DIRECTION('',(0.,0.,1.));
#2605 = PCURVE('',#661,#2606);
#2606 = DEFINITIONAL_REPRESENTATION('',(#2607),#2611);
#2607 = LINE('',#2608,#2609);
#2608 = CARTESIAN_POINT('',(0.,1.));
#2609 = VECTOR('',#2610,1.);
#2610 = DIRECTION('',(1.,0.));
#2611 = ( GEOMETRIC_REPRESENTATION_CONTEXT(2) 
PARAMETRIC_REPRESENTATION_CONTEXT() REPRESENTATION_CONTEXT('2D SPACE',''
  ) );
#2612 = PCURVE('',#634,#2613);
#2613 = DEFINITIONAL_REPRESENTATION('',(#2614),#2618);
#2614 = LINE('',#2615,#2616);
#2615 = CARTESIAN_POINT('',(-1.570796326795,0.));
#2616 = VECTOR('',#2617,1.);
#2617 = DIRECTION('',(-0.,1.));
#2618 = ( GEOMETRIC_REPRESENTATION_CONTEXT(2) 
PARAMETRIC_REPRESENTATION_CONTEXT() REPRESENTATION_CONTEXT('2D SPACE',''
  ) );
#2619 = ORIENTED_EDGE('',*,*,#646,.F.);
#2620 = ORIENTED_EDGE('',*,*,#2549,.F.);
#2621 = ORIENTED_EDGE('',*,*,#2622,.F.);
#2622 = EDGE_CURVE('',#2623,#2526,#2625,.T.);
#2623 = VERTEX_POINT('',#2624);
#2624 = CARTESIAN_POINT('',(18.85,43.8,4.));
#2625 = SURFACE_CURVE('',#2626,(#2630,#2637),.PCURVE_S1.);
#2626 = LINE('',#2627,#2628);
#2627 = CARTESIAN_POINT('',(2.8,43.8,4.));
#2628 = VECTOR('',#2629,1.);
#2629 = DIRECTION('',(1.,0.,-0.));
#2630 = PCURVE('',#661,#2631);
#2631 = DEFINITIONAL_REPRESENTATION('',(#2632),#2636);
#2632 = LINE('',#2633,#2634);
#2633 = CARTESIAN_POINT('',(0.,0.));
#2634 = VECTOR('',#2635,1.);
#2635 = DIRECTION('',(0.,1.));
#2636 = ( GEOMETRIC_REPRESENTATION_CONTEXT(2) 
PARAMETRIC_REPRESENTATION_CONTEXT() REPRESENTATION_CONTEXT('2D SPACE',''
  ) );
#2637 = PCURVE('',#2335,#2638);
#2638 = DEFINITIONAL_REPRESENTATION('',(#2639),#2643);
#2639 = LINE('',#2640,#2641);
#2640 = CARTESIAN_POINT('',(0.,18.5));
#2641 = VECTOR('',#2642,1.);
#2642 = DIRECTION('',(1.,0.));
#2643 = ( GEOMETRIC_REPRESENTATION_CONTEXT(2) 
PARAMETRIC_REPRESENTATION_CONTEXT() REPRESENTATION_CONTEXT('2D SPACE',''
  ) );
#2644 = ORIENTED_EDGE('',*,*,#2645,.F.);
#2645 = EDGE_CURVE('',#2646,#2623,#2648,.T.);
#2646 = VERTEX_POINT('',#2647);
#2647 = CARTESIAN_POINT('',(18.85,43.8,7.5));
#2648 = SURFACE_CURVE('',#2649,(#2653,#2659),.PCURVE_S1.);
#2649 = LINE('',#2650,#2651);
#2650 = CARTESIAN_POINT('',(18.85,43.8,4.));
#2651 = VECTOR('',#2652,1.);
#2652 = DIRECTION('',(-0.,0.,-1.));
#2653 = PCURVE('',#661,#2654);
#2654 = DEFINITIONAL_REPRESENTATION('',(#2655),#2658);
#2655 = B_SPLINE_CURVE_WITH_KNOTS('',1,(#2656,#2657),.UNSPECIFIED.,.F.,
  .F.,(2,2),(-3.5,0.),.PIECEWISE_BEZIER_KNOTS.);
#2656 = CARTESIAN_POINT('',(3.5,16.05));
#2657 = CARTESIAN_POINT('',(0.,16.05));
#2658 = ( GEOMETRIC_REPRESENTATION_CONTEXT(2) 
PARAMETRIC_REPRESENTATION_CONTEXT() REPRESENTATION_CONTEXT('2D SPACE',''
  ) );
#2659 = PCURVE('',#1552,#2660);
#2660 = DEFINITIONAL_REPRESENTATION('',(#2661),#2664);
#2661 = B_SPLINE_CURVE_WITH_KNOTS('',1,(#2662,#2663),.UNSPECIFIED.,.F.,
  .F.,(2,2),(-3.5,0.),.PIECEWISE_BEZIER_KNOTS.);
#2662 = CARTESIAN_POINT('',(3.5,-1.));
#2663 = CARTESIAN_POINT('',(0.,-1.));
#2664 = ( GEOMETRIC_REPRESENTATION_CONTEXT(2) 
PARAMETRIC_REPRESENTATION_CONTEXT() REPRESENTATION_CONTEXT('2D SPACE',''
  ) );
#2665 = ORIENTED_EDGE('',*,*,#2666,.F.);
#2666 = EDGE_CURVE('',#2667,#2646,#2669,.T.);
#2667 = VERTEX_POINT('',#2668);
#2668 = CARTESIAN_POINT('',(12.85,43.8,7.5));
#2669 = SURFACE_CURVE('',#2670,(#2674,#2680),.PCURVE_S1.);
#2670 = LINE('',#2671,#2672);
#2671 = CARTESIAN_POINT('',(7.825,43.8,7.5));
#2672 = VECTOR('',#2673,1.);
#2673 = DIRECTION('',(1.,0.,-0.));
#2674 = PCURVE('',#661,#2675);
#2675 = DEFINITIONAL_REPRESENTATION('',(#2676),#2679);
#2676 = B_SPLINE_CURVE_WITH_KNOTS('',1,(#2677,#2678),.UNSPECIFIED.,.F.,
  .F.,(2,2),(5.025,11.025),.PIECEWISE_BEZIER_KNOTS.);
#2677 = CARTESIAN_POINT('',(3.5,10.05));
#2678 = CARTESIAN_POINT('',(3.5,16.05));
#2679 = ( GEOMETRIC_REPRESENTATION_CONTEXT(2) 
PARAMETRIC_REPRESENTATION_CONTEXT() REPRESENTATION_CONTEXT('2D SPACE',''
  ) );
#2680 = PCURVE('',#1476,#2681);
#2681 = DEFINITIONAL_REPRESENTATION('',(#2682),#2685);
#2682 = B_SPLINE_CURVE_WITH_KNOTS('',1,(#2683,#2684),.UNSPECIFIED.,.F.,
  .F.,(2,2),(5.025,11.025),.PIECEWISE_BEZIER_KNOTS.);
#2683 = CARTESIAN_POINT('',(0.,1.));
#2684 = CARTESIAN_POINT('',(6.,1.));
#2685 = ( GEOMETRIC_REPRESENTATION_CONTEXT(2) 
PARAMETRIC_REPRESENTATION_CONTEXT() REPRESENTATION_CONTEXT('2D SPACE',''
  ) );
#2686 = ORIENTED_EDGE('',*,*,#2687,.T.);
#2687 = EDGE_CURVE('',#2667,#2577,#2688,.T.);
#2688 = SURFACE_CURVE('',#2689,(#2693,#2699),.PCURVE_S1.);
#2689 = LINE('',#2690,#2691);
#2690 = CARTESIAN_POINT('',(12.85,43.8,4.));
#2691 = VECTOR('',#2692,1.);
#2692 = DIRECTION('',(-0.,0.,-1.));
#2693 = PCURVE('',#661,#2694);
#2694 = DEFINITIONAL_REPRESENTATION('',(#2695),#2698);
#2695 = B_SPLINE_CURVE_WITH_KNOTS('',1,(#2696,#2697),.UNSPECIFIED.,.F.,
  .F.,(2,2),(-3.5,0.),.PIECEWISE_BEZIER_KNOTS.);
#2696 = CARTESIAN_POINT('',(3.5,10.05));
#2697 = CARTESIAN_POINT('',(0.,10.05));
#2698 = ( GEOMETRIC_REPRESENTATION_CONTEXT(2) 
PARAMETRIC_REPRESENTATION_CONTEXT() REPRESENTATION_CONTEXT('2D SPACE',''
  ) );
#2699 = PCURVE('',#1502,#2700);
#2700 = DEFINITIONAL_REPRESENTATION('',(#2701),#2704);
#2701 = B_SPLINE_CURVE_WITH_KNOTS('',1,(#2702,#2703),.UNSPECIFIED.,.F.,
  .F.,(2,2),(-3.5,0.),.PIECEWISE_BEZIER_KNOTS.);
#2702 = CARTESIAN_POINT('',(3.5,-1.));
#2703 = CARTESIAN_POINT('',(0.,-1.));
#2704 = ( GEOMETRIC_REPRESENTATION_CONTEXT(2) 
PARAMETRIC_REPRESENTATION_CONTEXT() REPRESENTATION_CONTEXT('2D SPACE',''
  ) );
#2705 = ADVANCED_FACE('',(#2706),#634,.F.);
#2706 = FACE_BOUND('',#2707,.T.);
#2707 = EDGE_LOOP('',(#2708,#2731,#2757,#2758));
#2708 = ORIENTED_EDGE('',*,*,#2709,.F.);
#2709 = EDGE_CURVE('',#2710,#592,#2712,.T.);
#2710 = VERTEX_POINT('',#2711);
#2711 = CARTESIAN_POINT('',(2.8,42.8,4.));
#2712 = SURFACE_CURVE('',#2713,(#2717,#2724),.PCURVE_S1.);
#2713 = LINE('',#2714,#2715);
#2714 = CARTESIAN_POINT('',(2.8,42.8,4.));
#2715 = VECTOR('',#2716,1.);
#2716 = DIRECTION('',(0.,0.,1.));
#2717 = PCURVE('',#634,#2718);
#2718 = DEFINITIONAL_REPRESENTATION('',(#2719),#2723);
#2719 = LINE('',#2720,#2721);
#2720 = CARTESIAN_POINT('',(-0.,0.));
#2721 = VECTOR('',#2722,1.);
#2722 = DIRECTION('',(-0.,1.));
#2723 = ( GEOMETRIC_REPRESENTATION_CONTEXT(2) 
PARAMETRIC_REPRESENTATION_CONTEXT() REPRESENTATION_CONTEXT('2D SPACE',''
  ) );
#2724 = PCURVE('',#606,#2725);
#2725 = DEFINITIONAL_REPRESENTATION('',(#2726),#2730);
#2726 = LINE('',#2727,#2728);
#2727 = CARTESIAN_POINT('',(0.,-17.5));
#2728 = VECTOR('',#2729,1.);
#2729 = DIRECTION('',(1.,0.));
#2730 = ( GEOMETRIC_REPRESENTATION_CONTEXT(2) 
PARAMETRIC_REPRESENTATION_CONTEXT() REPRESENTATION_CONTEXT('2D SPACE',''
  ) );
#2731 = ORIENTED_EDGE('',*,*,#2732,.T.);
#2732 = EDGE_CURVE('',#2710,#2575,#2733,.T.);
#2733 = SURFACE_CURVE('',#2734,(#2739,#2746),.PCURVE_S1.);
#2734 = CIRCLE('',#2735,1.);
#2735 = AXIS2_PLACEMENT_3D('',#2736,#2737,#2738);
#2736 = CARTESIAN_POINT('',(3.8,42.8,4.));
#2737 = DIRECTION('',(-0.,-0.,-1.));
#2738 = DIRECTION('',(0.,-1.,0.));
#2739 = PCURVE('',#634,#2740);
#2740 = DEFINITIONAL_REPRESENTATION('',(#2741),#2745);
#2741 = LINE('',#2742,#2743);
#2742 = CARTESIAN_POINT('',(1.570796326795,-0.));
#2743 = VECTOR('',#2744,1.);
#2744 = DIRECTION('',(-1.,0.));
#2745 = ( GEOMETRIC_REPRESENTATION_CONTEXT(2) 
PARAMETRIC_REPRESENTATION_CONTEXT() REPRESENTATION_CONTEXT('2D SPACE',''
  ) );
#2746 = PCURVE('',#2335,#2747);
#2747 = DEFINITIONAL_REPRESENTATION('',(#2748),#2756);
#2748 = ( BOUNDED_CURVE() B_SPLINE_CURVE(2,(#2749,#2750,#2751,#2752,
#2753,#2754,#2755),.UNSPECIFIED.,.T.,.F.) B_SPLINE_CURVE_WITH_KNOTS((1,2
    ,2,2,2,1),(-2.094395102393,0.,2.094395102393,4.188790204786,
6.28318530718,8.377580409573),.UNSPECIFIED.) CURVE() 
GEOMETRIC_REPRESENTATION_ITEM() RATIONAL_B_SPLINE_CURVE((1.,0.5,1.,0.5,
1.,0.5,1.)) REPRESENTATION_ITEM('') );
#2749 = CARTESIAN_POINT('',(1.,16.5));
#2750 = CARTESIAN_POINT('',(-0.732050807569,16.5));
#2751 = CARTESIAN_POINT('',(0.133974596216,18.));
#2752 = CARTESIAN_POINT('',(1.,19.5));
#2753 = CARTESIAN_POINT('',(1.866025403784,18.));
#2754 = CARTESIAN_POINT('',(2.732050807569,16.5));
#2755 = CARTESIAN_POINT('',(1.,16.5));
#2756 = ( GEOMETRIC_REPRESENTATION_CONTEXT(2) 
PARAMETRIC_REPRESENTATION_CONTEXT() REPRESENTATION_CONTEXT('2D SPACE',''
  ) );
#2757 = ORIENTED_EDGE('',*,*,#2599,.T.);
#2758 = ORIENTED_EDGE('',*,*,#617,.T.);
#2759 = ADVANCED_FACE('',(#2760),#606,.T.);
#2760 = FACE_BOUND('',#2761,.T.);
#2761 = EDGE_LOOP('',(#2762,#2763,#2764,#2785));
#2762 = ORIENTED_EDGE('',*,*,#591,.F.);
#2763 = ORIENTED_EDGE('',*,*,#2295,.F.);
#2764 = ORIENTED_EDGE('',*,*,#2765,.T.);
#2765 = EDGE_CURVE('',#2296,#2710,#2766,.T.);
#2766 = SURFACE_CURVE('',#2767,(#2771,#2778),.PCURVE_S1.);
#2767 = LINE('',#2768,#2769);
#2768 = CARTESIAN_POINT('',(2.8,25.3,4.));
#2769 = VECTOR('',#2770,1.);
#2770 = DIRECTION('',(-0.,1.,0.));
#2771 = PCURVE('',#606,#2772);
#2772 = DEFINITIONAL_REPRESENTATION('',(#2773),#2777);
#2773 = LINE('',#2774,#2775);
#2774 = CARTESIAN_POINT('',(0.,0.));
#2775 = VECTOR('',#2776,1.);
#2776 = DIRECTION('',(0.,-1.));
#2777 = ( GEOMETRIC_REPRESENTATION_CONTEXT(2) 
PARAMETRIC_REPRESENTATION_CONTEXT() REPRESENTATION_CONTEXT('2D SPACE',''
  ) );
#2778 = PCURVE('',#2335,#2779);
#2779 = DEFINITIONAL_REPRESENTATION('',(#2780),#2784);
#2780 = LINE('',#2781,#2782);
#2781 = CARTESIAN_POINT('',(0.,0.));
#2782 = VECTOR('',#2783,1.);
#2783 = DIRECTION('',(0.,1.));
#2784 = ( GEOMETRIC_REPRESENTATION_CONTEXT(2) 
PARAMETRIC_REPRESENTATION_CONTEXT() REPRESENTATION_CONTEXT('2D SPACE',''
  ) );
#2785 = ORIENTED_EDGE('',*,*,#2709,.T.);
#2786 = ADVANCED_FACE('',(#2787),#800,.T.);
#2787 = FACE_BOUND('',#2788,.T.);
#2788 = EDGE_LOOP('',(#2789,#2790,#2819,#2840));
#2789 = ORIENTED_EDGE('',*,*,#783,.F.);
#2790 = ORIENTED_EDGE('',*,*,#2791,.T.);
#2791 = EDGE_CURVE('',#784,#2792,#2794,.T.);
#2792 = VERTEX_POINT('',#2793);
#2793 = CARTESIAN_POINT('',(0.,46.6,0.));
#2794 = SURFACE_CURVE('',#2795,(#2800,#2807),.PCURVE_S1.);
#2795 = CIRCLE('',#2796,2.);
#2796 = AXIS2_PLACEMENT_3D('',#2797,#2798,#2799);
#2797 = CARTESIAN_POINT('',(0.,44.6,0.));
#2798 = DIRECTION('',(0.,0.,1.));
#2799 = DIRECTION('',(0.,-1.,0.));
#2800 = PCURVE('',#800,#2801);
#2801 = DEFINITIONAL_REPRESENTATION('',(#2802),#2806);
#2802 = LINE('',#2803,#2804);
#2803 = CARTESIAN_POINT('',(-1.570796326795,0.));
#2804 = VECTOR('',#2805,1.);
#2805 = DIRECTION('',(1.,0.));
#2806 = ( GEOMETRIC_REPRESENTATION_CONTEXT(2) 
PARAMETRIC_REPRESENTATION_CONTEXT() REPRESENTATION_CONTEXT('2D SPACE',''
  ) );
#2807 = PCURVE('',#2808,#2813);
#2808 = PLANE('',#2809);
#2809 = AXIS2_PLACEMENT_3D('',#2810,#2811,#2812);
#2810 = CARTESIAN_POINT('',(-7.5,0.,0.));
#2811 = DIRECTION('',(0.,0.,1.));
#2812 = DIRECTION('',(1.,0.,-0.));
#2813 = DEFINITIONAL_REPRESENTATION('',(#2814),#2818);
#2814 = CIRCLE('',#2815,2.);
#2815 = AXIS2_PLACEMENT_2D('',#2816,#2817);
#2816 = CARTESIAN_POINT('',(7.5,44.6));
#2817 = DIRECTION('',(0.,-1.));
#2818 = ( GEOMETRIC_REPRESENTATION_CONTEXT(2) 
PARAMETRIC_REPRESENTATION_CONTEXT() REPRESENTATION_CONTEXT('2D SPACE',''
  ) );
#2819 = ORIENTED_EDGE('',*,*,#2820,.T.);
#2820 = EDGE_CURVE('',#2792,#1037,#2821,.T.);
#2821 = SURFACE_CURVE('',#2822,(#2826,#2833),.PCURVE_S1.);
#2822 = LINE('',#2823,#2824);
#2823 = CARTESIAN_POINT('',(0.,46.6,0.));
#2824 = VECTOR('',#2825,1.);
#2825 = DIRECTION('',(0.,0.,1.));
#2826 = PCURVE('',#800,#2827);
#2827 = DEFINITIONAL_REPRESENTATION('',(#2828),#2832);
#2828 = LINE('',#2829,#2830);
#2829 = CARTESIAN_POINT('',(1.570796326795,0.));
#2830 = VECTOR('',#2831,1.);
#2831 = DIRECTION('',(0.,1.));
#2832 = ( GEOMETRIC_REPRESENTATION_CONTEXT(2) 
PARAMETRIC_REPRESENTATION_CONTEXT() REPRESENTATION_CONTEXT('2D SPACE',''
  ) );
#2833 = PCURVE('',#1076,#2834);
#2834 = DEFINITIONAL_REPRESENTATION('',(#2835),#2839);
#2835 = LINE('',#2836,#2837);
#2836 = CARTESIAN_POINT('',(0.,7.5));
#2837 = VECTOR('',#2838,1.);
#2838 = DIRECTION('',(1.,0.));
#2839 = ( GEOMETRIC_REPRESENTATION_CONTEXT(2) 
PARAMETRIC_REPRESENTATION_CONTEXT() REPRESENTATION_CONTEXT('2D SPACE',''
  ) );
#2840 = ORIENTED_EDGE('',*,*,#1036,.F.);
#2841 = ADVANCED_FACE('',(#2842,#3014,#3045,#3076,#3107,#3138,#3169,
    #3200,#3231),#828,.F.);
#2842 = FACE_BOUND('',#2843,.F.);
#2843 = EDGE_LOOP('',(#2844,#2874,#2904,#2905,#2906,#2907,#2936,#2959,
    #2989,#2990,#2991,#2992));
#2844 = ORIENTED_EDGE('',*,*,#2845,.F.);
#2845 = EDGE_CURVE('',#2846,#2848,#2850,.T.);
#2846 = VERTEX_POINT('',#2847);
#2847 = CARTESIAN_POINT('',(2.,2.,0.));
#2848 = VERTEX_POINT('',#2849);
#2849 = CARTESIAN_POINT('',(2.,44.6,0.));
#2850 = SURFACE_CURVE('',#2851,(#2855,#2862),.PCURVE_S1.);
#2851 = LINE('',#2852,#2853);
#2852 = CARTESIAN_POINT('',(2.,0.,0.));
#2853 = VECTOR('',#2854,1.);
#2854 = DIRECTION('',(-0.,1.,0.));
#2855 = PCURVE('',#828,#2856);
#2856 = DEFINITIONAL_REPRESENTATION('',(#2857),#2861);
#2857 = LINE('',#2858,#2859);
#2858 = CARTESIAN_POINT('',(2.,0.));
#2859 = VECTOR('',#2860,1.);
#2860 = DIRECTION('',(0.,1.));
#2861 = ( GEOMETRIC_REPRESENTATION_CONTEXT(2) 
PARAMETRIC_REPRESENTATION_CONTEXT() REPRESENTATION_CONTEXT('2D SPACE',''
  ) );
#2862 = PCURVE('',#2863,#2868);
#2863 = PLANE('',#2864);
#2864 = AXIS2_PLACEMENT_3D('',#2865,#2866,#2867);
#2865 = CARTESIAN_POINT('',(0.,0.,0.));
#2866 = DIRECTION('',(0.,0.,1.));
#2867 = DIRECTION('',(1.,0.,-0.));
#2868 = DEFINITIONAL_REPRESENTATION('',(#2869),#2873);
#2869 = LINE('',#2870,#2871);
#2870 = CARTESIAN_POINT('',(2.,0.));
#2871 = VECTOR('',#2872,1.);
#2872 = DIRECTION('',(0.,1.));
#2873 = ( GEOMETRIC_REPRESENTATION_CONTEXT(2) 
PARAMETRIC_REPRESENTATION_CONTEXT() REPRESENTATION_CONTEXT('2D SPACE',''
  ) );
#2874 = ORIENTED_EDGE('',*,*,#2875,.T.);
#2875 = EDGE_CURVE('',#2846,#1185,#2876,.T.);
#2876 = SURFACE_CURVE('',#2877,(#2882,#2893),.PCURVE_S1.);
#2877 = CIRCLE('',#2878,2.);
#2878 = AXIS2_PLACEMENT_3D('',#2879,#2880,#2881);
#2879 = CARTESIAN_POINT('',(0.,2.,0.));
#2880 = DIRECTION('',(-0.,-0.,-1.));
#2881 = DIRECTION('',(0.,-1.,0.));
#2882 = PCURVE('',#828,#2883);
#2883 = DEFINITIONAL_REPRESENTATION('',(#2884),#2892);
#2884 = ( BOUNDED_CURVE() B_SPLINE_CURVE(2,(#2885,#2886,#2887,#2888,
#2889,#2890,#2891),.UNSPECIFIED.,.T.,.F.) B_SPLINE_CURVE_WITH_KNOTS((1,2
    ,2,2,2,1),(-2.094395102393,0.,2.094395102393,4.188790204786,
6.28318530718,8.377580409573),.UNSPECIFIED.) CURVE() 
GEOMETRIC_REPRESENTATION_ITEM() RATIONAL_B_SPLINE_CURVE((1.,0.5,1.,0.5,
1.,0.5,1.)) REPRESENTATION_ITEM('') );
#2885 = CARTESIAN_POINT('',(0.,-4.440892098501E-16));
#2886 = CARTESIAN_POINT('',(-3.464101615138,-4.440892098501E-16));
#2887 = CARTESIAN_POINT('',(-1.732050807569,3.));
#2888 = CARTESIAN_POINT('',(-4.898587196589E-16,6.));
#2889 = CARTESIAN_POINT('',(1.732050807569,3.));
#2890 = CARTESIAN_POINT('',(3.464101615138,2.886579864025E-15));
#2891 = CARTESIAN_POINT('',(0.,-4.440892098501E-16));
#2892 = ( GEOMETRIC_REPRESENTATION_CONTEXT(2) 
PARAMETRIC_REPRESENTATION_CONTEXT() REPRESENTATION_CONTEXT('2D SPACE',''
  ) );
#2893 = PCURVE('',#2863,#2894);
#2894 = DEFINITIONAL_REPRESENTATION('',(#2895),#2903);
#2895 = ( BOUNDED_CURVE() B_SPLINE_CURVE(2,(#2896,#2897,#2898,#2899,
#2900,#2901,#2902),.UNSPECIFIED.,.T.,.F.) B_SPLINE_CURVE_WITH_KNOTS((1,2
    ,2,2,2,1),(-2.094395102393,0.,2.094395102393,4.188790204786,
6.28318530718,8.377580409573),.UNSPECIFIED.) CURVE() 
GEOMETRIC_REPRESENTATION_ITEM() RATIONAL_B_SPLINE_CURVE((1.,0.5,1.,0.5,
1.,0.5,1.)) REPRESENTATION_ITEM('') );
#2896 = CARTESIAN_POINT('',(0.,-4.440892098501E-16));
#2897 = CARTESIAN_POINT('',(-3.464101615138,-4.440892098501E-16));
#2898 = CARTESIAN_POINT('',(-1.732050807569,3.));
#2899 = CARTESIAN_POINT('',(-4.898587196589E-16,6.));
#2900 = CARTESIAN_POINT('',(1.732050807569,3.));
#2901 = CARTESIAN_POINT('',(3.464101615138,2.886579864025E-15));
#2902 = CARTESIAN_POINT('',(0.,-4.440892098501E-16));
#2903 = ( GEOMETRIC_REPRESENTATION_CONTEXT(2) 
PARAMETRIC_REPRESENTATION_CONTEXT() REPRESENTATION_CONTEXT('2D SPACE',''
  ) );
#2904 = ORIENTED_EDGE('',*,*,#1205,.T.);
#2905 = ORIENTED_EDGE('',*,*,#1256,.T.);
#2906 = ORIENTED_EDGE('',*,*,#1594,.F.);
#2907 = ORIENTED_EDGE('',*,*,#2908,.F.);
#2908 = EDGE_CURVE('',#2909,#1567,#2911,.T.);
#2909 = VERTEX_POINT('',#2910);
#2910 = CARTESIAN_POINT('',(29.7,2.,0.));
#2911 = SURFACE_CURVE('',#2912,(#2917,#2924),.PCURVE_S1.);
#2912 = CIRCLE('',#2913,2.);
#2913 = AXIS2_PLACEMENT_3D('',#2914,#2915,#2916);
#2914 = CARTESIAN_POINT('',(31.7,2.,0.));
#2915 = DIRECTION('',(0.,0.,1.));
#2916 = DIRECTION('',(0.,-1.,0.));
#2917 = PCURVE('',#828,#2918);
#2918 = DEFINITIONAL_REPRESENTATION('',(#2919),#2923);
#2919 = CIRCLE('',#2920,2.);
#2920 = AXIS2_PLACEMENT_2D('',#2921,#2922);
#2921 = CARTESIAN_POINT('',(31.7,2.));
#2922 = DIRECTION('',(0.,-1.));
#2923 = ( GEOMETRIC_REPRESENTATION_CONTEXT(2) 
PARAMETRIC_REPRESENTATION_CONTEXT() REPRESENTATION_CONTEXT('2D SPACE',''
  ) );
#2924 = PCURVE('',#2925,#2930);
#2925 = PLANE('',#2926);
#2926 = AXIS2_PLACEMENT_3D('',#2927,#2928,#2929);
#2927 = CARTESIAN_POINT('',(0.,0.,0.));
#2928 = DIRECTION('',(0.,0.,1.));
#2929 = DIRECTION('',(1.,0.,-0.));
#2930 = DEFINITIONAL_REPRESENTATION('',(#2931),#2935);
#2931 = CIRCLE('',#2932,2.);
#2932 = AXIS2_PLACEMENT_2D('',#2933,#2934);
#2933 = CARTESIAN_POINT('',(31.7,2.));
#2934 = DIRECTION('',(0.,-1.));
#2935 = ( GEOMETRIC_REPRESENTATION_CONTEXT(2) 
PARAMETRIC_REPRESENTATION_CONTEXT() REPRESENTATION_CONTEXT('2D SPACE',''
  ) );
#2936 = ORIENTED_EDGE('',*,*,#2937,.T.);
#2937 = EDGE_CURVE('',#2909,#2938,#2940,.T.);
#2938 = VERTEX_POINT('',#2939);
#2939 = CARTESIAN_POINT('',(29.7,44.6,0.));
#2940 = SURFACE_CURVE('',#2941,(#2945,#2952),.PCURVE_S1.);
#2941 = LINE('',#2942,#2943);
#2942 = CARTESIAN_POINT('',(29.7,0.,0.));
#2943 = VECTOR('',#2944,1.);
#2944 = DIRECTION('',(-0.,1.,0.));
#2945 = PCURVE('',#828,#2946);
#2946 = DEFINITIONAL_REPRESENTATION('',(#2947),#2951);
#2947 = LINE('',#2948,#2949);
#2948 = CARTESIAN_POINT('',(29.7,0.));
#2949 = VECTOR('',#2950,1.);
#2950 = DIRECTION('',(0.,1.));
#2951 = ( GEOMETRIC_REPRESENTATION_CONTEXT(2) 
PARAMETRIC_REPRESENTATION_CONTEXT() REPRESENTATION_CONTEXT('2D SPACE',''
  ) );
#2952 = PCURVE('',#2925,#2953);
#2953 = DEFINITIONAL_REPRESENTATION('',(#2954),#2958);
#2954 = LINE('',#2955,#2956);
#2955 = CARTESIAN_POINT('',(29.7,0.));
#2956 = VECTOR('',#2957,1.);
#2957 = DIRECTION('',(0.,1.));
#2958 = ( GEOMETRIC_REPRESENTATION_CONTEXT(2) 
PARAMETRIC_REPRESENTATION_CONTEXT() REPRESENTATION_CONTEXT('2D SPACE',''
  ) );
#2959 = ORIENTED_EDGE('',*,*,#2960,.T.);
#2960 = EDGE_CURVE('',#2938,#1676,#2961,.T.);
#2961 = SURFACE_CURVE('',#2962,(#2967,#2978),.PCURVE_S1.);
#2962 = CIRCLE('',#2963,2.);
#2963 = AXIS2_PLACEMENT_3D('',#2964,#2965,#2966);
#2964 = CARTESIAN_POINT('',(31.7,44.6,0.));
#2965 = DIRECTION('',(-0.,-0.,-1.));
#2966 = DIRECTION('',(0.,-1.,0.));
#2967 = PCURVE('',#828,#2968);
#2968 = DEFINITIONAL_REPRESENTATION('',(#2969),#2977);
#2969 = ( BOUNDED_CURVE() B_SPLINE_CURVE(2,(#2970,#2971,#2972,#2973,
#2974,#2975,#2976),.UNSPECIFIED.,.T.,.F.) B_SPLINE_CURVE_WITH_KNOTS((1,2
    ,2,2,2,1),(-2.094395102393,0.,2.094395102393,4.188790204786,
6.28318530718,8.377580409573),.UNSPECIFIED.) CURVE() 
GEOMETRIC_REPRESENTATION_ITEM() RATIONAL_B_SPLINE_CURVE((1.,0.5,1.,0.5,
1.,0.5,1.)) REPRESENTATION_ITEM('') );
#2970 = CARTESIAN_POINT('',(31.7,42.6));
#2971 = CARTESIAN_POINT('',(28.235898384862,42.6));
#2972 = CARTESIAN_POINT('',(29.967949192431,45.6));
#2973 = CARTESIAN_POINT('',(31.7,48.6));
#2974 = CARTESIAN_POINT('',(33.432050807569,45.6));
#2975 = CARTESIAN_POINT('',(35.164101615138,42.6));
#2976 = CARTESIAN_POINT('',(31.7,42.6));
#2977 = ( GEOMETRIC_REPRESENTATION_CONTEXT(2) 
PARAMETRIC_REPRESENTATION_CONTEXT() REPRESENTATION_CONTEXT('2D SPACE',''
  ) );
#2978 = PCURVE('',#2925,#2979);
#2979 = DEFINITIONAL_REPRESENTATION('',(#2980),#2988);
#2980 = ( BOUNDED_CURVE() B_SPLINE_CURVE(2,(#2981,#2982,#2983,#2984,
#2985,#2986,#2987),.UNSPECIFIED.,.T.,.F.) B_SPLINE_CURVE_WITH_KNOTS((1,2
    ,2,2,2,1),(-2.094395102393,0.,2.094395102393,4.188790204786,
6.28318530718,8.377580409573),.UNSPECIFIED.) CURVE() 
GEOMETRIC_REPRESENTATION_ITEM() RATIONAL_B_SPLINE_CURVE((1.,0.5,1.,0.5,
1.,0.5,1.)) REPRESENTATION_ITEM('') );
#2981 = CARTESIAN_POINT('',(31.7,42.6));
#2982 = CARTESIAN_POINT('',(28.235898384862,42.6));
#2983 = CARTESIAN_POINT('',(29.967949192431,45.6));
#2984 = CARTESIAN_POINT('',(31.7,48.6));
#2985 = CARTESIAN_POINT('',(33.432050807569,45.6));
#2986 = CARTESIAN_POINT('',(35.164101615138,42.6));
#2987 = CARTESIAN_POINT('',(31.7,42.6));
#2988 = ( GEOMETRIC_REPRESENTATION_CONTEXT(2) 
PARAMETRIC_REPRESENTATION_CONTEXT() REPRESENTATION_CONTEXT('2D SPACE',''
  ) );
#2989 = ORIENTED_EDGE('',*,*,#1703,.T.);
#2990 = ORIENTED_EDGE('',*,*,#1411,.F.);
#2991 = ORIENTED_EDGE('',*,*,#811,.F.);
#2992 = ORIENTED_EDGE('',*,*,#2993,.F.);
#2993 = EDGE_CURVE('',#2848,#784,#2994,.T.);
#2994 = SURFACE_CURVE('',#2995,(#3000,#3007),.PCURVE_S1.);
#2995 = CIRCLE('',#2996,2.);
#2996 = AXIS2_PLACEMENT_3D('',#2997,#2998,#2999);
#2997 = CARTESIAN_POINT('',(0.,44.6,0.));
#2998 = DIRECTION('',(0.,0.,1.));
#2999 = DIRECTION('',(0.,-1.,0.));
#3000 = PCURVE('',#828,#3001);
#3001 = DEFINITIONAL_REPRESENTATION('',(#3002),#3006);
#3002 = CIRCLE('',#3003,2.);
#3003 = AXIS2_PLACEMENT_2D('',#3004,#3005);
#3004 = CARTESIAN_POINT('',(0.,44.6));
#3005 = DIRECTION('',(0.,-1.));
#3006 = ( GEOMETRIC_REPRESENTATION_CONTEXT(2) 
PARAMETRIC_REPRESENTATION_CONTEXT() REPRESENTATION_CONTEXT('2D SPACE',''
  ) );
#3007 = PCURVE('',#2863,#3008);
#3008 = DEFINITIONAL_REPRESENTATION('',(#3009),#3013);
#3009 = CIRCLE('',#3010,2.);
#3010 = AXIS2_PLACEMENT_2D('',#3011,#3012);
#3011 = CARTESIAN_POINT('',(0.,44.6));
#3012 = DIRECTION('',(0.,-1.));
#3013 = ( GEOMETRIC_REPRESENTATION_CONTEXT(2) 
PARAMETRIC_REPRESENTATION_CONTEXT() REPRESENTATION_CONTEXT('2D SPACE',''
  ) );
#3014 = FACE_BOUND('',#3015,.F.);
#3015 = EDGE_LOOP('',(#3016));
#3016 = ORIENTED_EDGE('',*,*,#3017,.F.);
#3017 = EDGE_CURVE('',#3018,#3018,#3020,.T.);
#3018 = VERTEX_POINT('',#3019);
#3019 = CARTESIAN_POINT('',(7.39,5.7,0.));
#3020 = SURFACE_CURVE('',#3021,(#3026,#3033),.PCURVE_S1.);
#3021 = CIRCLE('',#3022,1.7);
#3022 = AXIS2_PLACEMENT_3D('',#3023,#3024,#3025);
#3023 = CARTESIAN_POINT('',(5.69,5.7,0.));
#3024 = DIRECTION('',(0.,0.,1.));
#3025 = DIRECTION('',(1.,0.,-0.));
#3026 = PCURVE('',#828,#3027);
#3027 = DEFINITIONAL_REPRESENTATION('',(#3028),#3032);
#3028 = CIRCLE('',#3029,1.7);
#3029 = AXIS2_PLACEMENT_2D('',#3030,#3031);
#3030 = CARTESIAN_POINT('',(5.69,5.7));
#3031 = DIRECTION('',(1.,0.));
#3032 = ( GEOMETRIC_REPRESENTATION_CONTEXT(2) 
PARAMETRIC_REPRESENTATION_CONTEXT() REPRESENTATION_CONTEXT('2D SPACE',''
  ) );
#3033 = PCURVE('',#3034,#3039);
#3034 = CYLINDRICAL_SURFACE('',#3035,1.7);
#3035 = AXIS2_PLACEMENT_3D('',#3036,#3037,#3038);
#3036 = CARTESIAN_POINT('',(5.69,5.7,-0.4));
#3037 = DIRECTION('',(0.,0.,1.));
#3038 = DIRECTION('',(1.,0.,-0.));
#3039 = DEFINITIONAL_REPRESENTATION('',(#3040),#3044);
#3040 = LINE('',#3041,#3042);
#3041 = CARTESIAN_POINT('',(0.,0.4));
#3042 = VECTOR('',#3043,1.);
#3043 = DIRECTION('',(1.,0.));
#3044 = ( GEOMETRIC_REPRESENTATION_CONTEXT(2) 
PARAMETRIC_REPRESENTATION_CONTEXT() REPRESENTATION_CONTEXT('2D SPACE',''
  ) );
#3045 = FACE_BOUND('',#3046,.F.);
#3046 = EDGE_LOOP('',(#3047));
#3047 = ORIENTED_EDGE('',*,*,#3048,.F.);
#3048 = EDGE_CURVE('',#3049,#3049,#3051,.T.);
#3049 = VERTEX_POINT('',#3050);
#3050 = CARTESIAN_POINT('',(7.39,18.4,0.));
#3051 = SURFACE_CURVE('',#3052,(#3057,#3064),.PCURVE_S1.);
#3052 = CIRCLE('',#3053,1.7);
#3053 = AXIS2_PLACEMENT_3D('',#3054,#3055,#3056);
#3054 = CARTESIAN_POINT('',(5.69,18.4,0.));
#3055 = DIRECTION('',(0.,0.,1.));
#3056 = DIRECTION('',(1.,0.,-0.));
#3057 = PCURVE('',#828,#3058);
#3058 = DEFINITIONAL_REPRESENTATION('',(#3059),#3063);
#3059 = CIRCLE('',#3060,1.7);
#3060 = AXIS2_PLACEMENT_2D('',#3061,#3062);
#3061 = CARTESIAN_POINT('',(5.69,18.4));
#3062 = DIRECTION('',(1.,0.));
#3063 = ( GEOMETRIC_REPRESENTATION_CONTEXT(2) 
PARAMETRIC_REPRESENTATION_CONTEXT() REPRESENTATION_CONTEXT('2D SPACE',''
  ) );
#3064 = PCURVE('',#3065,#3070);
#3065 = CYLINDRICAL_SURFACE('',#3066,1.7);
#3066 = AXIS2_PLACEMENT_3D('',#3067,#3068,#3069);
#3067 = CARTESIAN_POINT('',(5.69,18.4,-0.4));
#3068 = DIRECTION('',(0.,0.,1.));
#3069 = DIRECTION('',(1.,0.,-0.));
#3070 = DEFINITIONAL_REPRESENTATION('',(#3071),#3075);
#3071 = LINE('',#3072,#3073);
#3072 = CARTESIAN_POINT('',(0.,0.4));
#3073 = VECTOR('',#3074,1.);
#3074 = DIRECTION('',(1.,0.));
#3075 = ( GEOMETRIC_REPRESENTATION_CONTEXT(2) 
PARAMETRIC_REPRESENTATION_CONTEXT() REPRESENTATION_CONTEXT('2D SPACE',''
  ) );
#3076 = FACE_BOUND('',#3077,.F.);
#3077 = EDGE_LOOP('',(#3078));
#3078 = ORIENTED_EDGE('',*,*,#3079,.F.);
#3079 = EDGE_CURVE('',#3080,#3080,#3082,.T.);
#3080 = VERTEX_POINT('',#3081);
#3081 = CARTESIAN_POINT('',(27.71,5.7,0.));
#3082 = SURFACE_CURVE('',#3083,(#3088,#3095),.PCURVE_S1.);
#3083 = CIRCLE('',#3084,1.7);
#3084 = AXIS2_PLACEMENT_3D('',#3085,#3086,#3087);
#3085 = CARTESIAN_POINT('',(26.01,5.7,0.));
#3086 = DIRECTION('',(0.,0.,1.));
#3087 = DIRECTION('',(1.,0.,-0.));
#3088 = PCURVE('',#828,#3089);
#3089 = DEFINITIONAL_REPRESENTATION('',(#3090),#3094);
#3090 = CIRCLE('',#3091,1.7);
#3091 = AXIS2_PLACEMENT_2D('',#3092,#3093);
#3092 = CARTESIAN_POINT('',(26.01,5.7));
#3093 = DIRECTION('',(1.,0.));
#3094 = ( GEOMETRIC_REPRESENTATION_CONTEXT(2) 
PARAMETRIC_REPRESENTATION_CONTEXT() REPRESENTATION_CONTEXT('2D SPACE',''
  ) );
#3095 = PCURVE('',#3096,#3101);
#3096 = CYLINDRICAL_SURFACE('',#3097,1.7);
#3097 = AXIS2_PLACEMENT_3D('',#3098,#3099,#3100);
#3098 = CARTESIAN_POINT('',(26.01,5.7,-0.4));
#3099 = DIRECTION('',(0.,0.,1.));
#3100 = DIRECTION('',(1.,0.,-0.));
#3101 = DEFINITIONAL_REPRESENTATION('',(#3102),#3106);
#3102 = LINE('',#3103,#3104);
#3103 = CARTESIAN_POINT('',(0.,0.4));
#3104 = VECTOR('',#3105,1.);
#3105 = DIRECTION('',(1.,0.));
#3106 = ( GEOMETRIC_REPRESENTATION_CONTEXT(2) 
PARAMETRIC_REPRESENTATION_CONTEXT() REPRESENTATION_CONTEXT('2D SPACE',''
  ) );
#3107 = FACE_BOUND('',#3108,.F.);
#3108 = EDGE_LOOP('',(#3109));
#3109 = ORIENTED_EDGE('',*,*,#3110,.F.);
#3110 = EDGE_CURVE('',#3111,#3111,#3113,.T.);
#3111 = VERTEX_POINT('',#3112);
#3112 = CARTESIAN_POINT('',(27.71,18.4,0.));
#3113 = SURFACE_CURVE('',#3114,(#3119,#3126),.PCURVE_S1.);
#3114 = CIRCLE('',#3115,1.7);
#3115 = AXIS2_PLACEMENT_3D('',#3116,#3117,#3118);
#3116 = CARTESIAN_POINT('',(26.01,18.4,0.));
#3117 = DIRECTION('',(0.,0.,1.));
#3118 = DIRECTION('',(1.,0.,-0.));
#3119 = PCURVE('',#828,#3120);
#3120 = DEFINITIONAL_REPRESENTATION('',(#3121),#3125);
#3121 = CIRCLE('',#3122,1.7);
#3122 = AXIS2_PLACEMENT_2D('',#3123,#3124);
#3123 = CARTESIAN_POINT('',(26.01,18.4));
#3124 = DIRECTION('',(1.,0.));
#3125 = ( GEOMETRIC_REPRESENTATION_CONTEXT(2) 
PARAMETRIC_REPRESENTATION_CONTEXT() REPRESENTATION_CONTEXT('2D SPACE',''
  ) );
#3126 = PCURVE('',#3127,#3132);
#3127 = CYLINDRICAL_SURFACE('',#3128,1.7);
#3128 = AXIS2_PLACEMENT_3D('',#3129,#3130,#3131);
#3129 = CARTESIAN_POINT('',(26.01,18.4,-0.4));
#3130 = DIRECTION('',(0.,0.,1.));
#3131 = DIRECTION('',(1.,0.,-0.));
#3132 = DEFINITIONAL_REPRESENTATION('',(#3133),#3137);
#3133 = LINE('',#3134,#3135);
#3134 = CARTESIAN_POINT('',(0.,0.4));
#3135 = VECTOR('',#3136,1.);
#3136 = DIRECTION('',(1.,0.));
#3137 = ( GEOMETRIC_REPRESENTATION_CONTEXT(2) 
PARAMETRIC_REPRESENTATION_CONTEXT() REPRESENTATION_CONTEXT('2D SPACE',''
  ) );
#3138 = FACE_BOUND('',#3139,.F.);
#3139 = EDGE_LOOP('',(#3140));
#3140 = ORIENTED_EDGE('',*,*,#3141,.F.);
#3141 = EDGE_CURVE('',#3142,#3142,#3144,.T.);
#3142 = VERTEX_POINT('',#3143);
#3143 = CARTESIAN_POINT('',(7.39,28.2,0.));
#3144 = SURFACE_CURVE('',#3145,(#3150,#3157),.PCURVE_S1.);
#3145 = CIRCLE('',#3146,1.7);
#3146 = AXIS2_PLACEMENT_3D('',#3147,#3148,#3149);
#3147 = CARTESIAN_POINT('',(5.69,28.2,0.));
#3148 = DIRECTION('',(0.,0.,1.));
#3149 = DIRECTION('',(1.,0.,-0.));
#3150 = PCURVE('',#828,#3151);
#3151 = DEFINITIONAL_REPRESENTATION('',(#3152),#3156);
#3152 = CIRCLE('',#3153,1.7);
#3153 = AXIS2_PLACEMENT_2D('',#3154,#3155);
#3154 = CARTESIAN_POINT('',(5.69,28.2));
#3155 = DIRECTION('',(1.,0.));
#3156 = ( GEOMETRIC_REPRESENTATION_CONTEXT(2) 
PARAMETRIC_REPRESENTATION_CONTEXT() REPRESENTATION_CONTEXT('2D SPACE',''
  ) );
#3157 = PCURVE('',#3158,#3163);
#3158 = CYLINDRICAL_SURFACE('',#3159,1.7);
#3159 = AXIS2_PLACEMENT_3D('',#3160,#3161,#3162);
#3160 = CARTESIAN_POINT('',(5.69,28.2,-0.4));
#3161 = DIRECTION('',(0.,0.,1.));
#3162 = DIRECTION('',(1.,0.,-0.));
#3163 = DEFINITIONAL_REPRESENTATION('',(#3164),#3168);
#3164 = LINE('',#3165,#3166);
#3165 = CARTESIAN_POINT('',(0.,0.4));
#3166 = VECTOR('',#3167,1.);
#3167 = DIRECTION('',(1.,0.));
#3168 = ( GEOMETRIC_REPRESENTATION_CONTEXT(2) 
PARAMETRIC_REPRESENTATION_CONTEXT() REPRESENTATION_CONTEXT('2D SPACE',''
  ) );
#3169 = FACE_BOUND('',#3170,.F.);
#3170 = EDGE_LOOP('',(#3171));
#3171 = ORIENTED_EDGE('',*,*,#3172,.F.);
#3172 = EDGE_CURVE('',#3173,#3173,#3175,.T.);
#3173 = VERTEX_POINT('',#3174);
#3174 = CARTESIAN_POINT('',(7.39,40.9,0.));
#3175 = SURFACE_CURVE('',#3176,(#3181,#3188),.PCURVE_S1.);
#3176 = CIRCLE('',#3177,1.7);
#3177 = AXIS2_PLACEMENT_3D('',#3178,#3179,#3180);
#3178 = CARTESIAN_POINT('',(5.69,40.9,0.));
#3179 = DIRECTION('',(0.,0.,1.));
#3180 = DIRECTION('',(1.,0.,-0.));
#3181 = PCURVE('',#828,#3182);
#3182 = DEFINITIONAL_REPRESENTATION('',(#3183),#3187);
#3183 = CIRCLE('',#3184,1.7);
#3184 = AXIS2_PLACEMENT_2D('',#3185,#3186);
#3185 = CARTESIAN_POINT('',(5.69,40.9));
#3186 = DIRECTION('',(1.,0.));
#3187 = ( GEOMETRIC_REPRESENTATION_CONTEXT(2) 
PARAMETRIC_REPRESENTATION_CONTEXT() REPRESENTATION_CONTEXT('2D SPACE',''
  ) );
#3188 = PCURVE('',#3189,#3194);
#3189 = CYLINDRICAL_SURFACE('',#3190,1.7);
#3190 = AXIS2_PLACEMENT_3D('',#3191,#3192,#3193);
#3191 = CARTESIAN_POINT('',(5.69,40.9,-0.4));
#3192 = DIRECTION('',(0.,0.,1.));
#3193 = DIRECTION('',(1.,0.,-0.));
#3194 = DEFINITIONAL_REPRESENTATION('',(#3195),#3199);
#3195 = LINE('',#3196,#3197);
#3196 = CARTESIAN_POINT('',(0.,0.4));
#3197 = VECTOR('',#3198,1.);
#3198 = DIRECTION('',(1.,0.));
#3199 = ( GEOMETRIC_REPRESENTATION_CONTEXT(2) 
PARAMETRIC_REPRESENTATION_CONTEXT() REPRESENTATION_CONTEXT('2D SPACE',''
  ) );
#3200 = FACE_BOUND('',#3201,.F.);
#3201 = EDGE_LOOP('',(#3202));
#3202 = ORIENTED_EDGE('',*,*,#3203,.F.);
#3203 = EDGE_CURVE('',#3204,#3204,#3206,.T.);
#3204 = VERTEX_POINT('',#3205);
#3205 = CARTESIAN_POINT('',(27.71,28.2,0.));
#3206 = SURFACE_CURVE('',#3207,(#3212,#3219),.PCURVE_S1.);
#3207 = CIRCLE('',#3208,1.7);
#3208 = AXIS2_PLACEMENT_3D('',#3209,#3210,#3211);
#3209 = CARTESIAN_POINT('',(26.01,28.2,0.));
#3210 = DIRECTION('',(0.,0.,1.));
#3211 = DIRECTION('',(1.,0.,-0.));
#3212 = PCURVE('',#828,#3213);
#3213 = DEFINITIONAL_REPRESENTATION('',(#3214),#3218);
#3214 = CIRCLE('',#3215,1.7);
#3215 = AXIS2_PLACEMENT_2D('',#3216,#3217);
#3216 = CARTESIAN_POINT('',(26.01,28.2));
#3217 = DIRECTION('',(1.,0.));
#3218 = ( GEOMETRIC_REPRESENTATION_CONTEXT(2) 
PARAMETRIC_REPRESENTATION_CONTEXT() REPRESENTATION_CONTEXT('2D SPACE',''
  ) );
#3219 = PCURVE('',#3220,#3225);
#3220 = CYLINDRICAL_SURFACE('',#3221,1.7);
#3221 = AXIS2_PLACEMENT_3D('',#3222,#3223,#3224);
#3222 = CARTESIAN_POINT('',(26.01,28.2,-0.4));
#3223 = DIRECTION('',(0.,0.,1.));
#3224 = DIRECTION('',(1.,0.,-0.));
#3225 = DEFINITIONAL_REPRESENTATION('',(#3226),#3230);
#3226 = LINE('',#3227,#3228);
#3227 = CARTESIAN_POINT('',(0.,0.4));
#3228 = VECTOR('',#3229,1.);
#3229 = DIRECTION('',(1.,0.));
#3230 = ( GEOMETRIC_REPRESENTATION_CONTEXT(2) 
PARAMETRIC_REPRESENTATION_CONTEXT() REPRESENTATION_CONTEXT('2D SPACE',''
  ) );
#3231 = FACE_BOUND('',#3232,.F.);
#3232 = EDGE_LOOP('',(#3233));
#3233 = ORIENTED_EDGE('',*,*,#3234,.F.);
#3234 = EDGE_CURVE('',#3235,#3235,#3237,.T.);
#3235 = VERTEX_POINT('',#3236);
#3236 = CARTESIAN_POINT('',(27.71,40.9,0.));
#3237 = SURFACE_CURVE('',#3238,(#3243,#3250),.PCURVE_S1.);
#3238 = CIRCLE('',#3239,1.7);
#3239 = AXIS2_PLACEMENT_3D('',#3240,#3241,#3242);
#3240 = CARTESIAN_POINT('',(26.01,40.9,0.));
#3241 = DIRECTION('',(0.,0.,1.));
#3242 = DIRECTION('',(1.,0.,-0.));
#3243 = PCURVE('',#828,#3244);
#3244 = DEFINITIONAL_REPRESENTATION('',(#3245),#3249);
#3245 = CIRCLE('',#3246,1.7);
#3246 = AXIS2_PLACEMENT_2D('',#3247,#3248);
#3247 = CARTESIAN_POINT('',(26.01,40.9));
#3248 = DIRECTION('',(1.,0.));
#3249 = ( GEOMETRIC_REPRESENTATION_CONTEXT(2) 
PARAMETRIC_REPRESENTATION_CONTEXT() REPRESENTATION_CONTEXT('2D SPACE',''
  ) );
#3250 = PCURVE('',#3251,#3256);
#3251 = CYLINDRICAL_SURFACE('',#3252,1.7);
#3252 = AXIS2_PLACEMENT_3D('',#3253,#3254,#3255);
#3253 = CARTESIAN_POINT('',(26.01,40.9,-0.4));
#3254 = DIRECTION('',(0.,0.,1.));
#3255 = DIRECTION('',(1.,0.,-0.));
#3256 = DEFINITIONAL_REPRESENTATION('',(#3257),#3261);
#3257 = LINE('',#3258,#3259);
#3258 = CARTESIAN_POINT('',(0.,0.4));
#3259 = VECTOR('',#3260,1.);
#3260 = DIRECTION('',(1.,0.));
#3261 = ( GEOMETRIC_REPRESENTATION_CONTEXT(2) 
PARAMETRIC_REPRESENTATION_CONTEXT() REPRESENTATION_CONTEXT('2D SPACE',''
  ) );
#3262 = ADVANCED_FACE('',(#3263),#910,.F.);
#3263 = FACE_BOUND('',#3264,.F.);
#3264 = EDGE_LOOP('',(#3265,#3266,#3289,#3312));
#3265 = ORIENTED_EDGE('',*,*,#892,.F.);
#3266 = ORIENTED_EDGE('',*,*,#3267,.F.);
#3267 = EDGE_CURVE('',#3268,#893,#3270,.T.);
#3268 = VERTEX_POINT('',#3269);
#3269 = CARTESIAN_POINT('',(-7.5,2.,0.));
#3270 = SURFACE_CURVE('',#3271,(#3275,#3282),.PCURVE_S1.);
#3271 = LINE('',#3272,#3273);
#3272 = CARTESIAN_POINT('',(-7.5,2.,0.));
#3273 = VECTOR('',#3274,1.);
#3274 = DIRECTION('',(0.,0.,1.));
#3275 = PCURVE('',#910,#3276);
#3276 = DEFINITIONAL_REPRESENTATION('',(#3277),#3281);
#3277 = LINE('',#3278,#3279);
#3278 = CARTESIAN_POINT('',(0.,-2.));
#3279 = VECTOR('',#3280,1.);
#3280 = DIRECTION('',(1.,0.));
#3281 = ( GEOMETRIC_REPRESENTATION_CONTEXT(2) 
PARAMETRIC_REPRESENTATION_CONTEXT() REPRESENTATION_CONTEXT('2D SPACE',''
  ) );
#3282 = PCURVE('',#939,#3283);
#3283 = DEFINITIONAL_REPRESENTATION('',(#3284),#3288);
#3284 = LINE('',#3285,#3286);
#3285 = CARTESIAN_POINT('',(0.,0.));
#3286 = VECTOR('',#3287,1.);
#3287 = DIRECTION('',(0.,1.));
#3288 = ( GEOMETRIC_REPRESENTATION_CONTEXT(2) 
PARAMETRIC_REPRESENTATION_CONTEXT() REPRESENTATION_CONTEXT('2D SPACE',''
  ) );
#3289 = ORIENTED_EDGE('',*,*,#3290,.T.);
#3290 = EDGE_CURVE('',#3268,#3291,#3293,.T.);
#3291 = VERTEX_POINT('',#3292);
#3292 = CARTESIAN_POINT('',(-7.5,44.6,0.));
#3293 = SURFACE_CURVE('',#3294,(#3298,#3305),.PCURVE_S1.);
#3294 = LINE('',#3295,#3296);
#3295 = CARTESIAN_POINT('',(-7.5,0.,0.));
#3296 = VECTOR('',#3297,1.);
#3297 = DIRECTION('',(-0.,1.,0.));
#3298 = PCURVE('',#910,#3299);
#3299 = DEFINITIONAL_REPRESENTATION('',(#3300),#3304);
#3300 = LINE('',#3301,#3302);
#3301 = CARTESIAN_POINT('',(0.,0.));
#3302 = VECTOR('',#3303,1.);
#3303 = DIRECTION('',(0.,-1.));
#3304 = ( GEOMETRIC_REPRESENTATION_CONTEXT(2) 
PARAMETRIC_REPRESENTATION_CONTEXT() REPRESENTATION_CONTEXT('2D SPACE',''
  ) );
#3305 = PCURVE('',#2808,#3306);
#3306 = DEFINITIONAL_REPRESENTATION('',(#3307),#3311);
#3307 = LINE('',#3308,#3309);
#3308 = CARTESIAN_POINT('',(0.,0.));
#3309 = VECTOR('',#3310,1.);
#3310 = DIRECTION('',(0.,1.));
#3311 = ( GEOMETRIC_REPRESENTATION_CONTEXT(2) 
PARAMETRIC_REPRESENTATION_CONTEXT() REPRESENTATION_CONTEXT('2D SPACE',''
  ) );
#3312 = ORIENTED_EDGE('',*,*,#3313,.T.);
#3313 = EDGE_CURVE('',#3291,#895,#3314,.T.);
#3314 = SURFACE_CURVE('',#3315,(#3319,#3326),.PCURVE_S1.);
#3315 = LINE('',#3316,#3317);
#3316 = CARTESIAN_POINT('',(-7.5,44.6,0.));
#3317 = VECTOR('',#3318,1.);
#3318 = DIRECTION('',(0.,0.,1.));
#3319 = PCURVE('',#910,#3320);
#3320 = DEFINITIONAL_REPRESENTATION('',(#3321),#3325);
#3321 = LINE('',#3322,#3323);
#3322 = CARTESIAN_POINT('',(0.,-44.6));
#3323 = VECTOR('',#3324,1.);
#3324 = DIRECTION('',(1.,0.));
#3325 = ( GEOMETRIC_REPRESENTATION_CONTEXT(2) 
PARAMETRIC_REPRESENTATION_CONTEXT() REPRESENTATION_CONTEXT('2D SPACE',''
  ) );
#3326 = PCURVE('',#1107,#3327);
#3327 = DEFINITIONAL_REPRESENTATION('',(#3328),#3332);
#3328 = LINE('',#3329,#3330);
#3329 = CARTESIAN_POINT('',(-0.,0.));
#3330 = VECTOR('',#3331,1.);
#3331 = DIRECTION('',(-0.,1.));
#3332 = ( GEOMETRIC_REPRESENTATION_CONTEXT(2) 
PARAMETRIC_REPRESENTATION_CONTEXT() REPRESENTATION_CONTEXT('2D SPACE',''
  ) );
#3333 = ADVANCED_FACE('',(#3334),#939,.T.);
#3334 = FACE_BOUND('',#3335,.T.);
#3335 = EDGE_LOOP('',(#3336,#3360,#3381,#3382));
#3336 = ORIENTED_EDGE('',*,*,#3337,.T.);
#3337 = EDGE_CURVE('',#3268,#3338,#3340,.T.);
#3338 = VERTEX_POINT('',#3339);
#3339 = CARTESIAN_POINT('',(-5.5,-4.440892098501E-16,0.));
#3340 = SURFACE_CURVE('',#3341,(#3346,#3353),.PCURVE_S1.);
#3341 = CIRCLE('',#3342,2.);
#3342 = AXIS2_PLACEMENT_3D('',#3343,#3344,#3345);
#3343 = CARTESIAN_POINT('',(-5.5,2.,0.));
#3344 = DIRECTION('',(0.,0.,1.));
#3345 = DIRECTION('',(0.,-1.,0.));
#3346 = PCURVE('',#939,#3347);
#3347 = DEFINITIONAL_REPRESENTATION('',(#3348),#3352);
#3348 = LINE('',#3349,#3350);
#3349 = CARTESIAN_POINT('',(-4.712388980385,0.));
#3350 = VECTOR('',#3351,1.);
#3351 = DIRECTION('',(1.,0.));
#3352 = ( GEOMETRIC_REPRESENTATION_CONTEXT(2) 
PARAMETRIC_REPRESENTATION_CONTEXT() REPRESENTATION_CONTEXT('2D SPACE',''
  ) );
#3353 = PCURVE('',#2808,#3354);
#3354 = DEFINITIONAL_REPRESENTATION('',(#3355),#3359);
#3355 = CIRCLE('',#3356,2.);
#3356 = AXIS2_PLACEMENT_2D('',#3357,#3358);
#3357 = CARTESIAN_POINT('',(2.,2.));
#3358 = DIRECTION('',(0.,-1.));
#3359 = ( GEOMETRIC_REPRESENTATION_CONTEXT(2) 
PARAMETRIC_REPRESENTATION_CONTEXT() REPRESENTATION_CONTEXT('2D SPACE',''
  ) );
#3360 = ORIENTED_EDGE('',*,*,#3361,.T.);
#3361 = EDGE_CURVE('',#3338,#923,#3362,.T.);
#3362 = SURFACE_CURVE('',#3363,(#3367,#3374),.PCURVE_S1.);
#3363 = LINE('',#3364,#3365);
#3364 = CARTESIAN_POINT('',(-5.5,-4.440892098501E-16,0.));
#3365 = VECTOR('',#3366,1.);
#3366 = DIRECTION('',(0.,0.,1.));
#3367 = PCURVE('',#939,#3368);
#3368 = DEFINITIONAL_REPRESENTATION('',(#3369),#3373);
#3369 = LINE('',#3370,#3371);
#3370 = CARTESIAN_POINT('',(1.570796326795,0.));
#3371 = VECTOR('',#3372,1.);
#3372 = DIRECTION('',(0.,1.));
#3373 = ( GEOMETRIC_REPRESENTATION_CONTEXT(2) 
PARAMETRIC_REPRESENTATION_CONTEXT() REPRESENTATION_CONTEXT('2D SPACE',''
  ) );
#3374 = PCURVE('',#967,#3375);
#3375 = DEFINITIONAL_REPRESENTATION('',(#3376),#3380);
#3376 = LINE('',#3377,#3378);
#3377 = CARTESIAN_POINT('',(0.,2.));
#3378 = VECTOR('',#3379,1.);
#3379 = DIRECTION('',(1.,0.));
#3380 = ( GEOMETRIC_REPRESENTATION_CONTEXT(2) 
PARAMETRIC_REPRESENTATION_CONTEXT() REPRESENTATION_CONTEXT('2D SPACE',''
  ) );
#3381 = ORIENTED_EDGE('',*,*,#922,.F.);
#3382 = ORIENTED_EDGE('',*,*,#3267,.F.);
#3383 = ADVANCED_FACE('',(#3384),#1107,.T.);
#3384 = FACE_BOUND('',#3385,.F.);
#3385 = EDGE_LOOP('',(#3386,#3414,#3435,#3436));
#3386 = ORIENTED_EDGE('',*,*,#3387,.T.);
#3387 = EDGE_CURVE('',#3291,#3388,#3390,.T.);
#3388 = VERTEX_POINT('',#3389);
#3389 = CARTESIAN_POINT('',(-5.5,46.6,0.));
#3390 = SURFACE_CURVE('',#3391,(#3396,#3403),.PCURVE_S1.);
#3391 = CIRCLE('',#3392,2.);
#3392 = AXIS2_PLACEMENT_3D('',#3393,#3394,#3395);
#3393 = CARTESIAN_POINT('',(-5.5,44.6,0.));
#3394 = DIRECTION('',(-0.,-0.,-1.));
#3395 = DIRECTION('',(0.,-1.,0.));
#3396 = PCURVE('',#1107,#3397);
#3397 = DEFINITIONAL_REPRESENTATION('',(#3398),#3402);
#3398 = LINE('',#3399,#3400);
#3399 = CARTESIAN_POINT('',(1.570796326795,-0.));
#3400 = VECTOR('',#3401,1.);
#3401 = DIRECTION('',(-1.,0.));
#3402 = ( GEOMETRIC_REPRESENTATION_CONTEXT(2) 
PARAMETRIC_REPRESENTATION_CONTEXT() REPRESENTATION_CONTEXT('2D SPACE',''
  ) );
#3403 = PCURVE('',#2808,#3404);
#3404 = DEFINITIONAL_REPRESENTATION('',(#3405),#3413);
#3405 = ( BOUNDED_CURVE() B_SPLINE_CURVE(2,(#3406,#3407,#3408,#3409,
#3410,#3411,#3412),.UNSPECIFIED.,.T.,.F.) B_SPLINE_CURVE_WITH_KNOTS((1,2
    ,2,2,2,1),(-2.094395102393,0.,2.094395102393,4.188790204786,
6.28318530718,8.377580409573),.UNSPECIFIED.) CURVE() 
GEOMETRIC_REPRESENTATION_ITEM() RATIONAL_B_SPLINE_CURVE((1.,0.5,1.,0.5,
1.,0.5,1.)) REPRESENTATION_ITEM('') );
#3406 = CARTESIAN_POINT('',(2.,42.6));
#3407 = CARTESIAN_POINT('',(-1.464101615138,42.6));
#3408 = CARTESIAN_POINT('',(0.267949192431,45.6));
#3409 = CARTESIAN_POINT('',(2.,48.6));
#3410 = CARTESIAN_POINT('',(3.732050807569,45.6));
#3411 = CARTESIAN_POINT('',(5.464101615138,42.6));
#3412 = CARTESIAN_POINT('',(2.,42.6));
#3413 = ( GEOMETRIC_REPRESENTATION_CONTEXT(2) 
PARAMETRIC_REPRESENTATION_CONTEXT() REPRESENTATION_CONTEXT('2D SPACE',''
  ) );
#3414 = ORIENTED_EDGE('',*,*,#3415,.T.);
#3415 = EDGE_CURVE('',#3388,#1061,#3416,.T.);
#3416 = SURFACE_CURVE('',#3417,(#3421,#3428),.PCURVE_S1.);
#3417 = LINE('',#3418,#3419);
#3418 = CARTESIAN_POINT('',(-5.5,46.6,0.));
#3419 = VECTOR('',#3420,1.);
#3420 = DIRECTION('',(0.,0.,1.));
#3421 = PCURVE('',#1107,#3422);
#3422 = DEFINITIONAL_REPRESENTATION('',(#3423),#3427);
#3423 = LINE('',#3424,#3425);
#3424 = CARTESIAN_POINT('',(-1.570796326795,0.));
#3425 = VECTOR('',#3426,1.);
#3426 = DIRECTION('',(-0.,1.));
#3427 = ( GEOMETRIC_REPRESENTATION_CONTEXT(2) 
PARAMETRIC_REPRESENTATION_CONTEXT() REPRESENTATION_CONTEXT('2D SPACE',''
  ) );
#3428 = PCURVE('',#1076,#3429);
#3429 = DEFINITIONAL_REPRESENTATION('',(#3430),#3434);
#3430 = LINE('',#3431,#3432);
#3431 = CARTESIAN_POINT('',(0.,2.));
#3432 = VECTOR('',#3433,1.);
#3433 = DIRECTION('',(1.,0.));
#3434 = ( GEOMETRIC_REPRESENTATION_CONTEXT(2) 
PARAMETRIC_REPRESENTATION_CONTEXT() REPRESENTATION_CONTEXT('2D SPACE',''
  ) );
#3435 = ORIENTED_EDGE('',*,*,#1088,.F.);
#3436 = ORIENTED_EDGE('',*,*,#3313,.F.);
#3437 = ADVANCED_FACE('',(#3438),#967,.F.);
#3438 = FACE_BOUND('',#3439,.F.);
#3439 = EDGE_LOOP('',(#3440,#3463,#3464,#3465));
#3440 = ORIENTED_EDGE('',*,*,#3441,.F.);
#3441 = EDGE_CURVE('',#3338,#3442,#3444,.T.);
#3442 = VERTEX_POINT('',#3443);
#3443 = CARTESIAN_POINT('',(0.,-4.440892098501E-16,0.));
#3444 = SURFACE_CURVE('',#3445,(#3449,#3456),.PCURVE_S1.);
#3445 = LINE('',#3446,#3447);
#3446 = CARTESIAN_POINT('',(-7.5,0.,0.));
#3447 = VECTOR('',#3448,1.);
#3448 = DIRECTION('',(1.,0.,-0.));
#3449 = PCURVE('',#967,#3450);
#3450 = DEFINITIONAL_REPRESENTATION('',(#3451),#3455);
#3451 = LINE('',#3452,#3453);
#3452 = CARTESIAN_POINT('',(0.,0.));
#3453 = VECTOR('',#3454,1.);
#3454 = DIRECTION('',(0.,1.));
#3455 = ( GEOMETRIC_REPRESENTATION_CONTEXT(2) 
PARAMETRIC_REPRESENTATION_CONTEXT() REPRESENTATION_CONTEXT('2D SPACE',''
  ) );
#3456 = PCURVE('',#2808,#3457);
#3457 = DEFINITIONAL_REPRESENTATION('',(#3458),#3462);
#3458 = LINE('',#3459,#3460);
#3459 = CARTESIAN_POINT('',(0.,0.));
#3460 = VECTOR('',#3461,1.);
#3461 = DIRECTION('',(1.,0.));
#3462 = ( GEOMETRIC_REPRESENTATION_CONTEXT(2) 
PARAMETRIC_REPRESENTATION_CONTEXT() REPRESENTATION_CONTEXT('2D SPACE',''
  ) );
#3463 = ORIENTED_EDGE('',*,*,#3361,.T.);
#3464 = ORIENTED_EDGE('',*,*,#951,.T.);
#3465 = ORIENTED_EDGE('',*,*,#3466,.F.);
#3466 = EDGE_CURVE('',#3442,#952,#3467,.T.);
#3467 = SURFACE_CURVE('',#3468,(#3472,#3479),.PCURVE_S1.);
#3468 = LINE('',#3469,#3470);
#3469 = CARTESIAN_POINT('',(0.,-4.440892098501E-16,0.));
#3470 = VECTOR('',#3471,1.);
#3471 = DIRECTION('',(0.,0.,1.));
#3472 = PCURVE('',#967,#3473);
#3473 = DEFINITIONAL_REPRESENTATION('',(#3474),#3478);
#3474 = LINE('',#3475,#3476);
#3475 = CARTESIAN_POINT('',(0.,7.5));
#3476 = VECTOR('',#3477,1.);
#3477 = DIRECTION('',(1.,0.));
#3478 = ( GEOMETRIC_REPRESENTATION_CONTEXT(2) 
PARAMETRIC_REPRESENTATION_CONTEXT() REPRESENTATION_CONTEXT('2D SPACE',''
  ) );
#3479 = PCURVE('',#1000,#3480);
#3480 = DEFINITIONAL_REPRESENTATION('',(#3481),#3485);
#3481 = LINE('',#3482,#3483);
#3482 = CARTESIAN_POINT('',(-1.570796326795,0.));
#3483 = VECTOR('',#3484,1.);
#3484 = DIRECTION('',(-0.,1.));
#3485 = ( GEOMETRIC_REPRESENTATION_CONTEXT(2) 
PARAMETRIC_REPRESENTATION_CONTEXT() REPRESENTATION_CONTEXT('2D SPACE',''
  ) );
#3486 = ADVANCED_FACE('',(#3487),#1076,.T.);
#3487 = FACE_BOUND('',#3488,.T.);
#3488 = EDGE_LOOP('',(#3489,#3510,#3511,#3512));
#3489 = ORIENTED_EDGE('',*,*,#3490,.F.);
#3490 = EDGE_CURVE('',#3388,#2792,#3491,.T.);
#3491 = SURFACE_CURVE('',#3492,(#3496,#3503),.PCURVE_S1.);
#3492 = LINE('',#3493,#3494);
#3493 = CARTESIAN_POINT('',(-7.5,46.6,0.));
#3494 = VECTOR('',#3495,1.);
#3495 = DIRECTION('',(1.,0.,-0.));
#3496 = PCURVE('',#1076,#3497);
#3497 = DEFINITIONAL_REPRESENTATION('',(#3498),#3502);
#3498 = LINE('',#3499,#3500);
#3499 = CARTESIAN_POINT('',(0.,0.));
#3500 = VECTOR('',#3501,1.);
#3501 = DIRECTION('',(0.,1.));
#3502 = ( GEOMETRIC_REPRESENTATION_CONTEXT(2) 
PARAMETRIC_REPRESENTATION_CONTEXT() REPRESENTATION_CONTEXT('2D SPACE',''
  ) );
#3503 = PCURVE('',#2808,#3504);
#3504 = DEFINITIONAL_REPRESENTATION('',(#3505),#3509);
#3505 = LINE('',#3506,#3507);
#3506 = CARTESIAN_POINT('',(0.,46.6));
#3507 = VECTOR('',#3508,1.);
#3508 = DIRECTION('',(1.,0.));
#3509 = ( GEOMETRIC_REPRESENTATION_CONTEXT(2) 
PARAMETRIC_REPRESENTATION_CONTEXT() REPRESENTATION_CONTEXT('2D SPACE',''
  ) );
#3510 = ORIENTED_EDGE('',*,*,#3415,.T.);
#3511 = ORIENTED_EDGE('',*,*,#1060,.T.);
#3512 = ORIENTED_EDGE('',*,*,#2820,.F.);
#3513 = ADVANCED_FACE('',(#3514),#1000,.T.);
#3514 = FACE_BOUND('',#3515,.F.);
#3515 = EDGE_LOOP('',(#3516,#3517,#3543,#3544));
#3516 = ORIENTED_EDGE('',*,*,#1184,.F.);
#3517 = ORIENTED_EDGE('',*,*,#3518,.T.);
#3518 = EDGE_CURVE('',#1185,#3442,#3519,.T.);
#3519 = SURFACE_CURVE('',#3520,(#3525,#3532),.PCURVE_S1.);
#3520 = CIRCLE('',#3521,2.);
#3521 = AXIS2_PLACEMENT_3D('',#3522,#3523,#3524);
#3522 = CARTESIAN_POINT('',(0.,2.,0.));
#3523 = DIRECTION('',(-0.,-0.,-1.));
#3524 = DIRECTION('',(0.,-1.,0.));
#3525 = PCURVE('',#1000,#3526);
#3526 = DEFINITIONAL_REPRESENTATION('',(#3527),#3531);
#3527 = LINE('',#3528,#3529);
#3528 = CARTESIAN_POINT('',(4.712388980385,-0.));
#3529 = VECTOR('',#3530,1.);
#3530 = DIRECTION('',(-1.,0.));
#3531 = ( GEOMETRIC_REPRESENTATION_CONTEXT(2) 
PARAMETRIC_REPRESENTATION_CONTEXT() REPRESENTATION_CONTEXT('2D SPACE',''
  ) );
#3532 = PCURVE('',#2808,#3533);
#3533 = DEFINITIONAL_REPRESENTATION('',(#3534),#3542);
#3534 = ( BOUNDED_CURVE() B_SPLINE_CURVE(2,(#3535,#3536,#3537,#3538,
#3539,#3540,#3541),.UNSPECIFIED.,.T.,.F.) B_SPLINE_CURVE_WITH_KNOTS((1,2
    ,2,2,2,1),(-2.094395102393,0.,2.094395102393,4.188790204786,
6.28318530718,8.377580409573),.UNSPECIFIED.) CURVE() 
GEOMETRIC_REPRESENTATION_ITEM() RATIONAL_B_SPLINE_CURVE((1.,0.5,1.,0.5,
1.,0.5,1.)) REPRESENTATION_ITEM('') );
#3535 = CARTESIAN_POINT('',(7.5,-4.440892098501E-16));
#3536 = CARTESIAN_POINT('',(4.035898384862,-4.440892098501E-16));
#3537 = CARTESIAN_POINT('',(5.767949192431,3.));
#3538 = CARTESIAN_POINT('',(7.5,6.));
#3539 = CARTESIAN_POINT('',(9.232050807569,3.));
#3540 = CARTESIAN_POINT('',(10.964101615138,2.886579864025E-15));
#3541 = CARTESIAN_POINT('',(7.5,-4.440892098501E-16));
#3542 = ( GEOMETRIC_REPRESENTATION_CONTEXT(2) 
PARAMETRIC_REPRESENTATION_CONTEXT() REPRESENTATION_CONTEXT('2D SPACE',''
  ) );
#3543 = ORIENTED_EDGE('',*,*,#3466,.T.);
#3544 = ORIENTED_EDGE('',*,*,#979,.F.);
#3545 = ADVANCED_FACE('',(#3546),#1138,.F.);
#3546 = FACE_BOUND('',#3547,.F.);
#3547 = EDGE_LOOP('',(#3548,#3549,#3572,#3599));
#3548 = ORIENTED_EDGE('',*,*,#1121,.F.);
#3549 = ORIENTED_EDGE('',*,*,#3550,.F.);
#3550 = EDGE_CURVE('',#3551,#1122,#3553,.T.);
#3551 = VERTEX_POINT('',#3552);
#3552 = CARTESIAN_POINT('',(-0.65,10.252,1.));
#3553 = SEAM_CURVE('',#3554,(#3558,#3565),.PCURVE_S1.);
#3554 = LINE('',#3555,#3556);
#3555 = CARTESIAN_POINT('',(-0.65,10.252,1.));
#3556 = VECTOR('',#3557,1.);
#3557 = DIRECTION('',(0.,0.,1.));
#3558 = PCURVE('',#1138,#3559);
#3559 = DEFINITIONAL_REPRESENTATION('',(#3560),#3564);
#3560 = LINE('',#3561,#3562);
#3561 = CARTESIAN_POINT('',(6.28318530718,-0.));
#3562 = VECTOR('',#3563,1.);
#3563 = DIRECTION('',(0.,1.));
#3564 = ( GEOMETRIC_REPRESENTATION_CONTEXT(2) 
PARAMETRIC_REPRESENTATION_CONTEXT() REPRESENTATION_CONTEXT('2D SPACE',''
  ) );
#3565 = PCURVE('',#1138,#3566);
#3566 = DEFINITIONAL_REPRESENTATION('',(#3567),#3571);
#3567 = LINE('',#3568,#3569);
#3568 = CARTESIAN_POINT('',(0.,-0.));
#3569 = VECTOR('',#3570,1.);
#3570 = DIRECTION('',(0.,1.));
#3571 = ( GEOMETRIC_REPRESENTATION_CONTEXT(2) 
PARAMETRIC_REPRESENTATION_CONTEXT() REPRESENTATION_CONTEXT('2D SPACE',''
  ) );
#3572 = ORIENTED_EDGE('',*,*,#3573,.T.);
#3573 = EDGE_CURVE('',#3551,#3551,#3574,.T.);
#3574 = SURFACE_CURVE('',#3575,(#3580,#3587),.PCURVE_S1.);
#3575 = CIRCLE('',#3576,3.1);
#3576 = AXIS2_PLACEMENT_3D('',#3577,#3578,#3579);
#3577 = CARTESIAN_POINT('',(-3.75,10.252,1.));
#3578 = DIRECTION('',(0.,0.,1.));
#3579 = DIRECTION('',(1.,0.,-0.));
#3580 = PCURVE('',#1138,#3581);
#3581 = DEFINITIONAL_REPRESENTATION('',(#3582),#3586);
#3582 = LINE('',#3583,#3584);
#3583 = CARTESIAN_POINT('',(0.,0.));
#3584 = VECTOR('',#3585,1.);
#3585 = DIRECTION('',(1.,0.));
#3586 = ( GEOMETRIC_REPRESENTATION_CONTEXT(2) 
PARAMETRIC_REPRESENTATION_CONTEXT() REPRESENTATION_CONTEXT('2D SPACE',''
  ) );
#3587 = PCURVE('',#3588,#3593);
#3588 = PLANE('',#3589);
#3589 = AXIS2_PLACEMENT_3D('',#3590,#3591,#3592);
#3590 = CARTESIAN_POINT('',(-3.75,10.252,1.));
#3591 = DIRECTION('',(0.,0.,1.));
#3592 = DIRECTION('',(1.,0.,-0.));
#3593 = DEFINITIONAL_REPRESENTATION('',(#3594),#3598);
#3594 = CIRCLE('',#3595,3.1);
#3595 = AXIS2_PLACEMENT_2D('',#3596,#3597);
#3596 = CARTESIAN_POINT('',(0.,0.));
#3597 = DIRECTION('',(1.,0.));
#3598 = ( GEOMETRIC_REPRESENTATION_CONTEXT(2) 
PARAMETRIC_REPRESENTATION_CONTEXT() REPRESENTATION_CONTEXT('2D SPACE',''
  ) );
#3599 = ORIENTED_EDGE('',*,*,#3550,.T.);
#3600 = ADVANCED_FACE('',(#3601),#1169,.F.);
#3601 = FACE_BOUND('',#3602,.F.);
#3602 = EDGE_LOOP('',(#3603,#3604,#3627,#3654));
#3603 = ORIENTED_EDGE('',*,*,#1152,.F.);
#3604 = ORIENTED_EDGE('',*,*,#3605,.F.);
#3605 = EDGE_CURVE('',#3606,#1153,#3608,.T.);
#3606 = VERTEX_POINT('',#3607);
#3607 = CARTESIAN_POINT('',(-0.65,36.348,1.));
#3608 = SEAM_CURVE('',#3609,(#3613,#3620),.PCURVE_S1.);
#3609 = LINE('',#3610,#3611);
#3610 = CARTESIAN_POINT('',(-0.65,36.348,1.));
#3611 = VECTOR('',#3612,1.);
#3612 = DIRECTION('',(0.,0.,1.));
#3613 = PCURVE('',#1169,#3614);
#3614 = DEFINITIONAL_REPRESENTATION('',(#3615),#3619);
#3615 = LINE('',#3616,#3617);
#3616 = CARTESIAN_POINT('',(6.28318530718,-0.));
#3617 = VECTOR('',#3618,1.);
#3618 = DIRECTION('',(0.,1.));
#3619 = ( GEOMETRIC_REPRESENTATION_CONTEXT(2) 
PARAMETRIC_REPRESENTATION_CONTEXT() REPRESENTATION_CONTEXT('2D SPACE',''
  ) );
#3620 = PCURVE('',#1169,#3621);
#3621 = DEFINITIONAL_REPRESENTATION('',(#3622),#3626);
#3622 = LINE('',#3623,#3624);
#3623 = CARTESIAN_POINT('',(0.,-0.));
#3624 = VECTOR('',#3625,1.);
#3625 = DIRECTION('',(0.,1.));
#3626 = ( GEOMETRIC_REPRESENTATION_CONTEXT(2) 
PARAMETRIC_REPRESENTATION_CONTEXT() REPRESENTATION_CONTEXT('2D SPACE',''
  ) );
#3627 = ORIENTED_EDGE('',*,*,#3628,.T.);
#3628 = EDGE_CURVE('',#3606,#3606,#3629,.T.);
#3629 = SURFACE_CURVE('',#3630,(#3635,#3642),.PCURVE_S1.);
#3630 = CIRCLE('',#3631,3.1);
#3631 = AXIS2_PLACEMENT_3D('',#3632,#3633,#3634);
#3632 = CARTESIAN_POINT('',(-3.75,36.348,1.));
#3633 = DIRECTION('',(0.,0.,1.));
#3634 = DIRECTION('',(1.,0.,-0.));
#3635 = PCURVE('',#1169,#3636);
#3636 = DEFINITIONAL_REPRESENTATION('',(#3637),#3641);
#3637 = LINE('',#3638,#3639);
#3638 = CARTESIAN_POINT('',(0.,0.));
#3639 = VECTOR('',#3640,1.);
#3640 = DIRECTION('',(1.,0.));
#3641 = ( GEOMETRIC_REPRESENTATION_CONTEXT(2) 
PARAMETRIC_REPRESENTATION_CONTEXT() REPRESENTATION_CONTEXT('2D SPACE',''
  ) );
#3642 = PCURVE('',#3643,#3648);
#3643 = PLANE('',#3644);
#3644 = AXIS2_PLACEMENT_3D('',#3645,#3646,#3647);
#3645 = CARTESIAN_POINT('',(-3.75,36.348,1.));
#3646 = DIRECTION('',(0.,0.,1.));
#3647 = DIRECTION('',(1.,0.,-0.));
#3648 = DEFINITIONAL_REPRESENTATION('',(#3649),#3653);
#3649 = CIRCLE('',#3650,3.1);
#3650 = AXIS2_PLACEMENT_2D('',#3651,#3652);
#3651 = CARTESIAN_POINT('',(0.,0.));
#3652 = DIRECTION('',(1.,0.));
#3653 = ( GEOMETRIC_REPRESENTATION_CONTEXT(2) 
PARAMETRIC_REPRESENTATION_CONTEXT() REPRESENTATION_CONTEXT('2D SPACE',''
  ) );
#3654 = ORIENTED_EDGE('',*,*,#3605,.T.);
#3655 = ADVANCED_FACE('',(#3656),#1321,.F.);
#3656 = FACE_BOUND('',#3657,.F.);
#3657 = EDGE_LOOP('',(#3658,#3679,#3680,#3701));
#3658 = ORIENTED_EDGE('',*,*,#3659,.F.);
#3659 = EDGE_CURVE('',#1305,#2019,#3660,.T.);
#3660 = SURFACE_CURVE('',#3661,(#3665,#3672),.PCURVE_S1.);
#3661 = LINE('',#3662,#3663);
#3662 = CARTESIAN_POINT('',(12.85,-1.,7.5));
#3663 = VECTOR('',#3664,1.);
#3664 = DIRECTION('',(-0.,1.,0.));
#3665 = PCURVE('',#1321,#3666);
#3666 = DEFINITIONAL_REPRESENTATION('',(#3667),#3671);
#3667 = LINE('',#3668,#3669);
#3668 = CARTESIAN_POINT('',(0.,0.));
#3669 = VECTOR('',#3670,1.);
#3670 = DIRECTION('',(0.,1.));
#3671 = ( GEOMETRIC_REPRESENTATION_CONTEXT(2) 
PARAMETRIC_REPRESENTATION_CONTEXT() REPRESENTATION_CONTEXT('2D SPACE',''
  ) );
#3672 = PCURVE('',#1347,#3673);
#3673 = DEFINITIONAL_REPRESENTATION('',(#3674),#3678);
#3674 = LINE('',#3675,#3676);
#3675 = CARTESIAN_POINT('',(3.5,0.));
#3676 = VECTOR('',#3677,1.);
#3677 = DIRECTION('',(0.,-1.));
#3678 = ( GEOMETRIC_REPRESENTATION_CONTEXT(2) 
PARAMETRIC_REPRESENTATION_CONTEXT() REPRESENTATION_CONTEXT('2D SPACE',''
  ) );
#3679 = ORIENTED_EDGE('',*,*,#1304,.T.);
#3680 = ORIENTED_EDGE('',*,*,#3681,.T.);
#3681 = EDGE_CURVE('',#1307,#1998,#3682,.T.);
#3682 = SURFACE_CURVE('',#3683,(#3687,#3694),.PCURVE_S1.);
#3683 = LINE('',#3684,#3685);
#3684 = CARTESIAN_POINT('',(18.85,-1.,7.5));
#3685 = VECTOR('',#3686,1.);
#3686 = DIRECTION('',(-0.,1.,0.));
#3687 = PCURVE('',#1321,#3688);
#3688 = DEFINITIONAL_REPRESENTATION('',(#3689),#3693);
#3689 = LINE('',#3690,#3691);
#3690 = CARTESIAN_POINT('',(6.,0.));
#3691 = VECTOR('',#3692,1.);
#3692 = DIRECTION('',(0.,1.));
#3693 = ( GEOMETRIC_REPRESENTATION_CONTEXT(2) 
PARAMETRIC_REPRESENTATION_CONTEXT() REPRESENTATION_CONTEXT('2D SPACE',''
  ) );
#3694 = PCURVE('',#1397,#3695);
#3695 = DEFINITIONAL_REPRESENTATION('',(#3696),#3700);
#3696 = LINE('',#3697,#3698);
#3697 = CARTESIAN_POINT('',(3.5,0.));
#3698 = VECTOR('',#3699,1.);
#3699 = DIRECTION('',(0.,-1.));
#3700 = ( GEOMETRIC_REPRESENTATION_CONTEXT(2) 
PARAMETRIC_REPRESENTATION_CONTEXT() REPRESENTATION_CONTEXT('2D SPACE',''
  ) );
#3701 = ORIENTED_EDGE('',*,*,#2018,.F.);
#3702 = ADVANCED_FACE('',(#3703),#1397,.F.);
#3703 = FACE_BOUND('',#3704,.F.);
#3704 = EDGE_LOOP('',(#3705,#3706,#3707,#3728));
#3705 = ORIENTED_EDGE('',*,*,#3681,.F.);
#3706 = ORIENTED_EDGE('',*,*,#1384,.T.);
#3707 = ORIENTED_EDGE('',*,*,#3708,.T.);
#3708 = EDGE_CURVE('',#1359,#1975,#3709,.T.);
#3709 = SURFACE_CURVE('',#3710,(#3714,#3721),.PCURVE_S1.);
#3710 = LINE('',#3711,#3712);
#3711 = CARTESIAN_POINT('',(18.85,-1.,4.));
#3712 = VECTOR('',#3713,1.);
#3713 = DIRECTION('',(-0.,1.,0.));
#3714 = PCURVE('',#1397,#3715);
#3715 = DEFINITIONAL_REPRESENTATION('',(#3716),#3720);
#3716 = LINE('',#3717,#3718);
#3717 = CARTESIAN_POINT('',(0.,0.));
#3718 = VECTOR('',#3719,1.);
#3719 = DIRECTION('',(0.,-1.));
#3720 = ( GEOMETRIC_REPRESENTATION_CONTEXT(2) 
PARAMETRIC_REPRESENTATION_CONTEXT() REPRESENTATION_CONTEXT('2D SPACE',''
  ) );
#3721 = PCURVE('',#1373,#3722);
#3722 = DEFINITIONAL_REPRESENTATION('',(#3723),#3727);
#3723 = LINE('',#3724,#3725);
#3724 = CARTESIAN_POINT('',(6.,0.));
#3725 = VECTOR('',#3726,1.);
#3726 = DIRECTION('',(0.,1.));
#3727 = ( GEOMETRIC_REPRESENTATION_CONTEXT(2) 
PARAMETRIC_REPRESENTATION_CONTEXT() REPRESENTATION_CONTEXT('2D SPACE',''
  ) );
#3728 = ORIENTED_EDGE('',*,*,#1997,.F.);
#3729 = ADVANCED_FACE('',(#3730),#1373,.T.);
#3730 = FACE_BOUND('',#3731,.T.);
#3731 = EDGE_LOOP('',(#3732,#3758,#3779,#3780));
#3732 = ORIENTED_EDGE('',*,*,#3733,.F.);
#3733 = EDGE_CURVE('',#1927,#1975,#3734,.T.);
#3734 = SURFACE_CURVE('',#3735,(#3739,#3746),.PCURVE_S1.);
#3735 = LINE('',#3736,#3737);
#3736 = CARTESIAN_POINT('',(2.8,2.8,4.));
#3737 = VECTOR('',#3738,1.);
#3738 = DIRECTION('',(1.,0.,-0.));
#3739 = PCURVE('',#1373,#3740);
#3740 = DEFINITIONAL_REPRESENTATION('',(#3741),#3745);
#3741 = LINE('',#3742,#3743);
#3742 = CARTESIAN_POINT('',(-10.05,3.8));
#3743 = VECTOR('',#3744,1.);
#3744 = DIRECTION('',(1.,0.));
#3745 = ( GEOMETRIC_REPRESENTATION_CONTEXT(2) 
PARAMETRIC_REPRESENTATION_CONTEXT() REPRESENTATION_CONTEXT('2D SPACE',''
  ) );
#3746 = PCURVE('',#3747,#3752);
#3747 = PLANE('',#3748);
#3748 = AXIS2_PLACEMENT_3D('',#3749,#3750,#3751);
#3749 = CARTESIAN_POINT('',(2.8,2.8,4.));
#3750 = DIRECTION('',(0.,0.,1.));
#3751 = DIRECTION('',(1.,0.,-0.));
#3752 = DEFINITIONAL_REPRESENTATION('',(#3753),#3757);
#3753 = LINE('',#3754,#3755);
#3754 = CARTESIAN_POINT('',(0.,0.));
#3755 = VECTOR('',#3756,1.);
#3756 = DIRECTION('',(1.,0.));
#3757 = ( GEOMETRIC_REPRESENTATION_CONTEXT(2) 
PARAMETRIC_REPRESENTATION_CONTEXT() REPRESENTATION_CONTEXT('2D SPACE',''
  ) );
#3758 = ORIENTED_EDGE('',*,*,#3759,.F.);
#3759 = EDGE_CURVE('',#1333,#1927,#3760,.T.);
#3760 = SURFACE_CURVE('',#3761,(#3765,#3772),.PCURVE_S1.);
#3761 = LINE('',#3762,#3763);
#3762 = CARTESIAN_POINT('',(12.85,-1.,4.));
#3763 = VECTOR('',#3764,1.);
#3764 = DIRECTION('',(-0.,1.,0.));
#3765 = PCURVE('',#1373,#3766);
#3766 = DEFINITIONAL_REPRESENTATION('',(#3767),#3771);
#3767 = LINE('',#3768,#3769);
#3768 = CARTESIAN_POINT('',(0.,0.));
#3769 = VECTOR('',#3770,1.);
#3770 = DIRECTION('',(0.,1.));
#3771 = ( GEOMETRIC_REPRESENTATION_CONTEXT(2) 
PARAMETRIC_REPRESENTATION_CONTEXT() REPRESENTATION_CONTEXT('2D SPACE',''
  ) );
#3772 = PCURVE('',#1347,#3773);
#3773 = DEFINITIONAL_REPRESENTATION('',(#3774),#3778);
#3774 = LINE('',#3775,#3776);
#3775 = CARTESIAN_POINT('',(0.,0.));
#3776 = VECTOR('',#3777,1.);
#3777 = DIRECTION('',(0.,-1.));
#3778 = ( GEOMETRIC_REPRESENTATION_CONTEXT(2) 
PARAMETRIC_REPRESENTATION_CONTEXT() REPRESENTATION_CONTEXT('2D SPACE',''
  ) );
#3779 = ORIENTED_EDGE('',*,*,#1358,.T.);
#3780 = ORIENTED_EDGE('',*,*,#3708,.T.);
#3781 = ADVANCED_FACE('',(#3782),#1347,.T.);
#3782 = FACE_BOUND('',#3783,.T.);
#3783 = EDGE_LOOP('',(#3784,#3785,#3786,#3787));
#3784 = ORIENTED_EDGE('',*,*,#3659,.F.);
#3785 = ORIENTED_EDGE('',*,*,#1332,.T.);
#3786 = ORIENTED_EDGE('',*,*,#3759,.T.);
#3787 = ORIENTED_EDGE('',*,*,#2039,.F.);
#3788 = ADVANCED_FACE('',(#3789),#1476,.F.);
#3789 = FACE_BOUND('',#3790,.F.);
#3790 = EDGE_LOOP('',(#3791,#3812,#3813,#3834));
#3791 = ORIENTED_EDGE('',*,*,#3792,.F.);
#3792 = EDGE_CURVE('',#2667,#1460,#3793,.T.);
#3793 = SURFACE_CURVE('',#3794,(#3798,#3805),.PCURVE_S1.);
#3794 = LINE('',#3795,#3796);
#3795 = CARTESIAN_POINT('',(12.85,42.8,7.5));
#3796 = VECTOR('',#3797,1.);
#3797 = DIRECTION('',(-0.,1.,0.));
#3798 = PCURVE('',#1476,#3799);
#3799 = DEFINITIONAL_REPRESENTATION('',(#3800),#3804);
#3800 = LINE('',#3801,#3802);
#3801 = CARTESIAN_POINT('',(0.,0.));
#3802 = VECTOR('',#3803,1.);
#3803 = DIRECTION('',(0.,1.));
#3804 = ( GEOMETRIC_REPRESENTATION_CONTEXT(2) 
PARAMETRIC_REPRESENTATION_CONTEXT() REPRESENTATION_CONTEXT('2D SPACE',''
  ) );
#3805 = PCURVE('',#1502,#3806);
#3806 = DEFINITIONAL_REPRESENTATION('',(#3807),#3811);
#3807 = LINE('',#3808,#3809);
#3808 = CARTESIAN_POINT('',(3.5,0.));
#3809 = VECTOR('',#3810,1.);
#3810 = DIRECTION('',(0.,-1.));
#3811 = ( GEOMETRIC_REPRESENTATION_CONTEXT(2) 
PARAMETRIC_REPRESENTATION_CONTEXT() REPRESENTATION_CONTEXT('2D SPACE',''
  ) );
#3812 = ORIENTED_EDGE('',*,*,#2666,.T.);
#3813 = ORIENTED_EDGE('',*,*,#3814,.T.);
#3814 = EDGE_CURVE('',#2646,#1462,#3815,.T.);
#3815 = SURFACE_CURVE('',#3816,(#3820,#3827),.PCURVE_S1.);
#3816 = LINE('',#3817,#3818);
#3817 = CARTESIAN_POINT('',(18.85,42.8,7.5));
#3818 = VECTOR('',#3819,1.);
#3819 = DIRECTION('',(-0.,1.,0.));
#3820 = PCURVE('',#1476,#3821);
#3821 = DEFINITIONAL_REPRESENTATION('',(#3822),#3826);
#3822 = LINE('',#3823,#3824);
#3823 = CARTESIAN_POINT('',(6.,0.));
#3824 = VECTOR('',#3825,1.);
#3825 = DIRECTION('',(0.,1.));
#3826 = ( GEOMETRIC_REPRESENTATION_CONTEXT(2) 
PARAMETRIC_REPRESENTATION_CONTEXT() REPRESENTATION_CONTEXT('2D SPACE',''
  ) );
#3827 = PCURVE('',#1552,#3828);
#3828 = DEFINITIONAL_REPRESENTATION('',(#3829),#3833);
#3829 = LINE('',#3830,#3831);
#3830 = CARTESIAN_POINT('',(3.5,0.));
#3831 = VECTOR('',#3832,1.);
#3832 = DIRECTION('',(0.,-1.));
#3833 = ( GEOMETRIC_REPRESENTATION_CONTEXT(2) 
PARAMETRIC_REPRESENTATION_CONTEXT() REPRESENTATION_CONTEXT('2D SPACE',''
  ) );
#3834 = ORIENTED_EDGE('',*,*,#1459,.F.);
#3835 = ADVANCED_FACE('',(#3836),#1552,.F.);
#3836 = FACE_BOUND('',#3837,.F.);
#3837 = EDGE_LOOP('',(#3838,#3839,#3840,#3861));
#3838 = ORIENTED_EDGE('',*,*,#3814,.F.);
#3839 = ORIENTED_EDGE('',*,*,#2645,.T.);
#3840 = ORIENTED_EDGE('',*,*,#3841,.T.);
#3841 = EDGE_CURVE('',#2623,#1514,#3842,.T.);
#3842 = SURFACE_CURVE('',#3843,(#3847,#3854),.PCURVE_S1.);
#3843 = LINE('',#3844,#3845);
#3844 = CARTESIAN_POINT('',(18.85,42.8,4.));
#3845 = VECTOR('',#3846,1.);
#3846 = DIRECTION('',(-0.,1.,0.));
#3847 = PCURVE('',#1552,#3848);
#3848 = DEFINITIONAL_REPRESENTATION('',(#3849),#3853);
#3849 = LINE('',#3850,#3851);
#3850 = CARTESIAN_POINT('',(0.,0.));
#3851 = VECTOR('',#3852,1.);
#3852 = DIRECTION('',(0.,-1.));
#3853 = ( GEOMETRIC_REPRESENTATION_CONTEXT(2) 
PARAMETRIC_REPRESENTATION_CONTEXT() REPRESENTATION_CONTEXT('2D SPACE',''
  ) );
#3854 = PCURVE('',#1528,#3855);
#3855 = DEFINITIONAL_REPRESENTATION('',(#3856),#3860);
#3856 = LINE('',#3857,#3858);
#3857 = CARTESIAN_POINT('',(6.,0.));
#3858 = VECTOR('',#3859,1.);
#3859 = DIRECTION('',(0.,1.));
#3860 = ( GEOMETRIC_REPRESENTATION_CONTEXT(2) 
PARAMETRIC_REPRESENTATION_CONTEXT() REPRESENTATION_CONTEXT('2D SPACE',''
  ) );
#3861 = ORIENTED_EDGE('',*,*,#1539,.F.);
#3862 = ADVANCED_FACE('',(#3863),#1528,.T.);
#3863 = FACE_BOUND('',#3864,.T.);
#3864 = EDGE_LOOP('',(#3865,#3886,#3912,#3913));
#3865 = ORIENTED_EDGE('',*,*,#3866,.F.);
#3866 = EDGE_CURVE('',#2577,#1488,#3867,.T.);
#3867 = SURFACE_CURVE('',#3868,(#3872,#3879),.PCURVE_S1.);
#3868 = LINE('',#3869,#3870);
#3869 = CARTESIAN_POINT('',(12.85,42.8,4.));
#3870 = VECTOR('',#3871,1.);
#3871 = DIRECTION('',(-0.,1.,0.));
#3872 = PCURVE('',#1528,#3873);
#3873 = DEFINITIONAL_REPRESENTATION('',(#3874),#3878);
#3874 = LINE('',#3875,#3876);
#3875 = CARTESIAN_POINT('',(0.,0.));
#3876 = VECTOR('',#3877,1.);
#3877 = DIRECTION('',(0.,1.));
#3878 = ( GEOMETRIC_REPRESENTATION_CONTEXT(2) 
PARAMETRIC_REPRESENTATION_CONTEXT() REPRESENTATION_CONTEXT('2D SPACE',''
  ) );
#3879 = PCURVE('',#1502,#3880);
#3880 = DEFINITIONAL_REPRESENTATION('',(#3881),#3885);
#3881 = LINE('',#3882,#3883);
#3882 = CARTESIAN_POINT('',(0.,0.));
#3883 = VECTOR('',#3884,1.);
#3884 = DIRECTION('',(0.,-1.));
#3885 = ( GEOMETRIC_REPRESENTATION_CONTEXT(2) 
PARAMETRIC_REPRESENTATION_CONTEXT() REPRESENTATION_CONTEXT('2D SPACE',''
  ) );
#3886 = ORIENTED_EDGE('',*,*,#3887,.T.);
#3887 = EDGE_CURVE('',#2577,#2623,#3888,.T.);
#3888 = SURFACE_CURVE('',#3889,(#3893,#3900),.PCURVE_S1.);
#3889 = LINE('',#3890,#3891);
#3890 = CARTESIAN_POINT('',(2.8,43.8,4.));
#3891 = VECTOR('',#3892,1.);
#3892 = DIRECTION('',(1.,0.,-0.));
#3893 = PCURVE('',#1528,#3894);
#3894 = DEFINITIONAL_REPRESENTATION('',(#3895),#3899);
#3895 = LINE('',#3896,#3897);
#3896 = CARTESIAN_POINT('',(-10.05,1.));
#3897 = VECTOR('',#3898,1.);
#3898 = DIRECTION('',(1.,0.));
#3899 = ( GEOMETRIC_REPRESENTATION_CONTEXT(2) 
PARAMETRIC_REPRESENTATION_CONTEXT() REPRESENTATION_CONTEXT('2D SPACE',''
  ) );
#3900 = PCURVE('',#3901,#3906);
#3901 = PLANE('',#3902);
#3902 = AXIS2_PLACEMENT_3D('',#3903,#3904,#3905);
#3903 = CARTESIAN_POINT('',(2.8,25.3,4.));
#3904 = DIRECTION('',(0.,0.,1.));
#3905 = DIRECTION('',(1.,0.,-0.));
#3906 = DEFINITIONAL_REPRESENTATION('',(#3907),#3911);
#3907 = LINE('',#3908,#3909);
#3908 = CARTESIAN_POINT('',(0.,18.5));
#3909 = VECTOR('',#3910,1.);
#3910 = DIRECTION('',(1.,0.));
#3911 = ( GEOMETRIC_REPRESENTATION_CONTEXT(2) 
PARAMETRIC_REPRESENTATION_CONTEXT() REPRESENTATION_CONTEXT('2D SPACE',''
  ) );
#3912 = ORIENTED_EDGE('',*,*,#3841,.T.);
#3913 = ORIENTED_EDGE('',*,*,#1513,.F.);
#3914 = ADVANCED_FACE('',(#3915),#1502,.T.);
#3915 = FACE_BOUND('',#3916,.T.);
#3916 = EDGE_LOOP('',(#3917,#3918,#3919,#3920));
#3917 = ORIENTED_EDGE('',*,*,#3792,.F.);
#3918 = ORIENTED_EDGE('',*,*,#2687,.T.);
#3919 = ORIENTED_EDGE('',*,*,#3866,.T.);
#3920 = ORIENTED_EDGE('',*,*,#1487,.F.);
#3921 = ADVANCED_FACE('',(#3922),#1583,.T.);
#3922 = FACE_BOUND('',#3923,.T.);
#3923 = EDGE_LOOP('',(#3924,#3925,#3954,#3982));
#3924 = ORIENTED_EDGE('',*,*,#1566,.F.);
#3925 = ORIENTED_EDGE('',*,*,#3926,.T.);
#3926 = EDGE_CURVE('',#1567,#3927,#3929,.T.);
#3927 = VERTEX_POINT('',#3928);
#3928 = CARTESIAN_POINT('',(31.7,-4.440892098501E-16,0.));
#3929 = SURFACE_CURVE('',#3930,(#3935,#3942),.PCURVE_S1.);
#3930 = CIRCLE('',#3931,2.);
#3931 = AXIS2_PLACEMENT_3D('',#3932,#3933,#3934);
#3932 = CARTESIAN_POINT('',(31.7,2.,0.));
#3933 = DIRECTION('',(0.,0.,1.));
#3934 = DIRECTION('',(0.,-1.,0.));
#3935 = PCURVE('',#1583,#3936);
#3936 = DEFINITIONAL_REPRESENTATION('',(#3937),#3941);
#3937 = LINE('',#3938,#3939);
#3938 = CARTESIAN_POINT('',(-4.712388980385,0.));
#3939 = VECTOR('',#3940,1.);
#3940 = DIRECTION('',(1.,0.));
#3941 = ( GEOMETRIC_REPRESENTATION_CONTEXT(2) 
PARAMETRIC_REPRESENTATION_CONTEXT() REPRESENTATION_CONTEXT('2D SPACE',''
  ) );
#3942 = PCURVE('',#3943,#3948);
#3943 = PLANE('',#3944);
#3944 = AXIS2_PLACEMENT_3D('',#3945,#3946,#3947);
#3945 = CARTESIAN_POINT('',(29.7,0.,0.));
#3946 = DIRECTION('',(0.,0.,1.));
#3947 = DIRECTION('',(1.,0.,-0.));
#3948 = DEFINITIONAL_REPRESENTATION('',(#3949),#3953);
#3949 = CIRCLE('',#3950,2.);
#3950 = AXIS2_PLACEMENT_2D('',#3951,#3952);
#3951 = CARTESIAN_POINT('',(2.,2.));
#3952 = DIRECTION('',(0.,-1.));
#3953 = ( GEOMETRIC_REPRESENTATION_CONTEXT(2) 
PARAMETRIC_REPRESENTATION_CONTEXT() REPRESENTATION_CONTEXT('2D SPACE',''
  ) );
#3954 = ORIENTED_EDGE('',*,*,#3955,.T.);
#3955 = EDGE_CURVE('',#3927,#3956,#3958,.T.);
#3956 = VERTEX_POINT('',#3957);
#3957 = CARTESIAN_POINT('',(31.7,-4.440892098501E-16,4.));
#3958 = SURFACE_CURVE('',#3959,(#3963,#3970),.PCURVE_S1.);
#3959 = LINE('',#3960,#3961);
#3960 = CARTESIAN_POINT('',(31.7,-4.440892098501E-16,0.));
#3961 = VECTOR('',#3962,1.);
#3962 = DIRECTION('',(0.,0.,1.));
#3963 = PCURVE('',#1583,#3964);
#3964 = DEFINITIONAL_REPRESENTATION('',(#3965),#3969);
#3965 = LINE('',#3966,#3967);
#3966 = CARTESIAN_POINT('',(1.570796326795,0.));
#3967 = VECTOR('',#3968,1.);
#3968 = DIRECTION('',(0.,1.));
#3969 = ( GEOMETRIC_REPRESENTATION_CONTEXT(2) 
PARAMETRIC_REPRESENTATION_CONTEXT() REPRESENTATION_CONTEXT('2D SPACE',''
  ) );
#3970 = PCURVE('',#3971,#3976);
#3971 = PLANE('',#3972);
#3972 = AXIS2_PLACEMENT_3D('',#3973,#3974,#3975);
#3973 = CARTESIAN_POINT('',(29.7,0.,0.));
#3974 = DIRECTION('',(-0.,1.,0.));
#3975 = DIRECTION('',(0.,0.,1.));
#3976 = DEFINITIONAL_REPRESENTATION('',(#3977),#3981);
#3977 = LINE('',#3978,#3979);
#3978 = CARTESIAN_POINT('',(0.,2.));
#3979 = VECTOR('',#3980,1.);
#3980 = DIRECTION('',(1.,0.));
#3981 = ( GEOMETRIC_REPRESENTATION_CONTEXT(2) 
PARAMETRIC_REPRESENTATION_CONTEXT() REPRESENTATION_CONTEXT('2D SPACE',''
  ) );
#3982 = ORIENTED_EDGE('',*,*,#3983,.F.);
#3983 = EDGE_CURVE('',#1569,#3956,#3984,.T.);
#3984 = SURFACE_CURVE('',#3985,(#3990,#3997),.PCURVE_S1.);
#3985 = CIRCLE('',#3986,2.);
#3986 = AXIS2_PLACEMENT_3D('',#3987,#3988,#3989);
#3987 = CARTESIAN_POINT('',(31.7,2.,4.));
#3988 = DIRECTION('',(0.,0.,1.));
#3989 = DIRECTION('',(0.,-1.,0.));
#3990 = PCURVE('',#1583,#3991);
#3991 = DEFINITIONAL_REPRESENTATION('',(#3992),#3996);
#3992 = LINE('',#3993,#3994);
#3993 = CARTESIAN_POINT('',(-4.712388980385,4.));
#3994 = VECTOR('',#3995,1.);
#3995 = DIRECTION('',(1.,0.));
#3996 = ( GEOMETRIC_REPRESENTATION_CONTEXT(2) 
PARAMETRIC_REPRESENTATION_CONTEXT() REPRESENTATION_CONTEXT('2D SPACE',''
  ) );
#3997 = PCURVE('',#1660,#3998);
#3998 = DEFINITIONAL_REPRESENTATION('',(#3999),#4003);
#3999 = CIRCLE('',#4000,2.);
#4000 = AXIS2_PLACEMENT_2D('',#4001,#4002);
#4001 = CARTESIAN_POINT('',(2.,2.));
#4002 = DIRECTION('',(0.,-1.));
#4003 = ( GEOMETRIC_REPRESENTATION_CONTEXT(2) 
PARAMETRIC_REPRESENTATION_CONTEXT() REPRESENTATION_CONTEXT('2D SPACE',''
  ) );
#4004 = ADVANCED_FACE('',(#4005,#4178,#4209),#1660,.T.);
#4005 = FACE_BOUND('',#4006,.T.);
#4006 = EDGE_LOOP('',(#4007,#4008,#4009,#4032,#4065,#4093,#4122,#4150,
    #4176,#4177));
#4007 = ORIENTED_EDGE('',*,*,#1645,.F.);
#4008 = ORIENTED_EDGE('',*,*,#3983,.T.);
#4009 = ORIENTED_EDGE('',*,*,#4010,.T.);
#4010 = EDGE_CURVE('',#3956,#4011,#4013,.T.);
#4011 = VERTEX_POINT('',#4012);
#4012 = CARTESIAN_POINT('',(37.2,-4.440892098501E-16,4.));
#4013 = SURFACE_CURVE('',#4014,(#4018,#4025),.PCURVE_S1.);
#4014 = LINE('',#4015,#4016);
#4015 = CARTESIAN_POINT('',(29.7,0.,4.));
#4016 = VECTOR('',#4017,1.);
#4017 = DIRECTION('',(1.,0.,-0.));
#4018 = PCURVE('',#1660,#4019);
#4019 = DEFINITIONAL_REPRESENTATION('',(#4020),#4024);
#4020 = LINE('',#4021,#4022);
#4021 = CARTESIAN_POINT('',(0.,0.));
#4022 = VECTOR('',#4023,1.);
#4023 = DIRECTION('',(1.,0.));
#4024 = ( GEOMETRIC_REPRESENTATION_CONTEXT(2) 
PARAMETRIC_REPRESENTATION_CONTEXT() REPRESENTATION_CONTEXT('2D SPACE',''
  ) );
#4025 = PCURVE('',#3971,#4026);
#4026 = DEFINITIONAL_REPRESENTATION('',(#4027),#4031);
#4027 = LINE('',#4028,#4029);
#4028 = CARTESIAN_POINT('',(4.,0.));
#4029 = VECTOR('',#4030,1.);
#4030 = DIRECTION('',(0.,1.));
#4031 = ( GEOMETRIC_REPRESENTATION_CONTEXT(2) 
PARAMETRIC_REPRESENTATION_CONTEXT() REPRESENTATION_CONTEXT('2D SPACE',''
  ) );
#4032 = ORIENTED_EDGE('',*,*,#4033,.F.);
#4033 = EDGE_CURVE('',#4034,#4011,#4036,.T.);
#4034 = VERTEX_POINT('',#4035);
#4035 = CARTESIAN_POINT('',(39.2,2.,4.));
#4036 = SURFACE_CURVE('',#4037,(#4042,#4053),.PCURVE_S1.);
#4037 = CIRCLE('',#4038,2.);
#4038 = AXIS2_PLACEMENT_3D('',#4039,#4040,#4041);
#4039 = CARTESIAN_POINT('',(37.2,2.,4.));
#4040 = DIRECTION('',(-0.,-0.,-1.));
#4041 = DIRECTION('',(0.,-1.,0.));
#4042 = PCURVE('',#1660,#4043);
#4043 = DEFINITIONAL_REPRESENTATION('',(#4044),#4052);
#4044 = ( BOUNDED_CURVE() B_SPLINE_CURVE(2,(#4045,#4046,#4047,#4048,
#4049,#4050,#4051),.UNSPECIFIED.,.T.,.F.) B_SPLINE_CURVE_WITH_KNOTS((1,2
    ,2,2,2,1),(-2.094395102393,0.,2.094395102393,4.188790204786,
6.28318530718,8.377580409573),.UNSPECIFIED.) CURVE() 
GEOMETRIC_REPRESENTATION_ITEM() RATIONAL_B_SPLINE_CURVE((1.,0.5,1.,0.5,
1.,0.5,1.)) REPRESENTATION_ITEM('') );
#4045 = CARTESIAN_POINT('',(7.5,-4.440892098501E-16));
#4046 = CARTESIAN_POINT('',(4.035898384862,-4.440892098501E-16));
#4047 = CARTESIAN_POINT('',(5.767949192431,3.));
#4048 = CARTESIAN_POINT('',(7.5,6.));
#4049 = CARTESIAN_POINT('',(9.232050807569,3.));
#4050 = CARTESIAN_POINT('',(10.964101615138,2.886579864025E-15));
#4051 = CARTESIAN_POINT('',(7.5,-4.440892098501E-16));
#4052 = ( GEOMETRIC_REPRESENTATION_CONTEXT(2) 
PARAMETRIC_REPRESENTATION_CONTEXT() REPRESENTATION_CONTEXT('2D SPACE',''
  ) );
#4053 = PCURVE('',#4054,#4059);
#4054 = CYLINDRICAL_SURFACE('',#4055,2.);
#4055 = AXIS2_PLACEMENT_3D('',#4056,#4057,#4058);
#4056 = CARTESIAN_POINT('',(37.2,2.,0.));
#4057 = DIRECTION('',(0.,0.,1.));
#4058 = DIRECTION('',(1.,0.,-0.));
#4059 = DEFINITIONAL_REPRESENTATION('',(#4060),#4064);
#4060 = LINE('',#4061,#4062);
#4061 = CARTESIAN_POINT('',(4.712388980385,4.));
#4062 = VECTOR('',#4063,1.);
#4063 = DIRECTION('',(-1.,0.));
#4064 = ( GEOMETRIC_REPRESENTATION_CONTEXT(2) 
PARAMETRIC_REPRESENTATION_CONTEXT() REPRESENTATION_CONTEXT('2D SPACE',''
  ) );
#4065 = ORIENTED_EDGE('',*,*,#4066,.T.);
#4066 = EDGE_CURVE('',#4034,#4067,#4069,.T.);
#4067 = VERTEX_POINT('',#4068);
#4068 = CARTESIAN_POINT('',(39.2,44.6,4.));
#4069 = SURFACE_CURVE('',#4070,(#4074,#4081),.PCURVE_S1.);
#4070 = LINE('',#4071,#4072);
#4071 = CARTESIAN_POINT('',(39.2,0.,4.));
#4072 = VECTOR('',#4073,1.);
#4073 = DIRECTION('',(-0.,1.,0.));
#4074 = PCURVE('',#1660,#4075);
#4075 = DEFINITIONAL_REPRESENTATION('',(#4076),#4080);
#4076 = LINE('',#4077,#4078);
#4077 = CARTESIAN_POINT('',(9.5,0.));
#4078 = VECTOR('',#4079,1.);
#4079 = DIRECTION('',(0.,1.));
#4080 = ( GEOMETRIC_REPRESENTATION_CONTEXT(2) 
PARAMETRIC_REPRESENTATION_CONTEXT() REPRESENTATION_CONTEXT('2D SPACE',''
  ) );
#4081 = PCURVE('',#4082,#4087);
#4082 = PLANE('',#4083);
#4083 = AXIS2_PLACEMENT_3D('',#4084,#4085,#4086);
#4084 = CARTESIAN_POINT('',(39.2,0.,0.));
#4085 = DIRECTION('',(1.,0.,-0.));
#4086 = DIRECTION('',(0.,0.,1.));
#4087 = DEFINITIONAL_REPRESENTATION('',(#4088),#4092);
#4088 = LINE('',#4089,#4090);
#4089 = CARTESIAN_POINT('',(4.,0.));
#4090 = VECTOR('',#4091,1.);
#4091 = DIRECTION('',(0.,-1.));
#4092 = ( GEOMETRIC_REPRESENTATION_CONTEXT(2) 
PARAMETRIC_REPRESENTATION_CONTEXT() REPRESENTATION_CONTEXT('2D SPACE',''
  ) );
#4093 = ORIENTED_EDGE('',*,*,#4094,.T.);
#4094 = EDGE_CURVE('',#4067,#4095,#4097,.T.);
#4095 = VERTEX_POINT('',#4096);
#4096 = CARTESIAN_POINT('',(37.2,46.6,4.));
#4097 = SURFACE_CURVE('',#4098,(#4103,#4110),.PCURVE_S1.);
#4098 = CIRCLE('',#4099,2.);
#4099 = AXIS2_PLACEMENT_3D('',#4100,#4101,#4102);
#4100 = CARTESIAN_POINT('',(37.2,44.6,4.));
#4101 = DIRECTION('',(0.,0.,1.));
#4102 = DIRECTION('',(0.,-1.,0.));
#4103 = PCURVE('',#1660,#4104);
#4104 = DEFINITIONAL_REPRESENTATION('',(#4105),#4109);
#4105 = CIRCLE('',#4106,2.);
#4106 = AXIS2_PLACEMENT_2D('',#4107,#4108);
#4107 = CARTESIAN_POINT('',(7.5,44.6));
#4108 = DIRECTION('',(0.,-1.));
#4109 = ( GEOMETRIC_REPRESENTATION_CONTEXT(2) 
PARAMETRIC_REPRESENTATION_CONTEXT() REPRESENTATION_CONTEXT('2D SPACE',''
  ) );
#4110 = PCURVE('',#4111,#4116);
#4111 = CYLINDRICAL_SURFACE('',#4112,2.);
#4112 = AXIS2_PLACEMENT_3D('',#4113,#4114,#4115);
#4113 = CARTESIAN_POINT('',(37.2,44.6,0.));
#4114 = DIRECTION('',(0.,0.,1.));
#4115 = DIRECTION('',(1.,0.,-0.));
#4116 = DEFINITIONAL_REPRESENTATION('',(#4117),#4121);
#4117 = LINE('',#4118,#4119);
#4118 = CARTESIAN_POINT('',(-1.570796326795,4.));
#4119 = VECTOR('',#4120,1.);
#4120 = DIRECTION('',(1.,0.));
#4121 = ( GEOMETRIC_REPRESENTATION_CONTEXT(2) 
PARAMETRIC_REPRESENTATION_CONTEXT() REPRESENTATION_CONTEXT('2D SPACE',''
  ) );
#4122 = ORIENTED_EDGE('',*,*,#4123,.F.);
#4123 = EDGE_CURVE('',#4124,#4095,#4126,.T.);
#4124 = VERTEX_POINT('',#4125);
#4125 = CARTESIAN_POINT('',(31.7,46.6,4.));
#4126 = SURFACE_CURVE('',#4127,(#4131,#4138),.PCURVE_S1.);
#4127 = LINE('',#4128,#4129);
#4128 = CARTESIAN_POINT('',(29.7,46.6,4.));
#4129 = VECTOR('',#4130,1.);
#4130 = DIRECTION('',(1.,0.,-0.));
#4131 = PCURVE('',#1660,#4132);
#4132 = DEFINITIONAL_REPRESENTATION('',(#4133),#4137);
#4133 = LINE('',#4134,#4135);
#4134 = CARTESIAN_POINT('',(0.,46.6));
#4135 = VECTOR('',#4136,1.);
#4136 = DIRECTION('',(1.,0.));
#4137 = ( GEOMETRIC_REPRESENTATION_CONTEXT(2) 
PARAMETRIC_REPRESENTATION_CONTEXT() REPRESENTATION_CONTEXT('2D SPACE',''
  ) );
#4138 = PCURVE('',#4139,#4144);
#4139 = PLANE('',#4140);
#4140 = AXIS2_PLACEMENT_3D('',#4141,#4142,#4143);
#4141 = CARTESIAN_POINT('',(29.7,46.6,0.));
#4142 = DIRECTION('',(-0.,1.,0.));
#4143 = DIRECTION('',(0.,0.,1.));
#4144 = DEFINITIONAL_REPRESENTATION('',(#4145),#4149);
#4145 = LINE('',#4146,#4147);
#4146 = CARTESIAN_POINT('',(4.,0.));
#4147 = VECTOR('',#4148,1.);
#4148 = DIRECTION('',(0.,1.));
#4149 = ( GEOMETRIC_REPRESENTATION_CONTEXT(2) 
PARAMETRIC_REPRESENTATION_CONTEXT() REPRESENTATION_CONTEXT('2D SPACE',''
  ) );
#4150 = ORIENTED_EDGE('',*,*,#4151,.F.);
#4151 = EDGE_CURVE('',#1678,#4124,#4152,.T.);
#4152 = SURFACE_CURVE('',#4153,(#4158,#4169),.PCURVE_S1.);
#4153 = CIRCLE('',#4154,2.);
#4154 = AXIS2_PLACEMENT_3D('',#4155,#4156,#4157);
#4155 = CARTESIAN_POINT('',(31.7,44.6,4.));
#4156 = DIRECTION('',(-0.,-0.,-1.));
#4157 = DIRECTION('',(0.,-1.,0.));
#4158 = PCURVE('',#1660,#4159);
#4159 = DEFINITIONAL_REPRESENTATION('',(#4160),#4168);
#4160 = ( BOUNDED_CURVE() B_SPLINE_CURVE(2,(#4161,#4162,#4163,#4164,
#4165,#4166,#4167),.UNSPECIFIED.,.T.,.F.) B_SPLINE_CURVE_WITH_KNOTS((1,2
    ,2,2,2,1),(-2.094395102393,0.,2.094395102393,4.188790204786,
6.28318530718,8.377580409573),.UNSPECIFIED.) CURVE() 
GEOMETRIC_REPRESENTATION_ITEM() RATIONAL_B_SPLINE_CURVE((1.,0.5,1.,0.5,
1.,0.5,1.)) REPRESENTATION_ITEM('') );
#4161 = CARTESIAN_POINT('',(2.,42.6));
#4162 = CARTESIAN_POINT('',(-1.464101615138,42.6));
#4163 = CARTESIAN_POINT('',(0.267949192431,45.6));
#4164 = CARTESIAN_POINT('',(2.,48.6));
#4165 = CARTESIAN_POINT('',(3.732050807569,45.6));
#4166 = CARTESIAN_POINT('',(5.464101615138,42.6));
#4167 = CARTESIAN_POINT('',(2.,42.6));
#4168 = ( GEOMETRIC_REPRESENTATION_CONTEXT(2) 
PARAMETRIC_REPRESENTATION_CONTEXT() REPRESENTATION_CONTEXT('2D SPACE',''
  ) );
#4169 = PCURVE('',#1692,#4170);
#4170 = DEFINITIONAL_REPRESENTATION('',(#4171),#4175);
#4171 = LINE('',#4172,#4173);
#4172 = CARTESIAN_POINT('',(1.570796326795,4.));
#4173 = VECTOR('',#4174,1.);
#4174 = DIRECTION('',(-1.,0.));
#4175 = ( GEOMETRIC_REPRESENTATION_CONTEXT(2) 
PARAMETRIC_REPRESENTATION_CONTEXT() REPRESENTATION_CONTEXT('2D SPACE',''
  ) );
#4176 = ORIENTED_EDGE('',*,*,#1750,.F.);
#4177 = ORIENTED_EDGE('',*,*,#1777,.T.);
#4178 = FACE_BOUND('',#4179,.T.);
#4179 = EDGE_LOOP('',(#4180));
#4180 = ORIENTED_EDGE('',*,*,#4181,.F.);
#4181 = EDGE_CURVE('',#4182,#4182,#4184,.T.);
#4182 = VERTEX_POINT('',#4183);
#4183 = CARTESIAN_POINT('',(38.55,10.252,4.));
#4184 = SURFACE_CURVE('',#4185,(#4190,#4197),.PCURVE_S1.);
#4185 = CIRCLE('',#4186,3.1);
#4186 = AXIS2_PLACEMENT_3D('',#4187,#4188,#4189);
#4187 = CARTESIAN_POINT('',(35.45,10.252,4.));
#4188 = DIRECTION('',(0.,0.,1.));
#4189 = DIRECTION('',(1.,0.,-0.));
#4190 = PCURVE('',#1660,#4191);
#4191 = DEFINITIONAL_REPRESENTATION('',(#4192),#4196);
#4192 = CIRCLE('',#4193,3.1);
#4193 = AXIS2_PLACEMENT_2D('',#4194,#4195);
#4194 = CARTESIAN_POINT('',(5.75,10.252));
#4195 = DIRECTION('',(1.,0.));
#4196 = ( GEOMETRIC_REPRESENTATION_CONTEXT(2) 
PARAMETRIC_REPRESENTATION_CONTEXT() REPRESENTATION_CONTEXT('2D SPACE',''
  ) );
#4197 = PCURVE('',#4198,#4203);
#4198 = CYLINDRICAL_SURFACE('',#4199,3.1);
#4199 = AXIS2_PLACEMENT_3D('',#4200,#4201,#4202);
#4200 = CARTESIAN_POINT('',(35.45,10.252,1.));
#4201 = DIRECTION('',(0.,0.,1.));
#4202 = DIRECTION('',(1.,0.,-0.));
#4203 = DEFINITIONAL_REPRESENTATION('',(#4204),#4208);
#4204 = LINE('',#4205,#4206);
#4205 = CARTESIAN_POINT('',(0.,3.));
#4206 = VECTOR('',#4207,1.);
#4207 = DIRECTION('',(1.,0.));
#4208 = ( GEOMETRIC_REPRESENTATION_CONTEXT(2) 
PARAMETRIC_REPRESENTATION_CONTEXT() REPRESENTATION_CONTEXT('2D SPACE',''
  ) );
#4209 = FACE_BOUND('',#4210,.T.);
#4210 = EDGE_LOOP('',(#4211));
#4211 = ORIENTED_EDGE('',*,*,#4212,.F.);
#4212 = EDGE_CURVE('',#4213,#4213,#4215,.T.);
#4213 = VERTEX_POINT('',#4214);
#4214 = CARTESIAN_POINT('',(38.55,36.348,4.));
#4215 = SURFACE_CURVE('',#4216,(#4221,#4228),.PCURVE_S1.);
#4216 = CIRCLE('',#4217,3.1);
#4217 = AXIS2_PLACEMENT_3D('',#4218,#4219,#4220);
#4218 = CARTESIAN_POINT('',(35.45,36.348,4.));
#4219 = DIRECTION('',(0.,0.,1.));
#4220 = DIRECTION('',(1.,0.,-0.));
#4221 = PCURVE('',#1660,#4222);
#4222 = DEFINITIONAL_REPRESENTATION('',(#4223),#4227);
#4223 = CIRCLE('',#4224,3.1);
#4224 = AXIS2_PLACEMENT_2D('',#4225,#4226);
#4225 = CARTESIAN_POINT('',(5.75,36.348));
#4226 = DIRECTION('',(1.,0.));
#4227 = ( GEOMETRIC_REPRESENTATION_CONTEXT(2) 
PARAMETRIC_REPRESENTATION_CONTEXT() REPRESENTATION_CONTEXT('2D SPACE',''
  ) );
#4228 = PCURVE('',#4229,#4234);
#4229 = CYLINDRICAL_SURFACE('',#4230,3.1);
#4230 = AXIS2_PLACEMENT_3D('',#4231,#4232,#4233);
#4231 = CARTESIAN_POINT('',(35.45,36.348,1.));
#4232 = DIRECTION('',(0.,0.,1.));
#4233 = DIRECTION('',(1.,0.,-0.));
#4234 = DEFINITIONAL_REPRESENTATION('',(#4235),#4239);
#4235 = LINE('',#4236,#4237);
#4236 = CARTESIAN_POINT('',(0.,3.));
#4237 = VECTOR('',#4238,1.);
#4238 = DIRECTION('',(1.,0.));
#4239 = ( GEOMETRIC_REPRESENTATION_CONTEXT(2) 
PARAMETRIC_REPRESENTATION_CONTEXT() REPRESENTATION_CONTEXT('2D SPACE',''
  ) );
#4240 = ADVANCED_FACE('',(#4241),#1692,.T.);
#4241 = FACE_BOUND('',#4242,.F.);
#4242 = EDGE_LOOP('',(#4243,#4244,#4272,#4293));
#4243 = ORIENTED_EDGE('',*,*,#1675,.F.);
#4244 = ORIENTED_EDGE('',*,*,#4245,.T.);
#4245 = EDGE_CURVE('',#1676,#4246,#4248,.T.);
#4246 = VERTEX_POINT('',#4247);
#4247 = CARTESIAN_POINT('',(31.7,46.6,0.));
#4248 = SURFACE_CURVE('',#4249,(#4254,#4261),.PCURVE_S1.);
#4249 = CIRCLE('',#4250,2.);
#4250 = AXIS2_PLACEMENT_3D('',#4251,#4252,#4253);
#4251 = CARTESIAN_POINT('',(31.7,44.6,0.));
#4252 = DIRECTION('',(-0.,-0.,-1.));
#4253 = DIRECTION('',(0.,-1.,0.));
#4254 = PCURVE('',#1692,#4255);
#4255 = DEFINITIONAL_REPRESENTATION('',(#4256),#4260);
#4256 = LINE('',#4257,#4258);
#4257 = CARTESIAN_POINT('',(1.570796326795,-0.));
#4258 = VECTOR('',#4259,1.);
#4259 = DIRECTION('',(-1.,0.));
#4260 = ( GEOMETRIC_REPRESENTATION_CONTEXT(2) 
PARAMETRIC_REPRESENTATION_CONTEXT() REPRESENTATION_CONTEXT('2D SPACE',''
  ) );
#4261 = PCURVE('',#3943,#4262);
#4262 = DEFINITIONAL_REPRESENTATION('',(#4263),#4271);
#4263 = ( BOUNDED_CURVE() B_SPLINE_CURVE(2,(#4264,#4265,#4266,#4267,
#4268,#4269,#4270),.UNSPECIFIED.,.T.,.F.) B_SPLINE_CURVE_WITH_KNOTS((1,2
    ,2,2,2,1),(-2.094395102393,0.,2.094395102393,4.188790204786,
6.28318530718,8.377580409573),.UNSPECIFIED.) CURVE() 
GEOMETRIC_REPRESENTATION_ITEM() RATIONAL_B_SPLINE_CURVE((1.,0.5,1.,0.5,
1.,0.5,1.)) REPRESENTATION_ITEM('') );
#4264 = CARTESIAN_POINT('',(2.,42.6));
#4265 = CARTESIAN_POINT('',(-1.464101615138,42.6));
#4266 = CARTESIAN_POINT('',(0.267949192431,45.6));
#4267 = CARTESIAN_POINT('',(2.,48.6));
#4268 = CARTESIAN_POINT('',(3.732050807569,45.6));
#4269 = CARTESIAN_POINT('',(5.464101615138,42.6));
#4270 = CARTESIAN_POINT('',(2.,42.6));
#4271 = ( GEOMETRIC_REPRESENTATION_CONTEXT(2) 
PARAMETRIC_REPRESENTATION_CONTEXT() REPRESENTATION_CONTEXT('2D SPACE',''
  ) );
#4272 = ORIENTED_EDGE('',*,*,#4273,.T.);
#4273 = EDGE_CURVE('',#4246,#4124,#4274,.T.);
#4274 = SURFACE_CURVE('',#4275,(#4279,#4286),.PCURVE_S1.);
#4275 = LINE('',#4276,#4277);
#4276 = CARTESIAN_POINT('',(31.7,46.6,0.));
#4277 = VECTOR('',#4278,1.);
#4278 = DIRECTION('',(0.,0.,1.));
#4279 = PCURVE('',#1692,#4280);
#4280 = DEFINITIONAL_REPRESENTATION('',(#4281),#4285);
#4281 = LINE('',#4282,#4283);
#4282 = CARTESIAN_POINT('',(-1.570796326795,0.));
#4283 = VECTOR('',#4284,1.);
#4284 = DIRECTION('',(-0.,1.));
#4285 = ( GEOMETRIC_REPRESENTATION_CONTEXT(2) 
PARAMETRIC_REPRESENTATION_CONTEXT() REPRESENTATION_CONTEXT('2D SPACE',''
  ) );
#4286 = PCURVE('',#4139,#4287);
#4287 = DEFINITIONAL_REPRESENTATION('',(#4288),#4292);
#4288 = LINE('',#4289,#4290);
#4289 = CARTESIAN_POINT('',(0.,2.));
#4290 = VECTOR('',#4291,1.);
#4291 = DIRECTION('',(1.,0.));
#4292 = ( GEOMETRIC_REPRESENTATION_CONTEXT(2) 
PARAMETRIC_REPRESENTATION_CONTEXT() REPRESENTATION_CONTEXT('2D SPACE',''
  ) );
#4293 = ORIENTED_EDGE('',*,*,#4151,.F.);
#4294 = ADVANCED_FACE('',(#4295,#4373,#4399,#4425,#4451),#1840,.T.);
#4295 = FACE_BOUND('',#4296,.T.);
#4296 = EDGE_LOOP('',(#4297,#4298,#4299,#4300,#4323,#4346,#4367,#4368,
    #4369,#4370,#4371,#4372));
#4297 = ORIENTED_EDGE('',*,*,#1879,.F.);
#4298 = ORIENTED_EDGE('',*,*,#1823,.T.);
#4299 = ORIENTED_EDGE('',*,*,#1926,.T.);
#4300 = ORIENTED_EDGE('',*,*,#4301,.T.);
#4301 = EDGE_CURVE('',#1927,#4302,#4304,.T.);
#4302 = VERTEX_POINT('',#4303);
#4303 = CARTESIAN_POINT('',(12.85,3.8,4.));
#4304 = SURFACE_CURVE('',#4305,(#4309,#4316),.PCURVE_S1.);
#4305 = LINE('',#4306,#4307);
#4306 = CARTESIAN_POINT('',(12.85,-1.,4.));
#4307 = VECTOR('',#4308,1.);
#4308 = DIRECTION('',(-0.,1.,0.));
#4309 = PCURVE('',#1840,#4310);
#4310 = DEFINITIONAL_REPRESENTATION('',(#4311),#4315);
#4311 = LINE('',#4312,#4313);
#4312 = CARTESIAN_POINT('',(10.05,-3.8));
#4313 = VECTOR('',#4314,1.);
#4314 = DIRECTION('',(0.,1.));
#4315 = ( GEOMETRIC_REPRESENTATION_CONTEXT(2) 
PARAMETRIC_REPRESENTATION_CONTEXT() REPRESENTATION_CONTEXT('2D SPACE',''
  ) );
#4316 = PCURVE('',#3747,#4317);
#4317 = DEFINITIONAL_REPRESENTATION('',(#4318),#4322);
#4318 = LINE('',#4319,#4320);
#4319 = CARTESIAN_POINT('',(10.05,-3.8));
#4320 = VECTOR('',#4321,1.);
#4321 = DIRECTION('',(0.,1.));
#4322 = ( GEOMETRIC_REPRESENTATION_CONTEXT(2) 
PARAMETRIC_REPRESENTATION_CONTEXT() REPRESENTATION_CONTEXT('2D SPACE',''
  ) );
#4323 = ORIENTED_EDGE('',*,*,#4324,.T.);
#4324 = EDGE_CURVE('',#4302,#4325,#4327,.T.);
#4325 = VERTEX_POINT('',#4326);
#4326 = CARTESIAN_POINT('',(18.85,3.8,4.));
#4327 = SURFACE_CURVE('',#4328,(#4332,#4339),.PCURVE_S1.);
#4328 = LINE('',#4329,#4330);
#4329 = CARTESIAN_POINT('',(12.85,3.8,4.));
#4330 = VECTOR('',#4331,1.);
#4331 = DIRECTION('',(1.,0.,-0.));
#4332 = PCURVE('',#1840,#4333);
#4333 = DEFINITIONAL_REPRESENTATION('',(#4334),#4338);
#4334 = LINE('',#4335,#4336);
#4335 = CARTESIAN_POINT('',(10.05,1.));
#4336 = VECTOR('',#4337,1.);
#4337 = DIRECTION('',(1.,0.));
#4338 = ( GEOMETRIC_REPRESENTATION_CONTEXT(2) 
PARAMETRIC_REPRESENTATION_CONTEXT() REPRESENTATION_CONTEXT('2D SPACE',''
  ) );
#4339 = PCURVE('',#3747,#4340);
#4340 = DEFINITIONAL_REPRESENTATION('',(#4341),#4345);
#4341 = LINE('',#4342,#4343);
#4342 = CARTESIAN_POINT('',(10.05,1.));
#4343 = VECTOR('',#4344,1.);
#4344 = DIRECTION('',(1.,0.));
#4345 = ( GEOMETRIC_REPRESENTATION_CONTEXT(2) 
PARAMETRIC_REPRESENTATION_CONTEXT() REPRESENTATION_CONTEXT('2D SPACE',''
  ) );
#4346 = ORIENTED_EDGE('',*,*,#4347,.F.);
#4347 = EDGE_CURVE('',#1975,#4325,#4348,.T.);
#4348 = SURFACE_CURVE('',#4349,(#4353,#4360),.PCURVE_S1.);
#4349 = LINE('',#4350,#4351);
#4350 = CARTESIAN_POINT('',(18.85,-1.,4.));
#4351 = VECTOR('',#4352,1.);
#4352 = DIRECTION('',(-0.,1.,0.));
#4353 = PCURVE('',#1840,#4354);
#4354 = DEFINITIONAL_REPRESENTATION('',(#4355),#4359);
#4355 = LINE('',#4356,#4357);
#4356 = CARTESIAN_POINT('',(16.05,-3.8));
#4357 = VECTOR('',#4358,1.);
#4358 = DIRECTION('',(0.,1.));
#4359 = ( GEOMETRIC_REPRESENTATION_CONTEXT(2) 
PARAMETRIC_REPRESENTATION_CONTEXT() REPRESENTATION_CONTEXT('2D SPACE',''
  ) );
#4360 = PCURVE('',#3747,#4361);
#4361 = DEFINITIONAL_REPRESENTATION('',(#4362),#4366);
#4362 = LINE('',#4363,#4364);
#4363 = CARTESIAN_POINT('',(16.05,-3.8));
#4364 = VECTOR('',#4365,1.);
#4365 = DIRECTION('',(0.,1.));
#4366 = ( GEOMETRIC_REPRESENTATION_CONTEXT(2) 
PARAMETRIC_REPRESENTATION_CONTEXT() REPRESENTATION_CONTEXT('2D SPACE',''
  ) );
#4367 = ORIENTED_EDGE('',*,*,#1974,.T.);
#4368 = ORIENTED_EDGE('',*,*,#2138,.F.);
#4369 = ORIENTED_EDGE('',*,*,#2220,.T.);
#4370 = ORIENTED_EDGE('',*,*,#2268,.T.);
#4371 = ORIENTED_EDGE('',*,*,#2169,.F.);
#4372 = ORIENTED_EDGE('',*,*,#2062,.F.);
#4373 = FACE_BOUND('',#4374,.T.);
#4374 = EDGE_LOOP('',(#4375));
#4375 = ORIENTED_EDGE('',*,*,#4376,.F.);
#4376 = EDGE_CURVE('',#4377,#4377,#4379,.T.);
#4377 = VERTEX_POINT('',#4378);
#4378 = CARTESIAN_POINT('',(7.39,5.7,4.));
#4379 = SURFACE_CURVE('',#4380,(#4385,#4392),.PCURVE_S1.);
#4380 = CIRCLE('',#4381,1.7);
#4381 = AXIS2_PLACEMENT_3D('',#4382,#4383,#4384);
#4382 = CARTESIAN_POINT('',(5.69,5.7,4.));
#4383 = DIRECTION('',(0.,0.,1.));
#4384 = DIRECTION('',(1.,0.,-0.));
#4385 = PCURVE('',#1840,#4386);
#4386 = DEFINITIONAL_REPRESENTATION('',(#4387),#4391);
#4387 = CIRCLE('',#4388,1.7);
#4388 = AXIS2_PLACEMENT_2D('',#4389,#4390);
#4389 = CARTESIAN_POINT('',(2.89,2.9));
#4390 = DIRECTION('',(1.,0.));
#4391 = ( GEOMETRIC_REPRESENTATION_CONTEXT(2) 
PARAMETRIC_REPRESENTATION_CONTEXT() REPRESENTATION_CONTEXT('2D SPACE',''
  ) );
#4392 = PCURVE('',#3034,#4393);
#4393 = DEFINITIONAL_REPRESENTATION('',(#4394),#4398);
#4394 = LINE('',#4395,#4396);
#4395 = CARTESIAN_POINT('',(0.,4.4));
#4396 = VECTOR('',#4397,1.);
#4397 = DIRECTION('',(1.,0.));
#4398 = ( GEOMETRIC_REPRESENTATION_CONTEXT(2) 
PARAMETRIC_REPRESENTATION_CONTEXT() REPRESENTATION_CONTEXT('2D SPACE',''
  ) );
#4399 = FACE_BOUND('',#4400,.T.);
#4400 = EDGE_LOOP('',(#4401));
#4401 = ORIENTED_EDGE('',*,*,#4402,.F.);
#4402 = EDGE_CURVE('',#4403,#4403,#4405,.T.);
#4403 = VERTEX_POINT('',#4404);
#4404 = CARTESIAN_POINT('',(27.71,5.7,4.));
#4405 = SURFACE_CURVE('',#4406,(#4411,#4418),.PCURVE_S1.);
#4406 = CIRCLE('',#4407,1.7);
#4407 = AXIS2_PLACEMENT_3D('',#4408,#4409,#4410);
#4408 = CARTESIAN_POINT('',(26.01,5.7,4.));
#4409 = DIRECTION('',(0.,0.,1.));
#4410 = DIRECTION('',(1.,0.,-0.));
#4411 = PCURVE('',#1840,#4412);
#4412 = DEFINITIONAL_REPRESENTATION('',(#4413),#4417);
#4413 = CIRCLE('',#4414,1.7);
#4414 = AXIS2_PLACEMENT_2D('',#4415,#4416);
#4415 = CARTESIAN_POINT('',(23.21,2.9));
#4416 = DIRECTION('',(1.,0.));
#4417 = ( GEOMETRIC_REPRESENTATION_CONTEXT(2) 
PARAMETRIC_REPRESENTATION_CONTEXT() REPRESENTATION_CONTEXT('2D SPACE',''
  ) );
#4418 = PCURVE('',#3096,#4419);
#4419 = DEFINITIONAL_REPRESENTATION('',(#4420),#4424);
#4420 = LINE('',#4421,#4422);
#4421 = CARTESIAN_POINT('',(0.,4.4));
#4422 = VECTOR('',#4423,1.);
#4423 = DIRECTION('',(1.,0.));
#4424 = ( GEOMETRIC_REPRESENTATION_CONTEXT(2) 
PARAMETRIC_REPRESENTATION_CONTEXT() REPRESENTATION_CONTEXT('2D SPACE',''
  ) );
#4425 = FACE_BOUND('',#4426,.T.);
#4426 = EDGE_LOOP('',(#4427));
#4427 = ORIENTED_EDGE('',*,*,#4428,.F.);
#4428 = EDGE_CURVE('',#4429,#4429,#4431,.T.);
#4429 = VERTEX_POINT('',#4430);
#4430 = CARTESIAN_POINT('',(7.39,18.4,4.));
#4431 = SURFACE_CURVE('',#4432,(#4437,#4444),.PCURVE_S1.);
#4432 = CIRCLE('',#4433,1.7);
#4433 = AXIS2_PLACEMENT_3D('',#4434,#4435,#4436);
#4434 = CARTESIAN_POINT('',(5.69,18.4,4.));
#4435 = DIRECTION('',(0.,0.,1.));
#4436 = DIRECTION('',(1.,0.,-0.));
#4437 = PCURVE('',#1840,#4438);
#4438 = DEFINITIONAL_REPRESENTATION('',(#4439),#4443);
#4439 = CIRCLE('',#4440,1.7);
#4440 = AXIS2_PLACEMENT_2D('',#4441,#4442);
#4441 = CARTESIAN_POINT('',(2.89,15.6));
#4442 = DIRECTION('',(1.,0.));
#4443 = ( GEOMETRIC_REPRESENTATION_CONTEXT(2) 
PARAMETRIC_REPRESENTATION_CONTEXT() REPRESENTATION_CONTEXT('2D SPACE',''
  ) );
#4444 = PCURVE('',#3065,#4445);
#4445 = DEFINITIONAL_REPRESENTATION('',(#4446),#4450);
#4446 = LINE('',#4447,#4448);
#4447 = CARTESIAN_POINT('',(0.,4.4));
#4448 = VECTOR('',#4449,1.);
#4449 = DIRECTION('',(1.,0.));
#4450 = ( GEOMETRIC_REPRESENTATION_CONTEXT(2) 
PARAMETRIC_REPRESENTATION_CONTEXT() REPRESENTATION_CONTEXT('2D SPACE',''
  ) );
#4451 = FACE_BOUND('',#4452,.T.);
#4452 = EDGE_LOOP('',(#4453));
#4453 = ORIENTED_EDGE('',*,*,#4454,.F.);
#4454 = EDGE_CURVE('',#4455,#4455,#4457,.T.);
#4455 = VERTEX_POINT('',#4456);
#4456 = CARTESIAN_POINT('',(27.71,18.4,4.));
#4457 = SURFACE_CURVE('',#4458,(#4463,#4470),.PCURVE_S1.);
#4458 = CIRCLE('',#4459,1.7);
#4459 = AXIS2_PLACEMENT_3D('',#4460,#4461,#4462);
#4460 = CARTESIAN_POINT('',(26.01,18.4,4.));
#4461 = DIRECTION('',(0.,0.,1.));
#4462 = DIRECTION('',(1.,0.,-0.));
#4463 = PCURVE('',#1840,#4464);
#4464 = DEFINITIONAL_REPRESENTATION('',(#4465),#4469);
#4465 = CIRCLE('',#4466,1.7);
#4466 = AXIS2_PLACEMENT_2D('',#4467,#4468);
#4467 = CARTESIAN_POINT('',(23.21,15.6));
#4468 = DIRECTION('',(1.,0.));
#4469 = ( GEOMETRIC_REPRESENTATION_CONTEXT(2) 
PARAMETRIC_REPRESENTATION_CONTEXT() REPRESENTATION_CONTEXT('2D SPACE',''
  ) );
#4470 = PCURVE('',#3127,#4471);
#4471 = DEFINITIONAL_REPRESENTATION('',(#4472),#4476);
#4472 = LINE('',#4473,#4474);
#4473 = CARTESIAN_POINT('',(0.,4.4));
#4474 = VECTOR('',#4475,1.);
#4475 = DIRECTION('',(1.,0.));
#4476 = ( GEOMETRIC_REPRESENTATION_CONTEXT(2) 
PARAMETRIC_REPRESENTATION_CONTEXT() REPRESENTATION_CONTEXT('2D SPACE',''
  ) );
#4477 = ADVANCED_FACE('',(#4478,#4556,#4582,#4608,#4634),#2335,.T.);
#4478 = FACE_BOUND('',#4479,.T.);
#4479 = EDGE_LOOP('',(#4480,#4481,#4482,#4483,#4484,#4485,#4486,#4487,
    #4510,#4533,#4554,#4555));
#4480 = ORIENTED_EDGE('',*,*,#2765,.F.);
#4481 = ORIENTED_EDGE('',*,*,#2318,.T.);
#4482 = ORIENTED_EDGE('',*,*,#2372,.T.);
#4483 = ORIENTED_EDGE('',*,*,#2444,.F.);
#4484 = ORIENTED_EDGE('',*,*,#2477,.T.);
#4485 = ORIENTED_EDGE('',*,*,#2525,.T.);
#4486 = ORIENTED_EDGE('',*,*,#2622,.F.);
#4487 = ORIENTED_EDGE('',*,*,#4488,.F.);
#4488 = EDGE_CURVE('',#4489,#2623,#4491,.T.);
#4489 = VERTEX_POINT('',#4490);
#4490 = CARTESIAN_POINT('',(18.85,42.8,4.));
#4491 = SURFACE_CURVE('',#4492,(#4496,#4503),.PCURVE_S1.);
#4492 = LINE('',#4493,#4494);
#4493 = CARTESIAN_POINT('',(18.85,42.8,4.));
#4494 = VECTOR('',#4495,1.);
#4495 = DIRECTION('',(-0.,1.,0.));
#4496 = PCURVE('',#2335,#4497);
#4497 = DEFINITIONAL_REPRESENTATION('',(#4498),#4502);
#4498 = LINE('',#4499,#4500);
#4499 = CARTESIAN_POINT('',(16.05,17.5));
#4500 = VECTOR('',#4501,1.);
#4501 = DIRECTION('',(0.,1.));
#4502 = ( GEOMETRIC_REPRESENTATION_CONTEXT(2) 
PARAMETRIC_REPRESENTATION_CONTEXT() REPRESENTATION_CONTEXT('2D SPACE',''
  ) );
#4503 = PCURVE('',#3901,#4504);
#4504 = DEFINITIONAL_REPRESENTATION('',(#4505),#4509);
#4505 = LINE('',#4506,#4507);
#4506 = CARTESIAN_POINT('',(16.05,17.5));
#4507 = VECTOR('',#4508,1.);
#4508 = DIRECTION('',(0.,1.));
#4509 = ( GEOMETRIC_REPRESENTATION_CONTEXT(2) 
PARAMETRIC_REPRESENTATION_CONTEXT() REPRESENTATION_CONTEXT('2D SPACE',''
  ) );
#4510 = ORIENTED_EDGE('',*,*,#4511,.F.);
#4511 = EDGE_CURVE('',#4512,#4489,#4514,.T.);
#4512 = VERTEX_POINT('',#4513);
#4513 = CARTESIAN_POINT('',(12.85,42.8,4.));
#4514 = SURFACE_CURVE('',#4515,(#4519,#4526),.PCURVE_S1.);
#4515 = LINE('',#4516,#4517);
#4516 = CARTESIAN_POINT('',(12.85,42.8,4.));
#4517 = VECTOR('',#4518,1.);
#4518 = DIRECTION('',(1.,0.,-0.));
#4519 = PCURVE('',#2335,#4520);
#4520 = DEFINITIONAL_REPRESENTATION('',(#4521),#4525);
#4521 = LINE('',#4522,#4523);
#4522 = CARTESIAN_POINT('',(10.05,17.5));
#4523 = VECTOR('',#4524,1.);
#4524 = DIRECTION('',(1.,0.));
#4525 = ( GEOMETRIC_REPRESENTATION_CONTEXT(2) 
PARAMETRIC_REPRESENTATION_CONTEXT() REPRESENTATION_CONTEXT('2D SPACE',''
  ) );
#4526 = PCURVE('',#3901,#4527);
#4527 = DEFINITIONAL_REPRESENTATION('',(#4528),#4532);
#4528 = LINE('',#4529,#4530);
#4529 = CARTESIAN_POINT('',(10.05,17.5));
#4530 = VECTOR('',#4531,1.);
#4531 = DIRECTION('',(1.,0.));
#4532 = ( GEOMETRIC_REPRESENTATION_CONTEXT(2) 
PARAMETRIC_REPRESENTATION_CONTEXT() REPRESENTATION_CONTEXT('2D SPACE',''
  ) );
#4533 = ORIENTED_EDGE('',*,*,#4534,.T.);
#4534 = EDGE_CURVE('',#4512,#2577,#4535,.T.);
#4535 = SURFACE_CURVE('',#4536,(#4540,#4547),.PCURVE_S1.);
#4536 = LINE('',#4537,#4538);
#4537 = CARTESIAN_POINT('',(12.85,42.8,4.));
#4538 = VECTOR('',#4539,1.);
#4539 = DIRECTION('',(-0.,1.,0.));
#4540 = PCURVE('',#2335,#4541);
#4541 = DEFINITIONAL_REPRESENTATION('',(#4542),#4546);
#4542 = LINE('',#4543,#4544);
#4543 = CARTESIAN_POINT('',(10.05,17.5));
#4544 = VECTOR('',#4545,1.);
#4545 = DIRECTION('',(0.,1.));
#4546 = ( GEOMETRIC_REPRESENTATION_CONTEXT(2) 
PARAMETRIC_REPRESENTATION_CONTEXT() REPRESENTATION_CONTEXT('2D SPACE',''
  ) );
#4547 = PCURVE('',#3901,#4548);
#4548 = DEFINITIONAL_REPRESENTATION('',(#4549),#4553);
#4549 = LINE('',#4550,#4551);
#4550 = CARTESIAN_POINT('',(10.05,17.5));
#4551 = VECTOR('',#4552,1.);
#4552 = DIRECTION('',(0.,1.));
#4553 = ( GEOMETRIC_REPRESENTATION_CONTEXT(2) 
PARAMETRIC_REPRESENTATION_CONTEXT() REPRESENTATION_CONTEXT('2D SPACE',''
  ) );
#4554 = ORIENTED_EDGE('',*,*,#2574,.F.);
#4555 = ORIENTED_EDGE('',*,*,#2732,.F.);
#4556 = FACE_BOUND('',#4557,.T.);
#4557 = EDGE_LOOP('',(#4558));
#4558 = ORIENTED_EDGE('',*,*,#4559,.F.);
#4559 = EDGE_CURVE('',#4560,#4560,#4562,.T.);
#4560 = VERTEX_POINT('',#4561);
#4561 = CARTESIAN_POINT('',(7.39,28.2,4.));
#4562 = SURFACE_CURVE('',#4563,(#4568,#4575),.PCURVE_S1.);
#4563 = CIRCLE('',#4564,1.7);
#4564 = AXIS2_PLACEMENT_3D('',#4565,#4566,#4567);
#4565 = CARTESIAN_POINT('',(5.69,28.2,4.));
#4566 = DIRECTION('',(0.,0.,1.));
#4567 = DIRECTION('',(1.,0.,-0.));
#4568 = PCURVE('',#2335,#4569);
#4569 = DEFINITIONAL_REPRESENTATION('',(#4570),#4574);
#4570 = CIRCLE('',#4571,1.7);
#4571 = AXIS2_PLACEMENT_2D('',#4572,#4573);
#4572 = CARTESIAN_POINT('',(2.89,2.9));
#4573 = DIRECTION('',(1.,0.));
#4574 = ( GEOMETRIC_REPRESENTATION_CONTEXT(2) 
PARAMETRIC_REPRESENTATION_CONTEXT() REPRESENTATION_CONTEXT('2D SPACE',''
  ) );
#4575 = PCURVE('',#3158,#4576);
#4576 = DEFINITIONAL_REPRESENTATION('',(#4577),#4581);
#4577 = LINE('',#4578,#4579);
#4578 = CARTESIAN_POINT('',(0.,4.4));
#4579 = VECTOR('',#4580,1.);
#4580 = DIRECTION('',(1.,0.));
#4581 = ( GEOMETRIC_REPRESENTATION_CONTEXT(2) 
PARAMETRIC_REPRESENTATION_CONTEXT() REPRESENTATION_CONTEXT('2D SPACE',''
  ) );
#4582 = FACE_BOUND('',#4583,.T.);
#4583 = EDGE_LOOP('',(#4584));
#4584 = ORIENTED_EDGE('',*,*,#4585,.F.);
#4585 = EDGE_CURVE('',#4586,#4586,#4588,.T.);
#4586 = VERTEX_POINT('',#4587);
#4587 = CARTESIAN_POINT('',(27.71,28.2,4.));
#4588 = SURFACE_CURVE('',#4589,(#4594,#4601),.PCURVE_S1.);
#4589 = CIRCLE('',#4590,1.7);
#4590 = AXIS2_PLACEMENT_3D('',#4591,#4592,#4593);
#4591 = CARTESIAN_POINT('',(26.01,28.2,4.));
#4592 = DIRECTION('',(0.,0.,1.));
#4593 = DIRECTION('',(1.,0.,-0.));
#4594 = PCURVE('',#2335,#4595);
#4595 = DEFINITIONAL_REPRESENTATION('',(#4596),#4600);
#4596 = CIRCLE('',#4597,1.7);
#4597 = AXIS2_PLACEMENT_2D('',#4598,#4599);
#4598 = CARTESIAN_POINT('',(23.21,2.9));
#4599 = DIRECTION('',(1.,0.));
#4600 = ( GEOMETRIC_REPRESENTATION_CONTEXT(2) 
PARAMETRIC_REPRESENTATION_CONTEXT() REPRESENTATION_CONTEXT('2D SPACE',''
  ) );
#4601 = PCURVE('',#3220,#4602);
#4602 = DEFINITIONAL_REPRESENTATION('',(#4603),#4607);
#4603 = LINE('',#4604,#4605);
#4604 = CARTESIAN_POINT('',(0.,4.4));
#4605 = VECTOR('',#4606,1.);
#4606 = DIRECTION('',(1.,0.));
#4607 = ( GEOMETRIC_REPRESENTATION_CONTEXT(2) 
PARAMETRIC_REPRESENTATION_CONTEXT() REPRESENTATION_CONTEXT('2D SPACE',''
  ) );
#4608 = FACE_BOUND('',#4609,.T.);
#4609 = EDGE_LOOP('',(#4610));
#4610 = ORIENTED_EDGE('',*,*,#4611,.F.);
#4611 = EDGE_CURVE('',#4612,#4612,#4614,.T.);
#4612 = VERTEX_POINT('',#4613);
#4613 = CARTESIAN_POINT('',(7.39,40.9,4.));
#4614 = SURFACE_CURVE('',#4615,(#4620,#4627),.PCURVE_S1.);
#4615 = CIRCLE('',#4616,1.7);
#4616 = AXIS2_PLACEMENT_3D('',#4617,#4618,#4619);
#4617 = CARTESIAN_POINT('',(5.69,40.9,4.));
#4618 = DIRECTION('',(0.,0.,1.));
#4619 = DIRECTION('',(1.,0.,-0.));
#4620 = PCURVE('',#2335,#4621);
#4621 = DEFINITIONAL_REPRESENTATION('',(#4622),#4626);
#4622 = CIRCLE('',#4623,1.7);
#4623 = AXIS2_PLACEMENT_2D('',#4624,#4625);
#4624 = CARTESIAN_POINT('',(2.89,15.6));
#4625 = DIRECTION('',(1.,0.));
#4626 = ( GEOMETRIC_REPRESENTATION_CONTEXT(2) 
PARAMETRIC_REPRESENTATION_CONTEXT() REPRESENTATION_CONTEXT('2D SPACE',''
  ) );
#4627 = PCURVE('',#3189,#4628);
#4628 = DEFINITIONAL_REPRESENTATION('',(#4629),#4633);
#4629 = LINE('',#4630,#4631);
#4630 = CARTESIAN_POINT('',(0.,4.4));
#4631 = VECTOR('',#4632,1.);
#4632 = DIRECTION('',(1.,0.));
#4633 = ( GEOMETRIC_REPRESENTATION_CONTEXT(2) 
PARAMETRIC_REPRESENTATION_CONTEXT() REPRESENTATION_CONTEXT('2D SPACE',''
  ) );
#4634 = FACE_BOUND('',#4635,.T.);
#4635 = EDGE_LOOP('',(#4636));
#4636 = ORIENTED_EDGE('',*,*,#4637,.F.);
#4637 = EDGE_CURVE('',#4638,#4638,#4640,.T.);
#4638 = VERTEX_POINT('',#4639);
#4639 = CARTESIAN_POINT('',(27.71,40.9,4.));
#4640 = SURFACE_CURVE('',#4641,(#4646,#4653),.PCURVE_S1.);
#4641 = CIRCLE('',#4642,1.7);
#4642 = AXIS2_PLACEMENT_3D('',#4643,#4644,#4645);
#4643 = CARTESIAN_POINT('',(26.01,40.9,4.));
#4644 = DIRECTION('',(0.,0.,1.));
#4645 = DIRECTION('',(1.,0.,-0.));
#4646 = PCURVE('',#2335,#4647);
#4647 = DEFINITIONAL_REPRESENTATION('',(#4648),#4652);
#4648 = CIRCLE('',#4649,1.7);
#4649 = AXIS2_PLACEMENT_2D('',#4650,#4651);
#4650 = CARTESIAN_POINT('',(23.21,15.6));
#4651 = DIRECTION('',(1.,0.));
#4652 = ( GEOMETRIC_REPRESENTATION_CONTEXT(2) 
PARAMETRIC_REPRESENTATION_CONTEXT() REPRESENTATION_CONTEXT('2D SPACE',''
  ) );
#4653 = PCURVE('',#3251,#4654);
#4654 = DEFINITIONAL_REPRESENTATION('',(#4655),#4659);
#4655 = LINE('',#4656,#4657);
#4656 = CARTESIAN_POINT('',(0.,4.4));
#4657 = VECTOR('',#4658,1.);
#4658 = DIRECTION('',(1.,0.));
#4659 = ( GEOMETRIC_REPRESENTATION_CONTEXT(2) 
PARAMETRIC_REPRESENTATION_CONTEXT() REPRESENTATION_CONTEXT('2D SPACE',''
  ) );
#4660 = ADVANCED_FACE('',(#4661,#4747,#4778),#2808,.F.);
#4661 = FACE_BOUND('',#4662,.F.);
#4662 = EDGE_LOOP('',(#4663,#4664,#4665,#4666,#4667,#4691,#4714,#4744,
    #4745,#4746));
#4663 = ORIENTED_EDGE('',*,*,#3290,.F.);
#4664 = ORIENTED_EDGE('',*,*,#3337,.T.);
#4665 = ORIENTED_EDGE('',*,*,#3441,.T.);
#4666 = ORIENTED_EDGE('',*,*,#3518,.F.);
#4667 = ORIENTED_EDGE('',*,*,#4668,.F.);
#4668 = EDGE_CURVE('',#4669,#1185,#4671,.T.);
#4669 = VERTEX_POINT('',#4670);
#4670 = CARTESIAN_POINT('',(-4.440892098501E-16,2.,0.));
#4671 = SURFACE_CURVE('',#4672,(#4677,#4684),.PCURVE_S1.);
#4672 = CIRCLE('',#4673,2.);
#4673 = AXIS2_PLACEMENT_3D('',#4674,#4675,#4676);
#4674 = CARTESIAN_POINT('',(2.,2.,0.));
#4675 = DIRECTION('',(0.,0.,1.));
#4676 = DIRECTION('',(0.,-1.,0.));
#4677 = PCURVE('',#2808,#4678);
#4678 = DEFINITIONAL_REPRESENTATION('',(#4679),#4683);
#4679 = CIRCLE('',#4680,2.);
#4680 = AXIS2_PLACEMENT_2D('',#4681,#4682);
#4681 = CARTESIAN_POINT('',(9.5,2.));
#4682 = DIRECTION('',(0.,-1.));
#4683 = ( GEOMETRIC_REPRESENTATION_CONTEXT(2) 
PARAMETRIC_REPRESENTATION_CONTEXT() REPRESENTATION_CONTEXT('2D SPACE',''
  ) );
#4684 = PCURVE('',#2863,#4685);
#4685 = DEFINITIONAL_REPRESENTATION('',(#4686),#4690);
#4686 = CIRCLE('',#4687,2.);
#4687 = AXIS2_PLACEMENT_2D('',#4688,#4689);
#4688 = CARTESIAN_POINT('',(2.,2.));
#4689 = DIRECTION('',(0.,-1.));
#4690 = ( GEOMETRIC_REPRESENTATION_CONTEXT(2) 
PARAMETRIC_REPRESENTATION_CONTEXT() REPRESENTATION_CONTEXT('2D SPACE',''
  ) );
#4691 = ORIENTED_EDGE('',*,*,#4692,.T.);
#4692 = EDGE_CURVE('',#4669,#4693,#4695,.T.);
#4693 = VERTEX_POINT('',#4694);
#4694 = CARTESIAN_POINT('',(-4.440892098501E-16,44.6,0.));
#4695 = SURFACE_CURVE('',#4696,(#4700,#4707),.PCURVE_S1.);
#4696 = LINE('',#4697,#4698);
#4697 = CARTESIAN_POINT('',(0.,0.,0.));
#4698 = VECTOR('',#4699,1.);
#4699 = DIRECTION('',(-0.,1.,0.));
#4700 = PCURVE('',#2808,#4701);
#4701 = DEFINITIONAL_REPRESENTATION('',(#4702),#4706);
#4702 = LINE('',#4703,#4704);
#4703 = CARTESIAN_POINT('',(7.5,0.));
#4704 = VECTOR('',#4705,1.);
#4705 = DIRECTION('',(0.,1.));
#4706 = ( GEOMETRIC_REPRESENTATION_CONTEXT(2) 
PARAMETRIC_REPRESENTATION_CONTEXT() REPRESENTATION_CONTEXT('2D SPACE',''
  ) );
#4707 = PCURVE('',#2863,#4708);
#4708 = DEFINITIONAL_REPRESENTATION('',(#4709),#4713);
#4709 = LINE('',#4710,#4711);
#4710 = CARTESIAN_POINT('',(0.,0.));
#4711 = VECTOR('',#4712,1.);
#4712 = DIRECTION('',(0.,1.));
#4713 = ( GEOMETRIC_REPRESENTATION_CONTEXT(2) 
PARAMETRIC_REPRESENTATION_CONTEXT() REPRESENTATION_CONTEXT('2D SPACE',''
  ) );
#4714 = ORIENTED_EDGE('',*,*,#4715,.T.);
#4715 = EDGE_CURVE('',#4693,#784,#4716,.T.);
#4716 = SURFACE_CURVE('',#4717,(#4722,#4733),.PCURVE_S1.);
#4717 = CIRCLE('',#4718,2.);
#4718 = AXIS2_PLACEMENT_3D('',#4719,#4720,#4721);
#4719 = CARTESIAN_POINT('',(2.,44.6,0.));
#4720 = DIRECTION('',(-0.,-0.,-1.));
#4721 = DIRECTION('',(0.,-1.,0.));
#4722 = PCURVE('',#2808,#4723);
#4723 = DEFINITIONAL_REPRESENTATION('',(#4724),#4732);
#4724 = ( BOUNDED_CURVE() B_SPLINE_CURVE(2,(#4725,#4726,#4727,#4728,
#4729,#4730,#4731),.UNSPECIFIED.,.T.,.F.) B_SPLINE_CURVE_WITH_KNOTS((1,2
    ,2,2,2,1),(-2.094395102393,0.,2.094395102393,4.188790204786,
6.28318530718,8.377580409573),.UNSPECIFIED.) CURVE() 
GEOMETRIC_REPRESENTATION_ITEM() RATIONAL_B_SPLINE_CURVE((1.,0.5,1.,0.5,
1.,0.5,1.)) REPRESENTATION_ITEM('') );
#4725 = CARTESIAN_POINT('',(9.5,42.6));
#4726 = CARTESIAN_POINT('',(6.035898384862,42.6));
#4727 = CARTESIAN_POINT('',(7.767949192431,45.6));
#4728 = CARTESIAN_POINT('',(9.5,48.6));
#4729 = CARTESIAN_POINT('',(11.232050807569,45.6));
#4730 = CARTESIAN_POINT('',(12.964101615138,42.6));
#4731 = CARTESIAN_POINT('',(9.5,42.6));
#4732 = ( GEOMETRIC_REPRESENTATION_CONTEXT(2) 
PARAMETRIC_REPRESENTATION_CONTEXT() REPRESENTATION_CONTEXT('2D SPACE',''
  ) );
#4733 = PCURVE('',#2863,#4734);
#4734 = DEFINITIONAL_REPRESENTATION('',(#4735),#4743);
#4735 = ( BOUNDED_CURVE() B_SPLINE_CURVE(2,(#4736,#4737,#4738,#4739,
#4740,#4741,#4742),.UNSPECIFIED.,.T.,.F.) B_SPLINE_CURVE_WITH_KNOTS((1,2
    ,2,2,2,1),(-2.094395102393,0.,2.094395102393,4.188790204786,
6.28318530718,8.377580409573),.UNSPECIFIED.) CURVE() 
GEOMETRIC_REPRESENTATION_ITEM() RATIONAL_B_SPLINE_CURVE((1.,0.5,1.,0.5,
1.,0.5,1.)) REPRESENTATION_ITEM('') );
#4736 = CARTESIAN_POINT('',(2.,42.6));
#4737 = CARTESIAN_POINT('',(-1.464101615138,42.6));
#4738 = CARTESIAN_POINT('',(0.267949192431,45.6));
#4739 = CARTESIAN_POINT('',(2.,48.6));
#4740 = CARTESIAN_POINT('',(3.732050807569,45.6));
#4741 = CARTESIAN_POINT('',(5.464101615138,42.6));
#4742 = CARTESIAN_POINT('',(2.,42.6));
#4743 = ( GEOMETRIC_REPRESENTATION_CONTEXT(2) 
PARAMETRIC_REPRESENTATION_CONTEXT() REPRESENTATION_CONTEXT('2D SPACE',''
  ) );
#4744 = ORIENTED_EDGE('',*,*,#2791,.T.);
#4745 = ORIENTED_EDGE('',*,*,#3490,.F.);
#4746 = ORIENTED_EDGE('',*,*,#3387,.F.);
#4747 = FACE_BOUND('',#4748,.F.);
#4748 = EDGE_LOOP('',(#4749));
#4749 = ORIENTED_EDGE('',*,*,#4750,.F.);
#4750 = EDGE_CURVE('',#4751,#4751,#4753,.T.);
#4751 = VERTEX_POINT('',#4752);
#4752 = CARTESIAN_POINT('',(-2.05,10.252,0.));
#4753 = SURFACE_CURVE('',#4754,(#4759,#4766),.PCURVE_S1.);
#4754 = CIRCLE('',#4755,1.7);
#4755 = AXIS2_PLACEMENT_3D('',#4756,#4757,#4758);
#4756 = CARTESIAN_POINT('',(-3.75,10.252,0.));
#4757 = DIRECTION('',(0.,0.,1.));
#4758 = DIRECTION('',(1.,0.,-0.));
#4759 = PCURVE('',#2808,#4760);
#4760 = DEFINITIONAL_REPRESENTATION('',(#4761),#4765);
#4761 = CIRCLE('',#4762,1.7);
#4762 = AXIS2_PLACEMENT_2D('',#4763,#4764);
#4763 = CARTESIAN_POINT('',(3.75,10.252));
#4764 = DIRECTION('',(1.,0.));
#4765 = ( GEOMETRIC_REPRESENTATION_CONTEXT(2) 
PARAMETRIC_REPRESENTATION_CONTEXT() REPRESENTATION_CONTEXT('2D SPACE',''
  ) );
#4766 = PCURVE('',#4767,#4772);
#4767 = CYLINDRICAL_SURFACE('',#4768,1.7);
#4768 = AXIS2_PLACEMENT_3D('',#4769,#4770,#4771);
#4769 = CARTESIAN_POINT('',(-3.75,10.252,-1.));
#4770 = DIRECTION('',(0.,0.,1.));
#4771 = DIRECTION('',(1.,0.,-0.));
#4772 = DEFINITIONAL_REPRESENTATION('',(#4773),#4777);
#4773 = LINE('',#4774,#4775);
#4774 = CARTESIAN_POINT('',(0.,1.));
#4775 = VECTOR('',#4776,1.);
#4776 = DIRECTION('',(1.,0.));
#4777 = ( GEOMETRIC_REPRESENTATION_CONTEXT(2) 
PARAMETRIC_REPRESENTATION_CONTEXT() REPRESENTATION_CONTEXT('2D SPACE',''
  ) );
#4778 = FACE_BOUND('',#4779,.F.);
#4779 = EDGE_LOOP('',(#4780));
#4780 = ORIENTED_EDGE('',*,*,#4781,.F.);
#4781 = EDGE_CURVE('',#4782,#4782,#4784,.T.);
#4782 = VERTEX_POINT('',#4783);
#4783 = CARTESIAN_POINT('',(-2.05,36.348,0.));
#4784 = SURFACE_CURVE('',#4785,(#4790,#4797),.PCURVE_S1.);
#4785 = CIRCLE('',#4786,1.7);
#4786 = AXIS2_PLACEMENT_3D('',#4787,#4788,#4789);
#4787 = CARTESIAN_POINT('',(-3.75,36.348,0.));
#4788 = DIRECTION('',(0.,0.,1.));
#4789 = DIRECTION('',(1.,0.,-0.));
#4790 = PCURVE('',#2808,#4791);
#4791 = DEFINITIONAL_REPRESENTATION('',(#4792),#4796);
#4792 = CIRCLE('',#4793,1.7);
#4793 = AXIS2_PLACEMENT_2D('',#4794,#4795);
#4794 = CARTESIAN_POINT('',(3.75,36.348));
#4795 = DIRECTION('',(1.,0.));
#4796 = ( GEOMETRIC_REPRESENTATION_CONTEXT(2) 
PARAMETRIC_REPRESENTATION_CONTEXT() REPRESENTATION_CONTEXT('2D SPACE',''
  ) );
#4797 = PCURVE('',#4798,#4803);
#4798 = CYLINDRICAL_SURFACE('',#4799,1.7);
#4799 = AXIS2_PLACEMENT_3D('',#4800,#4801,#4802);
#4800 = CARTESIAN_POINT('',(-3.75,36.348,-1.));
#4801 = DIRECTION('',(0.,0.,1.));
#4802 = DIRECTION('',(1.,0.,-0.));
#4803 = DEFINITIONAL_REPRESENTATION('',(#4804),#4808);
#4804 = LINE('',#4805,#4806);
#4805 = CARTESIAN_POINT('',(0.,1.));
#4806 = VECTOR('',#4807,1.);
#4807 = DIRECTION('',(1.,0.));
#4808 = ( GEOMETRIC_REPRESENTATION_CONTEXT(2) 
PARAMETRIC_REPRESENTATION_CONTEXT() REPRESENTATION_CONTEXT('2D SPACE',''
  ) );
#4809 = ADVANCED_FACE('',(#4810),#2863,.F.);
#4810 = FACE_BOUND('',#4811,.F.);
#4811 = EDGE_LOOP('',(#4812,#4813,#4814,#4815,#4816,#4817));
#4812 = ORIENTED_EDGE('',*,*,#4692,.F.);
#4813 = ORIENTED_EDGE('',*,*,#4668,.T.);
#4814 = ORIENTED_EDGE('',*,*,#2875,.F.);
#4815 = ORIENTED_EDGE('',*,*,#2845,.T.);
#4816 = ORIENTED_EDGE('',*,*,#2993,.T.);
#4817 = ORIENTED_EDGE('',*,*,#4715,.F.);
#4818 = ADVANCED_FACE('',(#4819),#2925,.F.);
#4819 = FACE_BOUND('',#4820,.F.);
#4820 = EDGE_LOOP('',(#4821,#4822,#4854,#4877,#4899,#4900));
#4821 = ORIENTED_EDGE('',*,*,#2908,.T.);
#4822 = ORIENTED_EDGE('',*,*,#4823,.F.);
#4823 = EDGE_CURVE('',#4824,#1567,#4826,.T.);
#4824 = VERTEX_POINT('',#4825);
#4825 = CARTESIAN_POINT('',(31.7,2.,0.));
#4826 = SURFACE_CURVE('',#4827,(#4832,#4843),.PCURVE_S1.);
#4827 = CIRCLE('',#4828,2.);
#4828 = AXIS2_PLACEMENT_3D('',#4829,#4830,#4831);
#4829 = CARTESIAN_POINT('',(29.7,2.,0.));
#4830 = DIRECTION('',(-0.,-0.,-1.));
#4831 = DIRECTION('',(0.,-1.,0.));
#4832 = PCURVE('',#2925,#4833);
#4833 = DEFINITIONAL_REPRESENTATION('',(#4834),#4842);
#4834 = ( BOUNDED_CURVE() B_SPLINE_CURVE(2,(#4835,#4836,#4837,#4838,
#4839,#4840,#4841),.UNSPECIFIED.,.T.,.F.) B_SPLINE_CURVE_WITH_KNOTS((1,2
    ,2,2,2,1),(-2.094395102393,0.,2.094395102393,4.188790204786,
6.28318530718,8.377580409573),.UNSPECIFIED.) CURVE() 
GEOMETRIC_REPRESENTATION_ITEM() RATIONAL_B_SPLINE_CURVE((1.,0.5,1.,0.5,
1.,0.5,1.)) REPRESENTATION_ITEM('') );
#4835 = CARTESIAN_POINT('',(29.7,-4.440892098501E-16));
#4836 = CARTESIAN_POINT('',(26.235898384862,-4.440892098501E-16));
#4837 = CARTESIAN_POINT('',(27.967949192431,3.));
#4838 = CARTESIAN_POINT('',(29.7,6.));
#4839 = CARTESIAN_POINT('',(31.432050807569,3.));
#4840 = CARTESIAN_POINT('',(33.164101615138,2.886579864025E-15));
#4841 = CARTESIAN_POINT('',(29.7,-4.440892098501E-16));
#4842 = ( GEOMETRIC_REPRESENTATION_CONTEXT(2) 
PARAMETRIC_REPRESENTATION_CONTEXT() REPRESENTATION_CONTEXT('2D SPACE',''
  ) );
#4843 = PCURVE('',#3943,#4844);
#4844 = DEFINITIONAL_REPRESENTATION('',(#4845),#4853);
#4845 = ( BOUNDED_CURVE() B_SPLINE_CURVE(2,(#4846,#4847,#4848,#4849,
#4850,#4851,#4852),.UNSPECIFIED.,.T.,.F.) B_SPLINE_CURVE_WITH_KNOTS((1,2
    ,2,2,2,1),(-2.094395102393,0.,2.094395102393,4.188790204786,
6.28318530718,8.377580409573),.UNSPECIFIED.) CURVE() 
GEOMETRIC_REPRESENTATION_ITEM() RATIONAL_B_SPLINE_CURVE((1.,0.5,1.,0.5,
1.,0.5,1.)) REPRESENTATION_ITEM('') );
#4846 = CARTESIAN_POINT('',(0.,-4.440892098501E-16));
#4847 = CARTESIAN_POINT('',(-3.464101615138,-4.440892098501E-16));
#4848 = CARTESIAN_POINT('',(-1.732050807569,3.));
#4849 = CARTESIAN_POINT('',(-4.898587196589E-16,6.));
#4850 = CARTESIAN_POINT('',(1.732050807569,3.));
#4851 = CARTESIAN_POINT('',(3.464101615138,2.886579864025E-15));
#4852 = CARTESIAN_POINT('',(0.,-4.440892098501E-16));
#4853 = ( GEOMETRIC_REPRESENTATION_CONTEXT(2) 
PARAMETRIC_REPRESENTATION_CONTEXT() REPRESENTATION_CONTEXT('2D SPACE',''
  ) );
#4854 = ORIENTED_EDGE('',*,*,#4855,.T.);
#4855 = EDGE_CURVE('',#4824,#4856,#4858,.T.);
#4856 = VERTEX_POINT('',#4857);
#4857 = CARTESIAN_POINT('',(31.7,44.6,0.));
#4858 = SURFACE_CURVE('',#4859,(#4863,#4870),.PCURVE_S1.);
#4859 = LINE('',#4860,#4861);
#4860 = CARTESIAN_POINT('',(31.7,0.,0.));
#4861 = VECTOR('',#4862,1.);
#4862 = DIRECTION('',(-0.,1.,0.));
#4863 = PCURVE('',#2925,#4864);
#4864 = DEFINITIONAL_REPRESENTATION('',(#4865),#4869);
#4865 = LINE('',#4866,#4867);
#4866 = CARTESIAN_POINT('',(31.7,0.));
#4867 = VECTOR('',#4868,1.);
#4868 = DIRECTION('',(0.,1.));
#4869 = ( GEOMETRIC_REPRESENTATION_CONTEXT(2) 
PARAMETRIC_REPRESENTATION_CONTEXT() REPRESENTATION_CONTEXT('2D SPACE',''
  ) );
#4870 = PCURVE('',#3943,#4871);
#4871 = DEFINITIONAL_REPRESENTATION('',(#4872),#4876);
#4872 = LINE('',#4873,#4874);
#4873 = CARTESIAN_POINT('',(2.,0.));
#4874 = VECTOR('',#4875,1.);
#4875 = DIRECTION('',(0.,1.));
#4876 = ( GEOMETRIC_REPRESENTATION_CONTEXT(2) 
PARAMETRIC_REPRESENTATION_CONTEXT() REPRESENTATION_CONTEXT('2D SPACE',''
  ) );
#4877 = ORIENTED_EDGE('',*,*,#4878,.T.);
#4878 = EDGE_CURVE('',#4856,#1676,#4879,.T.);
#4879 = SURFACE_CURVE('',#4880,(#4885,#4892),.PCURVE_S1.);
#4880 = CIRCLE('',#4881,2.);
#4881 = AXIS2_PLACEMENT_3D('',#4882,#4883,#4884);
#4882 = CARTESIAN_POINT('',(29.7,44.6,0.));
#4883 = DIRECTION('',(0.,0.,1.));
#4884 = DIRECTION('',(0.,-1.,0.));
#4885 = PCURVE('',#2925,#4886);
#4886 = DEFINITIONAL_REPRESENTATION('',(#4887),#4891);
#4887 = CIRCLE('',#4888,2.);
#4888 = AXIS2_PLACEMENT_2D('',#4889,#4890);
#4889 = CARTESIAN_POINT('',(29.7,44.6));
#4890 = DIRECTION('',(0.,-1.));
#4891 = ( GEOMETRIC_REPRESENTATION_CONTEXT(2) 
PARAMETRIC_REPRESENTATION_CONTEXT() REPRESENTATION_CONTEXT('2D SPACE',''
  ) );
#4892 = PCURVE('',#3943,#4893);
#4893 = DEFINITIONAL_REPRESENTATION('',(#4894),#4898);
#4894 = CIRCLE('',#4895,2.);
#4895 = AXIS2_PLACEMENT_2D('',#4896,#4897);
#4896 = CARTESIAN_POINT('',(0.,44.6));
#4897 = DIRECTION('',(0.,-1.));
#4898 = ( GEOMETRIC_REPRESENTATION_CONTEXT(2) 
PARAMETRIC_REPRESENTATION_CONTEXT() REPRESENTATION_CONTEXT('2D SPACE',''
  ) );
#4899 = ORIENTED_EDGE('',*,*,#2960,.F.);
#4900 = ORIENTED_EDGE('',*,*,#2937,.F.);
#4901 = ADVANCED_FACE('',(#4902),#3034,.F.);
#4902 = FACE_BOUND('',#4903,.F.);
#4903 = EDGE_LOOP('',(#4904,#4905,#4926,#4927));
#4904 = ORIENTED_EDGE('',*,*,#4376,.F.);
#4905 = ORIENTED_EDGE('',*,*,#4906,.F.);
#4906 = EDGE_CURVE('',#3018,#4377,#4907,.T.);
#4907 = SEAM_CURVE('',#4908,(#4912,#4919),.PCURVE_S1.);
#4908 = LINE('',#4909,#4910);
#4909 = CARTESIAN_POINT('',(7.39,5.7,-0.4));
#4910 = VECTOR('',#4911,1.);
#4911 = DIRECTION('',(0.,0.,1.));
#4912 = PCURVE('',#3034,#4913);
#4913 = DEFINITIONAL_REPRESENTATION('',(#4914),#4918);
#4914 = LINE('',#4915,#4916);
#4915 = CARTESIAN_POINT('',(6.28318530718,-0.));
#4916 = VECTOR('',#4917,1.);
#4917 = DIRECTION('',(0.,1.));
#4918 = ( GEOMETRIC_REPRESENTATION_CONTEXT(2) 
PARAMETRIC_REPRESENTATION_CONTEXT() REPRESENTATION_CONTEXT('2D SPACE',''
  ) );
#4919 = PCURVE('',#3034,#4920);
#4920 = DEFINITIONAL_REPRESENTATION('',(#4921),#4925);
#4921 = LINE('',#4922,#4923);
#4922 = CARTESIAN_POINT('',(0.,-0.));
#4923 = VECTOR('',#4924,1.);
#4924 = DIRECTION('',(0.,1.));
#4925 = ( GEOMETRIC_REPRESENTATION_CONTEXT(2) 
PARAMETRIC_REPRESENTATION_CONTEXT() REPRESENTATION_CONTEXT('2D SPACE',''
  ) );
#4926 = ORIENTED_EDGE('',*,*,#3017,.T.);
#4927 = ORIENTED_EDGE('',*,*,#4906,.T.);
#4928 = ADVANCED_FACE('',(#4929),#3065,.F.);
#4929 = FACE_BOUND('',#4930,.F.);
#4930 = EDGE_LOOP('',(#4931,#4932,#4953,#4954));
#4931 = ORIENTED_EDGE('',*,*,#4428,.F.);
#4932 = ORIENTED_EDGE('',*,*,#4933,.F.);
#4933 = EDGE_CURVE('',#3049,#4429,#4934,.T.);
#4934 = SEAM_CURVE('',#4935,(#4939,#4946),.PCURVE_S1.);
#4935 = LINE('',#4936,#4937);
#4936 = CARTESIAN_POINT('',(7.39,18.4,-0.4));
#4937 = VECTOR('',#4938,1.);
#4938 = DIRECTION('',(0.,0.,1.));
#4939 = PCURVE('',#3065,#4940);
#4940 = DEFINITIONAL_REPRESENTATION('',(#4941),#4945);
#4941 = LINE('',#4942,#4943);
#4942 = CARTESIAN_POINT('',(6.28318530718,-0.));
#4943 = VECTOR('',#4944,1.);
#4944 = DIRECTION('',(0.,1.));
#4945 = ( GEOMETRIC_REPRESENTATION_CONTEXT(2) 
PARAMETRIC_REPRESENTATION_CONTEXT() REPRESENTATION_CONTEXT('2D SPACE',''
  ) );
#4946 = PCURVE('',#3065,#4947);
#4947 = DEFINITIONAL_REPRESENTATION('',(#4948),#4952);
#4948 = LINE('',#4949,#4950);
#4949 = CARTESIAN_POINT('',(0.,-0.));
#4950 = VECTOR('',#4951,1.);
#4951 = DIRECTION('',(0.,1.));
#4952 = ( GEOMETRIC_REPRESENTATION_CONTEXT(2) 
PARAMETRIC_REPRESENTATION_CONTEXT() REPRESENTATION_CONTEXT('2D SPACE',''
  ) );
#4953 = ORIENTED_EDGE('',*,*,#3048,.T.);
#4954 = ORIENTED_EDGE('',*,*,#4933,.T.);
#4955 = ADVANCED_FACE('',(#4956),#3096,.F.);
#4956 = FACE_BOUND('',#4957,.F.);
#4957 = EDGE_LOOP('',(#4958,#4959,#4980,#4981));
#4958 = ORIENTED_EDGE('',*,*,#4402,.F.);
#4959 = ORIENTED_EDGE('',*,*,#4960,.F.);
#4960 = EDGE_CURVE('',#3080,#4403,#4961,.T.);
#4961 = SEAM_CURVE('',#4962,(#4966,#4973),.PCURVE_S1.);
#4962 = LINE('',#4963,#4964);
#4963 = CARTESIAN_POINT('',(27.71,5.7,-0.4));
#4964 = VECTOR('',#4965,1.);
#4965 = DIRECTION('',(0.,0.,1.));
#4966 = PCURVE('',#3096,#4967);
#4967 = DEFINITIONAL_REPRESENTATION('',(#4968),#4972);
#4968 = LINE('',#4969,#4970);
#4969 = CARTESIAN_POINT('',(6.28318530718,-0.));
#4970 = VECTOR('',#4971,1.);
#4971 = DIRECTION('',(0.,1.));
#4972 = ( GEOMETRIC_REPRESENTATION_CONTEXT(2) 
PARAMETRIC_REPRESENTATION_CONTEXT() REPRESENTATION_CONTEXT('2D SPACE',''
  ) );
#4973 = PCURVE('',#3096,#4974);
#4974 = DEFINITIONAL_REPRESENTATION('',(#4975),#4979);
#4975 = LINE('',#4976,#4977);
#4976 = CARTESIAN_POINT('',(0.,-0.));
#4977 = VECTOR('',#4978,1.);
#4978 = DIRECTION('',(0.,1.));
#4979 = ( GEOMETRIC_REPRESENTATION_CONTEXT(2) 
PARAMETRIC_REPRESENTATION_CONTEXT() REPRESENTATION_CONTEXT('2D SPACE',''
  ) );
#4980 = ORIENTED_EDGE('',*,*,#3079,.T.);
#4981 = ORIENTED_EDGE('',*,*,#4960,.T.);
#4982 = ADVANCED_FACE('',(#4983),#3127,.F.);
#4983 = FACE_BOUND('',#4984,.F.);
#4984 = EDGE_LOOP('',(#4985,#4986,#5007,#5008));
#4985 = ORIENTED_EDGE('',*,*,#4454,.F.);
#4986 = ORIENTED_EDGE('',*,*,#4987,.F.);
#4987 = EDGE_CURVE('',#3111,#4455,#4988,.T.);
#4988 = SEAM_CURVE('',#4989,(#4993,#5000),.PCURVE_S1.);
#4989 = LINE('',#4990,#4991);
#4990 = CARTESIAN_POINT('',(27.71,18.4,-0.4));
#4991 = VECTOR('',#4992,1.);
#4992 = DIRECTION('',(0.,0.,1.));
#4993 = PCURVE('',#3127,#4994);
#4994 = DEFINITIONAL_REPRESENTATION('',(#4995),#4999);
#4995 = LINE('',#4996,#4997);
#4996 = CARTESIAN_POINT('',(6.28318530718,-0.));
#4997 = VECTOR('',#4998,1.);
#4998 = DIRECTION('',(0.,1.));
#4999 = ( GEOMETRIC_REPRESENTATION_CONTEXT(2) 
PARAMETRIC_REPRESENTATION_CONTEXT() REPRESENTATION_CONTEXT('2D SPACE',''
  ) );
#5000 = PCURVE('',#3127,#5001);
#5001 = DEFINITIONAL_REPRESENTATION('',(#5002),#5006);
#5002 = LINE('',#5003,#5004);
#5003 = CARTESIAN_POINT('',(0.,-0.));
#5004 = VECTOR('',#5005,1.);
#5005 = DIRECTION('',(0.,1.));
#5006 = ( GEOMETRIC_REPRESENTATION_CONTEXT(2) 
PARAMETRIC_REPRESENTATION_CONTEXT() REPRESENTATION_CONTEXT('2D SPACE',''
  ) );
#5007 = ORIENTED_EDGE('',*,*,#3110,.T.);
#5008 = ORIENTED_EDGE('',*,*,#4987,.T.);
#5009 = ADVANCED_FACE('',(#5010),#3158,.F.);
#5010 = FACE_BOUND('',#5011,.F.);
#5011 = EDGE_LOOP('',(#5012,#5013,#5034,#5035));
#5012 = ORIENTED_EDGE('',*,*,#4559,.F.);
#5013 = ORIENTED_EDGE('',*,*,#5014,.F.);
#5014 = EDGE_CURVE('',#3142,#4560,#5015,.T.);
#5015 = SEAM_CURVE('',#5016,(#5020,#5027),.PCURVE_S1.);
#5016 = LINE('',#5017,#5018);
#5017 = CARTESIAN_POINT('',(7.39,28.2,-0.4));
#5018 = VECTOR('',#5019,1.);
#5019 = DIRECTION('',(0.,0.,1.));
#5020 = PCURVE('',#3158,#5021);
#5021 = DEFINITIONAL_REPRESENTATION('',(#5022),#5026);
#5022 = LINE('',#5023,#5024);
#5023 = CARTESIAN_POINT('',(6.28318530718,-0.));
#5024 = VECTOR('',#5025,1.);
#5025 = DIRECTION('',(0.,1.));
#5026 = ( GEOMETRIC_REPRESENTATION_CONTEXT(2) 
PARAMETRIC_REPRESENTATION_CONTEXT() REPRESENTATION_CONTEXT('2D SPACE',''
  ) );
#5027 = PCURVE('',#3158,#5028);
#5028 = DEFINITIONAL_REPRESENTATION('',(#5029),#5033);
#5029 = LINE('',#5030,#5031);
#5030 = CARTESIAN_POINT('',(0.,-0.));
#5031 = VECTOR('',#5032,1.);
#5032 = DIRECTION('',(0.,1.));
#5033 = ( GEOMETRIC_REPRESENTATION_CONTEXT(2) 
PARAMETRIC_REPRESENTATION_CONTEXT() REPRESENTATION_CONTEXT('2D SPACE',''
  ) );
#5034 = ORIENTED_EDGE('',*,*,#3141,.T.);
#5035 = ORIENTED_EDGE('',*,*,#5014,.T.);
#5036 = ADVANCED_FACE('',(#5037),#3189,.F.);
#5037 = FACE_BOUND('',#5038,.F.);
#5038 = EDGE_LOOP('',(#5039,#5040,#5061,#5062));
#5039 = ORIENTED_EDGE('',*,*,#4611,.F.);
#5040 = ORIENTED_EDGE('',*,*,#5041,.F.);
#5041 = EDGE_CURVE('',#3173,#4612,#5042,.T.);
#5042 = SEAM_CURVE('',#5043,(#5047,#5054),.PCURVE_S1.);
#5043 = LINE('',#5044,#5045);
#5044 = CARTESIAN_POINT('',(7.39,40.9,-0.4));
#5045 = VECTOR('',#5046,1.);
#5046 = DIRECTION('',(0.,0.,1.));
#5047 = PCURVE('',#3189,#5048);
#5048 = DEFINITIONAL_REPRESENTATION('',(#5049),#5053);
#5049 = LINE('',#5050,#5051);
#5050 = CARTESIAN_POINT('',(6.28318530718,-0.));
#5051 = VECTOR('',#5052,1.);
#5052 = DIRECTION('',(0.,1.));
#5053 = ( GEOMETRIC_REPRESENTATION_CONTEXT(2) 
PARAMETRIC_REPRESENTATION_CONTEXT() REPRESENTATION_CONTEXT('2D SPACE',''
  ) );
#5054 = PCURVE('',#3189,#5055);
#5055 = DEFINITIONAL_REPRESENTATION('',(#5056),#5060);
#5056 = LINE('',#5057,#5058);
#5057 = CARTESIAN_POINT('',(0.,-0.));
#5058 = VECTOR('',#5059,1.);
#5059 = DIRECTION('',(0.,1.));
#5060 = ( GEOMETRIC_REPRESENTATION_CONTEXT(2) 
PARAMETRIC_REPRESENTATION_CONTEXT() REPRESENTATION_CONTEXT('2D SPACE',''
  ) );
#5061 = ORIENTED_EDGE('',*,*,#3172,.T.);
#5062 = ORIENTED_EDGE('',*,*,#5041,.T.);
#5063 = ADVANCED_FACE('',(#5064),#3220,.F.);
#5064 = FACE_BOUND('',#5065,.F.);
#5065 = EDGE_LOOP('',(#5066,#5067,#5088,#5089));
#5066 = ORIENTED_EDGE('',*,*,#4585,.F.);
#5067 = ORIENTED_EDGE('',*,*,#5068,.F.);
#5068 = EDGE_CURVE('',#3204,#4586,#5069,.T.);
#5069 = SEAM_CURVE('',#5070,(#5074,#5081),.PCURVE_S1.);
#5070 = LINE('',#5071,#5072);
#5071 = CARTESIAN_POINT('',(27.71,28.2,-0.4));
#5072 = VECTOR('',#5073,1.);
#5073 = DIRECTION('',(0.,0.,1.));
#5074 = PCURVE('',#3220,#5075);
#5075 = DEFINITIONAL_REPRESENTATION('',(#5076),#5080);
#5076 = LINE('',#5077,#5078);
#5077 = CARTESIAN_POINT('',(6.28318530718,-0.));
#5078 = VECTOR('',#5079,1.);
#5079 = DIRECTION('',(0.,1.));
#5080 = ( GEOMETRIC_REPRESENTATION_CONTEXT(2) 
PARAMETRIC_REPRESENTATION_CONTEXT() REPRESENTATION_CONTEXT('2D SPACE',''
  ) );
#5081 = PCURVE('',#3220,#5082);
#5082 = DEFINITIONAL_REPRESENTATION('',(#5083),#5087);
#5083 = LINE('',#5084,#5085);
#5084 = CARTESIAN_POINT('',(0.,-0.));
#5085 = VECTOR('',#5086,1.);
#5086 = DIRECTION('',(0.,1.));
#5087 = ( GEOMETRIC_REPRESENTATION_CONTEXT(2) 
PARAMETRIC_REPRESENTATION_CONTEXT() REPRESENTATION_CONTEXT('2D SPACE',''
  ) );
#5088 = ORIENTED_EDGE('',*,*,#3203,.T.);
#5089 = ORIENTED_EDGE('',*,*,#5068,.T.);
#5090 = ADVANCED_FACE('',(#5091),#3251,.F.);
#5091 = FACE_BOUND('',#5092,.F.);
#5092 = EDGE_LOOP('',(#5093,#5094,#5115,#5116));
#5093 = ORIENTED_EDGE('',*,*,#4637,.F.);
#5094 = ORIENTED_EDGE('',*,*,#5095,.F.);
#5095 = EDGE_CURVE('',#3235,#4638,#5096,.T.);
#5096 = SEAM_CURVE('',#5097,(#5101,#5108),.PCURVE_S1.);
#5097 = LINE('',#5098,#5099);
#5098 = CARTESIAN_POINT('',(27.71,40.9,-0.4));
#5099 = VECTOR('',#5100,1.);
#5100 = DIRECTION('',(0.,0.,1.));
#5101 = PCURVE('',#3251,#5102);
#5102 = DEFINITIONAL_REPRESENTATION('',(#5103),#5107);
#5103 = LINE('',#5104,#5105);
#5104 = CARTESIAN_POINT('',(6.28318530718,-0.));
#5105 = VECTOR('',#5106,1.);
#5106 = DIRECTION('',(0.,1.));
#5107 = ( GEOMETRIC_REPRESENTATION_CONTEXT(2) 
PARAMETRIC_REPRESENTATION_CONTEXT() REPRESENTATION_CONTEXT('2D SPACE',''
  ) );
#5108 = PCURVE('',#3251,#5109);
#5109 = DEFINITIONAL_REPRESENTATION('',(#5110),#5114);
#5110 = LINE('',#5111,#5112);
#5111 = CARTESIAN_POINT('',(0.,-0.));
#5112 = VECTOR('',#5113,1.);
#5113 = DIRECTION('',(0.,1.));
#5114 = ( GEOMETRIC_REPRESENTATION_CONTEXT(2) 
PARAMETRIC_REPRESENTATION_CONTEXT() REPRESENTATION_CONTEXT('2D SPACE',''
  ) );
#5115 = ORIENTED_EDGE('',*,*,#3234,.T.);
#5116 = ORIENTED_EDGE('',*,*,#5095,.T.);
#5117 = ADVANCED_FACE('',(#5118,#5121),#3588,.T.);
#5118 = FACE_BOUND('',#5119,.T.);
#5119 = EDGE_LOOP('',(#5120));
#5120 = ORIENTED_EDGE('',*,*,#3573,.T.);
#5121 = FACE_BOUND('',#5122,.T.);
#5122 = EDGE_LOOP('',(#5123));
#5123 = ORIENTED_EDGE('',*,*,#5124,.F.);
#5124 = EDGE_CURVE('',#5125,#5125,#5127,.T.);
#5125 = VERTEX_POINT('',#5126);
#5126 = CARTESIAN_POINT('',(-2.05,10.252,1.));
#5127 = SURFACE_CURVE('',#5128,(#5133,#5140),.PCURVE_S1.);
#5128 = CIRCLE('',#5129,1.7);
#5129 = AXIS2_PLACEMENT_3D('',#5130,#5131,#5132);
#5130 = CARTESIAN_POINT('',(-3.75,10.252,1.));
#5131 = DIRECTION('',(0.,0.,1.));
#5132 = DIRECTION('',(1.,0.,-0.));
#5133 = PCURVE('',#3588,#5134);
#5134 = DEFINITIONAL_REPRESENTATION('',(#5135),#5139);
#5135 = CIRCLE('',#5136,1.7);
#5136 = AXIS2_PLACEMENT_2D('',#5137,#5138);
#5137 = CARTESIAN_POINT('',(0.,0.));
#5138 = DIRECTION('',(1.,0.));
#5139 = ( GEOMETRIC_REPRESENTATION_CONTEXT(2) 
PARAMETRIC_REPRESENTATION_CONTEXT() REPRESENTATION_CONTEXT('2D SPACE',''
  ) );
#5140 = PCURVE('',#4767,#5141);
#5141 = DEFINITIONAL_REPRESENTATION('',(#5142),#5146);
#5142 = LINE('',#5143,#5144);
#5143 = CARTESIAN_POINT('',(0.,2.));
#5144 = VECTOR('',#5145,1.);
#5145 = DIRECTION('',(1.,0.));
#5146 = ( GEOMETRIC_REPRESENTATION_CONTEXT(2) 
PARAMETRIC_REPRESENTATION_CONTEXT() REPRESENTATION_CONTEXT('2D SPACE',''
  ) );
#5147 = ADVANCED_FACE('',(#5148,#5151),#3643,.T.);
#5148 = FACE_BOUND('',#5149,.T.);
#5149 = EDGE_LOOP('',(#5150));
#5150 = ORIENTED_EDGE('',*,*,#3628,.T.);
#5151 = FACE_BOUND('',#5152,.T.);
#5152 = EDGE_LOOP('',(#5153));
#5153 = ORIENTED_EDGE('',*,*,#5154,.F.);
#5154 = EDGE_CURVE('',#5155,#5155,#5157,.T.);
#5155 = VERTEX_POINT('',#5156);
#5156 = CARTESIAN_POINT('',(-2.05,36.348,1.));
#5157 = SURFACE_CURVE('',#5158,(#5163,#5170),.PCURVE_S1.);
#5158 = CIRCLE('',#5159,1.7);
#5159 = AXIS2_PLACEMENT_3D('',#5160,#5161,#5162);
#5160 = CARTESIAN_POINT('',(-3.75,36.348,1.));
#5161 = DIRECTION('',(0.,0.,1.));
#5162 = DIRECTION('',(1.,0.,-0.));
#5163 = PCURVE('',#3643,#5164);
#5164 = DEFINITIONAL_REPRESENTATION('',(#5165),#5169);
#5165 = CIRCLE('',#5166,1.7);
#5166 = AXIS2_PLACEMENT_2D('',#5167,#5168);
#5167 = CARTESIAN_POINT('',(0.,0.));
#5168 = DIRECTION('',(1.,0.));
#5169 = ( GEOMETRIC_REPRESENTATION_CONTEXT(2) 
PARAMETRIC_REPRESENTATION_CONTEXT() REPRESENTATION_CONTEXT('2D SPACE',''
  ) );
#5170 = PCURVE('',#4798,#5171);
#5171 = DEFINITIONAL_REPRESENTATION('',(#5172),#5176);
#5172 = LINE('',#5173,#5174);
#5173 = CARTESIAN_POINT('',(0.,2.));
#5174 = VECTOR('',#5175,1.);
#5175 = DIRECTION('',(1.,0.));
#5176 = ( GEOMETRIC_REPRESENTATION_CONTEXT(2) 
PARAMETRIC_REPRESENTATION_CONTEXT() REPRESENTATION_CONTEXT('2D SPACE',''
  ) );
#5177 = ADVANCED_FACE('',(#5178),#3747,.T.);
#5178 = FACE_BOUND('',#5179,.T.);
#5179 = EDGE_LOOP('',(#5180,#5181,#5182,#5183));
#5180 = ORIENTED_EDGE('',*,*,#4301,.F.);
#5181 = ORIENTED_EDGE('',*,*,#3733,.T.);
#5182 = ORIENTED_EDGE('',*,*,#4347,.T.);
#5183 = ORIENTED_EDGE('',*,*,#4324,.F.);
#5184 = ADVANCED_FACE('',(#5185),#3901,.T.);
#5185 = FACE_BOUND('',#5186,.T.);
#5186 = EDGE_LOOP('',(#5187,#5188,#5189,#5190));
#5187 = ORIENTED_EDGE('',*,*,#3887,.F.);
#5188 = ORIENTED_EDGE('',*,*,#4534,.F.);
#5189 = ORIENTED_EDGE('',*,*,#4511,.T.);
#5190 = ORIENTED_EDGE('',*,*,#4488,.T.);
#5191 = ADVANCED_FACE('',(#5192),#3971,.F.);
#5192 = FACE_BOUND('',#5193,.F.);
#5193 = EDGE_LOOP('',(#5194,#5217,#5218,#5219));
#5194 = ORIENTED_EDGE('',*,*,#5195,.F.);
#5195 = EDGE_CURVE('',#3927,#5196,#5198,.T.);
#5196 = VERTEX_POINT('',#5197);
#5197 = CARTESIAN_POINT('',(37.2,-4.440892098501E-16,0.));
#5198 = SURFACE_CURVE('',#5199,(#5203,#5210),.PCURVE_S1.);
#5199 = LINE('',#5200,#5201);
#5200 = CARTESIAN_POINT('',(29.7,0.,0.));
#5201 = VECTOR('',#5202,1.);
#5202 = DIRECTION('',(1.,0.,-0.));
#5203 = PCURVE('',#3971,#5204);
#5204 = DEFINITIONAL_REPRESENTATION('',(#5205),#5209);
#5205 = LINE('',#5206,#5207);
#5206 = CARTESIAN_POINT('',(0.,0.));
#5207 = VECTOR('',#5208,1.);
#5208 = DIRECTION('',(0.,1.));
#5209 = ( GEOMETRIC_REPRESENTATION_CONTEXT(2) 
PARAMETRIC_REPRESENTATION_CONTEXT() REPRESENTATION_CONTEXT('2D SPACE',''
  ) );
#5210 = PCURVE('',#3943,#5211);
#5211 = DEFINITIONAL_REPRESENTATION('',(#5212),#5216);
#5212 = LINE('',#5213,#5214);
#5213 = CARTESIAN_POINT('',(0.,0.));
#5214 = VECTOR('',#5215,1.);
#5215 = DIRECTION('',(1.,0.));
#5216 = ( GEOMETRIC_REPRESENTATION_CONTEXT(2) 
PARAMETRIC_REPRESENTATION_CONTEXT() REPRESENTATION_CONTEXT('2D SPACE',''
  ) );
#5217 = ORIENTED_EDGE('',*,*,#3955,.T.);
#5218 = ORIENTED_EDGE('',*,*,#4010,.T.);
#5219 = ORIENTED_EDGE('',*,*,#5220,.F.);
#5220 = EDGE_CURVE('',#5196,#4011,#5221,.T.);
#5221 = SURFACE_CURVE('',#5222,(#5226,#5233),.PCURVE_S1.);
#5222 = LINE('',#5223,#5224);
#5223 = CARTESIAN_POINT('',(37.2,-4.440892098501E-16,0.));
#5224 = VECTOR('',#5225,1.);
#5225 = DIRECTION('',(0.,0.,1.));
#5226 = PCURVE('',#3971,#5227);
#5227 = DEFINITIONAL_REPRESENTATION('',(#5228),#5232);
#5228 = LINE('',#5229,#5230);
#5229 = CARTESIAN_POINT('',(0.,7.5));
#5230 = VECTOR('',#5231,1.);
#5231 = DIRECTION('',(1.,0.));
#5232 = ( GEOMETRIC_REPRESENTATION_CONTEXT(2) 
PARAMETRIC_REPRESENTATION_CONTEXT() REPRESENTATION_CONTEXT('2D SPACE',''
  ) );
#5233 = PCURVE('',#4054,#5234);
#5234 = DEFINITIONAL_REPRESENTATION('',(#5235),#5239);
#5235 = LINE('',#5236,#5237);
#5236 = CARTESIAN_POINT('',(-1.570796326795,0.));
#5237 = VECTOR('',#5238,1.);
#5238 = DIRECTION('',(-0.,1.));
#5239 = ( GEOMETRIC_REPRESENTATION_CONTEXT(2) 
PARAMETRIC_REPRESENTATION_CONTEXT() REPRESENTATION_CONTEXT('2D SPACE',''
  ) );
#5240 = ADVANCED_FACE('',(#5241,#5345,#5376),#3943,.F.);
#5241 = FACE_BOUND('',#5242,.F.);
#5242 = EDGE_LOOP('',(#5243,#5244,#5245,#5246,#5274,#5297,#5321,#5342,
    #5343,#5344));
#5243 = ORIENTED_EDGE('',*,*,#4823,.T.);
#5244 = ORIENTED_EDGE('',*,*,#3926,.T.);
#5245 = ORIENTED_EDGE('',*,*,#5195,.T.);
#5246 = ORIENTED_EDGE('',*,*,#5247,.F.);
#5247 = EDGE_CURVE('',#5248,#5196,#5250,.T.);
#5248 = VERTEX_POINT('',#5249);
#5249 = CARTESIAN_POINT('',(39.2,2.,0.));
#5250 = SURFACE_CURVE('',#5251,(#5256,#5267),.PCURVE_S1.);
#5251 = CIRCLE('',#5252,2.);
#5252 = AXIS2_PLACEMENT_3D('',#5253,#5254,#5255);
#5253 = CARTESIAN_POINT('',(37.2,2.,0.));
#5254 = DIRECTION('',(-0.,-0.,-1.));
#5255 = DIRECTION('',(0.,-1.,0.));
#5256 = PCURVE('',#3943,#5257);
#5257 = DEFINITIONAL_REPRESENTATION('',(#5258),#5266);
#5258 = ( BOUNDED_CURVE() B_SPLINE_CURVE(2,(#5259,#5260,#5261,#5262,
#5263,#5264,#5265),.UNSPECIFIED.,.T.,.F.) B_SPLINE_CURVE_WITH_KNOTS((1,2
    ,2,2,2,1),(-2.094395102393,0.,2.094395102393,4.188790204786,
6.28318530718,8.377580409573),.UNSPECIFIED.) CURVE() 
GEOMETRIC_REPRESENTATION_ITEM() RATIONAL_B_SPLINE_CURVE((1.,0.5,1.,0.5,
1.,0.5,1.)) REPRESENTATION_ITEM('') );
#5259 = CARTESIAN_POINT('',(7.5,-4.440892098501E-16));
#5260 = CARTESIAN_POINT('',(4.035898384862,-4.440892098501E-16));
#5261 = CARTESIAN_POINT('',(5.767949192431,3.));
#5262 = CARTESIAN_POINT('',(7.5,6.));
#5263 = CARTESIAN_POINT('',(9.232050807569,3.));
#5264 = CARTESIAN_POINT('',(10.964101615138,2.886579864025E-15));
#5265 = CARTESIAN_POINT('',(7.5,-4.440892098501E-16));
#5266 = ( GEOMETRIC_REPRESENTATION_CONTEXT(2) 
PARAMETRIC_REPRESENTATION_CONTEXT() REPRESENTATION_CONTEXT('2D SPACE',''
  ) );
#5267 = PCURVE('',#4054,#5268);
#5268 = DEFINITIONAL_REPRESENTATION('',(#5269),#5273);
#5269 = LINE('',#5270,#5271);
#5270 = CARTESIAN_POINT('',(4.712388980385,-0.));
#5271 = VECTOR('',#5272,1.);
#5272 = DIRECTION('',(-1.,0.));
#5273 = ( GEOMETRIC_REPRESENTATION_CONTEXT(2) 
PARAMETRIC_REPRESENTATION_CONTEXT() REPRESENTATION_CONTEXT('2D SPACE',''
  ) );
#5274 = ORIENTED_EDGE('',*,*,#5275,.T.);
#5275 = EDGE_CURVE('',#5248,#5276,#5278,.T.);
#5276 = VERTEX_POINT('',#5277);
#5277 = CARTESIAN_POINT('',(39.2,44.6,0.));
#5278 = SURFACE_CURVE('',#5279,(#5283,#5290),.PCURVE_S1.);
#5279 = LINE('',#5280,#5281);
#5280 = CARTESIAN_POINT('',(39.2,0.,0.));
#5281 = VECTOR('',#5282,1.);
#5282 = DIRECTION('',(-0.,1.,0.));
#5283 = PCURVE('',#3943,#5284);
#5284 = DEFINITIONAL_REPRESENTATION('',(#5285),#5289);
#5285 = LINE('',#5286,#5287);
#5286 = CARTESIAN_POINT('',(9.5,0.));
#5287 = VECTOR('',#5288,1.);
#5288 = DIRECTION('',(0.,1.));
#5289 = ( GEOMETRIC_REPRESENTATION_CONTEXT(2) 
PARAMETRIC_REPRESENTATION_CONTEXT() REPRESENTATION_CONTEXT('2D SPACE',''
  ) );
#5290 = PCURVE('',#4082,#5291);
#5291 = DEFINITIONAL_REPRESENTATION('',(#5292),#5296);
#5292 = LINE('',#5293,#5294);
#5293 = CARTESIAN_POINT('',(0.,0.));
#5294 = VECTOR('',#5295,1.);
#5295 = DIRECTION('',(0.,-1.));
#5296 = ( GEOMETRIC_REPRESENTATION_CONTEXT(2) 
PARAMETRIC_REPRESENTATION_CONTEXT() REPRESENTATION_CONTEXT('2D SPACE',''
  ) );
#5297 = ORIENTED_EDGE('',*,*,#5298,.T.);
#5298 = EDGE_CURVE('',#5276,#5299,#5301,.T.);
#5299 = VERTEX_POINT('',#5300);
#5300 = CARTESIAN_POINT('',(37.2,46.6,0.));
#5301 = SURFACE_CURVE('',#5302,(#5307,#5314),.PCURVE_S1.);
#5302 = CIRCLE('',#5303,2.);
#5303 = AXIS2_PLACEMENT_3D('',#5304,#5305,#5306);
#5304 = CARTESIAN_POINT('',(37.2,44.6,0.));
#5305 = DIRECTION('',(0.,0.,1.));
#5306 = DIRECTION('',(0.,-1.,0.));
#5307 = PCURVE('',#3943,#5308);
#5308 = DEFINITIONAL_REPRESENTATION('',(#5309),#5313);
#5309 = CIRCLE('',#5310,2.);
#5310 = AXIS2_PLACEMENT_2D('',#5311,#5312);
#5311 = CARTESIAN_POINT('',(7.5,44.6));
#5312 = DIRECTION('',(0.,-1.));
#5313 = ( GEOMETRIC_REPRESENTATION_CONTEXT(2) 
PARAMETRIC_REPRESENTATION_CONTEXT() REPRESENTATION_CONTEXT('2D SPACE',''
  ) );
#5314 = PCURVE('',#4111,#5315);
#5315 = DEFINITIONAL_REPRESENTATION('',(#5316),#5320);
#5316 = LINE('',#5317,#5318);
#5317 = CARTESIAN_POINT('',(-1.570796326795,0.));
#5318 = VECTOR('',#5319,1.);
#5319 = DIRECTION('',(1.,0.));
#5320 = ( GEOMETRIC_REPRESENTATION_CONTEXT(2) 
PARAMETRIC_REPRESENTATION_CONTEXT() REPRESENTATION_CONTEXT('2D SPACE',''
  ) );
#5321 = ORIENTED_EDGE('',*,*,#5322,.F.);
#5322 = EDGE_CURVE('',#4246,#5299,#5323,.T.);
#5323 = SURFACE_CURVE('',#5324,(#5328,#5335),.PCURVE_S1.);
#5324 = LINE('',#5325,#5326);
#5325 = CARTESIAN_POINT('',(29.7,46.6,0.));
#5326 = VECTOR('',#5327,1.);
#5327 = DIRECTION('',(1.,0.,-0.));
#5328 = PCURVE('',#3943,#5329);
#5329 = DEFINITIONAL_REPRESENTATION('',(#5330),#5334);
#5330 = LINE('',#5331,#5332);
#5331 = CARTESIAN_POINT('',(0.,46.6));
#5332 = VECTOR('',#5333,1.);
#5333 = DIRECTION('',(1.,0.));
#5334 = ( GEOMETRIC_REPRESENTATION_CONTEXT(2) 
PARAMETRIC_REPRESENTATION_CONTEXT() REPRESENTATION_CONTEXT('2D SPACE',''
  ) );
#5335 = PCURVE('',#4139,#5336);
#5336 = DEFINITIONAL_REPRESENTATION('',(#5337),#5341);
#5337 = LINE('',#5338,#5339);
#5338 = CARTESIAN_POINT('',(0.,0.));
#5339 = VECTOR('',#5340,1.);
#5340 = DIRECTION('',(0.,1.));
#5341 = ( GEOMETRIC_REPRESENTATION_CONTEXT(2) 
PARAMETRIC_REPRESENTATION_CONTEXT() REPRESENTATION_CONTEXT('2D SPACE',''
  ) );
#5342 = ORIENTED_EDGE('',*,*,#4245,.F.);
#5343 = ORIENTED_EDGE('',*,*,#4878,.F.);
#5344 = ORIENTED_EDGE('',*,*,#4855,.F.);
#5345 = FACE_BOUND('',#5346,.F.);
#5346 = EDGE_LOOP('',(#5347));
#5347 = ORIENTED_EDGE('',*,*,#5348,.F.);
#5348 = EDGE_CURVE('',#5349,#5349,#5351,.T.);
#5349 = VERTEX_POINT('',#5350);
#5350 = CARTESIAN_POINT('',(37.15,10.252,0.));
#5351 = SURFACE_CURVE('',#5352,(#5357,#5364),.PCURVE_S1.);
#5352 = CIRCLE('',#5353,1.7);
#5353 = AXIS2_PLACEMENT_3D('',#5354,#5355,#5356);
#5354 = CARTESIAN_POINT('',(35.45,10.252,0.));
#5355 = DIRECTION('',(0.,0.,1.));
#5356 = DIRECTION('',(1.,0.,-0.));
#5357 = PCURVE('',#3943,#5358);
#5358 = DEFINITIONAL_REPRESENTATION('',(#5359),#5363);
#5359 = CIRCLE('',#5360,1.7);
#5360 = AXIS2_PLACEMENT_2D('',#5361,#5362);
#5361 = CARTESIAN_POINT('',(5.75,10.252));
#5362 = DIRECTION('',(1.,0.));
#5363 = ( GEOMETRIC_REPRESENTATION_CONTEXT(2) 
PARAMETRIC_REPRESENTATION_CONTEXT() REPRESENTATION_CONTEXT('2D SPACE',''
  ) );
#5364 = PCURVE('',#5365,#5370);
#5365 = CYLINDRICAL_SURFACE('',#5366,1.7);
#5366 = AXIS2_PLACEMENT_3D('',#5367,#5368,#5369);
#5367 = CARTESIAN_POINT('',(35.45,10.252,-1.));
#5368 = DIRECTION('',(0.,0.,1.));
#5369 = DIRECTION('',(1.,0.,-0.));
#5370 = DEFINITIONAL_REPRESENTATION('',(#5371),#5375);
#5371 = LINE('',#5372,#5373);
#5372 = CARTESIAN_POINT('',(0.,1.));
#5373 = VECTOR('',#5374,1.);
#5374 = DIRECTION('',(1.,0.));
#5375 = ( GEOMETRIC_REPRESENTATION_CONTEXT(2) 
PARAMETRIC_REPRESENTATION_CONTEXT() REPRESENTATION_CONTEXT('2D SPACE',''
  ) );
#5376 = FACE_BOUND('',#5377,.F.);
#5377 = EDGE_LOOP('',(#5378));
#5378 = ORIENTED_EDGE('',*,*,#5379,.F.);
#5379 = EDGE_CURVE('',#5380,#5380,#5382,.T.);
#5380 = VERTEX_POINT('',#5381);
#5381 = CARTESIAN_POINT('',(37.15,36.348,0.));
#5382 = SURFACE_CURVE('',#5383,(#5388,#5395),.PCURVE_S1.);
#5383 = CIRCLE('',#5384,1.7);
#5384 = AXIS2_PLACEMENT_3D('',#5385,#5386,#5387);
#5385 = CARTESIAN_POINT('',(35.45,36.348,0.));
#5386 = DIRECTION('',(0.,0.,1.));
#5387 = DIRECTION('',(1.,0.,-0.));
#5388 = PCURVE('',#3943,#5389);
#5389 = DEFINITIONAL_REPRESENTATION('',(#5390),#5394);
#5390 = CIRCLE('',#5391,1.7);
#5391 = AXIS2_PLACEMENT_2D('',#5392,#5393);
#5392 = CARTESIAN_POINT('',(5.75,36.348));
#5393 = DIRECTION('',(1.,0.));
#5394 = ( GEOMETRIC_REPRESENTATION_CONTEXT(2) 
PARAMETRIC_REPRESENTATION_CONTEXT() REPRESENTATION_CONTEXT('2D SPACE',''
  ) );
#5395 = PCURVE('',#5396,#5401);
#5396 = CYLINDRICAL_SURFACE('',#5397,1.7);
#5397 = AXIS2_PLACEMENT_3D('',#5398,#5399,#5400);
#5398 = CARTESIAN_POINT('',(35.45,36.348,-1.));
#5399 = DIRECTION('',(0.,0.,1.));
#5400 = DIRECTION('',(1.,0.,-0.));
#5401 = DEFINITIONAL_REPRESENTATION('',(#5402),#5406);
#5402 = LINE('',#5403,#5404);
#5403 = CARTESIAN_POINT('',(0.,1.));
#5404 = VECTOR('',#5405,1.);
#5405 = DIRECTION('',(1.,0.));
#5406 = ( GEOMETRIC_REPRESENTATION_CONTEXT(2) 
PARAMETRIC_REPRESENTATION_CONTEXT() REPRESENTATION_CONTEXT('2D SPACE',''
  ) );
#5407 = ADVANCED_FACE('',(#5408),#4054,.T.);
#5408 = FACE_BOUND('',#5409,.F.);
#5409 = EDGE_LOOP('',(#5410,#5411,#5412,#5413));
#5410 = ORIENTED_EDGE('',*,*,#5247,.T.);
#5411 = ORIENTED_EDGE('',*,*,#5220,.T.);
#5412 = ORIENTED_EDGE('',*,*,#4033,.F.);
#5413 = ORIENTED_EDGE('',*,*,#5414,.F.);
#5414 = EDGE_CURVE('',#5248,#4034,#5415,.T.);
#5415 = SURFACE_CURVE('',#5416,(#5420,#5427),.PCURVE_S1.);
#5416 = LINE('',#5417,#5418);
#5417 = CARTESIAN_POINT('',(39.2,2.,0.));
#5418 = VECTOR('',#5419,1.);
#5419 = DIRECTION('',(0.,0.,1.));
#5420 = PCURVE('',#4054,#5421);
#5421 = DEFINITIONAL_REPRESENTATION('',(#5422),#5426);
#5422 = LINE('',#5423,#5424);
#5423 = CARTESIAN_POINT('',(-0.,0.));
#5424 = VECTOR('',#5425,1.);
#5425 = DIRECTION('',(-0.,1.));
#5426 = ( GEOMETRIC_REPRESENTATION_CONTEXT(2) 
PARAMETRIC_REPRESENTATION_CONTEXT() REPRESENTATION_CONTEXT('2D SPACE',''
  ) );
#5427 = PCURVE('',#4082,#5428);
#5428 = DEFINITIONAL_REPRESENTATION('',(#5429),#5433);
#5429 = LINE('',#5430,#5431);
#5430 = CARTESIAN_POINT('',(0.,-2.));
#5431 = VECTOR('',#5432,1.);
#5432 = DIRECTION('',(1.,0.));
#5433 = ( GEOMETRIC_REPRESENTATION_CONTEXT(2) 
PARAMETRIC_REPRESENTATION_CONTEXT() REPRESENTATION_CONTEXT('2D SPACE',''
  ) );
#5434 = ADVANCED_FACE('',(#5435),#4082,.T.);
#5435 = FACE_BOUND('',#5436,.T.);
#5436 = EDGE_LOOP('',(#5437,#5438,#5439,#5440));
#5437 = ORIENTED_EDGE('',*,*,#4066,.F.);
#5438 = ORIENTED_EDGE('',*,*,#5414,.F.);
#5439 = ORIENTED_EDGE('',*,*,#5275,.T.);
#5440 = ORIENTED_EDGE('',*,*,#5441,.T.);
#5441 = EDGE_CURVE('',#5276,#4067,#5442,.T.);
#5442 = SURFACE_CURVE('',#5443,(#5447,#5454),.PCURVE_S1.);
#5443 = LINE('',#5444,#5445);
#5444 = CARTESIAN_POINT('',(39.2,44.6,0.));
#5445 = VECTOR('',#5446,1.);
#5446 = DIRECTION('',(0.,0.,1.));
#5447 = PCURVE('',#4082,#5448);
#5448 = DEFINITIONAL_REPRESENTATION('',(#5449),#5453);
#5449 = LINE('',#5450,#5451);
#5450 = CARTESIAN_POINT('',(0.,-44.6));
#5451 = VECTOR('',#5452,1.);
#5452 = DIRECTION('',(1.,0.));
#5453 = ( GEOMETRIC_REPRESENTATION_CONTEXT(2) 
PARAMETRIC_REPRESENTATION_CONTEXT() REPRESENTATION_CONTEXT('2D SPACE',''
  ) );
#5454 = PCURVE('',#4111,#5455);
#5455 = DEFINITIONAL_REPRESENTATION('',(#5456),#5460);
#5456 = LINE('',#5457,#5458);
#5457 = CARTESIAN_POINT('',(0.,0.));
#5458 = VECTOR('',#5459,1.);
#5459 = DIRECTION('',(0.,1.));
#5460 = ( GEOMETRIC_REPRESENTATION_CONTEXT(2) 
PARAMETRIC_REPRESENTATION_CONTEXT() REPRESENTATION_CONTEXT('2D SPACE',''
  ) );
#5461 = ADVANCED_FACE('',(#5462),#4139,.T.);
#5462 = FACE_BOUND('',#5463,.T.);
#5463 = EDGE_LOOP('',(#5464,#5465,#5466,#5467));
#5464 = ORIENTED_EDGE('',*,*,#5322,.F.);
#5465 = ORIENTED_EDGE('',*,*,#4273,.T.);
#5466 = ORIENTED_EDGE('',*,*,#4123,.T.);
#5467 = ORIENTED_EDGE('',*,*,#5468,.F.);
#5468 = EDGE_CURVE('',#5299,#4095,#5469,.T.);
#5469 = SURFACE_CURVE('',#5470,(#5474,#5481),.PCURVE_S1.);
#5470 = LINE('',#5471,#5472);
#5471 = CARTESIAN_POINT('',(37.2,46.6,0.));
#5472 = VECTOR('',#5473,1.);
#5473 = DIRECTION('',(0.,0.,1.));
#5474 = PCURVE('',#4139,#5475);
#5475 = DEFINITIONAL_REPRESENTATION('',(#5476),#5480);
#5476 = LINE('',#5477,#5478);
#5477 = CARTESIAN_POINT('',(0.,7.5));
#5478 = VECTOR('',#5479,1.);
#5479 = DIRECTION('',(1.,0.));
#5480 = ( GEOMETRIC_REPRESENTATION_CONTEXT(2) 
PARAMETRIC_REPRESENTATION_CONTEXT() REPRESENTATION_CONTEXT('2D SPACE',''
  ) );
#5481 = PCURVE('',#4111,#5482);
#5482 = DEFINITIONAL_REPRESENTATION('',(#5483),#5487);
#5483 = LINE('',#5484,#5485);
#5484 = CARTESIAN_POINT('',(1.570796326795,0.));
#5485 = VECTOR('',#5486,1.);
#5486 = DIRECTION('',(0.,1.));
#5487 = ( GEOMETRIC_REPRESENTATION_CONTEXT(2) 
PARAMETRIC_REPRESENTATION_CONTEXT() REPRESENTATION_CONTEXT('2D SPACE',''
  ) );
#5488 = ADVANCED_FACE('',(#5489),#4111,.T.);
#5489 = FACE_BOUND('',#5490,.T.);
#5490 = EDGE_LOOP('',(#5491,#5492,#5493,#5494));
#5491 = ORIENTED_EDGE('',*,*,#5298,.T.);
#5492 = ORIENTED_EDGE('',*,*,#5468,.T.);
#5493 = ORIENTED_EDGE('',*,*,#4094,.F.);
#5494 = ORIENTED_EDGE('',*,*,#5441,.F.);
#5495 = ADVANCED_FACE('',(#5496),#4198,.F.);
#5496 = FACE_BOUND('',#5497,.F.);
#5497 = EDGE_LOOP('',(#5498,#5499,#5522,#5549));
#5498 = ORIENTED_EDGE('',*,*,#4181,.F.);
#5499 = ORIENTED_EDGE('',*,*,#5500,.F.);
#5500 = EDGE_CURVE('',#5501,#4182,#5503,.T.);
#5501 = VERTEX_POINT('',#5502);
#5502 = CARTESIAN_POINT('',(38.55,10.252,1.));
#5503 = SEAM_CURVE('',#5504,(#5508,#5515),.PCURVE_S1.);
#5504 = LINE('',#5505,#5506);
#5505 = CARTESIAN_POINT('',(38.55,10.252,1.));
#5506 = VECTOR('',#5507,1.);
#5507 = DIRECTION('',(0.,0.,1.));
#5508 = PCURVE('',#4198,#5509);
#5509 = DEFINITIONAL_REPRESENTATION('',(#5510),#5514);
#5510 = LINE('',#5511,#5512);
#5511 = CARTESIAN_POINT('',(6.28318530718,-0.));
#5512 = VECTOR('',#5513,1.);
#5513 = DIRECTION('',(0.,1.));
#5514 = ( GEOMETRIC_REPRESENTATION_CONTEXT(2) 
PARAMETRIC_REPRESENTATION_CONTEXT() REPRESENTATION_CONTEXT('2D SPACE',''
  ) );
#5515 = PCURVE('',#4198,#5516);
#5516 = DEFINITIONAL_REPRESENTATION('',(#5517),#5521);
#5517 = LINE('',#5518,#5519);
#5518 = CARTESIAN_POINT('',(0.,-0.));
#5519 = VECTOR('',#5520,1.);
#5520 = DIRECTION('',(0.,1.));
#5521 = ( GEOMETRIC_REPRESENTATION_CONTEXT(2) 
PARAMETRIC_REPRESENTATION_CONTEXT() REPRESENTATION_CONTEXT('2D SPACE',''
  ) );
#5522 = ORIENTED_EDGE('',*,*,#5523,.T.);
#5523 = EDGE_CURVE('',#5501,#5501,#5524,.T.);
#5524 = SURFACE_CURVE('',#5525,(#5530,#5537),.PCURVE_S1.);
#5525 = CIRCLE('',#5526,3.1);
#5526 = AXIS2_PLACEMENT_3D('',#5527,#5528,#5529);
#5527 = CARTESIAN_POINT('',(35.45,10.252,1.));
#5528 = DIRECTION('',(0.,0.,1.));
#5529 = DIRECTION('',(1.,0.,-0.));
#5530 = PCURVE('',#4198,#5531);
#5531 = DEFINITIONAL_REPRESENTATION('',(#5532),#5536);
#5532 = LINE('',#5533,#5534);
#5533 = CARTESIAN_POINT('',(0.,0.));
#5534 = VECTOR('',#5535,1.);
#5535 = DIRECTION('',(1.,0.));
#5536 = ( GEOMETRIC_REPRESENTATION_CONTEXT(2) 
PARAMETRIC_REPRESENTATION_CONTEXT() REPRESENTATION_CONTEXT('2D SPACE',''
  ) );
#5537 = PCURVE('',#5538,#5543);
#5538 = PLANE('',#5539);
#5539 = AXIS2_PLACEMENT_3D('',#5540,#5541,#5542);
#5540 = CARTESIAN_POINT('',(35.45,10.252,1.));
#5541 = DIRECTION('',(0.,0.,1.));
#5542 = DIRECTION('',(1.,0.,-0.));
#5543 = DEFINITIONAL_REPRESENTATION('',(#5544),#5548);
#5544 = CIRCLE('',#5545,3.1);
#5545 = AXIS2_PLACEMENT_2D('',#5546,#5547);
#5546 = CARTESIAN_POINT('',(0.,0.));
#5547 = DIRECTION('',(1.,0.));
#5548 = ( GEOMETRIC_REPRESENTATION_CONTEXT(2) 
PARAMETRIC_REPRESENTATION_CONTEXT() REPRESENTATION_CONTEXT('2D SPACE',''
  ) );
#5549 = ORIENTED_EDGE('',*,*,#5500,.T.);
#5550 = ADVANCED_FACE('',(#5551),#4229,.F.);
#5551 = FACE_BOUND('',#5552,.F.);
#5552 = EDGE_LOOP('',(#5553,#5554,#5577,#5604));
#5553 = ORIENTED_EDGE('',*,*,#4212,.F.);
#5554 = ORIENTED_EDGE('',*,*,#5555,.F.);
#5555 = EDGE_CURVE('',#5556,#4213,#5558,.T.);
#5556 = VERTEX_POINT('',#5557);
#5557 = CARTESIAN_POINT('',(38.55,36.348,1.));
#5558 = SEAM_CURVE('',#5559,(#5563,#5570),.PCURVE_S1.);
#5559 = LINE('',#5560,#5561);
#5560 = CARTESIAN_POINT('',(38.55,36.348,1.));
#5561 = VECTOR('',#5562,1.);
#5562 = DIRECTION('',(0.,0.,1.));
#5563 = PCURVE('',#4229,#5564);
#5564 = DEFINITIONAL_REPRESENTATION('',(#5565),#5569);
#5565 = LINE('',#5566,#5567);
#5566 = CARTESIAN_POINT('',(6.28318530718,-0.));
#5567 = VECTOR('',#5568,1.);
#5568 = DIRECTION('',(0.,1.));
#5569 = ( GEOMETRIC_REPRESENTATION_CONTEXT(2) 
PARAMETRIC_REPRESENTATION_CONTEXT() REPRESENTATION_CONTEXT('2D SPACE',''
  ) );
#5570 = PCURVE('',#4229,#5571);
#5571 = DEFINITIONAL_REPRESENTATION('',(#5572),#5576);
#5572 = LINE('',#5573,#5574);
#5573 = CARTESIAN_POINT('',(0.,-0.));
#5574 = VECTOR('',#5575,1.);
#5575 = DIRECTION('',(0.,1.));
#5576 = ( GEOMETRIC_REPRESENTATION_CONTEXT(2) 
PARAMETRIC_REPRESENTATION_CONTEXT() REPRESENTATION_CONTEXT('2D SPACE',''
  ) );
#5577 = ORIENTED_EDGE('',*,*,#5578,.T.);
#5578 = EDGE_CURVE('',#5556,#5556,#5579,.T.);
#5579 = SURFACE_CURVE('',#5580,(#5585,#5592),.PCURVE_S1.);
#5580 = CIRCLE('',#5581,3.1);
#5581 = AXIS2_PLACEMENT_3D('',#5582,#5583,#5584);
#5582 = CARTESIAN_POINT('',(35.45,36.348,1.));
#5583 = DIRECTION('',(0.,0.,1.));
#5584 = DIRECTION('',(1.,0.,-0.));
#5585 = PCURVE('',#4229,#5586);
#5586 = DEFINITIONAL_REPRESENTATION('',(#5587),#5591);
#5587 = LINE('',#5588,#5589);
#5588 = CARTESIAN_POINT('',(0.,0.));
#5589 = VECTOR('',#5590,1.);
#5590 = DIRECTION('',(1.,0.));
#5591 = ( GEOMETRIC_REPRESENTATION_CONTEXT(2) 
PARAMETRIC_REPRESENTATION_CONTEXT() REPRESENTATION_CONTEXT('2D SPACE',''
  ) );
#5592 = PCURVE('',#5593,#5598);
#5593 = PLANE('',#5594);
#5594 = AXIS2_PLACEMENT_3D('',#5595,#5596,#5597);
#5595 = CARTESIAN_POINT('',(35.45,36.348,1.));
#5596 = DIRECTION('',(0.,0.,1.));
#5597 = DIRECTION('',(1.,0.,-0.));
#5598 = DEFINITIONAL_REPRESENTATION('',(#5599),#5603);
#5599 = CIRCLE('',#5600,3.1);
#5600 = AXIS2_PLACEMENT_2D('',#5601,#5602);
#5601 = CARTESIAN_POINT('',(0.,0.));
#5602 = DIRECTION('',(1.,0.));
#5603 = ( GEOMETRIC_REPRESENTATION_CONTEXT(2) 
PARAMETRIC_REPRESENTATION_CONTEXT() REPRESENTATION_CONTEXT('2D SPACE',''
  ) );
#5604 = ORIENTED_EDGE('',*,*,#5555,.T.);
#5605 = ADVANCED_FACE('',(#5606),#4767,.F.);
#5606 = FACE_BOUND('',#5607,.F.);
#5607 = EDGE_LOOP('',(#5608,#5609,#5630,#5631));
#5608 = ORIENTED_EDGE('',*,*,#5124,.F.);
#5609 = ORIENTED_EDGE('',*,*,#5610,.F.);
#5610 = EDGE_CURVE('',#4751,#5125,#5611,.T.);
#5611 = SEAM_CURVE('',#5612,(#5616,#5623),.PCURVE_S1.);
#5612 = LINE('',#5613,#5614);
#5613 = CARTESIAN_POINT('',(-2.05,10.252,-1.));
#5614 = VECTOR('',#5615,1.);
#5615 = DIRECTION('',(0.,0.,1.));
#5616 = PCURVE('',#4767,#5617);
#5617 = DEFINITIONAL_REPRESENTATION('',(#5618),#5622);
#5618 = LINE('',#5619,#5620);
#5619 = CARTESIAN_POINT('',(6.28318530718,-0.));
#5620 = VECTOR('',#5621,1.);
#5621 = DIRECTION('',(0.,1.));
#5622 = ( GEOMETRIC_REPRESENTATION_CONTEXT(2) 
PARAMETRIC_REPRESENTATION_CONTEXT() REPRESENTATION_CONTEXT('2D SPACE',''
  ) );
#5623 = PCURVE('',#4767,#5624);
#5624 = DEFINITIONAL_REPRESENTATION('',(#5625),#5629);
#5625 = LINE('',#5626,#5627);
#5626 = CARTESIAN_POINT('',(0.,-0.));
#5627 = VECTOR('',#5628,1.);
#5628 = DIRECTION('',(0.,1.));
#5629 = ( GEOMETRIC_REPRESENTATION_CONTEXT(2) 
PARAMETRIC_REPRESENTATION_CONTEXT() REPRESENTATION_CONTEXT('2D SPACE',''
  ) );
#5630 = ORIENTED_EDGE('',*,*,#4750,.T.);
#5631 = ORIENTED_EDGE('',*,*,#5610,.T.);
#5632 = ADVANCED_FACE('',(#5633),#4798,.F.);
#5633 = FACE_BOUND('',#5634,.F.);
#5634 = EDGE_LOOP('',(#5635,#5636,#5657,#5658));
#5635 = ORIENTED_EDGE('',*,*,#5154,.F.);
#5636 = ORIENTED_EDGE('',*,*,#5637,.F.);
#5637 = EDGE_CURVE('',#4782,#5155,#5638,.T.);
#5638 = SEAM_CURVE('',#5639,(#5643,#5650),.PCURVE_S1.);
#5639 = LINE('',#5640,#5641);
#5640 = CARTESIAN_POINT('',(-2.05,36.348,-1.));
#5641 = VECTOR('',#5642,1.);
#5642 = DIRECTION('',(0.,0.,1.));
#5643 = PCURVE('',#4798,#5644);
#5644 = DEFINITIONAL_REPRESENTATION('',(#5645),#5649);
#5645 = LINE('',#5646,#5647);
#5646 = CARTESIAN_POINT('',(6.28318530718,-0.));
#5647 = VECTOR('',#5648,1.);
#5648 = DIRECTION('',(0.,1.));
#5649 = ( GEOMETRIC_REPRESENTATION_CONTEXT(2) 
PARAMETRIC_REPRESENTATION_CONTEXT() REPRESENTATION_CONTEXT('2D SPACE',''
  ) );
#5650 = PCURVE('',#4798,#5651);
#5651 = DEFINITIONAL_REPRESENTATION('',(#5652),#5656);
#5652 = LINE('',#5653,#5654);
#5653 = CARTESIAN_POINT('',(0.,-0.));
#5654 = VECTOR('',#5655,1.);
#5655 = DIRECTION('',(0.,1.));
#5656 = ( GEOMETRIC_REPRESENTATION_CONTEXT(2) 
PARAMETRIC_REPRESENTATION_CONTEXT() REPRESENTATION_CONTEXT('2D SPACE',''
  ) );
#5657 = ORIENTED_EDGE('',*,*,#4781,.T.);
#5658 = ORIENTED_EDGE('',*,*,#5637,.T.);
#5659 = ADVANCED_FACE('',(#5660),#5365,.F.);
#5660 = FACE_BOUND('',#5661,.F.);
#5661 = EDGE_LOOP('',(#5662,#5686,#5707,#5708));
#5662 = ORIENTED_EDGE('',*,*,#5663,.F.);
#5663 = EDGE_CURVE('',#5664,#5664,#5666,.T.);
#5664 = VERTEX_POINT('',#5665);
#5665 = CARTESIAN_POINT('',(37.15,10.252,1.));
#5666 = SURFACE_CURVE('',#5667,(#5672,#5679),.PCURVE_S1.);
#5667 = CIRCLE('',#5668,1.7);
#5668 = AXIS2_PLACEMENT_3D('',#5669,#5670,#5671);
#5669 = CARTESIAN_POINT('',(35.45,10.252,1.));
#5670 = DIRECTION('',(0.,0.,1.));
#5671 = DIRECTION('',(1.,0.,-0.));
#5672 = PCURVE('',#5365,#5673);
#5673 = DEFINITIONAL_REPRESENTATION('',(#5674),#5678);
#5674 = LINE('',#5675,#5676);
#5675 = CARTESIAN_POINT('',(0.,2.));
#5676 = VECTOR('',#5677,1.);
#5677 = DIRECTION('',(1.,0.));
#5678 = ( GEOMETRIC_REPRESENTATION_CONTEXT(2) 
PARAMETRIC_REPRESENTATION_CONTEXT() REPRESENTATION_CONTEXT('2D SPACE',''
  ) );
#5679 = PCURVE('',#5538,#5680);
#5680 = DEFINITIONAL_REPRESENTATION('',(#5681),#5685);
#5681 = CIRCLE('',#5682,1.7);
#5682 = AXIS2_PLACEMENT_2D('',#5683,#5684);
#5683 = CARTESIAN_POINT('',(0.,0.));
#5684 = DIRECTION('',(1.,0.));
#5685 = ( GEOMETRIC_REPRESENTATION_CONTEXT(2) 
PARAMETRIC_REPRESENTATION_CONTEXT() REPRESENTATION_CONTEXT('2D SPACE',''
  ) );
#5686 = ORIENTED_EDGE('',*,*,#5687,.F.);
#5687 = EDGE_CURVE('',#5349,#5664,#5688,.T.);
#5688 = SEAM_CURVE('',#5689,(#5693,#5700),.PCURVE_S1.);
#5689 = LINE('',#5690,#5691);
#5690 = CARTESIAN_POINT('',(37.15,10.252,-1.));
#5691 = VECTOR('',#5692,1.);
#5692 = DIRECTION('',(0.,0.,1.));
#5693 = PCURVE('',#5365,#5694);
#5694 = DEFINITIONAL_REPRESENTATION('',(#5695),#5699);
#5695 = LINE('',#5696,#5697);
#5696 = CARTESIAN_POINT('',(6.28318530718,-0.));
#5697 = VECTOR('',#5698,1.);
#5698 = DIRECTION('',(0.,1.));
#5699 = ( GEOMETRIC_REPRESENTATION_CONTEXT(2) 
PARAMETRIC_REPRESENTATION_CONTEXT() REPRESENTATION_CONTEXT('2D SPACE',''
  ) );
#5700 = PCURVE('',#5365,#5701);
#5701 = DEFINITIONAL_REPRESENTATION('',(#5702),#5706);
#5702 = LINE('',#5703,#5704);
#5703 = CARTESIAN_POINT('',(0.,-0.));
#5704 = VECTOR('',#5705,1.);
#5705 = DIRECTION('',(0.,1.));
#5706 = ( GEOMETRIC_REPRESENTATION_CONTEXT(2) 
PARAMETRIC_REPRESENTATION_CONTEXT() REPRESENTATION_CONTEXT('2D SPACE',''
  ) );
#5707 = ORIENTED_EDGE('',*,*,#5348,.T.);
#5708 = ORIENTED_EDGE('',*,*,#5687,.T.);
#5709 = ADVANCED_FACE('',(#5710),#5396,.F.);
#5710 = FACE_BOUND('',#5711,.F.);
#5711 = EDGE_LOOP('',(#5712,#5736,#5757,#5758));
#5712 = ORIENTED_EDGE('',*,*,#5713,.F.);
#5713 = EDGE_CURVE('',#5714,#5714,#5716,.T.);
#5714 = VERTEX_POINT('',#5715);
#5715 = CARTESIAN_POINT('',(37.15,36.348,1.));
#5716 = SURFACE_CURVE('',#5717,(#5722,#5729),.PCURVE_S1.);
#5717 = CIRCLE('',#5718,1.7);
#5718 = AXIS2_PLACEMENT_3D('',#5719,#5720,#5721);
#5719 = CARTESIAN_POINT('',(35.45,36.348,1.));
#5720 = DIRECTION('',(0.,0.,1.));
#5721 = DIRECTION('',(1.,0.,-0.));
#5722 = PCURVE('',#5396,#5723);
#5723 = DEFINITIONAL_REPRESENTATION('',(#5724),#5728);
#5724 = LINE('',#5725,#5726);
#5725 = CARTESIAN_POINT('',(0.,2.));
#5726 = VECTOR('',#5727,1.);
#5727 = DIRECTION('',(1.,0.));
#5728 = ( GEOMETRIC_REPRESENTATION_CONTEXT(2) 
PARAMETRIC_REPRESENTATION_CONTEXT() REPRESENTATION_CONTEXT('2D SPACE',''
  ) );
#5729 = PCURVE('',#5593,#5730);
#5730 = DEFINITIONAL_REPRESENTATION('',(#5731),#5735);
#5731 = CIRCLE('',#5732,1.7);
#5732 = AXIS2_PLACEMENT_2D('',#5733,#5734);
#5733 = CARTESIAN_POINT('',(0.,0.));
#5734 = DIRECTION('',(1.,0.));
#5735 = ( GEOMETRIC_REPRESENTATION_CONTEXT(2) 
PARAMETRIC_REPRESENTATION_CONTEXT() REPRESENTATION_CONTEXT('2D SPACE',''
  ) );
#5736 = ORIENTED_EDGE('',*,*,#5737,.F.);
#5737 = EDGE_CURVE('',#5380,#5714,#5738,.T.);
#5738 = SEAM_CURVE('',#5739,(#5743,#5750),.PCURVE_S1.);
#5739 = LINE('',#5740,#5741);
#5740 = CARTESIAN_POINT('',(37.15,36.348,-1.));
#5741 = VECTOR('',#5742,1.);
#5742 = DIRECTION('',(0.,0.,1.));
#5743 = PCURVE('',#5396,#5744);
#5744 = DEFINITIONAL_REPRESENTATION('',(#5745),#5749);
#5745 = LINE('',#5746,#5747);
#5746 = CARTESIAN_POINT('',(6.28318530718,-0.));
#5747 = VECTOR('',#5748,1.);
#5748 = DIRECTION('',(0.,1.));
#5749 = ( GEOMETRIC_REPRESENTATION_CONTEXT(2) 
PARAMETRIC_REPRESENTATION_CONTEXT() REPRESENTATION_CONTEXT('2D SPACE',''
  ) );
#5750 = PCURVE('',#5396,#5751);
#5751 = DEFINITIONAL_REPRESENTATION('',(#5752),#5756);
#5752 = LINE('',#5753,#5754);
#5753 = CARTESIAN_POINT('',(0.,-0.));
#5754 = VECTOR('',#5755,1.);
#5755 = DIRECTION('',(0.,1.));
#5756 = ( GEOMETRIC_REPRESENTATION_CONTEXT(2) 
PARAMETRIC_REPRESENTATION_CONTEXT() REPRESENTATION_CONTEXT('2D SPACE',''
  ) );
#5757 = ORIENTED_EDGE('',*,*,#5379,.T.);
#5758 = ORIENTED_EDGE('',*,*,#5737,.T.);
#5759 = ADVANCED_FACE('',(#5760,#5763),#5538,.T.);
#5760 = FACE_BOUND('',#5761,.T.);
#5761 = EDGE_LOOP('',(#5762));
#5762 = ORIENTED_EDGE('',*,*,#5523,.T.);
#5763 = FACE_BOUND('',#5764,.T.);
#5764 = EDGE_LOOP('',(#5765));
#5765 = ORIENTED_EDGE('',*,*,#5663,.F.);
#5766 = ADVANCED_FACE('',(#5767,#5770),#5593,.T.);
#5767 = FACE_BOUND('',#5768,.T.);
#5768 = EDGE_LOOP('',(#5769));
#5769 = ORIENTED_EDGE('',*,*,#5578,.T.);
#5770 = FACE_BOUND('',#5771,.T.);
#5771 = EDGE_LOOP('',(#5772));
#5772 = ORIENTED_EDGE('',*,*,#5713,.F.);
#5773 = ( GEOMETRIC_REPRESENTATION_CONTEXT(3) 
GLOBAL_UNCERTAINTY_ASSIGNED_CONTEXT((#5777)) 
GLOBAL_UNIT_ASSIGNED_CONTEXT((#5774,#5775,#5776)) REPRESENTATION_CONTEXT
('Context #1','3D Context with UNIT and UNCERTAINTY') );
#5774 = ( LENGTH_UNIT() NAMED_UNIT(*) SI_UNIT(.MILLI.,.METRE.) );
#5775 = ( NAMED_UNIT(*) PLANE_ANGLE_UNIT() SI_UNIT($,.RADIAN.) );
#5776 = ( NAMED_UNIT(*) SI_UNIT($,.STERADIAN.) SOLID_ANGLE_UNIT() );
#5777 = UNCERTAINTY_MEASURE_WITH_UNIT(LENGTH_MEASURE(1.E-07),#5774,
  'distance_accuracy_value','confusion accuracy');
#5778 = PRODUCT_RELATED_PRODUCT_CATEGORY('part',$,(#7));
ENDSEC;
END-ISO-10303-21;
